date,instrument,quantity,price,point_value,fee_rate,exchange_commission,commission,fee_rate_corrected,exchange_commission_corrected,commission_corrected
2015-01-12,AL,-106,12835.0,5.0,0.0,318.0,477.0,0.0,318.0,477.0
2015-01-12,CF,33,13140.0,5.0,0.0,141.9,212.85000000000002,0.0,141.9,212.85000000000002
2015-01-12,FG,111,948.0,20.0,0.0,333.0,499.5,0.0,333.0,499.5
2015-01-12,JD,-98,4278.0,5.0,0.0,147.0,220.5,0.0,147.0,220.5
2015-01-12,MA,-54,2007.0,10.0,0.0,75.6,113.39999999999999,0.0,75.6,113.39999999999999
2015-01-12,RB,135,2558.0,10.0,1e-05,34.533,51.7995,0.0001,345.33000000000004,517.9950000000001
2015-01-19,AL,-78,12835.0,5.0,0.0,234.0,351.0,0.0,234.0,351.0
2015-01-19,C,311,2411.0,10.0,0.0,373.2,559.8,0.0,373.2,559.8
2015-01-19,CF,-33,13095.0,5.0,0.0,141.9,212.85000000000002,0.0,141.9,212.85000000000002
2015-01-19,FG,-111,911.0,20.0,0.0,333.0,499.5,0.0,333.0,499.5
2015-01-19,MA,-108,1984.0,10.0,0.0,151.2,226.79999999999998,0.0,151.2,226.79999999999998
2015-01-19,RB,-135,2498.0,10.0,1e-05,33.723000000000006,50.584500000000006,0.0001,337.23,505.845
2015-01-19,RB,-276,2498.0,10.0,1e-05,68.9448,103.41720000000001,0.0001,689.4480000000001,1034.172
2015-01-19,RU,8,12610.0,10.0,0.0,24.0,36.0,0.0,24.0,36.0
2015-01-26,AL,-5,12785.0,5.0,0.0,15.0,22.5,0.0,15.0,22.5
2015-01-26,C,1,2417.0,10.0,0.0,1.2,1.7999999999999998,0.0,1.2,1.7999999999999998
2015-01-26,CF,-35,12995.0,5.0,0.0,150.5,225.75,0.0,150.5,225.75
2015-01-26,FG,104,907.0,20.0,0.0,312.0,468.0,0.0,312.0,468.0
2015-01-26,MA,-1,2044.0,10.0,0.0,1.4,2.0999999999999996,0.0,1.4,2.0999999999999996
2015-01-26,RB,-6,2481.0,10.0,1e-05,1.4886000000000001,2.2329000000000003,0.0001,14.886000000000003,22.329000000000004
2015-01-26,RU,-8,13210.0,10.0,0.0,24.0,36.0,0.0,24.0,36.0
2015-01-26,SR,40,5028.0,10.0,0.0,120.0,180.0,0.0,120.0,180.0
2015-01-28,AL,106,12810.0,5.0,0.0,318.0,477.0,0.0,318.0,477.0
2015-01-28,AL,78,12810.0,5.0,0.0,234.0,351.0,0.0,234.0,351.0
2015-01-28,AL,5,12810.0,5.0,0.0,15.0,22.5,0.0,15.0,22.5
2015-01-28,AL,-210,12845.0,5.0,0.0,630.0,945.0,0.0,630.0,945.0
2015-01-28,C,-311,2418.0,10.0,0.0,373.2,559.8,0.0,373.2,559.8
2015-01-28,C,-1,2418.0,10.0,0.0,1.2,1.7999999999999998,0.0,1.2,1.7999999999999998
2015-01-28,C,312,2478.0,10.0,0.0,374.4,561.5999999999999,0.0,374.4,561.5999999999999
2015-01-29,AL,3,12875.0,5.0,0.0,9.0,13.5,0.0,9.0,13.5
2015-01-29,C,-4,2467.0,10.0,0.0,4.8,7.199999999999999,0.0,4.8,7.199999999999999
2015-01-29,CF,1,13130.0,5.0,0.0,4.3,6.449999999999999,0.0,4.3,6.449999999999999
2015-01-29,FG,-2,901.0,20.0,0.0,6.0,9.0,0.0,6.0,9.0
2015-01-29,JD,1,4185.0,5.0,0.0,1.5,2.25,0.0,1.5,2.25
2015-01-29,MA,2,2082.0,10.0,0.0,2.8,4.199999999999999,0.0,2.8,4.199999999999999
2015-01-29,RB,3,2473.0,10.0,1e-05,0.7419,1.11285,0.0001,7.4190000000000005,11.1285
2015-01-29,SR,-1,4986.0,10.0,0.0,3.0,4.5,0.0,3.0,4.5
2015-01-30,AL,2,12825.0,5.0,0.0,6.0,9.0,0.0,6.0,9.0
2015-01-30,C,-2,2471.0,10.0,0.0,2.4,3.5999999999999996,0.0,2.4,3.5999999999999996
2015-01-30,CF,1,13210.0,5.0,0.0,4.3,6.449999999999999,0.0,4.3,6.449999999999999
2015-01-30,FG,-1,913.0,20.0,0.0,3.0,4.5,0.0,3.0,4.5
2015-01-30,JD,1,4115.0,5.0,0.0,1.5,2.25,0.0,1.5,2.25
2015-01-30,MA,1,2067.0,10.0,0.0,1.4,2.0999999999999996,0.0,1.4,2.0999999999999996
2015-01-30,RB,2,2515.0,10.0,1e-05,0.503,0.7545,0.0001,5.03,7.545
2015-01-30,SR,-1,4966.0,10.0,0.0,3.0,4.5,0.0,3.0,4.5
2015-02-02,CF,33,13085.0,5.0,0.0,141.9,212.85000000000002,0.0,141.9,212.85000000000002
2015-02-02,FG,-101,910.0,20.0,0.0,303.0,454.5,0.0,303.0,454.5
2015-02-02,P,-44,4676.0,10.0,0.0,110.0,165.0,0.0,110.0,165.0
2015-02-02,RB,-2,2502.0,10.0,1e-05,0.5004000000000001,0.7506000000000002,0.0001,5.0040000000000004,7.506
2015-02-02,RU,6,12945.0,10.0,0.0,18.0,27.0,0.0,18.0,27.0
2015-02-05,AL,4,13205.0,5.0,0.0,12.0,18.0,0.0,12.0,18.0
2015-02-05,C,-6,2491.0,10.0,0.0,7.199999999999999,10.799999999999999,0.0,7.199999999999999,10.799999999999999
2015-02-05,JD,2,4142.0,5.0,0.0,3.0,4.5,0.0,3.0,4.5
2015-02-05,MA,3,2135.0,10.0,0.0,4.199999999999999,6.299999999999999,0.0,4.199999999999999,6.299999999999999
2015-02-05,P,1,4782.0,10.0,0.0,2.5,3.75,0.0,2.5,3.75
2015-02-05,RB,6,2481.0,10.0,1e-05,1.4886000000000001,2.2329000000000003,0.0001,14.886000000000003,22.329000000000004
2015-02-05,RU,-1,13555.0,10.0,0.0,3.0,4.5,0.0,3.0,4.5
2015-02-05,SR,-1,5020.0,10.0,0.0,3.0,4.5,0.0,3.0,4.5
2015-02-09,AL,47,13355.0,5.0,0.0,141.0,211.5,0.0,141.0,211.5
2015-02-09,C,87,2506.0,10.0,0.0,104.39999999999999,156.6,0.0,104.39999999999999,156.6
2015-02-09,CF,-26,13190.0,5.0,0.0,111.8,167.7,0.0,111.8,167.7
2015-02-09,FG,-164,919.0,20.0,0.0,492.0,738.0,0.0,492.0,738.0
2015-02-09,JD,94,4226.0,5.0,0.0,141.0,211.5,0.0,141.0,211.5
2015-02-09,MA,48,2159.0,10.0,0.0,67.19999999999999,100.79999999999998,0.0,67.19999999999999,100.79999999999998
2015-02-09,MA,4,2159.0,10.0,0.0,5.6,8.399999999999999,0.0,5.6,8.399999999999999
2015-02-09,P,5,4934.0,10.0,0.0,12.5,18.75,0.0,12.5,18.75
2015-02-09,RU,-5,13690.0,10.0,0.0,15.0,22.5,0.0,15.0,22.5
2015-02-09,SR,-37,4989.0,10.0,0.0,111.0,166.5,0.0,111.0,166.5
2015-02-16,AL,154,13090.0,5.0,0.0,462.0,693.0,0.0,462.0,693.0
2015-02-16,C,164,2515.0,10.0,0.0,196.79999999999998,295.2,0.0,196.79999999999998,295.2
2015-02-16,CF,-15,13270.0,5.0,0.0,64.5,96.75,0.0,64.5,96.75
2015-02-16,FG,26,946.0,20.0,0.0,78.0,117.0,0.0,78.0,117.0
2015-02-16,M,-79,2784.0,10.0,0.0,158.0,237.0,0.0,158.0,237.0
2015-02-16,MA,30,2247.0,10.0,0.0,42.0,63.0,0.0,42.0,63.0
2015-02-16,P,38,4994.0,10.0,0.0,95.0,142.5,0.0,95.0,142.5
2015-02-16,RB,-89,2513.0,10.0,1e-05,22.3657,33.54855,0.0001,223.65699999999998,335.4855
2015-02-25,C,16,2512.0,10.0,0.0,19.2,28.799999999999997,0.0,19.2,28.799999999999997
2015-02-25,FG,138,940.0,20.0,0.0,414.0,621.0,0.0,414.0,621.0
2015-02-25,M,-5,2846.0,10.0,0.0,10.0,15.0,0.0,10.0,15.0
2015-02-25,MA,74,2210.0,10.0,0.0,103.6,155.39999999999998,0.0,103.6,155.39999999999998
2015-02-25,MA,1,2210.0,10.0,0.0,1.4,2.0999999999999996,0.0,1.4,2.0999999999999996
2015-02-25,RB,-16,2512.0,10.0,1e-05,4.0192000000000005,6.0288,0.0001,40.192,60.288
2015-03-02,CF,-3,13390.0,5.0,0.0,12.899999999999999,19.349999999999998,0.0,12.899999999999999,19.349999999999998
2015-03-02,JD,-98,4268.0,5.0,0.0,147.0,220.5,0.0,147.0,220.5
2015-03-02,M,79,2925.0,10.0,0.0,118.5,177.75,0.0,118.5,177.75
2015-03-02,M,5,2925.0,10.0,0.0,7.5,11.25,0.0,7.5,11.25
2015-03-02,RB,265,2463.0,10.0,1e-05,65.26950000000001,97.90425000000002,0.0001,652.695,979.0425
2015-03-02,RB,6,2463.0,10.0,1e-05,1.4778000000000002,2.2167000000000003,0.0001,14.778,22.167
2015-03-02,RB,2,2463.0,10.0,1e-05,0.49260000000000004,0.7389000000000001,0.0001,4.926,7.389
2015-03-02,RB,89,2463.0,10.0,1e-05,21.9207,32.88105,0.0001,219.207,328.8105
2015-03-02,RB,16,2463.0,10.0,1e-05,3.9408000000000003,5.911200000000001,0.0001,39.408,59.112
2015-03-09,C,-261,2534.0,10.0,0.0,313.2,469.79999999999995,0.0,313.2,469.79999999999995
2015-03-09,CF,26,13145.0,5.0,0.0,111.8,167.7,0.0,111.8,167.7
2015-03-09,CF,15,13145.0,5.0,0.0,64.5,96.75,0.0,64.5,96.75
2015-03-09,CF,3,13145.0,5.0,0.0,12.899999999999999,19.349999999999998,0.0,12.899999999999999,19.349999999999998
2015-03-09,JD,98,4109.0,5.0,0.0,147.0,220.5,0.0,147.0,220.5
2015-03-09,M,160,2768.0,10.0,0.0,240.0,360.0,0.0,240.0,360.0
2015-03-09,MA,122,2449.0,10.0,0.0,170.79999999999998,256.2,0.0,170.79999999999998,256.2
2015-03-09,P,-36,4826.0,10.0,0.0,90.0,135.0,0.0,90.0,135.0
2015-03-09,RB,-384,2416.0,10.0,1e-05,92.7744,139.1616,0.0001,927.7439999999999,1391.616
2015-03-09,RU,-19,12685.0,10.0,0.0,57.0,85.5,0.0,57.0,85.5
2015-03-10,RB,384,2402.0,10.0,1e-05,92.23680000000002,138.35520000000002,0.0001,922.368,1383.5520000000001
2015-03-10,RB,-444,2481.0,10.0,1e-05,110.1564,165.2346,0.0001,1101.564,1652.346
2015-03-16,C,434,2553.0,10.0,0.0,520.8,781.1999999999999,0.0,520.8,781.1999999999999
2015-03-16,FG,-237,913.0,20.0,0.0,711.0,1066.5,0.0,711.0,1066.5
2015-03-16,M,-160,2800.0,10.0,0.0,240.0,360.0,0.0,240.0,360.0
2015-03-16,MA,-4,2426.0,10.0,0.0,5.6,8.399999999999999,0.0,5.6,8.399999999999999
2015-03-16,RB,12,2492.0,10.0,1e-05,2.9904,4.4856,0.0001,29.904,44.856
2015-03-16,RU,19,12710.0,10.0,0.0,57.0,85.5,0.0,57.0,85.5
2015-03-17,C,-8,2544.0,10.0,0.0,9.6,14.399999999999999,0.0,9.6,14.399999999999999
2015-03-17,FG,3,927.0,20.0,0.0,9.0,13.5,0.0,9.0,13.5
2015-03-17,MA,-2,2415.0,10.0,0.0,2.8,4.199999999999999,0.0,2.8,4.199999999999999
2015-03-17,P,1,4664.0,10.0,0.0,2.5,3.75,0.0,2.5,3.75
2015-03-17,RB,5,2521.0,10.0,1e-05,1.2605000000000002,1.8907500000000002,0.0001,12.605,18.9075
2015-03-18,C,-8,2543.0,10.0,0.0,9.6,14.399999999999999,0.0,9.6,14.399999999999999
2015-03-18,FG,3,928.0,20.0,0.0,9.0,13.5,0.0,9.0,13.5
2015-03-18,MA,-2,2368.0,10.0,0.0,2.8,4.199999999999999,0.0,2.8,4.199999999999999
2015-03-18,P,1,4606.0,10.0,0.0,2.5,3.75,0.0,2.5,3.75
2015-03-18,RB,5,2512.0,10.0,1e-05,1.2560000000000002,1.8840000000000003,0.0001,12.56,18.84
2015-03-20,C,-2,2534.0,10.0,0.0,2.4,3.5999999999999996,0.0,2.4,3.5999999999999996
2015-03-20,FG,1,946.0,20.0,0.0,3.0,4.5,0.0,3.0,4.5
2015-03-20,MA,-1,2301.0,10.0,0.0,1.4,2.0999999999999996,0.0,1.4,2.0999999999999996
2015-03-20,P,1,4734.0,10.0,0.0,2.5,3.75,0.0,2.5,3.75
2015-03-20,RB,2,2483.0,10.0,1e-05,0.49660000000000004,0.7449000000000001,0.0001,4.966,7.449
2015-03-23,AL,-134,13290.0,5.0,0.0,402.0,603.0,0.0,402.0,603.0
2015-03-23,C,-21,2536.0,10.0,0.0,25.2,37.8,0.0,25.2,37.8
2015-03-23,C,-87,2536.0,10.0,0.0,104.39999999999999,156.6,0.0,104.39999999999999,156.6
2015-03-23,C,-164,2536.0,10.0,0.0,196.79999999999998,295.2,0.0,196.79999999999998,295.2
2015-03-23,C,-16,2536.0,10.0,0.0,19.2,28.799999999999997,0.0,19.2,28.799999999999997
2015-03-23,C,-29,2536.0,10.0,0.0,34.8,52.199999999999996,0.0,34.8,52.199999999999996
2015-03-23,CF,-33,13175.0,5.0,0.0,141.9,212.85000000000002,0.0,141.9,212.85000000000002
2015-03-23,FG,230,957.0,20.0,0.0,690.0,1035.0,0.0,690.0,1035.0
2015-03-23,MA,-69,2335.0,10.0,0.0,96.6,144.89999999999998,0.0,96.6,144.89999999999998
2015-03-23,P,5,4654.0,10.0,0.0,12.5,18.75,0.0,12.5,18.75
2015-03-23,RB,94,2484.0,10.0,1e-05,23.349600000000002,35.0244,0.0001,233.496,350.244
2015-03-23,RU,-22,12600.0,10.0,0.0,66.0,99.0,0.0,66.0,99.0
2015-03-24,AL,134,13320.0,5.0,0.0,402.0,603.0,0.0,402.0,603.0
2015-03-24,AL,-164,13290.0,5.0,0.0,492.0,738.0,0.0,492.0,738.0
2015-03-24,C,-5,2553.0,10.0,0.0,6.0,9.0,0.0,6.0,9.0
2015-03-24,CF,1,13340.0,5.0,0.0,4.3,6.449999999999999,0.0,4.3,6.449999999999999
2015-03-24,MA,-1,2336.0,10.0,0.0,1.4,2.0999999999999996,0.0,1.4,2.0999999999999996
2015-03-24,P,1,4734.0,10.0,0.0,2.5,3.75,0.0,2.5,3.75
2015-03-24,RB,4,2551.0,10.0,1e-05,1.0204,1.5306,0.0001,10.204,15.306000000000001
2015-03-24,RU,1,13060.0,10.0,0.0,3.0,4.5,0.0,3.0,4.5
2015-03-25,AL,4,13330.0,5.0,0.0,12.0,18.0,0.0,12.0,18.0
2015-03-25,C,-8,2554.0,10.0,0.0,9.6,14.399999999999999,0.0,9.6,14.399999999999999
2015-03-25,CF,1,13360.0,5.0,0.0,4.3,6.449999999999999,0.0,4.3,6.449999999999999
2015-03-25,MA,-1,2448.0,10.0,0.0,1.4,2.0999999999999996,0.0,1.4,2.0999999999999996
2015-03-25,P,1,4744.0,10.0,0.0,2.5,3.75,0.0,2.5,3.75
2015-03-25,RB,7,2539.0,10.0,1e-05,1.7773,2.66595,0.0001,17.773,26.6595
2015-03-25,RU,1,13060.0,10.0,0.0,3.0,4.5,0.0,3.0,4.5
2015-03-30,AL,160,13305.0,5.0,0.0,480.0,720.0,0.0,480.0,720.0
2015-03-30,C,42,2535.0,10.0,0.0,50.4,75.6,0.0,50.4,75.6
2015-03-30,CF,-19,13280.0,5.0,0.0,81.7,122.55000000000001,0.0,81.7,122.55000000000001
2015-03-30,MA,5,2403.0,10.0,0.0,7.0,10.5,0.0,7.0,10.5
2015-03-30,P,-11,4696.0,10.0,0.0,27.5,41.25,0.0,27.5,41.25
2015-03-30,RB,-18,2471.0,10.0,1e-05,4.4478,6.6716999999999995,0.0001,44.478,66.717
2015-03-30,RU,-7,12830.0,10.0,0.0,21.0,31.5,0.0,21.0,31.5
2015-04-07,C,-124,2512.0,10.0,0.0,148.79999999999998,223.2,0.0,148.79999999999998,223.2
2015-04-07,CF,31,13020.0,5.0,0.0,133.29999999999998,199.95,0.0,133.29999999999998,199.95
2015-04-07,CF,19,13020.0,5.0,0.0,81.7,122.55000000000001,0.0,81.7,122.55000000000001
2015-04-07,JD,-87,4286.0,5.0,0.0,130.5,195.75,0.0,130.5,195.75
2015-04-07,MA,5,2437.0,10.0,0.0,7.0,10.5,0.0,7.0,10.5
2015-04-07,P,-7,4702.0,10.0,0.0,17.5,26.25,0.0,17.5,26.25
2015-04-07,RB,-13,2329.0,10.0,1e-05,3.0277000000000003,4.541550000000001,0.0001,30.277,45.4155
2015-04-07,RU,-6,12765.0,10.0,0.0,18.0,27.0,0.0,18.0,27.0
2015-04-07,SR,36,5368.0,10.0,0.0,108.0,162.0,0.0,108.0,162.0
2015-04-13,C,40,2529.0,10.0,0.0,48.0,72.0,0.0,48.0,72.0
2015-04-13,FG,-117,864.0,20.0,0.0,351.0,526.5,0.0,351.0,526.5
2015-04-13,JD,-26,4358.0,5.0,0.0,39.0,58.5,0.0,39.0,58.5
2015-04-13,MA,25,2379.0,10.0,0.0,35.0,52.5,0.0,35.0,52.5
2015-04-13,P,-18,4640.0,10.0,0.0,45.0,67.5,0.0,45.0,67.5
2015-04-13,RB,-157,2262.0,10.0,1e-05,35.513400000000004,53.270100000000006,0.0001,355.134,532.701
2015-04-13,SR,18,5450.0,10.0,0.0,54.0,81.0,0.0,54.0,81.0
2015-04-17,C,-1,2487.0,10.0,0.0,1.2,1.7999999999999998,0.0,1.2,1.7999999999999998
2015-04-17,FG,1,885.0,20.0,0.0,3.0,4.5,0.0,3.0,4.5
2015-04-17,JD,1,4362.0,5.0,0.0,1.5,2.25,0.0,1.5,2.25
2015-04-17,MA,-1,2507.0,10.0,0.0,1.0,1.5,0.0,1.0,1.5
2015-04-17,P,1,4746.0,10.0,0.0,2.5,3.75,0.0,2.5,3.75
2015-04-17,RB,1,2318.0,10.0,1e-05,0.2318,0.3477,0.0001,2.318,3.4770000000000003
2015-04-17,RU,1,12790.0,10.0,0.0,3.0,4.5,0.0,3.0,4.5
2015-04-17,SR,-1,5528.0,10.0,0.0,3.0,4.5,0.0,3.0,4.5
2015-04-20,C,-105,2523.0,10.0,0.0,126.0,189.0,0.0,126.0,189.0
2015-04-20,FG,116,897.0,20.0,0.0,348.0,522.0,0.0,348.0,522.0
2015-04-20,JD,86,4464.0,5.0,0.0,129.0,193.5,0.0,129.0,193.5
2015-04-20,JD,26,4464.0,5.0,0.0,39.0,58.5,0.0,39.0,58.5
2015-04-20,M,-99,2705.0,10.0,0.0,148.5,222.75,0.0,148.5,222.75
2015-04-20,MA,-41,2514.0,10.0,0.0,41.0,61.5,0.0,41.0,61.5
2015-04-20,MA,-5,2514.0,10.0,0.0,5.0,7.5,0.0,5.0,7.5
2015-04-20,MA,-5,2514.0,10.0,0.0,5.0,7.5,0.0,5.0,7.5
2015-04-20,MA,-25,2514.0,10.0,0.0,25.0,37.5,0.0,25.0,37.5
2015-04-20,P,2,4756.0,10.0,0.0,5.0,7.5,0.0,5.0,7.5
2015-04-20,RB,65,2306.0,10.0,1e-05,14.989000000000003,22.483500000000003,0.0001,149.89000000000001,224.83500000000004
2015-04-20,RU,-22,12690.0,10.0,0.0,66.0,99.0,0.0,66.0,99.0
2015-04-27,AL,-200,13270.0,5.0,0.0,600.0,900.0,0.0,600.0,900.0
2015-04-27,C,-68,2499.0,10.0,0.0,81.6,122.39999999999999,0.0,81.6,122.39999999999999
2015-04-27,FG,-60,939.0,20.0,0.0,180.0,270.0,0.0,180.0,270.0
2015-04-27,JD,-71,4463.0,5.0,0.0,106.5,159.75,0.0,106.5,159.75
2015-04-27,M,99,2735.0,10.0,0.0,148.5,222.75,0.0,148.5,222.75
2015-04-27,MA,44,2577.0,10.0,0.0,61.599999999999994,92.39999999999999,0.0,61.599999999999994,92.39999999999999
2015-04-27,P,18,4874.0,10.0,0.0,45.0,67.5,0.0,45.0,67.5
2015-04-27,RB,153,2385.0,10.0,1e-05,36.490500000000004,54.73575000000001,0.0001,364.90500000000003,547.3575000000001
2015-04-27,RU,19,13530.0,10.0,0.0,57.0,85.5,0.0,57.0,85.5
2015-04-27,RU,7,13530.0,10.0,0.0,21.0,31.5,0.0,21.0,31.5
2015-04-27,RU,6,13530.0,10.0,0.0,18.0,27.0,0.0,18.0,27.0
2015-04-27,RU,4,13530.0,10.0,0.0,12.0,18.0,0.0,12.0,18.0
2015-04-27,SR,-18,5609.0,10.0,0.0,54.0,81.0,0.0,54.0,81.0
2015-04-28,AL,7,13365.0,5.0,0.0,21.0,31.5,0.0,21.0,31.5
2015-04-28,C,-6,2503.0,10.0,0.0,7.199999999999999,10.799999999999999,0.0,7.199999999999999,10.799999999999999
2015-04-28,FG,2,946.0,20.0,0.0,6.0,9.0,0.0,6.0,9.0
2015-04-28,JD,3,4469.0,5.0,0.0,4.5,6.75,0.0,4.5,6.75
2015-04-28,MA,-2,2590.0,10.0,0.0,2.8,4.199999999999999,0.0,2.8,4.199999999999999
2015-04-28,P,2,4890.0,10.0,0.0,5.0,7.5,0.0,5.0,7.5
2015-04-28,RB,10,2418.0,10.0,1e-05,2.418,3.6270000000000002,0.0001,24.18,36.269999999999996
2015-04-28,RU,1,14260.0,10.0,0.0,3.0,4.5,0.0,3.0,4.5
2015-04-28,SR,-2,5594.0,10.0,0.0,6.0,9.0,0.0,6.0,9.0
2015-04-29,AL,4,13390.0,5.0,0.0,12.0,18.0,0.0,12.0,18.0
2015-04-29,C,-4,2480.0,10.0,0.0,4.8,7.199999999999999,0.0,4.8,7.199999999999999
2015-04-29,FG,2,939.0,20.0,0.0,6.0,9.0,0.0,6.0,9.0
2015-04-29,JD,2,4529.0,5.0,0.0,3.0,4.5,0.0,3.0,4.5
2015-04-29,MA,-1,2604.0,10.0,0.0,1.4,2.0999999999999996,0.0,1.4,2.0999999999999996
2015-04-29,P,1,4874.0,10.0,0.0,2.5,3.75,0.0,2.5,3.75
2015-04-29,RB,6,2399.0,10.0,1e-05,1.4394000000000002,2.1591000000000005,0.0001,14.394,21.591
2015-04-29,RU,1,14330.0,10.0,0.0,3.0,4.5,0.0,3.0,4.5
2015-04-29,SR,-1,5571.0,10.0,0.0,3.0,4.5,0.0,3.0,4.5
2015-05-04,AL,-19,13395.0,5.0,0.0,57.0,85.5,0.0,57.0,85.5
2015-05-04,C,-19,2489.0,10.0,0.0,22.8,34.2,0.0,22.8,34.2
2015-05-04,FG,-136,926.0,20.0,0.0,408.0,612.0,0.0,408.0,612.0
2015-05-04,JD,66,4462.0,5.0,0.0,99.0,148.5,0.0,99.0,148.5
2015-05-04,M,-75,2733.0,10.0,0.0,112.5,168.75,0.0,112.5,168.75
2015-05-04,MA,6,2585.0,10.0,0.0,8.399999999999999,12.599999999999998,0.0,8.399999999999999,12.599999999999998
2015-05-04,P,1,4874.0,10.0,0.0,2.5,3.75,0.0,2.5,3.75
2015-05-04,RB,32,2384.0,10.0,1e-05,7.628800000000001,11.443200000000001,0.0001,76.288,114.43199999999999
2015-05-04,RU,16,14670.0,10.0,0.0,48.0,72.0,0.0,48.0,72.0
2015-05-04,SR,2,5536.0,10.0,0.0,6.0,9.0,0.0,6.0,9.0
2015-05-05,AL,7,13445.0,5.0,0.0,21.0,31.5,0.0,21.0,31.5
2015-05-05,C,-5,2494.0,10.0,0.0,6.0,9.0,0.0,6.0,9.0
2015-05-05,FG,7,942.0,20.0,0.0,21.0,31.5,0.0,21.0,31.5
2015-05-05,M,3,2730.0,10.0,0.0,4.5,6.75,0.0,4.5,6.75
2015-05-05,MA,-2,2571.0,10.0,0.0,2.8,4.199999999999999,0.0,2.8,4.199999999999999
2015-05-05,P,1,4994.0,10.0,0.0,2.5,3.75,0.0,2.5,3.75
2015-05-05,P,1,4994.0,10.0,0.0,2.5,3.75,0.0,2.5,3.75
2015-05-05,RB,8,2415.0,10.0,1e-05,1.9320000000000002,2.898,0.0001,19.32,28.98
2015-05-05,SR,-2,5517.0,10.0,0.0,6.0,9.0,0.0,6.0,9.0
2015-05-06,AL,3,13425.0,5.0,0.0,9.0,13.5,0.0,9.0,13.5
2015-05-06,C,-2,2495.0,10.0,0.0,2.4,3.5999999999999996,0.0,2.4,3.5999999999999996
2015-05-06,FG,3,951.0,20.0,0.0,9.0,13.5,0.0,9.0,13.5
2015-05-06,M,1,2732.0,10.0,0.0,1.5,2.25,0.0,1.5,2.25
2015-05-06,MA,-1,2583.0,10.0,0.0,1.4,2.0999999999999996,0.0,1.4,2.0999999999999996
2015-05-06,P,1,5074.0,10.0,0.0,2.5,3.75,0.0,2.5,3.75
2015-05-06,RB,3,2431.0,10.0,1e-05,0.7293000000000001,1.09395,0.0001,7.293,10.9395
2015-05-06,SR,-1,5600.0,10.0,0.0,3.0,4.5,0.0,3.0,4.5
2015-05-07,AL,5,13545.0,5.0,0.0,15.0,22.5,0.0,15.0,22.5
2015-05-07,C,-4,2493.0,10.0,0.0,4.8,7.199999999999999,0.0,4.8,7.199999999999999
2015-05-07,FG,5,939.0,20.0,0.0,15.0,22.5,0.0,15.0,22.5
2015-05-07,M,2,2745.0,10.0,0.0,3.0,4.5,0.0,3.0,4.5
2015-05-07,MA,-1,2598.0,10.0,0.0,1.4,2.0999999999999996,0.0,1.4,2.0999999999999996
2015-05-07,P,1,5158.0,10.0,0.0,2.5,3.75,0.0,2.5,3.75
2015-05-07,RB,6,2434.0,10.0,1e-05,1.4604000000000001,2.1906000000000003,0.0001,14.604000000000001,21.906000000000002
2015-05-07,SR,-1,5618.0,10.0,0.0,3.0,4.5,0.0,3.0,4.5
2015-05-11,AL,-28,13450.0,5.0,0.0,84.0,126.0,0.0,84.0,126.0
2015-05-11,C,-54,2497.0,10.0,0.0,64.8,97.19999999999999,0.0,64.8,97.19999999999999
2015-05-11,C,-42,2497.0,10.0,0.0,50.4,75.6,0.0,50.4,75.6
2015-05-11,C,-40,2497.0,10.0,0.0,48.0,72.0,0.0,48.0,72.0
2015-05-11,FG,41,957.0,20.0,0.0,123.0,184.5,0.0,123.0,184.5
2015-05-11,FG,136,957.0,20.0,0.0,408.0,612.0,0.0,408.0,612.0
2015-05-11,M,69,2731.0,10.0,0.0,103.5,155.25,0.0,103.5,155.25
2015-05-11,MA,-37,2521.0,10.0,0.0,51.8,77.69999999999999,0.0,51.8,77.69999999999999
2015-05-11,MA,-6,2521.0,10.0,0.0,8.399999999999999,12.599999999999998,0.0,8.399999999999999,12.599999999999998
2015-05-11,MA,-127,2521.0,10.0,0.0,177.79999999999998,266.7,0.0,177.79999999999998,266.7
2015-05-11,P,8,5036.0,10.0,0.0,20.0,30.0,0.0,20.0,30.0
2015-05-11,P,7,5036.0,10.0,0.0,17.5,26.25,0.0,17.5,26.25
2015-05-11,P,18,5036.0,10.0,0.0,45.0,67.5,0.0,45.0,67.5
2015-05-11,RB,-89,2416.0,10.0,1e-05,21.5024,32.253600000000006,0.0001,215.024,322.536
2015-05-11,RU,17,14720.0,10.0,0.0,51.0,76.5,0.0,51.0,76.5
2015-05-11,SR,-10,5548.0,10.0,0.0,30.0,45.0,0.0,30.0,45.0
2015-05-11,SR,-18,5548.0,10.0,0.0,54.0,81.0,0.0,54.0,81.0
2015-05-11,SR,-2,5548.0,10.0,0.0,6.0,9.0,0.0,6.0,9.0
2015-05-18,AL,174,13285.0,5.0,0.0,522.0,783.0,0.0,522.0,783.0
2015-05-18,AL,19,13285.0,5.0,0.0,57.0,85.5,0.0,57.0,85.5
2015-05-18,AL,28,13285.0,5.0,0.0,84.0,126.0,0.0,84.0,126.0
2015-05-18,CF,-45,13225.0,5.0,0.0,193.5,290.25,0.0,193.5,290.25
2015-05-18,MA,-26,2488.0,10.0,0.0,36.4,54.599999999999994,0.0,36.4,54.599999999999994
2015-05-18,P,41,5114.0,10.0,0.0,102.5,153.75,0.0,102.5,153.75
2015-05-18,RB,31,2373.0,10.0,1e-05,7.3563,11.03445,0.0001,73.563,110.34450000000001
2015-05-18,RB,18,2373.0,10.0,1e-05,4.2714,6.4071,0.0001,42.714000000000006,64.07100000000001
2015-05-18,RB,13,2373.0,10.0,1e-05,3.0849,4.62735,0.0001,30.849000000000004,46.273500000000006
2015-05-18,RB,157,2373.0,10.0,1e-05,37.2561,55.884150000000005,0.0001,372.56100000000004,558.8415
2015-05-18,RB,89,2373.0,10.0,1e-05,21.1197,31.679550000000003,0.0001,211.19700000000003,316.79550000000006
2015-05-25,C,270,2502.0,10.0,0.0,324.0,486.0,0.0,324.0,486.0
2015-05-25,CF,-2,13005.0,5.0,0.0,8.6,12.899999999999999,0.0,8.6,12.899999999999999
2015-05-25,FG,113,912.0,20.0,0.0,339.0,508.5,0.0,339.0,508.5
2015-05-25,M,-106,2586.0,10.0,0.0,159.0,238.5,0.0,159.0,238.5
2015-05-25,MA,51,2450.0,10.0,0.0,71.39999999999999,107.1,0.0,71.39999999999999,107.1
2015-05-25,RU,-17,13735.0,10.0,0.0,51.0,76.5,0.0,51.0,76.5
2015-05-25,RU,-15,13735.0,10.0,0.0,45.0,67.5,0.0,45.0,67.5
2015-06-01,C,-9,2471.0,10.0,0.0,10.799999999999999,16.2,0.0,10.799999999999999,16.2
2015-06-01,CF,45,13170.0,5.0,0.0,193.5,290.25,0.0,193.5,290.25
2015-06-01,CF,2,13170.0,5.0,0.0,8.6,12.899999999999999,0.0,8.6,12.899999999999999
2015-06-01,M,-105,2545.0,10.0,0.0,157.5,236.25,0.0,157.5,236.25
2015-06-01,MA,-80,2478.0,10.0,0.0,112.0,168.0,0.0,112.0,168.0
2015-06-01,RU,15,15025.0,10.0,0.0,45.0,67.5,0.0,45.0,67.5
2015-06-01,RU,7,15025.0,10.0,0.0,21.0,31.5,0.0,21.0,31.5
2015-06-05,P,-41,5130.0,10.0,0.0,102.5,153.75,0.0,102.5,153.75
2015-06-05,P,44,5346.0,10.0,0.0,110.0,165.0,0.0,110.0,165.0
2015-06-08,AL,-175,12980.0,5.0,0.0,525.0,787.5,0.0,525.0,787.5
2015-06-08,C,-261,2368.0,10.0,0.0,313.2,469.79999999999995,0.0,313.2,469.79999999999995
2015-06-08,FG,15,952.0,20.0,0.0,45.0,67.5,0.0,45.0,67.5
2015-06-08,M,66,2567.0,10.0,0.0,99.0,148.5,0.0,99.0,148.5
2015-06-08,MA,42,2444.0,10.0,0.0,58.8,88.19999999999999,0.0,58.8,88.19999999999999
2015-06-08,P,-16,5368.0,10.0,0.0,40.0,60.0,0.0,40.0,60.0
2015-06-08,RB,-273,2337.0,10.0,1e-05,63.80010000000001,95.70015000000001,0.0001,638.0010000000001,957.0015000000001
2015-06-08,RU,-7,14360.0,10.0,0.0,21.0,31.5,0.0,21.0,31.5
2015-06-08,SR,32,5573.0,10.0,0.0,96.0,144.0,0.0,96.0,144.0
2015-06-11,AL,1,12955.0,5.0,0.0,3.0,4.5,0.0,3.0,4.5
2015-06-11,FG,-1,949.0,20.0,0.0,3.0,4.5,0.0,3.0,4.5
2015-06-11,M,1,2560.0,10.0,0.0,1.5,2.25,0.0,1.5,2.25
2015-06-11,MA,1,2495.0,10.0,0.0,1.4,2.0999999999999996,0.0,1.4,2.0999999999999996
2015-06-11,P,-1,5264.0,10.0,0.0,2.5,3.75,0.0,2.5,3.75
2015-06-11,RB,1,2345.0,10.0,1e-05,0.23450000000000001,0.35175,0.0001,2.345,3.5175
2015-06-11,SR,-1,5572.0,10.0,0.0,3.0,4.5,0.0,3.0,4.5
2015-06-15,AL,-55,12770.0,5.0,0.0,165.0,247.5,0.0,165.0,247.5
2015-06-15,FG,50,953.0,20.0,0.0,150.0,225.0,0.0,150.0,225.0
2015-06-15,M,39,2499.0,10.0,0.0,58.5,87.75,0.0,58.5,87.75
2015-06-15,M,21,2499.0,10.0,0.0,31.5,47.25,0.0,31.5,47.25
2015-06-15,MA,33,2447.0,10.0,0.0,46.199999999999996,69.3,0.0,46.199999999999996,69.3
2015-06-15,MA,18,2447.0,10.0,0.0,25.2,37.8,0.0,25.2,37.8
2015-06-15,P,-2,5158.0,10.0,0.0,5.0,7.5,0.0,5.0,7.5
2015-06-15,RB,-45,2297.0,10.0,1e-05,10.336500000000001,15.504750000000001,0.0001,103.36500000000001,155.0475
2015-06-15,RU,-3,13875.0,10.0,0.0,9.0,13.5,0.0,9.0,13.5
2015-06-15,SR,-31,5506.0,10.0,0.0,93.0,139.5,0.0,93.0,139.5
2015-06-23,AL,30,12700.0,5.0,0.0,90.0,135.0,0.0,90.0,135.0
2015-06-23,C,104,2395.0,10.0,0.0,124.8,187.2,0.0,124.8,187.2
2015-06-23,FG,-9,926.0,20.0,0.0,27.0,40.5,0.0,27.0,40.5
2015-06-23,JD,-164,4046.0,5.0,0.0,246.0,369.0,0.0,246.0,369.0
2015-06-23,M,18,2588.0,10.0,0.0,27.0,40.5,0.0,27.0,40.5
2015-06-23,MA,8,2515.0,10.0,0.0,11.2,16.799999999999997,0.0,11.2,16.799999999999997
2015-06-23,MA,9,2515.0,10.0,0.0,12.6,18.9,0.0,12.6,18.9
2015-06-23,P,-25,5142.0,10.0,0.0,62.5,93.75,0.0,62.5,93.75
2015-06-23,RB,42,2241.0,10.0,1e-05,9.4122,14.118300000000001,0.0001,94.122,141.183
2015-06-24,AL,2,12760.0,5.0,0.0,6.0,9.0,0.0,6.0,9.0
2015-06-24,C,-1,2391.0,10.0,0.0,1.2,1.7999999999999998,0.0,1.2,1.7999999999999998
2015-06-24,FG,-2,927.0,20.0,0.0,6.0,9.0,0.0,6.0,9.0
2015-06-24,JD,1,4080.0,5.0,0.0,1.5,2.25,0.0,1.5,2.25
2015-06-24,M,1,2587.0,10.0,0.0,1.5,2.25,0.0,1.5,2.25
2015-06-24,MA,1,2483.0,10.0,0.0,1.4,2.0999999999999996,0.0,1.4,2.0999999999999996
2015-06-24,RB,2,2240.0,10.0,1e-05,0.448,0.672,0.0001,4.48,6.720000000000001
2015-06-24,RU,1,13885.0,10.0,0.0,3.0,4.5,0.0,3.0,4.5
2015-06-25,AL,2,12785.0,5.0,0.0,6.0,9.0,0.0,6.0,9.0
2015-06-25,C,-103,2377.0,10.0,0.0,123.6,185.39999999999998,0.0,123.6,185.39999999999998
2015-06-25,C,135,2140.0,10.0,0.0,162.0,243.0,0.0,162.0,243.0
2015-06-25,FG,-2,932.0,20.0,0.0,6.0,9.0,0.0,6.0,9.0
2015-06-25,JD,2,4062.0,5.0,0.0,3.0,4.5,0.0,3.0,4.5
2015-06-25,M,1,2573.0,10.0,0.0,1.5,2.25,0.0,1.5,2.25
2015-06-25,MA,1,2507.0,10.0,0.0,1.4,2.0999999999999996,0.0,1.4,2.0999999999999996
2015-06-25,RB,3,2243.0,10.0,1e-05,0.6729,1.00935,0.0001,6.729000000000001,10.093500000000002
2015-06-25,RU,1,13855.0,10.0,0.0,3.0,4.5,0.0,3.0,4.5
2015-06-26,AL,140,12755.0,5.0,0.0,420.0,630.0,0.0,420.0,630.0
2015-06-26,AL,55,12755.0,5.0,0.0,165.0,247.5,0.0,165.0,247.5
2015-06-26,AL,-231,12745.0,5.0,0.0,693.0,1039.5,0.0,693.0,1039.5
2015-06-26,C,-15,2139.0,10.0,0.0,18.0,27.0,0.0,18.0,27.0
2015-06-26,FG,-18,922.0,20.0,0.0,54.0,81.0,0.0,54.0,81.0
2015-06-26,JD,18,4147.0,5.0,0.0,27.0,40.5,0.0,27.0,40.5
2015-06-26,M,7,2592.0,10.0,0.0,10.5,15.75,0.0,10.5,15.75
2015-06-26,MA,8,2500.0,10.0,0.0,11.2,16.799999999999997,0.0,11.2,16.799999999999997
2015-06-26,RB,30,2218.0,10.0,1e-05,6.654000000000001,9.981000000000002,0.0001,66.53999999999999,99.80999999999999
2015-06-26,RU,1,13390.0,10.0,0.0,3.0,4.5,0.0,3.0,4.5
2015-06-29,AL,21,12745.0,5.0,0.0,63.0,94.5,0.0,63.0,94.5
2015-06-29,C,-6,2136.0,10.0,0.0,7.199999999999999,10.799999999999999,0.0,7.199999999999999,10.799999999999999
2015-06-29,FG,31,928.0,20.0,0.0,93.0,139.5,0.0,93.0,139.5
2015-06-29,JD,-2,4063.0,5.0,0.0,3.0,4.5,0.0,3.0,4.5
2015-06-29,M,7,2646.0,10.0,0.0,10.5,15.75,0.0,10.5,15.75
2015-06-29,MA,61,2507.0,10.0,0.0,85.39999999999999,128.1,0.0,85.39999999999999,128.1
2015-06-29,RB,-66,2214.0,10.0,1e-05,14.612400000000001,21.9186,0.0001,146.124,219.18599999999998
2015-06-29,RU,-7,13390.0,10.0,0.0,21.0,31.5,0.0,21.0,31.5
2015-07-06,AL,1,12660.0,5.0,0.0,3.0,4.5,0.0,3.0,4.5
2015-07-06,C,35,2143.0,10.0,0.0,42.0,63.0,0.0,42.0,63.0
2015-07-06,FG,-47,913.0,20.0,0.0,141.0,211.5,0.0,141.0,211.5
2015-07-06,JD,45,4052.0,5.0,0.0,67.5,101.25,0.0,67.5,101.25
2015-07-06,M,50,2734.0,10.0,0.0,75.0,112.5,0.0,75.0,112.5
2015-07-06,MA,82,2473.0,10.0,0.0,114.8,172.2,0.0,114.8,172.2
2015-07-06,RB,-69,2115.0,10.0,1e-05,14.593500000000002,21.89025,0.0001,145.935,218.9025
2015-07-06,RU,-3,13210.0,10.0,0.0,9.0,13.5,0.0,9.0,13.5
2015-07-13,AL,85,12380.0,5.0,0.0,255.0,382.5,0.0,255.0,382.5
2015-07-13,C,-16,2100.0,10.0,0.0,19.2,28.799999999999997,0.0,19.2,28.799999999999997
2015-07-13,FG,-34,880.0,20.0,0.0,102.0,153.0,0.0,102.0,153.0
2015-07-13,FG,-15,880.0,20.0,0.0,45.0,67.5,0.0,45.0,67.5
2015-07-13,FG,-50,880.0,20.0,0.0,150.0,225.0,0.0,150.0,225.0
2015-07-13,FG,-31,880.0,20.0,0.0,93.0,139.5,0.0,93.0,139.5
2015-07-13,JD,98,4164.0,5.0,0.0,147.0,220.5,0.0,147.0,220.5
2015-07-13,JD,2,4164.0,5.0,0.0,3.0,4.5,0.0,3.0,4.5
2015-07-13,M,39,2756.0,10.0,0.0,58.5,87.75,0.0,58.5,87.75
2015-07-13,MA,-38,2364.0,10.0,0.0,53.199999999999996,79.8,0.0,53.199999999999996,79.8
2015-07-13,P,-22,4878.0,10.0,0.0,55.0,82.5,0.0,55.0,82.5
2015-07-13,RB,168,2003.0,10.0,1e-05,33.6504,50.4756,0.0001,336.504,504.75600000000003
2015-07-13,RU,4,12135.0,10.0,0.0,12.0,18.0,0.0,12.0,18.0
2015-07-13,SR,-29,5448.0,10.0,0.0,87.0,130.5,0.0,87.0,130.5
2015-07-17,RU,3,12265.0,10.0,0.0,9.0,13.5,0.0,9.0,13.5
2015-07-17,RU,3,12265.0,10.0,0.0,9.0,13.5,0.0,9.0,13.5
2015-07-17,RU,-5,13285.0,10.0,0.0,15.0,22.5,0.0,15.0,22.5
2015-07-20,AL,-2,12505.0,5.0,0.0,6.0,9.0,0.0,6.0,9.0
2015-07-20,C,-98,2086.0,10.0,0.0,117.6,176.39999999999998,0.0,117.6,176.39999999999998
2015-07-20,C,-35,2086.0,10.0,0.0,42.0,63.0,0.0,42.0,63.0
2015-07-20,FG,83,867.0,20.0,0.0,249.0,373.5,0.0,249.0,373.5
2015-07-20,M,3,2709.0,10.0,0.0,4.5,6.75,0.0,4.5,6.75
2015-07-20,MA,-44,2285.0,10.0,0.0,61.599999999999994,92.39999999999999,0.0,61.599999999999994,92.39999999999999
2015-07-20,P,-6,4816.0,10.0,0.0,15.0,22.5,0.0,15.0,22.5
2015-07-20,RB,-1,1998.0,10.0,1e-05,0.1998,0.2997,0.0001,1.998,2.997
2015-07-20,RU,-13,13080.0,10.0,0.0,39.0,58.5,0.0,39.0,58.5
2015-07-20,SR,29,5358.0,10.0,0.0,87.0,130.5,0.0,87.0,130.5
2015-07-21,RB,27,2070.0,10.0,1e-05,5.589,8.383500000000002,0.0001,55.89000000000001,83.83500000000001
2015-07-21,RB,45,2070.0,10.0,1e-05,9.315000000000001,13.972500000000002,0.0001,93.15,139.72500000000002
2015-07-21,RB,66,2070.0,10.0,1e-05,13.662,20.493000000000002,0.0001,136.62,204.93
2015-07-21,RB,69,2070.0,10.0,1e-05,14.283000000000001,21.424500000000002,0.0001,142.83,214.245
2015-07-21,RB,1,2070.0,10.0,1e-05,0.20700000000000002,0.3105,0.0001,2.0700000000000003,3.1050000000000004
2015-07-21,RB,-221,2102.0,10.0,1e-05,46.45420000000001,69.68130000000001,0.0001,464.5420000000001,696.8130000000001
2015-07-22,AL,124,12425.0,5.0,0.0,372.0,558.0,0.0,372.0,558.0
2015-07-22,AL,2,12425.0,5.0,0.0,6.0,9.0,0.0,6.0,9.0
2015-07-22,AL,-147,12440.0,5.0,0.0,441.0,661.5,0.0,441.0,661.5
2015-07-24,M,-39,2712.0,10.0,0.0,58.5,87.75,0.0,58.5,87.75
2015-07-24,M,-3,2712.0,10.0,0.0,4.5,6.75,0.0,4.5,6.75
2015-07-24,M,50,2768.0,10.0,0.0,75.0,112.5,0.0,75.0,112.5
2015-07-27,AL,-1,12265.0,5.0,0.0,3.0,4.5,0.0,3.0,4.5
2015-07-27,FG,5,845.0,20.0,0.0,15.0,22.5,0.0,15.0,22.5
2015-07-27,P,-2,4846.0,10.0,0.0,5.0,7.5,0.0,5.0,7.5
2015-07-27,RB,-4,2047.0,10.0,1e-05,0.8188000000000001,1.2282000000000002,0.0001,8.188,12.282
2015-07-27,RU,-1,12810.0,10.0,0.0,3.0,4.5,0.0,3.0,4.5
2015-08-03,AL,-21,12240.0,5.0,0.0,63.0,94.5,0.0,63.0,94.5
2015-08-03,FG,-83,875.0,20.0,0.0,249.0,373.5,0.0,249.0,373.5
2015-08-03,FG,-5,875.0,20.0,0.0,15.0,22.5,0.0,15.0,22.5
2015-08-03,FG,-92,875.0,20.0,0.0,276.0,414.0,0.0,276.0,414.0
2015-08-03,JD,64,4424.0,5.0,0.0,96.0,144.0,0.0,96.0,144.0
2015-08-03,M,-50,2688.0,10.0,0.0,75.0,112.5,0.0,75.0,112.5
2015-08-03,P,-4,4732.0,10.0,0.0,10.0,15.0,0.0,10.0,15.0
2015-08-03,RB,-17,2094.0,10.0,1e-05,3.5598000000000005,5.339700000000001,0.0001,35.598000000000006,53.397000000000006
2015-08-03,RU,5,12665.0,10.0,0.0,15.0,22.5,0.0,15.0,22.5
2015-08-03,RU,5,12665.0,10.0,0.0,15.0,22.5,0.0,15.0,22.5
2015-08-05,JD,-64,4332.0,5.0,0.0,96.0,144.0,0.0,96.0,144.0
2015-08-05,JD,73,4322.0,5.0,0.0,109.5,164.25,0.0,109.5,164.25
2015-08-10,C,-109,2002.0,10.0,0.0,130.79999999999998,196.2,0.0,130.79999999999998,196.2
2015-08-10,FG,92,902.0,20.0,0.0,184.0,276.0,0.0,184.0,276.0
2015-08-10,FG,81,902.0,20.0,0.0,162.0,243.0,0.0,162.0,243.0
2015-08-10,JD,-6,4123.0,5.0,0.0,9.0,13.5,0.0,9.0,13.5
2015-08-10,P,-29,4556.0,10.0,0.0,72.5,108.75,0.0,72.5,108.75
2015-08-10,RU,-14,12040.0,10.0,0.0,42.0,63.0,0.0,42.0,63.0
2015-08-11,FG,-81,903.0,20.0,0.0,162.0,243.0,0.0,162.0,243.0
2015-08-11,FG,93,891.0,20.0,0.0,279.0,418.5,0.0,279.0,418.5
2015-08-17,AL,-38,12115.0,5.0,0.0,114.0,171.0,0.0,114.0,171.0
2015-08-17,C,109,2020.0,10.0,0.0,130.79999999999998,196.2,0.0,130.79999999999998,196.2
2015-08-17,CF,-43,12610.0,5.0,0.0,184.9,277.35,0.0,184.9,277.35
2015-08-17,FG,125,904.0,20.0,0.0,375.0,562.5,0.0,375.0,562.5
2015-08-17,JD,12,4128.0,5.0,0.0,18.0,27.0,0.0,18.0,27.0
2015-08-17,MA,-58,2114.0,10.0,0.0,81.19999999999999,121.79999999999998,0.0,81.19999999999999,121.79999999999998
2015-08-17,P,16,4578.0,10.0,0.0,40.0,60.0,0.0,40.0,60.0
2015-08-17,RB,221,2090.0,10.0,1e-05,46.18900000000001,69.2835,0.0001,461.89000000000004,692.835
2015-08-17,RB,4,2090.0,10.0,1e-05,0.8360000000000001,1.254,0.0001,8.360000000000001,12.540000000000003
2015-08-17,RB,17,2090.0,10.0,1e-05,3.5530000000000004,5.3295,0.0001,35.53000000000001,53.295000000000016
2015-08-17,RU,8,12320.0,10.0,0.0,24.0,36.0,0.0,24.0,36.0
2015-08-17,RU,1,12320.0,10.0,0.0,3.0,4.5,0.0,3.0,4.5
2015-08-17,RU,3,12320.0,10.0,0.0,9.0,13.5,0.0,9.0,13.5
2015-08-17,SR,30,5319.0,10.0,0.0,90.0,135.0,0.0,90.0,135.0
2015-08-24,AL,-39,11965.0,5.0,0.0,117.0,175.5,0.0,117.0,175.5
2015-08-24,CF,-5,12540.0,5.0,0.0,21.5,32.25,0.0,21.5,32.25
2015-08-24,FG,15,898.0,20.0,0.0,45.0,67.5,0.0,45.0,67.5
2015-08-24,JD,15,4042.0,5.0,0.0,22.5,33.75,0.0,22.5,33.75
2015-08-24,MA,-10,2023.0,10.0,0.0,14.0,21.0,0.0,14.0,21.0
2015-08-24,RU,-2,12040.0,10.0,0.0,6.0,9.0,0.0,6.0,9.0
2015-08-24,SR,6,5309.0,10.0,0.0,18.0,27.0,0.0,18.0,27.0
2015-08-31,AL,147,11960.0,5.0,0.0,441.0,661.5,0.0,441.0,661.5
2015-08-31,AL,1,11960.0,5.0,0.0,3.0,4.5,0.0,3.0,4.5
2015-08-31,AL,21,11960.0,5.0,0.0,63.0,94.5,0.0,63.0,94.5
2015-08-31,AL,38,11960.0,5.0,0.0,114.0,171.0,0.0,114.0,171.0
2015-08-31,AL,39,11960.0,5.0,0.0,117.0,175.5,0.0,117.0,175.5
2015-08-31,AL,-253,11940.0,5.0,0.0,759.0,1138.5,0.0,759.0,1138.5
2015-08-31,FG,-11,873.0,20.0,0.0,33.0,49.5,0.0,33.0,49.5
2015-08-31,JD,-67,3922.0,5.0,0.0,100.5,150.75,0.0,100.5,150.75
2015-08-31,JD,-12,3922.0,5.0,0.0,18.0,27.0,0.0,18.0,27.0
2015-08-31,JD,-15,3922.0,5.0,0.0,22.5,33.75,0.0,22.5,33.75
2015-08-31,MA,4,1977.0,10.0,0.0,5.6,8.399999999999999,0.0,5.6,8.399999999999999
2015-08-31,P,6,4314.0,10.0,0.0,15.0,22.5,0.0,15.0,22.5
2015-08-31,P,4,4314.0,10.0,0.0,10.0,15.0,0.0,10.0,15.0
2015-08-31,RB,-302,1971.0,10.0,1e-05,59.52420000000001,89.28630000000001,0.0001,595.2420000000001,892.863
2015-08-31,RU,4,11505.0,10.0,0.0,12.0,18.0,0.0,12.0,18.0
2015-08-31,SR,15,5292.0,10.0,0.0,45.0,67.5,0.0,45.0,67.5
2015-09-07,CF,43,12455.0,5.0,0.0,184.9,277.35,0.0,184.9,277.35
2015-09-07,CF,5,12455.0,5.0,0.0,21.5,32.25,0.0,21.5,32.25
2015-09-07,FG,-82,843.0,20.0,0.0,246.0,369.0,0.0,246.0,369.0
2015-09-07,FG,-51,843.0,20.0,0.0,153.0,229.5,0.0,153.0,229.5
2015-09-07,JD,-83,3937.0,5.0,0.0,124.5,186.75,0.0,124.5,186.75
2015-09-07,MA,54,1917.0,10.0,0.0,75.6,113.39999999999999,0.0,75.6,113.39999999999999
2015-09-07,MA,10,1917.0,10.0,0.0,14.0,21.0,0.0,14.0,21.0
2015-09-07,P,2,4236.0,10.0,0.0,5.0,7.5,0.0,5.0,7.5
2015-09-07,P,2,4236.0,10.0,0.0,5.0,7.5,0.0,5.0,7.5
2015-09-07,P,4,4236.0,10.0,0.0,10.0,15.0,0.0,10.0,15.0
2015-09-07,P,29,4236.0,10.0,0.0,72.5,108.75,0.0,72.5,108.75
2015-09-07,RU,-17,11170.0,10.0,0.0,51.0,76.5,0.0,51.0,76.5
2015-09-07,SR,-21,5219.0,10.0,0.0,63.0,94.5,0.0,63.0,94.5
2015-09-14,AL,31,12005.0,5.0,0.0,93.0,139.5,0.0,93.0,139.5
2015-09-14,C,-96,1927.0,10.0,0.0,115.19999999999999,172.79999999999998,0.0,115.19999999999999,172.79999999999998
2015-09-14,FG,-7,845.0,20.0,0.0,21.0,31.5,0.0,21.0,31.5
2015-09-14,JD,-79,3937.0,5.0,0.0,118.5,177.75,0.0,118.5,177.75
2015-09-14,MA,-48,1938.0,10.0,0.0,67.19999999999999,100.79999999999998,0.0,67.19999999999999,100.79999999999998
2015-09-14,RU,7,11810.0,10.0,0.0,21.0,31.5,0.0,21.0,31.5
2015-09-14,RU,1,11810.0,10.0,0.0,3.0,4.5,0.0,3.0,4.5
2015-09-14,SR,-6,5529.0,10.0,0.0,18.0,27.0,0.0,18.0,27.0
2015-09-21,FG,-67,848.0,20.0,0.0,201.0,301.5,0.0,201.0,301.5
2015-09-21,FG,-15,848.0,20.0,0.0,45.0,67.5,0.0,45.0,67.5
2015-09-21,FG,-90,848.0,20.0,0.0,270.0,405.0,0.0,270.0,405.0
2015-09-21,JD,41,3860.0,5.0,0.0,61.5,92.25,0.0,61.5,92.25
2015-09-21,MA,-8,1925.0,10.0,0.0,11.2,16.799999999999997,0.0,11.2,16.799999999999997
2015-09-21,RB,-28,1919.0,10.0,1e-05,5.373200000000001,8.059800000000001,0.0001,53.732,80.598
2015-09-21,RU,1,11500.0,10.0,0.0,3.0,4.5,0.0,3.0,4.5
2015-09-21,RU,17,11500.0,10.0,0.0,51.0,76.5,0.0,51.0,76.5
2015-09-21,SR,26,5415.0,10.0,0.0,78.0,117.0,0.0,78.0,117.0
2015-09-22,AL,222,11915.0,5.0,0.0,666.0,999.0,0.0,666.0,999.0
2015-09-22,AL,-239,11935.0,5.0,0.0,717.0,1075.5,0.0,717.0,1075.5
2015-09-28,AL,239,11815.0,5.0,0.0,717.0,1075.5,0.0,717.0,1075.5
2015-09-28,C,-22,1828.0,10.0,0.0,26.4,39.599999999999994,0.0,26.4,39.599999999999994
2015-09-28,FG,-135,819.0,20.0,0.0,405.0,607.5,0.0,405.0,607.5
2015-09-28,JD,-12,3806.0,5.0,0.0,18.0,27.0,0.0,18.0,27.0
2015-09-28,MA,-100,1949.0,10.0,0.0,140.0,210.0,0.0,140.0,210.0
2015-09-28,RB,-126,1884.0,10.0,1e-05,23.738400000000002,35.607600000000005,0.0001,237.38400000000001,356.076
2015-09-28,SR,21,5592.0,10.0,0.0,63.0,94.5,0.0,63.0,94.5
2015-10-08,AL,-235,11690.0,5.0,0.0,705.0,1057.5,0.0,705.0,1057.5
2015-10-08,FG,90,824.0,20.0,0.0,270.0,405.0,0.0,270.0,405.0
2015-10-08,FG,14,824.0,20.0,0.0,42.0,63.0,0.0,42.0,63.0
2015-10-08,MA,48,1964.0,10.0,0.0,67.19999999999999,100.79999999999998,0.0,67.19999999999999,100.79999999999998
2015-10-08,MA,8,1964.0,10.0,0.0,11.2,16.799999999999997,0.0,11.2,16.799999999999997
2015-10-08,MA,17,1964.0,10.0,0.0,23.799999999999997,35.699999999999996,0.0,23.799999999999997,35.699999999999996
2015-10-12,C,-132,1805.0,10.0,0.0,158.4,237.60000000000002,0.0,158.4,237.60000000000002
2015-10-12,JD,42,3752.0,5.0,0.0,63.0,94.5,0.0,63.0,94.5
2015-10-12,JD,79,3752.0,5.0,0.0,118.5,177.75,0.0,118.5,177.75
2015-10-12,JD,12,3752.0,5.0,0.0,18.0,27.0,0.0,18.0,27.0
2015-10-12,MA,-55,2029.0,10.0,0.0,77.0,115.5,0.0,77.0,115.5
2015-10-12,P,40,4514.0,10.0,0.0,100.0,150.0,0.0,100.0,150.0
2015-10-12,RU,10,11865.0,10.0,0.0,30.0,45.0,0.0,30.0,45.0
2015-10-12,SR,-3,5711.0,10.0,0.0,9.0,13.5,0.0,9.0,13.5
2015-10-12,SR,-6,5711.0,10.0,0.0,18.0,27.0,0.0,18.0,27.0
2015-10-12,SR,-15,5711.0,10.0,0.0,45.0,67.5,0.0,45.0,67.5
2015-10-12,SR,-7,5711.0,10.0,0.0,21.0,31.5,0.0,21.0,31.5
2015-10-19,AL,-31,11190.0,5.0,0.0,93.0,139.5,0.0,93.0,139.5
2015-10-19,C,-39,1812.0,10.0,0.0,46.8,70.19999999999999,0.0,46.8,70.19999999999999
2015-10-19,FG,121,829.0,20.0,0.0,363.0,544.5,0.0,363.0,544.5
2015-10-19,MA,83,1969.0,10.0,0.0,116.19999999999999,174.29999999999998,0.0,116.19999999999999,174.29999999999998
2015-10-19,MA,55,1969.0,10.0,0.0,77.0,115.5,0.0,77.0,115.5
2015-10-19,P,-40,4606.0,10.0,0.0,100.0,150.0,0.0,100.0,150.0
2015-10-19,RB,-77,1828.0,10.0,1e-05,14.075600000000001,21.113400000000002,0.0001,140.756,211.13400000000001
2015-10-19,RU,-10,11600.0,10.0,0.0,30.0,45.0,0.0,30.0,45.0
2015-10-19,SR,48,5584.0,10.0,0.0,144.0,216.0,0.0,144.0,216.0
2015-10-23,AL,235,10740.0,5.0,0.0,705.0,1057.5,0.0,705.0,1057.5
2015-10-23,AL,31,10740.0,5.0,0.0,93.0,139.5,0.0,93.0,139.5
2015-10-23,AL,-301,10750.0,5.0,0.0,903.0,1354.5,0.0,903.0,1354.5
2015-10-26,C,96,1806.0,10.0,0.0,115.19999999999999,172.79999999999998,0.0,115.19999999999999,172.79999999999998
2015-10-26,C,22,1806.0,10.0,0.0,26.4,39.599999999999994,0.0,26.4,39.599999999999994
2015-10-26,C,132,1806.0,10.0,0.0,158.4,237.60000000000002,0.0,158.4,237.60000000000002
2015-10-26,C,39,1806.0,10.0,0.0,46.8,70.19999999999999,0.0,46.8,70.19999999999999
2015-10-26,JD,-299,3659.0,5.0,0.0,448.5,672.75,0.0,448.5,672.75
2015-10-26,P,46,4564.0,10.0,0.0,115.0,172.5,0.0,115.0,172.5
2015-10-26,SR,-19,5584.0,10.0,0.0,57.0,85.5,0.0,57.0,85.5
2015-10-26,SR,-13,5584.0,10.0,0.0,39.0,58.5,0.0,39.0,58.5
2015-11-02,AL,21,10345.0,5.0,0.0,63.0,94.5,0.0,63.0,94.5
2015-11-02,FG,281,885.0,20.0,0.0,843.0,1264.5,0.0,843.0,1264.5
2015-11-02,JD,-8,3651.0,5.0,0.0,12.0,18.0,0.0,12.0,18.0
2015-11-02,MA,-216,1859.0,10.0,0.0,302.4,453.59999999999997,0.0,302.4,453.59999999999997
2015-11-02,P,2,4398.0,10.0,0.0,5.0,7.5,0.0,5.0,7.5
2015-11-02,RB,-16,1781.0,10.0,1e-05,2.8496,4.2744,0.0001,28.496000000000002,42.744
2015-11-05,AL,2,10490.0,5.0,0.0,6.0,9.0,0.0,6.0,9.0
2015-11-05,FG,-2,888.0,20.0,0.0,6.0,9.0,0.0,6.0,9.0
2015-11-05,JD,2,3758.0,5.0,0.0,3.0,4.5,0.0,3.0,4.5
2015-11-05,MA,2,1912.0,10.0,0.0,2.8,4.199999999999999,0.0,2.8,4.199999999999999
2015-11-05,P,-1,4382.0,10.0,0.0,2.5,3.75,0.0,2.5,3.75
2015-11-05,RB,302,1782.0,10.0,1e-05,53.81640000000001,80.72460000000001,0.0001,538.164,807.246
2015-11-05,RB,28,1782.0,10.0,1e-05,4.989600000000001,7.484400000000002,0.0001,49.896,74.844
2015-11-05,RB,126,1782.0,10.0,1e-05,22.453200000000002,33.6798,0.0001,224.532,336.798
2015-11-05,RB,77,1782.0,10.0,1e-05,13.721400000000003,20.582100000000004,0.0001,137.214,205.821
2015-11-05,RB,16,1782.0,10.0,1e-05,2.8512000000000004,4.276800000000001,0.0001,28.512,42.768
2015-11-05,RB,-616,1779.0,10.0,1e-05,109.5864,164.37959999999998,0.0001,1095.864,1643.796
2015-11-05,SR,-1,5522.0,10.0,0.0,3.0,4.5,0.0,3.0,4.5
2015-11-06,AL,8,10565.0,5.0,0.0,24.0,36.0,0.0,24.0,36.0
2015-11-06,FG,-8,871.0,20.0,0.0,24.0,36.0,0.0,24.0,36.0
2015-11-06,JD,9,3767.0,5.0,0.0,13.5,20.25,0.0,13.5,20.25
2015-11-06,MA,6,1890.0,10.0,0.0,8.399999999999999,12.599999999999998,0.0,8.399999999999999,12.599999999999998
2015-11-06,P,-2,4340.0,10.0,0.0,5.0,7.5,0.0,5.0,7.5
2015-11-06,RB,18,1778.0,10.0,1e-05,3.2004,4.8006,0.0001,32.004,48.006
2015-11-06,SR,-2,5481.0,10.0,0.0,6.0,9.0,0.0,6.0,9.0
2015-11-09,AL,49,10555.0,5.0,0.0,147.0,220.5,0.0,147.0,220.5
2015-11-09,JD,141,3793.0,5.0,0.0,211.5,317.25,0.0,211.5,317.25
2015-11-09,M,-191,2470.0,10.0,0.0,286.5,429.75,0.0,286.5,429.75
2015-11-09,MA,208,1913.0,10.0,0.0,291.2,436.79999999999995,0.0,291.2,436.79999999999995
2015-11-09,P,-43,4260.0,10.0,0.0,107.5,161.25,0.0,107.5,161.25
2015-11-09,P,-2,4260.0,10.0,0.0,5.0,7.5,0.0,5.0,7.5
2015-11-09,RB,42,1792.0,10.0,1e-05,7.526400000000001,11.2896,0.0001,75.264,112.89599999999999
2015-11-09,RU,-21,10540.0,10.0,0.0,63.0,94.5,0.0,63.0,94.5
2015-11-09,SR,-1,5436.0,10.0,0.0,3.0,4.5,0.0,3.0,4.5
2015-11-16,AL,4,10135.0,5.0,0.0,12.0,18.0,0.0,12.0,18.0
2015-11-16,C,125,1877.0,10.0,0.0,150.0,225.0,0.0,150.0,225.0
2015-11-16,FG,18,885.0,20.0,0.0,54.0,81.0,0.0,54.0,81.0
2015-11-16,M,50,2447.0,10.0,0.0,75.0,112.5,0.0,75.0,112.5
2015-11-16,MA,-102,1916.0,10.0,0.0,142.79999999999998,214.2,0.0,142.79999999999998,214.2
2015-11-16,RB,-7,1758.0,10.0,1e-05,1.2306000000000001,1.8459000000000003,0.0001,12.306000000000001,18.459000000000003
2015-11-16,RU,4,10875.0,10.0,0.0,12.0,18.0,0.0,12.0,18.0
2015-11-16,SR,2,5428.0,10.0,0.0,6.0,9.0,0.0,6.0,9.0
2015-11-18,SR,-4,5414.0,10.0,0.0,8.0,12.0,0.0,8.0,12.0
2015-11-18,SR,-48,5414.0,10.0,0.0,96.0,144.0,0.0,96.0,144.0
2015-11-18,SR,-2,5414.0,10.0,0.0,4.0,6.0,0.0,4.0,6.0
2015-11-18,SR,67,5395.0,10.0,0.0,201.0,301.5,0.0,201.0,301.5
2015-11-23,C,-125,1844.0,10.0,0.0,150.0,225.0,0.0,150.0,225.0
2015-11-23,FG,30,861.0,20.0,0.0,90.0,135.0,0.0,90.0,135.0
2015-11-23,JD,147,3791.0,5.0,0.0,220.5,330.75,0.0,220.5,330.75
2015-11-23,JD,8,3791.0,5.0,0.0,12.0,18.0,0.0,12.0,18.0
2015-11-23,JD,136,3791.0,5.0,0.0,204.0,306.0,0.0,204.0,306.0
2015-11-23,MA,102,1810.0,10.0,0.0,142.79999999999998,214.2,0.0,142.79999999999998,214.2
2015-11-23,P,-59,4096.0,10.0,0.0,147.5,221.25,0.0,147.5,221.25
2015-11-23,RB,-75,1694.0,10.0,1e-05,12.705000000000002,19.057500000000005,0.0001,127.05000000000001,190.57500000000002
2015-11-23,RU,-13,10300.0,10.0,0.0,39.0,58.5,0.0,39.0,58.5
2015-11-24,AL,217,9855.0,5.0,0.0,651.0,976.5,0.0,651.0,976.5
2015-11-24,AL,-230,9800.0,5.0,0.0,690.0,1035.0,0.0,690.0,1035.0
2015-11-24,M,141,2324.0,10.0,0.0,211.5,317.25,0.0,211.5,317.25
2015-11-24,M,-131,2252.0,10.0,0.0,196.5,294.75,0.0,196.5,294.75
2015-11-25,RU,17,10415.0,10.0,0.0,51.0,76.5,0.0,51.0,76.5
2015-11-25,RU,13,10415.0,10.0,0.0,39.0,58.5,0.0,39.0,58.5
2015-11-25,RU,-33,9615.0,10.0,0.0,99.0,148.5,0.0,99.0,148.5
2015-11-27,JD,-136,3713.0,5.0,0.0,204.0,306.0,0.0,204.0,306.0
2015-11-27,JD,129,3238.0,5.0,0.0,193.5,290.25,0.0,193.5,290.25
2015-11-30,AL,94,10365.0,5.0,0.0,282.0,423.0,0.0,282.0,423.0
2015-11-30,FG,-209,895.0,20.0,0.0,627.0,940.5,0.0,627.0,940.5
2015-11-30,JD,-129,3200.0,5.0,0.0,193.5,290.25,0.0,193.5,290.25
2015-11-30,M,48,2362.0,10.0,0.0,72.0,108.0,0.0,72.0,108.0
2015-11-30,MA,-58,1855.0,10.0,0.0,58.0,87.0,0.0,58.0,87.0
2015-11-30,P,59,4336.0,10.0,0.0,147.5,221.25,0.0,147.5,221.25
2015-11-30,RB,22,1653.0,10.0,1e-05,3.6366,5.4549,0.0001,36.366,54.549
2015-11-30,RU,6,10015.0,10.0,0.0,18.0,27.0,0.0,18.0,27.0
2015-11-30,SR,-20,5553.0,10.0,0.0,60.0,90.0,0.0,60.0,90.0
2015-12-01,MA,58,1829.0,10.0,0.0,58.0,87.0,0.0,58.0,87.0
2015-12-01,MA,-67,1648.0,10.0,0.0,93.8,140.7,0.0,93.8,140.7
2015-12-03,FG,-62,871.0,20.0,0.0,124.0,186.0,0.0,124.0,186.0
2015-12-03,FG,-18,871.0,20.0,0.0,36.0,54.0,0.0,36.0,54.0
2015-12-03,FG,-30,871.0,20.0,0.0,60.0,90.0,0.0,60.0,90.0
2015-12-03,FG,100,825.0,20.0,0.0,300.0,450.0,0.0,300.0,450.0
2015-12-07,AL,136,10395.0,5.0,0.0,408.0,612.0,0.0,408.0,612.0
2015-12-07,C,184,1892.0,10.0,0.0,220.79999999999998,331.2,0.0,220.79999999999998,331.2
2015-12-07,FG,162,813.0,20.0,0.0,486.0,729.0,0.0,486.0,729.0
2015-12-07,JD,-136,3271.0,5.0,0.0,204.0,306.0,0.0,204.0,306.0
2015-12-07,M,-20,2333.0,10.0,0.0,30.0,45.0,0.0,30.0,45.0
2015-12-07,MA,-117,1649.0,10.0,0.0,163.79999999999998,245.7,0.0,163.79999999999998,245.7
2015-12-07,RB,-70,1651.0,10.0,1e-05,11.557000000000002,17.335500000000003,0.0001,115.57000000000001,173.35500000000002
2015-12-07,RU,27,10285.0,10.0,0.0,81.0,121.5,0.0,81.0,121.5
2015-12-07,SR,12,5507.0,10.0,0.0,36.0,54.0,0.0,36.0,54.0
2015-12-14,AL,-130,10615.0,5.0,0.0,390.0,585.0,0.0,390.0,585.0
2015-12-14,C,-184,1884.0,10.0,0.0,220.79999999999998,331.2,0.0,220.79999999999998,331.2
2015-12-14,FG,-100,821.0,20.0,0.0,300.0,450.0,0.0,300.0,450.0
2015-12-14,FG,-27,821.0,20.0,0.0,81.0,121.5,0.0,81.0,121.5
2015-12-14,M,8,2340.0,10.0,0.0,12.0,18.0,0.0,12.0,18.0
2015-12-14,P,39,4736.0,10.0,0.0,97.5,146.25,0.0,97.5,146.25
2015-12-14,RU,11,10250.0,10.0,0.0,33.0,49.5,0.0,33.0,49.5
2015-12-14,SR,-7,5528.0,10.0,0.0,21.0,31.5,0.0,21.0,31.5
2015-12-14,T,13,99.155,10000.0,0.0,39.0,58.5,0.0,39.0,58.5
2015-12-18,AL,130,10535.0,5.0,0.0,390.0,585.0,0.0,390.0,585.0
2015-12-18,AL,-150,10460.0,5.0,0.0,450.0,675.0,0.0,450.0,675.0
2015-12-21,AL,150,10700.0,5.0,0.0,450.0,675.0,0.0,450.0,675.0
2015-12-21,CF,-66,11380.0,5.0,0.0,283.8,425.70000000000005,0.0,283.8,425.70000000000005
2015-12-21,FG,15,836.0,20.0,0.0,45.0,67.5,0.0,45.0,67.5
2015-12-21,JD,-20,3219.0,5.0,0.0,30.0,45.0,0.0,30.0,45.0
2015-12-21,M,75,2372.0,10.0,0.0,112.5,168.75,0.0,112.5,168.75
2015-12-21,M,20,2372.0,10.0,0.0,30.0,45.0,0.0,30.0,45.0
2015-12-21,MA,-30,1664.0,10.0,0.0,42.0,63.0,0.0,42.0,63.0
2015-12-21,P,9,4584.0,10.0,0.0,22.5,33.75,0.0,22.5,33.75
2015-12-21,RU,3,10280.0,10.0,0.0,9.0,13.5,0.0,9.0,13.5
2015-12-21,SR,11,5560.0,10.0,0.0,33.0,49.5,0.0,33.0,49.5
2015-12-21,T,4,99.575,10000.0,0.0,12.0,18.0,0.0,12.0,18.0
2015-12-28,C,231,1903.0,10.0,0.0,277.2,415.79999999999995,0.0,277.2,415.79999999999995
2015-12-28,FG,12,829.0,20.0,0.0,36.0,54.0,0.0,36.0,54.0
2015-12-28,JD,-6,3252.0,5.0,0.0,9.0,13.5,0.0,9.0,13.5
2015-12-28,MA,67,1714.0,10.0,0.0,93.8,140.7,0.0,93.8,140.7
2015-12-28,MA,1,1714.0,10.0,0.0,1.4,2.0999999999999996,0.0,1.4,2.0999999999999996
2015-12-28,P,-39,4734.0,10.0,0.0,97.5,146.25,0.0,97.5,146.25
2015-12-28,P,-9,4734.0,10.0,0.0,22.5,33.75,0.0,22.5,33.75
2015-12-28,RB,534,1738.0,10.0,1e-05,92.8092,139.2138,0.0001,928.092,1392.138
2015-12-28,RB,7,1738.0,10.0,1e-05,1.2166000000000001,1.8249000000000002,0.0001,12.166,18.249000000000002
2015-12-28,RB,75,1738.0,10.0,1e-05,13.035,19.552500000000002,0.0001,130.35,195.52499999999998
2015-12-28,RB,70,1738.0,10.0,1e-05,12.166,18.249000000000002,0.0001,121.66,182.49
2015-12-28,RU,16,10635.0,10.0,0.0,48.0,72.0,0.0,48.0,72.0
2015-12-28,T,4,100.27,10000.0,0.0,12.0,18.0,0.0,12.0,18.0
2016-01-04,CF,-13,11400.0,5.0,0.0,55.9,83.85,0.0,55.9,83.85
2016-01-04,FG,370,835.0,20.0,0.0,1110.0,1665.0,0.0,1110.0,1665.0
2016-01-04,JD,-6,3218.0,5.0,0.0,9.0,13.5,0.0,9.0,13.5
2016-01-04,MA,116,1752.0,10.0,0.0,162.39999999999998,243.59999999999997,0.0,162.39999999999998,243.59999999999997
2016-01-04,MA,30,1752.0,10.0,0.0,42.0,63.0,0.0,42.0,63.0
2016-01-04,RU,-11,10575.0,10.0,0.0,33.0,49.5,0.0,33.0,49.5
2016-01-04,RU,-3,10575.0,10.0,0.0,9.0,13.5,0.0,9.0,13.5
2016-01-04,RU,-16,10575.0,10.0,0.0,48.0,72.0,0.0,48.0,72.0
2016-01-04,RU,-16,10575.0,10.0,0.0,48.0,72.0,0.0,48.0,72.0
2016-01-04,SR,3,5665.0,10.0,0.0,9.0,13.5,0.0,9.0,13.5
2016-01-04,T,1,100.005,10000.0,0.0,3.0,4.5,0.0,3.0,4.5
2016-01-11,C,-231,1898.0,10.0,0.0,277.2,415.79999999999995,0.0,277.2,415.79999999999995
2016-01-11,CF,-1,11305.0,5.0,0.0,4.3,6.449999999999999,0.0,4.3,6.449999999999999
2016-01-11,FG,-135,839.0,20.0,0.0,405.0,607.5,0.0,405.0,607.5
2016-01-11,FG,-15,839.0,20.0,0.0,45.0,67.5,0.0,45.0,67.5
2016-01-11,FG,-12,839.0,20.0,0.0,36.0,54.0,0.0,36.0,54.0
2016-01-11,FG,-141,839.0,20.0,0.0,423.0,634.5,0.0,423.0,634.5
2016-01-11,JD,-21,3264.0,5.0,0.0,31.5,47.25,0.0,31.5,47.25
2016-01-11,MA,281,1766.0,10.0,0.0,393.4,590.0999999999999,0.0,393.4,590.0999999999999
2016-01-11,P,50,4744.0,10.0,0.0,125.0,187.5,0.0,125.0,187.5
2016-01-11,RU,-1,10040.0,10.0,0.0,3.0,4.5,0.0,3.0,4.5
2016-01-11,SR,6,5570.0,10.0,0.0,18.0,27.0,0.0,18.0,27.0
2016-01-11,T,1,100.215,10000.0,0.0,3.0,4.5,0.0,3.0,4.5
2016-01-18,CF,-15,11195.0,5.0,0.0,64.5,96.75,0.0,64.5,96.75
2016-01-18,JD,136,3161.0,5.0,0.0,204.0,306.0,0.0,204.0,306.0
2016-01-18,JD,20,3161.0,5.0,0.0,30.0,45.0,0.0,30.0,45.0
2016-01-18,JD,6,3161.0,5.0,0.0,9.0,13.5,0.0,9.0,13.5
2016-01-18,JD,6,3161.0,5.0,0.0,9.0,13.5,0.0,9.0,13.5
2016-01-18,JD,21,3161.0,5.0,0.0,31.5,47.25,0.0,31.5,47.25
2016-01-18,M,267,2398.0,10.0,0.0,400.5,600.75,0.0,400.5,600.75
2016-01-18,MA,17,1702.0,10.0,0.0,23.799999999999997,35.699999999999996,0.0,23.799999999999997,35.699999999999996
2016-01-18,P,-50,4642.0,10.0,0.0,125.0,187.5,0.0,125.0,187.5
2016-01-18,RU,-1,9715.0,10.0,0.0,3.0,4.5,0.0,3.0,4.5
2016-01-18,SR,5,5419.0,10.0,0.0,15.0,22.5,0.0,15.0,22.5
2016-01-18,T,2,100.615,10000.0,0.0,6.0,9.0,0.0,6.0,9.0
2016-01-25,CF,-4,11415.0,5.0,0.0,17.2,25.799999999999997,0.0,17.2,25.799999999999997
2016-01-25,M,-104,2450.0,10.0,0.0,156.0,234.0,0.0,156.0,234.0
2016-01-25,MA,-103,1756.0,10.0,0.0,144.2,216.29999999999998,0.0,144.2,216.29999999999998
2016-01-25,RU,-18,10425.0,10.0,0.0,54.0,81.0,0.0,54.0,81.0
2016-01-25,SR,-40,5486.0,10.0,0.0,120.0,180.0,0.0,120.0,180.0
2016-01-25,SR,-12,5486.0,10.0,0.0,36.0,54.0,0.0,36.0,54.0
2016-01-25,SR,-11,5486.0,10.0,0.0,33.0,49.5,0.0,33.0,49.5
2016-01-25,SR,-3,5486.0,10.0,0.0,9.0,13.5,0.0,9.0,13.5
2016-01-25,SR,-6,5486.0,10.0,0.0,18.0,27.0,0.0,18.0,27.0
2016-01-25,SR,-5,5486.0,10.0,0.0,15.0,22.5,0.0,15.0,22.5
2016-01-25,T,1,100.205,10000.0,0.0,3.0,4.5,0.0,3.0,4.5
2016-02-01,AL,-262,10755.0,5.0,0.0,786.0,1179.0,0.0,786.0,1179.0
2016-02-01,FG,201,854.0,20.0,0.0,603.0,904.5,0.0,603.0,904.5
2016-02-01,MA,-178,1748.0,10.0,0.0,249.2,373.79999999999995,0.0,249.2,373.79999999999995
2016-02-01,MA,-17,1748.0,10.0,0.0,23.799999999999997,35.699999999999996,0.0,23.799999999999997,35.699999999999996
2016-02-04,CF,66,11475.0,5.0,0.0,283.8,425.70000000000005,0.0,283.8,425.70000000000005
2016-02-04,CF,13,11475.0,5.0,0.0,55.9,83.85,0.0,55.9,83.85
2016-02-04,CF,1,11475.0,5.0,0.0,4.3,6.449999999999999,0.0,4.3,6.449999999999999
2016-02-04,CF,15,11475.0,5.0,0.0,64.5,96.75,0.0,64.5,96.75
2016-02-04,CF,4,11475.0,5.0,0.0,17.2,25.799999999999997,0.0,17.2,25.799999999999997
2016-02-04,CF,-109,10695.0,5.0,0.0,468.7,703.05,0.0,468.7,703.05
2016-02-05,T,-13,100.24,10000.0,0.0,39.0,58.5,0.0,39.0,58.5
2016-02-05,T,-4,100.24,10000.0,0.0,12.0,18.0,0.0,12.0,18.0
2016-02-05,T,-4,100.24,10000.0,0.0,12.0,18.0,0.0,12.0,18.0
2016-02-05,T,-1,100.24,10000.0,0.0,3.0,4.5,0.0,3.0,4.5
2016-02-05,T,-1,100.24,10000.0,0.0,3.0,4.5,0.0,3.0,4.5
2016-02-05,T,-2,100.24,10000.0,0.0,6.0,9.0,0.0,6.0,9.0
2016-02-05,T,-1,100.24,10000.0,0.0,3.0,4.5,0.0,3.0,4.5
2016-02-05,T,28,99.555,10000.0,0.0,84.0,126.0,0.0,84.0,126.0
2016-02-15,C,303,1964.0,10.0,0.0,363.59999999999997,545.4,0.0,363.59999999999997,545.4
2016-02-15,FG,8,863.0,20.0,0.0,24.0,36.0,0.0,24.0,36.0
2016-02-15,M,-163,2426.0,10.0,0.0,244.5,366.75,0.0,244.5,366.75
2016-02-22,AL,262,11095.0,5.0,0.0,786.0,1179.0,0.0,786.0,1179.0
2016-02-22,CF,3,10450.0,5.0,0.0,12.899999999999999,19.349999999999998,0.0,12.899999999999999,19.349999999999998
2016-02-22,FG,210,890.0,20.0,0.0,630.0,945.0,0.0,630.0,945.0
2016-02-22,RU,10,10610.0,10.0,0.0,30.0,45.0,0.0,30.0,45.0
2016-02-23,C,-303,1902.0,10.0,0.0,363.59999999999997,545.4,0.0,363.59999999999997,545.4
2016-02-23,C,303,1650.0,10.0,0.0,363.59999999999997,545.4,0.0,363.59999999999997,545.4
2016-02-29,C,-303,1566.0,10.0,0.0,363.59999999999997,545.4,0.0,363.59999999999997,545.4
2016-02-29,CF,-62,10065.0,5.0,0.0,266.59999999999997,399.9,0.0,266.59999999999997,399.9
2016-02-29,FG,-229,920.0,20.0,0.0,687.0,1030.5,0.0,687.0,1030.5
2016-02-29,FG,-158,920.0,20.0,0.0,474.0,711.0,0.0,474.0,711.0
2016-02-29,MA,328,1777.0,10.0,0.0,459.2,688.8,0.0,459.2,688.8
2016-02-29,P,62,4932.0,10.0,0.0,155.0,232.5,0.0,155.0,232.5
2016-02-29,SR,-91,5423.0,10.0,0.0,273.0,409.5,0.0,273.0,409.5
2016-02-29,T,-28,99.37,10000.0,0.0,84.0,126.0,0.0,84.0,126.0
2016-02-29,T,-29,99.37,10000.0,0.0,87.0,130.5,0.0,87.0,130.5
2016-03-02,SR,91,5355.0,10.0,0.0,182.0,273.0,0.0,182.0,273.0
2016-03-02,SR,-105,5471.0,10.0,0.0,315.0,472.5,0.0,315.0,472.5
2016-03-07,FG,177,932.0,20.0,0.0,531.0,796.5,0.0,531.0,796.5
2016-03-07,MA,-328,1826.0,10.0,0.0,459.2,688.8,0.0,459.2,688.8
2016-03-07,P,3,5054.0,10.0,0.0,7.5,11.25,0.0,7.5,11.25
2016-03-07,RU,-3,11415.0,10.0,0.0,9.0,13.5,0.0,9.0,13.5
2016-03-07,SR,105,5496.0,10.0,0.0,315.0,472.5,0.0,315.0,472.5
2016-03-07,SR,95,5496.0,10.0,0.0,285.0,427.5,0.0,285.0,427.5
2016-03-14,CF,9,10150.0,5.0,0.0,38.699999999999996,58.05,0.0,38.699999999999996,58.05
2016-03-14,FG,76,958.0,20.0,0.0,228.0,342.0,0.0,228.0,342.0
2016-03-14,MA,-117,1909.0,10.0,0.0,163.79999999999998,245.7,0.0,163.79999999999998,245.7
2016-03-14,RU,6,11385.0,10.0,0.0,18.0,27.0,0.0,18.0,27.0
2016-03-14,RU,1,11385.0,10.0,0.0,3.0,4.5,0.0,3.0,4.5
2016-03-14,RU,1,11385.0,10.0,0.0,3.0,4.5,0.0,3.0,4.5
2016-03-14,RU,18,11385.0,10.0,0.0,54.0,81.0,0.0,54.0,81.0
2016-03-14,RU,3,11385.0,10.0,0.0,9.0,13.5,0.0,9.0,13.5
2016-03-16,P,-62,5126.0,10.0,0.0,155.0,232.5,0.0,155.0,232.5
2016-03-16,P,-3,5126.0,10.0,0.0,7.5,11.25,0.0,7.5,11.25
2016-03-16,P,76,5198.0,10.0,0.0,190.0,285.0,0.0,190.0,285.0
2016-03-21,CF,80,10390.0,5.0,0.0,344.0,516.0,0.0,344.0,516.0
2016-03-21,FG,22,954.0,20.0,0.0,66.0,99.0,0.0,66.0,99.0
2016-03-21,M,-179,2326.0,10.0,0.0,268.5,402.75,0.0,268.5,402.75
2016-03-21,MA,-3,2004.0,10.0,0.0,4.199999999999999,6.299999999999999,0.0,4.199999999999999,6.299999999999999
2016-03-21,P,-2,5346.0,10.0,0.0,5.0,7.5,0.0,5.0,7.5
2016-03-21,T,29,99.605,10000.0,0.0,87.0,130.5,0.0,87.0,130.5
2016-03-21,T,29,99.605,10000.0,0.0,87.0,130.5,0.0,87.0,130.5
2016-03-28,CF,5,10450.0,5.0,0.0,21.5,32.25,0.0,21.5,32.25
2016-03-28,JD,189,3811.0,5.0,0.0,283.5,425.25,0.0,283.5,425.25
2016-03-28,P,-74,5494.0,10.0,0.0,185.0,277.5,0.0,185.0,277.5
2016-03-28,T,-29,99.715,10000.0,0.0,87.0,130.5,0.0,87.0,130.5
2016-03-28,T,-29,99.715,10000.0,0.0,87.0,130.5,0.0,87.0,130.5
2016-04-05,C,-373,1428.0,10.0,0.0,447.59999999999997,671.4,0.0,447.59999999999997,671.4
2016-04-05,CF,12,10265.0,5.0,0.0,51.599999999999994,77.39999999999999,0.0,51.599999999999994,77.39999999999999
2016-04-05,CF,62,10265.0,5.0,0.0,266.59999999999997,399.9,0.0,266.59999999999997,399.9
2016-04-05,FG,-43,926.0,20.0,0.0,129.0,193.5,0.0,129.0,193.5
2016-04-05,FG,-8,926.0,20.0,0.0,24.0,36.0,0.0,24.0,36.0
2016-04-05,FG,-210,926.0,20.0,0.0,630.0,945.0,0.0,630.0,945.0
2016-04-05,FG,-53,926.0,20.0,0.0,159.0,238.5,0.0,159.0,238.5
2016-04-05,JD,-189,3643.0,5.0,0.0,283.5,425.25,0.0,283.5,425.25
2016-04-05,M,179,2332.0,10.0,0.0,268.5,402.75,0.0,268.5,402.75
2016-04-05,MA,-6,1858.0,10.0,0.0,8.399999999999999,12.599999999999998,0.0,8.399999999999999,12.599999999999998
2016-04-05,P,122,5574.0,10.0,0.0,305.0,457.5,0.0,305.0,457.5
2016-04-05,RU,39,11415.0,10.0,0.0,117.0,175.5,0.0,117.0,175.5
2016-04-05,SR,-95,5583.0,10.0,0.0,285.0,427.5,0.0,285.0,427.5
2016-04-05,T,29,99.93,10000.0,0.0,87.0,130.5,0.0,87.0,130.5
2016-04-05,T,64,99.93,10000.0,0.0,192.0,288.0,0.0,192.0,288.0
2016-04-08,FG,-124,915.0,20.0,0.0,248.0,372.0,0.0,248.0,372.0
2016-04-08,FG,-76,915.0,20.0,0.0,152.0,228.0,0.0,152.0,228.0
2016-04-08,FG,-22,915.0,20.0,0.0,44.0,66.0,0.0,44.0,66.0
2016-04-08,FG,183,972.0,20.0,0.0,549.0,823.5,0.0,549.0,823.5
2016-04-11,C,-35,1429.0,10.0,0.0,42.0,63.0,0.0,42.0,63.0
2016-04-11,MA,117,1856.0,10.0,0.0,117.0,175.5,0.0,117.0,175.5
2016-04-11,MA,3,1856.0,10.0,0.0,3.0,4.5,0.0,3.0,4.5
2016-04-11,MA,6,1856.0,10.0,0.0,6.0,9.0,0.0,6.0,9.0
2016-04-11,MA,145,1918.0,10.0,0.0,203.0,304.5,0.0,203.0,304.5
2016-04-11,RU,-39,11700.0,10.0,0.0,117.0,175.5,0.0,117.0,175.5
2016-04-11,T,1,99.645,10000.0,0.0,3.0,4.5,0.0,3.0,4.5
2016-04-18,FG,-3,993.0,20.0,0.0,9.0,13.5,0.0,9.0,13.5
2016-04-18,MA,-145,1943.0,10.0,0.0,203.0,304.5,0.0,203.0,304.5
2016-04-18,MA,-220,1943.0,10.0,0.0,308.0,462.0,0.0,308.0,462.0
2016-04-18,P,2,5514.0,10.0,0.0,5.0,7.5,0.0,5.0,7.5
2016-04-18,RB,317,2288.0,10.0,1e-05,72.52960000000002,108.79440000000002,0.0001,725.296,1087.944
2016-04-18,RU,13,12330.0,10.0,0.0,39.0,58.5,0.0,39.0,58.5
2016-04-25,C,55,1527.0,10.0,0.0,66.0,99.0,0.0,66.0,99.0
2016-04-25,FG,-32,1019.0,20.0,0.0,96.0,144.0,0.0,96.0,144.0
2016-04-25,M,85,2593.0,10.0,0.0,127.5,191.25,0.0,127.5,191.25
2016-04-25,P,-65,5696.0,10.0,0.0,162.5,243.75,0.0,162.5,243.75
2016-04-25,RB,-69,2607.0,10.0,1e-05,17.988300000000002,26.982450000000004,0.0001,179.883,269.8245
2016-04-25,T,-64,99.3,10000.0,0.0,192.0,288.0,0.0,192.0,288.0
2016-04-25,T,-1,99.3,10000.0,0.0,3.0,4.5,0.0,3.0,4.5
2016-05-03,C,173,1527.0,10.0,0.0,207.6,311.4,0.0,207.6,311.4
2016-05-03,CF,19,12625.0,5.0,0.0,114.0,171.0,0.0,114.0,171.0
2016-05-03,FG,-11,1000.0,20.0,0.0,33.0,49.5,0.0,33.0,49.5
2016-05-03,M,-85,2657.0,10.0,0.0,127.5,191.25,0.0,127.5,191.25
2016-05-03,MA,103,2046.0,10.0,0.0,144.2,216.29999999999998,0.0,144.2,216.29999999999998
2016-05-03,P,-4,5396.0,10.0,0.0,10.0,15.0,0.0,10.0,15.0
2016-05-03,RB,-13,2544.0,10.0,1e-05,3.3072000000000004,4.960800000000001,0.0001,33.072,49.608000000000004
2016-05-03,RU,13,12610.0,10.0,0.0,39.0,58.5,0.0,39.0,58.5
2016-05-03,SR,-68,5520.0,10.0,0.0,204.0,306.0,0.0,204.0,306.0
2016-05-09,C,-100,1523.0,10.0,0.0,120.0,180.0,0.0,120.0,180.0
2016-05-09,CF,-19,12360.0,5.0,0.0,114.0,171.0,0.0,114.0,171.0
2016-05-09,FG,-24,943.0,20.0,0.0,72.0,108.0,0.0,72.0,108.0
2016-05-09,M,65,2614.0,10.0,0.0,97.5,146.25,0.0,97.5,146.25
2016-05-09,MA,12,1924.0,10.0,0.0,16.799999999999997,25.199999999999996,0.0,16.799999999999997,25.199999999999996
2016-05-09,P,-53,5384.0,10.0,0.0,132.5,198.75,0.0,132.5,198.75
2016-05-09,P,-2,5384.0,10.0,0.0,5.0,7.5,0.0,5.0,7.5
2016-05-09,RB,-39,2342.0,10.0,1e-05,9.1338,13.700700000000001,0.0001,91.33800000000001,137.007
2016-05-16,C,124,1540.0,10.0,0.0,148.79999999999998,223.2,0.0,148.79999999999998,223.2
2016-05-16,CF,18,12315.0,5.0,0.0,108.0,162.0,0.0,108.0,162.0
2016-05-16,FG,-113,953.0,20.0,0.0,339.0,508.5,0.0,339.0,508.5
2016-05-16,MA,105,1897.0,10.0,0.0,147.0,220.5,0.0,147.0,220.5
2016-05-16,P,-31,5100.0,10.0,0.0,77.5,116.25,0.0,77.5,116.25
2016-05-16,RB,-196,2021.0,10.0,1e-05,39.6116,59.4174,0.0001,396.116,594.174
2016-05-16,RU,-13,11205.0,10.0,0.0,39.0,58.5,0.0,39.0,58.5
2016-05-16,RU,-13,11205.0,10.0,0.0,39.0,58.5,0.0,39.0,58.5
2016-05-16,SR,68,5583.0,10.0,0.0,204.0,306.0,0.0,204.0,306.0
2016-05-16,T,44,99.355,10000.0,0.0,132.0,198.0,0.0,132.0,198.0
2016-05-23,CF,-18,12705.0,5.0,0.0,108.0,162.0,0.0,108.0,162.0
2016-05-23,FG,92,977.0,20.0,0.0,276.0,414.0,0.0,276.0,414.0
2016-05-23,M,62,2902.0,10.0,0.0,93.0,139.5,0.0,93.0,139.5
2016-05-23,P,-1,5146.0,10.0,0.0,2.5,3.75,0.0,2.5,3.75
2016-05-23,RB,-166,2064.0,10.0,1e-05,34.26240000000001,51.393600000000006,0.0001,342.624,513.936
2016-05-23,RU,-32,10865.0,10.0,0.0,96.0,144.0,0.0,96.0,144.0
2016-05-23,T,1,99.095,10000.0,0.0,3.0,4.5,0.0,3.0,4.5
2016-05-30,M,-8,2860.0,10.0,0.0,12.0,18.0,0.0,12.0,18.0
2016-05-30,T,4,99.125,10000.0,0.0,12.0,18.0,0.0,12.0,18.0
2016-06-06,AL,-112,11985.0,5.0,0.0,336.0,504.0,0.0,336.0,504.0
2016-06-06,C,17,1624.0,10.0,0.0,20.4,30.599999999999998,0.0,20.4,30.599999999999998
2016-06-06,FG,-9,1009.0,20.0,0.0,27.0,40.5,0.0,27.0,40.5
2016-06-06,M,-26,3072.0,10.0,0.0,39.0,58.5,0.0,39.0,58.5
2016-06-06,P,2,5392.0,10.0,0.0,5.0,7.5,0.0,5.0,7.5
2016-06-06,RU,2,10605.0,10.0,0.0,6.0,9.0,0.0,6.0,9.0
2016-06-13,AL,-16,11800.0,5.0,0.0,48.0,72.0,0.0,48.0,72.0
2016-06-13,C,4,1634.0,10.0,0.0,4.8,7.199999999999999,0.0,4.8,7.199999999999999
2016-06-13,C,35,1634.0,10.0,0.0,42.0,63.0,0.0,42.0,63.0
2016-06-13,C,100,1634.0,10.0,0.0,120.0,180.0,0.0,120.0,180.0
2016-06-13,FG,93,1020.0,20.0,0.0,279.0,418.5,0.0,279.0,418.5
2016-06-13,JD,-88,3918.0,5.0,0.0,132.0,198.0,0.0,132.0,198.0
2016-06-13,M,-31,3318.0,10.0,0.0,46.5,69.75,0.0,46.5,69.75
2016-06-13,M,-3,3318.0,10.0,0.0,4.5,6.75,0.0,4.5,6.75
2016-06-13,P,29,5440.0,10.0,0.0,72.5,108.75,0.0,72.5,108.75
2016-06-13,P,1,5440.0,10.0,0.0,2.5,3.75,0.0,2.5,3.75
2016-06-13,RB,-16,2091.0,10.0,1e-05,3.3456,5.0184,0.0001,33.456,50.184000000000005
2016-06-13,RU,3,10365.0,10.0,0.0,9.0,13.5,0.0,9.0,13.5
2016-06-13,T,4,99.005,10000.0,0.0,12.0,18.0,0.0,12.0,18.0
2016-06-20,AL,-61,11960.0,5.0,0.0,183.0,274.5,0.0,183.0,274.5
2016-06-20,C,-131,1593.0,10.0,0.0,157.2,235.79999999999998,0.0,157.2,235.79999999999998
2016-06-20,FG,49,998.0,20.0,0.0,147.0,220.5,0.0,147.0,220.5
2016-06-20,JD,88,3882.0,5.0,0.0,132.0,198.0,0.0,132.0,198.0
2016-06-20,M,35,3235.0,10.0,0.0,52.5,78.75,0.0,52.5,78.75
2016-06-20,P,-40,5114.0,10.0,0.0,100.0,150.0,0.0,100.0,150.0
2016-06-20,RB,-50,2071.0,10.0,1e-05,10.355,15.5325,0.0001,103.55000000000001,155.32500000000002
2016-06-20,RU,-2,10935.0,10.0,0.0,6.0,9.0,0.0,6.0,9.0
2016-06-20,T,-44,99.675,10000.0,0.0,132.0,198.0,0.0,132.0,198.0
2016-06-20,T,-1,99.675,10000.0,0.0,3.0,4.5,0.0,3.0,4.5
2016-06-20,T,-4,99.675,10000.0,0.0,12.0,18.0,0.0,12.0,18.0
2016-06-20,T,-4,99.675,10000.0,0.0,12.0,18.0,0.0,12.0,18.0
2016-06-27,M,-38,3158.0,10.0,0.0,57.0,85.5,0.0,57.0,85.5
2016-06-27,RB,166,2126.0,10.0,1e-05,35.2916,52.937400000000004,0.0001,352.916,529.374
2016-06-27,RB,16,2126.0,10.0,1e-05,3.4016,5.1024,0.0001,34.016,51.024
2016-06-27,RB,50,2126.0,10.0,1e-05,10.63,15.945,0.0001,106.3,159.45
2016-06-27,SR,56,5702.0,10.0,0.0,168.0,252.0,0.0,168.0,252.0
2016-06-27,T,58,100.195,10000.0,0.0,174.0,261.0,0.0,174.0,261.0
2016-07-04,AL,112,12785.0,5.0,0.0,336.0,504.0,0.0,336.0,504.0
2016-07-04,AL,16,12785.0,5.0,0.0,48.0,72.0,0.0,48.0,72.0
2016-07-04,AL,61,12785.0,5.0,0.0,183.0,274.5,0.0,183.0,274.5
2016-07-04,AL,159,12785.0,5.0,0.0,477.0,715.5,0.0,477.0,715.5
2016-07-04,FG,8,1110.0,20.0,0.0,24.0,36.0,0.0,24.0,36.0
2016-07-04,JD,-81,4158.0,5.0,0.0,121.5,182.25,0.0,121.5,182.25
2016-07-04,M,29,3443.0,10.0,0.0,43.5,65.25,0.0,43.5,65.25
2016-07-04,P,40,5236.0,10.0,0.0,100.0,150.0,0.0,100.0,150.0
2016-07-04,RB,195,2350.0,10.0,1e-05,45.825,68.73750000000001,0.0001,458.25,687.375
2016-07-04,RU,16,11455.0,10.0,0.0,48.0,72.0,0.0,48.0,72.0
2016-07-04,SR,-56,6008.0,10.0,0.0,168.0,252.0,0.0,168.0,252.0
2016-07-05,AL,-159,12680.0,5.0,0.0,477.0,715.5,0.0,477.0,715.5
2016-07-05,AL,172,12540.0,5.0,0.0,516.0,774.0,0.0,516.0,774.0
2016-07-11,C,-67,1531.0,10.0,0.0,80.39999999999999,120.6,0.0,80.39999999999999,120.6
2016-07-11,CF,26,14450.0,5.0,0.0,156.0,234.0,0.0,156.0,234.0
2016-07-11,FG,-83,1050.0,20.0,0.0,249.0,373.5,0.0,249.0,373.5
2016-07-11,FG,-81,1050.0,20.0,0.0,243.0,364.5,0.0,243.0,364.5
2016-07-11,JD,81,4177.0,5.0,0.0,121.5,182.25,0.0,121.5,182.25
2016-07-11,M,-21,3099.0,10.0,0.0,31.5,47.25,0.0,31.5,47.25
2016-07-11,M,-35,3099.0,10.0,0.0,52.5,78.75,0.0,52.5,78.75
2016-07-11,M,-29,3099.0,10.0,0.0,43.5,65.25,0.0,43.5,65.25
2016-07-11,RU,11,10790.0,10.0,0.0,33.0,49.5,0.0,33.0,49.5
2016-07-11,RU,2,10790.0,10.0,0.0,6.0,9.0,0.0,6.0,9.0
2016-07-11,RU,7,10790.0,10.0,0.0,21.0,31.5,0.0,21.0,31.5
2016-07-11,T,-2,100.58,10000.0,0.0,6.0,9.0,0.0,6.0,9.0
2016-07-18,AL,4,12730.0,5.0,0.0,12.0,18.0,0.0,12.0,18.0
2016-07-18,C,43,1512.0,10.0,0.0,51.6,77.4,0.0,51.6,77.4
2016-07-18,CF,2,16110.0,5.0,0.0,12.0,18.0,0.0,12.0,18.0
2016-07-18,FG,62,1100.0,20.0,0.0,186.0,279.0,0.0,186.0,279.0
2016-07-18,MA,-147,1933.0,10.0,0.0,205.79999999999998,308.7,0.0,205.79999999999998,308.7
2016-07-18,P,-28,5046.0,10.0,0.0,70.0,105.0,0.0,70.0,105.0
2016-07-18,RU,-7,11455.0,10.0,0.0,21.0,31.5,0.0,21.0,31.5
2016-07-25,AL,-3,12185.0,5.0,0.0,9.0,13.5,0.0,9.0,13.5
2016-07-25,C,-97,1478.0,10.0,0.0,116.39999999999999,174.6,0.0,116.39999999999999,174.6
2016-07-25,FG,45,1061.0,20.0,0.0,135.0,202.5,0.0,135.0,202.5
2016-07-25,MA,61,1858.0,10.0,0.0,85.39999999999999,128.1,0.0,85.39999999999999,128.1
2016-07-25,P,28,4926.0,10.0,0.0,70.0,105.0,0.0,70.0,105.0
2016-07-25,RB,-22,2310.0,10.0,1e-05,5.082,7.622999999999999,0.0001,50.82,76.23
2016-08-01,AL,-11,12285.0,5.0,0.0,33.0,49.5,0.0,33.0,49.5
2016-08-01,C,-21,1448.0,10.0,0.0,25.2,37.8,0.0,25.2,37.8
2016-08-01,FG,-12,1078.0,20.0,0.0,36.0,54.0,0.0,36.0,54.0
2016-08-01,FG,-20,1078.0,20.0,0.0,60.0,90.0,0.0,60.0,90.0
2016-08-01,MA,-68,1853.0,10.0,0.0,95.19999999999999,142.79999999999998,0.0,95.19999999999999,142.79999999999998
2016-08-03,AL,-158,12330.0,5.0,0.0,474.0,711.0,0.0,474.0,711.0
2016-08-03,AL,-4,12330.0,5.0,0.0,12.0,18.0,0.0,12.0,18.0
2016-08-03,AL,162,12250.0,5.0,0.0,486.0,729.0,0.0,486.0,729.0
2016-08-08,AL,-162,12230.0,5.0,0.0,486.0,729.0,0.0,486.0,729.0
2016-08-08,C,88,1475.0,10.0,0.0,105.6,158.39999999999998,0.0,105.6,158.39999999999998
2016-08-08,C,67,1475.0,10.0,0.0,80.39999999999999,120.6,0.0,80.39999999999999,120.6
2016-08-08,C,97,1475.0,10.0,0.0,116.39999999999999,174.6,0.0,116.39999999999999,174.6
2016-08-08,C,21,1475.0,10.0,0.0,25.2,37.8,0.0,25.2,37.8
2016-08-08,CF,-12,15190.0,5.0,0.0,72.0,108.0,0.0,72.0,108.0
2016-08-08,FG,-29,1166.0,20.0,0.0,87.0,130.5,0.0,87.0,130.5
2016-08-08,FG,-8,1166.0,20.0,0.0,24.0,36.0,0.0,24.0,36.0
2016-08-08,FG,-30,1166.0,20.0,0.0,90.0,135.0,0.0,90.0,135.0
2016-08-08,JD,-104,3503.0,5.0,0.0,156.0,234.0,0.0,156.0,234.0
2016-08-08,M,-90,2944.0,10.0,0.0,135.0,202.5,0.0,135.0,202.5
2016-08-08,MA,-16,1902.0,10.0,0.0,22.4,33.599999999999994,0.0,22.4,33.599999999999994
2016-08-08,RU,-11,12685.0,10.0,0.0,33.0,49.5,0.0,33.0,49.5
2016-08-08,T,1,101.4,10000.0,0.0,3.0,4.5,0.0,3.0,4.5
2016-08-10,MA,86,1918.0,10.0,0.0,86.0,129.0,0.0,86.0,129.0
2016-08-10,MA,68,1918.0,10.0,0.0,68.0,102.0,0.0,68.0,102.0
2016-08-10,MA,16,1918.0,10.0,0.0,16.0,24.0,0.0,16.0,24.0
2016-08-10,MA,-201,2043.0,10.0,0.0,281.4,422.09999999999997,0.0,281.4,422.09999999999997
2016-08-10,T,-56,101.735,10000.0,0.0,168.0,252.0,0.0,168.0,252.0
2016-08-10,T,-1,101.735,10000.0,0.0,3.0,4.5,0.0,3.0,4.5
2016-08-10,T,70,101.36,10000.0,0.0,210.0,315.0,0.0,210.0,315.0
2016-08-15,C,-198,1454.0,10.0,0.0,237.6,356.4,0.0,237.6,356.4
2016-08-15,CF,2,14665.0,5.0,0.0,12.0,18.0,0.0,12.0,18.0
2016-08-15,FG,-32,1152.0,20.0,0.0,64.0,96.0,0.0,64.0,96.0
2016-08-15,FG,-45,1152.0,20.0,0.0,90.0,135.0,0.0,90.0,135.0
2016-08-15,FG,222,1184.0,20.0,0.0,666.0,999.0,0.0,666.0,999.0
2016-08-15,JD,-22,3439.0,5.0,0.0,33.0,49.5,0.0,33.0,49.5
2016-08-15,M,90,3002.0,10.0,0.0,135.0,202.5,0.0,135.0,202.5
2016-08-15,MA,201,2039.0,10.0,0.0,281.4,422.09999999999997,0.0,281.4,422.09999999999997
2016-08-15,P,39,5332.0,10.0,0.0,97.5,146.25,0.0,97.5,146.25
2016-08-15,RB,31,2562.0,10.0,1e-05,7.9422000000000015,11.913300000000003,0.0001,79.42200000000001,119.13300000000001
2016-08-15,RU,-1,12975.0,10.0,0.0,3.0,4.5,0.0,3.0,4.5
2016-08-19,RB,-173,2575.0,10.0,1e-05,44.5475,66.82124999999999,0.0001,445.475,668.2125000000001
2016-08-19,RB,-31,2575.0,10.0,1e-05,7.9825,11.973749999999999,0.0001,79.825,119.73750000000001
2016-08-19,RB,242,2539.0,10.0,1e-05,61.4438,92.1657,0.0001,614.438,921.6569999999999
2016-08-22,C,-12,1468.0,10.0,0.0,14.399999999999999,21.599999999999998,0.0,14.399999999999999,21.599999999999998
2016-08-22,CF,4,14605.0,5.0,0.0,24.0,36.0,0.0,24.0,36.0
2016-08-22,FG,-49,1213.0,20.0,0.0,147.0,220.5,0.0,147.0,220.5
2016-08-22,JD,-7,3484.0,5.0,0.0,10.5,15.75,0.0,10.5,15.75
2016-08-22,MA,-115,2020.0,10.0,0.0,161.0,241.5,0.0,161.0,241.5
2016-08-22,P,1,5550.0,10.0,0.0,2.5,3.75,0.0,2.5,3.75
2016-08-22,RU,-4,13055.0,10.0,0.0,12.0,18.0,0.0,12.0,18.0
2016-08-29,AL,163,12335.0,5.0,0.0,489.0,733.5,0.0,489.0,733.5
2016-08-29,C,-18,1446.0,10.0,0.0,21.599999999999998,32.4,0.0,21.599999999999998,32.4
2016-08-29,FG,-3,1221.0,20.0,0.0,9.0,13.5,0.0,9.0,13.5
2016-08-29,JD,-4,3342.0,5.0,0.0,6.0,9.0,0.0,6.0,9.0
2016-08-29,MA,115,1951.0,10.0,0.0,161.0,241.5,0.0,161.0,241.5
2016-08-29,RU,-7,12335.0,10.0,0.0,21.0,31.5,0.0,21.0,31.5
2016-09-05,AL,-163,12300.0,5.0,0.0,489.0,733.5,0.0,489.0,733.5
2016-09-05,AL,141,12220.0,5.0,0.0,423.0,634.5,0.0,423.0,634.5
2016-09-05,C,30,1459.0,10.0,0.0,36.0,54.0,0.0,36.0,54.0
2016-09-05,CF,-14,13815.0,5.0,0.0,84.0,126.0,0.0,84.0,126.0
2016-09-05,CF,-2,13815.0,5.0,0.0,12.0,18.0,0.0,12.0,18.0
2016-09-05,CF,-2,13815.0,5.0,0.0,12.0,18.0,0.0,12.0,18.0
2016-09-05,CF,-4,13815.0,5.0,0.0,24.0,36.0,0.0,24.0,36.0
2016-09-05,JD,10,3388.0,5.0,0.0,15.0,22.5,0.0,15.0,22.5
2016-09-05,P,12,5466.0,10.0,0.0,30.0,45.0,0.0,30.0,45.0
2016-09-05,RB,-33,2414.0,10.0,1e-05,7.966200000000001,11.949300000000001,0.0001,79.662,119.49300000000001
2016-09-05,RU,11,12445.0,10.0,0.0,33.0,49.5,0.0,33.0,49.5
2016-09-05,RU,1,12445.0,10.0,0.0,3.0,4.5,0.0,3.0,4.5
2016-09-05,RU,1,12445.0,10.0,0.0,3.0,4.5,0.0,3.0,4.5
2016-09-05,T,-18,100.72,10000.0,0.0,54.0,81.0,0.0,54.0,81.0
2016-09-12,AL,30,12035.0,5.0,0.0,90.0,135.0,0.0,90.0,135.0
2016-09-12,C,-10,1436.0,10.0,0.0,12.0,18.0,0.0,12.0,18.0
2016-09-12,CF,-24,14095.0,5.0,0.0,144.0,216.0,0.0,144.0,216.0
2016-09-12,FG,33,1171.0,20.0,0.0,99.0,148.5,0.0,99.0,148.5
2016-09-12,JD,94,3393.0,5.0,0.0,141.0,211.5,0.0,141.0,211.5
2016-09-12,JD,22,3393.0,5.0,0.0,33.0,49.5,0.0,33.0,49.5
2016-09-12,JD,7,3393.0,5.0,0.0,10.5,15.75,0.0,10.5,15.75
2016-09-12,JD,4,3393.0,5.0,0.0,6.0,9.0,0.0,6.0,9.0
2016-09-12,MA,-103,2017.0,10.0,0.0,144.2,216.29999999999998,0.0,144.2,216.29999999999998
2016-09-12,P,19,5602.0,10.0,0.0,47.5,71.25,0.0,47.5,71.25
2016-09-12,RB,-209,2342.0,10.0,1e-05,48.9478,73.4217,0.0001,489.478,734.217
2016-09-12,RU,3,12755.0,10.0,0.0,9.0,13.5,0.0,9.0,13.5
2016-09-12,RU,7,12755.0,10.0,0.0,21.0,31.5,0.0,21.0,31.5
2016-09-12,T,-52,100.745,10000.0,0.0,156.0,234.0,0.0,156.0,234.0
2016-09-19,AL,-141,11920.0,5.0,0.0,423.0,634.5,0.0,423.0,634.5
2016-09-19,AL,-30,11920.0,5.0,0.0,90.0,135.0,0.0,90.0,135.0
2016-09-19,CF,24,14290.0,5.0,0.0,144.0,216.0,0.0,144.0,216.0
2016-09-19,FG,-62,1094.0,20.0,0.0,186.0,279.0,0.0,186.0,279.0
2016-09-19,MA,103,2045.0,10.0,0.0,144.2,216.29999999999998,0.0,144.2,216.29999999999998
2016-09-19,P,-39,5406.0,10.0,0.0,97.5,146.25,0.0,97.5,146.25
2016-09-19,P,-1,5406.0,10.0,0.0,2.5,3.75,0.0,2.5,3.75
2016-09-19,P,-12,5406.0,10.0,0.0,30.0,45.0,0.0,30.0,45.0
2016-09-19,P,-19,5406.0,10.0,0.0,47.5,71.25,0.0,47.5,71.25
2016-09-19,RU,-23,12595.0,10.0,0.0,69.0,103.5,0.0,69.0,103.5
2016-09-19,SR,58,6480.0,10.0,0.0,174.0,261.0,0.0,174.0,261.0
2016-09-26,FG,-108,1117.0,20.0,0.0,324.0,486.0,0.0,324.0,486.0
2016-09-26,FG,-33,1117.0,20.0,0.0,99.0,148.5,0.0,99.0,148.5
2016-09-26,JD,-153,3359.0,5.0,0.0,229.5,344.25,0.0,229.5,344.25
2016-09-26,P,28,5710.0,10.0,0.0,70.0,105.0,0.0,70.0,105.0
2016-09-26,RU,23,13545.0,10.0,0.0,69.0,103.5,0.0,69.0,103.5
2016-10-10,AL,173,12310.0,5.0,0.0,519.0,778.5,0.0,519.0,778.5
2016-10-10,CF,21,15710.0,5.0,0.0,126.0,189.0,0.0,126.0,189.0
2016-10-10,FG,66,1062.0,20.0,0.0,198.0,297.0,0.0,198.0,297.0
2016-10-10,JD,153,3279.0,5.0,0.0,229.5,344.25,0.0,229.5,344.25
2016-10-10,M,-68,2863.0,10.0,0.0,102.0,153.0,0.0,102.0,153.0
2016-10-10,P,-28,5426.0,10.0,0.0,70.0,105.0,0.0,70.0,105.0
2016-10-10,RU,11,13610.0,10.0,0.0,33.0,49.5,0.0,33.0,49.5
2016-10-10,T,59,101.415,10000.0,0.0,177.0,265.5,0.0,177.0,265.5
2016-10-17,CF,19,15030.0,5.0,0.0,114.0,171.0,0.0,114.0,171.0
2016-10-17,FG,6,1066.0,20.0,0.0,18.0,27.0,0.0,18.0,27.0
2016-10-17,M,68,2820.0,10.0,0.0,102.0,153.0,0.0,102.0,153.0
2016-10-17,MA,80,2249.0,10.0,0.0,112.0,168.0,0.0,112.0,168.0
2016-10-17,RU,-11,14395.0,10.0,0.0,33.0,49.5,0.0,33.0,49.5
2016-10-17,T,4,101.48,10000.0,0.0,12.0,18.0,0.0,12.0,18.0
2016-10-24,AL,-14,12620.0,5.0,0.0,42.0,63.0,0.0,42.0,63.0
2016-10-24,C,168,1482.0,10.0,0.0,201.6,302.4,0.0,201.6,302.4
2016-10-24,C,12,1482.0,10.0,0.0,14.399999999999999,21.599999999999998,0.0,14.399999999999999,21.599999999999998
2016-10-24,C,18,1482.0,10.0,0.0,21.599999999999998,32.4,0.0,21.599999999999998,32.4
2016-10-24,C,10,1482.0,10.0,0.0,12.0,18.0,0.0,12.0,18.0
2016-10-24,M,-60,2873.0,10.0,0.0,90.0,135.0,0.0,90.0,135.0
2016-10-24,MA,-80,2238.0,10.0,0.0,112.0,168.0,0.0,112.0,168.0
2016-10-24,RB,240,2481.0,10.0,1e-05,59.544000000000004,89.316,0.0001,595.44,893.1600000000001
2016-10-24,RU,5,13710.0,10.0,0.0,15.0,22.5,0.0,15.0,22.5
2016-10-24,SR,-2,6714.0,10.0,0.0,6.0,9.0,0.0,6.0,9.0
2016-10-24,T,-2,101.89,10000.0,0.0,6.0,9.0,0.0,6.0,9.0
2016-10-31,AL,-45,13880.0,5.0,0.0,135.0,202.5,0.0,135.0,202.5
2016-10-31,FG,53,1123.0,20.0,0.0,159.0,238.5,0.0,159.0,238.5
2016-10-31,MA,140,2392.0,10.0,0.0,196.0,294.0,0.0,196.0,294.0
2016-10-31,RU,-5,14165.0,10.0,0.0,15.0,22.5,0.0,15.0,22.5
2016-10-31,SR,-10,6798.0,10.0,0.0,30.0,45.0,0.0,30.0,45.0
2016-10-31,T,-5,101.495,10000.0,0.0,15.0,22.5,0.0,15.0,22.5
2016-11-04,AL,-114,13705.0,5.0,0.0,342.0,513.0,0.0,342.0,513.0
2016-11-04,AL,93,13500.0,5.0,0.0,279.0,418.5,0.0,279.0,418.5
2016-11-07,C,283,1519.0,10.0,0.0,339.59999999999997,509.4,0.0,339.59999999999997,509.4
2016-11-07,M,60,2824.0,10.0,0.0,90.0,135.0,0.0,90.0,135.0
2016-11-07,MA,-15,2347.0,10.0,0.0,21.0,31.5,0.0,21.0,31.5
2016-11-07,SR,-46,6766.0,10.0,0.0,138.0,207.0,0.0,138.0,207.0
2016-11-10,T,-52,101.115,10000.0,0.0,156.0,234.0,0.0,156.0,234.0
2016-11-10,T,-4,101.115,10000.0,0.0,12.0,18.0,0.0,12.0,18.0
2016-11-10,T,67,100.235,10000.0,0.0,201.0,301.5,0.0,201.0,301.5
2016-11-14,AL,12,14215.0,5.0,0.0,36.0,54.0,0.0,36.0,54.0
2016-11-14,C,-81,1594.0,10.0,0.0,97.2,145.8,0.0,97.2,145.8
2016-11-14,CF,5,16580.0,5.0,0.0,30.0,45.0,0.0,30.0,45.0
2016-11-14,FG,159,1310.0,20.0,0.0,477.0,715.5,0.0,477.0,715.5
2016-11-14,M,-73,2996.0,10.0,0.0,109.5,164.25,0.0,109.5,164.25
2016-11-14,MA,-125,2469.0,10.0,0.0,250.0,375.0,0.0,250.0,375.0
2016-11-14,RB,-29,3146.0,10.0,1e-05,9.123400000000002,13.685100000000002,0.0001,91.23400000000001,136.851
2016-11-14,T,1,99.985,10000.0,0.0,3.0,4.5,0.0,3.0,4.5
2016-11-15,C,-202,1645.0,10.0,0.0,242.39999999999998,363.59999999999997,0.0,242.39999999999998,363.59999999999997
2016-11-15,C,186,1571.0,10.0,0.0,223.2,334.79999999999995,0.0,223.2,334.79999999999995
2016-11-15,M,73,2871.0,10.0,0.0,109.5,164.25,0.0,109.5,164.25
2016-11-15,M,-68,2748.0,10.0,0.0,102.0,153.0,0.0,102.0,153.0
2016-11-21,AL,-14,13650.0,5.0,0.0,42.0,63.0,0.0,42.0,63.0
2016-11-21,C,81,1545.0,10.0,0.0,97.2,145.8,0.0,97.2,145.8
2016-11-21,CF,-21,16015.0,5.0,0.0,126.0,189.0,0.0,126.0,189.0
2016-11-21,CF,-19,16015.0,5.0,0.0,114.0,171.0,0.0,114.0,171.0
2016-11-21,CF,-5,16015.0,5.0,0.0,30.0,45.0,0.0,30.0,45.0
2016-11-21,FG,-55,1225.0,20.0,0.0,165.0,247.5,0.0,165.0,247.5
2016-11-21,M,68,2807.0,10.0,0.0,102.0,153.0,0.0,102.0,153.0
2016-11-21,P,37,6150.0,10.0,0.0,92.5,138.75,0.0,92.5,138.75
2016-11-21,RB,-67,2782.0,10.0,1e-05,18.639400000000002,27.959100000000003,0.0001,186.394,279.591
2016-11-21,T,-67,99.485,10000.0,0.0,201.0,301.5,0.0,201.0,301.5
2016-11-21,T,-1,99.485,10000.0,0.0,3.0,4.5,0.0,3.0,4.5
2016-11-24,AL,-79,14100.0,5.0,0.0,237.0,355.5,0.0,237.0,355.5
2016-11-24,AL,-12,14100.0,5.0,0.0,36.0,54.0,0.0,36.0,54.0
2016-11-24,AL,85,13895.0,5.0,0.0,255.0,382.5,0.0,255.0,382.5
2016-11-24,P,-37,6204.0,10.0,0.0,92.5,138.75,0.0,92.5,138.75
2016-11-24,P,45,6098.0,10.0,0.0,112.5,168.75,0.0,112.5,168.75
2016-11-28,AL,1,13800.0,5.0,0.0,3.0,4.5,0.0,3.0,4.5
2016-11-28,C,25,1522.0,10.0,0.0,30.0,45.0,0.0,30.0,45.0
2016-11-28,FG,-11,1275.0,20.0,0.0,33.0,49.5,0.0,33.0,49.5
2016-11-28,FG,-6,1275.0,20.0,0.0,18.0,27.0,0.0,18.0,27.0
2016-11-28,FG,-53,1275.0,20.0,0.0,159.0,238.5,0.0,159.0,238.5
2016-11-28,FG,-32,1275.0,20.0,0.0,96.0,144.0,0.0,96.0,144.0
2016-11-28,RB,-11,3154.0,10.0,1e-05,3.4694000000000003,5.2041,0.0001,34.694,52.041000000000004
2016-11-28,RU,11,18260.0,10.0,0.0,33.0,49.5,0.0,33.0,49.5
2016-11-29,RB,-133,3178.0,10.0,1e-05,42.2674,63.4011,0.0001,422.674,634.011
2016-11-29,RB,123,3308.0,10.0,1e-05,40.6884,61.0326,0.0001,406.884,610.326
2016-12-01,AL,-13,13195.0,5.0,0.0,39.0,58.5,0.0,39.0,58.5
2016-12-01,FG,-32,1232.0,20.0,0.0,96.0,144.0,0.0,96.0,144.0
2016-12-01,P,-1,6270.0,10.0,0.0,2.5,3.75,0.0,2.5,3.75
2016-12-01,RB,-31,2999.0,10.0,1e-05,9.2969,13.945350000000001,0.0001,92.96900000000001,139.45350000000002
2016-12-01,RU,-4,18080.0,10.0,0.0,12.0,18.0,0.0,12.0,18.0
2016-12-02,RB,-3,3195.0,10.0,1e-05,0.9585,1.43775,0.0001,9.585,14.377500000000001
2016-12-05,C,-186,1566.0,10.0,0.0,223.2,334.79999999999995,0.0,223.2,334.79999999999995
2016-12-05,C,-81,1566.0,10.0,0.0,97.2,145.8,0.0,97.2,145.8
2016-12-05,C,-25,1566.0,10.0,0.0,30.0,45.0,0.0,30.0,45.0
2016-12-05,FG,-95,1215.0,20.0,0.0,190.0,285.0,0.0,190.0,285.0
2016-12-05,JD,-72,3683.0,5.0,0.0,108.0,162.0,0.0,108.0,162.0
2016-12-05,MA,93,2574.0,10.0,0.0,93.0,139.5,0.0,93.0,139.5
2016-12-05,P,19,6336.0,10.0,0.0,47.5,71.25,0.0,47.5,71.25
2016-12-05,RU,2,18030.0,10.0,0.0,6.0,9.0,0.0,6.0,9.0
2016-12-12,AL,15,13340.0,5.0,0.0,45.0,67.5,0.0,45.0,67.5
2016-12-12,C,310,1543.0,10.0,0.0,372.0,558.0,0.0,372.0,558.0
2016-12-12,JD,72,3532.0,5.0,0.0,108.0,162.0,0.0,108.0,162.0
2016-12-12,P,-2,6262.0,10.0,0.0,5.0,7.5,0.0,5.0,7.5
2016-12-12,RB,4,3369.0,10.0,1e-05,1.3476000000000001,2.0214000000000003,0.0001,13.476,20.214000000000002
2016-12-19,AL,-72,12860.0,5.0,0.0,216.0,324.0,0.0,216.0,324.0
2016-12-19,AL,-1,12860.0,5.0,0.0,3.0,4.5,0.0,3.0,4.5
2016-12-19,AL,-15,12860.0,5.0,0.0,45.0,67.5,0.0,45.0,67.5
2016-12-19,C,-310,1553.0,10.0,0.0,372.0,558.0,0.0,372.0,558.0
2016-12-19,JD,-102,3533.0,5.0,0.0,153.0,229.5,0.0,153.0,229.5
2016-12-19,MA,132,2954.0,10.0,0.0,132.0,198.0,0.0,132.0,198.0
2016-12-19,RB,14,3281.0,10.0,1e-05,4.5934,6.8901,0.0001,45.934000000000005,68.90100000000001
2016-12-19,RU,-7,19635.0,10.0,0.0,21.0,31.5,0.0,21.0,31.5
2016-12-19,RU,-2,19635.0,10.0,0.0,6.0,9.0,0.0,6.0,9.0
2016-12-19,SR,36,6882.0,10.0,0.0,108.0,162.0,0.0,108.0,162.0
2016-12-19,T,-15,95.465,10000.0,0.0,45.0,67.5,0.0,45.0,67.5
2016-12-26,CF,-17,15140.0,5.0,0.0,102.0,153.0,0.0,102.0,153.0
2016-12-26,JD,102,3364.0,5.0,0.0,153.0,229.5,0.0,153.0,229.5
2016-12-26,MA,-18,2728.0,10.0,0.0,18.0,27.0,0.0,18.0,27.0
2016-12-26,P,14,6110.0,10.0,0.0,35.0,52.5,0.0,35.0,52.5
2016-12-26,SR,-36,6778.0,10.0,0.0,108.0,162.0,0.0,108.0,162.0
2016-12-26,T,15,96.305,10000.0,0.0,45.0,67.5,0.0,45.0,67.5
2017-01-03,CF,17,15090.0,5.0,0.0,102.0,153.0,0.0,102.0,153.0
2017-01-03,M,-133,2794.0,10.0,0.0,199.5,299.25,0.0,199.5,299.25
2017-01-03,MA,-11,2729.0,10.0,0.0,11.0,16.5,0.0,11.0,16.5
2017-01-03,P,-7,6196.0,10.0,0.0,17.5,26.25,0.0,17.5,26.25
2017-01-03,RB,-89,2888.0,10.0,1e-05,25.7032,38.5548,0.0001,257.03200000000004,385.54800000000006
2017-01-03,RB,-4,2888.0,10.0,1e-05,1.1552,1.7328000000000001,0.0001,11.552000000000001,17.328000000000003
2017-01-03,RB,-14,2888.0,10.0,1e-05,4.0432,6.0648,0.0001,40.432,60.648
2017-01-09,FG,96,1209.0,20.0,0.0,288.0,432.0,0.0,288.0,432.0
2017-01-09,M,133,2792.0,10.0,0.0,199.5,299.25,0.0,199.5,299.25
2017-01-09,MA,-64,2648.0,10.0,0.0,64.0,96.0,0.0,64.0,96.0
2017-01-09,MA,-22,2648.0,10.0,0.0,22.0,33.0,0.0,22.0,33.0
2017-01-09,SR,-75,6778.0,10.0,0.0,225.0,337.5,0.0,225.0,337.5
2017-01-16,FG,-96,1273.0,20.0,0.0,288.0,432.0,0.0,288.0,432.0
2017-01-16,FG,-105,1273.0,20.0,0.0,315.0,472.5,0.0,315.0,472.5
2017-01-16,MA,-110,2749.0,10.0,0.0,110.0,165.0,0.0,110.0,165.0
2017-01-16,P,6,6268.0,10.0,0.0,15.0,22.5,0.0,15.0,22.5
2017-01-16,RU,11,20295.0,10.0,0.0,33.0,49.5,0.0,33.0,49.5
2017-01-16,SR,-16,6820.0,10.0,0.0,48.0,72.0,0.0,48.0,72.0
2017-01-23,AL,148,13440.0,5.0,0.0,444.0,666.0,0.0,444.0,666.0
2017-01-23,CF,-59,15210.0,5.0,0.0,354.0,531.0,0.0,354.0,531.0
2017-01-23,FG,105,1306.0,20.0,0.0,315.0,472.5,0.0,315.0,472.5
2017-01-23,FG,118,1306.0,20.0,0.0,354.0,531.0,0.0,354.0,531.0
2017-01-23,MA,-54,2805.0,10.0,0.0,54.0,81.0,0.0,54.0,81.0
2017-01-23,P,15,6284.0,10.0,0.0,37.5,56.25,0.0,37.5,56.25
2017-01-23,RU,-7,19775.0,10.0,0.0,21.0,31.5,0.0,21.0,31.5
2017-01-23,SR,75,6885.0,10.0,0.0,225.0,337.5,0.0,225.0,337.5
2017-01-23,SR,16,6885.0,10.0,0.0,48.0,72.0,0.0,48.0,72.0
2017-02-03,AL,-15,13875.0,5.0,0.0,45.0,67.5,0.0,45.0,67.5
2017-02-03,CF,59,15910.0,5.0,0.0,354.0,531.0,0.0,354.0,531.0
2017-02-03,FG,-118,1343.0,20.0,0.0,354.0,531.0,0.0,354.0,531.0
2017-02-03,M,148,2889.0,10.0,0.0,222.0,333.0,0.0,222.0,333.0
2017-02-03,P,-3,6224.0,10.0,0.0,7.5,11.25,0.0,7.5,11.25
2017-02-03,RB,119,3350.0,10.0,1e-05,39.865,59.7975,0.0001,398.65000000000003,597.975
2017-02-03,RU,5,21485.0,10.0,0.0,15.0,22.5,0.0,15.0,22.5
2017-02-06,AL,-6,13735.0,5.0,0.0,18.0,27.0,0.0,18.0,27.0
2017-02-06,C,349,1580.0,10.0,0.0,418.8,628.2,0.0,418.8,628.2
2017-02-06,CF,21,15865.0,5.0,0.0,126.0,189.0,0.0,126.0,189.0
2017-02-06,FG,95,1291.0,20.0,0.0,285.0,427.5,0.0,285.0,427.5
2017-02-06,JD,-98,3293.0,5.0,0.0,147.0,220.5,0.0,147.0,220.5
2017-02-06,M,-148,2886.0,10.0,0.0,222.0,333.0,0.0,222.0,333.0
2017-02-06,MA,54,2916.0,10.0,0.0,54.0,81.0,0.0,54.0,81.0
2017-02-06,MA,90,2916.0,10.0,0.0,90.0,135.0,0.0,90.0,135.0
2017-02-06,P,-32,6118.0,10.0,0.0,80.0,120.0,0.0,80.0,120.0
2017-02-06,P,-19,6118.0,10.0,0.0,47.5,71.25,0.0,47.5,71.25
2017-02-06,P,-14,6118.0,10.0,0.0,35.0,52.5,0.0,35.0,52.5
2017-02-06,P,-6,6118.0,10.0,0.0,15.0,22.5,0.0,15.0,22.5
2017-02-06,P,-15,6118.0,10.0,0.0,37.5,56.25,0.0,37.5,56.25
2017-02-06,RB,-9,3109.0,10.0,1e-05,2.7981000000000003,4.197150000000001,0.0001,27.981,41.971500000000006
2017-02-06,RU,-4,20165.0,10.0,0.0,12.0,18.0,0.0,12.0,18.0
2017-02-06,RU,-5,20165.0,10.0,0.0,15.0,22.5,0.0,15.0,22.5
2017-02-09,AL,-127,13650.0,5.0,0.0,381.0,571.5,0.0,381.0,571.5
2017-02-09,AL,120,13760.0,5.0,0.0,360.0,540.0,0.0,360.0,540.0
2017-02-13,AL,5,13875.0,5.0,0.0,15.0,22.5,0.0,15.0,22.5
2017-02-13,C,-349,1611.0,10.0,0.0,418.8,628.2,0.0,418.8,628.2
2017-02-13,CF,6,15890.0,5.0,0.0,36.0,54.0,0.0,36.0,54.0
2017-02-13,JD,-141,3328.0,5.0,0.0,211.5,317.25,0.0,211.5,317.25
2017-02-13,MA,-90,2955.0,10.0,0.0,90.0,135.0,0.0,90.0,135.0
2017-02-13,P,35,6244.0,10.0,0.0,87.5,131.25,0.0,87.5,131.25
2017-02-13,RU,6,21060.0,10.0,0.0,18.0,27.0,0.0,18.0,27.0
2017-02-13,T,-19,94.31,10000.0,0.0,57.0,85.5,0.0,57.0,85.5
2017-02-20,C,174,1568.0,10.0,0.0,208.79999999999998,313.2,0.0,208.79999999999998,313.2
2017-02-20,CF,2,15510.0,5.0,0.0,12.0,18.0,0.0,12.0,18.0
2017-02-20,FG,-95,1373.0,20.0,0.0,285.0,427.5,0.0,285.0,427.5
2017-02-20,JD,-8,3274.0,5.0,0.0,12.0,18.0,0.0,12.0,18.0
2017-02-20,MA,208,3049.0,10.0,0.0,208.0,312.0,0.0,208.0,312.0
2017-02-20,P,-35,5896.0,10.0,0.0,87.5,131.25,0.0,87.5,131.25
2017-02-20,RB,1,3482.0,10.0,1e-05,0.3482,0.5223,0.0001,3.482,5.223000000000001
2017-02-20,RU,-6,20395.0,10.0,0.0,18.0,27.0,0.0,18.0,27.0
2017-02-27,AL,-26,13775.0,5.0,0.0,78.0,117.0,0.0,78.0,117.0
2017-02-27,C,-6,1594.0,10.0,0.0,7.199999999999999,10.799999999999999,0.0,7.199999999999999,10.799999999999999
2017-02-27,CF,13,15915.0,5.0,0.0,78.0,117.0,0.0,78.0,117.0
2017-02-27,JD,98,3354.0,5.0,0.0,147.0,220.5,0.0,147.0,220.5
2017-02-27,JD,141,3354.0,5.0,0.0,211.5,317.25,0.0,211.5,317.25
2017-02-27,JD,8,3354.0,5.0,0.0,12.0,18.0,0.0,12.0,18.0
2017-02-27,MA,-34,2927.0,10.0,0.0,34.0,51.0,0.0,34.0,51.0
2017-02-27,P,-25,5838.0,10.0,0.0,62.5,93.75,0.0,62.5,93.75
2017-02-27,RB,-3,3497.0,10.0,1e-05,1.0491000000000001,1.5736500000000002,0.0001,10.491000000000001,15.736500000000003
2017-02-27,T,1,95.765,10000.0,0.0,3.0,4.5,0.0,3.0,4.5
2017-03-06,C,-168,1628.0,10.0,0.0,201.6,302.4,0.0,201.6,302.4
2017-03-06,CF,30,15980.0,5.0,0.0,180.0,270.0,0.0,180.0,270.0
2017-03-06,MA,-33,2858.0,10.0,0.0,33.0,49.5,0.0,33.0,49.5
2017-03-06,P,-3,5890.0,10.0,0.0,7.5,11.25,0.0,7.5,11.25
2017-03-06,RU,-1,19175.0,10.0,0.0,3.0,4.5,0.0,3.0,4.5
2017-03-06,T,1,95.005,10000.0,0.0,3.0,4.5,0.0,3.0,4.5
2017-03-07,AL,-94,13725.0,5.0,0.0,282.0,423.0,0.0,282.0,423.0
2017-03-07,AL,-5,13725.0,5.0,0.0,15.0,22.5,0.0,15.0,22.5
2017-03-07,AL,91,13815.0,5.0,0.0,273.0,409.5,0.0,273.0,409.5
2017-03-10,P,25,5854.0,10.0,0.0,62.5,93.75,0.0,62.5,93.75
2017-03-10,P,3,5854.0,10.0,0.0,7.5,11.25,0.0,7.5,11.25
2017-03-10,P,-36,5632.0,10.0,0.0,90.0,135.0,0.0,90.0,135.0
2017-03-13,C,159,1660.0,10.0,0.0,190.79999999999998,286.2,0.0,190.79999999999998,286.2
2017-03-13,CF,-21,15455.0,5.0,0.0,126.0,189.0,0.0,126.0,189.0
2017-03-13,CF,-2,15455.0,5.0,0.0,12.0,18.0,0.0,12.0,18.0
2017-03-13,FG,45,1228.0,20.0,0.0,135.0,202.5,0.0,135.0,202.5
2017-03-13,MA,-25,2733.0,10.0,0.0,25.0,37.5,0.0,25.0,37.5
2017-03-13,RB,8,3411.0,10.0,1e-05,2.7288,4.0932,0.0001,27.288,40.932
2017-03-13,T,17,94.655,10000.0,0.0,51.0,76.5,0.0,51.0,76.5
2017-03-20,AL,30,13835.0,5.0,0.0,90.0,135.0,0.0,90.0,135.0
2017-03-20,C,-159,1662.0,10.0,0.0,190.79999999999998,286.2,0.0,190.79999999999998,286.2
2017-03-20,CF,-4,15240.0,5.0,0.0,24.0,36.0,0.0,24.0,36.0
2017-03-20,CF,-2,15240.0,5.0,0.0,12.0,18.0,0.0,12.0,18.0
2017-03-20,CF,-10,15240.0,5.0,0.0,60.0,90.0,0.0,60.0,90.0
2017-03-20,FG,-45,1242.0,20.0,0.0,135.0,202.5,0.0,135.0,202.5
2017-03-20,JD,-172,3180.0,5.0,0.0,258.0,387.0,0.0,258.0,387.0
2017-03-20,MA,-116,2678.0,10.0,0.0,116.0,174.0,0.0,116.0,174.0
2017-03-20,P,-52,5620.0,10.0,0.0,130.0,195.0,0.0,130.0,195.0
2017-03-20,RB,23,3572.0,10.0,1e-05,8.2156,12.3234,0.0001,82.156,123.23400000000001
2017-03-20,RU,1,18280.0,10.0,0.0,3.0,4.5,0.0,3.0,4.5
2017-03-20,T,24,96.305,10000.0,0.0,72.0,108.0,0.0,72.0,108.0
2017-03-24,RB,-107,3409.0,10.0,1e-05,36.4763,54.71445,0.0001,364.76300000000003,547.1445000000001
2017-03-24,RB,-1,3409.0,10.0,1e-05,0.34090000000000004,0.5113500000000001,0.0001,3.4090000000000003,5.1135
2017-03-24,RB,-8,3409.0,10.0,1e-05,2.7272000000000003,4.090800000000001,0.0001,27.272000000000002,40.908
2017-03-24,RB,-23,3409.0,10.0,1e-05,7.840700000000001,11.761050000000001,0.0001,78.40700000000001,117.61050000000002
2017-03-24,RB,156,3132.0,10.0,1e-05,48.85920000000001,73.28880000000001,0.0001,488.59200000000004,732.888
2017-03-27,AL,-91,13720.0,5.0,0.0,273.0,409.5,0.0,273.0,409.5
2017-03-27,AL,-30,13720.0,5.0,0.0,90.0,135.0,0.0,90.0,135.0
2017-03-27,C,195,1712.0,10.0,0.0,234.0,351.0,0.0,234.0,351.0
2017-03-27,CF,26,15305.0,5.0,0.0,156.0,234.0,0.0,156.0,234.0
2017-03-27,FG,135,1215.0,20.0,0.0,405.0,607.5,0.0,405.0,607.5
2017-03-27,MA,-139,2543.0,10.0,0.0,139.0,208.5,0.0,139.0,208.5
2017-03-27,P,36,5512.0,10.0,0.0,90.0,135.0,0.0,90.0,135.0
2017-03-27,P,52,5512.0,10.0,0.0,130.0,195.0,0.0,130.0,195.0
2017-03-27,T,1,97.32,10000.0,0.0,3.0,4.5,0.0,3.0,4.5
2017-04-05,CF,-3,14750.0,5.0,0.0,12.899999999999999,19.349999999999998,0.0,12.899999999999999,19.349999999999998
2017-04-05,CF,-30,14750.0,5.0,0.0,129.0,193.5,0.0,129.0,193.5
2017-04-05,CF,-26,14750.0,5.0,0.0,111.8,167.7,0.0,111.8,167.7
2017-04-05,CF,32,15245.0,5.0,0.0,192.0,288.0,0.0,192.0,288.0
2017-04-05,MA,-5,2577.0,10.0,0.0,5.0,7.5,0.0,5.0,7.5
2017-04-05,RB,-156,3199.0,10.0,1e-05,49.9044,74.8566,0.0001,499.04400000000004,748.566
2017-04-05,SR,-71,6470.0,10.0,0.0,213.0,319.5,0.0,213.0,319.5
2017-04-05,T,7,97.015,10000.0,0.0,21.0,31.5,0.0,21.0,31.5
2017-04-10,C,-195,1670.0,10.0,0.0,234.0,351.0,0.0,234.0,351.0
2017-04-10,CF,2,15475.0,5.0,0.0,12.0,18.0,0.0,12.0,18.0
2017-04-10,FG,9,1301.0,20.0,0.0,27.0,40.5,0.0,27.0,40.5
2017-04-10,MA,139,2677.0,10.0,0.0,139.0,208.5,0.0,139.0,208.5
2017-04-10,MA,5,2677.0,10.0,0.0,5.0,7.5,0.0,5.0,7.5
2017-04-10,MA,-159,2583.0,10.0,0.0,318.0,477.0,0.0,318.0,477.0
2017-04-10,SR,-86,6611.0,10.0,0.0,258.0,387.0,0.0,258.0,387.0
2017-04-10,T,2,97.1,10000.0,0.0,6.0,9.0,0.0,6.0,9.0
2017-04-12,FG,-135,1255.0,20.0,0.0,270.0,405.0,0.0,270.0,405.0
2017-04-12,FG,-9,1255.0,20.0,0.0,18.0,27.0,0.0,18.0,27.0
2017-04-12,FG,149,1235.0,20.0,0.0,447.0,670.5,0.0,447.0,670.5
2017-04-13,JD,172,2882.0,5.0,0.0,258.0,387.0,0.0,258.0,387.0
2017-04-13,JD,-174,3915.0,5.0,0.0,261.0,391.5,0.0,261.0,391.5
2017-04-17,AL,175,14220.0,5.0,0.0,525.0,787.5,0.0,525.0,787.5
2017-04-17,CF,4,15725.0,5.0,0.0,24.0,36.0,0.0,24.0,36.0
2017-04-17,FG,64,1231.0,20.0,0.0,192.0,288.0,0.0,192.0,288.0
2017-04-17,M,-244,2833.0,10.0,0.0,366.0,549.0,0.0,366.0,549.0
2017-04-17,MA,159,2389.0,10.0,0.0,318.0,477.0,0.0,318.0,477.0
2017-04-17,RU,-5,14790.0,10.0,0.0,15.0,22.5,0.0,15.0,22.5
2017-04-17,SR,71,6731.0,10.0,0.0,213.0,319.5,0.0,213.0,319.5
2017-04-17,SR,86,6731.0,10.0,0.0,258.0,387.0,0.0,258.0,387.0
2017-04-17,T,1,96.375,10000.0,0.0,3.0,4.5,0.0,3.0,4.5
2017-04-24,AL,7,14285.0,5.0,0.0,21.0,31.5,0.0,21.0,31.5
2017-04-24,CF,50,16105.0,5.0,0.0,300.0,450.0,0.0,300.0,450.0
2017-04-24,FG,-120,1283.0,20.0,0.0,360.0,540.0,0.0,360.0,540.0
2017-04-24,JD,-110,3781.0,5.0,0.0,165.0,247.5,0.0,165.0,247.5
2017-04-24,M,244,2835.0,10.0,0.0,366.0,549.0,0.0,366.0,549.0
2017-04-24,RU,-17,14750.0,10.0,0.0,51.0,76.5,0.0,51.0,76.5
2017-04-24,T,9,95.695,10000.0,0.0,27.0,40.5,0.0,27.0,40.5
2017-05-02,CF,-3,15940.0,5.0,0.0,18.0,27.0,0.0,18.0,27.0
2017-05-02,FG,48,1310.0,20.0,0.0,144.0,216.0,0.0,144.0,216.0
2017-05-02,RU,5,14860.0,10.0,0.0,15.0,22.5,0.0,15.0,22.5
2017-05-02,RU,2,14860.0,10.0,0.0,6.0,9.0,0.0,6.0,9.0
2017-05-02,T,-24,95.895,10000.0,0.0,72.0,108.0,0.0,72.0,108.0
2017-05-02,T,-1,95.895,10000.0,0.0,3.0,4.5,0.0,3.0,4.5
2017-05-02,T,-7,95.895,10000.0,0.0,21.0,31.5,0.0,21.0,31.5
2017-05-02,T,-2,95.895,10000.0,0.0,6.0,9.0,0.0,6.0,9.0
2017-05-02,T,-1,95.895,10000.0,0.0,3.0,4.5,0.0,3.0,4.5
2017-05-02,T,-9,95.895,10000.0,0.0,27.0,40.5,0.0,27.0,40.5
2017-05-08,CF,-29,15820.0,5.0,0.0,174.0,261.0,0.0,174.0,261.0
2017-05-08,CF,-2,15820.0,5.0,0.0,12.0,18.0,0.0,12.0,18.0
2017-05-08,CF,-4,15820.0,5.0,0.0,24.0,36.0,0.0,24.0,36.0
2017-05-08,CF,-12,15820.0,5.0,0.0,72.0,108.0,0.0,72.0,108.0
2017-05-08,SR,57,6687.0,10.0,0.0,171.0,256.5,0.0,171.0,256.5
2017-05-10,AL,-175,13790.0,5.0,0.0,525.0,787.5,0.0,525.0,787.5
2017-05-10,AL,-7,13790.0,5.0,0.0,21.0,31.5,0.0,21.0,31.5
2017-05-10,AL,175,13860.0,5.0,0.0,525.0,787.5,0.0,525.0,787.5
2017-05-15,AL,-175,13885.0,5.0,0.0,525.0,787.5,0.0,525.0,787.5
2017-05-15,FG,-29,1263.0,20.0,0.0,87.0,130.5,0.0,87.0,130.5
2017-05-15,FG,-30,1263.0,20.0,0.0,90.0,135.0,0.0,90.0,135.0
2017-05-15,JD,18,3572.0,5.0,0.0,27.0,40.5,0.0,27.0,40.5
2017-05-15,MA,-174,2205.0,10.0,0.0,348.0,522.0,0.0,348.0,522.0
2017-05-15,RU,7,13570.0,10.0,0.0,21.0,31.5,0.0,21.0,31.5
2017-05-15,SR,15,6650.0,10.0,0.0,45.0,67.5,0.0,45.0,67.5
2017-05-15,T,-34,94.295,10000.0,0.0,102.0,153.0,0.0,102.0,153.0
2017-05-22,CF,-4,15770.0,5.0,0.0,24.0,36.0,0.0,24.0,36.0
2017-05-22,FG,44,1351.0,20.0,0.0,132.0,198.0,0.0,132.0,198.0
2017-05-22,MA,93,2410.0,10.0,0.0,186.0,279.0,0.0,186.0,279.0
2017-05-22,P,53,5504.0,10.0,0.0,132.5,198.75,0.0,132.5,198.75
2017-05-22,RB,176,3255.0,10.0,1e-05,57.288000000000004,85.932,0.0001,572.8800000000001,859.3200000000002
2017-05-22,SR,-57,6748.0,10.0,0.0,171.0,256.5,0.0,171.0,256.5
2017-05-22,SR,-15,6748.0,10.0,0.0,45.0,67.5,0.0,45.0,67.5
2017-05-22,T,-2,94.515,10000.0,0.0,6.0,9.0,0.0,6.0,9.0
2017-05-31,FG,8,1358.0,20.0,0.0,24.0,36.0,0.0,24.0,36.0
2017-05-31,MA,81,2382.0,10.0,0.0,162.0,243.0,0.0,162.0,243.0
2017-05-31,RB,4,3249.0,10.0,1e-05,1.2996,1.9494000000000002,0.0001,12.996,19.494
2017-05-31,RU,-5,13280.0,10.0,0.0,15.0,22.5,0.0,15.0,22.5
2017-05-31,T,-4,94.415,10000.0,0.0,12.0,18.0,0.0,12.0,18.0
2017-06-05,CF,-34,15365.0,5.0,0.0,204.0,306.0,0.0,204.0,306.0
2017-06-05,JD,82,3622.0,5.0,0.0,123.0,184.5,0.0,123.0,184.5
2017-06-05,P,-4,5206.0,10.0,0.0,10.0,15.0,0.0,10.0,15.0
2017-06-05,RB,-3,3009.0,10.0,1e-05,0.9027000000000001,1.35405,0.0001,9.027000000000001,13.540500000000002
2017-06-05,SR,63,6590.0,10.0,0.0,189.0,283.5,0.0,189.0,283.5
2017-06-05,T,2,94.79,10000.0,0.0,6.0,9.0,0.0,6.0,9.0
2017-06-12,JD,74,3702.0,5.0,0.0,111.0,166.5,0.0,111.0,166.5
2017-06-12,JD,9,3702.0,5.0,0.0,13.5,20.25,0.0,13.5,20.25
2017-06-12,M,-99,2691.0,10.0,0.0,148.5,222.75,0.0,148.5,222.75
2017-06-12,RB,-173,3029.0,10.0,1e-05,52.4017,78.60255,0.0001,524.017,786.0255000000001
2017-06-12,RB,-4,3029.0,10.0,1e-05,1.2116,1.8174000000000001,0.0001,12.116000000000001,18.174000000000003
2017-06-12,SR,3,6663.0,10.0,0.0,9.0,13.5,0.0,9.0,13.5
2017-06-12,T,-2,95.045,10000.0,0.0,6.0,9.0,0.0,6.0,9.0
2017-06-19,C,216,1674.0,10.0,0.0,259.2,388.79999999999995,0.0,259.2,388.79999999999995
2017-06-19,CF,32,15110.0,5.0,0.0,192.0,288.0,0.0,192.0,288.0
2017-06-19,FG,8,1338.0,20.0,0.0,24.0,36.0,0.0,24.0,36.0
2017-06-19,M,-14,2690.0,10.0,0.0,21.0,31.5,0.0,21.0,31.5
2017-06-19,P,-49,5328.0,10.0,0.0,122.5,183.75,0.0,122.5,183.75
2017-06-19,RU,-1,12860.0,10.0,0.0,3.0,4.5,0.0,3.0,4.5
2017-06-19,SR,-63,6569.0,10.0,0.0,189.0,283.5,0.0,189.0,283.5
2017-06-19,SR,-3,6569.0,10.0,0.0,9.0,13.5,0.0,9.0,13.5
2017-06-19,T,32,95.465,10000.0,0.0,96.0,144.0,0.0,96.0,144.0
2017-06-19,T,2,95.465,10000.0,0.0,6.0,9.0,0.0,6.0,9.0
2017-06-19,T,4,95.465,10000.0,0.0,12.0,18.0,0.0,12.0,18.0
2017-06-19,T,2,95.465,10000.0,0.0,6.0,9.0,0.0,6.0,9.0
2017-06-26,C,-216,1673.0,10.0,0.0,259.2,388.79999999999995,0.0,259.2,388.79999999999995
2017-06-26,CF,-32,15230.0,5.0,0.0,192.0,288.0,0.0,192.0,288.0
2017-06-26,JD,101,3871.0,5.0,0.0,151.5,227.25,0.0,151.5,227.25
2017-06-26,M,99,2650.0,10.0,0.0,148.5,222.75,0.0,148.5,222.75
2017-06-26,M,14,2650.0,10.0,0.0,21.0,31.5,0.0,21.0,31.5
2017-06-26,RU,-1,12700.0,10.0,0.0,3.0,4.5,0.0,3.0,4.5
2017-07-03,CF,-36,14960.0,5.0,0.0,216.0,324.0,0.0,216.0,324.0
2017-07-03,FG,-34,1362.0,20.0,0.0,102.0,153.0,0.0,102.0,153.0
2017-07-03,FG,-48,1362.0,20.0,0.0,144.0,216.0,0.0,144.0,216.0
2017-07-03,FG,-44,1362.0,20.0,0.0,132.0,198.0,0.0,132.0,198.0
2017-07-03,FG,-8,1362.0,20.0,0.0,24.0,36.0,0.0,24.0,36.0
2017-07-03,FG,-8,1362.0,20.0,0.0,24.0,36.0,0.0,24.0,36.0
2017-07-03,FG,-65,1362.0,20.0,0.0,195.0,292.5,0.0,195.0,292.5
2017-07-03,JD,102,3952.0,5.0,0.0,153.0,229.5,0.0,153.0,229.5
2017-07-03,M,-135,2656.0,10.0,0.0,202.5,303.75,0.0,202.5,303.75
2017-07-03,P,51,5284.0,10.0,0.0,127.5,191.25,0.0,127.5,191.25
2017-07-03,RU,6,13350.0,10.0,0.0,18.0,27.0,0.0,18.0,27.0
2017-07-06,P,-51,5344.0,10.0,0.0,127.5,191.25,0.0,127.5,191.25
2017-07-06,P,56,5150.0,10.0,0.0,140.0,210.0,0.0,140.0,210.0
2017-07-10,AL,137,14205.0,5.0,0.0,411.0,616.5,0.0,411.0,616.5
2017-07-10,CF,36,15060.0,5.0,0.0,216.0,324.0,0.0,216.0,324.0
2017-07-10,FG,65,1365.0,20.0,0.0,195.0,292.5,0.0,195.0,292.5
2017-07-10,FG,44,1365.0,20.0,0.0,132.0,198.0,0.0,132.0,198.0
2017-07-10,JD,-102,3948.0,5.0,0.0,153.0,229.5,0.0,153.0,229.5
2017-07-10,M,135,2846.0,10.0,0.0,202.5,303.75,0.0,202.5,303.75
2017-07-10,MA,98,2481.0,10.0,0.0,196.0,294.0,0.0,196.0,294.0
2017-07-10,P,-16,5206.0,10.0,0.0,40.0,60.0,0.0,40.0,60.0
2017-07-10,RB,137,3436.0,10.0,1e-05,47.0732,70.6098,0.0001,470.73199999999997,706.098
2017-07-10,RU,2,12830.0,10.0,0.0,6.0,9.0,0.0,6.0,9.0
2017-07-10,RU,1,12830.0,10.0,0.0,3.0,4.5,0.0,3.0,4.5
2017-07-10,SR,-44,6148.0,10.0,0.0,132.0,198.0,0.0,132.0,198.0
2017-07-17,AL,17,14365.0,5.0,0.0,51.0,76.5,0.0,51.0,76.5
2017-07-17,C,165,1669.0,10.0,0.0,198.0,297.0,0.0,198.0,297.0
2017-07-17,FG,3,1360.0,20.0,0.0,9.0,13.5,0.0,9.0,13.5
2017-07-17,JD,-53,3893.0,5.0,0.0,79.5,119.25,0.0,79.5,119.25
2017-07-17,M,50,2814.0,10.0,0.0,75.0,112.5,0.0,75.0,112.5
2017-07-17,MA,8,2488.0,10.0,0.0,16.0,24.0,0.0,16.0,24.0
2017-07-17,P,-40,5240.0,10.0,0.0,100.0,150.0,0.0,100.0,150.0
2017-07-17,RU,1,13475.0,10.0,0.0,3.0,4.5,0.0,3.0,4.5
2017-07-18,SR,44,6203.0,10.0,0.0,88.0,132.0,0.0,88.0,132.0
2017-07-18,SR,-43,6177.0,10.0,0.0,129.0,193.5,0.0,129.0,193.5
2017-07-24,C,-165,1664.0,10.0,0.0,198.0,297.0,0.0,198.0,297.0
2017-07-24,FG,26,1427.0,20.0,0.0,78.0,117.0,0.0,78.0,117.0
2017-07-24,JD,-1,3946.0,5.0,0.0,1.5,2.25,0.0,1.5,2.25
2017-07-24,M,4,2863.0,10.0,0.0,6.0,9.0,0.0,6.0,9.0
2017-07-24,P,33,5314.0,10.0,0.0,82.5,123.75,0.0,82.5,123.75
2017-07-24,RB,-24,3527.0,10.0,1e-05,8.4648,12.6972,0.0001,84.648,126.972
2017-07-24,RU,3,13935.0,10.0,0.0,9.0,13.5,0.0,9.0,13.5
2017-07-24,RU,1,13935.0,10.0,0.0,3.0,4.5,0.0,3.0,4.5
2017-07-24,RU,1,13935.0,10.0,0.0,3.0,4.5,0.0,3.0,4.5
2017-07-27,M,-50,2793.0,10.0,0.0,75.0,112.5,0.0,75.0,112.5
2017-07-27,M,-4,2793.0,10.0,0.0,6.0,9.0,0.0,6.0,9.0
2017-07-27,M,48,2814.0,10.0,0.0,72.0,108.0,0.0,72.0,108.0
2017-07-31,C,140,1661.0,10.0,0.0,168.0,252.0,0.0,168.0,252.0
2017-07-31,FG,36,1401.0,20.0,0.0,108.0,162.0,0.0,108.0,162.0
2017-07-31,M,-48,2853.0,10.0,0.0,72.0,108.0,0.0,72.0,108.0
2017-07-31,MA,-98,2373.0,10.0,0.0,196.0,294.0,0.0,196.0,294.0
2017-07-31,MA,-8,2373.0,10.0,0.0,16.0,24.0,0.0,16.0,24.0
2017-07-31,P,-3,5392.0,10.0,0.0,7.5,11.25,0.0,7.5,11.25
2017-07-31,RU,-3,12490.0,10.0,0.0,9.0,13.5,0.0,9.0,13.5
2017-07-31,SR,5,6047.0,10.0,0.0,15.0,22.5,0.0,15.0,22.5
2017-07-31,T,-32,94.975,10000.0,0.0,96.0,144.0,0.0,96.0,144.0
2017-08-03,C,-140,1648.0,10.0,0.0,168.0,252.0,0.0,168.0,252.0
2017-08-03,C,183,1676.0,10.0,0.0,219.6,329.4,0.0,219.6,329.4
2017-08-03,JD,53,3957.0,5.0,0.0,79.5,119.25,0.0,79.5,119.25
2017-08-03,JD,1,3957.0,5.0,0.0,1.5,2.25,0.0,1.5,2.25
2017-08-03,JD,-60,4093.0,5.0,0.0,90.0,135.0,0.0,90.0,135.0
2017-08-03,RU,3,12325.0,10.0,0.0,9.0,13.5,0.0,9.0,13.5
2017-08-03,RU,-4,15210.0,10.0,0.0,12.0,18.0,0.0,12.0,18.0
2017-08-04,AL,-137,14630.0,5.0,0.0,411.0,616.5,0.0,411.0,616.5
2017-08-04,AL,-17,14630.0,5.0,0.0,51.0,76.5,0.0,51.0,76.5
2017-08-04,AL,126,14730.0,5.0,0.0,378.0,567.0,0.0,378.0,567.0
2017-08-07,C,-183,1678.0,10.0,0.0,219.6,329.4,0.0,219.6,329.4
2017-08-07,P,32,5358.0,10.0,0.0,80.0,120.0,0.0,80.0,120.0
2017-08-07,RU,-4,15700.0,10.0,0.0,12.0,18.0,0.0,12.0,18.0
2017-08-07,T,-7,94.595,10000.0,0.0,21.0,31.5,0.0,21.0,31.5
2017-08-09,RB,-113,4040.0,10.0,1e-05,45.652,68.47800000000001,0.0001,456.52,684.78
2017-08-09,RB,119,3893.0,10.0,1e-05,46.3267,69.49005,0.0001,463.26700000000005,694.9005000000001
2017-08-09,T,32,94.425,10000.0,0.0,96.0,144.0,0.0,96.0,144.0
2017-08-09,T,7,94.425,10000.0,0.0,21.0,31.5,0.0,21.0,31.5
2017-08-09,T,-45,94.405,10000.0,0.0,135.0,202.5,0.0,135.0,202.5
2017-08-11,FG,-44,1408.0,20.0,0.0,88.0,132.0,0.0,88.0,132.0
2017-08-11,FG,-3,1408.0,20.0,0.0,6.0,9.0,0.0,6.0,9.0
2017-08-11,FG,-26,1408.0,20.0,0.0,52.0,78.0,0.0,52.0,78.0
2017-08-11,FG,-36,1408.0,20.0,0.0,72.0,108.0,0.0,72.0,108.0
2017-08-11,FG,113,1425.0,20.0,0.0,339.0,508.5,0.0,339.0,508.5
2017-08-14,AL,-33,16175.0,5.0,0.0,99.0,148.5,0.0,99.0,148.5
2017-08-14,JD,60,4479.0,5.0,0.0,90.0,135.0,0.0,90.0,135.0
2017-08-14,JD,62,4479.0,5.0,0.0,93.0,139.5,0.0,93.0,139.5
2017-08-14,M,-52,2736.0,10.0,0.0,78.0,117.0,0.0,78.0,117.0
2017-08-14,MA,-54,2633.0,10.0,0.0,108.0,162.0,0.0,108.0,162.0
2017-08-14,P,-30,5406.0,10.0,0.0,75.0,112.5,0.0,75.0,112.5
2017-08-14,P,-32,5406.0,10.0,0.0,80.0,120.0,0.0,80.0,120.0
2017-08-14,RU,3,15990.0,10.0,0.0,9.0,13.5,0.0,9.0,13.5
2017-08-14,SR,38,6238.0,10.0,0.0,114.0,171.0,0.0,114.0,171.0
2017-08-21,AL,-13,16430.0,5.0,0.0,39.0,58.5,0.0,39.0,58.5
2017-08-21,C,177,1731.0,10.0,0.0,212.4,318.6,0.0,212.4,318.6
2017-08-21,FG,-51,1437.0,20.0,0.0,153.0,229.5,0.0,153.0,229.5
2017-08-21,M,-56,2722.0,10.0,0.0,84.0,126.0,0.0,84.0,126.0
2017-08-21,MA,54,2695.0,10.0,0.0,108.0,162.0,0.0,108.0,162.0
2017-08-21,MA,93,2695.0,10.0,0.0,186.0,279.0,0.0,186.0,279.0
2017-08-21,RB,-4,3867.0,10.0,1e-05,1.5468000000000002,2.3202000000000003,0.0001,15.468,23.201999999999998
2017-08-28,AL,-80,16570.0,5.0,0.0,240.0,360.0,0.0,240.0,360.0
2017-08-28,AL,74,16665.0,5.0,0.0,222.0,333.0,0.0,222.0,333.0
2017-08-28,C,3,1721.0,10.0,0.0,3.5999999999999996,5.3999999999999995,0.0,3.5999999999999996,5.3999999999999995
2017-08-28,FG,-62,1446.0,20.0,0.0,186.0,279.0,0.0,186.0,279.0
2017-08-28,M,-16,2739.0,10.0,0.0,24.0,36.0,0.0,24.0,36.0
2017-08-28,MA,11,2761.0,10.0,0.0,22.0,33.0,0.0,22.0,33.0
2017-08-28,RB,-3,3919.0,10.0,1e-05,1.1757,1.76355,0.0001,11.757,17.6355
2017-08-28,RU,-7,16700.0,10.0,0.0,21.0,31.5,0.0,21.0,31.5
2017-08-28,T,-2,94.63,10000.0,0.0,6.0,9.0,0.0,6.0,9.0
2017-09-04,AL,-1,16700.0,5.0,0.0,3.0,4.5,0.0,3.0,4.5
2017-09-04,JD,-62,4258.0,5.0,0.0,93.0,139.5,0.0,93.0,139.5
2017-09-04,MA,81,2912.0,10.0,0.0,162.0,243.0,0.0,162.0,243.0
2017-09-04,RB,-13,4059.0,10.0,1e-05,5.276700000000001,7.915050000000001,0.0001,52.767,79.15050000000001
2017-09-04,RU,1,16625.0,10.0,0.0,3.0,4.5,0.0,3.0,4.5
2017-09-04,RU,4,16625.0,10.0,0.0,12.0,18.0,0.0,12.0,18.0
2017-09-04,RU,7,16625.0,10.0,0.0,21.0,31.5,0.0,21.0,31.5
2017-09-04,SR,36,6417.0,10.0,0.0,108.0,162.0,0.0,108.0,162.0
2017-09-11,M,35,2720.0,10.0,0.0,52.5,78.75,0.0,52.5,78.75
2017-09-11,MA,36,2881.0,10.0,0.0,72.0,108.0,0.0,72.0,108.0
2017-09-11,SR,-36,6152.0,10.0,0.0,108.0,162.0,0.0,108.0,162.0
2017-09-11,T,45,95.13,10000.0,0.0,135.0,202.5,0.0,135.0,202.5
2017-09-11,T,2,95.13,10000.0,0.0,6.0,9.0,0.0,6.0,9.0
2017-09-18,AL,-73,16260.0,5.0,0.0,219.0,328.5,0.0,219.0,328.5
2017-09-18,C,38,1693.0,10.0,0.0,45.6,68.4,0.0,45.6,68.4
2017-09-18,FG,-67,1359.0,20.0,0.0,201.0,301.5,0.0,201.0,301.5
2017-09-18,JD,-172,4128.0,5.0,0.0,258.0,387.0,0.0,258.0,387.0
2017-09-18,M,17,2733.0,10.0,0.0,25.5,38.25,0.0,25.5,38.25
2017-09-18,M,56,2733.0,10.0,0.0,84.0,126.0,0.0,84.0,126.0
2017-09-18,M,16,2733.0,10.0,0.0,24.0,36.0,0.0,24.0,36.0
2017-09-18,MA,-84,2803.0,10.0,0.0,168.0,252.0,0.0,168.0,252.0
2017-09-18,P,40,5780.0,10.0,0.0,100.0,150.0,0.0,100.0,150.0
2017-09-18,RB,41,3809.0,10.0,1e-05,15.616900000000001,23.42535,0.0001,156.169,234.25350000000003
2017-09-18,RU,-4,15780.0,10.0,0.0,12.0,18.0,0.0,12.0,18.0
2017-09-25,C,8,1718.0,10.0,0.0,9.6,14.399999999999999,0.0,9.6,14.399999999999999
2017-09-25,FG,-4,1338.0,20.0,0.0,12.0,18.0,0.0,12.0,18.0
2017-09-25,JD,77,4132.0,5.0,0.0,115.5,173.25,0.0,115.5,173.25
2017-09-25,MA,-9,2688.0,10.0,0.0,18.0,27.0,0.0,18.0,27.0
2017-09-25,MA,-10,2688.0,10.0,0.0,20.0,30.0,0.0,20.0,30.0
2017-09-25,P,1,5648.0,10.0,0.0,2.5,3.75,0.0,2.5,3.75
2017-09-25,RB,-99,3573.0,10.0,1e-05,35.3727,53.05905,0.0001,353.727,530.5905
2017-09-25,RB,-41,3573.0,10.0,1e-05,14.6493,21.973950000000002,0.0001,146.493,219.7395
2017-09-25,RU,-1,14675.0,10.0,0.0,3.0,4.5,0.0,3.0,4.5
2017-09-25,SR,-57,6153.0,10.0,0.0,171.0,256.5,0.0,171.0,256.5
2017-10-09,C,13,1682.0,10.0,0.0,15.6,23.4,0.0,15.6,23.4
2017-10-09,FG,-92,1321.0,20.0,0.0,276.0,414.0,0.0,276.0,414.0
2017-10-09,JD,95,4211.0,5.0,0.0,142.5,213.75,0.0,142.5,213.75
2017-10-09,M,105,2782.0,10.0,0.0,157.5,236.25,0.0,157.5,236.25
2017-10-09,MA,-1,2730.0,10.0,0.0,2.0,3.0,0.0,2.0,3.0
2017-10-09,MA,-50,2730.0,10.0,0.0,100.0,150.0,0.0,100.0,150.0
2017-10-09,P,-40,5570.0,10.0,0.0,100.0,150.0,0.0,100.0,150.0
2017-10-09,P,-1,5570.0,10.0,0.0,2.5,3.75,0.0,2.5,3.75
2017-10-09,SR,-77,6103.0,10.0,0.0,231.0,346.5,0.0,231.0,346.5
2017-10-16,FG,67,1377.0,20.0,0.0,201.0,301.5,0.0,201.0,301.5
2017-10-16,FG,4,1377.0,20.0,0.0,12.0,18.0,0.0,12.0,18.0
2017-10-16,FG,92,1377.0,20.0,0.0,276.0,414.0,0.0,276.0,414.0
2017-10-16,FG,63,1377.0,20.0,0.0,189.0,283.5,0.0,189.0,283.5
2017-10-16,M,-6,2858.0,10.0,0.0,9.0,13.5,0.0,9.0,13.5
2017-10-16,MA,-31,2651.0,10.0,0.0,62.0,93.0,0.0,62.0,93.0
2017-10-16,MA,-36,2651.0,10.0,0.0,72.0,108.0,0.0,72.0,108.0
2017-10-16,RU,-16,13590.0,10.0,0.0,48.0,72.0,0.0,48.0,72.0
2017-10-16,SR,2,6264.0,10.0,0.0,6.0,9.0,0.0,6.0,9.0
2017-10-23,AL,77,16315.0,5.0,0.0,231.0,346.5,0.0,231.0,346.5
2017-10-23,CF,-33,14965.0,5.0,0.0,141.9,212.85000000000002,0.0,141.9,212.85000000000002
2017-10-23,M,-4,2853.0,10.0,0.0,6.0,9.0,0.0,6.0,9.0
2017-10-23,RU,1,13710.0,10.0,0.0,3.0,4.5,0.0,3.0,4.5
2017-10-23,SR,55,6197.0,10.0,0.0,165.0,247.5,0.0,165.0,247.5
2017-10-23,SR,16,6197.0,10.0,0.0,48.0,72.0,0.0,48.0,72.0
2017-10-23,T,-45,94.055,10000.0,0.0,135.0,202.5,0.0,135.0,202.5
2017-10-30,AL,-77,16225.0,5.0,0.0,231.0,346.5,0.0,231.0,346.5
2017-10-30,C,45,1664.0,10.0,0.0,54.0,81.0,0.0,54.0,81.0
2017-10-30,CF,33,14975.0,5.0,0.0,141.9,212.85000000000002,0.0,141.9,212.85000000000002
2017-10-30,FG,86,1320.0,20.0,0.0,258.0,387.0,0.0,258.0,387.0
2017-10-30,M,20,2803.0,10.0,0.0,30.0,45.0,0.0,30.0,45.0
2017-10-30,P,-51,5690.0,10.0,0.0,127.5,191.25,0.0,127.5,191.25
2017-10-30,T,-2,93.065,10000.0,0.0,6.0,9.0,0.0,6.0,9.0
2017-11-06,C,-177,1668.0,10.0,0.0,212.4,318.6,0.0,212.4,318.6
2017-11-06,C,-3,1668.0,10.0,0.0,3.5999999999999996,5.3999999999999995,0.0,3.5999999999999996,5.3999999999999995
2017-11-06,C,-38,1668.0,10.0,0.0,45.6,68.4,0.0,45.6,68.4
2017-11-06,C,-8,1668.0,10.0,0.0,9.6,14.399999999999999,0.0,9.6,14.399999999999999
2017-11-06,C,-13,1668.0,10.0,0.0,15.6,23.4,0.0,15.6,23.4
2017-11-06,C,-45,1668.0,10.0,0.0,54.0,81.0,0.0,54.0,81.0
2017-11-06,FG,-56,1355.0,20.0,0.0,168.0,252.0,0.0,168.0,252.0
2017-11-06,M,-95,2804.0,10.0,0.0,142.5,213.75,0.0,142.5,213.75
2017-11-06,M,-20,2804.0,10.0,0.0,30.0,45.0,0.0,30.0,45.0
2017-11-06,P,51,5650.0,10.0,0.0,127.5,191.25,0.0,127.5,191.25
2017-11-06,RB,147,3623.0,10.0,1e-05,53.2581,79.88714999999999,0.0001,532.581,798.8715
2017-11-06,RU,-9,13660.0,10.0,0.0,27.0,40.5,0.0,27.0,40.5
2017-11-06,SR,61,6385.0,10.0,0.0,183.0,274.5,0.0,183.0,274.5
2017-11-06,T,1,92.885,10000.0,0.0,3.0,4.5,0.0,3.0,4.5
2017-11-10,RB,-147,3759.0,10.0,1e-05,55.2573,82.88595000000001,0.0001,552.5730000000001,828.8595000000001
2017-11-10,RB,167,3762.0,10.0,1e-05,62.82540000000001,94.23810000000002,0.0001,628.254,942.3810000000001
2017-11-10,T,44,92.745,10000.0,0.0,132.0,198.0,0.0,132.0,198.0
2017-11-10,T,2,92.745,10000.0,0.0,6.0,9.0,0.0,6.0,9.0
2017-11-10,T,-48,92.795,10000.0,0.0,144.0,216.0,0.0,144.0,216.0
2017-11-13,FG,167,1422.0,20.0,0.0,501.0,751.5,0.0,501.0,751.5
2017-11-13,RB,-167,3809.0,10.0,1e-05,63.6103,95.41545,0.0001,636.1030000000001,954.1545000000001
2017-11-13,RU,3,13875.0,10.0,0.0,9.0,13.5,0.0,9.0,13.5
2017-11-13,RU,1,13875.0,10.0,0.0,3.0,4.5,0.0,3.0,4.5
2017-11-13,RU,14,13875.0,10.0,0.0,42.0,63.0,0.0,42.0,63.0
2017-11-20,C,317,1684.0,10.0,0.0,380.4,570.5999999999999,0.0,380.4,570.5999999999999
2017-11-20,FG,-7,1474.0,20.0,0.0,21.0,31.5,0.0,21.0,31.5
2017-11-20,FG,-86,1474.0,20.0,0.0,258.0,387.0,0.0,258.0,387.0
2017-11-20,FG,-51,1474.0,20.0,0.0,153.0,229.5,0.0,153.0,229.5
2017-11-20,JD,181,4411.0,5.0,0.0,271.5,407.25,0.0,271.5,407.25
2017-11-20,M,-142,2853.0,10.0,0.0,213.0,319.5,0.0,213.0,319.5
2017-11-20,MA,142,2920.0,10.0,0.0,284.0,426.0,0.0,284.0,426.0
2017-11-20,SR,-70,6387.0,10.0,0.0,210.0,315.0,0.0,210.0,315.0
2017-11-23,M,142,2910.0,10.0,0.0,213.0,319.5,0.0,213.0,319.5
2017-11-23,M,-155,2832.0,10.0,0.0,232.5,348.75,0.0,232.5,348.75
2017-11-27,C,21,1704.0,10.0,0.0,25.2,37.8,0.0,25.2,37.8
2017-11-27,CF,-78,14880.0,5.0,0.0,335.4,503.09999999999997,0.0,335.4,503.09999999999997
2017-11-27,FG,-10,1486.0,20.0,0.0,30.0,45.0,0.0,30.0,45.0
2017-11-27,JD,-181,4484.0,5.0,0.0,271.5,407.25,0.0,271.5,407.25
2017-11-27,M,155,2845.0,10.0,0.0,232.5,348.75,0.0,232.5,348.75
2017-11-27,MA,-51,2978.0,10.0,0.0,102.0,153.0,0.0,102.0,153.0
2017-11-27,P,-59,5496.0,10.0,0.0,147.5,221.25,0.0,147.5,221.25
2017-11-27,RU,-8,13840.0,10.0,0.0,24.0,36.0,0.0,24.0,36.0
2017-11-27,SR,70,6404.0,10.0,0.0,210.0,315.0,0.0,210.0,315.0
2017-11-27,SR,75,6404.0,10.0,0.0,225.0,337.5,0.0,225.0,337.5
2017-11-29,CF,78,15070.0,5.0,0.0,335.4,503.09999999999997,0.0,335.4,503.09999999999997
2017-11-29,CF,-89,15185.0,5.0,0.0,382.7,574.05,0.0,382.7,574.05
2017-11-29,RU,2,13555.0,10.0,0.0,6.0,9.0,0.0,6.0,9.0
2017-11-29,RU,9,13555.0,10.0,0.0,27.0,40.5,0.0,27.0,40.5
2017-11-29,RU,8,13555.0,10.0,0.0,24.0,36.0,0.0,24.0,36.0
2017-11-29,RU,-22,13950.0,10.0,0.0,66.0,99.0,0.0,66.0,99.0
2017-11-30,FG,-106,1479.0,20.0,0.0,212.0,318.0,0.0,212.0,318.0
2017-11-30,FG,98,1469.0,20.0,0.0,294.0,441.0,0.0,294.0,441.0
2017-12-04,AL,-126,14695.0,5.0,0.0,378.0,567.0,0.0,378.0,567.0
2017-12-04,C,-28,1709.0,10.0,0.0,33.6,50.400000000000006,0.0,33.6,50.400000000000006
2017-12-04,CF,89,15445.0,5.0,0.0,382.7,574.05,0.0,382.7,574.05
2017-12-04,FG,92,1466.0,20.0,0.0,276.0,414.0,0.0,276.0,414.0
2017-12-04,M,107,2803.0,10.0,0.0,160.5,240.75,0.0,160.5,240.75
2017-12-04,MA,-91,2979.0,10.0,0.0,182.0,273.0,0.0,182.0,273.0
2017-12-04,P,10,5460.0,10.0,0.0,25.0,37.5,0.0,25.0,37.5
2017-12-04,RB,152,3973.0,10.0,1e-05,60.38960000000001,90.58440000000002,0.0001,603.8960000000001,905.844
2017-12-04,RU,14,14770.0,10.0,0.0,42.0,63.0,0.0,42.0,63.0
2017-12-04,SR,-75,6408.0,10.0,0.0,225.0,337.5,0.0,225.0,337.5
2017-12-04,SR,-49,6408.0,10.0,0.0,147.0,220.5,0.0,147.0,220.5
2017-12-04,T,13,92.95,10000.0,0.0,39.0,58.5,0.0,39.0,58.5
2017-12-06,C,-289,1719.0,10.0,0.0,346.8,520.2,0.0,346.8,520.2
2017-12-06,C,-21,1719.0,10.0,0.0,25.2,37.8,0.0,25.2,37.8
2017-12-06,C,303,1783.0,10.0,0.0,363.59999999999997,545.4,0.0,363.59999999999997,545.4
2017-12-11,AL,-14,14290.0,5.0,0.0,42.0,63.0,0.0,42.0,63.0
2017-12-11,C,284,1781.0,10.0,0.0,340.8,511.20000000000005,0.0,340.8,511.20000000000005
2017-12-11,M,-107,2878.0,10.0,0.0,160.5,240.75,0.0,160.5,240.75
2017-12-11,SR,-8,6548.0,10.0,0.0,24.0,36.0,0.0,24.0,36.0
2017-12-11,T,-1,92.665,10000.0,0.0,3.0,4.5,0.0,3.0,4.5
2017-12-15,SR,49,6254.0,10.0,0.0,98.0,147.0,0.0,98.0,147.0
2017-12-15,SR,8,6254.0,10.0,0.0,16.0,24.0,0.0,16.0,24.0
2017-12-15,SR,-47,5964.0,10.0,0.0,141.0,211.5,0.0,141.0,211.5
2017-12-18,AL,126,14505.0,5.0,0.0,378.0,567.0,0.0,378.0,567.0
2017-12-18,AL,14,14505.0,5.0,0.0,42.0,63.0,0.0,42.0,63.0
2017-12-18,C,-133,1796.0,10.0,0.0,159.6,239.39999999999998,0.0,159.6,239.39999999999998
2017-12-18,FG,-98,1443.0,20.0,0.0,294.0,441.0,0.0,294.0,441.0
2017-12-18,FG,-8,1443.0,20.0,0.0,24.0,36.0,0.0,24.0,36.0
2017-12-18,M,120,2818.0,10.0,0.0,180.0,270.0,0.0,180.0,270.0
2017-12-18,MA,56,2900.0,10.0,0.0,112.0,168.0,0.0,112.0,168.0
2017-12-18,P,-5,5284.0,10.0,0.0,12.5,18.75,0.0,12.5,18.75
2017-12-18,RB,45,3840.0,10.0,1e-05,17.28,25.92,0.0001,172.8,259.20000000000005
2017-12-18,RU,-10,14440.0,10.0,0.0,30.0,45.0,0.0,30.0,45.0
2017-12-18,SR,-7,5972.0,10.0,0.0,21.0,31.5,0.0,21.0,31.5
2017-12-18,T,-8,92.98,10000.0,0.0,24.0,36.0,0.0,24.0,36.0
2017-12-25,C,134,1825.0,10.0,0.0,160.79999999999998,241.2,0.0,160.79999999999998,241.2
2017-12-25,FG,-84,1512.0,20.0,0.0,252.0,378.0,0.0,252.0,378.0
2017-12-25,M,-120,2789.0,10.0,0.0,180.0,270.0,0.0,180.0,270.0
2017-12-25,MA,7,2922.0,10.0,0.0,14.0,21.0,0.0,14.0,21.0
2017-12-25,P,-60,5140.0,10.0,0.0,150.0,225.0,0.0,150.0,225.0
2017-12-25,RB,1,3945.0,10.0,1e-05,0.3945,0.59175,0.0001,3.9450000000000003,5.9175
2017-12-25,RU,8,14060.0,10.0,0.0,24.0,36.0,0.0,24.0,36.0
2017-12-25,SR,47,5957.0,10.0,0.0,141.0,211.5,0.0,141.0,211.5
2017-12-25,SR,7,5957.0,10.0,0.0,21.0,31.5,0.0,21.0,31.5
2017-12-25,T,35,93.215,10000.0,0.0,105.0,157.5,0.0,105.0,157.5
2017-12-25,T,1,93.215,10000.0,0.0,3.0,4.5,0.0,3.0,4.5
2017-12-25,T,8,93.215,10000.0,0.0,24.0,36.0,0.0,24.0,36.0
2017-12-25,T,51,93.215,10000.0,0.0,153.0,229.5,0.0,153.0,229.5
2018-01-02,C,67,1820.0,10.0,0.0,80.39999999999999,120.6,0.0,80.39999999999999,120.6
2018-01-02,FG,84,1489.0,20.0,0.0,252.0,378.0,0.0,252.0,378.0
2018-01-02,MA,8,2855.0,10.0,0.0,16.0,24.0,0.0,16.0,24.0
2018-01-02,P,42,5246.0,10.0,0.0,105.0,157.5,0.0,105.0,157.5
2018-01-02,RU,-11,14080.0,10.0,0.0,33.0,49.5,0.0,33.0,49.5
2018-01-02,SR,-74,5921.0,10.0,0.0,222.0,333.0,0.0,222.0,333.0
2018-01-02,T,-51,93.165,10000.0,0.0,153.0,229.5,0.0,153.0,229.5
2018-01-08,AL,181,15155.0,5.0,0.0,543.0,814.5,0.0,543.0,814.5
2018-01-08,C,-25,1853.0,10.0,0.0,30.0,45.0,0.0,30.0,45.0
2018-01-08,FG,7,1459.0,20.0,0.0,21.0,31.5,0.0,21.0,31.5
2018-01-08,JD,-195,3778.0,5.0,0.0,292.5,438.75,0.0,292.5,438.75
2018-01-08,MA,79,2918.0,10.0,0.0,158.0,237.0,0.0,158.0,237.0
2018-01-08,P,7,5352.0,10.0,0.0,17.5,26.25,0.0,17.5,26.25
2018-01-08,P,5,5352.0,10.0,0.0,12.5,18.75,0.0,12.5,18.75
2018-01-08,P,60,5352.0,10.0,0.0,150.0,225.0,0.0,150.0,225.0
2018-01-08,RB,-152,3794.0,10.0,1e-05,57.668800000000005,86.5032,0.0001,576.688,865.0319999999999
2018-01-08,RB,-45,3794.0,10.0,1e-05,17.073,25.6095,0.0001,170.73,256.09499999999997
2018-01-08,RB,-1,3794.0,10.0,1e-05,0.3794,0.5691,0.0001,3.794,5.691
2018-01-08,RU,5,14070.0,10.0,0.0,15.0,22.5,0.0,15.0,22.5
2018-01-08,SR,-6,5862.0,10.0,0.0,18.0,27.0,0.0,18.0,27.0
2018-01-10,AL,-1,15035.0,5.0,0.0,3.0,4.5,0.0,3.0,4.5
2018-01-10,C,-1,1822.0,10.0,0.0,1.2,1.7999999999999998,0.0,1.2,1.7999999999999998
2018-01-10,FG,-1,1508.0,20.0,0.0,3.0,4.5,0.0,3.0,4.5
2018-01-10,JD,1,3721.0,5.0,0.0,1.5,2.25,0.0,1.5,2.25
2018-01-10,MA,-1,2978.0,10.0,0.0,2.0,3.0,0.0,2.0,3.0
2018-01-10,RU,1,14110.0,10.0,0.0,3.0,4.5,0.0,3.0,4.5
2018-01-10,SR,1,5866.0,10.0,0.0,3.0,4.5,0.0,3.0,4.5
2018-01-15,AL,-1,15120.0,5.0,0.0,3.0,4.5,0.0,3.0,4.5
2018-01-15,C,-4,1828.0,10.0,0.0,4.8,7.199999999999999,0.0,4.8,7.199999999999999
2018-01-15,FG,-1,1492.0,20.0,0.0,3.0,4.5,0.0,3.0,4.5
2018-01-15,JD,194,3720.0,5.0,0.0,291.0,436.5,0.0,291.0,436.5
2018-01-15,MA,-1,2949.0,10.0,0.0,2.0,3.0,0.0,2.0,3.0
2018-01-15,RU,2,14300.0,10.0,0.0,6.0,9.0,0.0,6.0,9.0
2018-01-15,SR,-88,5868.0,10.0,0.0,264.0,396.0,0.0,264.0,396.0
2018-01-15,T,-41,92.145,10000.0,0.0,123.0,184.5,0.0,123.0,184.5
2018-01-17,AL,-1,14690.0,5.0,0.0,3.0,4.5,0.0,3.0,4.5
2018-01-17,C,-2,1820.0,10.0,0.0,2.4,3.5999999999999996,0.0,2.4,3.5999999999999996
2018-01-17,FG,-1,1464.0,20.0,0.0,3.0,4.5,0.0,3.0,4.5
2018-01-17,MA,-1,2819.0,10.0,0.0,2.0,3.0,0.0,2.0,3.0
2018-01-17,RU,1,14195.0,10.0,0.0,3.0,4.5,0.0,3.0,4.5
2018-01-17,SR,1,5812.0,10.0,0.0,3.0,4.5,0.0,3.0,4.5
2018-01-18,AL,-1,14630.0,5.0,0.0,3.0,4.5,0.0,3.0,4.5
2018-01-18,C,-3,1816.0,10.0,0.0,3.5999999999999996,5.3999999999999995,0.0,3.5999999999999996,5.3999999999999995
2018-01-18,FG,-1,1472.0,20.0,0.0,3.0,4.5,0.0,3.0,4.5
2018-01-18,MA,-1,2826.0,10.0,0.0,2.0,3.0,0.0,2.0,3.0
2018-01-18,RU,1,14130.0,10.0,0.0,3.0,4.5,0.0,3.0,4.5
2018-01-18,SR,1,5787.0,10.0,0.0,3.0,4.5,0.0,3.0,4.5
2018-01-18,T,1,91.705,10000.0,0.0,3.0,4.5,0.0,3.0,4.5
2018-01-22,AL,-41,14755.0,5.0,0.0,123.0,184.5,0.0,123.0,184.5
2018-01-22,C,-135,1800.0,10.0,0.0,162.0,243.0,0.0,162.0,243.0
2018-01-22,C,-236,1800.0,10.0,0.0,283.2,424.79999999999995,0.0,283.2,424.79999999999995
2018-01-22,CF,30,15325.0,5.0,0.0,129.0,193.5,0.0,129.0,193.5
2018-01-22,FG,87,1486.0,20.0,0.0,261.0,391.5,0.0,261.0,391.5
2018-01-22,M,-107,2782.0,10.0,0.0,160.5,240.75,0.0,160.5,240.75
2018-01-22,MA,-52,2799.0,10.0,0.0,104.0,156.0,0.0,104.0,156.0
2018-01-22,MA,-7,2799.0,10.0,0.0,14.0,21.0,0.0,14.0,21.0
2018-01-22,MA,-8,2799.0,10.0,0.0,16.0,24.0,0.0,16.0,24.0
2018-01-22,MA,-79,2799.0,10.0,0.0,158.0,237.0,0.0,158.0,237.0
2018-01-22,RB,163,3938.0,10.0,1e-05,64.1894,96.28410000000001,0.0001,641.894,962.841
2018-01-22,SR,71,5752.0,10.0,0.0,213.0,319.5,0.0,213.0,319.5
2018-01-22,SR,6,5752.0,10.0,0.0,18.0,27.0,0.0,18.0,27.0
2018-01-22,SR,18,5752.0,10.0,0.0,54.0,81.0,0.0,54.0,81.0
2018-01-22,T,-2,91.515,10000.0,0.0,6.0,9.0,0.0,6.0,9.0
2018-01-29,AL,-136,14650.0,5.0,0.0,408.0,612.0,0.0,408.0,612.0
2018-01-29,C,36,1799.0,10.0,0.0,43.199999999999996,64.8,0.0,43.199999999999996,64.8
2018-01-29,CF,10,15530.0,5.0,0.0,43.0,64.5,0.0,43.0,64.5
2018-01-29,FG,-80,1482.0,20.0,0.0,240.0,360.0,0.0,240.0,360.0
2018-01-29,FG,-3,1482.0,20.0,0.0,9.0,13.5,0.0,9.0,13.5
2018-01-29,M,107,2770.0,10.0,0.0,160.5,240.75,0.0,160.5,240.75
2018-01-29,MA,-141,2825.0,10.0,0.0,282.0,423.0,0.0,282.0,423.0
2018-01-29,RB,81,3943.0,10.0,1e-05,31.9383,47.907450000000004,0.0001,319.383,479.07449999999994
2018-01-29,RU,-5,13720.0,10.0,0.0,15.0,22.5,0.0,15.0,22.5
2018-01-29,SR,-92,5789.0,10.0,0.0,276.0,414.0,0.0,276.0,414.0
2018-01-29,T,-13,91.83,10000.0,0.0,39.0,58.5,0.0,39.0,58.5
2018-02-05,AL,-148,14355.0,5.0,0.0,444.0,666.0,0.0,444.0,666.0
2018-02-05,FG,46,1486.0,20.0,0.0,138.0,207.0,0.0,138.0,207.0
2018-02-05,MA,141,2770.0,10.0,0.0,282.0,423.0,0.0,282.0,423.0
2018-02-05,RU,-11,12980.0,10.0,0.0,33.0,49.5,0.0,33.0,49.5
2018-02-05,SR,70,5777.0,10.0,0.0,210.0,315.0,0.0,210.0,315.0
2018-02-05,SR,7,5777.0,10.0,0.0,21.0,31.5,0.0,21.0,31.5
2018-02-05,T,11,91.955,10000.0,0.0,33.0,49.5,0.0,33.0,49.5
2018-02-07,AL,148,14185.0,5.0,0.0,444.0,666.0,0.0,444.0,666.0
2018-02-07,AL,-173,14220.0,5.0,0.0,519.0,778.5,0.0,519.0,778.5
2018-02-07,C,-2,1818.0,10.0,0.0,2.4,3.5999999999999996,0.0,2.4,3.5999999999999996
2018-02-07,CF,-1,15040.0,5.0,0.0,4.3,6.449999999999999,0.0,4.3,6.449999999999999
2018-02-07,FG,-1,1483.0,20.0,0.0,3.0,4.5,0.0,3.0,4.5
2018-02-07,RB,-2,3948.0,10.0,1e-05,0.7896000000000001,1.1844000000000001,0.0001,7.896000000000001,11.844000000000001
2018-02-07,RU,1,12645.0,10.0,0.0,3.0,4.5,0.0,3.0,4.5
2018-02-07,SR,1,5783.0,10.0,0.0,3.0,4.5,0.0,3.0,4.5
2018-02-07,T,3,91.96,10000.0,0.0,9.0,13.5,0.0,9.0,13.5
2018-02-08,T,26,92.17,10000.0,0.0,78.0,117.0,0.0,78.0,117.0
2018-02-08,T,2,92.17,10000.0,0.0,6.0,9.0,0.0,6.0,9.0
2018-02-08,T,13,92.17,10000.0,0.0,39.0,58.5,0.0,39.0,58.5
2018-02-08,T,-44,92.19,10000.0,0.0,132.0,198.0,0.0,132.0,198.0
2018-02-12,AL,2,14220.0,5.0,0.0,6.0,9.0,0.0,6.0,9.0
2018-02-12,C,-3,1821.0,10.0,0.0,3.5999999999999996,5.3999999999999995,0.0,3.5999999999999996,5.3999999999999995
2018-02-12,CF,3,14910.0,5.0,0.0,12.899999999999999,19.349999999999998,0.0,12.899999999999999,19.349999999999998
2018-02-12,FG,6,1452.0,20.0,0.0,18.0,27.0,0.0,18.0,27.0
2018-02-12,RB,17,3891.0,10.0,1e-05,6.614700000000001,9.922050000000002,0.0001,66.147,99.22050000000002
2018-02-12,RU,3,12430.0,10.0,0.0,9.0,13.5,0.0,9.0,13.5
2018-02-12,SR,1,5740.0,10.0,0.0,3.0,4.5,0.0,3.0,4.5
2018-02-12,T,3,92.075,10000.0,0.0,9.0,13.5,0.0,9.0,13.5
2018-02-13,AL,1,14370.0,5.0,0.0,3.0,4.5,0.0,3.0,4.5
2018-02-13,C,-2,1818.0,10.0,0.0,2.4,3.5999999999999996,0.0,2.4,3.5999999999999996
2018-02-13,CF,-1,14910.0,5.0,0.0,4.3,6.449999999999999,0.0,4.3,6.449999999999999
2018-02-13,FG,-1,1444.0,20.0,0.0,3.0,4.5,0.0,3.0,4.5
2018-02-13,RB,-2,3919.0,10.0,1e-05,0.7838,1.1757,0.0001,7.838,11.757
2018-02-13,RU,1,12505.0,10.0,0.0,3.0,4.5,0.0,3.0,4.5
2018-02-13,SR,1,5800.0,10.0,0.0,3.0,4.5,0.0,3.0,4.5
2018-02-14,AL,1,14375.0,5.0,0.0,3.0,4.5,0.0,3.0,4.5
2018-02-14,C,-2,1796.0,10.0,0.0,2.4,3.5999999999999996,0.0,2.4,3.5999999999999996
2018-02-14,CF,-1,14870.0,5.0,0.0,4.3,6.449999999999999,0.0,4.3,6.449999999999999
2018-02-14,FG,-1,1446.0,20.0,0.0,3.0,4.5,0.0,3.0,4.5
2018-02-14,RB,-2,3920.0,10.0,1e-05,0.784,1.1760000000000002,0.0001,7.840000000000001,11.760000000000002
2018-02-14,RU,1,12445.0,10.0,0.0,3.0,4.5,0.0,3.0,4.5
2018-02-14,SR,1,5793.0,10.0,0.0,3.0,4.5,0.0,3.0,4.5
2018-02-14,T,1,92.08,10000.0,0.0,3.0,4.5,0.0,3.0,4.5
2018-02-22,AL,2,14280.0,5.0,0.0,6.0,9.0,0.0,6.0,9.0
2018-02-22,C,-4,1813.0,10.0,0.0,4.8,7.199999999999999,0.0,4.8,7.199999999999999
2018-02-22,CF,-27,15020.0,5.0,0.0,116.1,174.14999999999998,0.0,116.1,174.14999999999998
2018-02-22,CF,-10,15020.0,5.0,0.0,43.0,64.5,0.0,43.0,64.5
2018-02-22,CF,-3,15020.0,5.0,0.0,12.899999999999999,19.349999999999998,0.0,12.899999999999999,19.349999999999998
2018-02-22,FG,-1,1465.0,20.0,0.0,3.0,4.5,0.0,3.0,4.5
2018-02-22,FG,-51,1465.0,20.0,0.0,153.0,229.5,0.0,153.0,229.5
2018-02-22,M,117,2930.0,10.0,0.0,175.5,263.25,0.0,175.5,263.25
2018-02-22,RB,8,3946.0,10.0,1e-05,3.1568,4.7352,0.0001,31.568,47.352000000000004
2018-02-22,RU,-17,12535.0,10.0,0.0,51.0,76.5,0.0,51.0,76.5
2018-02-22,SR,1,5778.0,10.0,0.0,3.0,4.5,0.0,3.0,4.5
2018-02-26,C,8,1821.0,10.0,0.0,9.6,14.399999999999999,0.0,9.6,14.399999999999999
2018-02-26,FG,-5,1486.0,20.0,0.0,15.0,22.5,0.0,15.0,22.5
2018-02-26,M,-10,2962.0,10.0,0.0,15.0,22.5,0.0,15.0,22.5
2018-02-26,SR,-1,5804.0,10.0,0.0,3.0,4.5,0.0,3.0,4.5
2018-02-27,AL,1,14320.0,5.0,0.0,3.0,4.5,0.0,3.0,4.5
2018-02-27,C,-1,1828.0,10.0,0.0,1.2,1.7999999999999998,0.0,1.2,1.7999999999999998
2018-02-27,FG,-1,1487.0,20.0,0.0,3.0,4.5,0.0,3.0,4.5
2018-02-27,M,-1,2976.0,10.0,0.0,1.5,2.25,0.0,1.5,2.25
2018-02-27,RB,-1,4037.0,10.0,1e-05,0.40370000000000006,0.60555,0.0001,4.037,6.0555
2018-02-27,RU,1,12940.0,10.0,0.0,3.0,4.5,0.0,3.0,4.5
2018-02-27,SR,1,5812.0,10.0,0.0,3.0,4.5,0.0,3.0,4.5
2018-03-02,AL,166,14385.0,5.0,0.0,498.0,747.0,0.0,498.0,747.0
2018-03-02,AL,-176,14440.0,5.0,0.0,528.0,792.0,0.0,528.0,792.0
2018-03-02,C,-9,1829.0,10.0,0.0,10.799999999999999,16.2,0.0,10.799999999999999,16.2
2018-03-02,FG,-3,1492.0,20.0,0.0,9.0,13.5,0.0,9.0,13.5
2018-03-02,M,-4,3043.0,10.0,0.0,6.0,9.0,0.0,6.0,9.0
2018-03-02,RB,-9,4021.0,10.0,1e-05,3.6189,5.42835,0.0001,36.189,54.283500000000004
2018-03-02,RU,2,12910.0,10.0,0.0,6.0,9.0,0.0,6.0,9.0
2018-03-02,SR,3,5770.0,10.0,0.0,9.0,13.5,0.0,9.0,13.5
2018-03-05,AL,3,14455.0,5.0,0.0,9.0,13.5,0.0,9.0,13.5
2018-03-05,C,-25,1843.0,10.0,0.0,30.0,45.0,0.0,30.0,45.0
2018-03-05,C,-134,1843.0,10.0,0.0,160.79999999999998,241.2,0.0,160.79999999999998,241.2
2018-03-05,C,-67,1843.0,10.0,0.0,80.39999999999999,120.6,0.0,80.39999999999999,120.6
2018-03-05,C,-36,1843.0,10.0,0.0,43.199999999999996,64.8,0.0,43.199999999999996,64.8
2018-03-05,C,-8,1843.0,10.0,0.0,9.6,14.399999999999999,0.0,9.6,14.399999999999999
2018-03-05,FG,83,1500.0,20.0,0.0,249.0,373.5,0.0,249.0,373.5
2018-03-05,M,65,3132.0,10.0,0.0,97.5,146.25,0.0,97.5,146.25
2018-03-05,RB,13,4020.0,10.0,1e-05,5.226,7.839,0.0001,52.260000000000005,78.39000000000001
2018-03-05,RU,2,12915.0,10.0,0.0,6.0,9.0,0.0,6.0,9.0
2018-03-05,RU,1,12915.0,10.0,0.0,3.0,4.5,0.0,3.0,4.5
2018-03-05,SR,-3,5755.0,10.0,0.0,9.0,13.5,0.0,9.0,13.5
2018-03-05,T,40,92.645,10000.0,0.0,120.0,180.0,0.0,120.0,180.0
2018-03-12,AL,4,14120.0,5.0,0.0,12.0,18.0,0.0,12.0,18.0
2018-03-12,FG,17,1465.0,20.0,0.0,51.0,76.5,0.0,51.0,76.5
2018-03-12,M,12,3089.0,10.0,0.0,18.0,27.0,0.0,18.0,27.0
2018-03-12,MA,-86,2696.0,10.0,0.0,172.0,258.0,0.0,172.0,258.0
2018-03-12,RB,-35,3736.0,10.0,1e-05,13.076000000000002,19.614000000000004,0.0001,130.76000000000002,196.14000000000004
2018-03-12,RU,4,12680.0,10.0,0.0,12.0,18.0,0.0,12.0,18.0
2018-03-12,RU,11,12680.0,10.0,0.0,33.0,49.5,0.0,33.0,49.5
2018-03-12,RU,4,12680.0,10.0,0.0,12.0,18.0,0.0,12.0,18.0
2018-03-12,SR,-5,5625.0,10.0,0.0,15.0,22.5,0.0,15.0,22.5
2018-03-16,AL,4,13975.0,5.0,0.0,12.0,18.0,0.0,12.0,18.0
2018-03-16,FG,-4,1457.0,20.0,0.0,12.0,18.0,0.0,12.0,18.0
2018-03-16,M,-102,3047.0,10.0,0.0,153.0,229.5,0.0,153.0,229.5
2018-03-16,M,-65,3047.0,10.0,0.0,97.5,146.25,0.0,97.5,146.25
2018-03-16,M,-12,3047.0,10.0,0.0,18.0,27.0,0.0,18.0,27.0
2018-03-16,M,218,3009.0,10.0,0.0,327.0,490.5,0.0,327.0,490.5
2018-03-16,MA,2,2737.0,10.0,0.0,4.0,6.0,0.0,4.0,6.0
2018-03-16,RB,-5,3751.0,10.0,1e-05,1.8755000000000002,2.81325,0.0001,18.755000000000003,28.132500000000004
2018-03-16,RU,1,12800.0,10.0,0.0,3.0,4.5,0.0,3.0,4.5
2018-03-16,SR,2,5704.0,10.0,0.0,6.0,9.0,0.0,6.0,9.0
2018-03-19,AL,-23,13995.0,5.0,0.0,69.0,103.5,0.0,69.0,103.5
2018-03-19,FG,-23,1472.0,20.0,0.0,69.0,103.5,0.0,69.0,103.5
2018-03-19,FG,-28,1472.0,20.0,0.0,84.0,126.0,0.0,84.0,126.0
2018-03-19,M,-1,3032.0,10.0,0.0,1.5,2.25,0.0,1.5,2.25
2018-03-19,MA,-111,2708.0,10.0,0.0,222.0,333.0,0.0,222.0,333.0
2018-03-19,RB,-107,3730.0,10.0,1e-05,39.91100000000001,59.866500000000016,0.0001,399.11,598.665
2018-03-19,RB,-81,3730.0,10.0,1e-05,30.213000000000005,45.319500000000005,0.0001,302.13,453.195
2018-03-19,RB,-17,3730.0,10.0,1e-05,6.341000000000001,9.511500000000002,0.0001,63.41,95.115
2018-03-19,RB,-8,3730.0,10.0,1e-05,2.9840000000000004,4.476000000000001,0.0001,29.84,44.76
2018-03-19,RB,-13,3730.0,10.0,1e-05,4.849000000000001,7.273500000000002,0.0001,48.49,72.735
2018-03-19,RU,1,12610.0,10.0,0.0,3.0,4.5,0.0,3.0,4.5
2018-03-19,SR,-105,5688.0,10.0,0.0,315.0,472.5,0.0,315.0,472.5
2018-03-20,AL,2,14000.0,5.0,0.0,6.0,9.0,0.0,6.0,9.0
2018-03-20,FG,-2,1478.0,20.0,0.0,6.0,9.0,0.0,6.0,9.0
2018-03-20,M,-3,2985.0,10.0,0.0,4.5,6.75,0.0,4.5,6.75
2018-03-20,MA,3,2793.0,10.0,0.0,6.0,9.0,0.0,6.0,9.0
2018-03-20,RU,1,12550.0,10.0,0.0,3.0,4.5,0.0,3.0,4.5
2018-03-20,SR,2,5722.0,10.0,0.0,6.0,9.0,0.0,6.0,9.0
2018-03-21,AL,1,14035.0,5.0,0.0,3.0,4.5,0.0,3.0,4.5
2018-03-21,FG,-1,1461.0,20.0,0.0,3.0,4.5,0.0,3.0,4.5
2018-03-21,M,-1,2974.0,10.0,0.0,1.5,2.25,0.0,1.5,2.25
2018-03-21,MA,1,2802.0,10.0,0.0,2.0,3.0,0.0,2.0,3.0
2018-03-21,RU,1,12265.0,10.0,0.0,3.0,4.5,0.0,3.0,4.5
2018-03-21,SR,1,5702.0,10.0,0.0,3.0,4.5,0.0,3.0,4.5
2018-03-26,AL,-35,13780.0,5.0,0.0,105.0,157.5,0.0,105.0,157.5
2018-03-26,FG,27,1378.0,20.0,0.0,81.0,121.5,0.0,81.0,121.5
2018-03-26,MA,80,2714.0,10.0,0.0,160.0,240.0,0.0,160.0,240.0
2018-03-26,MA,17,2714.0,10.0,0.0,34.0,51.0,0.0,34.0,51.0
2018-03-26,SR,-21,5658.0,10.0,0.0,63.0,94.5,0.0,63.0,94.5
2018-03-30,RU,9,11135.0,10.0,0.0,27.0,40.5,0.0,27.0,40.5
2018-03-30,RU,-13,11475.0,10.0,0.0,39.0,58.5,0.0,39.0,58.5
2018-04-02,FG,-15,1414.0,20.0,0.0,45.0,67.5,0.0,45.0,67.5
2018-04-02,FG,-6,1414.0,20.0,0.0,18.0,27.0,0.0,18.0,27.0
2018-04-02,FG,-50,1414.0,20.0,0.0,150.0,225.0,0.0,150.0,225.0
2018-04-02,JD,-87,3308.0,5.0,0.0,130.5,195.75,0.0,130.5,195.75
2018-04-02,M,-141,3158.0,10.0,0.0,211.5,317.25,0.0,211.5,317.25
2018-04-02,MA,94,2712.0,10.0,0.0,188.0,282.0,0.0,188.0,282.0
2018-04-02,RU,-21,11640.0,10.0,0.0,63.0,94.5,0.0,63.0,94.5
2018-04-02,SR,71,5662.0,10.0,0.0,142.0,213.0,0.0,142.0,213.0
2018-04-02,SR,1,5662.0,10.0,0.0,2.0,3.0,0.0,2.0,3.0
2018-04-02,SR,3,5662.0,10.0,0.0,6.0,9.0,0.0,6.0,9.0
2018-04-02,SR,5,5662.0,10.0,0.0,10.0,15.0,0.0,10.0,15.0
2018-04-02,SR,105,5662.0,10.0,0.0,210.0,315.0,0.0,210.0,315.0
2018-04-02,SR,21,5662.0,10.0,0.0,42.0,63.0,0.0,42.0,63.0
2018-04-02,SR,-102,5557.0,10.0,0.0,306.0,459.0,0.0,306.0,459.0
2018-04-09,AL,-3,14285.0,5.0,0.0,9.0,13.5,0.0,9.0,13.5
2018-04-09,FG,-33,1366.0,20.0,0.0,99.0,148.5,0.0,99.0,148.5
2018-04-09,FG,-17,1366.0,20.0,0.0,51.0,76.5,0.0,51.0,76.5
2018-04-09,FG,-27,1366.0,20.0,0.0,81.0,121.5,0.0,81.0,121.5
2018-04-09,JD,-21,3488.0,5.0,0.0,31.5,47.25,0.0,31.5,47.25
2018-04-09,M,81,3399.0,10.0,0.0,121.5,182.25,0.0,121.5,182.25
2018-04-09,MA,188,2673.0,10.0,0.0,376.0,564.0,0.0,376.0,564.0
2018-04-09,RU,3,11405.0,10.0,0.0,9.0,13.5,0.0,9.0,13.5
2018-04-09,SR,-6,5558.0,10.0,0.0,18.0,27.0,0.0,18.0,27.0
2018-04-10,AL,162,14275.0,5.0,0.0,486.0,729.0,0.0,486.0,729.0
2018-04-10,AL,23,14275.0,5.0,0.0,69.0,103.5,0.0,69.0,103.5
2018-04-10,AL,35,14275.0,5.0,0.0,105.0,157.5,0.0,105.0,157.5
2018-04-10,AL,3,14275.0,5.0,0.0,9.0,13.5,0.0,9.0,13.5
2018-04-10,AL,-228,14310.0,5.0,0.0,684.0,1026.0,0.0,684.0,1026.0
2018-04-10,JD,87,3481.0,5.0,0.0,130.5,195.75,0.0,130.5,195.75
2018-04-10,JD,21,3481.0,5.0,0.0,31.5,47.25,0.0,31.5,47.25
2018-04-10,JD,-114,4027.0,5.0,0.0,171.0,256.5,0.0,171.0,256.5
2018-04-13,MA,-188,2744.0,10.0,0.0,188.0,282.0,0.0,188.0,282.0
2018-04-13,MA,174,2634.0,10.0,0.0,348.0,522.0,0.0,348.0,522.0
2018-04-16,AL,43,14655.0,5.0,0.0,129.0,193.5,0.0,129.0,193.5
2018-04-16,CF,-51,15375.0,5.0,0.0,219.29999999999998,328.95,0.0,219.29999999999998,328.95
2018-04-16,JD,114,4101.0,5.0,0.0,171.0,256.5,0.0,171.0,256.5
2018-04-16,M,-30,3227.0,10.0,0.0,45.0,67.5,0.0,45.0,67.5
2018-04-16,MA,-93,2656.0,10.0,0.0,186.0,279.0,0.0,186.0,279.0
2018-04-16,RU,-5,11505.0,10.0,0.0,15.0,22.5,0.0,15.0,22.5
2018-04-16,SR,6,5540.0,10.0,0.0,18.0,27.0,0.0,18.0,27.0
2018-04-23,AL,185,14965.0,5.0,0.0,555.0,832.5,0.0,555.0,832.5
2018-04-23,CF,51,15410.0,5.0,0.0,219.29999999999998,328.95,0.0,219.29999999999998,328.95
2018-04-23,M,-42,3226.0,10.0,0.0,63.0,94.5,0.0,63.0,94.5
2018-04-23,M,-21,3226.0,10.0,0.0,31.5,47.25,0.0,31.5,47.25
2018-04-23,MA,41,2645.0,10.0,0.0,82.0,123.0,0.0,82.0,123.0
2018-04-23,RU,10,11540.0,10.0,0.0,30.0,45.0,0.0,30.0,45.0
2018-04-23,RU,7,11540.0,10.0,0.0,21.0,31.5,0.0,21.0,31.5
2018-04-23,SR,-52,5487.0,10.0,0.0,156.0,234.0,0.0,156.0,234.0
2018-05-02,M,63,3222.0,10.0,0.0,94.5,141.75,0.0,94.5,141.75
2018-05-02,MA,-41,2673.0,10.0,0.0,82.0,123.0,0.0,82.0,123.0
2018-05-02,RB,163,3641.0,10.0,1e-05,59.34830000000001,89.02245000000002,0.0001,593.483,890.2244999999999
2018-05-02,RU,-10,11385.0,10.0,0.0,30.0,45.0,0.0,30.0,45.0
2018-05-07,C,-333,1742.0,10.0,0.0,399.59999999999997,599.4,0.0,399.59999999999997,599.4
2018-05-07,M,-48,3208.0,10.0,0.0,72.0,108.0,0.0,72.0,108.0
2018-05-07,MA,135,2761.0,10.0,0.0,270.0,405.0,0.0,270.0,405.0
2018-05-07,RU,14,11605.0,10.0,0.0,42.0,63.0,0.0,42.0,63.0
2018-05-07,RU,1,11605.0,10.0,0.0,3.0,4.5,0.0,3.0,4.5
2018-05-07,SR,52,5407.0,10.0,0.0,156.0,234.0,0.0,156.0,234.0
2018-05-14,C,333,1756.0,10.0,0.0,399.59999999999997,599.4,0.0,399.59999999999997,599.4
2018-05-14,MA,44,2798.0,10.0,0.0,88.0,132.0,0.0,88.0,132.0
2018-05-14,P,-67,5084.0,10.0,0.0,167.5,251.25,0.0,167.5,251.25
2018-05-14,RB,10,3691.0,10.0,1e-05,3.6910000000000003,5.5365,0.0001,36.910000000000004,55.36500000000001
2018-05-21,C,385,1776.0,10.0,0.0,462.0,693.0,0.0,462.0,693.0
2018-05-21,M,-12,2951.0,10.0,0.0,18.0,27.0,0.0,18.0,27.0
2018-05-21,M,-63,2951.0,10.0,0.0,94.5,141.75,0.0,94.5,141.75
2018-05-21,M,-74,2951.0,10.0,0.0,111.0,166.5,0.0,111.0,166.5
2018-05-21,MA,-40,2821.0,10.0,0.0,80.0,120.0,0.0,80.0,120.0
2018-05-21,MA,-41,2821.0,10.0,0.0,82.0,123.0,0.0,82.0,123.0
2018-05-21,MA,-65,2821.0,10.0,0.0,130.0,195.0,0.0,130.0,195.0
2018-05-21,P,67,5132.0,10.0,0.0,167.5,251.25,0.0,167.5,251.25
2018-05-21,RB,29,3627.0,10.0,1e-05,10.5183,15.77745,0.0001,105.183,157.77450000000002
2018-05-21,T,40,94.015,10000.0,0.0,120.0,180.0,0.0,120.0,180.0
2018-05-28,AL,-140,14805.0,5.0,0.0,420.0,630.0,0.0,420.0,630.0
2018-05-28,C,-31,1777.0,10.0,0.0,37.199999999999996,55.8,0.0,37.199999999999996,55.8
2018-05-28,FG,-89,1386.0,20.0,0.0,267.0,400.5,0.0,267.0,400.5
2018-05-28,M,5,3032.0,10.0,0.0,7.5,11.25,0.0,7.5,11.25
2018-05-28,MA,-10,2714.0,10.0,0.0,20.0,30.0,0.0,20.0,30.0
2018-05-28,RB,7,3561.0,10.0,1e-05,2.4927,3.73905,0.0001,24.927000000000003,37.3905
2018-05-28,RU,2,11850.0,10.0,0.0,6.0,9.0,0.0,6.0,9.0
2018-05-28,SR,7,5523.0,10.0,0.0,21.0,31.5,0.0,21.0,31.5
2018-05-28,T,-40,95.045,10000.0,0.0,120.0,180.0,0.0,120.0,180.0
2018-06-04,AL,140,14640.0,5.0,0.0,420.0,630.0,0.0,420.0,630.0
2018-06-04,C,-354,1767.0,10.0,0.0,424.8,637.2,0.0,424.8,637.2
2018-06-04,FG,89,1453.0,20.0,0.0,267.0,400.5,0.0,267.0,400.5
2018-06-04,M,69,3036.0,10.0,0.0,103.5,155.25,0.0,103.5,155.25
2018-06-04,MA,4,2793.0,10.0,0.0,8.0,12.0,0.0,8.0,12.0
2018-06-04,RB,-163,3738.0,10.0,1e-05,60.9294,91.39410000000001,0.0001,609.294,913.941
2018-06-04,RB,-10,3738.0,10.0,1e-05,3.7380000000000004,5.607000000000001,0.0001,37.38,56.07000000000001
2018-06-04,RB,-29,3738.0,10.0,1e-05,10.840200000000001,16.2603,0.0001,108.402,162.603
2018-06-04,RB,-7,3738.0,10.0,1e-05,2.6166,3.9249,0.0001,26.166,39.249
2018-06-04,RU,-2,11700.0,10.0,0.0,6.0,9.0,0.0,6.0,9.0
2018-06-04,SR,-16,5491.0,10.0,0.0,48.0,72.0,0.0,48.0,72.0
2018-06-04,T,43,94.805,10000.0,0.0,129.0,193.5,0.0,129.0,193.5
2018-06-11,AL,-30,14905.0,5.0,0.0,90.0,135.0,0.0,90.0,135.0
2018-06-11,AP,4,8582.0,10.0,0.0,2.0,3.0,0.0,2.0,3.0
2018-06-11,FG,72,1455.0,20.0,0.0,216.0,324.0,0.0,216.0,324.0
2018-06-11,MA,-60,2800.0,10.0,0.0,120.0,180.0,0.0,120.0,180.0
2018-06-11,MA,-7,2800.0,10.0,0.0,14.0,21.0,0.0,14.0,21.0
2018-06-11,RB,98,3805.0,10.0,1e-05,37.289,55.9335,0.0001,372.89000000000004,559.335
2018-06-11,RU,2,11440.0,10.0,0.0,6.0,9.0,0.0,6.0,9.0
2018-06-11,RU,6,11440.0,10.0,0.0,18.0,27.0,0.0,18.0,27.0
2018-06-11,SR,37,5259.0,10.0,0.0,111.0,166.5,0.0,111.0,166.5
2018-06-11,SR,6,5259.0,10.0,0.0,18.0,27.0,0.0,18.0,27.0
2018-06-11,SR,41,5259.0,10.0,0.0,123.0,184.5,0.0,123.0,184.5
2018-06-11,T,-43,94.675,10000.0,0.0,129.0,193.5,0.0,129.0,193.5
2018-06-19,AL,30,14385.0,5.0,0.0,90.0,135.0,0.0,90.0,135.0
2018-06-19,AP,-4,10004.0,10.0,0.0,40.0,60.0,0.0,40.0,60.0
2018-06-19,CF,19,17515.0,5.0,0.0,81.7,122.55000000000001,0.0,81.7,122.55000000000001
2018-06-19,FG,26,1467.0,20.0,0.0,78.0,117.0,0.0,78.0,117.0
2018-06-19,MA,64,2822.0,10.0,0.0,128.0,192.0,0.0,128.0,192.0
2018-06-19,RB,209,3873.0,10.0,1e-05,80.9457,121.41855000000001,0.0001,809.457,1214.1855
2018-06-19,RU,-20,10675.0,10.0,0.0,60.0,90.0,0.0,60.0,90.0
2018-06-19,SR,-41,5213.0,10.0,0.0,123.0,184.5,0.0,123.0,184.5
2018-06-19,T,45,95.205,10000.0,0.0,135.0,202.5,0.0,135.0,202.5
2018-06-25,AL,-61,14195.0,5.0,0.0,183.0,274.5,0.0,183.0,274.5
2018-06-25,AP,3,9631.0,10.0,0.0,60.0,90.0,0.0,60.0,90.0
2018-06-25,CF,-19,16945.0,5.0,0.0,81.7,122.55000000000001,0.0,81.7,122.55000000000001
2018-06-25,FG,-53,1455.0,20.0,0.0,159.0,238.5,0.0,159.0,238.5
2018-06-25,M,26,2976.0,10.0,0.0,39.0,58.5,0.0,39.0,58.5
2018-06-25,MA,-37,2742.0,10.0,0.0,74.0,111.0,0.0,74.0,111.0
2018-06-25,MA,-4,2742.0,10.0,0.0,8.0,12.0,0.0,8.0,12.0
2018-06-25,MA,-22,2742.0,10.0,0.0,44.0,66.0,0.0,44.0,66.0
2018-06-25,RB,-98,3754.0,10.0,1e-05,36.7892,55.183800000000005,0.0001,367.892,551.838
2018-06-25,RB,-103,3754.0,10.0,1e-05,38.6662,57.999300000000005,0.0001,386.662,579.9929999999999
2018-06-25,RU,4,10470.0,10.0,0.0,12.0,18.0,0.0,12.0,18.0
2018-06-25,RU,2,10470.0,10.0,0.0,6.0,9.0,0.0,6.0,9.0
2018-06-25,RU,9,10470.0,10.0,0.0,27.0,40.5,0.0,27.0,40.5
2018-06-25,SR,11,5152.0,10.0,0.0,33.0,49.5,0.0,33.0,49.5
2018-06-25,SR,1,5152.0,10.0,0.0,3.0,4.5,0.0,3.0,4.5
2018-06-25,T,-28,95.495,10000.0,0.0,84.0,126.0,0.0,84.0,126.0
2018-07-02,AL,-108,14140.0,5.0,0.0,324.0,486.0,0.0,324.0,486.0
2018-07-02,AP,-3,9628.0,10.0,0.0,60.0,90.0,0.0,60.0,90.0
2018-07-02,FG,52,1455.0,20.0,0.0,156.0,234.0,0.0,156.0,234.0
2018-07-02,JD,148,4204.0,5.0,0.0,222.0,333.0,0.0,222.0,333.0
2018-07-02,M,40,3152.0,10.0,0.0,60.0,90.0,0.0,60.0,90.0
2018-07-02,MA,48,2844.0,10.0,0.0,96.0,144.0,0.0,96.0,144.0
2018-07-02,RB,121,3808.0,10.0,1e-05,46.076800000000006,69.11520000000002,0.0001,460.76800000000003,691.152
2018-07-02,RU,-14,10560.0,10.0,0.0,42.0,63.0,0.0,42.0,63.0
2018-07-02,SR,-76,5109.0,10.0,0.0,228.0,342.0,0.0,228.0,342.0
2018-07-02,T,21,95.965,10000.0,0.0,63.0,94.5,0.0,63.0,94.5
2018-07-03,M,-26,3172.0,10.0,0.0,39.0,58.5,0.0,39.0,58.5
2018-07-03,M,-40,3172.0,10.0,0.0,60.0,90.0,0.0,60.0,90.0
2018-07-03,M,78,3249.0,10.0,0.0,117.0,175.5,0.0,117.0,175.5
2018-07-04,AL,61,14080.0,5.0,0.0,183.0,274.5,0.0,183.0,274.5
2018-07-04,AL,108,14080.0,5.0,0.0,324.0,486.0,0.0,324.0,486.0
2018-07-04,AL,-185,14120.0,5.0,0.0,555.0,832.5,0.0,555.0,832.5
2018-07-04,FG,-3,1456.0,20.0,0.0,9.0,13.5,0.0,9.0,13.5
2018-07-04,JD,-4,4150.0,5.0,0.0,6.0,9.0,0.0,6.0,9.0
2018-07-04,M,-2,3218.0,10.0,0.0,3.0,4.5,0.0,3.0,4.5
2018-07-04,MA,-3,2836.0,10.0,0.0,6.0,9.0,0.0,6.0,9.0
2018-07-04,RB,-6,3758.0,10.0,1e-05,2.2548000000000004,3.3822000000000005,0.0001,22.548000000000002,33.822
2018-07-04,RU,1,10560.0,10.0,0.0,3.0,4.5,0.0,3.0,4.5
2018-07-04,SR,4,5052.0,10.0,0.0,12.0,18.0,0.0,12.0,18.0
2018-07-09,CF,-22,16290.0,5.0,0.0,94.6,141.89999999999998,0.0,94.6,141.89999999999998
2018-07-09,FG,-16,1459.0,20.0,0.0,48.0,72.0,0.0,48.0,72.0
2018-07-09,FG,-26,1459.0,20.0,0.0,78.0,117.0,0.0,78.0,117.0
2018-07-09,FG,-52,1459.0,20.0,0.0,156.0,234.0,0.0,156.0,234.0
2018-07-09,JD,13,4138.0,5.0,0.0,19.5,29.25,0.0,19.5,29.25
2018-07-09,MA,15,2906.0,10.0,0.0,30.0,45.0,0.0,30.0,45.0
2018-07-09,RB,34,3777.0,10.0,1e-05,12.841800000000001,19.262700000000002,0.0001,128.418,192.627
2018-07-09,RU,-8,10290.0,10.0,0.0,24.0,36.0,0.0,24.0,36.0
2018-07-09,SR,11,4952.0,10.0,0.0,33.0,49.5,0.0,33.0,49.5
2018-07-09,SR,28,4952.0,10.0,0.0,84.0,126.0,0.0,84.0,126.0
2018-07-09,T,4,95.585,10000.0,0.0,12.0,18.0,0.0,12.0,18.0
2018-07-10,T,-3,95.415,10000.0,0.0,9.0,13.5,0.0,9.0,13.5
2018-07-16,C,438,1849.0,10.0,0.0,525.6,788.4000000000001,0.0,525.6,788.4000000000001
2018-07-16,CF,22,16810.0,5.0,0.0,94.6,141.89999999999998,0.0,94.6,141.89999999999998
2018-07-16,JD,-144,4173.0,5.0,0.0,216.0,324.0,0.0,216.0,324.0
2018-07-16,JD,-13,4173.0,5.0,0.0,19.5,29.25,0.0,19.5,29.25
2018-07-16,RB,-100,3943.0,10.0,1e-05,39.43000000000001,59.14500000000001,0.0001,394.3,591.45
2018-07-16,RB,-121,3943.0,10.0,1e-05,47.710300000000004,71.56545,0.0001,477.103,715.6545
2018-07-16,RB,-34,3943.0,10.0,1e-05,13.406200000000002,20.109300000000005,0.0001,134.062,201.09300000000002
2018-07-16,SR,-43,4842.0,10.0,0.0,129.0,193.5,0.0,129.0,193.5
2018-07-16,T,6,96.205,10000.0,0.0,18.0,27.0,0.0,18.0,27.0
2018-07-23,AL,1,14075.0,5.0,0.0,3.0,4.5,0.0,3.0,4.5
2018-07-23,C,-26,1856.0,10.0,0.0,31.2,46.8,0.0,31.2,46.8
2018-07-23,M,-2,3156.0,10.0,0.0,3.0,4.5,0.0,3.0,4.5
2018-07-23,MA,-7,2921.0,10.0,0.0,14.0,21.0,0.0,14.0,21.0
2018-07-23,RB,254,3991.0,10.0,1e-05,101.37140000000001,152.05710000000002,0.0001,1013.714,1520.5710000000001
2018-07-23,RU,4,10295.0,10.0,0.0,12.0,18.0,0.0,12.0,18.0
2018-07-23,SR,13,4871.0,10.0,0.0,39.0,58.5,0.0,39.0,58.5
2018-07-23,SR,1,4871.0,10.0,0.0,3.0,4.5,0.0,3.0,4.5
2018-07-23,T,-5,95.695,10000.0,0.0,15.0,22.5,0.0,15.0,22.5
2018-07-24,AL,1,14295.0,5.0,0.0,3.0,4.5,0.0,3.0,4.5
2018-07-24,C,-2,1833.0,10.0,0.0,2.4,3.5999999999999996,0.0,2.4,3.5999999999999996
2018-07-24,M,-1,3153.0,10.0,0.0,1.5,2.25,0.0,1.5,2.25
2018-07-24,MA,-1,2927.0,10.0,0.0,2.0,3.0,0.0,2.0,3.0
2018-07-24,RB,-2,4023.0,10.0,1e-05,0.8046000000000001,1.2069,0.0001,8.046000000000001,12.069000000000003
2018-07-24,RU,1,10205.0,10.0,0.0,3.0,4.5,0.0,3.0,4.5
2018-07-24,SR,1,4835.0,10.0,0.0,3.0,4.5,0.0,3.0,4.5
2018-07-25,AL,3,14390.0,5.0,0.0,9.0,13.5,0.0,9.0,13.5
2018-07-25,C,-7,1840.0,10.0,0.0,8.4,12.600000000000001,0.0,8.4,12.600000000000001
2018-07-25,M,-2,3162.0,10.0,0.0,3.0,4.5,0.0,3.0,4.5
2018-07-25,MA,-2,2962.0,10.0,0.0,4.0,6.0,0.0,4.0,6.0
2018-07-25,RB,-4,3980.0,10.0,1e-05,1.592,2.388,0.0001,15.92,23.88
2018-07-25,RU,1,10145.0,10.0,0.0,3.0,4.5,0.0,3.0,4.5
2018-07-25,SR,2,4852.0,10.0,0.0,6.0,9.0,0.0,6.0,9.0
2018-07-26,AL,2,14375.0,5.0,0.0,6.0,9.0,0.0,6.0,9.0
2018-07-26,C,-5,1834.0,10.0,0.0,6.0,9.0,0.0,6.0,9.0
2018-07-26,M,-1,3180.0,10.0,0.0,1.5,2.25,0.0,1.5,2.25
2018-07-26,MA,-1,2921.0,10.0,0.0,2.0,3.0,0.0,2.0,3.0
2018-07-26,RB,-3,4015.0,10.0,1e-05,1.2045000000000001,1.80675,0.0001,12.045000000000002,18.067500000000003
2018-07-26,RU,1,10330.0,10.0,0.0,3.0,4.5,0.0,3.0,4.5
2018-07-26,SR,2,4882.0,10.0,0.0,6.0,9.0,0.0,6.0,9.0
2018-07-26,T,-1,95.31,10000.0,0.0,3.0,4.5,0.0,3.0,4.5
2018-07-30,AL,10,14395.0,5.0,0.0,30.0,45.0,0.0,30.0,45.0
2018-07-30,C,-46,1829.0,10.0,0.0,55.199999999999996,82.8,0.0,55.199999999999996,82.8
2018-07-30,M,9,3191.0,10.0,0.0,13.5,20.25,0.0,13.5,20.25
2018-07-30,MA,88,2931.0,10.0,0.0,176.0,264.0,0.0,176.0,264.0
2018-07-30,RB,-25,4131.0,10.0,1e-05,10.3275,15.49125,0.0001,103.275,154.91250000000002
2018-07-30,RU,1,10295.0,10.0,0.0,3.0,4.5,0.0,3.0,4.5
2018-07-30,SR,1,4903.0,10.0,0.0,2.0,3.0,0.0,2.0,3.0
2018-07-30,T,1,95.605,10000.0,0.0,3.0,4.5,0.0,3.0,4.5
2018-07-31,AL,5,14460.0,5.0,0.0,15.0,22.5,0.0,15.0,22.5
2018-07-31,C,-11,1842.0,10.0,0.0,13.2,19.799999999999997,0.0,13.2,19.799999999999997
2018-07-31,M,-3,3230.0,10.0,0.0,4.5,6.75,0.0,4.5,6.75
2018-07-31,MA,-6,2974.0,10.0,0.0,12.0,18.0,0.0,12.0,18.0
2018-07-31,RB,-7,4129.0,10.0,1e-05,2.8903000000000003,4.335450000000001,0.0001,28.903000000000002,43.3545
2018-07-31,RU,1,10300.0,10.0,0.0,3.0,4.5,0.0,3.0,4.5
2018-07-31,SR,69,4993.0,10.0,0.0,138.0,207.0,0.0,138.0,207.0
2018-07-31,SR,43,4993.0,10.0,0.0,86.0,129.0,0.0,86.0,129.0
2018-07-31,SR,-136,5162.0,10.0,0.0,408.0,612.0,0.0,408.0,612.0
2018-08-06,AL,163,14405.0,5.0,0.0,489.0,733.5,0.0,489.0,733.5
2018-08-06,C,-341,1846.0,10.0,0.0,409.2,613.8,0.0,409.2,613.8
2018-08-06,M,41,3167.0,10.0,0.0,61.5,92.25,0.0,61.5,92.25
2018-08-06,MA,24,3168.0,10.0,0.0,48.0,72.0,0.0,48.0,72.0
2018-08-06,RB,144,4191.0,10.0,1e-05,60.35040000000001,90.52560000000001,0.0001,603.504,905.2560000000001
2018-08-06,RU,-21,10170.0,10.0,0.0,63.0,94.5,0.0,63.0,94.5
2018-08-06,SR,-94,5117.0,10.0,0.0,282.0,423.0,0.0,282.0,423.0
2018-08-06,T,-8,96.2,10000.0,0.0,24.0,36.0,0.0,24.0,36.0
2018-08-06,T,-21,96.2,10000.0,0.0,63.0,94.5,0.0,63.0,94.5
2018-08-06,T,-4,96.2,10000.0,0.0,12.0,18.0,0.0,12.0,18.0
2018-08-06,T,-6,96.2,10000.0,0.0,18.0,27.0,0.0,18.0,27.0
2018-08-06,T,-1,96.2,10000.0,0.0,3.0,4.5,0.0,3.0,4.5
2018-08-09,RU,1,10445.0,10.0,0.0,3.0,4.5,0.0,3.0,4.5
2018-08-09,RU,14,10445.0,10.0,0.0,42.0,63.0,0.0,42.0,63.0
2018-08-09,RU,8,10445.0,10.0,0.0,24.0,36.0,0.0,24.0,36.0
2018-08-09,RU,21,10445.0,10.0,0.0,63.0,94.5,0.0,63.0,94.5
2018-08-09,RU,-47,12465.0,10.0,0.0,141.0,211.5,0.0,141.0,211.5
2018-08-10,MA,-22,3150.0,10.0,0.0,22.0,33.0,0.0,22.0,33.0
2018-08-10,MA,-48,3150.0,10.0,0.0,48.0,72.0,0.0,48.0,72.0
2018-08-10,MA,-15,3150.0,10.0,0.0,15.0,22.5,0.0,15.0,22.5
2018-08-10,MA,-88,3150.0,10.0,0.0,88.0,132.0,0.0,88.0,132.0
2018-08-10,MA,-24,3150.0,10.0,0.0,24.0,36.0,0.0,24.0,36.0
2018-08-10,MA,194,3294.0,10.0,0.0,388.0,582.0,0.0,388.0,582.0
2018-08-13,CF,37,17330.0,5.0,0.0,159.1,238.64999999999998,0.0,159.1,238.64999999999998
2018-08-13,MA,-1,3248.0,10.0,0.0,2.0,3.0,0.0,2.0,3.0
2018-08-13,P,-101,4964.0,10.0,0.0,252.5,378.75,0.0,252.5,378.75
2018-08-13,RB,12,4203.0,10.0,1e-05,5.0436,7.5653999999999995,0.0001,50.43600000000001,75.65400000000001
2018-08-13,SR,135,5116.0,10.0,0.0,405.0,607.5,0.0,405.0,607.5
2018-08-13,T,48,95.34,10000.0,0.0,144.0,216.0,0.0,144.0,216.0
2018-08-15,T,-48,95.42,10000.0,0.0,144.0,216.0,0.0,144.0,216.0
2018-08-15,T,61,95.345,10000.0,0.0,183.0,274.5,0.0,183.0,274.5
2018-08-16,T,-1,95.125,10000.0,0.0,3.0,4.5,0.0,3.0,4.5
2018-08-20,CF,-37,16500.0,5.0,0.0,159.1,238.64999999999998,0.0,159.1,238.64999999999998
2018-08-20,FG,-104,1431.0,20.0,0.0,312.0,468.0,0.0,312.0,468.0
2018-08-20,M,-13,3225.0,10.0,0.0,19.5,29.25,0.0,19.5,29.25
2018-08-20,MA,-28,3273.0,10.0,0.0,56.0,84.0,0.0,56.0,84.0
2018-08-20,P,101,4932.0,10.0,0.0,252.5,378.75,0.0,252.5,378.75
2018-08-20,P,178,4932.0,10.0,0.0,445.0,667.5,0.0,445.0,667.5
2018-08-20,RB,-213,4483.0,10.0,1e-05,95.48790000000001,143.23185,0.0001,954.8790000000001,1432.3185000000003
2018-08-20,RB,-144,4483.0,10.0,1e-05,64.5552,96.83279999999999,0.0001,645.5520000000001,968.3280000000002
2018-08-20,RB,-12,4483.0,10.0,1e-05,5.3796,8.0694,0.0001,53.79600000000001,80.69400000000002
2018-08-20,RB,273,4284.0,10.0,1e-05,116.95320000000001,175.4298,0.0001,1169.532,1754.2979999999998
2018-08-20,RU,25,11760.0,10.0,0.0,75.0,112.5,0.0,75.0,112.5
2018-08-20,SR,1,4923.0,10.0,0.0,3.0,4.5,0.0,3.0,4.5
2018-08-20,SR,16,4923.0,10.0,0.0,48.0,72.0,0.0,48.0,72.0
2018-08-20,T,-60,94.485,10000.0,0.0,180.0,270.0,0.0,180.0,270.0
2018-08-20,T,-49,94.485,10000.0,0.0,147.0,220.5,0.0,147.0,220.5
2018-08-27,AP,12,11482.0,10.0,0.0,240.0,360.0,0.0,240.0,360.0
2018-08-27,FG,104,1468.0,20.0,0.0,312.0,468.0,0.0,312.0,468.0
2018-08-27,M,-8,3120.0,10.0,0.0,12.0,18.0,0.0,12.0,18.0
2018-08-27,MA,-22,3306.0,10.0,0.0,44.0,66.0,0.0,44.0,66.0
2018-08-27,P,-178,4916.0,10.0,0.0,445.0,667.5,0.0,445.0,667.5
2018-08-27,RB,-2,4331.0,10.0,1e-05,0.8662000000000001,1.2993000000000001,0.0001,8.662,12.993000000000002
2018-08-27,RU,-2,12465.0,10.0,0.0,6.0,9.0,0.0,6.0,9.0
2018-08-27,SR,-39,5093.0,10.0,0.0,117.0,175.5,0.0,117.0,175.5
2018-08-27,T,-4,94.565,10000.0,0.0,12.0,18.0,0.0,12.0,18.0
2018-09-03,M,-46,3101.0,10.0,0.0,69.0,103.5,0.0,69.0,103.5
2018-09-03,M,-9,3101.0,10.0,0.0,13.5,20.25,0.0,13.5,20.25
2018-09-03,M,-41,3101.0,10.0,0.0,61.5,92.25,0.0,61.5,92.25
2018-09-03,MA,39,3263.0,10.0,0.0,78.0,117.0,0.0,78.0,117.0
2018-09-03,RB,-49,4079.0,10.0,1e-05,19.9871,29.980650000000004,0.0001,199.87100000000004,299.8065
2018-09-03,RU,11,12360.0,10.0,0.0,33.0,49.5,0.0,33.0,49.5
2018-09-03,SR,48,5010.0,10.0,0.0,144.0,216.0,0.0,144.0,216.0
2018-09-03,T,49,95.075,10000.0,0.0,147.0,220.5,0.0,147.0,220.5
2018-09-03,T,4,95.075,10000.0,0.0,12.0,18.0,0.0,12.0,18.0
2018-09-10,AP,-12,11798.0,10.0,0.0,240.0,360.0,0.0,240.0,360.0
2018-09-10,C,195,1918.0,10.0,0.0,234.0,351.0,0.0,234.0,351.0
2018-09-10,MA,-143,3358.0,10.0,0.0,286.0,429.0,0.0,286.0,429.0
2018-09-10,MA,-14,3358.0,10.0,0.0,28.0,42.0,0.0,28.0,42.0
2018-09-10,RB,-134,4184.0,10.0,1e-05,56.0656,84.0984,0.0001,560.6560000000001,840.9840000000002
2018-09-10,RU,7,12000.0,10.0,0.0,21.0,31.5,0.0,21.0,31.5
2018-09-10,SC,2,516.9,1000.0,0.0,40.0,60.0,0.0,40.0,60.0
2018-09-10,SR,16,4941.0,10.0,0.0,48.0,72.0,0.0,48.0,72.0
2018-09-10,T,-21,94.62,10000.0,0.0,63.0,94.5,0.0,63.0,94.5
2018-09-17,AL,-190,14605.0,5.0,0.0,570.0,855.0,0.0,570.0,855.0
2018-09-17,C,45,1885.0,10.0,0.0,54.0,81.0,0.0,54.0,81.0
2018-09-17,CF,-34,16490.0,5.0,0.0,146.2,219.29999999999998,0.0,146.2,219.29999999999998
2018-09-17,FG,-100,1345.0,20.0,0.0,300.0,450.0,0.0,300.0,450.0
2018-09-17,M,69,3122.0,10.0,0.0,103.5,155.25,0.0,103.5,155.25
2018-09-17,MA,85,3265.0,10.0,0.0,170.0,255.0,0.0,170.0,255.0
2018-09-17,RB,60,4097.0,10.0,1e-05,24.582,36.873000000000005,0.0001,245.82000000000002,368.73
2018-09-17,RU,-6,12300.0,10.0,0.0,18.0,27.0,0.0,18.0,27.0
2018-09-17,SC,-2,525.1,1000.0,0.0,40.0,60.0,0.0,40.0,60.0
2018-09-17,SR,-4,4954.0,10.0,0.0,12.0,18.0,0.0,12.0,18.0
2018-09-17,T,-31,94.545,10000.0,0.0,93.0,139.5,0.0,93.0,139.5
2018-09-25,AL,190,14675.0,5.0,0.0,570.0,855.0,0.0,570.0,855.0
2018-09-25,C,-195,1876.0,10.0,0.0,234.0,351.0,0.0,234.0,351.0
2018-09-25,C,-45,1876.0,10.0,0.0,54.0,81.0,0.0,54.0,81.0
2018-09-25,CF,34,16095.0,5.0,0.0,146.2,219.29999999999998,0.0,146.2,219.29999999999998
2018-09-25,FG,48,1370.0,20.0,0.0,144.0,216.0,0.0,144.0,216.0
2018-09-25,JD,58,3882.0,5.0,0.0,87.0,130.5,0.0,87.0,130.5
2018-09-25,M,-69,3208.0,10.0,0.0,103.5,155.25,0.0,103.5,155.25
2018-09-25,MA,-25,3347.0,10.0,0.0,50.0,75.0,0.0,50.0,75.0
2018-09-25,MA,-58,3347.0,10.0,0.0,116.0,174.0,0.0,116.0,174.0
2018-09-25,P,-29,4690.0,10.0,0.0,72.5,108.75,0.0,72.5,108.75
2018-09-25,RB,-88,4149.0,10.0,1e-05,36.5112,54.7668,0.0001,365.112,547.668
2018-09-25,RB,-60,4149.0,10.0,1e-05,24.894000000000002,37.341,0.0001,248.94,373.40999999999997
2018-09-25,RU,4,12440.0,10.0,0.0,12.0,18.0,0.0,12.0,18.0
2018-09-25,RU,2,12440.0,10.0,0.0,6.0,9.0,0.0,6.0,9.0
2018-09-25,SR,14,4904.0,10.0,0.0,42.0,63.0,0.0,42.0,63.0
2018-09-25,SR,39,4904.0,10.0,0.0,117.0,175.5,0.0,117.0,175.5
2018-09-25,SR,4,4904.0,10.0,0.0,12.0,18.0,0.0,12.0,18.0
2018-09-25,T,21,94.175,10000.0,0.0,63.0,94.5,0.0,63.0,94.5
2018-09-25,T,18,94.175,10000.0,0.0,54.0,81.0,0.0,54.0,81.0
2018-10-08,AL,-228,14365.0,5.0,0.0,684.0,1026.0,0.0,684.0,1026.0
2018-10-08,AP,14,11728.0,10.0,0.0,280.0,420.0,0.0,280.0,420.0
2018-10-08,FG,-76,1349.0,20.0,0.0,228.0,342.0,0.0,228.0,342.0
2018-10-08,JD,-58,3954.0,5.0,0.0,87.0,130.5,0.0,87.0,130.5
2018-10-08,M,81,3422.0,10.0,0.0,121.5,182.25,0.0,121.5,182.25
2018-10-08,MA,39,3247.0,10.0,0.0,78.0,117.0,0.0,78.0,117.0
2018-10-08,P,-134,4746.0,10.0,0.0,335.0,502.5,0.0,335.0,502.5
2018-10-08,RU,-8,12470.0,10.0,0.0,24.0,36.0,0.0,24.0,36.0
2018-10-08,SC,1,572.8,1000.0,0.0,20.0,30.0,0.0,20.0,30.0
2018-10-08,T,-45,94.815,10000.0,0.0,135.0,202.5,0.0,135.0,202.5
2018-10-12,AL,228,14220.0,5.0,0.0,684.0,1026.0,0.0,684.0,1026.0
2018-10-12,AL,-252,14240.0,5.0,0.0,756.0,1134.0,0.0,756.0,1134.0
2018-10-15,AP,-14,11620.0,10.0,0.0,280.0,420.0,0.0,280.0,420.0
2018-10-15,CF,-33,15605.0,5.0,0.0,141.9,212.85000000000002,0.0,141.9,212.85000000000002
2018-10-15,FG,-15,1335.0,20.0,0.0,45.0,67.5,0.0,45.0,67.5
2018-10-15,M,81,3446.0,10.0,0.0,121.5,182.25,0.0,121.5,182.25
2018-10-15,P,29,4806.0,10.0,0.0,72.5,108.75,0.0,72.5,108.75
2018-10-15,P,53,4806.0,10.0,0.0,132.5,198.75,0.0,132.5,198.75
2018-10-15,T,-9,95.095,10000.0,0.0,27.0,40.5,0.0,27.0,40.5
2018-10-22,AL,7,14165.0,5.0,0.0,21.0,31.5,0.0,21.0,31.5
2018-10-22,JD,141,4270.0,5.0,0.0,211.5,317.25,0.0,211.5,317.25
2018-10-22,M,-67,3437.0,10.0,0.0,100.5,150.75,0.0,100.5,150.75
2018-10-22,MA,-4,3353.0,10.0,0.0,8.0,12.0,0.0,8.0,12.0
2018-10-22,P,7,4752.0,10.0,0.0,17.5,26.25,0.0,17.5,26.25
2018-10-22,T,13,95.185,10000.0,0.0,39.0,58.5,0.0,39.0,58.5
2018-10-22,T,45,95.185,10000.0,0.0,135.0,202.5,0.0,135.0,202.5
2018-10-22,T,9,95.185,10000.0,0.0,27.0,40.5,0.0,27.0,40.5
2018-10-22,T,60,95.185,10000.0,0.0,180.0,270.0,0.0,180.0,270.0
2018-10-29,CF,-3,15050.0,5.0,0.0,12.899999999999999,19.349999999999998,0.0,12.899999999999999,19.349999999999998
2018-10-29,JD,-141,4332.0,5.0,0.0,211.5,317.25,0.0,211.5,317.25
2018-10-29,M,69,3399.0,10.0,0.0,103.5,155.25,0.0,103.5,155.25
2018-10-29,MA,46,3225.0,10.0,0.0,92.0,138.0,0.0,92.0,138.0
2018-10-29,SC,-1,537.8,1000.0,0.0,20.0,30.0,0.0,20.0,30.0
2018-10-29,T,8,95.61,10000.0,0.0,24.0,36.0,0.0,24.0,36.0
2018-11-05,AL,245,13955.0,5.0,0.0,735.0,1102.5,0.0,735.0,1102.5
2018-11-05,AL,-229,13935.0,5.0,0.0,687.0,1030.5,0.0,687.0,1030.5
2018-11-05,C,262,1882.0,10.0,0.0,314.4,471.59999999999997,0.0,314.4,471.59999999999997
2018-11-05,FG,52,1338.0,20.0,0.0,156.0,234.0,0.0,156.0,234.0
2018-11-05,FG,76,1338.0,20.0,0.0,228.0,342.0,0.0,228.0,342.0
2018-11-05,FG,15,1338.0,20.0,0.0,45.0,67.5,0.0,45.0,67.5
2018-11-05,JD,118,4302.0,5.0,0.0,177.0,265.5,0.0,177.0,265.5
2018-11-05,M,-14,3067.0,10.0,0.0,21.0,31.5,0.0,21.0,31.5
2018-11-05,M,-81,3067.0,10.0,0.0,121.5,182.25,0.0,121.5,182.25
2018-11-05,M,-69,3067.0,10.0,0.0,103.5,155.25,0.0,103.5,155.25
2018-11-05,MA,-23,2943.0,10.0,0.0,46.0,69.0,0.0,46.0,69.0
2018-11-05,MA,-33,2943.0,10.0,0.0,66.0,99.0,0.0,66.0,99.0
2018-11-05,RB,190,4066.0,10.0,1e-05,77.254,115.881,0.0001,772.54,1158.81
2018-11-05,RU,-12,11360.0,10.0,0.0,36.0,54.0,0.0,36.0,54.0
2018-11-05,SC,1,508.6,1000.0,0.0,20.0,30.0,0.0,20.0,30.0
2018-11-05,T,-7,95.485,10000.0,0.0,21.0,31.5,0.0,21.0,31.5
2018-11-12,C,23,1923.0,10.0,0.0,27.599999999999998,41.4,0.0,27.599999999999998,41.4
2018-11-12,CF,33,15060.0,5.0,0.0,141.9,212.85000000000002,0.0,141.9,212.85000000000002
2018-11-12,CF,3,15060.0,5.0,0.0,12.899999999999999,19.349999999999998,0.0,12.899999999999999,19.349999999999998
2018-11-12,JD,9,4315.0,5.0,0.0,13.5,20.25,0.0,13.5,20.25
2018-11-12,M,-61,3140.0,10.0,0.0,91.5,137.25,0.0,91.5,137.25
2018-11-12,RB,8,3923.0,10.0,1e-05,3.1384000000000003,4.7076,0.0001,31.384,47.076
2018-11-12,RU,6,11305.0,10.0,0.0,18.0,27.0,0.0,18.0,27.0
2018-11-12,RU,5,11305.0,10.0,0.0,15.0,22.5,0.0,15.0,22.5
2018-11-12,SC,-1,488.6,1000.0,0.0,20.0,30.0,0.0,20.0,30.0
2018-11-12,SC,-5,488.6,1000.0,0.0,100.0,150.0,0.0,100.0,150.0
2018-11-13,SC,5,497.1,1000.0,0.0,100.0,150.0,0.0,100.0,150.0
2018-11-13,SC,-4,502.3,1000.0,0.0,80.0,120.0,0.0,80.0,120.0
2018-11-15,C,-262,1895.0,10.0,0.0,314.4,471.59999999999997,0.0,314.4,471.59999999999997
2018-11-15,C,-23,1895.0,10.0,0.0,27.599999999999998,41.4,0.0,27.599999999999998,41.4
2018-11-15,C,303,1993.0,10.0,0.0,363.59999999999997,545.4,0.0,363.59999999999997,545.4
2018-11-15,T,-53,96.44,10000.0,0.0,159.0,238.5,0.0,159.0,238.5
2018-11-15,T,-8,96.44,10000.0,0.0,24.0,36.0,0.0,24.0,36.0
2018-11-15,T,61,96.455,10000.0,0.0,183.0,274.5,0.0,183.0,274.5
2018-11-19,C,190,1976.0,10.0,0.0,228.0,342.0,0.0,228.0,342.0
2018-11-19,JD,-118,4299.0,5.0,0.0,177.0,265.5,0.0,177.0,265.5
2018-11-19,JD,-9,4299.0,5.0,0.0,13.5,20.25,0.0,13.5,20.25
2018-11-19,M,61,3160.0,10.0,0.0,91.5,137.25,0.0,91.5,137.25
2018-11-19,MA,-6,2785.0,10.0,0.0,12.0,18.0,0.0,12.0,18.0
2018-11-19,MA,-46,2785.0,10.0,0.0,92.0,138.0,0.0,92.0,138.0
2018-11-19,MA,-49,2785.0,10.0,0.0,98.0,147.0,0.0,98.0,147.0
2018-11-19,P,-59,4232.0,10.0,0.0,147.5,221.25,0.0,147.5,221.25
2018-11-19,RB,-190,3869.0,10.0,1e-05,73.51100000000001,110.26650000000001,0.0001,735.11,1102.665
2018-11-19,RB,-8,3869.0,10.0,1e-05,3.0952,4.6428,0.0001,30.952,46.428000000000004
2018-11-19,SC,4,479.2,1000.0,0.0,80.0,120.0,0.0,80.0,120.0
2018-11-26,AP,13,12367.0,10.0,0.0,260.0,390.0,0.0,260.0,390.0
2018-11-26,C,-231,1955.0,10.0,0.0,277.2,415.79999999999995,0.0,277.2,415.79999999999995
2018-11-26,MA,49,2450.0,10.0,0.0,98.0,147.0,0.0,98.0,147.0
2018-11-26,RU,-16,10695.0,10.0,0.0,48.0,72.0,0.0,48.0,72.0
2018-11-26,SC,-3,427.1,1000.0,0.0,60.0,90.0,0.0,60.0,90.0
2018-11-26,T,-3,96.745,10000.0,0.0,9.0,13.5,0.0,9.0,13.5
2018-12-03,RU,3,10915.0,10.0,0.0,9.0,13.5,0.0,9.0,13.5
2018-12-03,RU,12,10915.0,10.0,0.0,36.0,54.0,0.0,36.0,54.0
2018-12-03,RU,16,10915.0,10.0,0.0,48.0,72.0,0.0,48.0,72.0
2018-12-03,RU,-35,11175.0,10.0,0.0,105.0,157.5,0.0,105.0,157.5
2018-12-03,SC,-1,412.6,1000.0,0.0,20.0,30.0,0.0,20.0,30.0
2018-12-04,P,74,4216.0,10.0,0.0,185.0,277.5,0.0,185.0,277.5
2018-12-04,P,59,4216.0,10.0,0.0,147.5,221.25,0.0,147.5,221.25
2018-12-04,P,-126,4494.0,10.0,0.0,315.0,472.5,0.0,315.0,472.5
2018-12-10,AL,229,13670.0,5.0,0.0,687.0,1030.5,0.0,687.0,1030.5
2018-12-10,AL,-221,13680.0,5.0,0.0,663.0,994.5,0.0,663.0,994.5
2018-12-10,AP,-13,11849.0,10.0,0.0,260.0,390.0,0.0,260.0,390.0
2018-12-10,C,-72,1858.0,10.0,0.0,86.39999999999999,129.6,0.0,86.39999999999999,129.6
2018-12-10,C,-190,1858.0,10.0,0.0,228.0,342.0,0.0,228.0,342.0
2018-12-10,M,62,2707.0,10.0,0.0,93.0,139.5,0.0,93.0,139.5
2018-12-10,MA,-75,2520.0,10.0,0.0,150.0,225.0,0.0,150.0,225.0
2018-12-10,P,-2,4488.0,10.0,0.0,5.0,7.5,0.0,5.0,7.5
2018-12-10,SC,3,417.5,1000.0,0.0,60.0,90.0,0.0,60.0,90.0
2018-12-10,SC,1,417.5,1000.0,0.0,20.0,30.0,0.0,20.0,30.0
2018-12-10,SR,-71,4956.0,10.0,0.0,213.0,319.5,0.0,213.0,319.5
2018-12-13,MA,75,2415.0,10.0,0.0,75.0,112.5,0.0,75.0,112.5
2018-12-13,MA,-89,2445.0,10.0,0.0,178.0,267.0,0.0,178.0,267.0
2018-12-17,AL,-7,13625.0,5.0,0.0,21.0,31.5,0.0,21.0,31.5
2018-12-17,C,-393,1863.0,10.0,0.0,471.59999999999997,707.4,0.0,471.59999999999997,707.4
2018-12-17,FG,104,1300.0,20.0,0.0,312.0,468.0,0.0,312.0,468.0
2018-12-17,JD,116,3473.0,5.0,0.0,174.0,261.0,0.0,174.0,261.0
2018-12-17,M,-62,2663.0,10.0,0.0,93.0,139.5,0.0,93.0,139.5
2018-12-17,MA,89,2492.0,10.0,0.0,178.0,267.0,0.0,178.0,267.0
2018-12-17,P,126,4514.0,10.0,0.0,315.0,472.5,0.0,315.0,472.5
2018-12-17,P,2,4514.0,10.0,0.0,5.0,7.5,0.0,5.0,7.5
2018-12-17,RU,-1,11285.0,10.0,0.0,3.0,4.5,0.0,3.0,4.5
2018-12-17,SC,-1,430.5,1000.0,0.0,20.0,30.0,0.0,20.0,30.0
2018-12-17,SR,-8,4969.0,10.0,0.0,24.0,36.0,0.0,24.0,36.0
2018-12-24,AL,-77,13725.0,5.0,0.0,231.0,346.5,0.0,231.0,346.5
2018-12-24,C,-127,1855.0,10.0,0.0,152.4,228.60000000000002,0.0,152.4,228.60000000000002
2018-12-24,FG,45,1303.0,20.0,0.0,135.0,202.5,0.0,135.0,202.5
2018-12-24,JD,55,3469.0,5.0,0.0,82.5,123.75,0.0,82.5,123.75
2018-12-24,RU,-14,11315.0,10.0,0.0,42.0,63.0,0.0,42.0,63.0
2018-12-24,SR,-10,4884.0,10.0,0.0,30.0,45.0,0.0,30.0,45.0
2018-12-24,T,-58,96.9,10000.0,0.0,174.0,261.0,0.0,174.0,261.0
2018-12-28,SC,1,378.4,1000.0,0.0,20.0,30.0,0.0,20.0,30.0
2019-01-02,AL,-14,13550.0,5.0,0.0,42.0,63.0,0.0,42.0,63.0
2019-01-02,C,241,1867.0,10.0,0.0,289.2,433.79999999999995,0.0,289.2,433.79999999999995
2019-01-02,FG,-104,1296.0,20.0,0.0,312.0,468.0,0.0,312.0,468.0
2019-01-02,FG,-45,1296.0,20.0,0.0,135.0,202.5,0.0,135.0,202.5
2019-01-02,JD,19,3462.0,5.0,0.0,28.5,42.75,0.0,28.5,42.75
2019-01-02,P,91,4498.0,10.0,0.0,227.5,341.25,0.0,227.5,341.25
2019-01-02,RB,270,3399.0,10.0,1e-05,91.77300000000001,137.6595,0.0001,917.73,1376.595
2019-01-02,RU,22,11290.0,10.0,0.0,66.0,99.0,0.0,66.0,99.0
2019-01-02,T,49,97.83,10000.0,0.0,147.0,220.5,0.0,147.0,220.5
2019-01-07,AL,221,13440.0,5.0,0.0,663.0,994.5,0.0,663.0,994.5
2019-01-07,AL,7,13440.0,5.0,0.0,21.0,31.5,0.0,21.0,31.5
2019-01-07,AL,77,13440.0,5.0,0.0,231.0,346.5,0.0,231.0,346.5
2019-01-07,AL,14,13440.0,5.0,0.0,42.0,63.0,0.0,42.0,63.0
2019-01-07,AP,20,10746.0,10.0,0.0,400.0,600.0,0.0,400.0,600.0
2019-01-07,C,-6,1863.0,10.0,0.0,7.199999999999999,10.799999999999999,0.0,7.199999999999999,10.799999999999999
2019-01-07,JD,17,3447.0,5.0,0.0,25.5,38.25,0.0,25.5,38.25
2019-01-07,P,-91,4646.0,10.0,0.0,227.5,341.25,0.0,227.5,341.25
2019-01-07,RB,42,3491.0,10.0,1e-05,14.6622,21.9933,0.0001,146.622,219.93300000000002
2019-01-07,RU,-19,11970.0,10.0,0.0,57.0,85.5,0.0,57.0,85.5
2019-01-07,SC,-2,401.7,1000.0,0.0,40.0,60.0,0.0,40.0,60.0
2019-01-07,SR,-12,4722.0,10.0,0.0,36.0,54.0,0.0,36.0,54.0
2019-01-07,T,19,97.825,10000.0,0.0,57.0,85.5,0.0,57.0,85.5
2019-01-14,AL,-308,13365.0,5.0,0.0,924.0,1386.0,0.0,924.0,1386.0
2019-01-14,AP,-20,10588.0,10.0,0.0,400.0,600.0,0.0,400.0,600.0
2019-01-14,C,152,1820.0,10.0,0.0,182.4,273.6,0.0,182.4,273.6
2019-01-14,C,127,1820.0,10.0,0.0,152.4,228.60000000000002,0.0,152.4,228.60000000000002
2019-01-14,C,6,1820.0,10.0,0.0,7.199999999999999,10.799999999999999,0.0,7.199999999999999,10.799999999999999
2019-01-14,JD,-116,3505.0,5.0,0.0,174.0,261.0,0.0,174.0,261.0
2019-01-14,JD,-55,3505.0,5.0,0.0,82.5,123.75,0.0,82.5,123.75
2019-01-14,JD,-19,3505.0,5.0,0.0,28.5,42.75,0.0,28.5,42.75
2019-01-14,JD,-17,3505.0,5.0,0.0,25.5,38.25,0.0,25.5,38.25
2019-01-14,P,80,4632.0,10.0,0.0,200.0,300.0,0.0,200.0,300.0
2019-01-14,RU,13,11590.0,10.0,0.0,39.0,58.5,0.0,39.0,58.5
2019-01-14,RU,1,11590.0,10.0,0.0,3.0,4.5,0.0,3.0,4.5
2019-01-14,RU,8,11590.0,10.0,0.0,24.0,36.0,0.0,24.0,36.0
2019-01-14,T,-9,98.135,10000.0,0.0,27.0,40.5,0.0,27.0,40.5
2019-01-21,AL,-21,13475.0,5.0,0.0,63.0,94.5,0.0,63.0,94.5
2019-01-21,FG,158,1316.0,20.0,0.0,474.0,711.0,0.0,474.0,711.0
2019-01-21,P,-80,4684.0,10.0,0.0,200.0,300.0,0.0,200.0,300.0
2019-01-21,RU,-22,11665.0,10.0,0.0,66.0,99.0,0.0,66.0,99.0
2019-01-21,SR,71,4963.0,10.0,0.0,213.0,319.5,0.0,213.0,319.5
2019-01-21,SR,8,4963.0,10.0,0.0,24.0,36.0,0.0,24.0,36.0
2019-01-21,SR,10,4963.0,10.0,0.0,30.0,45.0,0.0,30.0,45.0
2019-01-21,SR,12,4963.0,10.0,0.0,36.0,54.0,0.0,36.0,54.0
2019-01-28,FG,-158,1341.0,20.0,0.0,474.0,711.0,0.0,474.0,711.0
2019-01-28,P,80,4774.0,10.0,0.0,200.0,300.0,0.0,200.0,300.0
2019-01-28,RB,6,3713.0,10.0,1e-05,2.2278000000000002,3.3417000000000003,0.0001,22.278,33.417
2019-01-28,SC,2,426.7,1000.0,0.0,40.0,60.0,0.0,40.0,60.0
2019-01-28,SR,-60,5012.0,10.0,0.0,180.0,270.0,0.0,180.0,270.0
2019-02-11,AL,-30,13525.0,5.0,0.0,90.0,135.0,0.0,90.0,135.0
2019-02-11,AP,26,10902.0,10.0,0.0,520.0,780.0,0.0,520.0,780.0
2019-02-11,FG,168,1392.0,20.0,0.0,504.0,756.0,0.0,504.0,756.0
2019-02-11,JD,-217,3288.0,5.0,0.0,325.5,488.25,0.0,325.5,488.25
2019-02-11,P,-80,4798.0,10.0,0.0,200.0,300.0,0.0,200.0,300.0
2019-02-11,RB,41,3851.0,10.0,1e-05,15.789100000000003,23.683650000000004,0.0001,157.891,236.8365
2019-02-11,RU,6,11410.0,10.0,0.0,18.0,27.0,0.0,18.0,27.0
2019-02-11,RU,11,11410.0,10.0,0.0,33.0,49.5,0.0,33.0,49.5
2019-02-11,SR,60,5074.0,10.0,0.0,180.0,270.0,0.0,180.0,270.0
2019-02-11,T,5,98.005,10000.0,0.0,15.0,22.5,0.0,15.0,22.5
2019-02-15,T,-7,97.96,10000.0,0.0,21.0,31.5,0.0,21.0,31.5
2019-02-18,AL,308,13410.0,5.0,0.0,924.0,1386.0,0.0,924.0,1386.0
2019-02-18,AL,21,13410.0,5.0,0.0,63.0,94.5,0.0,63.0,94.5
2019-02-18,AL,30,13410.0,5.0,0.0,90.0,135.0,0.0,90.0,135.0
2019-02-18,JD,217,3417.0,5.0,0.0,325.5,488.25,0.0,325.5,488.25
2019-02-18,M,-141,2581.0,10.0,0.0,211.5,317.25,0.0,211.5,317.25
2019-02-18,RB,-28,3614.0,10.0,1e-05,10.119200000000001,15.178800000000003,0.0001,101.19200000000001,151.788
2019-02-18,RU,-38,11660.0,10.0,0.0,114.0,171.0,0.0,114.0,171.0
2019-02-18,T,-33,97.875,10000.0,0.0,99.0,148.5,0.0,99.0,148.5
2019-02-18,T,-19,97.875,10000.0,0.0,57.0,85.5,0.0,57.0,85.5
2019-02-18,T,-5,97.875,10000.0,0.0,15.0,22.5,0.0,15.0,22.5
2019-02-25,AL,-160,13710.0,5.0,0.0,480.0,720.0,0.0,480.0,720.0
2019-02-25,AP,25,11446.0,10.0,0.0,500.0,750.0,0.0,500.0,750.0
2019-02-25,FG,-168,1355.0,20.0,0.0,504.0,756.0,0.0,504.0,756.0
2019-02-25,JD,-214,3373.0,5.0,0.0,321.0,481.5,0.0,321.0,481.5
2019-02-25,M,141,2543.0,10.0,0.0,211.5,317.25,0.0,211.5,317.25
2019-02-25,MA,-81,2541.0,10.0,0.0,162.0,243.0,0.0,162.0,243.0
2019-02-25,P,-81,4708.0,10.0,0.0,202.5,303.75,0.0,202.5,303.75
2019-02-25,RU,8,12635.0,10.0,0.0,24.0,36.0,0.0,24.0,36.0
2019-02-25,RU,16,12635.0,10.0,0.0,48.0,72.0,0.0,48.0,72.0
2019-02-25,SC,2,459.8,1000.0,0.0,40.0,60.0,0.0,40.0,60.0
2019-03-04,AL,160,13675.0,5.0,0.0,480.0,720.0,0.0,480.0,720.0
2019-03-04,C,-265,1823.0,10.0,0.0,318.0,477.0,0.0,318.0,477.0
2019-03-04,FG,126,1333.0,20.0,0.0,378.0,567.0,0.0,378.0,567.0
2019-03-04,JD,214,3364.0,5.0,0.0,321.0,481.5,0.0,321.0,481.5
2019-03-04,MA,81,2640.0,10.0,0.0,162.0,243.0,0.0,162.0,243.0
2019-03-04,RU,6,12780.0,10.0,0.0,18.0,27.0,0.0,18.0,27.0
2019-03-04,RU,16,12780.0,10.0,0.0,48.0,72.0,0.0,48.0,72.0
2019-03-04,SC,-2,444.8,1000.0,0.0,40.0,60.0,0.0,40.0,60.0
2019-03-11,AP,-16,11343.0,10.0,0.0,320.0,480.0,0.0,320.0,480.0
2019-03-11,C,265,1828.0,10.0,0.0,318.0,477.0,0.0,318.0,477.0
2019-03-11,FG,-126,1301.0,20.0,0.0,378.0,567.0,0.0,378.0,567.0
2019-03-11,FG,-149,1301.0,20.0,0.0,447.0,670.5,0.0,447.0,670.5
2019-03-11,P,-100,4578.0,10.0,0.0,250.0,375.0,0.0,250.0,375.0
2019-03-11,RU,-1,12075.0,10.0,0.0,3.0,4.5,0.0,3.0,4.5
2019-03-11,SR,78,5066.0,10.0,0.0,234.0,351.0,0.0,234.0,351.0
2019-03-18,AL,-297,13630.0,5.0,0.0,891.0,1336.5,0.0,891.0,1336.5
2019-03-18,AP,14,11248.0,10.0,0.0,280.0,420.0,0.0,280.0,420.0
2019-03-18,P,1,4458.0,10.0,0.0,2.5,3.75,0.0,2.5,3.75
2019-03-18,RB,-37,3757.0,10.0,1e-05,13.900900000000002,20.851350000000004,0.0001,139.00900000000001,208.51350000000002
2019-03-18,RU,4,11870.0,10.0,0.0,12.0,18.0,0.0,12.0,18.0
2019-03-18,SR,-78,5107.0,10.0,0.0,156.0,234.0,0.0,156.0,234.0
2019-03-18,T,54,97.625,10000.0,0.0,162.0,243.0,0.0,162.0,243.0
2019-03-25,AL,297,13745.0,5.0,0.0,891.0,1336.5,0.0,891.0,1336.5
2019-03-25,AP,-3,11246.0,10.0,0.0,60.0,90.0,0.0,60.0,90.0
2019-03-25,FG,-30,1288.0,20.0,0.0,90.0,135.0,0.0,90.0,135.0
2019-03-25,P,-36,4452.0,10.0,0.0,90.0,135.0,0.0,90.0,135.0
2019-03-25,RB,98,3764.0,10.0,1e-05,36.8872,55.330799999999996,0.0001,368.872,553.308
2019-03-25,RU,18,11860.0,10.0,0.0,54.0,81.0,0.0,54.0,81.0
2019-03-25,RU,1,11860.0,10.0,0.0,3.0,4.5,0.0,3.0,4.5
2019-03-25,RU,-31,12100.0,10.0,0.0,93.0,139.5,0.0,93.0,139.5
2019-03-25,SR,98,5062.0,10.0,0.0,294.0,441.0,0.0,294.0,441.0
2019-03-25,T,30,98.005,10000.0,0.0,90.0,135.0,0.0,90.0,135.0
2019-04-01,AP,-1,11632.0,10.0,0.0,20.0,30.0,0.0,20.0,30.0
2019-04-01,FG,149,1302.0,20.0,0.0,447.0,670.5,0.0,447.0,670.5
2019-04-01,FG,30,1302.0,20.0,0.0,90.0,135.0,0.0,90.0,135.0
2019-04-01,JD,257,3423.0,5.0,0.0,385.5,578.25,0.0,385.5,578.25
2019-04-01,P,-9,4330.0,10.0,0.0,22.5,33.75,0.0,22.5,33.75
2019-04-01,RU,-23,11575.0,10.0,0.0,69.0,103.5,0.0,69.0,103.5
2019-04-01,SC,1,462.2,1000.0,0.0,20.0,30.0,0.0,20.0,30.0
2019-04-01,SR,-98,5041.0,10.0,0.0,294.0,441.0,0.0,294.0,441.0
2019-04-02,RB,-205,3803.0,10.0,1e-05,77.9615,116.94225,0.0001,779.6150000000001,1169.4225000000001
2019-04-02,RB,-42,3803.0,10.0,1e-05,15.972600000000002,23.958900000000003,0.0001,159.72600000000003,239.58900000000006
2019-04-02,RB,-6,3803.0,10.0,1e-05,2.2818,3.4227,0.0001,22.818,34.227000000000004
2019-04-02,RB,-41,3803.0,10.0,1e-05,15.592300000000002,23.388450000000002,0.0001,155.923,233.8845
2019-04-02,RB,-98,3803.0,10.0,1e-05,37.269400000000005,55.90410000000001,0.0001,372.694,559.041
2019-04-02,RB,436,3494.0,10.0,1e-05,152.3384,228.50760000000002,0.0001,1523.384,2285.076
2019-04-08,AP,24,11658.0,10.0,0.0,480.0,720.0,0.0,480.0,720.0
2019-04-08,JD,-257,3538.0,5.0,0.0,385.5,578.25,0.0,385.5,578.25
2019-04-08,RB,-436,3613.0,10.0,1e-05,157.5268,236.29020000000003,0.0001,1575.268,2362.902
2019-04-08,RU,-1,11850.0,10.0,0.0,3.0,4.5,0.0,3.0,4.5
2019-04-08,SC,5,477.3,1000.0,0.0,100.0,150.0,0.0,100.0,150.0
2019-04-08,T,-10,96.435,10000.0,0.0,30.0,45.0,0.0,30.0,45.0
2019-04-11,P,80,4462.0,10.0,0.0,200.0,300.0,0.0,200.0,300.0
2019-04-11,P,100,4462.0,10.0,0.0,250.0,375.0,0.0,250.0,375.0
2019-04-11,P,36,4462.0,10.0,0.0,90.0,135.0,0.0,90.0,135.0
2019-04-11,P,9,4462.0,10.0,0.0,22.5,33.75,0.0,22.5,33.75
2019-04-11,P,-220,4676.0,10.0,0.0,550.0,825.0,0.0,550.0,825.0
2019-04-12,SC,-1,478.7,1000.0,0.0,20.0,30.0,0.0,20.0,30.0
2019-04-12,SC,-5,478.7,1000.0,0.0,100.0,150.0,0.0,100.0,150.0
2019-04-12,SC,15,479.5,1000.0,0.0,300.0,450.0,0.0,300.0,450.0
2019-04-15,AP,-6,11889.0,10.0,0.0,30.0,45.0,0.0,30.0,45.0
2019-04-15,AP,-17,11889.0,10.0,0.0,85.0,127.5,0.0,85.0,127.5
2019-04-15,JD,276,4286.0,5.0,0.0,414.0,621.0,0.0,414.0,621.0
2019-04-15,P,1,4710.0,10.0,0.0,2.5,3.75,0.0,2.5,3.75
2019-04-15,RB,368,3821.0,10.0,1e-05,140.61280000000002,210.91920000000005,0.0001,1406.1280000000002,2109.192
2019-04-15,RU,-1,12020.0,10.0,0.0,3.0,4.5,0.0,3.0,4.5
2019-04-15,SC,-1,478.8,1000.0,0.0,20.0,30.0,0.0,20.0,30.0
2019-04-15,T,-44,96.065,10000.0,0.0,132.0,198.0,0.0,132.0,198.0
2019-04-15,T,-30,96.065,10000.0,0.0,90.0,135.0,0.0,90.0,135.0
2019-04-16,AP,-8,11852.0,10.0,0.0,40.0,60.0,0.0,40.0,60.0
2019-04-16,AP,-14,11852.0,10.0,0.0,70.0,105.0,0.0,70.0,105.0
2019-04-16,AP,-24,11852.0,10.0,0.0,120.0,180.0,0.0,120.0,180.0
2019-04-16,AP,38,7693.0,10.0,0.0,190.0,285.0,0.0,190.0,285.0
2019-04-22,AP,22,8318.0,10.0,0.0,110.0,165.0,0.0,110.0,165.0
2019-04-22,JD,-276,4306.0,5.0,0.0,414.0,621.0,0.0,414.0,621.0
2019-04-22,M,-193,2607.0,10.0,0.0,289.5,434.25,0.0,289.5,434.25
2019-04-22,MA,-110,2441.0,10.0,0.0,220.0,330.0,0.0,220.0,330.0
2019-04-22,P,106,4624.0,10.0,0.0,265.0,397.5,0.0,265.0,397.5
2019-04-22,RU,25,11490.0,10.0,0.0,75.0,112.5,0.0,75.0,112.5
2019-04-29,AP,8,8185.0,10.0,0.0,40.0,60.0,0.0,40.0,60.0
2019-04-29,FG,197,1362.0,20.0,0.0,591.0,886.5,0.0,591.0,886.5
2019-04-29,M,193,2566.0,10.0,0.0,289.5,434.25,0.0,289.5,434.25
2019-04-29,MA,110,2385.0,10.0,0.0,220.0,330.0,0.0,220.0,330.0
2019-04-29,P,-97,4500.0,10.0,0.0,242.5,363.75,0.0,242.5,363.75
2019-04-29,RB,11,3744.0,10.0,1e-05,4.1184,6.1776,0.0001,41.184000000000005,61.77600000000001
2019-04-29,RU,-30,11300.0,10.0,0.0,90.0,135.0,0.0,90.0,135.0
2019-04-29,SC,-10,492.1,1000.0,0.0,200.0,300.0,0.0,200.0,300.0
2019-05-06,AP,2,8166.0,10.0,0.0,10.0,15.0,0.0,10.0,15.0
2019-05-06,FG,-197,1348.0,20.0,0.0,591.0,886.5,0.0,591.0,886.5
2019-05-06,MA,-126,2368.0,10.0,0.0,252.0,378.0,0.0,252.0,378.0
2019-05-06,P,-14,4372.0,10.0,0.0,35.0,52.5,0.0,35.0,52.5
2019-05-06,RB,19,3761.0,10.0,1e-05,7.145900000000001,10.718850000000002,0.0001,71.459,107.1885
2019-05-06,RU,6,11520.0,10.0,0.0,18.0,27.0,0.0,18.0,27.0
2019-05-06,RU,23,11520.0,10.0,0.0,69.0,103.5,0.0,69.0,103.5
2019-05-06,RU,1,11520.0,10.0,0.0,3.0,4.5,0.0,3.0,4.5
2019-05-06,RU,1,11520.0,10.0,0.0,3.0,4.5,0.0,3.0,4.5
2019-05-06,RU,1,11520.0,10.0,0.0,3.0,4.5,0.0,3.0,4.5
2019-05-06,SC,2,472.1,1000.0,0.0,40.0,60.0,0.0,40.0,60.0
2019-05-13,AP,-38,8578.0,10.0,0.0,190.0,285.0,0.0,190.0,285.0
2019-05-13,AP,-22,8578.0,10.0,0.0,110.0,165.0,0.0,110.0,165.0
2019-05-13,AP,-8,8578.0,10.0,0.0,40.0,60.0,0.0,40.0,60.0
2019-05-13,AP,-2,8578.0,10.0,0.0,10.0,15.0,0.0,10.0,15.0
2019-05-13,C,440,1929.0,10.0,0.0,528.0,792.0,0.0,528.0,792.0
2019-05-13,FG,202,1363.0,20.0,0.0,606.0,909.0,0.0,606.0,909.0
2019-05-13,JD,266,4331.0,5.0,0.0,399.0,598.5,0.0,399.0,598.5
2019-05-13,MA,-10,2454.0,10.0,0.0,20.0,30.0,0.0,20.0,30.0
2019-05-13,P,9,4404.0,10.0,0.0,22.5,33.75,0.0,22.5,33.75
2019-05-13,RB,7,3748.0,10.0,1e-05,2.6236,3.9354000000000005,0.0001,26.236,39.354
2019-05-13,RU,2,11830.0,10.0,0.0,6.0,9.0,0.0,6.0,9.0
2019-05-13,SC,-2,487.6,1000.0,0.0,40.0,60.0,0.0,40.0,60.0
2019-05-14,SC,-2,500.6,1000.0,0.0,40.0,60.0,0.0,40.0,60.0
2019-05-14,SC,-2,500.6,1000.0,0.0,40.0,60.0,0.0,40.0,60.0
2019-05-14,SC,4,499.3,1000.0,0.0,80.0,120.0,0.0,80.0,120.0
2019-05-20,AP,19,9428.0,10.0,0.0,95.0,142.5,0.0,95.0,142.5
2019-05-20,C,-440,1996.0,10.0,0.0,528.0,792.0,0.0,528.0,792.0
2019-05-20,FG,-43,1403.0,20.0,0.0,129.0,193.5,0.0,129.0,193.5
2019-05-20,JD,-266,4343.0,5.0,0.0,399.0,598.5,0.0,399.0,598.5
2019-05-20,MA,79,2449.0,10.0,0.0,158.0,237.0,0.0,158.0,237.0
2019-05-20,P,104,4486.0,10.0,0.0,260.0,390.0,0.0,260.0,390.0
2019-05-20,P,22,4486.0,10.0,0.0,55.0,82.5,0.0,55.0,82.5
2019-05-20,RB,-368,3769.0,10.0,1e-05,138.69920000000002,208.04880000000003,0.0001,1386.992,2080.488
2019-05-20,RB,-11,3769.0,10.0,1e-05,4.1459,6.21885,0.0001,41.459,62.188500000000005
2019-05-20,RB,-19,3769.0,10.0,1e-05,7.1611,10.74165,0.0001,71.611,107.41650000000001
2019-05-20,RB,-7,3769.0,10.0,1e-05,2.6383,3.95745,0.0001,26.383000000000003,39.5745
2019-05-20,RU,27,12205.0,10.0,0.0,81.0,121.5,0.0,81.0,121.5
2019-05-20,SC,-4,511.1,1000.0,0.0,80.0,120.0,0.0,80.0,120.0
2019-05-20,SP,-30,4940.0,10.0,2e-06,2.964,4.446,1.9999999999999998e-05,29.639999999999997,44.459999999999994
2019-05-20,T,29,97.38,10000.0,0.0,87.0,130.5,0.0,87.0,130.5
2019-05-21,T,-29,97.34,10000.0,0.0,87.0,130.5,0.0,87.0,130.5
2019-05-21,T,32,96.84,10000.0,0.0,96.0,144.0,0.0,96.0,144.0
2019-05-27,AP,-8,9998.0,10.0,0.0,40.0,60.0,0.0,40.0,60.0
2019-05-27,CF,-12,13540.0,5.0,0.0,51.599999999999994,77.39999999999999,0.0,51.599999999999994,77.39999999999999
2019-05-27,FG,-9,1394.0,20.0,0.0,27.0,40.5,0.0,27.0,40.5
2019-05-27,JD,85,4374.0,5.0,0.0,127.5,191.25,0.0,127.5,191.25
2019-05-27,MA,6,2431.0,10.0,0.0,12.0,18.0,0.0,12.0,18.0
2019-05-27,P,44,4384.0,10.0,0.0,110.0,165.0,0.0,110.0,165.0
2019-05-27,SP,-2,4880.0,10.0,2e-06,0.19519999999999998,0.29279999999999995,1.9999999999999998e-05,1.9519999999999997,2.9279999999999995
2019-06-03,AP,-2,9648.0,10.0,0.0,10.0,15.0,0.0,10.0,15.0
2019-06-03,CF,-15,13460.0,5.0,0.0,64.5,96.75,0.0,64.5,96.75
2019-06-03,MA,41,2400.0,10.0,0.0,82.0,123.0,0.0,82.0,123.0
2019-06-03,MA,10,2400.0,10.0,0.0,20.0,30.0,0.0,20.0,30.0
2019-06-03,P,31,4464.0,10.0,0.0,77.5,116.25,0.0,77.5,116.25
2019-06-03,P,14,4464.0,10.0,0.0,35.0,52.5,0.0,35.0,52.5
2019-06-03,RB,136,3741.0,10.0,1e-05,50.87760000000001,76.31640000000002,0.0001,508.776,763.164
2019-06-03,RU,-5,12195.0,10.0,0.0,15.0,22.5,0.0,15.0,22.5
2019-06-03,SP,-2,4842.0,10.0,2e-06,0.19368,0.29052,1.9999999999999998e-05,1.9367999999999999,2.9052
2019-06-03,T,-1,97.02,10000.0,0.0,3.0,4.5,0.0,3.0,4.5
2019-06-10,AL,-386,13945.0,5.0,0.0,1158.0,1737.0,0.0,1158.0,1737.0
2019-06-10,AP,-9,8867.0,10.0,0.0,45.0,67.5,0.0,45.0,67.5
2019-06-10,CF,-40,12710.0,5.0,0.0,172.0,258.0,0.0,172.0,258.0
2019-06-10,FG,18,1400.0,20.0,0.0,54.0,81.0,0.0,54.0,81.0
2019-06-10,JD,129,4449.0,5.0,0.0,193.5,290.25,0.0,193.5,290.25
2019-06-10,M,104,2852.0,10.0,0.0,156.0,234.0,0.0,156.0,234.0
2019-06-10,MA,-97,2333.0,10.0,0.0,194.0,291.0,0.0,194.0,291.0
2019-06-10,RB,50,3717.0,10.0,1e-05,18.585,27.8775,0.0001,185.85,278.775
2019-06-10,RU,5,12330.0,10.0,0.0,15.0,22.5,0.0,15.0,22.5
2019-06-10,RU,17,12330.0,10.0,0.0,51.0,76.5,0.0,51.0,76.5
2019-06-10,SP,-39,4594.0,10.0,2e-06,3.5833199999999996,5.374979999999999,1.9999999999999998e-05,35.8332,53.74979999999999
2019-06-10,T,23,97.455,10000.0,0.0,69.0,103.5,0.0,69.0,103.5
2019-06-11,AL,2,13940.0,5.0,0.0,6.0,9.0,0.0,6.0,9.0
2019-06-11,CF,1,13055.0,5.0,0.0,4.3,6.449999999999999,0.0,4.3,6.449999999999999
2019-06-11,FG,-1,1408.0,20.0,0.0,3.0,4.5,0.0,3.0,4.5
2019-06-11,JD,-1,4428.0,5.0,0.0,1.5,2.25,0.0,1.5,2.25
2019-06-11,M,-1,2863.0,10.0,0.0,1.5,2.25,0.0,1.5,2.25
2019-06-11,MA,1,2315.0,10.0,0.0,2.0,3.0,0.0,2.0,3.0
2019-06-11,RB,-1,3717.0,10.0,1e-05,0.37170000000000003,0.55755,0.0001,3.717,5.5755
2019-06-11,RU,-1,12245.0,10.0,0.0,3.0,4.5,0.0,3.0,4.5
2019-06-11,SP,1,4602.0,10.0,2e-06,0.09204,0.13806,1.9999999999999998e-05,0.9203999999999999,1.3805999999999998
2019-06-12,AL,1,14065.0,5.0,0.0,3.0,4.5,0.0,3.0,4.5
2019-06-12,CF,1,13280.0,5.0,0.0,4.3,6.449999999999999,0.0,4.3,6.449999999999999
2019-06-12,FG,-1,1475.0,20.0,0.0,3.0,4.5,0.0,3.0,4.5
2019-06-12,JD,-1,4466.0,5.0,0.0,1.5,2.25,0.0,1.5,2.25
2019-06-12,M,-1,2871.0,10.0,0.0,1.5,2.25,0.0,1.5,2.25
2019-06-12,MA,1,2338.0,10.0,0.0,2.0,3.0,0.0,2.0,3.0
2019-06-12,RB,-1,3835.0,10.0,1e-05,0.3835,0.57525,0.0001,3.835,5.7524999999999995
2019-06-12,RU,-1,12475.0,10.0,0.0,3.0,4.5,0.0,3.0,4.5
2019-06-12,SP,1,4664.0,10.0,2e-06,0.09328,0.13992,1.9999999999999998e-05,0.9328,1.3992
2019-06-13,AL,383,14010.0,5.0,0.0,1149.0,1723.5,0.0,1149.0,1723.5
2019-06-13,AL,-448,13920.0,5.0,0.0,1344.0,2016.0,0.0,1344.0,2016.0
2019-06-13,CF,9,13360.0,5.0,0.0,38.699999999999996,58.05,0.0,38.699999999999996,58.05
2019-06-13,FG,-22,1446.0,20.0,0.0,66.0,99.0,0.0,66.0,99.0
2019-06-13,JD,-27,4478.0,5.0,0.0,40.5,60.75,0.0,40.5,60.75
2019-06-13,M,-13,2876.0,10.0,0.0,19.5,29.25,0.0,19.5,29.25
2019-06-13,MA,13,2290.0,10.0,0.0,26.0,39.0,0.0,26.0,39.0
2019-06-13,RB,-24,3767.0,10.0,1e-05,9.0408,13.561200000000001,0.0001,90.40800000000002,135.61200000000002
2019-06-13,RU,-2,12170.0,10.0,0.0,6.0,9.0,0.0,6.0,9.0
2019-06-13,SP,10,4566.0,10.0,2e-06,0.9132,1.3698000000000001,1.9999999999999998e-05,9.132,13.698
2019-06-14,T,-1,97.39,10000.0,0.0,3.0,4.5,0.0,3.0,4.5
2019-06-17,AL,41,13895.0,5.0,0.0,123.0,184.5,0.0,123.0,184.5
2019-06-17,CF,-8,13445.0,5.0,0.0,34.4,51.599999999999994,0.0,34.4,51.599999999999994
2019-06-17,FG,86,1468.0,20.0,0.0,258.0,387.0,0.0,258.0,387.0
2019-06-17,JD,27,4484.0,5.0,0.0,40.5,60.75,0.0,40.5,60.75
2019-06-17,M,19,2926.0,10.0,0.0,28.5,42.75,0.0,28.5,42.75
2019-06-17,MA,-14,2339.0,10.0,0.0,28.0,42.0,0.0,28.0,42.0
2019-06-17,RB,2,3751.0,10.0,1e-05,0.7502000000000001,1.1253000000000002,0.0001,7.502000000000001,11.253
2019-06-17,RU,-13,11970.0,10.0,0.0,39.0,58.5,0.0,39.0,58.5
2019-06-17,SP,-9,4554.0,10.0,2e-06,0.81972,1.22958,1.9999999999999998e-05,8.197199999999999,12.295799999999998
2019-06-17,T,1,97.655,10000.0,0.0,3.0,4.5,0.0,3.0,4.5
2019-06-20,AL,4,13875.0,5.0,0.0,12.0,18.0,0.0,12.0,18.0
2019-06-20,CF,1,13850.0,5.0,0.0,4.3,6.449999999999999,0.0,4.3,6.449999999999999
2019-06-20,FG,-2,1476.0,20.0,0.0,6.0,9.0,0.0,6.0,9.0
2019-06-20,JD,-2,4480.0,5.0,0.0,3.0,4.5,0.0,3.0,4.5
2019-06-20,M,-1,2877.0,10.0,0.0,1.5,2.25,0.0,1.5,2.25
2019-06-20,MA,1,2361.0,10.0,0.0,2.0,3.0,0.0,2.0,3.0
2019-06-20,RB,-2,3749.0,10.0,1e-05,0.7498,1.1247,0.0001,7.498,11.247
2019-06-20,SP,1,4560.0,10.0,2e-06,0.09119999999999999,0.13679999999999998,1.9999999999999998e-05,0.9119999999999999,1.3679999999999999
2019-06-24,AL,46,13760.0,5.0,0.0,138.0,207.0,0.0,138.0,207.0
2019-06-24,CF,5,13630.0,5.0,0.0,21.5,32.25,0.0,21.5,32.25
2019-06-24,FG,6,1487.0,20.0,0.0,18.0,27.0,0.0,18.0,27.0
2019-06-24,JD,-33,4422.0,5.0,0.0,49.5,74.25,0.0,49.5,74.25
2019-06-24,M,-15,2873.0,10.0,0.0,22.5,33.75,0.0,22.5,33.75
2019-06-24,RB,143,3858.0,10.0,1e-05,55.1694,82.75410000000001,0.0001,551.694,827.5409999999999
2019-06-24,SP,-5,4528.0,10.0,2e-06,0.4528,0.6792,1.9999999999999998e-05,4.528,6.792
2019-06-24,T,1,97.485,10000.0,0.0,3.0,4.5,0.0,3.0,4.5
2019-07-01,AL,-105,13825.0,5.0,0.0,315.0,472.5,0.0,315.0,472.5
2019-07-01,AP,-24,9148.0,10.0,0.0,120.0,180.0,0.0,120.0,180.0
2019-07-01,CF,10,13790.0,5.0,0.0,43.0,64.5,0.0,43.0,64.5
2019-07-01,FG,66,1498.0,20.0,0.0,198.0,297.0,0.0,198.0,297.0
2019-07-01,M,-73,2899.0,10.0,0.0,109.5,164.25,0.0,109.5,164.25
2019-07-01,M,-19,2899.0,10.0,0.0,28.5,42.75,0.0,28.5,42.75
2019-07-01,MA,-20,2274.0,10.0,0.0,40.0,60.0,0.0,40.0,60.0
2019-07-01,RB,-108,4069.0,10.0,1e-05,43.94520000000001,65.91780000000001,0.0001,439.452,659.178
2019-07-01,RB,-50,4069.0,10.0,1e-05,20.345000000000002,30.517500000000005,0.0001,203.45,305.17499999999995
2019-07-01,RB,-2,4069.0,10.0,1e-05,0.8138000000000001,1.2207000000000001,0.0001,8.138,12.207
2019-07-01,RB,-143,4069.0,10.0,1e-05,58.18670000000001,87.28005000000002,0.0001,581.867,872.8004999999999
2019-07-01,SP,-6,4654.0,10.0,2e-06,0.55848,0.83772,1.9999999999999998e-05,5.5847999999999995,8.377199999999998
2019-07-01,SR,90,5012.0,10.0,0.0,270.0,405.0,0.0,270.0,405.0
2019-07-01,T,2,97.355,10000.0,0.0,6.0,9.0,0.0,6.0,9.0
2019-07-08,AL,95,13775.0,5.0,0.0,285.0,427.5,0.0,285.0,427.5
2019-07-08,AP,24,9340.0,10.0,0.0,120.0,180.0,0.0,120.0,180.0
2019-07-08,CF,40,13890.0,5.0,0.0,172.0,258.0,0.0,172.0,258.0
2019-07-08,CF,8,13890.0,5.0,0.0,34.4,51.599999999999994,0.0,34.4,51.599999999999994
2019-07-08,FG,-62,1479.0,20.0,0.0,186.0,279.0,0.0,186.0,279.0
2019-07-08,JD,-21,4583.0,5.0,0.0,31.5,47.25,0.0,31.5,47.25
2019-07-08,JD,-16,4583.0,5.0,0.0,24.0,36.0,0.0,24.0,36.0
2019-07-08,MA,-76,2318.0,10.0,0.0,152.0,228.0,0.0,152.0,228.0
2019-07-08,P,-196,4240.0,10.0,0.0,490.0,735.0,0.0,490.0,735.0
2019-07-08,RB,290,3981.0,10.0,1e-05,115.449,173.1735,0.0001,1154.49,1731.7350000000001
2019-07-08,SP,17,4810.0,10.0,2e-06,1.6354,2.4531,1.9999999999999998e-05,16.354,24.531
2019-07-08,SP,2,4810.0,10.0,2e-06,0.1924,0.28859999999999997,1.9999999999999998e-05,1.924,2.886
2019-07-08,SP,2,4810.0,10.0,2e-06,0.1924,0.28859999999999997,1.9999999999999998e-05,1.924,2.886
2019-07-08,SP,39,4810.0,10.0,2e-06,3.7518,5.6277,1.9999999999999998e-05,37.518,56.277
2019-07-08,SP,9,4810.0,10.0,2e-06,0.8657999999999999,1.2986999999999997,1.9999999999999998e-05,8.658,12.986999999999998
2019-07-08,SP,5,4810.0,10.0,2e-06,0.481,0.7215,1.9999999999999998e-05,4.81,7.215
2019-07-08,SP,6,4810.0,10.0,2e-06,0.5771999999999999,0.8657999999999999,1.9999999999999998e-05,5.772,8.658000000000001
2019-07-08,SR,-26,5288.0,10.0,0.0,78.0,117.0,0.0,78.0,117.0
2019-07-08,T,1,97.97,10000.0,0.0,3.0,4.5,0.0,3.0,4.5
2019-07-15,AL,-18,13775.0,5.0,0.0,54.0,81.0,0.0,54.0,81.0
2019-07-15,FG,17,1488.0,20.0,0.0,51.0,76.5,0.0,51.0,76.5
2019-07-15,JD,-4,4602.0,5.0,0.0,6.0,9.0,0.0,6.0,9.0
2019-07-15,MA,67,2232.0,10.0,0.0,134.0,201.0,0.0,134.0,201.0
2019-07-15,P,-3,4182.0,10.0,0.0,7.5,11.25,0.0,7.5,11.25
2019-07-15,RB,21,3958.0,10.0,1e-05,8.311800000000002,12.467700000000002,0.0001,83.11800000000001,124.67700000000002
2019-07-15,RU,-18,10615.0,10.0,0.0,54.0,81.0,0.0,54.0,81.0
2019-07-15,SR,-11,5192.0,10.0,0.0,33.0,49.5,0.0,33.0,49.5
2019-07-15,T,2,98.305,10000.0,0.0,6.0,9.0,0.0,6.0,9.0
2019-07-16,AL,9,13860.0,5.0,0.0,27.0,40.5,0.0,27.0,40.5
2019-07-16,FG,-6,1487.0,20.0,0.0,18.0,27.0,0.0,18.0,27.0
2019-07-16,JD,-3,4684.0,5.0,0.0,4.5,6.75,0.0,4.5,6.75
2019-07-16,MA,3,2236.0,10.0,0.0,6.0,9.0,0.0,6.0,9.0
2019-07-16,P,5,4232.0,10.0,0.0,12.5,18.75,0.0,12.5,18.75
2019-07-16,RB,-7,4028.0,10.0,1e-05,2.8196000000000003,4.2294,0.0001,28.196000000000005,42.29400000000001
2019-07-16,RU,1,10665.0,10.0,0.0,3.0,4.5,0.0,3.0,4.5
2019-07-16,SR,-2,5206.0,10.0,0.0,6.0,9.0,0.0,6.0,9.0
2019-07-16,T,-1,97.99,10000.0,0.0,3.0,4.5,0.0,3.0,4.5
2019-07-17,AL,253,13885.0,5.0,0.0,759.0,1138.5,0.0,759.0,1138.5
2019-07-17,AL,105,13885.0,5.0,0.0,315.0,472.5,0.0,315.0,472.5
2019-07-17,AL,18,13885.0,5.0,0.0,54.0,81.0,0.0,54.0,81.0
2019-07-17,AL,-451,13885.0,5.0,0.0,1353.0,2029.5,0.0,1353.0,2029.5
2019-07-17,FG,-27,1498.0,20.0,0.0,81.0,121.5,0.0,81.0,121.5
2019-07-17,JD,-14,4713.0,5.0,0.0,21.0,31.5,0.0,21.0,31.5
2019-07-17,MA,11,2179.0,10.0,0.0,22.0,33.0,0.0,22.0,33.0
2019-07-17,MA,2,2179.0,10.0,0.0,4.0,6.0,0.0,4.0,6.0
2019-07-17,P,21,4220.0,10.0,0.0,52.5,78.75,0.0,52.5,78.75
2019-07-17,RB,-32,4025.0,10.0,1e-05,12.88,19.32,0.0001,128.8,193.20000000000002
2019-07-17,RU,2,10515.0,10.0,0.0,6.0,9.0,0.0,6.0,9.0
2019-07-17,SR,-6,5215.0,10.0,0.0,18.0,27.0,0.0,18.0,27.0
2019-07-22,AL,43,13940.0,5.0,0.0,129.0,193.5,0.0,129.0,193.5
2019-07-22,AP,24,9670.0,10.0,0.0,120.0,180.0,0.0,120.0,180.0
2019-07-22,CF,-38,12970.0,5.0,0.0,163.4,245.10000000000002,0.0,163.4,245.10000000000002
2019-07-22,FG,-29,1494.0,20.0,0.0,87.0,130.5,0.0,87.0,130.5
2019-07-22,FG,-18,1494.0,20.0,0.0,54.0,81.0,0.0,54.0,81.0
2019-07-22,FG,-5,1494.0,20.0,0.0,15.0,22.5,0.0,15.0,22.5
2019-07-22,JD,18,4762.0,5.0,0.0,27.0,40.5,0.0,27.0,40.5
2019-07-22,MA,-3,2182.0,10.0,0.0,6.0,9.0,0.0,6.0,9.0
2019-07-22,P,45,4194.0,10.0,0.0,112.5,168.75,0.0,112.5,168.75
2019-07-22,RB,43,4000.0,10.0,1e-05,17.2,25.799999999999997,0.0001,172.0,258.0
2019-07-22,RU,-6,10680.0,10.0,0.0,18.0,27.0,0.0,18.0,27.0
2019-07-22,SR,-45,5144.0,10.0,0.0,135.0,202.5,0.0,135.0,202.5
2019-07-22,T,3,98.225,10000.0,0.0,9.0,13.5,0.0,9.0,13.5
2019-07-23,T,-2,98.44,10000.0,0.0,6.0,9.0,0.0,6.0,9.0
2019-07-26,AL,2,13895.0,5.0,0.0,6.0,9.0,0.0,6.0,9.0
2019-07-26,AP,-1,9198.0,10.0,0.0,5.0,7.5,0.0,5.0,7.5
2019-07-26,CF,1,13325.0,5.0,0.0,4.3,6.449999999999999,0.0,4.3,6.449999999999999
2019-07-26,FG,-1,1493.0,20.0,0.0,3.0,4.5,0.0,3.0,4.5
2019-07-26,JD,-1,4718.0,5.0,0.0,1.5,2.25,0.0,1.5,2.25
2019-07-26,MA,1,2087.0,10.0,0.0,2.0,3.0,0.0,2.0,3.0
2019-07-26,P,1,4322.0,10.0,0.0,2.5,3.75,0.0,2.5,3.75
2019-07-26,RB,-2,3949.0,10.0,1e-05,0.7898000000000001,1.1847,0.0001,7.898000000000001,11.847000000000001
2019-07-26,RU,1,10840.0,10.0,0.0,3.0,4.5,0.0,3.0,4.5
2019-07-26,T,-1,98.175,10000.0,0.0,3.0,4.5,0.0,3.0,4.5
2019-07-29,AL,406,13870.0,5.0,0.0,1218.0,1827.0,0.0,1218.0,1827.0
2019-07-29,AP,-23,9279.0,10.0,0.0,115.0,172.5,0.0,115.0,172.5
2019-07-29,CF,-16,13330.0,5.0,0.0,68.8,103.19999999999999,0.0,68.8,103.19999999999999
2019-07-29,FG,218,1501.0,20.0,0.0,654.0,981.0,0.0,654.0,981.0
2019-07-29,JD,157,4442.0,5.0,0.0,235.5,353.25,0.0,235.5,353.25
2019-07-29,MA,-40,2044.0,10.0,0.0,80.0,120.0,0.0,80.0,120.0
2019-07-29,P,-15,4332.0,10.0,0.0,37.5,56.25,0.0,37.5,56.25
2019-07-29,RB,119,3931.0,10.0,1e-05,46.7789,70.16835,0.0001,467.789,701.6835
2019-07-29,RU,-9,10755.0,10.0,0.0,27.0,40.5,0.0,27.0,40.5
2019-07-29,T,44,98.225,10000.0,0.0,132.0,198.0,0.0,132.0,198.0
2019-07-30,T,-6,98.065,10000.0,0.0,18.0,27.0,0.0,18.0,27.0
2019-07-31,T,-1,98.215,10000.0,0.0,3.0,4.5,0.0,3.0,4.5
2019-08-05,CF,-1,12680.0,5.0,0.0,4.3,6.449999999999999,0.0,4.3,6.449999999999999
2019-08-05,FG,37,1472.0,20.0,0.0,111.0,166.5,0.0,111.0,166.5
2019-08-05,JD,-91,4436.0,5.0,0.0,136.5,204.75,0.0,136.5,204.75
2019-08-05,JD,-10,4436.0,5.0,0.0,15.0,22.5,0.0,15.0,22.5
2019-08-05,M,-172,2820.0,10.0,0.0,258.0,387.0,0.0,258.0,387.0
2019-08-05,MA,-174,2131.0,10.0,0.0,348.0,522.0,0.0,348.0,522.0
2019-08-05,P,124,4390.0,10.0,0.0,310.0,465.0,0.0,310.0,465.0
2019-08-05,P,3,4390.0,10.0,0.0,7.5,11.25,0.0,7.5,11.25
2019-08-05,P,15,4390.0,10.0,0.0,37.5,56.25,0.0,37.5,56.25
2019-08-05,RB,-249,3816.0,10.0,1e-05,95.01840000000001,142.5276,0.0001,950.1840000000001,1425.276
2019-08-05,RB,-21,3816.0,10.0,1e-05,8.0136,12.0204,0.0001,80.13600000000001,120.20400000000001
2019-08-05,RB,-43,3816.0,10.0,1e-05,16.408800000000003,24.613200000000006,0.0001,164.08800000000002,246.13200000000003
2019-08-05,RB,-119,3816.0,10.0,1e-05,45.4104,68.1156,0.0001,454.10400000000004,681.1560000000001
2019-08-05,RU,14,10370.0,10.0,0.0,42.0,63.0,0.0,42.0,63.0
2019-08-05,RU,6,10370.0,10.0,0.0,18.0,27.0,0.0,18.0,27.0
2019-08-05,RU,9,10370.0,10.0,0.0,27.0,40.5,0.0,27.0,40.5
2019-08-05,SR,86,5327.0,10.0,0.0,172.0,258.0,0.0,172.0,258.0
2019-08-05,T,19,98.73,10000.0,0.0,57.0,85.5,0.0,57.0,85.5
2019-08-06,JD,-17,4313.0,5.0,0.0,25.5,38.25,0.0,25.5,38.25
2019-08-06,JD,-18,4313.0,5.0,0.0,27.0,40.5,0.0,27.0,40.5
2019-08-06,JD,-157,4313.0,5.0,0.0,235.5,353.25,0.0,235.5,353.25
2019-08-06,JD,164,4196.0,5.0,0.0,246.0,369.0,0.0,246.0,369.0
2019-08-06,M,172,2867.0,10.0,0.0,258.0,387.0,0.0,258.0,387.0
2019-08-06,M,-171,2864.0,10.0,0.0,256.5,384.75,0.0,256.5,384.75
2019-08-09,CF,37,12235.0,5.0,0.0,159.1,238.64999999999998,0.0,159.1,238.64999999999998
2019-08-09,CF,16,12235.0,5.0,0.0,68.8,103.19999999999999,0.0,68.8,103.19999999999999
2019-08-09,CF,1,12235.0,5.0,0.0,4.3,6.449999999999999,0.0,4.3,6.449999999999999
2019-08-09,CF,-56,12760.0,5.0,0.0,240.79999999999998,361.2,0.0,240.79999999999998,361.2
2019-08-12,CF,-47,12730.0,5.0,0.0,202.1,303.15,0.0,202.1,303.15
2019-08-12,FG,-80,1484.0,20.0,0.0,160.0,240.0,0.0,160.0,240.0
2019-08-12,FG,-6,1484.0,20.0,0.0,12.0,18.0,0.0,12.0,18.0
2019-08-12,FG,-66,1484.0,20.0,0.0,132.0,198.0,0.0,132.0,198.0
2019-08-12,FG,-17,1484.0,20.0,0.0,34.0,51.0,0.0,34.0,51.0
2019-08-12,FG,-218,1484.0,20.0,0.0,436.0,654.0,0.0,436.0,654.0
2019-08-12,FG,-37,1484.0,20.0,0.0,74.0,111.0,0.0,74.0,111.0
2019-08-12,FG,240,1388.0,20.0,0.0,480.0,720.0,0.0,480.0,720.0
2019-08-12,M,171,2905.0,10.0,0.0,256.5,384.75,0.0,256.5,384.75
2019-08-12,MA,11,2139.0,10.0,0.0,22.0,33.0,0.0,22.0,33.0
2019-08-12,MA,20,2139.0,10.0,0.0,40.0,60.0,0.0,40.0,60.0
2019-08-12,MA,76,2139.0,10.0,0.0,152.0,228.0,0.0,152.0,228.0
2019-08-12,MA,3,2139.0,10.0,0.0,6.0,9.0,0.0,6.0,9.0
2019-08-12,MA,31,2139.0,10.0,0.0,62.0,93.0,0.0,62.0,93.0
2019-08-12,P,120,4796.0,10.0,0.0,300.0,450.0,0.0,300.0,450.0
2019-08-12,RU,-65,11565.0,10.0,0.0,195.0,292.5,0.0,195.0,292.5
2019-08-12,SR,-86,5494.0,10.0,0.0,172.0,258.0,0.0,172.0,258.0
2019-08-12,T,2,99.195,10000.0,0.0,6.0,9.0,0.0,6.0,9.0
2019-08-15,T,-19,99.39,10000.0,0.0,57.0,85.5,0.0,57.0,85.5
2019-08-15,T,-23,99.39,10000.0,0.0,69.0,103.5,0.0,69.0,103.5
2019-08-15,T,-1,99.39,10000.0,0.0,3.0,4.5,0.0,3.0,4.5
2019-08-15,T,-1,99.39,10000.0,0.0,3.0,4.5,0.0,3.0,4.5
2019-08-15,T,-2,99.39,10000.0,0.0,6.0,9.0,0.0,6.0,9.0
2019-08-15,T,-1,99.39,10000.0,0.0,3.0,4.5,0.0,3.0,4.5
2019-08-15,T,-2,99.39,10000.0,0.0,6.0,9.0,0.0,6.0,9.0
2019-08-15,T,-3,99.39,10000.0,0.0,9.0,13.5,0.0,9.0,13.5
2019-08-15,T,-44,99.39,10000.0,0.0,132.0,198.0,0.0,132.0,198.0
2019-08-15,T,-19,99.39,10000.0,0.0,57.0,85.5,0.0,57.0,85.5
2019-08-15,T,-2,99.39,10000.0,0.0,6.0,9.0,0.0,6.0,9.0
2019-08-15,T,132,99.185,10000.0,0.0,396.0,594.0,0.0,396.0,594.0
2019-08-19,CF,-19,12830.0,5.0,0.0,81.7,122.55000000000001,0.0,81.7,122.55000000000001
2019-08-19,FG,175,1429.0,20.0,0.0,350.0,525.0,0.0,350.0,525.0
2019-08-19,JD,1,4268.0,5.0,0.0,1.5,2.25,0.0,1.5,2.25
2019-08-19,MA,9,2080.0,10.0,0.0,9.0,13.5,0.0,9.0,13.5
2019-08-19,MA,174,2080.0,10.0,0.0,174.0,261.0,0.0,174.0,261.0
2019-08-19,MA,-191,2185.0,10.0,0.0,191.0,286.5,0.0,191.0,286.5
2019-08-19,P,6,4774.0,10.0,0.0,15.0,22.5,0.0,15.0,22.5
2019-08-19,RU,65,11415.0,10.0,0.0,195.0,292.5,0.0,195.0,292.5
2019-08-19,SC,-2,416.2,1000.0,0.0,40.0,60.0,0.0,40.0,60.0
2019-08-26,C,-481,1917.0,10.0,0.0,577.1999999999999,865.8,0.0,577.1999999999999,865.8
2019-08-26,CF,43,12620.0,5.0,0.0,184.9,277.35,0.0,184.9,277.35
2019-08-26,FG,37,1404.0,20.0,0.0,74.0,111.0,0.0,74.0,111.0
2019-08-26,MA,-159,2150.0,10.0,0.0,159.0,238.5,0.0,159.0,238.5
2019-08-26,SC,2,415.9,1000.0,0.0,40.0,60.0,0.0,40.0,60.0
2019-09-02,C,481,1875.0,10.0,0.0,577.1999999999999,865.8,0.0,577.1999999999999,865.8
2019-09-02,CF,-24,12490.0,5.0,0.0,103.19999999999999,154.79999999999998,0.0,103.19999999999999,154.79999999999998
2019-09-02,MA,166,2144.0,10.0,0.0,166.0,249.0,0.0,166.0,249.0
2019-09-02,P,-35,4798.0,10.0,0.0,87.5,131.25,0.0,87.5,131.25
2019-09-02,RB,-360,3340.0,10.0,1e-05,120.24000000000001,180.36,0.0001,1202.4,1803.6000000000001
2019-09-02,SC,-5,440.1,1000.0,0.0,100.0,150.0,0.0,100.0,150.0
2019-09-02,T,-7,98.94,10000.0,0.0,21.0,31.5,0.0,21.0,31.5
2019-09-05,SC,5,435.4,1000.0,0.0,100.0,150.0,0.0,100.0,150.0
2019-09-05,SC,-6,428.0,1000.0,0.0,120.0,180.0,0.0,120.0,180.0
2019-09-09,C,-527,1885.0,10.0,0.0,632.4,948.5999999999999,0.0,632.4,948.5999999999999
2019-09-09,CF,13,12970.0,5.0,0.0,55.9,83.85,0.0,55.9,83.85
2019-09-09,CF,17,12970.0,5.0,0.0,73.1,109.64999999999999,0.0,73.1,109.64999999999999
2019-09-09,FG,-191,1407.0,20.0,0.0,382.0,573.0,0.0,382.0,573.0
2019-09-09,JD,11,4384.0,5.0,0.0,16.5,24.75,0.0,16.5,24.75
2019-09-09,MA,-146,2206.0,10.0,0.0,146.0,219.0,0.0,146.0,219.0
2019-09-09,RB,360,3412.0,10.0,1e-05,122.83200000000001,184.24800000000002,0.0001,1228.3200000000002,1842.4800000000002
2019-09-09,RU,36,11940.0,10.0,0.0,108.0,162.0,0.0,108.0,162.0
2019-09-09,SC,6,432.4,1000.0,0.0,120.0,180.0,0.0,120.0,180.0
2019-09-09,T,4,99.12,10000.0,0.0,12.0,18.0,0.0,12.0,18.0
2019-09-16,C,-44,1870.0,10.0,0.0,52.8,79.19999999999999,0.0,52.8,79.19999999999999
2019-09-16,FG,-17,1460.0,20.0,0.0,34.0,51.0,0.0,34.0,51.0
2019-09-16,JD,195,4493.0,5.0,0.0,292.5,438.75,0.0,292.5,438.75
2019-09-16,P,-85,4816.0,10.0,0.0,212.5,318.75,0.0,212.5,318.75
2019-09-16,P,-6,4816.0,10.0,0.0,15.0,22.5,0.0,15.0,22.5
2019-09-16,RB,400,3562.0,10.0,1e-05,142.48000000000002,213.72000000000003,0.0001,1424.8000000000002,2137.2000000000003
2019-09-16,RU,-36,12040.0,10.0,0.0,108.0,162.0,0.0,108.0,162.0
2019-09-16,SC,7,477.7,1000.0,0.0,140.0,210.0,0.0,140.0,210.0
2019-09-16,T,-41,98.3,10000.0,0.0,123.0,184.5,0.0,123.0,184.5
2019-09-17,T,-9,98.745,10000.0,0.0,27.0,40.5,0.0,27.0,40.5
2019-09-18,T,-4,98.465,10000.0,0.0,12.0,18.0,0.0,12.0,18.0
2019-09-19,T,-1,98.295,10000.0,0.0,3.0,4.5,0.0,3.0,4.5
2019-09-20,T,-2,98.46,10000.0,0.0,6.0,9.0,0.0,6.0,9.0
2019-09-23,AP,-36,7726.0,10.0,0.0,180.0,270.0,0.0,180.0,270.0
2019-09-23,C,527,1852.0,10.0,0.0,632.4,948.5999999999999,0.0,632.4,948.5999999999999
2019-09-23,C,44,1852.0,10.0,0.0,52.8,79.19999999999999,0.0,52.8,79.19999999999999
2019-09-23,FG,-5,1434.0,20.0,0.0,10.0,15.0,0.0,10.0,15.0
2019-09-23,MA,25,2322.0,10.0,0.0,25.0,37.5,0.0,25.0,37.5
2019-09-23,MA,159,2322.0,10.0,0.0,159.0,238.5,0.0,159.0,238.5
2019-09-23,RB,-400,3387.0,10.0,1e-05,135.48,203.21999999999997,0.0001,1354.8,2032.1999999999998
2019-09-23,SC,-7,464.4,1000.0,0.0,140.0,210.0,0.0,140.0,210.0
2019-09-23,T,-68,98.535,10000.0,0.0,204.0,306.0,0.0,204.0,306.0
2019-09-23,T,-4,98.535,10000.0,0.0,12.0,18.0,0.0,12.0,18.0
2019-09-30,AL,-480,13920.0,5.0,0.0,1440.0,2160.0,0.0,1440.0,2160.0
2019-09-30,AP,36,7498.0,10.0,0.0,180.0,270.0,0.0,180.0,270.0
2019-09-30,C,-524,1828.0,10.0,0.0,628.8,943.1999999999999,0.0,628.8,943.1999999999999
2019-09-30,CF,12,12175.0,5.0,0.0,51.599999999999994,77.39999999999999,0.0,51.599999999999994,77.39999999999999
2019-09-30,FG,-27,1439.0,20.0,0.0,54.0,81.0,0.0,54.0,81.0
2019-09-30,FG,-43,1439.0,20.0,0.0,86.0,129.0,0.0,86.0,129.0
2019-09-30,JD,-57,4378.0,5.0,0.0,85.5,128.25,0.0,85.5,128.25
2019-09-30,MA,146,2332.0,10.0,0.0,146.0,219.0,0.0,146.0,219.0
2019-09-30,MA,107,2332.0,10.0,0.0,107.0,160.5,0.0,107.0,160.5
2019-10-08,AL,109,14000.0,5.0,0.0,327.0,490.5,0.0,327.0,490.5
2019-10-08,C,119,1825.0,10.0,0.0,142.79999999999998,214.2,0.0,142.79999999999998,214.2
2019-10-08,CF,18,12055.0,5.0,0.0,77.39999999999999,116.1,0.0,77.39999999999999,116.1
2019-10-08,CF,2,12055.0,5.0,0.0,8.6,12.899999999999999,0.0,8.6,12.899999999999999
2019-10-08,FG,-61,1455.0,20.0,0.0,122.0,183.0,0.0,122.0,183.0
2019-10-08,JD,-107,4398.0,5.0,0.0,160.5,240.75,0.0,160.5,240.75
2019-10-08,JD,-1,4398.0,5.0,0.0,1.5,2.25,0.0,1.5,2.25
2019-10-08,JD,-11,4398.0,5.0,0.0,16.5,24.75,0.0,16.5,24.75
2019-10-08,JD,-67,4398.0,5.0,0.0,100.5,150.75,0.0,100.5,150.75
2019-10-08,MA,-107,2388.0,10.0,0.0,107.0,160.5,0.0,107.0,160.5
2019-10-08,MA,-77,2388.0,10.0,0.0,77.0,115.5,0.0,77.0,115.5
2019-10-08,RB,239,3459.0,10.0,1e-05,82.6701,124.00515000000001,0.0001,826.701,1240.0515
2019-10-08,RU,49,11390.0,10.0,0.0,147.0,220.5,0.0,147.0,220.5
2019-10-08,SR,68,5502.0,10.0,0.0,136.0,204.0,0.0,136.0,204.0
2019-10-09,AL,371,13980.0,5.0,0.0,1113.0,1669.5,0.0,1113.0,1669.5
2019-10-09,AL,-499,13945.0,5.0,0.0,1497.0,2245.5,0.0,1497.0,2245.5
2019-10-09,C,97,1825.0,10.0,0.0,116.39999999999999,174.6,0.0,116.39999999999999,174.6
2019-10-09,CF,10,12180.0,5.0,0.0,43.0,64.5,0.0,43.0,64.5
2019-10-09,FG,-26,1451.0,20.0,0.0,52.0,78.0,0.0,52.0,78.0
2019-10-09,JD,-31,4455.0,5.0,0.0,46.5,69.75,0.0,46.5,69.75
2019-10-09,MA,19,2393.0,10.0,0.0,19.0,28.5,0.0,19.0,28.5
2019-10-09,RB,-58,3404.0,10.0,1e-05,19.7432,29.614800000000002,0.0001,197.43200000000002,296.148
2019-10-09,RU,-12,11410.0,10.0,0.0,36.0,54.0,0.0,36.0,54.0
2019-10-09,SR,-17,5555.0,10.0,0.0,34.0,51.0,0.0,34.0,51.0
2019-10-10,AL,1,13905.0,5.0,0.0,3.0,4.5,0.0,3.0,4.5
2019-10-10,C,1,1832.0,10.0,0.0,1.2,1.7999999999999998,0.0,1.2,1.7999999999999998
2019-10-10,CF,1,12365.0,5.0,0.0,4.3,6.449999999999999,0.0,4.3,6.449999999999999
2019-10-10,FG,-1,1445.0,20.0,0.0,2.0,3.0,0.0,2.0,3.0
2019-10-10,JD,-1,4408.0,5.0,0.0,1.5,2.25,0.0,1.5,2.25
2019-10-10,MA,1,2402.0,10.0,0.0,1.0,1.5,0.0,1.0,1.5
2019-10-10,RB,-1,3425.0,10.0,1e-05,0.3425,0.51375,0.0001,3.4250000000000003,5.1375
2019-10-10,RU,-1,11510.0,10.0,0.0,3.0,4.5,0.0,3.0,4.5
2019-10-10,SR,-1,5578.0,10.0,0.0,2.0,3.0,0.0,2.0,3.0
2019-10-14,AL,5,13755.0,5.0,0.0,15.0,22.5,0.0,15.0,22.5
2019-10-14,AP,-26,7567.0,10.0,0.0,130.0,195.0,0.0,130.0,195.0
2019-10-14,C,307,1850.0,10.0,0.0,368.4,552.5999999999999,0.0,368.4,552.5999999999999
2019-10-14,CF,-23,12390.0,5.0,0.0,98.89999999999999,148.35,0.0,98.89999999999999,148.35
2019-10-14,FG,67,1462.0,20.0,0.0,134.0,201.0,0.0,134.0,201.0
2019-10-14,JD,37,4496.0,5.0,0.0,55.5,83.25,0.0,55.5,83.25
2019-10-14,MA,57,2327.0,10.0,0.0,57.0,85.5,0.0,57.0,85.5
2019-10-14,RB,147,3408.0,10.0,1e-05,50.09760000000001,75.14640000000001,0.0001,500.97600000000006,751.464
2019-10-14,RU,-36,11590.0,10.0,0.0,108.0,162.0,0.0,108.0,162.0
2019-10-14,SR,36,5534.0,10.0,0.0,72.0,108.0,0.0,72.0,108.0
2019-10-16,AL,1,13765.0,5.0,0.0,3.0,4.5,0.0,3.0,4.5
2019-10-16,AP,1,7701.0,10.0,0.0,5.0,7.5,0.0,5.0,7.5
2019-10-16,CF,1,12600.0,5.0,0.0,4.3,6.449999999999999,0.0,4.3,6.449999999999999
2019-10-16,FG,-1,1457.0,20.0,0.0,2.0,3.0,0.0,2.0,3.0
2019-10-16,JD,-1,4505.0,5.0,0.0,1.5,2.25,0.0,1.5,2.25
2019-10-16,RB,-1,3342.0,10.0,1e-05,0.33420000000000005,0.5013000000000001,0.0001,3.342,5.013
2019-10-16,SR,-1,5544.0,10.0,0.0,2.0,3.0,0.0,2.0,3.0
2019-10-17,AL,5,13830.0,5.0,0.0,15.0,22.5,0.0,15.0,22.5
2019-10-17,AP,1,7712.0,10.0,0.0,5.0,7.5,0.0,5.0,7.5
2019-10-17,CF,1,12615.0,5.0,0.0,4.3,6.449999999999999,0.0,4.3,6.449999999999999
2019-10-17,FG,-2,1452.0,20.0,0.0,4.0,6.0,0.0,4.0,6.0
2019-10-17,JD,-2,4468.0,5.0,0.0,3.0,4.5,0.0,3.0,4.5
2019-10-17,RB,-4,3290.0,10.0,1e-05,1.316,1.9740000000000002,0.0001,13.16,19.740000000000002
2019-10-17,SR,-1,5494.0,10.0,0.0,2.0,3.0,0.0,2.0,3.0
2019-10-18,AL,5,13850.0,5.0,0.0,15.0,22.5,0.0,15.0,22.5
2019-10-18,AP,1,7651.0,10.0,0.0,5.0,7.5,0.0,5.0,7.5
2019-10-18,CF,1,12695.0,5.0,0.0,4.3,6.449999999999999,0.0,4.3,6.449999999999999
2019-10-18,FG,-2,1433.0,20.0,0.0,4.0,6.0,0.0,4.0,6.0
2019-10-18,JD,-2,4498.0,5.0,0.0,3.0,4.5,0.0,3.0,4.5
2019-10-18,RB,-3,3324.0,10.0,1e-05,0.9972000000000001,1.4958,0.0001,9.972000000000001,14.958000000000002
2019-10-18,SR,-1,5520.0,10.0,0.0,2.0,3.0,0.0,2.0,3.0
2019-10-21,AL,-36,13875.0,5.0,0.0,108.0,162.0,0.0,108.0,162.0
2019-10-21,AP,-8,7705.0,10.0,0.0,40.0,60.0,0.0,40.0,60.0
2019-10-21,CF,-3,12670.0,5.0,0.0,12.899999999999999,19.349999999999998,0.0,12.899999999999999,19.349999999999998
2019-10-21,FG,90,1498.0,20.0,0.0,180.0,270.0,0.0,180.0,270.0
2019-10-21,JD,29,4602.0,5.0,0.0,43.5,65.25,0.0,43.5,65.25
2019-10-21,M,170,2987.0,10.0,0.0,255.0,382.5,0.0,255.0,382.5
2019-10-21,MA,-110,2205.0,10.0,0.0,110.0,165.0,0.0,110.0,165.0
2019-10-21,RB,-172,3313.0,10.0,1e-05,56.98360000000001,85.47540000000001,0.0001,569.836,854.754
2019-10-21,RB,-147,3313.0,10.0,1e-05,48.701100000000004,73.05165000000001,0.0001,487.011,730.5165000000001
2019-10-21,SR,-47,5533.0,10.0,0.0,94.0,141.0,0.0,94.0,141.0
2019-10-21,SR,-36,5533.0,10.0,0.0,72.0,108.0,0.0,72.0,108.0
2019-10-28,AL,-18,13805.0,5.0,0.0,54.0,81.0,0.0,54.0,81.0
2019-10-28,AP,23,7910.0,10.0,0.0,115.0,172.5,0.0,115.0,172.5
2019-10-28,AP,8,7910.0,10.0,0.0,40.0,60.0,0.0,40.0,60.0
2019-10-28,CF,-70,12780.0,5.0,0.0,301.0,451.5,0.0,301.0,451.5
2019-10-28,FG,19,1505.0,20.0,0.0,38.0,57.0,0.0,38.0,57.0
2019-10-28,JD,-25,4836.0,5.0,0.0,37.5,56.25,0.0,37.5,56.25
2019-10-28,M,-26,3043.0,10.0,0.0,39.0,58.5,0.0,39.0,58.5
2019-10-28,MA,-4,2078.0,10.0,0.0,4.0,6.0,0.0,4.0,6.0
2019-10-31,AL,8,13845.0,5.0,0.0,24.0,36.0,0.0,24.0,36.0
2019-10-31,CF,2,13045.0,5.0,0.0,8.6,12.899999999999999,0.0,8.6,12.899999999999999
2019-10-31,FG,-4,1480.0,20.0,0.0,8.0,12.0,0.0,8.0,12.0
2019-10-31,JD,-2,4818.0,5.0,0.0,3.0,4.5,0.0,3.0,4.5
2019-10-31,M,-2,2986.0,10.0,0.0,3.0,4.5,0.0,3.0,4.5
2019-10-31,MA,2,2107.0,10.0,0.0,2.0,3.0,0.0,2.0,3.0
2019-11-01,AL,4,13840.0,5.0,0.0,12.0,18.0,0.0,12.0,18.0
2019-11-01,CF,1,13135.0,5.0,0.0,4.3,6.449999999999999,0.0,4.3,6.449999999999999
2019-11-01,FG,-2,1484.0,20.0,0.0,4.0,6.0,0.0,4.0,6.0
2019-11-01,JD,-1,4740.0,5.0,0.0,1.5,2.25,0.0,1.5,2.25
2019-11-01,M,-2,2957.0,10.0,0.0,3.0,4.5,0.0,3.0,4.5
2019-11-01,MA,1,2099.0,10.0,0.0,1.0,1.5,0.0,1.0,1.5
2019-11-04,AL,36,13880.0,5.0,0.0,108.0,162.0,0.0,108.0,162.0
2019-11-04,C,-377,1881.0,10.0,0.0,452.4,678.5999999999999,0.0,452.4,678.5999999999999
2019-11-04,CF,24,13100.0,5.0,0.0,103.19999999999999,154.79999999999998,0.0,103.19999999999999,154.79999999999998
2019-11-04,CF,23,13100.0,5.0,0.0,98.89999999999999,148.35,0.0,98.89999999999999,148.35
2019-11-04,CF,3,13100.0,5.0,0.0,12.899999999999999,19.349999999999998,0.0,12.899999999999999,19.349999999999998
2019-11-04,CF,6,13100.0,5.0,0.0,25.799999999999997,38.699999999999996,0.0,25.799999999999997,38.699999999999996
2019-11-04,FG,3,1498.0,20.0,0.0,6.0,9.0,0.0,6.0,9.0
2019-11-04,JD,-24,4878.0,5.0,0.0,36.0,54.0,0.0,36.0,54.0
2019-11-04,M,-140,2966.0,10.0,0.0,210.0,315.0,0.0,210.0,315.0
2019-11-04,M,138,2872.0,10.0,0.0,207.0,310.5,0.0,207.0,310.5
2019-11-04,MA,-5,2079.0,10.0,0.0,5.0,7.5,0.0,5.0,7.5
2019-11-05,AL,7,13940.0,5.0,0.0,21.0,31.5,0.0,21.0,31.5
2019-11-05,C,6,1878.0,10.0,0.0,7.199999999999999,10.799999999999999,0.0,7.199999999999999,10.799999999999999
2019-11-05,CF,1,12990.0,5.0,0.0,4.3,6.449999999999999,0.0,4.3,6.449999999999999
2019-11-05,FG,-4,1485.0,20.0,0.0,8.0,12.0,0.0,8.0,12.0
2019-11-05,JD,-2,4778.0,5.0,0.0,3.0,4.5,0.0,3.0,4.5
2019-11-05,M,-2,2873.0,10.0,0.0,3.0,4.5,0.0,3.0,4.5
2019-11-05,MA,2,2094.0,10.0,0.0,2.0,3.0,0.0,2.0,3.0
2019-11-06,AL,4,13985.0,5.0,0.0,12.0,18.0,0.0,12.0,18.0
2019-11-06,C,3,1875.0,10.0,0.0,3.5999999999999996,5.3999999999999995,0.0,3.5999999999999996,5.3999999999999995
2019-11-06,CF,1,13125.0,5.0,0.0,4.3,6.449999999999999,0.0,4.3,6.449999999999999
2019-11-06,FG,-2,1491.0,20.0,0.0,4.0,6.0,0.0,4.0,6.0
2019-11-06,JD,-1,4763.0,5.0,0.0,1.5,2.25,0.0,1.5,2.25
2019-11-06,M,-1,2853.0,10.0,0.0,1.5,2.25,0.0,1.5,2.25
2019-11-06,MA,1,2129.0,10.0,0.0,1.0,1.5,0.0,1.0,1.5
2019-11-11,AL,-1,14055.0,5.0,0.0,3.0,4.5,0.0,3.0,4.5
2019-11-11,C,368,1866.0,10.0,0.0,441.59999999999997,662.4,0.0,441.59999999999997,662.4
2019-11-11,CF,9,12950.0,5.0,0.0,38.699999999999996,58.05,0.0,38.699999999999996,58.05
2019-11-11,FG,-27,1498.0,20.0,0.0,54.0,81.0,0.0,54.0,81.0
2019-11-11,FG,-37,1498.0,20.0,0.0,74.0,111.0,0.0,74.0,111.0
2019-11-11,FG,-13,1498.0,20.0,0.0,26.0,39.0,0.0,26.0,39.0
2019-11-11,JD,3,4687.0,5.0,0.0,4.5,6.75,0.0,4.5,6.75
2019-11-11,M,-135,2834.0,10.0,0.0,202.5,303.75,0.0,202.5,303.75
2019-11-11,MA,-115,2004.0,10.0,0.0,115.0,172.5,0.0,115.0,172.5
2019-11-11,P,117,5392.0,10.0,0.0,292.5,438.75,0.0,292.5,438.75
2019-11-11,RU,25,11980.0,10.0,0.0,75.0,112.5,0.0,75.0,112.5
2019-11-14,AL,423,13790.0,5.0,0.0,1269.0,1903.5,0.0,1269.0,1903.5
2019-11-14,AL,36,13790.0,5.0,0.0,108.0,162.0,0.0,108.0,162.0
2019-11-14,AL,18,13790.0,5.0,0.0,54.0,81.0,0.0,54.0,81.0
2019-11-14,AL,1,13790.0,5.0,0.0,3.0,4.5,0.0,3.0,4.5
2019-11-14,AL,-598,13730.0,5.0,0.0,1794.0,2691.0,0.0,1794.0,2691.0
2019-11-14,CF,9,13025.0,5.0,0.0,38.699999999999996,58.05,0.0,38.699999999999996,58.05
2019-11-14,FG,-29,1477.0,20.0,0.0,58.0,87.0,0.0,58.0,87.0
2019-11-14,JD,-18,4508.0,5.0,0.0,27.0,40.5,0.0,27.0,40.5
2019-11-14,MA,39,1956.0,10.0,0.0,39.0,58.5,0.0,39.0,58.5
2019-11-14,P,-20,5440.0,10.0,0.0,50.0,75.0,0.0,50.0,75.0
2019-11-14,RU,-5,11990.0,10.0,0.0,15.0,22.5,0.0,15.0,22.5
2019-11-18,AL,598,13680.0,5.0,0.0,1794.0,2691.0,0.0,1794.0,2691.0
2019-11-18,AP,47,8142.0,10.0,0.0,235.0,352.5,0.0,235.0,352.5
2019-11-18,CF,-33,13015.0,5.0,0.0,141.9,212.85000000000002,0.0,141.9,212.85000000000002
2019-11-18,FG,52,1492.0,20.0,0.0,104.0,156.0,0.0,104.0,156.0
2019-11-18,JD,-18,4309.0,5.0,0.0,27.0,40.5,0.0,27.0,40.5
2019-11-18,JD,-37,4309.0,5.0,0.0,55.5,83.25,0.0,55.5,83.25
2019-11-18,JD,-29,4309.0,5.0,0.0,43.5,65.25,0.0,43.5,65.25
2019-11-18,JD,-3,4309.0,5.0,0.0,4.5,6.75,0.0,4.5,6.75
2019-11-18,M,-193,2763.0,10.0,0.0,289.5,434.25,0.0,289.5,434.25
2019-11-18,MA,-146,1950.0,10.0,0.0,146.0,219.0,0.0,146.0,219.0
2019-11-18,P,-97,5364.0,10.0,0.0,242.5,363.75,0.0,242.5,363.75
2019-11-18,RB,511,3549.0,10.0,1e-05,181.35390000000004,272.03085000000004,0.0001,1813.5390000000002,2720.3085
2019-11-18,RU,13,11925.0,10.0,0.0,39.0,58.5,0.0,39.0,58.5
2019-11-18,SR,95,5596.0,10.0,0.0,190.0,285.0,0.0,190.0,285.0
2019-11-25,AP,-47,8208.0,10.0,0.0,235.0,352.5,0.0,235.0,352.5
2019-11-25,M,-21,2739.0,10.0,0.0,31.5,47.25,0.0,31.5,47.25
2019-11-25,MA,-2,1945.0,10.0,0.0,2.0,3.0,0.0,2.0,3.0
2019-11-25,P,62,5678.0,10.0,0.0,155.0,232.5,0.0,155.0,232.5
2019-11-25,SR,2,5582.0,10.0,0.0,4.0,6.0,0.0,4.0,6.0
2019-11-27,CF,44,12880.0,5.0,0.0,189.2,283.79999999999995,0.0,189.2,283.79999999999995
2019-11-27,CF,33,12880.0,5.0,0.0,141.9,212.85000000000002,0.0,141.9,212.85000000000002
2019-11-27,CF,-76,13340.0,5.0,0.0,326.8,490.20000000000005,0.0,326.8,490.20000000000005
2019-11-28,P,-62,5472.0,10.0,0.0,155.0,232.5,0.0,155.0,232.5
2019-11-28,P,50,5716.0,10.0,0.0,125.0,187.5,0.0,125.0,187.5
2019-11-28,RU,-20,12515.0,10.0,0.0,60.0,90.0,0.0,60.0,90.0
2019-11-28,RU,-13,12515.0,10.0,0.0,39.0,58.5,0.0,39.0,58.5
2019-11-28,RU,29,12685.0,10.0,0.0,87.0,130.5,0.0,87.0,130.5
2019-12-02,AL,382,13890.0,5.0,0.0,1146.0,1719.0,0.0,1146.0,1719.0
2019-12-02,CF,22,13280.0,5.0,0.0,94.6,141.89999999999998,0.0,94.6,141.89999999999998
2019-12-02,FG,-25,1468.0,20.0,0.0,50.0,75.0,0.0,50.0,75.0
2019-12-02,FG,-27,1468.0,20.0,0.0,54.0,81.0,0.0,54.0,81.0
2019-12-02,M,58,2776.0,10.0,0.0,87.0,130.5,0.0,87.0,130.5
2019-12-02,MA,65,1953.0,10.0,0.0,65.0,97.5,0.0,65.0,97.5
2019-12-02,MA,4,1953.0,10.0,0.0,4.0,6.0,0.0,4.0,6.0
2019-12-02,MA,5,1953.0,10.0,0.0,5.0,7.5,0.0,5.0,7.5
2019-12-02,MA,28,1953.0,10.0,0.0,28.0,42.0,0.0,28.0,42.0
2019-12-02,P,-15,5742.0,10.0,0.0,37.5,56.25,0.0,37.5,56.25
2019-12-02,RB,-179,3600.0,10.0,1e-05,64.44000000000001,96.66000000000003,0.0001,644.4,966.5999999999999
2019-12-02,RU,-8,12560.0,10.0,0.0,24.0,36.0,0.0,24.0,36.0
2019-12-02,SR,-26,5561.0,10.0,0.0,52.0,78.0,0.0,52.0,78.0
2019-12-02,T,57,97.875,10000.0,0.0,171.0,256.5,0.0,171.0,256.5
2019-12-03,AL,-1,13950.0,5.0,0.0,3.0,4.5,0.0,3.0,4.5
2019-12-03,CF,1,13100.0,5.0,0.0,4.3,6.449999999999999,0.0,4.3,6.449999999999999
2019-12-03,FG,-1,1464.0,20.0,0.0,2.0,3.0,0.0,2.0,3.0
2019-12-03,M,1,2745.0,10.0,0.0,1.5,2.25,0.0,1.5,2.25
2019-12-03,MA,1,1931.0,10.0,0.0,1.0,1.5,0.0,1.0,1.5
2019-12-03,P,-1,5714.0,10.0,0.0,2.5,3.75,0.0,2.5,3.75
2019-12-03,RB,-1,3630.0,10.0,1e-05,0.36300000000000004,0.5445000000000001,0.0001,3.6300000000000003,5.445
2019-12-03,RU,-1,12640.0,10.0,0.0,3.0,4.5,0.0,3.0,4.5
2019-12-03,SR,-1,5545.0,10.0,0.0,2.0,3.0,0.0,2.0,3.0
2019-12-04,AL,-6,13950.0,5.0,0.0,18.0,27.0,0.0,18.0,27.0
2019-12-04,CF,1,12955.0,5.0,0.0,4.3,6.449999999999999,0.0,4.3,6.449999999999999
2019-12-04,FG,-2,1466.0,20.0,0.0,4.0,6.0,0.0,4.0,6.0
2019-12-04,M,3,2767.0,10.0,0.0,4.5,6.75,0.0,4.5,6.75
2019-12-04,MA,4,1981.0,10.0,0.0,4.0,6.0,0.0,4.0,6.0
2019-12-04,P,-1,5724.0,10.0,0.0,2.5,3.75,0.0,2.5,3.75
2019-12-04,RB,-5,3585.0,10.0,1e-05,1.7925000000000002,2.68875,0.0001,17.925,26.887500000000003
2019-12-04,RU,-1,12715.0,10.0,0.0,3.0,4.5,0.0,3.0,4.5
2019-12-04,SR,-68,5563.0,10.0,0.0,136.0,204.0,0.0,136.0,204.0
2019-12-04,SR,-2,5563.0,10.0,0.0,4.0,6.0,0.0,4.0,6.0
2019-12-04,SR,103,5431.0,10.0,0.0,206.0,309.0,0.0,206.0,309.0
2019-12-06,AL,-22,13895.0,5.0,0.0,66.0,99.0,0.0,66.0,99.0
2019-12-06,CF,4,13060.0,5.0,0.0,17.2,25.799999999999997,0.0,17.2,25.799999999999997
2019-12-06,FG,-8,1458.0,20.0,0.0,16.0,24.0,0.0,16.0,24.0
2019-12-06,M,9,2756.0,10.0,0.0,13.5,20.25,0.0,13.5,20.25
2019-12-06,MA,14,2028.0,10.0,0.0,14.0,21.0,0.0,14.0,21.0
2019-12-06,P,-2,5798.0,10.0,0.0,5.0,7.5,0.0,5.0,7.5
2019-12-06,RB,-326,3578.0,10.0,1e-05,116.64280000000001,174.9642,0.0001,1166.428,1749.6420000000003
2019-12-06,RB,440,3401.0,10.0,1e-05,149.644,224.466,0.0001,1496.44,2244.66
2019-12-06,RU,-2,13200.0,10.0,0.0,6.0,9.0,0.0,6.0,9.0
2019-12-06,SR,-6,5430.0,10.0,0.0,12.0,18.0,0.0,12.0,18.0
2019-12-09,AL,50,13835.0,5.0,0.0,150.0,225.0,0.0,150.0,225.0
2019-12-09,CF,3,13235.0,5.0,0.0,12.899999999999999,19.349999999999998,0.0,12.899999999999999,19.349999999999998
2019-12-09,FG,-1,1460.0,20.0,0.0,2.0,3.0,0.0,2.0,3.0
2019-12-09,JD,-95,4118.0,5.0,0.0,142.5,213.75,0.0,142.5,213.75
2019-12-09,M,122,2755.0,10.0,0.0,183.0,274.5,0.0,183.0,274.5
2019-12-09,M,21,2755.0,10.0,0.0,31.5,47.25,0.0,31.5,47.25
2019-12-09,MA,68,1997.0,10.0,0.0,68.0,102.0,0.0,68.0,102.0
2019-12-09,MA,146,1997.0,10.0,0.0,146.0,219.0,0.0,146.0,219.0
2019-12-09,MA,2,1997.0,10.0,0.0,2.0,3.0,0.0,2.0,3.0
2019-12-09,P,35,5852.0,10.0,0.0,87.5,131.25,0.0,87.5,131.25
2019-12-09,RB,-100,3440.0,10.0,1e-05,34.400000000000006,51.60000000000001,0.0001,344.0,516.0
2019-12-09,RU,-17,13290.0,10.0,0.0,51.0,76.5,0.0,51.0,76.5
2019-12-09,SC,3,457.2,1000.0,0.0,60.0,90.0,0.0,60.0,90.0
2019-12-09,SP,-204,4398.0,10.0,2e-06,17.943839999999998,26.91576,1.9999999999999998e-05,179.4384,269.1576
2019-12-09,SR,-97,5403.0,10.0,0.0,194.0,291.0,0.0,194.0,291.0
2019-12-11,FG,-51,1467.0,20.0,0.0,102.0,153.0,0.0,102.0,153.0
2019-12-11,FG,-19,1467.0,20.0,0.0,38.0,57.0,0.0,38.0,57.0
2019-12-11,FG,-3,1467.0,20.0,0.0,6.0,9.0,0.0,6.0,9.0
2019-12-11,FG,-52,1467.0,20.0,0.0,104.0,156.0,0.0,104.0,156.0
2019-12-11,FG,185,1464.0,20.0,0.0,370.0,555.0,0.0,370.0,555.0
2019-12-12,AL,-353,13980.0,5.0,0.0,1059.0,1588.5,0.0,1059.0,1588.5
2019-12-12,AL,-50,13980.0,5.0,0.0,150.0,225.0,0.0,150.0,225.0
2019-12-12,AL,497,13935.0,5.0,0.0,1491.0,2236.5,0.0,1491.0,2236.5
2019-12-12,CF,7,13190.0,5.0,0.0,30.099999999999998,45.15,0.0,30.099999999999998,45.15
2019-12-12,FG,-27,1458.0,20.0,0.0,54.0,81.0,0.0,54.0,81.0
2019-12-12,JD,14,3873.0,5.0,0.0,21.0,31.5,0.0,21.0,31.5
2019-12-12,P,-10,5822.0,10.0,0.0,25.0,37.5,0.0,25.0,37.5
2019-12-12,RB,-49,3533.0,10.0,1e-05,17.311700000000002,25.967550000000003,0.0001,173.11700000000002,259.67550000000006
2019-12-12,SC,-1,465.8,1000.0,0.0,20.0,30.0,0.0,20.0,30.0
2019-12-12,SP,30,4438.0,10.0,2e-06,2.6628,3.9941999999999998,1.9999999999999998e-05,26.628,39.942
2019-12-13,AL,-42,13890.0,5.0,0.0,126.0,189.0,0.0,126.0,189.0
2019-12-13,CF,4,13335.0,5.0,0.0,17.2,25.799999999999997,0.0,17.2,25.799999999999997
2019-12-13,FG,-14,1455.0,20.0,0.0,28.0,42.0,0.0,28.0,42.0
2019-12-13,JD,7,3854.0,5.0,0.0,10.5,15.75,0.0,10.5,15.75
2019-12-13,P,-5,5878.0,10.0,0.0,12.5,18.75,0.0,12.5,18.75
2019-12-13,RB,-25,3529.0,10.0,1e-05,8.822500000000002,13.233750000000002,0.0001,88.22500000000001,132.3375
2019-12-13,SC,-1,466.9,1000.0,0.0,20.0,30.0,0.0,20.0,30.0
2019-12-13,SP,174,4452.0,10.0,2e-06,15.492959999999998,23.23944,1.9999999999999998e-05,154.9296,232.3944
2019-12-13,SP,-280,4558.0,10.0,2e-06,25.5248,38.2872,1.9999999999999998e-05,255.248,382.87199999999996
2019-12-16,AL,-455,13940.0,5.0,0.0,1365.0,2047.5,0.0,1365.0,2047.5
2019-12-16,CF,-48,13370.0,5.0,0.0,206.39999999999998,309.59999999999997,0.0,206.39999999999998,309.59999999999997
2019-12-16,FG,76,1465.0,20.0,0.0,152.0,228.0,0.0,152.0,228.0
2019-12-16,JD,74,3794.0,5.0,0.0,111.0,166.5,0.0,111.0,166.5
2019-12-16,M,-254,2740.0,10.0,0.0,381.0,571.5,0.0,381.0,571.5
2019-12-16,MA,-162,2113.0,10.0,0.0,162.0,243.0,0.0,162.0,243.0
2019-12-16,P,7,5880.0,10.0,0.0,17.5,26.25,0.0,17.5,26.25
2019-12-16,RB,242,3526.0,10.0,1e-05,85.3292,127.9938,0.0001,853.292,1279.938
2019-12-16,RU,35,13155.0,10.0,0.0,105.0,157.5,0.0,105.0,157.5
2019-12-16,SC,-1,467.6,1000.0,0.0,20.0,30.0,0.0,20.0,30.0
2019-12-16,SP,67,4562.0,10.0,2e-06,6.11308,9.16962,1.9999999999999998e-05,61.130799999999994,91.69619999999999
2019-12-16,SR,124,5474.0,10.0,0.0,248.0,372.0,0.0,248.0,372.0
2019-12-16,T,4,97.81,10000.0,0.0,12.0,18.0,0.0,12.0,18.0
2019-12-17,T,-1,97.71,10000.0,0.0,3.0,4.5,0.0,3.0,4.5
2019-12-18,CF,2,13375.0,5.0,0.0,8.6,12.899999999999999,0.0,8.6,12.899999999999999
2019-12-18,FG,-3,1453.0,20.0,0.0,6.0,9.0,0.0,6.0,9.0
2019-12-18,M,4,2756.0,10.0,0.0,6.0,9.0,0.0,6.0,9.0
2019-12-18,MA,3,2160.0,10.0,0.0,3.0,4.5,0.0,3.0,4.5
2019-12-18,P,-1,5964.0,10.0,0.0,2.5,3.75,0.0,2.5,3.75
2019-12-18,RB,-7,3488.0,10.0,1e-05,2.4416,3.6624000000000003,0.0001,24.416,36.624
2019-12-18,RU,-1,13255.0,10.0,0.0,3.0,4.5,0.0,3.0,4.5
2019-12-18,SP,3,4562.0,10.0,2e-06,0.27372,0.41058000000000006,1.9999999999999998e-05,2.7371999999999996,4.1057999999999995
2019-12-18,SR,-2,5407.0,10.0,0.0,4.0,6.0,0.0,4.0,6.0
2019-12-18,T,-2,97.475,10000.0,0.0,6.0,9.0,0.0,6.0,9.0
2019-12-23,AL,377,14205.0,5.0,0.0,1131.0,1696.5,0.0,1131.0,1696.5
2019-12-23,AP,30,8104.0,10.0,0.0,150.0,225.0,0.0,150.0,225.0
2019-12-23,CF,25,13410.0,5.0,0.0,107.5,161.25,0.0,107.5,161.25
2019-12-23,FG,-70,1467.0,20.0,0.0,140.0,210.0,0.0,140.0,210.0
2019-12-23,JD,-92,3731.0,5.0,0.0,138.0,207.0,0.0,138.0,207.0
2019-12-23,M,250,2737.0,10.0,0.0,375.0,562.5,0.0,375.0,562.5
2019-12-23,MA,51,2150.0,10.0,0.0,51.0,76.5,0.0,51.0,76.5
2019-12-23,P,-15,6046.0,10.0,0.0,37.5,56.25,0.0,37.5,56.25
2019-12-23,P,-4,6046.0,10.0,0.0,10.0,15.0,0.0,10.0,15.0
2019-12-23,RB,-160,3509.0,10.0,1e-05,56.144000000000005,84.21600000000001,0.0001,561.44,842.1600000000001
2019-12-23,RU,-13,12790.0,10.0,0.0,39.0,58.5,0.0,39.0,58.5
2019-12-23,SP,79,4552.0,10.0,2e-06,7.192159999999999,10.788239999999998,1.9999999999999998e-05,71.92159999999998,107.88239999999998
2019-12-23,SR,-122,5450.0,10.0,0.0,244.0,366.0,0.0,244.0,366.0
2019-12-23,T,1,97.865,10000.0,0.0,3.0,4.5,0.0,3.0,4.5
2019-12-30,AL,-29,14075.0,5.0,0.0,87.0,130.5,0.0,87.0,130.5
2019-12-30,AP,-30,7868.0,10.0,0.0,150.0,225.0,0.0,150.0,225.0
2019-12-30,C,-378,1909.0,10.0,0.0,453.59999999999997,680.4,0.0,453.59999999999997,680.4
2019-12-30,JD,92,3562.0,5.0,0.0,138.0,207.0,0.0,138.0,207.0
2019-12-30,MA,-1,2198.0,10.0,0.0,1.0,1.5,0.0,1.0,1.5
2019-12-30,P,34,6330.0,10.0,0.0,85.0,127.5,0.0,85.0,127.5
2019-12-30,RB,-15,3540.0,10.0,1e-05,5.3100000000000005,7.965000000000001,0.0001,53.1,79.65
2019-12-30,RU,-21,12820.0,10.0,0.0,63.0,94.5,0.0,63.0,94.5
2019-12-30,SC,3,489.1,1000.0,0.0,60.0,90.0,0.0,60.0,90.0
2019-12-30,SP,11,4620.0,10.0,2e-06,1.0164,1.5246,1.9999999999999998e-05,10.164,15.245999999999999
2019-12-30,T,-54,98.095,10000.0,0.0,162.0,243.0,0.0,162.0,243.0
2019-12-30,T,-4,98.095,10000.0,0.0,12.0,18.0,0.0,12.0,18.0
2019-12-30,T,-1,98.095,10000.0,0.0,3.0,4.5,0.0,3.0,4.5
2019-12-31,AL,-14,14100.0,5.0,0.0,42.0,63.0,0.0,42.0,63.0
2019-12-31,C,15,1917.0,10.0,0.0,18.0,27.0,0.0,18.0,27.0
2019-12-31,CF,3,14045.0,5.0,0.0,12.899999999999999,19.349999999999998,0.0,12.899999999999999,19.349999999999998
2019-12-31,FG,-6,1482.0,20.0,0.0,12.0,18.0,0.0,12.0,18.0
2019-12-31,MA,5,2229.0,10.0,0.0,5.0,7.5,0.0,5.0,7.5
2019-12-31,P,-3,6346.0,10.0,0.0,7.5,11.25,0.0,7.5,11.25
2019-12-31,RB,-13,3544.0,10.0,1e-05,4.607200000000001,6.910800000000001,0.0001,46.072,69.108
2019-12-31,SC,-3,490.7,1000.0,0.0,60.0,90.0,0.0,60.0,90.0
2019-12-31,SC,5,489.7,1000.0,0.0,100.0,150.0,0.0,100.0,150.0
2019-12-31,SP,5,4630.0,10.0,2e-06,0.463,0.6945,1.9999999999999998e-05,4.63,6.945
2020-01-06,AL,51,14090.0,5.0,0.0,153.0,229.5,0.0,153.0,229.5
2020-01-06,C,363,1920.0,10.0,0.0,435.59999999999997,653.4,0.0,435.59999999999997,653.4
2020-01-06,CF,2,13960.0,5.0,0.0,8.6,12.899999999999999,0.0,8.6,12.899999999999999
2020-01-06,FG,7,1510.0,20.0,0.0,21.0,31.5,0.0,21.0,31.5
2020-01-06,JD,-116,3531.0,5.0,0.0,174.0,261.0,0.0,174.0,261.0
2020-01-06,MA,-2,2251.0,10.0,0.0,4.0,6.0,0.0,4.0,6.0
2020-01-06,P,9,6350.0,10.0,0.0,22.5,33.75,0.0,22.5,33.75
2020-01-06,RB,15,3541.0,10.0,1e-05,5.3115000000000006,7.967250000000001,0.0001,53.11500000000001,79.67250000000001
2020-01-06,SC,-2,502.9,1000.0,0.0,40.0,60.0,0.0,40.0,60.0
2020-01-06,SP,-12,4598.0,10.0,2e-06,1.10352,1.65528,1.9999999999999998e-05,11.0352,16.552799999999998
2020-01-06,T,59,98.06,10000.0,0.0,177.0,265.5,0.0,177.0,265.5
2020-01-10,AL,-334,14065.0,5.0,0.0,1002.0,1503.0,0.0,1002.0,1503.0
2020-01-10,AL,-51,14065.0,5.0,0.0,153.0,229.5,0.0,153.0,229.5
2020-01-10,AL,502,14005.0,5.0,0.0,1506.0,2259.0,0.0,1506.0,2259.0
2020-01-10,CF,2,14295.0,5.0,0.0,8.6,12.899999999999999,0.0,8.6,12.899999999999999
2020-01-10,CF,8,14295.0,5.0,0.0,34.4,51.599999999999994,0.0,34.4,51.599999999999994
2020-01-10,FG,-28,1501.0,20.0,0.0,84.0,126.0,0.0,84.0,126.0
2020-01-10,JD,22,3402.0,5.0,0.0,33.0,49.5,0.0,33.0,49.5
2020-01-10,MA,20,2247.0,10.0,0.0,40.0,60.0,0.0,40.0,60.0
2020-01-10,P,-15,6390.0,10.0,0.0,37.5,56.25,0.0,37.5,56.25
2020-01-10,RB,-62,3558.0,10.0,1e-05,22.0596,33.0894,0.0001,220.596,330.894
2020-01-10,SC,-1,481.7,1000.0,0.0,20.0,30.0,0.0,20.0,30.0
2020-01-10,SP,24,4676.0,10.0,2e-06,2.24448,3.36672,1.9999999999999998e-05,22.444799999999997,33.667199999999994
2020-01-13,AL,-79,14105.0,5.0,0.0,237.0,355.5,0.0,237.0,355.5
2020-01-13,CF,40,14310.0,5.0,0.0,172.0,258.0,0.0,172.0,258.0
2020-01-13,FG,56,1504.0,20.0,0.0,168.0,252.0,0.0,168.0,252.0
2020-01-13,JD,-44,3403.0,5.0,0.0,66.0,99.0,0.0,66.0,99.0
2020-01-13,MA,83,2257.0,10.0,0.0,166.0,249.0,0.0,166.0,249.0
2020-01-13,MA,1,2257.0,10.0,0.0,2.0,3.0,0.0,2.0,3.0
2020-01-13,MA,2,2257.0,10.0,0.0,4.0,6.0,0.0,4.0,6.0
2020-01-13,P,-13,6462.0,10.0,0.0,32.5,48.75,0.0,32.5,48.75
2020-01-13,P,-7,6462.0,10.0,0.0,17.5,26.25,0.0,17.5,26.25
2020-01-13,P,-34,6462.0,10.0,0.0,85.0,127.5,0.0,85.0,127.5
2020-01-13,P,-9,6462.0,10.0,0.0,22.5,33.75,0.0,22.5,33.75
2020-01-13,RB,121,3566.0,10.0,1e-05,43.1486,64.72290000000001,0.0001,431.48600000000005,647.229
2020-01-13,RU,-24,13070.0,10.0,0.0,72.0,108.0,0.0,72.0,108.0
2020-01-13,SC,-1,480.0,1000.0,0.0,20.0,30.0,0.0,20.0,30.0
2020-01-13,SP,-30,4644.0,10.0,2e-06,2.7863999999999995,4.179599999999999,1.9999999999999998e-05,27.863999999999997,41.79599999999999
2020-01-13,SR,71,5798.0,10.0,0.0,213.0,319.5,0.0,213.0,319.5
2020-01-13,T,3,98.555,10000.0,0.0,9.0,13.5,0.0,9.0,13.5
2020-01-14,AL,-2,13945.0,5.0,0.0,6.0,9.0,0.0,6.0,9.0
2020-01-14,FG,-1,1491.0,20.0,0.0,3.0,4.5,0.0,3.0,4.5
2020-01-14,JD,1,3442.0,5.0,0.0,1.5,2.25,0.0,1.5,2.25
2020-01-14,RB,-2,3527.0,10.0,1e-05,0.7054,1.0581,0.0001,7.054,10.581
2020-01-14,RU,1,13380.0,10.0,0.0,3.0,4.5,0.0,3.0,4.5
2020-01-14,SC,-1,475.6,1000.0,0.0,20.0,30.0,0.0,20.0,30.0
2020-01-14,SP,1,4688.0,10.0,2e-06,0.09376,0.14064,1.9999999999999998e-05,0.9375999999999999,1.4063999999999999
2020-01-14,SR,-1,5856.0,10.0,0.0,3.0,4.5,0.0,3.0,4.5
2020-01-15,T,-3,98.505,10000.0,0.0,9.0,13.5,0.0,9.0,13.5
2020-01-20,AL,-108,14295.0,5.0,0.0,324.0,486.0,0.0,324.0,486.0
2020-01-20,CF,-49,14095.0,5.0,0.0,210.7,316.04999999999995,0.0,210.7,316.04999999999995
2020-01-20,FG,154,1508.0,20.0,0.0,462.0,693.0,0.0,462.0,693.0
2020-01-20,JD,7,3524.0,5.0,0.0,10.5,15.75,0.0,10.5,15.75
2020-01-20,P,42,6084.0,10.0,0.0,105.0,157.5,0.0,105.0,157.5
2020-01-20,RB,-7,3598.0,10.0,1e-05,2.5186,3.7779000000000003,0.0001,25.186000000000003,37.779
2020-01-20,RB,-4,3598.0,10.0,1e-05,1.4392,2.1588000000000003,0.0001,14.392000000000001,21.588
2020-01-20,RU,2,13110.0,10.0,0.0,6.0,9.0,0.0,6.0,9.0
2020-01-20,SP,-4,4676.0,10.0,2e-06,0.37407999999999997,0.56112,1.9999999999999998e-05,3.7407999999999997,5.611199999999999
2020-01-20,SR,3,5854.0,10.0,0.0,9.0,13.5,0.0,9.0,13.5
2020-01-20,T,3,98.69,10000.0,0.0,9.0,13.5,0.0,9.0,13.5
2020-02-03,AL,34,13605.0,5.0,0.0,102.0,153.0,0.0,102.0,153.0
2020-02-03,AP,-44,6893.0,10.0,0.0,220.0,330.0,0.0,220.0,330.0
2020-02-03,CF,-9,12560.0,5.0,0.0,38.699999999999996,58.05,0.0,38.699999999999996,58.05
2020-02-03,FG,-36,1383.0,20.0,0.0,108.0,162.0,0.0,108.0,162.0
2020-02-03,FG,-49,1383.0,20.0,0.0,147.0,220.5,0.0,147.0,220.5
2020-02-03,JD,86,3205.0,5.0,0.0,129.0,193.5,0.0,129.0,193.5
2020-02-03,JD,44,3205.0,5.0,0.0,66.0,99.0,0.0,66.0,99.0
2020-02-03,P,-42,5672.0,10.0,0.0,105.0,157.5,0.0,105.0,157.5
2020-02-03,RB,106,3234.0,10.0,1e-05,34.2804,51.4206,0.0001,342.804,514.2059999999999
2020-02-03,RU,21,11155.0,10.0,0.0,63.0,94.5,0.0,63.0,94.5
2020-02-03,SP,90,4416.0,10.0,2e-06,7.948799999999999,11.9232,1.9999999999999998e-05,79.48799999999999,119.23199999999997
2020-02-03,SP,12,4416.0,10.0,2e-06,1.05984,1.5897599999999998,1.9999999999999998e-05,10.598399999999998,15.897599999999997
2020-02-03,SP,30,4416.0,10.0,2e-06,2.6496,3.9744,1.9999999999999998e-05,26.495999999999995,39.74399999999999
2020-02-03,SP,4,4416.0,10.0,2e-06,0.35328,0.52992,1.9999999999999998e-05,3.5327999999999995,5.299199999999999
2020-02-03,SP,116,4416.0,10.0,2e-06,10.24512,15.36768,1.9999999999999998e-05,102.45119999999999,153.6768
2020-02-03,SR,87,5490.0,10.0,0.0,261.0,391.5,0.0,261.0,391.5
2020-02-04,AL,-3,13565.0,5.0,0.0,9.0,13.5,0.0,9.0,13.5
2020-02-04,AP,1,6852.0,10.0,0.0,5.0,7.5,0.0,5.0,7.5
2020-02-04,CF,1,12140.0,5.0,0.0,4.3,6.449999999999999,0.0,4.3,6.449999999999999
2020-02-04,FG,-2,1380.0,20.0,0.0,6.0,9.0,0.0,6.0,9.0
2020-02-04,RB,-4,3208.0,10.0,1e-05,1.2832000000000001,1.9248000000000003,0.0001,12.832,19.248
2020-02-04,SP,-1,4386.0,10.0,2e-06,0.08771999999999999,0.13157999999999997,1.9999999999999998e-05,0.8771999999999999,1.3157999999999999
2020-02-04,SR,-2,5508.0,10.0,0.0,6.0,9.0,0.0,6.0,9.0
2020-02-04,T,-4,100.96,10000.0,0.0,12.0,18.0,0.0,12.0,18.0
2020-02-10,AL,-310,13685.0,5.0,0.0,930.0,1395.0,0.0,930.0,1395.0
2020-02-10,AL,-34,13685.0,5.0,0.0,102.0,153.0,0.0,102.0,153.0
2020-02-10,AP,8,7003.0,10.0,0.0,40.0,60.0,0.0,40.0,60.0
2020-02-10,CF,15,13045.0,5.0,0.0,64.5,96.75,0.0,64.5,96.75
2020-02-10,FG,-25,1410.0,20.0,0.0,75.0,112.5,0.0,75.0,112.5
2020-02-10,FG,-7,1410.0,20.0,0.0,21.0,31.5,0.0,21.0,31.5
2020-02-10,FG,-56,1410.0,20.0,0.0,168.0,252.0,0.0,168.0,252.0
2020-02-10,FG,-40,1410.0,20.0,0.0,120.0,180.0,0.0,120.0,180.0
2020-02-10,MA,85,2120.0,10.0,0.0,170.0,255.0,0.0,170.0,255.0
2020-02-10,RB,-153,3307.0,10.0,1e-05,50.597100000000005,75.89565,0.0001,505.971,758.9565
2020-02-10,RU,-18,11260.0,10.0,0.0,54.0,81.0,0.0,54.0,81.0
2020-02-10,SP,-115,4460.0,10.0,2e-06,10.258000000000001,15.387,1.9999999999999998e-05,102.57999999999998,153.86999999999998
2020-02-10,SP,-85,4460.0,10.0,2e-06,7.582,11.373,1.9999999999999998e-05,75.82,113.72999999999999
2020-02-10,SR,-14,5775.0,10.0,0.0,42.0,63.0,0.0,42.0,63.0
2020-02-17,AP,-2,6848.0,10.0,0.0,10.0,15.0,0.0,10.0,15.0
2020-02-17,CF,-2,13070.0,5.0,0.0,8.6,12.899999999999999,0.0,8.6,12.899999999999999
2020-02-17,MA,-85,2099.0,10.0,0.0,170.0,255.0,0.0,170.0,255.0
2020-02-17,RB,-81,3392.0,10.0,1e-05,27.4752,41.2128,0.0001,274.752,412.12800000000004
2020-02-17,RB,-15,3392.0,10.0,1e-05,5.088,7.632,0.0001,50.88,76.32000000000001
2020-02-17,RB,-121,3392.0,10.0,1e-05,41.0432,61.5648,0.0001,410.432,615.648
2020-02-17,RB,-106,3392.0,10.0,1e-05,35.9552,53.9328,0.0001,359.552,539.328
2020-02-17,RU,18,11510.0,10.0,0.0,54.0,81.0,0.0,54.0,81.0
2020-02-17,SC,-9,410.3,1000.0,0.0,180.0,270.0,0.0,180.0,270.0
2020-02-17,SP,-17,4484.0,10.0,2e-06,1.52456,2.2868399999999998,1.9999999999999998e-05,15.2456,22.8684
2020-02-18,T,-52,100.475,10000.0,0.0,156.0,234.0,0.0,156.0,234.0
2020-02-18,T,-3,100.475,10000.0,0.0,9.0,13.5,0.0,9.0,13.5
2020-02-18,T,-3,100.475,10000.0,0.0,9.0,13.5,0.0,9.0,13.5
2020-02-18,T,62,99.89,10000.0,0.0,186.0,279.0,0.0,186.0,279.0
2020-02-24,AP,35,7282.0,10.0,0.0,175.0,262.5,0.0,175.0,262.5
2020-02-24,AP,2,7282.0,10.0,0.0,10.0,15.0,0.0,10.0,15.0
2020-02-24,FG,10,1428.0,20.0,0.0,30.0,45.0,0.0,30.0,45.0
2020-02-24,P,-89,5496.0,10.0,0.0,222.5,333.75,0.0,222.5,333.75
2020-02-24,SC,5,405.2,1000.0,0.0,100.0,150.0,0.0,100.0,150.0
2020-02-24,SP,-6,4596.0,10.0,2e-06,0.55152,0.82728,1.9999999999999998e-05,5.515199999999999,8.272799999999998
2020-02-24,SR,-54,5781.0,10.0,0.0,162.0,243.0,0.0,162.0,243.0
2020-02-24,SR,-3,5781.0,10.0,0.0,9.0,13.5,0.0,9.0,13.5
2020-02-24,SR,-3,5781.0,10.0,0.0,9.0,13.5,0.0,9.0,13.5
2020-02-24,UR,124,1803.0,20.0,0.0,620.0,930.0,0.0,620.0,930.0
2020-02-28,SC,4,359.1,1000.0,0.0,80.0,120.0,0.0,80.0,120.0
2020-02-28,SC,-3,364.7,1000.0,0.0,60.0,90.0,0.0,60.0,90.0
2020-03-02,AL,-351,13295.0,5.0,0.0,1053.0,1579.5,0.0,1053.0,1579.5
2020-03-02,FG,20,1393.0,20.0,0.0,60.0,90.0,0.0,60.0,90.0
2020-03-02,JD,144,3304.0,5.0,0.0,216.0,324.0,0.0,216.0,324.0
2020-03-02,P,31,4956.0,10.0,0.0,77.5,116.25,0.0,77.5,116.25
2020-03-02,RU,-19,10565.0,10.0,0.0,57.0,85.5,0.0,57.0,85.5
2020-03-02,SC,3,355.4,1000.0,0.0,60.0,90.0,0.0,60.0,90.0
2020-03-02,SP,-17,4458.0,10.0,2e-06,1.5157199999999997,2.2735799999999995,1.9999999999999998e-05,15.1572,22.735799999999998
2020-03-02,T,8,101.21,10000.0,0.0,24.0,36.0,0.0,24.0,36.0
2020-03-02,UR,7,1764.0,20.0,0.0,35.0,52.5,0.0,35.0,52.5
2020-03-06,AL,351,13210.0,5.0,0.0,1053.0,1579.5,0.0,1053.0,1579.5
2020-03-06,AL,-399,13185.0,5.0,0.0,1197.0,1795.5,0.0,1197.0,1795.5
2020-03-09,C,531,1932.0,10.0,0.0,637.1999999999999,955.8,0.0,637.1999999999999,955.8
2020-03-09,FG,10,1364.0,20.0,0.0,30.0,45.0,0.0,30.0,45.0
2020-03-09,JD,-144,3348.0,5.0,0.0,432.0,648.0,0.0,432.0,648.0
2020-03-09,P,1,4868.0,10.0,0.0,2.5,3.75,0.0,2.5,3.75
2020-03-09,RU,19,10275.0,10.0,0.0,57.0,85.5,0.0,57.0,85.5
2020-03-09,SC,-2,337.9,1000.0,0.0,40.0,60.0,0.0,40.0,60.0
2020-03-09,SP,-10,4502.0,10.0,2e-06,0.9004,1.3506,1.9999999999999998e-05,9.003999999999998,13.505999999999997
2020-03-09,SR,1,5626.0,10.0,0.0,3.0,4.5,0.0,3.0,4.5
2020-03-09,UR,1,1782.0,20.0,0.0,5.0,7.5,0.0,5.0,7.5
2020-03-12,C,-531,1954.0,10.0,0.0,637.1999999999999,955.8,0.0,637.1999999999999,955.8
2020-03-12,C,490,2021.0,10.0,0.0,588.0,882.0,0.0,588.0,882.0
2020-03-16,AL,9,12950.0,5.0,0.0,27.0,40.5,0.0,27.0,40.5
2020-03-16,C,-490,2004.0,10.0,0.0,588.0,882.0,0.0,588.0,882.0
2020-03-16,M,149,2742.0,10.0,0.0,223.5,335.25,0.0,223.5,335.25
2020-03-16,MA,-114,1838.0,10.0,0.0,228.0,342.0,0.0,228.0,342.0
2020-03-16,P,8,4606.0,10.0,0.0,20.0,30.0,0.0,20.0,30.0
2020-03-16,RB,385,3561.0,10.0,1e-05,137.0985,205.64775,0.0001,1370.9850000000001,2056.4775
2020-03-16,SP,85,4530.0,10.0,2e-06,7.701,11.551499999999999,1.9999999999999998e-05,77.00999999999999,115.51499999999999
2020-03-16,SP,17,4530.0,10.0,2e-06,1.5402,2.3103,1.9999999999999998e-05,15.402,23.102999999999998
2020-03-16,SP,6,4530.0,10.0,2e-06,0.5436,0.8153999999999999,1.9999999999999998e-05,5.436,8.154
2020-03-16,SP,17,4530.0,10.0,2e-06,1.5402,2.3103,1.9999999999999998e-05,15.402,23.102999999999998
2020-03-16,SP,10,4530.0,10.0,2e-06,0.906,1.359,1.9999999999999998e-05,9.059999999999999,13.589999999999998
2020-03-16,SR,-3,5516.0,10.0,0.0,6.0,9.0,0.0,6.0,9.0
2020-03-16,T,-4,101.275,10000.0,0.0,12.0,18.0,0.0,12.0,18.0
2020-03-16,UR,-14,1718.0,20.0,0.0,70.0,105.0,0.0,70.0,105.0
2020-03-17,SR,-81,5438.0,10.0,0.0,162.0,243.0,0.0,162.0,243.0
2020-03-17,SR,-1,5438.0,10.0,0.0,2.0,3.0,0.0,2.0,3.0
2020-03-17,SR,76,5393.0,10.0,0.0,228.0,342.0,0.0,228.0,342.0
2020-03-19,SC,2,220.5,1000.0,0.0,40.0,60.0,0.0,40.0,60.0
2020-03-19,SC,-2,224.7,1000.0,0.0,40.0,60.0,0.0,40.0,60.0
2020-03-23,AL,123,11705.0,5.0,0.0,369.0,553.5,0.0,369.0,553.5
2020-03-23,C,479,2007.0,10.0,0.0,574.8,862.1999999999999,0.0,574.8,862.1999999999999
2020-03-23,FG,12,1321.0,20.0,0.0,36.0,54.0,0.0,36.0,54.0
2020-03-23,M,-149,2864.0,10.0,0.0,223.5,335.25,0.0,223.5,335.25
2020-03-23,MA,-9,1701.0,10.0,0.0,18.0,27.0,0.0,18.0,27.0
2020-03-23,RB,-385,3433.0,10.0,1e-05,132.17050000000003,198.25575000000003,0.0001,1321.7050000000002,1982.5575000000003
2020-03-23,RB,470,3312.0,10.0,1e-05,155.66400000000002,233.49600000000004,0.0001,1556.64,2334.96
2020-03-23,SP,126,4480.0,10.0,2e-06,11.2896,16.9344,1.9999999999999998e-05,112.89599999999999,169.344
2020-03-23,SR,5,5442.0,10.0,0.0,15.0,22.5,0.0,15.0,22.5
2020-03-23,T,-2,101.075,10000.0,0.0,6.0,9.0,0.0,6.0,9.0
2020-03-23,UR,-110,1633.0,20.0,0.0,550.0,825.0,0.0,550.0,825.0
2020-03-23,UR,-7,1633.0,20.0,0.0,35.0,52.5,0.0,35.0,52.5
2020-03-23,UR,-1,1633.0,20.0,0.0,5.0,7.5,0.0,5.0,7.5
2020-03-30,AL,42,11725.0,5.0,0.0,126.0,189.0,0.0,126.0,189.0
2020-03-30,CF,-35,10445.0,5.0,0.0,150.5,225.75,0.0,150.5,225.75
2020-03-30,M,121,2957.0,10.0,0.0,181.5,272.25,0.0,181.5,272.25
2020-03-30,MA,-12,1596.0,10.0,0.0,24.0,36.0,0.0,24.0,36.0
2020-03-30,P,49,4902.0,10.0,0.0,122.5,183.75,0.0,122.5,183.75
2020-03-30,RB,-470,3305.0,10.0,1e-05,155.335,233.0025,0.0001,1553.3500000000001,2330.025
2020-03-30,SC,-5,249.8,1000.0,0.0,100.0,150.0,0.0,100.0,150.0
2020-03-30,SP,-126,4566.0,10.0,2e-06,11.50632,17.25948,1.9999999999999998e-05,115.06319999999998,172.59479999999996
2020-03-30,SR,-76,5448.0,10.0,0.0,228.0,342.0,0.0,228.0,342.0
2020-03-30,SR,-5,5448.0,10.0,0.0,15.0,22.5,0.0,15.0,22.5
2020-04-01,FG,-114,1278.0,20.0,0.0,228.0,342.0,0.0,228.0,342.0
2020-04-01,FG,-10,1278.0,20.0,0.0,20.0,30.0,0.0,20.0,30.0
2020-04-01,FG,-20,1278.0,20.0,0.0,40.0,60.0,0.0,40.0,60.0
2020-04-01,FG,-10,1278.0,20.0,0.0,20.0,30.0,0.0,20.0,30.0
2020-04-01,FG,-12,1278.0,20.0,0.0,24.0,36.0,0.0,24.0,36.0
2020-04-01,FG,189,1300.0,20.0,0.0,567.0,850.5,0.0,567.0,850.5
2020-04-02,AL,225,11410.0,5.0,0.0,675.0,1012.5,0.0,675.0,1012.5
2020-04-02,AL,-225,11420.0,5.0,0.0,675.0,1012.5,0.0,675.0,1012.5
2020-04-02,CF,33,10175.0,5.0,0.0,141.9,212.85000000000002,0.0,141.9,212.85000000000002
2020-04-02,CF,9,10175.0,5.0,0.0,38.699999999999996,58.05,0.0,38.699999999999996,58.05
2020-04-02,CF,2,10175.0,5.0,0.0,8.6,12.899999999999999,0.0,8.6,12.899999999999999
2020-04-02,CF,35,10175.0,5.0,0.0,150.5,225.75,0.0,150.5,225.75
2020-04-02,CF,-97,10485.0,5.0,0.0,417.09999999999997,625.65,0.0,417.09999999999997,625.65
2020-04-07,C,-479,2037.0,10.0,0.0,574.8,862.1999999999999,0.0,574.8,862.1999999999999
2020-04-07,FG,-37,1228.0,20.0,0.0,111.0,166.5,0.0,111.0,166.5
2020-04-07,MA,-95,1658.0,10.0,0.0,190.0,285.0,0.0,190.0,285.0
2020-04-07,RB,387,3219.0,10.0,1e-05,124.57530000000001,186.86295,0.0001,1245.7530000000002,1868.6295000000002
2020-04-07,SC,2,298.2,1000.0,0.0,40.0,60.0,0.0,40.0,60.0
2020-04-07,SC,5,298.2,1000.0,0.0,100.0,150.0,0.0,100.0,150.0
2020-04-07,SP,131,4610.0,10.0,2e-06,12.078199999999999,18.1173,1.9999999999999998e-05,120.782,181.173
2020-04-07,SR,83,5312.0,10.0,0.0,249.0,373.5,0.0,249.0,373.5
2020-04-13,C,531,2046.0,10.0,0.0,637.1999999999999,955.8,0.0,637.1999999999999,955.8
2020-04-13,M,11,2838.0,10.0,0.0,16.5,24.75,0.0,16.5,24.75
2020-04-13,MA,-111,1820.0,10.0,0.0,111.0,166.5,0.0,111.0,166.5
2020-04-13,RB,-387,3377.0,10.0,1e-05,130.6899,196.03485,0.0001,1306.8990000000001,1960.3485
2020-04-13,SP,-131,4624.0,10.0,2e-06,12.11488,18.17232,1.9999999999999998e-05,121.1488,181.7232
2020-04-13,SR,-83,5341.0,10.0,0.0,249.0,373.5,0.0,249.0,373.5
2020-04-14,MA,114,1765.0,10.0,0.0,114.0,171.0,0.0,114.0,171.0
2020-04-14,MA,9,1765.0,10.0,0.0,9.0,13.5,0.0,9.0,13.5
2020-04-14,MA,12,1765.0,10.0,0.0,12.0,18.0,0.0,12.0,18.0
2020-04-14,MA,95,1765.0,10.0,0.0,95.0,142.5,0.0,95.0,142.5
2020-04-14,MA,111,1765.0,10.0,0.0,111.0,166.5,0.0,111.0,166.5
2020-04-14,MA,-393,1843.0,10.0,0.0,786.0,1179.0,0.0,786.0,1179.0
2020-04-20,C,47,2070.0,10.0,0.0,56.4,84.6,0.0,56.4,84.6
2020-04-20,CF,-6,11290.0,5.0,0.0,25.799999999999997,38.699999999999996,0.0,25.799999999999997,38.699999999999996
2020-04-20,FG,-152,1258.0,20.0,0.0,456.0,684.0,0.0,456.0,684.0
2020-04-20,M,-121,2758.0,10.0,0.0,181.5,272.25,0.0,181.5,272.25
2020-04-20,M,-11,2758.0,10.0,0.0,16.5,24.75,0.0,16.5,24.75
2020-04-20,MA,246,1728.0,10.0,0.0,492.0,738.0,0.0,492.0,738.0
2020-04-20,SC,2,242.2,1000.0,0.0,40.0,60.0,0.0,40.0,60.0
2020-04-20,SR,112,5292.0,10.0,0.0,336.0,504.0,0.0,336.0,504.0
2020-04-20,T,5,102.335,10000.0,0.0,15.0,22.5,0.0,15.0,22.5
2020-04-27,AL,225,12425.0,5.0,0.0,675.0,1012.5,0.0,675.0,1012.5
2020-04-27,C,110,2092.0,10.0,0.0,132.0,198.0,0.0,132.0,198.0
2020-04-27,CF,45,11420.0,5.0,0.0,193.5,290.25,0.0,193.5,290.25
2020-04-27,M,176,2752.0,10.0,0.0,264.0,396.0,0.0,264.0,396.0
2020-04-27,MA,147,1689.0,10.0,0.0,294.0,441.0,0.0,294.0,441.0
2020-04-27,SC,-2,224.7,1000.0,0.0,40.0,60.0,0.0,40.0,60.0
2020-04-27,SC,3,240.8,1000.0,0.0,60.0,90.0,0.0,60.0,90.0
2020-04-27,SP,-163,4510.0,10.0,2e-06,14.7026,22.0539,1.9999999999999998e-05,147.02599999999998,220.539
2020-04-27,SR,-112,5034.0,10.0,0.0,336.0,504.0,0.0,336.0,504.0
2020-04-27,SR,-118,5034.0,10.0,0.0,354.0,531.0,0.0,354.0,531.0
2020-04-27,T,3,103.03,10000.0,0.0,9.0,13.5,0.0,9.0,13.5
2020-05-06,M,2,2742.0,10.0,0.0,3.0,4.5,0.0,3.0,4.5
2020-05-06,RU,27,10035.0,10.0,0.0,81.0,121.5,0.0,81.0,121.5
2020-05-06,SC,-3,287.1,1000.0,0.0,60.0,90.0,0.0,60.0,90.0
2020-05-06,SP,-6,4496.0,10.0,2e-06,0.53952,0.80928,1.9999999999999998e-05,5.395199999999999,8.092799999999999
2020-05-06,SR,19,5091.0,10.0,0.0,57.0,85.5,0.0,57.0,85.5
2020-05-11,C,-45,2058.0,10.0,0.0,54.0,81.0,0.0,54.0,81.0
2020-05-11,FG,134,1314.0,20.0,0.0,402.0,603.0,0.0,402.0,603.0
2020-05-11,M,7,2757.0,10.0,0.0,10.5,15.75,0.0,10.5,15.75
2020-05-11,RB,564,3461.0,10.0,1e-05,195.2004,292.80060000000003,0.0001,1952.0040000000001,2928.0060000000003
2020-05-11,SP,-171,4480.0,10.0,2e-06,15.3216,22.9824,1.9999999999999998e-05,153.21599999999998,229.82399999999996
2020-05-18,AP,32,9222.0,10.0,0.0,160.0,240.0,0.0,160.0,240.0
2020-05-18,C,-486,2025.0,10.0,0.0,583.1999999999999,874.8,0.0,583.1999999999999,874.8
2020-05-18,C,-47,2025.0,10.0,0.0,56.4,84.6,0.0,56.4,84.6
2020-05-18,C,-110,2025.0,10.0,0.0,132.0,198.0,0.0,132.0,198.0
2020-05-18,CF,-3,11655.0,5.0,0.0,12.899999999999999,19.349999999999998,0.0,12.899999999999999,19.349999999999998
2020-05-18,FG,159,1350.0,20.0,0.0,477.0,715.5,0.0,477.0,715.5
2020-05-18,JD,-181,2806.0,5.0,0.0,271.5,407.25,0.0,271.5,407.25
2020-05-18,M,29,2703.0,10.0,0.0,43.5,65.25,0.0,43.5,65.25
2020-05-18,MA,-150,1759.0,10.0,0.0,300.0,450.0,0.0,300.0,450.0
2020-05-18,RB,104,3470.0,10.0,1e-05,36.088,54.132000000000005,0.0001,360.88,541.3199999999999
2020-05-18,RU,-27,10285.0,10.0,0.0,81.0,121.5,0.0,81.0,121.5
2020-05-18,SP,107,4418.0,10.0,2e-06,9.454519999999999,14.181779999999998,1.9999999999999998e-05,94.5452,141.81779999999998
2020-05-18,SR,99,4929.0,10.0,0.0,297.0,445.5,0.0,297.0,445.5
2020-05-18,T,-56,101.68,10000.0,0.0,168.0,252.0,0.0,168.0,252.0
2020-05-18,T,-8,101.68,10000.0,0.0,24.0,36.0,0.0,24.0,36.0
2020-05-18,T,-5,101.68,10000.0,0.0,15.0,22.5,0.0,15.0,22.5
2020-05-18,T,-3,101.68,10000.0,0.0,9.0,13.5,0.0,9.0,13.5
2020-05-25,AP,4,9001.0,10.0,0.0,20.0,30.0,0.0,20.0,30.0
2020-05-25,CF,-9,11565.0,5.0,0.0,38.699999999999996,58.05,0.0,38.699999999999996,58.05
2020-05-25,FG,34,1369.0,20.0,0.0,102.0,153.0,0.0,102.0,153.0
2020-05-25,JD,-39,2783.0,5.0,0.0,58.5,87.75,0.0,58.5,87.75
2020-05-25,M,23,2760.0,10.0,0.0,34.5,51.75,0.0,34.5,51.75
2020-05-25,MA,-10,1683.0,10.0,0.0,20.0,30.0,0.0,20.0,30.0
2020-06-01,AP,9,8770.0,10.0,0.0,45.0,67.5,0.0,45.0,67.5
2020-06-01,CF,-19,11450.0,5.0,0.0,81.7,122.55000000000001,0.0,81.7,122.55000000000001
2020-06-01,JD,181,2680.0,5.0,0.0,271.5,407.25,0.0,271.5,407.25
2020-06-01,JD,39,2680.0,5.0,0.0,58.5,87.75,0.0,58.5,87.75
2020-06-01,JD,-278,3246.0,5.0,0.0,417.0,625.5,0.0,417.0,625.5
2020-06-01,M,28,2801.0,10.0,0.0,42.0,63.0,0.0,42.0,63.0
2020-06-01,MA,-34,1685.0,10.0,0.0,68.0,102.0,0.0,68.0,102.0
2020-06-01,RB,52,3581.0,10.0,1e-05,18.6212,27.931800000000003,0.0001,186.212,279.318
2020-06-01,T,78,101.155,10000.0,0.0,234.0,351.0,0.0,234.0,351.0
2020-06-08,AP,-32,8599.0,10.0,0.0,160.0,240.0,0.0,160.0,240.0
2020-06-08,AP,-4,8599.0,10.0,0.0,20.0,30.0,0.0,20.0,30.0
2020-06-08,AP,-9,8599.0,10.0,0.0,45.0,67.5,0.0,45.0,67.5
2020-06-08,CF,52,12030.0,5.0,0.0,223.6,335.4,0.0,223.6,335.4
2020-06-08,CF,6,12030.0,5.0,0.0,25.799999999999997,38.699999999999996,0.0,25.799999999999997,38.699999999999996
2020-06-08,CF,3,12030.0,5.0,0.0,12.899999999999999,19.349999999999998,0.0,12.899999999999999,19.349999999999998
2020-06-08,CF,9,12030.0,5.0,0.0,38.699999999999996,58.05,0.0,38.699999999999996,58.05
2020-06-08,CF,19,12030.0,5.0,0.0,81.7,122.55000000000001,0.0,81.7,122.55000000000001
2020-06-08,FG,6,1442.0,20.0,0.0,18.0,27.0,0.0,18.0,27.0
2020-06-08,JD,-214,3100.0,5.0,0.0,321.0,481.5,0.0,321.0,481.5
2020-06-08,M,-176,2843.0,10.0,0.0,264.0,396.0,0.0,264.0,396.0
2020-06-08,M,-2,2843.0,10.0,0.0,3.0,4.5,0.0,3.0,4.5
2020-06-08,M,-7,2843.0,10.0,0.0,10.5,15.75,0.0,10.5,15.75
2020-06-08,M,-29,2843.0,10.0,0.0,43.5,65.25,0.0,43.5,65.25
2020-06-08,M,-23,2843.0,10.0,0.0,34.5,51.75,0.0,34.5,51.75
2020-06-08,M,-28,2843.0,10.0,0.0,42.0,63.0,0.0,42.0,63.0
2020-06-08,MA,-4,1772.0,10.0,0.0,8.0,12.0,0.0,8.0,12.0
2020-06-08,P,90,4934.0,10.0,0.0,225.0,337.5,0.0,225.0,337.5
2020-06-08,SR,97,5122.0,10.0,0.0,291.0,436.5,0.0,291.0,436.5
2020-06-08,T,-78,99.83,10000.0,0.0,234.0,351.0,0.0,234.0,351.0
2020-06-15,FG,61,1455.0,20.0,0.0,183.0,274.5,0.0,183.0,274.5
2020-06-15,JD,-19,2870.0,5.0,0.0,28.5,42.75,0.0,28.5,42.75
2020-06-15,MA,-43,1719.0,10.0,0.0,86.0,129.0,0.0,86.0,129.0
2020-06-15,P,9,4954.0,10.0,0.0,22.5,33.75,0.0,22.5,33.75
2020-06-15,RB,90,3631.0,10.0,1e-05,32.679,49.0185,0.0001,326.79,490.18500000000006
2020-06-15,SP,-19,4396.0,10.0,2e-06,1.67048,2.50572,1.9999999999999998e-05,16.7048,25.057199999999998
2020-06-15,SR,16,5082.0,10.0,0.0,48.0,72.0,0.0,48.0,72.0
2020-06-17,JD,278,2844.0,5.0,0.0,417.0,625.5,0.0,417.0,625.5
2020-06-17,JD,214,2844.0,5.0,0.0,321.0,481.5,0.0,321.0,481.5
2020-06-17,JD,19,2844.0,5.0,0.0,28.5,42.75,0.0,28.5,42.75
2020-06-17,JD,-583,3736.0,5.0,0.0,874.5,1311.75,0.0,874.5,1311.75
2020-06-22,AL,341,13805.0,5.0,0.0,1023.0,1534.5,0.0,1023.0,1534.5
2020-06-22,FG,-6,1453.0,20.0,0.0,18.0,27.0,0.0,18.0,27.0
2020-06-22,JD,199,3900.0,5.0,0.0,298.5,447.75,0.0,298.5,447.75
2020-06-22,MA,23,1752.0,10.0,0.0,46.0,69.0,0.0,46.0,69.0
2020-06-22,P,32,5190.0,10.0,0.0,80.0,120.0,0.0,80.0,120.0
2020-06-22,RB,-85,3644.0,10.0,1e-05,30.974000000000004,46.461000000000006,0.0001,309.74,464.61
2020-06-22,SP,56,4424.0,10.0,2e-06,4.954879999999999,7.432319999999999,1.9999999999999998e-05,49.54879999999999,74.32319999999999
2020-06-22,SP,6,4424.0,10.0,2e-06,0.5308799999999999,0.7963199999999999,1.9999999999999998e-05,5.3088,7.9632
2020-06-22,SP,171,4424.0,10.0,2e-06,15.130079999999998,22.695119999999996,1.9999999999999998e-05,151.30079999999998,226.95119999999997
2020-06-22,SP,19,4424.0,10.0,2e-06,1.6811199999999997,2.5216799999999995,1.9999999999999998e-05,16.8112,25.2168
2020-06-22,SR,-97,5092.0,10.0,0.0,291.0,436.5,0.0,291.0,436.5
2020-06-22,SR,-16,5092.0,10.0,0.0,48.0,72.0,0.0,48.0,72.0
2020-06-22,UR,-204,1523.0,20.0,0.0,1020.0,1530.0,0.0,1020.0,1530.0
2020-06-23,AL,-2,13860.0,5.0,0.0,6.0,9.0,0.0,6.0,9.0
2020-06-23,FG,-2,1449.0,20.0,0.0,6.0,9.0,0.0,6.0,9.0
2020-06-23,JD,2,3872.0,5.0,0.0,3.0,4.5,0.0,3.0,4.5
2020-06-23,MA,1,1742.0,10.0,0.0,2.0,3.0,0.0,2.0,3.0
2020-06-23,P,-1,5144.0,10.0,0.0,2.5,3.75,0.0,2.5,3.75
2020-06-23,RB,-3,3614.0,10.0,1e-05,1.0842,1.6263,0.0001,10.842,16.263
2020-06-23,UR,1,1520.0,20.0,0.0,5.0,7.5,0.0,5.0,7.5
2020-06-24,AL,-339,13825.0,5.0,0.0,1017.0,1525.5,0.0,1017.0,1525.5
2020-06-24,AL,372,13665.0,5.0,0.0,1116.0,1674.0,0.0,1116.0,1674.0
2020-06-24,FG,-15,1456.0,20.0,0.0,45.0,67.5,0.0,45.0,67.5
2020-06-24,JD,15,3905.0,5.0,0.0,22.5,33.75,0.0,22.5,33.75
2020-06-24,MA,8,1777.0,10.0,0.0,16.0,24.0,0.0,16.0,24.0
2020-06-24,P,-5,5140.0,10.0,0.0,12.5,18.75,0.0,12.5,18.75
2020-06-24,RB,-27,3617.0,10.0,1e-05,9.7659,14.64885,0.0001,97.659,146.48850000000002
2020-06-24,UR,8,1513.0,20.0,0.0,40.0,60.0,0.0,40.0,60.0
2020-06-29,AL,-5,13620.0,5.0,0.0,15.0,22.5,0.0,15.0,22.5
2020-06-29,C,450,2096.0,10.0,0.0,540.0,810.0,0.0,540.0,810.0
2020-06-29,FG,-21,1474.0,20.0,0.0,63.0,94.5,0.0,63.0,94.5
2020-06-29,JD,21,3872.0,5.0,0.0,31.5,47.25,0.0,31.5,47.25
2020-06-29,MA,-164,1735.0,10.0,0.0,328.0,492.0,0.0,328.0,492.0
2020-06-29,P,-40,4996.0,10.0,0.0,100.0,150.0,0.0,100.0,150.0
2020-06-29,RB,-38,3608.0,10.0,1e-05,13.7104,20.5656,0.0001,137.104,205.656
2020-06-29,UR,195,1512.0,20.0,0.0,975.0,1462.5,0.0,975.0,1462.5
2020-06-30,AL,-3,13755.0,5.0,0.0,9.0,13.5,0.0,9.0,13.5
2020-06-30,C,-4,2110.0,10.0,0.0,4.8,7.199999999999999,0.0,4.8,7.199999999999999
2020-06-30,FG,-3,1476.0,20.0,0.0,9.0,13.5,0.0,9.0,13.5
2020-06-30,JD,3,3890.0,5.0,0.0,4.5,6.75,0.0,4.5,6.75
2020-06-30,MA,3,1752.0,10.0,0.0,6.0,9.0,0.0,6.0,9.0
2020-06-30,P,-1,4946.0,10.0,0.0,2.5,3.75,0.0,2.5,3.75
2020-06-30,RB,-5,3550.0,10.0,1e-05,1.7750000000000001,2.6625,0.0001,17.75,26.625
2020-07-06,AL,4,14065.0,5.0,0.0,12.0,18.0,0.0,12.0,18.0
2020-07-06,AP,-47,8093.0,10.0,0.0,235.0,352.5,0.0,235.0,352.5
2020-07-06,C,-446,2104.0,10.0,0.0,535.1999999999999,802.8,0.0,535.1999999999999,802.8
2020-07-06,FG,11,1488.0,20.0,0.0,33.0,49.5,0.0,33.0,49.5
2020-07-06,JD,119,3930.0,5.0,0.0,178.5,267.75,0.0,178.5,267.75
2020-07-06,MA,115,1802.0,10.0,0.0,230.0,345.0,0.0,230.0,345.0
2020-07-06,MA,10,1802.0,10.0,0.0,20.0,30.0,0.0,20.0,30.0
2020-07-06,MA,18,1802.0,10.0,0.0,36.0,54.0,0.0,36.0,54.0
2020-07-06,P,-6,5016.0,10.0,0.0,15.0,22.5,0.0,15.0,22.5
2020-07-06,RB,-18,3621.0,10.0,1e-05,6.5178,9.7767,0.0001,65.178,97.767
2020-07-06,SR,92,5130.0,10.0,0.0,276.0,414.0,0.0,276.0,414.0
2020-07-06,UR,-201,1530.0,20.0,0.0,1005.0,1507.5,0.0,1005.0,1507.5
2020-07-13,AL,164,14395.0,5.0,0.0,492.0,738.0,0.0,492.0,738.0
2020-07-13,AP,-11,7878.0,10.0,0.0,55.0,82.5,0.0,55.0,82.5
2020-07-13,FG,153,1544.0,20.0,0.0,459.0,688.5,0.0,459.0,688.5
2020-07-13,JD,-35,3910.0,5.0,0.0,52.5,78.75,0.0,52.5,78.75
2020-07-13,M,307,2923.0,10.0,0.0,460.5,690.75,0.0,460.5,690.75
2020-07-13,MA,-25,1777.0,10.0,0.0,50.0,75.0,0.0,50.0,75.0
2020-07-13,P,-37,5000.0,10.0,0.0,92.5,138.75,0.0,92.5,138.75
2020-07-13,P,-9,5000.0,10.0,0.0,22.5,33.75,0.0,22.5,33.75
2020-07-13,P,-32,5000.0,10.0,0.0,80.0,120.0,0.0,80.0,120.0
2020-07-13,RB,-388,3691.0,10.0,1e-05,143.2108,214.8162,0.0001,1432.1080000000002,2148.1620000000003
2020-07-13,RB,-104,3691.0,10.0,1e-05,38.3864,57.5796,0.0001,383.86400000000003,575.796
2020-07-13,RB,-52,3691.0,10.0,1e-05,19.1932,28.7898,0.0001,191.93200000000002,287.898
2020-07-13,RB,-90,3691.0,10.0,1e-05,33.219,49.828500000000005,0.0001,332.19,498.28499999999997
2020-07-13,SR,32,5220.0,10.0,0.0,96.0,144.0,0.0,96.0,144.0
2020-07-13,UR,-90,1548.0,20.0,0.0,450.0,675.0,0.0,450.0,675.0
2020-07-17,AL,-3,13995.0,5.0,0.0,9.0,13.5,0.0,9.0,13.5
2020-07-17,AP,1,7583.0,10.0,0.0,5.0,7.5,0.0,5.0,7.5
2020-07-17,FG,-3,1600.0,20.0,0.0,9.0,13.5,0.0,9.0,13.5
2020-07-17,JD,2,4000.0,5.0,0.0,3.0,4.5,0.0,3.0,4.5
2020-07-17,M,-2,2897.0,10.0,0.0,3.0,4.5,0.0,3.0,4.5
2020-07-17,MA,2,1825.0,10.0,0.0,4.0,6.0,0.0,4.0,6.0
2020-07-17,SR,-1,5186.0,10.0,0.0,3.0,4.5,0.0,3.0,4.5
2020-07-17,UR,2,1545.0,20.0,0.0,10.0,15.0,0.0,10.0,15.0
2020-07-20,AL,-225,14115.0,5.0,0.0,675.0,1012.5,0.0,675.0,1012.5
2020-07-20,AP,7,7602.0,10.0,0.0,35.0,52.5,0.0,35.0,52.5
2020-07-20,FG,-84,1638.0,20.0,0.0,252.0,378.0,0.0,252.0,378.0
2020-07-20,FG,-40,1638.0,20.0,0.0,120.0,180.0,0.0,120.0,180.0
2020-07-20,JD,29,4001.0,5.0,0.0,43.5,65.25,0.0,43.5,65.25
2020-07-20,M,-34,2899.0,10.0,0.0,51.0,76.5,0.0,51.0,76.5
2020-07-20,MA,14,1798.0,10.0,0.0,28.0,42.0,0.0,28.0,42.0
2020-07-20,MA,4,1798.0,10.0,0.0,8.0,12.0,0.0,8.0,12.0
2020-07-20,MA,10,1798.0,10.0,0.0,20.0,30.0,0.0,20.0,30.0
2020-07-20,P,67,5472.0,10.0,0.0,167.5,251.25,0.0,167.5,251.25
2020-07-20,RB,695,3722.0,10.0,1e-05,258.67900000000003,388.0185,0.0001,2586.79,3880.185
2020-07-20,SP,-252,4384.0,10.0,2e-06,22.09536,33.14304,1.9999999999999998e-05,220.95359999999997,331.43039999999996
2020-07-20,SR,-91,5119.0,10.0,0.0,273.0,409.5,0.0,273.0,409.5
2020-07-20,SR,-32,5119.0,10.0,0.0,96.0,144.0,0.0,96.0,144.0
2020-07-20,UR,199,1529.0,20.0,0.0,995.0,1492.5,0.0,995.0,1492.5
2020-07-20,UR,90,1529.0,20.0,0.0,450.0,675.0,0.0,450.0,675.0
2020-07-27,AL,37,14425.0,5.0,0.0,111.0,166.5,0.0,111.0,166.5
2020-07-27,AP,-67,7532.0,10.0,0.0,335.0,502.5,0.0,335.0,502.5
2020-07-27,C,405,2262.0,10.0,0.0,486.0,729.0,0.0,486.0,729.0
2020-07-27,JD,193,4352.0,5.0,0.0,289.5,434.25,0.0,289.5,434.25
2020-07-27,JD,35,4352.0,5.0,0.0,52.5,78.75,0.0,52.5,78.75
2020-07-27,JD,233,4352.0,5.0,0.0,349.5,524.25,0.0,349.5,524.25
2020-07-27,M,-271,3002.0,10.0,0.0,406.5,609.75,0.0,406.5,609.75
2020-07-27,MA,-38,1723.0,10.0,0.0,76.0,114.0,0.0,76.0,114.0
2020-07-27,P,-67,5746.0,10.0,0.0,167.5,251.25,0.0,167.5,251.25
2020-07-27,RB,74,3751.0,10.0,1e-05,27.757400000000004,41.636100000000006,0.0001,277.574,416.361
2020-07-27,SC,-8,296.5,1000.0,0.0,160.0,240.0,0.0,160.0,240.0
2020-07-27,SP,252,4484.0,10.0,2e-06,22.599359999999997,33.89904,1.9999999999999998e-05,225.9936,338.99039999999997
2020-07-29,AL,-136,14505.0,5.0,0.0,408.0,612.0,0.0,408.0,612.0
2020-07-29,AL,-4,14505.0,5.0,0.0,12.0,18.0,0.0,12.0,18.0
2020-07-29,AL,-164,14505.0,5.0,0.0,492.0,738.0,0.0,492.0,738.0
2020-07-29,AL,-37,14505.0,5.0,0.0,111.0,166.5,0.0,111.0,166.5
2020-07-29,AL,387,14385.0,5.0,0.0,1161.0,1741.5,0.0,1161.0,1741.5
2020-07-29,AP,3,7436.0,10.0,0.0,15.0,22.5,0.0,15.0,22.5
2020-07-29,C,-8,2298.0,10.0,0.0,9.6,14.399999999999999,0.0,9.6,14.399999999999999
2020-07-29,FG,-8,1684.0,20.0,0.0,24.0,36.0,0.0,24.0,36.0
2020-07-29,JD,-5,4153.0,5.0,0.0,7.5,11.25,0.0,7.5,11.25
2020-07-29,MA,5,1726.0,10.0,0.0,10.0,15.0,0.0,10.0,15.0
2020-07-29,RB,-15,3719.0,10.0,1e-05,5.5785,8.367750000000001,0.0001,55.785000000000004,83.67750000000001
2020-07-29,SC,1,290.4,1000.0,0.0,20.0,30.0,0.0,20.0,30.0
2020-08-03,AL,-4,14670.0,5.0,0.0,12.0,18.0,0.0,12.0,18.0
2020-08-03,AP,33,7171.0,10.0,0.0,165.0,247.5,0.0,165.0,247.5
2020-08-03,C,172,2319.0,10.0,0.0,206.4,309.6,0.0,206.4,309.6
2020-08-03,FG,-4,1698.0,20.0,0.0,12.0,18.0,0.0,12.0,18.0
2020-08-03,JD,-228,4181.0,5.0,0.0,342.0,513.0,0.0,342.0,513.0
2020-08-03,JD,-245,4181.0,5.0,0.0,367.5,551.25,0.0,367.5,551.25
2020-08-03,MA,28,1730.0,10.0,0.0,56.0,84.0,0.0,56.0,84.0
2020-08-03,MA,164,1730.0,10.0,0.0,328.0,492.0,0.0,328.0,492.0
2020-08-03,MA,25,1730.0,10.0,0.0,50.0,75.0,0.0,50.0,75.0
2020-08-03,MA,38,1730.0,10.0,0.0,76.0,114.0,0.0,76.0,114.0
2020-08-03,RB,73,3772.0,10.0,1e-05,27.535600000000002,41.3034,0.0001,275.356,413.034
2020-08-03,SC,-15,286.1,1000.0,0.0,300.0,450.0,0.0,300.0,450.0
2020-08-10,AL,9,14530.0,5.0,0.0,27.0,40.5,0.0,27.0,40.5
2020-08-10,AP,-59,6836.0,10.0,0.0,295.0,442.5,0.0,295.0,442.5
2020-08-10,C,-397,2229.0,10.0,0.0,476.4,714.5999999999999,0.0,476.4,714.5999999999999
2020-08-10,C,-172,2229.0,10.0,0.0,206.4,309.6,0.0,206.4,309.6
2020-08-10,C,330,2227.0,10.0,0.0,396.0,594.0,0.0,396.0,594.0
2020-08-10,FG,-30,1898.0,20.0,0.0,90.0,135.0,0.0,90.0,135.0
2020-08-10,JD,245,3782.0,5.0,0.0,367.5,551.25,0.0,367.5,551.25
2020-08-10,P,78,5920.0,10.0,0.0,195.0,292.5,0.0,195.0,292.5
2020-08-10,RB,31,3831.0,10.0,1e-05,11.876100000000001,17.81415,0.0001,118.76100000000001,178.1415
2020-08-13,FG,-77,1913.0,20.0,0.0,154.0,231.0,0.0,154.0,231.0
2020-08-13,FG,-34,1913.0,20.0,0.0,68.0,102.0,0.0,68.0,102.0
2020-08-13,FG,-6,1913.0,20.0,0.0,12.0,18.0,0.0,12.0,18.0
2020-08-13,FG,-61,1913.0,20.0,0.0,122.0,183.0,0.0,122.0,183.0
2020-08-13,FG,-11,1913.0,20.0,0.0,22.0,33.0,0.0,22.0,33.0
2020-08-13,FG,-153,1913.0,20.0,0.0,306.0,459.0,0.0,306.0,459.0
2020-08-13,FG,220,1852.0,20.0,0.0,660.0,990.0,0.0,660.0,990.0
2020-08-13,SC,7,284.9,1000.0,0.0,140.0,210.0,0.0,140.0,210.0
2020-08-13,SC,15,284.9,1000.0,0.0,300.0,450.0,0.0,300.0,450.0
2020-08-13,SC,-23,294.7,1000.0,0.0,460.0,690.0,0.0,460.0,690.0
2020-08-17,AL,14,14400.0,5.0,0.0,42.0,63.0,0.0,42.0,63.0
2020-08-17,AP,3,7013.0,10.0,0.0,15.0,22.5,0.0,15.0,22.5
2020-08-17,AP,11,7013.0,10.0,0.0,55.0,82.5,0.0,55.0,82.5
2020-08-17,AP,64,7013.0,10.0,0.0,320.0,480.0,0.0,320.0,480.0
2020-08-17,FG,6,1828.0,20.0,0.0,18.0,27.0,0.0,18.0,27.0
2020-08-17,JD,-238,3664.0,5.0,0.0,357.0,535.5,0.0,357.0,535.5
2020-08-17,P,-78,5796.0,10.0,0.0,195.0,292.5,0.0,195.0,292.5
2020-08-17,P,83,5622.0,10.0,0.0,207.5,311.25,0.0,207.5,311.25
2020-08-17,RB,7,3793.0,10.0,1e-05,2.6551,3.98265,0.0001,26.551000000000002,39.8265
2020-08-17,T,110,99.655,10000.0,0.0,330.0,495.0,0.0,330.0,495.0
2020-08-21,JD,238,3683.0,5.0,0.0,357.0,535.5,0.0,357.0,535.5
2020-08-21,JD,-225,3579.0,5.0,0.0,337.5,506.25,0.0,337.5,506.25
2020-08-21,T,-110,98.93,10000.0,0.0,330.0,495.0,0.0,330.0,495.0
2020-08-21,T,123,98.205,10000.0,0.0,369.0,553.5,0.0,369.0,553.5
2020-08-24,AL,45,14645.0,5.0,0.0,135.0,202.5,0.0,135.0,202.5
2020-08-24,AP,3,6922.0,10.0,0.0,15.0,22.5,0.0,15.0,22.5
2020-08-24,AP,59,6922.0,10.0,0.0,295.0,442.5,0.0,295.0,442.5
2020-08-24,C,296,2301.0,10.0,0.0,355.2,532.8,0.0,355.2,532.8
2020-08-24,JD,-198,3600.0,5.0,0.0,297.0,445.5,0.0,297.0,445.5
2020-08-24,P,-83,5576.0,10.0,0.0,207.5,311.25,0.0,207.5,311.25
2020-08-24,RB,16,3776.0,10.0,1e-05,6.041600000000001,9.0624,0.0001,60.416000000000004,90.62400000000001
2020-08-25,T,-3,98.12,10000.0,0.0,9.0,13.5,0.0,9.0,13.5
2020-08-26,T,-13,97.985,10000.0,0.0,39.0,58.5,0.0,39.0,58.5
2020-08-27,RB,-680,3778.0,10.0,1e-05,256.904,385.356,0.0001,2569.04,3853.56
2020-08-27,RB,-74,3778.0,10.0,1e-05,27.9572,41.9358,0.0001,279.572,419.358
2020-08-27,RB,-73,3778.0,10.0,1e-05,27.579400000000003,41.3691,0.0001,275.794,413.691
2020-08-27,RB,-31,3778.0,10.0,1e-05,11.7118,17.567700000000002,0.0001,117.118,175.677
2020-08-27,RB,-7,3778.0,10.0,1e-05,2.6446,3.9669,0.0001,26.446,39.669000000000004
2020-08-27,RB,-16,3778.0,10.0,1e-05,6.0448,9.0672,0.0001,60.448,90.672
2020-08-27,RB,868,3736.0,10.0,1e-05,324.2848,486.4272,0.0001,3242.848,4864.272
2020-08-27,T,-1,97.735,10000.0,0.0,3.0,4.5,0.0,3.0,4.5
2020-08-28,AL,-383,14655.0,5.0,0.0,1149.0,1723.5,0.0,1149.0,1723.5
2020-08-28,AL,-9,14655.0,5.0,0.0,27.0,40.5,0.0,27.0,40.5
2020-08-28,AL,-14,14655.0,5.0,0.0,42.0,63.0,0.0,42.0,63.0
2020-08-28,AL,-45,14655.0,5.0,0.0,135.0,202.5,0.0,135.0,202.5
2020-08-28,AL,431,14585.0,5.0,0.0,1293.0,1939.5,0.0,1293.0,1939.5
2020-08-31,AL,-12,14655.0,5.0,0.0,36.0,54.0,0.0,36.0,54.0
2020-08-31,C,-330,2261.0,10.0,0.0,396.0,594.0,0.0,396.0,594.0
2020-08-31,C,-25,2261.0,10.0,0.0,30.0,45.0,0.0,30.0,45.0
2020-08-31,CF,112,13020.0,5.0,0.0,481.59999999999997,722.4,0.0,481.59999999999997,722.4
2020-08-31,FG,-144,1823.0,20.0,0.0,432.0,648.0,0.0,432.0,648.0
2020-08-31,RB,-36,3729.0,10.0,1e-05,13.4244,20.1366,0.0001,134.244,201.36599999999999
2020-08-31,RU,46,12725.0,10.0,0.0,138.0,207.0,0.0,138.0,207.0
2020-08-31,SC,1,293.8,1000.0,0.0,20.0,30.0,0.0,20.0,30.0
2020-08-31,T,-106,97.8,10000.0,0.0,318.0,477.0,0.0,318.0,477.0
2020-09-07,CF,-112,12880.0,5.0,0.0,481.59999999999997,722.4,0.0,481.59999999999997,722.4
2020-09-07,RU,-46,12570.0,10.0,0.0,138.0,207.0,0.0,138.0,207.0
2020-09-07,SC,22,285.5,1000.0,0.0,440.0,660.0,0.0,440.0,660.0
2020-09-07,SC,-21,310.6,1000.0,0.0,420.0,630.0,0.0,420.0,630.0
2020-09-07,SP,108,4864.0,10.0,2e-06,10.506239999999998,15.759359999999997,1.9999999999999998e-05,105.06239999999998,157.59359999999998
2020-09-07,SR,162,5183.0,10.0,0.0,486.0,729.0,0.0,486.0,729.0
2020-09-10,SC,-22,267.0,1000.0,0.0,440.0,660.0,0.0,440.0,660.0
2020-09-10,SC,21,278.4,1000.0,0.0,420.0,630.0,0.0,420.0,630.0
2020-09-14,AL,-419,14200.0,5.0,0.0,1257.0,1885.5,0.0,1257.0,1885.5
2020-09-14,C,42,2401.0,10.0,0.0,50.4,75.6,0.0,50.4,75.6
2020-09-14,FG,21,1730.0,20.0,0.0,63.0,94.5,0.0,63.0,94.5
2020-09-14,JD,-78,3382.0,5.0,0.0,117.0,175.5,0.0,117.0,175.5
2020-09-14,M,272,3068.0,10.0,0.0,408.0,612.0,0.0,408.0,612.0
2020-09-14,MA,316,1998.0,10.0,0.0,632.0,948.0,0.0,632.0,948.0
2020-09-14,RB,-832,3677.0,10.0,1e-05,305.9264,458.8896,0.0001,3059.264,4588.896000000001
2020-09-14,SC,8,258.2,1000.0,0.0,160.0,240.0,0.0,160.0,240.0
2020-09-14,SP,-108,4782.0,10.0,2e-06,10.32912,15.49368,1.9999999999999998e-05,103.29119999999999,154.93679999999998
2020-09-14,SR,-162,5172.0,10.0,0.0,486.0,729.0,0.0,486.0,729.0
2020-09-14,UR,-137,1638.0,20.0,0.0,685.0,1027.5,0.0,685.0,1027.5
2020-09-21,C,11,2486.0,10.0,0.0,13.2,19.799999999999997,0.0,13.2,19.799999999999997
2020-09-21,FG,14,1665.0,20.0,0.0,42.0,63.0,0.0,42.0,63.0
2020-09-21,JD,-101,3350.0,5.0,0.0,151.5,227.25,0.0,151.5,227.25
2020-09-21,MA,28,2074.0,10.0,0.0,56.0,84.0,0.0,56.0,84.0
2020-09-21,SC,-6,274.9,1000.0,0.0,120.0,180.0,0.0,120.0,180.0
2020-09-21,UR,137,1670.0,20.0,0.0,685.0,1027.5,0.0,685.0,1027.5
2020-09-22,JD,225,3263.0,5.0,0.0,337.5,506.25,0.0,337.5,506.25
2020-09-22,JD,198,3263.0,5.0,0.0,297.0,445.5,0.0,297.0,445.5
2020-09-22,JD,78,3263.0,5.0,0.0,117.0,175.5,0.0,117.0,175.5
2020-09-22,JD,101,3263.0,5.0,0.0,151.5,227.25,0.0,151.5,227.25
2020-09-22,JD,-700,3448.0,5.0,0.0,1050.0,1575.0,0.0,1050.0,1575.0
2020-09-28,AL,419,14130.0,5.0,0.0,1257.0,1885.5,0.0,1257.0,1885.5
2020-09-28,FG,14,1668.0,20.0,0.0,42.0,63.0,0.0,42.0,63.0
2020-09-28,M,-272,3079.0,10.0,0.0,408.0,612.0,0.0,408.0,612.0
2020-09-28,P,67,5914.0,10.0,0.0,167.5,251.25,0.0,167.5,251.25
2020-09-28,SC,-1,265.0,1000.0,0.0,20.0,30.0,0.0,20.0,30.0
2020-09-29,AL,-419,14290.0,5.0,0.0,1257.0,1885.5,0.0,1257.0,1885.5
2020-09-29,AL,476,14165.0,5.0,0.0,1428.0,2142.0,0.0,1428.0,2142.0
2020-10-09,AL,-476,14230.0,5.0,0.0,1428.0,2142.0,0.0,1428.0,2142.0
2020-10-09,C,382,2501.0,10.0,0.0,458.4,687.5999999999999,0.0,458.4,687.5999999999999
2020-10-09,FG,7,1755.0,20.0,0.0,21.0,31.5,0.0,21.0,31.5
2020-10-09,P,-67,5946.0,10.0,0.0,167.5,251.25,0.0,167.5,251.25
2020-10-09,SC,-1,263.8,1000.0,0.0,20.0,30.0,0.0,20.0,30.0
2020-10-09,T,145,97.545,10000.0,0.0,435.0,652.5,0.0,435.0,652.5
2020-10-12,FG,8,1753.0,20.0,0.0,24.0,36.0,0.0,24.0,36.0
2020-10-12,MA,-2,1978.0,10.0,0.0,4.0,6.0,0.0,4.0,6.0
2020-10-12,T,1,97.43,10000.0,0.0,3.0,4.5,0.0,3.0,4.5
2020-10-13,SC,14,262.3,1000.0,0.0,280.0,420.0,0.0,280.0,420.0
2020-10-13,SC,6,262.3,1000.0,0.0,120.0,180.0,0.0,120.0,180.0
2020-10-13,SC,1,262.3,1000.0,0.0,20.0,30.0,0.0,20.0,30.0
2020-10-13,SC,1,262.3,1000.0,0.0,20.0,30.0,0.0,20.0,30.0
2020-10-13,SC,-23,274.3,1000.0,0.0,460.0,690.0,0.0,460.0,690.0
2020-10-19,AL,503,14715.0,5.0,0.0,1509.0,2263.5,0.0,1509.0,2263.5
2020-10-19,C,322,2592.0,10.0,0.0,386.4,579.5999999999999,0.0,386.4,579.5999999999999
2020-10-19,FG,11,1733.0,20.0,0.0,33.0,49.5,0.0,33.0,49.5
2020-10-19,JD,246,3552.0,5.0,0.0,369.0,553.5,0.0,369.0,553.5
2020-10-19,MA,-314,2067.0,10.0,0.0,628.0,942.0,0.0,628.0,942.0
2020-10-19,MA,-28,2067.0,10.0,0.0,56.0,84.0,0.0,56.0,84.0
2020-10-19,SC,6,271.7,1000.0,0.0,120.0,180.0,0.0,120.0,180.0
2020-10-19,SP,-179,4742.0,10.0,2e-06,16.97636,25.46454,1.9999999999999998e-05,169.7636,254.6454
2020-10-19,T,-145,97.48,10000.0,0.0,435.0,652.5,0.0,435.0,652.5
2020-10-19,T,-1,97.48,10000.0,0.0,3.0,4.5,0.0,3.0,4.5
2020-10-19,UR,223,1657.0,20.0,0.0,1115.0,1672.5,0.0,1115.0,1672.5
2020-10-26,AL,81,14750.0,5.0,0.0,243.0,364.5,0.0,243.0,364.5
2020-10-26,C,-271,2575.0,10.0,0.0,325.2,487.79999999999995,0.0,325.2,487.79999999999995
2020-10-26,C,-42,2575.0,10.0,0.0,50.4,75.6,0.0,50.4,75.6
2020-10-26,C,-11,2575.0,10.0,0.0,13.2,19.799999999999997,0.0,13.2,19.799999999999997
2020-10-26,C,-233,2575.0,10.0,0.0,279.59999999999997,419.4,0.0,279.59999999999997,419.4
2020-10-26,CF,182,14480.0,5.0,0.0,782.6,1173.9,0.0,782.6,1173.9
2020-10-26,FG,14,1712.0,20.0,0.0,42.0,63.0,0.0,42.0,63.0
2020-10-26,JD,454,3563.0,5.0,0.0,681.0,1021.5,0.0,681.0,1021.5
2020-10-26,JD,-421,4072.0,5.0,0.0,631.5,947.25,0.0,631.5,947.25
2020-10-26,RU,40,14915.0,10.0,0.0,120.0,180.0,0.0,120.0,180.0
2020-10-26,SC,-1,266.5,1000.0,0.0,20.0,30.0,0.0,20.0,30.0
2020-10-26,SP,-3,4604.0,10.0,2e-06,0.27624,0.41435999999999995,1.9999999999999998e-05,2.7624,4.1436
2020-10-26,UR,-223,1718.0,20.0,0.0,1115.0,1672.5,0.0,1115.0,1672.5
2020-10-29,AL,-503,14510.0,5.0,0.0,1509.0,2263.5,0.0,1509.0,2263.5
2020-10-29,AL,-81,14510.0,5.0,0.0,243.0,364.5,0.0,243.0,364.5
2020-10-29,AL,688,14405.0,5.0,0.0,2064.0,3096.0,0.0,2064.0,3096.0
2020-11-02,AL,-136,14405.0,5.0,0.0,408.0,612.0,0.0,408.0,612.0
2020-11-02,C,-81,2622.0,10.0,0.0,97.2,145.8,0.0,97.2,145.8
2020-11-02,CF,-100,14490.0,5.0,0.0,430.0,645.0,0.0,430.0,645.0
2020-11-02,FG,-30,1743.0,20.0,0.0,90.0,135.0,0.0,90.0,135.0
2020-11-02,JD,72,4089.0,5.0,0.0,108.0,162.0,0.0,108.0,162.0
2020-11-02,RB,931,3704.0,10.0,1e-05,344.8424,517.2636,0.0001,3448.424,5172.636
2020-11-02,RU,-21,15725.0,10.0,0.0,63.0,94.5,0.0,63.0,94.5
2020-11-02,SC,-2,227.0,1000.0,0.0,40.0,60.0,0.0,40.0,60.0
2020-11-02,SP,179,4534.0,10.0,2e-06,16.23172,24.34758,1.9999999999999998e-05,162.31719999999999,243.4758
2020-11-02,SP,3,4534.0,10.0,2e-06,0.27204,0.40806,1.9999999999999998e-05,2.7203999999999997,4.0806
2020-11-02,SR,-150,5182.0,10.0,0.0,450.0,675.0,0.0,450.0,675.0
2020-11-02,T,108,98.035,10000.0,0.0,324.0,486.0,0.0,324.0,486.0
2020-11-09,AL,-58,14850.0,5.0,0.0,174.0,261.0,0.0,174.0,261.0
2020-11-09,AP,-61,7076.0,10.0,0.0,305.0,457.5,0.0,305.0,457.5
2020-11-09,C,266,2544.0,10.0,0.0,319.2,478.79999999999995,0.0,319.2,478.79999999999995
2020-11-09,CF,-82,14055.0,5.0,0.0,352.59999999999997,528.9,0.0,352.59999999999997,528.9
2020-11-09,FG,24,1752.0,20.0,0.0,72.0,108.0,0.0,72.0,108.0
2020-11-09,JD,-5,3950.0,5.0,0.0,7.5,11.25,0.0,7.5,11.25
2020-11-09,RB,205,3792.0,10.0,1e-05,77.736,116.60400000000001,0.0001,777.36,1166.04
2020-11-09,RU,4,14745.0,10.0,0.0,12.0,18.0,0.0,12.0,18.0
2020-11-09,SC,-3,229.6,1000.0,0.0,60.0,90.0,0.0,60.0,90.0
2020-11-09,SR,150,5132.0,10.0,0.0,450.0,675.0,0.0,450.0,675.0
2020-11-09,T,-108,98.025,10000.0,0.0,324.0,486.0,0.0,324.0,486.0
2020-11-12,SC,17,257.1,1000.0,0.0,340.0,510.0,0.0,340.0,510.0
2020-11-12,SC,1,257.1,1000.0,0.0,20.0,30.0,0.0,20.0,30.0
2020-11-12,SC,2,257.1,1000.0,0.0,40.0,60.0,0.0,40.0,60.0
2020-11-12,SC,3,257.1,1000.0,0.0,60.0,90.0,0.0,60.0,90.0
2020-11-12,SC,-21,266.6,1000.0,0.0,420.0,630.0,0.0,420.0,630.0
2020-11-16,AL,6,15535.0,5.0,0.0,18.0,27.0,0.0,18.0,27.0
2020-11-16,AP,-7,7318.0,10.0,0.0,35.0,52.5,0.0,35.0,52.5
2020-11-16,C,-68,2563.0,10.0,0.0,81.6,122.39999999999999,0.0,81.6,122.39999999999999
2020-11-16,C,-127,2563.0,10.0,0.0,152.4,228.60000000000002,0.0,152.4,228.60000000000002
2020-11-16,FG,25,1837.0,20.0,0.0,75.0,112.5,0.0,75.0,112.5
2020-11-16,JD,-20,3782.0,5.0,0.0,30.0,45.0,0.0,30.0,45.0
2020-11-16,P,74,6688.0,10.0,0.0,185.0,277.5,0.0,185.0,277.5
2020-11-16,RB,39,3841.0,10.0,1e-05,14.979900000000002,22.469850000000005,0.0001,149.799,224.69850000000002
2020-11-16,SC,-2,257.0,1000.0,0.0,40.0,60.0,0.0,40.0,60.0
2020-11-16,T,122,97.745,10000.0,0.0,366.0,549.0,0.0,366.0,549.0
2020-11-23,AL,-24,15955.0,5.0,0.0,72.0,108.0,0.0,72.0,108.0
2020-11-23,AP,-7,7083.0,10.0,0.0,35.0,52.5,0.0,35.0,52.5
2020-11-23,C,-33,2601.0,10.0,0.0,39.6,59.400000000000006,0.0,39.6,59.400000000000006
2020-11-23,FG,11,1880.0,20.0,0.0,33.0,49.5,0.0,33.0,49.5
2020-11-23,JD,-37,3774.0,5.0,0.0,55.5,83.25,0.0,55.5,83.25
2020-11-23,P,-2,6776.0,10.0,0.0,5.0,7.5,0.0,5.0,7.5
2020-11-23,RB,46,3982.0,10.0,1e-05,18.317200000000003,27.475800000000007,0.0001,183.172,274.758
2020-11-23,RU,-19,14290.0,10.0,0.0,57.0,85.5,0.0,57.0,85.5
2020-11-23,RU,-4,14290.0,10.0,0.0,12.0,18.0,0.0,12.0,18.0
2020-11-23,SC,-6,260.6,1000.0,0.0,120.0,180.0,0.0,120.0,180.0
2020-11-23,T,-122,97.445,10000.0,0.0,366.0,549.0,0.0,366.0,549.0
2020-11-23,T,130,97.225,10000.0,0.0,390.0,585.0,0.0,390.0,585.0
2020-11-23,UR,201,1801.0,20.0,0.0,1005.0,1507.5,0.0,1005.0,1507.5
2020-11-25,AL,-10,15860.0,5.0,0.0,30.0,45.0,0.0,30.0,45.0
2020-11-25,AP,2,7147.0,10.0,0.0,10.0,15.0,0.0,10.0,15.0
2020-11-25,C,-9,2568.0,10.0,0.0,10.799999999999999,16.2,0.0,10.799999999999999,16.2
2020-11-25,FG,-5,1846.0,20.0,0.0,15.0,22.5,0.0,15.0,22.5
2020-11-25,JD,9,3670.0,5.0,0.0,13.5,20.25,0.0,13.5,20.25
2020-11-25,P,-2,6656.0,10.0,0.0,5.0,7.5,0.0,5.0,7.5
2020-11-25,RB,-25,3899.0,10.0,1e-05,9.7475,14.62125,0.0001,97.475,146.21249999999998
2020-11-25,SC,1,282.2,1000.0,0.0,20.0,30.0,0.0,20.0,30.0
2020-11-25,T,-4,97.16,10000.0,0.0,12.0,18.0,0.0,12.0,18.0
2020-11-25,UR,-5,1780.0,20.0,0.0,25.0,37.5,0.0,25.0,37.5
2020-11-26,AL,-4,16020.0,5.0,0.0,12.0,18.0,0.0,12.0,18.0
2020-11-26,AP,1,7072.0,10.0,0.0,5.0,7.5,0.0,5.0,7.5
2020-11-26,C,-4,2574.0,10.0,0.0,4.8,7.199999999999999,0.0,4.8,7.199999999999999
2020-11-26,FG,-2,1833.0,20.0,0.0,6.0,9.0,0.0,6.0,9.0
2020-11-26,JD,4,3662.0,5.0,0.0,6.0,9.0,0.0,6.0,9.0
2020-11-26,P,-1,6732.0,10.0,0.0,2.5,3.75,0.0,2.5,3.75
2020-11-26,RB,-10,3854.0,10.0,1e-05,3.854,5.781000000000001,0.0001,38.54,57.81
2020-11-26,SC,1,290.0,1000.0,0.0,20.0,30.0,0.0,20.0,30.0
2020-11-26,UR,-2,1801.0,20.0,0.0,10.0,15.0,0.0,10.0,15.0
2020-11-27,AL,-456,15950.0,5.0,0.0,1368.0,2052.0,0.0,1368.0,2052.0
2020-11-27,AL,-6,15950.0,5.0,0.0,18.0,27.0,0.0,18.0,27.0
2020-11-27,AL,547,15875.0,5.0,0.0,1641.0,2461.5,0.0,1641.0,2461.5
2020-11-27,AP,5,7052.0,10.0,0.0,25.0,37.5,0.0,25.0,37.5
2020-11-27,C,-26,2593.0,10.0,0.0,31.2,46.8,0.0,31.2,46.8
2020-11-27,FG,-12,1840.0,20.0,0.0,36.0,54.0,0.0,36.0,54.0
2020-11-27,JD,25,3690.0,5.0,0.0,37.5,56.25,0.0,37.5,56.25
2020-11-27,P,-5,6706.0,10.0,0.0,12.5,18.75,0.0,12.5,18.75
2020-11-27,RB,-74,3883.0,10.0,1e-05,28.7342,43.1013,0.0001,287.342,431.013
2020-11-27,SC,2,285.2,1000.0,0.0,40.0,60.0,0.0,40.0,60.0
2020-11-27,T,-1,97.35,10000.0,0.0,3.0,4.5,0.0,3.0,4.5
2020-11-27,UR,-12,1759.0,20.0,0.0,60.0,90.0,0.0,60.0,90.0
2020-11-30,AL,-22,16130.0,5.0,0.0,66.0,99.0,0.0,66.0,99.0
2020-11-30,AP,53,6998.0,10.0,0.0,265.0,397.5,0.0,265.0,397.5
2020-11-30,AP,7,6998.0,10.0,0.0,35.0,52.5,0.0,35.0,52.5
2020-11-30,AP,7,6998.0,10.0,0.0,35.0,52.5,0.0,35.0,52.5
2020-11-30,C,27,2575.0,10.0,0.0,32.4,48.599999999999994,0.0,32.4,48.599999999999994
2020-11-30,FG,225,1847.0,20.0,0.0,675.0,1012.5,0.0,675.0,1012.5
2020-11-30,JD,-408,3667.0,5.0,0.0,612.0,918.0,0.0,612.0,918.0
2020-11-30,P,10,6814.0,10.0,0.0,25.0,37.5,0.0,25.0,37.5
2020-11-30,RB,-43,3923.0,10.0,1e-05,16.8689,25.303350000000002,0.0001,168.689,253.0335
2020-11-30,SC,1,291.5,1000.0,0.0,20.0,30.0,0.0,20.0,30.0
2020-11-30,T,-125,97.345,10000.0,0.0,375.0,562.5,0.0,375.0,562.5
2020-11-30,UR,-182,1780.0,20.0,0.0,910.0,1365.0,0.0,910.0,1365.0
2020-12-02,C,-123,2605.0,10.0,0.0,147.6,221.39999999999998,0.0,147.6,221.39999999999998
2020-12-02,C,-266,2605.0,10.0,0.0,319.2,478.79999999999995,0.0,319.2,478.79999999999995
2020-12-02,C,-27,2605.0,10.0,0.0,32.4,48.599999999999994,0.0,32.4,48.599999999999994
2020-12-02,C,516,2692.0,10.0,0.0,619.1999999999999,928.8,0.0,619.1999999999999,928.8
2020-12-07,AL,-158,16395.0,5.0,0.0,474.0,711.0,0.0,474.0,711.0
2020-12-07,FG,-27,1886.0,20.0,0.0,81.0,121.5,0.0,81.0,121.5
2020-12-07,FG,-6,1886.0,20.0,0.0,18.0,27.0,0.0,18.0,27.0
2020-12-07,FG,-21,1886.0,20.0,0.0,63.0,94.5,0.0,63.0,94.5
2020-12-07,FG,-14,1886.0,20.0,0.0,42.0,63.0,0.0,42.0,63.0
2020-12-07,FG,-14,1886.0,20.0,0.0,42.0,63.0,0.0,42.0,63.0
2020-12-07,FG,-7,1886.0,20.0,0.0,21.0,31.5,0.0,21.0,31.5
2020-12-07,FG,-8,1886.0,20.0,0.0,24.0,36.0,0.0,24.0,36.0
2020-12-07,FG,-11,1886.0,20.0,0.0,33.0,49.5,0.0,33.0,49.5
2020-12-07,FG,-14,1886.0,20.0,0.0,42.0,63.0,0.0,42.0,63.0
2020-12-07,FG,-24,1886.0,20.0,0.0,72.0,108.0,0.0,72.0,108.0
2020-12-07,FG,-12,1886.0,20.0,0.0,36.0,54.0,0.0,36.0,54.0
2020-12-07,RU,-23,14840.0,10.0,0.0,69.0,103.5,0.0,69.0,103.5
2020-12-07,SC,16,295.3,1000.0,0.0,320.0,480.0,0.0,320.0,480.0
2020-12-07,SC,2,295.3,1000.0,0.0,40.0,60.0,0.0,40.0,60.0
2020-12-07,SC,6,295.3,1000.0,0.0,120.0,180.0,0.0,120.0,180.0
2020-12-09,RB,-779,3961.0,10.0,1e-05,308.5619,462.84285,0.0001,3085.619,4628.4285
2020-12-09,RB,-205,3961.0,10.0,1e-05,81.2005,121.80075000000001,0.0001,812.0050000000001,1218.0075000000002
2020-12-09,RB,-39,3961.0,10.0,1e-05,15.4479,23.17185,0.0001,154.479,231.7185
2020-12-09,RB,-46,3961.0,10.0,1e-05,18.2206,27.3309,0.0001,182.20600000000002,273.309
2020-12-09,RB,1112,3906.0,10.0,1e-05,434.34720000000004,651.5208,0.0001,4343.472,6515.208
2020-12-11,JD,311,3941.0,5.0,0.0,466.5,699.75,0.0,466.5,699.75
2020-12-11,JD,5,3941.0,5.0,0.0,7.5,11.25,0.0,7.5,11.25
2020-12-11,JD,20,3941.0,5.0,0.0,30.0,45.0,0.0,30.0,45.0
2020-12-11,JD,37,3941.0,5.0,0.0,55.5,83.25,0.0,55.5,83.25
2020-12-11,JD,408,3941.0,5.0,0.0,612.0,918.0,0.0,612.0,918.0
2020-12-11,JD,-588,3877.0,5.0,0.0,882.0,1323.0,0.0,882.0,1323.0
2020-12-11,P,-64,6726.0,10.0,0.0,160.0,240.0,0.0,160.0,240.0
2020-12-11,P,-10,6726.0,10.0,0.0,25.0,37.5,0.0,25.0,37.5
2020-12-11,P,90,6782.0,10.0,0.0,18.0,27.0,0.0,18.0,27.0
2020-12-14,CF,124,14845.0,5.0,0.0,533.1999999999999,799.8,0.0,533.1999999999999,799.8
2020-12-14,FG,-3,1989.0,20.0,0.0,6.0,9.0,0.0,6.0,9.0
2020-12-14,P,-90,6972.0,10.0,0.0,225.0,337.5,0.0,225.0,337.5
2020-12-14,RU,-5,14445.0,10.0,0.0,15.0,22.5,0.0,15.0,22.5
2020-12-15,FG,-10,1998.0,20.0,0.0,20.0,30.0,0.0,20.0,30.0
2020-12-15,FG,-11,1998.0,20.0,0.0,22.0,33.0,0.0,22.0,33.0
2020-12-15,FG,-225,1998.0,20.0,0.0,450.0,675.0,0.0,450.0,675.0
2020-12-15,FG,186,1896.0,20.0,0.0,558.0,837.0,0.0,558.0,837.0
2020-12-21,AP,-86,6688.0,10.0,0.0,430.0,645.0,0.0,430.0,645.0
2020-12-21,C,-15,2613.0,10.0,0.0,18.0,27.0,0.0,18.0,27.0
2020-12-21,JD,316,4057.0,5.0,0.0,474.0,711.0,0.0,474.0,711.0
2020-12-21,RB,-289,4313.0,10.0,1e-05,124.6457,186.96855,0.0001,1246.457,1869.6855
2020-12-21,SC,-12,315.8,1000.0,0.0,240.0,360.0,0.0,240.0,360.0
2020-12-21,SP,192,5280.0,10.0,2e-06,20.275199999999998,30.412799999999997,1.9999999999999998e-05,202.75199999999995,304.12799999999993
2020-12-25,AL,-367,16075.0,5.0,0.0,1101.0,1651.5,0.0,1101.0,1651.5
2020-12-25,AL,290,15970.0,5.0,0.0,870.0,1305.0,0.0,870.0,1305.0
2020-12-28,AP,-82,6739.0,10.0,0.0,410.0,615.0,0.0,410.0,615.0
2020-12-28,CF,-13,14880.0,5.0,0.0,55.9,83.85,0.0,55.9,83.85
2020-12-28,JD,272,4223.0,5.0,0.0,408.0,612.0,0.0,408.0,612.0
2020-12-28,RB,-156,4339.0,10.0,1e-05,67.6884,101.5326,0.0001,676.884,1015.326
2020-12-28,RU,23,14145.0,10.0,0.0,69.0,103.5,0.0,69.0,103.5
2020-12-28,RU,5,14145.0,10.0,0.0,15.0,22.5,0.0,15.0,22.5
2020-12-28,SC,1,309.8,1000.0,0.0,20.0,30.0,0.0,20.0,30.0
2020-12-28,SP,79,5574.0,10.0,2e-06,8.80692,13.21038,1.9999999999999998e-05,88.0692,132.10379999999998
2020-12-28,T,168,97.98,10000.0,0.0,504.0,756.0,0.0,504.0,756.0
2021-01-04,AL,5,15435.0,5.0,0.0,15.0,22.5,0.0,15.0,22.5
2021-01-04,AP,-12,6628.0,10.0,0.0,60.0,90.0,0.0,60.0,90.0
2021-01-04,CF,-111,15070.0,5.0,0.0,477.29999999999995,715.9499999999999,0.0,477.29999999999995,715.9499999999999
2021-01-04,JD,252,4202.0,5.0,0.0,378.0,567.0,0.0,378.0,567.0
2021-01-04,RB,-21,4353.0,10.0,1e-05,9.141300000000001,13.711950000000002,0.0001,91.41300000000001,137.11950000000002
2021-01-04,RU,-25,14040.0,10.0,0.0,75.0,112.5,0.0,75.0,112.5
2021-01-04,SC,-1,302.7,1000.0,0.0,20.0,30.0,0.0,20.0,30.0
2021-01-04,SP,-120,5746.0,10.0,5e-06,34.476,51.714,5e-05,344.76000000000005,517.1400000000001
2021-01-04,T,17,97.955,10000.0,0.0,51.0,76.5,0.0,51.0,76.5
2021-01-11,AL,-290,15380.0,5.0,0.0,870.0,1305.0,0.0,870.0,1305.0
2021-01-11,AL,-5,15380.0,5.0,0.0,15.0,22.5,0.0,15.0,22.5
2021-01-11,AP,-18,6298.0,10.0,0.0,90.0,135.0,0.0,90.0,135.0
2021-01-11,C,10,2844.0,10.0,0.0,12.0,18.0,0.0,12.0,18.0
2021-01-11,FG,-186,1768.0,20.0,0.0,558.0,837.0,0.0,558.0,837.0
2021-01-11,JD,-252,4448.0,5.0,0.0,378.0,567.0,0.0,378.0,567.0
2021-01-11,M,229,3550.0,10.0,0.0,343.5,515.25,0.0,343.5,515.25
2021-01-11,RU,-3,14795.0,10.0,0.0,9.0,13.5,0.0,9.0,13.5
2021-01-11,SP,99,6120.0,10.0,5e-06,30.294000000000004,45.441,5e-05,302.94,454.40999999999997
2021-01-11,T,23,97.905,10000.0,0.0,69.0,103.5,0.0,69.0,103.5
2021-01-12,SC,11,326.8,1000.0,0.0,220.0,330.0,0.0,220.0,330.0
2021-01-12,SC,1,326.8,1000.0,0.0,20.0,30.0,0.0,20.0,30.0
2021-01-12,SC,-11,333.1,1000.0,0.0,220.0,330.0,0.0,220.0,330.0
2021-01-18,AP,-3,6013.0,10.0,0.0,15.0,22.5,0.0,15.0,22.5
2021-01-18,C,551,2877.0,10.0,0.0,661.1999999999999,991.8,0.0,661.1999999999999,991.8
2021-01-18,FG,-198,1697.0,20.0,0.0,594.0,891.0,0.0,594.0,891.0
2021-01-18,M,-229,3730.0,10.0,0.0,343.5,515.25,0.0,343.5,515.25
2021-01-18,RU,25,14555.0,10.0,0.0,75.0,112.5,0.0,75.0,112.5
2021-01-18,RU,3,14555.0,10.0,0.0,9.0,13.5,0.0,9.0,13.5
2021-01-18,T,21,97.845,10000.0,0.0,63.0,94.5,0.0,63.0,94.5
2021-01-25,FG,-3,1770.0,20.0,0.0,9.0,13.5,0.0,9.0,13.5
2021-01-25,SP,-12,6276.0,10.0,5e-06,3.7656,5.6484000000000005,5e-05,37.656000000000006,56.48400000000001
2021-01-25,T,16,98.275,10000.0,0.0,48.0,72.0,0.0,48.0,72.0
2021-02-01,AP,-2,6084.0,10.0,0.0,10.0,15.0,0.0,10.0,15.0
2021-02-01,SC,-3,336.3,1000.0,0.0,60.0,90.0,0.0,60.0,90.0
2021-02-01,SP,-11,6696.0,10.0,5e-06,3.6828000000000003,5.5242,5e-05,36.828,55.242000000000004
2021-02-08,AP,-3,6058.0,10.0,0.0,15.0,22.5,0.0,15.0,22.5
2021-02-08,C,-501,2816.0,10.0,0.0,601.1999999999999,901.8,0.0,601.1999999999999,901.8
2021-02-08,C,-10,2816.0,10.0,0.0,12.0,18.0,0.0,12.0,18.0
2021-02-08,C,-73,2816.0,10.0,0.0,87.6,131.39999999999998,0.0,87.6,131.39999999999998
2021-02-08,JD,275,4509.0,5.0,0.0,412.5,618.75,0.0,412.5,618.75
2021-02-08,RB,-646,4290.0,10.0,1e-05,277.134,415.701,0.0001,2771.34,4157.01
2021-02-08,SP,-24,6596.0,10.0,2e-06,3.1660799999999996,4.74912,1.9999999999999998e-05,31.6608,47.4912
2021-02-08,T,-168,97.3,10000.0,0.0,504.0,756.0,0.0,504.0,756.0
2021-02-08,T,-17,97.3,10000.0,0.0,51.0,76.5,0.0,51.0,76.5
2021-02-08,T,-23,97.3,10000.0,0.0,69.0,103.5,0.0,69.0,103.5
2021-02-08,T,-21,97.3,10000.0,0.0,63.0,94.5,0.0,63.0,94.5
2021-02-08,T,-16,97.3,10000.0,0.0,48.0,72.0,0.0,48.0,72.0
2021-02-08,T,-211,97.3,10000.0,0.0,633.0,949.5,0.0,633.0,949.5
2021-02-09,SC,11,363.0,1000.0,0.0,220.0,330.0,0.0,220.0,330.0
2021-02-09,SC,3,363.0,1000.0,0.0,60.0,90.0,0.0,60.0,90.0
2021-02-09,SC,-15,369.8,1000.0,0.0,300.0,450.0,0.0,300.0,450.0
2021-02-09,SP,-25,6656.0,10.0,2e-06,3.328,4.992,1.9999999999999998e-05,33.28,49.92
2021-02-09,SP,-79,6656.0,10.0,2e-06,10.51648,15.774719999999999,1.9999999999999998e-05,105.1648,157.7472
2021-02-09,SP,-99,6656.0,10.0,2e-06,13.17888,19.76832,1.9999999999999998e-05,131.78879999999998,197.68319999999997
2021-02-09,SP,192,6614.0,10.0,5e-06,63.49440000000001,95.24160000000002,5e-05,634.944,952.4159999999999
2021-02-18,AP,76,6170.0,10.0,0.0,380.0,570.0,0.0,380.0,570.0
2021-02-18,C,-24,2780.0,10.0,0.0,28.799999999999997,43.199999999999996,0.0,28.799999999999997,43.199999999999996
2021-02-18,FG,198,1887.0,20.0,0.0,594.0,891.0,0.0,594.0,891.0
2021-02-18,FG,3,1887.0,20.0,0.0,9.0,13.5,0.0,9.0,13.5
2021-02-18,JD,21,4517.0,5.0,0.0,31.5,47.25,0.0,31.5,47.25
2021-02-18,MA,-267,2303.0,10.0,0.0,534.0,801.0,0.0,534.0,801.0
2021-02-18,P,-82,7096.0,10.0,0.0,205.0,307.5,0.0,205.0,307.5
2021-02-18,T,-22,96.955,10000.0,0.0,66.0,99.0,0.0,66.0,99.0
2021-02-22,AL,378,16495.0,5.0,0.0,1134.0,1701.0,0.0,1134.0,1701.0
2021-02-22,AP,3,6302.0,10.0,0.0,15.0,22.5,0.0,15.0,22.5
2021-02-22,C,-25,2818.0,10.0,0.0,30.0,45.0,0.0,30.0,45.0
2021-02-22,MA,267,2389.0,10.0,0.0,534.0,801.0,0.0,534.0,801.0
2021-02-22,RU,-35,15640.0,10.0,0.0,105.0,157.5,0.0,105.0,157.5
2021-02-22,SC,5,387.8,1000.0,0.0,100.0,150.0,0.0,100.0,150.0
2021-02-22,SP,6,6976.0,10.0,5e-06,2.0928000000000004,3.1392000000000007,5e-05,20.928,31.392000000000003
2021-02-22,T,211,96.99,10000.0,0.0,633.0,949.5,0.0,633.0,949.5
2021-02-22,T,22,96.99,10000.0,0.0,66.0,99.0,0.0,66.0,99.0
2021-02-22,T,-238,96.53,10000.0,0.0,714.0,1071.0,0.0,714.0,1071.0
2021-02-23,AL,-378,16645.0,5.0,0.0,1134.0,1701.0,0.0,1134.0,1701.0
2021-02-23,AL,432,16745.0,5.0,0.0,1296.0,1944.0,0.0,1296.0,1944.0
2021-03-01,AL,-139,17320.0,5.0,0.0,417.0,625.5,0.0,417.0,625.5
2021-03-01,AP,7,6035.0,10.0,0.0,35.0,52.5,0.0,35.0,52.5
2021-03-01,AP,18,6035.0,10.0,0.0,90.0,135.0,0.0,90.0,135.0
2021-03-01,C,-94,2781.0,10.0,0.0,112.8,169.2,0.0,112.8,169.2
2021-03-01,CF,66,16165.0,5.0,0.0,283.8,425.70000000000005,0.0,283.8,425.70000000000005
2021-03-01,FG,139,2044.0,20.0,0.0,417.0,625.5,0.0,417.0,625.5
2021-03-01,JD,-275,4597.0,5.0,0.0,412.5,618.75,0.0,412.5,618.75
2021-03-01,JD,-21,4597.0,5.0,0.0,31.5,47.25,0.0,31.5,47.25
2021-03-01,M,-131,3402.0,10.0,0.0,196.5,294.75,0.0,196.5,294.75
2021-03-01,P,82,7506.0,10.0,0.0,205.0,307.5,0.0,205.0,307.5
2021-03-01,RB,547,4656.0,10.0,1e-05,254.6832,382.0248,0.0001,2546.8320000000003,3820.2480000000005
2021-03-01,RU,35,15920.0,10.0,0.0,105.0,157.5,0.0,105.0,157.5
2021-03-01,SC,2,402.5,1000.0,0.0,40.0,60.0,0.0,40.0,60.0
2021-03-01,SP,-113,7444.0,10.0,5e-06,42.058600000000006,63.087900000000005,5e-05,420.586,630.879
2021-03-01,T,13,96.555,10000.0,0.0,39.0,58.5,0.0,39.0,58.5
2021-03-01,UR,-112,1963.0,20.0,0.0,560.0,840.0,0.0,560.0,840.0
2021-03-08,AL,-70,17310.0,5.0,0.0,210.0,315.0,0.0,210.0,315.0
2021-03-08,AP,19,5602.0,10.0,0.0,95.0,142.5,0.0,95.0,142.5
2021-03-08,C,-335,2816.0,10.0,0.0,402.0,603.0,0.0,402.0,603.0
2021-03-08,CF,-66,15960.0,5.0,0.0,283.8,425.70000000000005,0.0,283.8,425.70000000000005
2021-03-08,FG,-139,2118.0,20.0,0.0,417.0,625.5,0.0,417.0,625.5
2021-03-08,M,131,3366.0,10.0,0.0,196.5,294.75,0.0,196.5,294.75
2021-03-08,P,65,7524.0,10.0,0.0,162.5,243.75,0.0,162.5,243.75
2021-03-08,RB,-28,4700.0,10.0,1e-05,13.16,19.740000000000002,0.0001,131.6,197.39999999999998
2021-03-08,SC,1,425.2,1000.0,0.0,20.0,30.0,0.0,20.0,30.0
2021-03-08,SP,101,7316.0,10.0,5e-06,36.9458,55.4187,5e-05,369.458,554.187
2021-03-08,T,36,96.95,10000.0,0.0,108.0,162.0,0.0,108.0,162.0
2021-03-08,UR,112,1860.0,20.0,0.0,560.0,840.0,0.0,560.0,840.0
2021-03-15,AP,-63,5353.0,10.0,0.0,315.0,472.5,0.0,315.0,472.5
2021-03-15,FG,113,1972.0,20.0,0.0,339.0,508.5,0.0,339.0,508.5
2021-03-15,P,51,7974.0,10.0,0.0,127.5,191.25,0.0,127.5,191.25
2021-03-15,RB,-50,4728.0,10.0,1e-05,23.640000000000004,35.46000000000001,0.0001,236.40000000000003,354.6
2021-03-15,SC,7,419.3,1000.0,0.0,140.0,210.0,0.0,140.0,210.0
2021-03-15,SC,-6,425.1,1000.0,0.0,120.0,180.0,0.0,120.0,180.0
2021-03-15,SP,-79,7314.0,10.0,5e-06,28.890300000000003,43.33545000000001,5e-05,288.903,433.35450000000003
2021-03-15,SP,-6,7314.0,10.0,5e-06,2.1942000000000004,3.2913000000000006,5e-05,21.942,32.913
2021-03-15,SP,-20,7314.0,10.0,5e-06,7.314,10.971,5e-05,73.14,109.71000000000001
2021-03-15,UR,-108,1938.0,20.0,0.0,540.0,810.0,0.0,540.0,810.0
2021-03-17,AL,-223,17510.0,5.0,0.0,669.0,1003.5,0.0,669.0,1003.5
2021-03-17,AL,218,17520.0,5.0,0.0,654.0,981.0,0.0,654.0,981.0
2021-03-22,AP,-8,5148.0,10.0,0.0,40.0,60.0,0.0,40.0,60.0
2021-03-22,FG,-113,2049.0,20.0,0.0,339.0,508.5,0.0,339.0,508.5
2021-03-22,SC,2,379.1,1000.0,0.0,40.0,60.0,0.0,40.0,60.0
2021-03-22,SP,35,7072.0,10.0,5e-06,12.376000000000001,18.564,5e-05,123.76,185.64000000000001
2021-03-29,AL,52,17460.0,5.0,0.0,156.0,234.0,0.0,156.0,234.0
2021-03-29,AP,45,5177.0,10.0,0.0,225.0,337.5,0.0,225.0,337.5
2021-03-29,AP,12,5177.0,10.0,0.0,60.0,90.0,0.0,60.0,90.0
2021-03-29,AP,18,5177.0,10.0,0.0,90.0,135.0,0.0,90.0,135.0
2021-03-29,AP,3,5177.0,10.0,0.0,15.0,22.5,0.0,15.0,22.5
2021-03-29,AP,2,5177.0,10.0,0.0,10.0,15.0,0.0,10.0,15.0
2021-03-29,AP,3,5177.0,10.0,0.0,15.0,22.5,0.0,15.0,22.5
2021-03-29,AP,63,5177.0,10.0,0.0,315.0,472.5,0.0,315.0,472.5
2021-03-29,AP,8,5177.0,10.0,0.0,40.0,60.0,0.0,40.0,60.0
2021-03-29,AP,-198,5882.0,10.0,0.0,990.0,1485.0,0.0,990.0,1485.0
2021-03-29,C,400,2714.0,10.0,0.0,480.0,720.0,0.0,480.0,720.0
2021-03-29,FG,397,2134.0,20.0,0.0,1191.0,1786.5,0.0,1191.0,1786.5
2021-03-29,P,-52,7520.0,10.0,0.0,130.0,195.0,0.0,130.0,195.0
2021-03-29,RB,51,4947.0,10.0,1e-05,25.2297,37.84455,0.0001,252.297,378.4455
2021-03-29,RU,-30,14155.0,10.0,0.0,90.0,135.0,0.0,90.0,135.0
2021-03-29,SC,4,385.9,1000.0,0.0,80.0,120.0,0.0,80.0,120.0
2021-03-29,SP,-81,7072.0,10.0,5e-06,28.6416,42.9624,5e-05,286.416,429.624
2021-03-29,SP,-35,7072.0,10.0,5e-06,12.376000000000001,18.564,5e-05,123.76,185.64000000000001
2021-03-29,T,189,97.41,10000.0,0.0,567.0,850.5,0.0,567.0,850.5
2021-03-29,UR,108,2032.0,20.0,0.0,540.0,810.0,0.0,540.0,810.0
2021-04-06,AL,-70,17615.0,5.0,0.0,210.0,315.0,0.0,210.0,315.0
2021-04-06,AP,-72,5730.0,10.0,0.0,360.0,540.0,0.0,360.0,540.0
2021-04-06,C,-400,2619.0,10.0,0.0,480.0,720.0,0.0,480.0,720.0
2021-04-06,FG,89,2132.0,20.0,0.0,267.0,400.5,0.0,267.0,400.5
2021-04-06,RB,48,5164.0,10.0,1e-05,24.787200000000006,37.180800000000005,0.0001,247.872,371.808
2021-04-06,RU,-6,14190.0,10.0,0.0,18.0,27.0,0.0,18.0,27.0
2021-04-07,RU,30,14205.0,10.0,0.0,90.0,135.0,0.0,90.0,135.0
2021-04-07,RU,6,14205.0,10.0,0.0,18.0,27.0,0.0,18.0,27.0
2021-04-07,RU,-41,14300.0,10.0,0.0,123.0,184.5,0.0,123.0,184.5
2021-04-08,RB,-469,5118.0,10.0,1e-05,240.03420000000003,360.0513,0.0001,2400.342,3600.513
2021-04-08,RB,-51,5118.0,10.0,1e-05,26.1018,39.1527,0.0001,261.01800000000003,391.52700000000004
2021-04-08,RB,-48,5118.0,10.0,1e-05,24.5664,36.8496,0.0001,245.66400000000002,368.49600000000004
2021-04-08,RB,663,5112.0,10.0,1e-05,338.9256,508.38839999999993,0.0001,3389.256,5083.884
2021-04-09,FG,-397,2120.0,20.0,0.0,794.0,1191.0,0.0,794.0,1191.0
2021-04-09,FG,-89,2120.0,20.0,0.0,178.0,267.0,0.0,178.0,267.0
2021-04-09,FG,537,2162.0,20.0,0.0,1611.0,2416.5,0.0,1611.0,2416.5
2021-04-12,AL,157,17490.0,5.0,0.0,471.0,706.5,0.0,471.0,706.5
2021-04-12,AP,165,5822.0,10.0,0.0,825.0,1237.5,0.0,825.0,1237.5
2021-04-12,CF,-103,15000.0,5.0,0.0,442.9,664.3499999999999,0.0,442.9,664.3499999999999
2021-04-12,FG,-9,2094.0,20.0,0.0,27.0,40.5,0.0,27.0,40.5
2021-04-12,M,206,3535.0,10.0,0.0,309.0,463.5,0.0,309.0,463.5
2021-04-12,P,1,7576.0,10.0,0.0,2.5,3.75,0.0,2.5,3.75
2021-04-13,CF,103,14915.0,5.0,0.0,442.9,664.3499999999999,0.0,442.9,664.3499999999999
2021-04-13,CF,-113,15080.0,5.0,0.0,485.9,728.8499999999999,0.0,485.9,728.8499999999999
2021-04-14,P,-13,7566.0,10.0,0.0,32.5,48.75,0.0,32.5,48.75
2021-04-14,P,-51,7566.0,10.0,0.0,127.5,191.25,0.0,127.5,191.25
2021-04-14,P,-1,7566.0,10.0,0.0,2.5,3.75,0.0,2.5,3.75
2021-04-14,P,73,6812.0,10.0,0.0,182.5,273.75,0.0,182.5,273.75
2021-04-19,AL,-145,17995.0,5.0,0.0,435.0,652.5,0.0,435.0,652.5
2021-04-19,AP,-77,5791.0,10.0,0.0,385.0,577.5,0.0,385.0,577.5
2021-04-19,CF,113,15405.0,5.0,0.0,485.9,728.8499999999999,0.0,485.9,728.8499999999999
2021-04-19,FG,-336,2227.0,20.0,0.0,1008.0,1512.0,0.0,1008.0,1512.0
2021-04-19,M,17,3517.0,10.0,0.0,25.5,38.25,0.0,25.5,38.25
2021-04-19,RU,-2,13745.0,10.0,0.0,6.0,9.0,0.0,6.0,9.0
2021-04-19,SC,-7,416.4,1000.0,0.0,140.0,210.0,0.0,140.0,210.0
2021-04-19,UR,193,2062.0,20.0,0.0,965.0,1447.5,0.0,965.0,1447.5
2021-04-22,UR,-193,2032.0,20.0,0.0,193.0,289.5,0.0,193.0,289.5
2021-04-22,UR,243,2058.0,20.0,0.0,1215.0,1822.5,0.0,1215.0,1822.5
2021-04-23,AL,-3,18170.0,5.0,0.0,9.0,13.5,0.0,9.0,13.5
2021-04-23,AL,-52,18170.0,5.0,0.0,156.0,234.0,0.0,156.0,234.0
2021-04-23,AL,-157,18170.0,5.0,0.0,471.0,706.5,0.0,471.0,706.5
2021-04-23,AL,226,18170.0,5.0,0.0,678.0,1017.0,0.0,678.0,1017.0
2021-04-26,AL,193,18360.0,5.0,0.0,579.0,868.5,0.0,579.0,868.5
2021-04-26,AP,-19,5811.0,10.0,0.0,95.0,142.5,0.0,95.0,142.5
2021-04-26,FG,187,2263.0,20.0,0.0,561.0,841.5,0.0,561.0,841.5
2021-04-26,M,49,3632.0,10.0,0.0,73.5,110.25,0.0,73.5,110.25
2021-04-26,P,13,7554.0,10.0,0.0,32.5,48.75,0.0,32.5,48.75
2021-04-26,RB,84,5301.0,10.0,1e-05,44.528400000000005,66.79260000000001,0.0001,445.284,667.9259999999999
2021-04-26,RU,-9,14045.0,10.0,0.0,27.0,40.5,0.0,27.0,40.5
2021-04-26,SC,-4,395.6,1000.0,0.0,80.0,120.0,0.0,80.0,120.0
2021-04-26,UR,-243,2085.0,20.0,0.0,1215.0,1822.5,0.0,1215.0,1822.5
2021-05-06,AL,22,19085.0,5.0,0.0,66.0,99.0,0.0,66.0,99.0
2021-05-06,AP,-27,5758.0,10.0,0.0,135.0,202.5,0.0,135.0,202.5
2021-05-06,FG,225,2452.0,20.0,0.0,675.0,1012.5,0.0,675.0,1012.5
2021-05-06,M,11,3650.0,10.0,0.0,16.5,24.75,0.0,16.5,24.75
2021-05-06,RB,4,5521.0,10.0,1e-05,2.2084,3.3126,0.0001,22.084,33.126
2021-05-06,RU,-2,14075.0,10.0,0.0,6.0,9.0,0.0,6.0,9.0
2021-05-06,SC,7,423.8,1000.0,0.0,140.0,210.0,0.0,140.0,210.0
2021-05-06,SC,4,423.8,1000.0,0.0,80.0,120.0,0.0,80.0,120.0
2021-05-10,C,452,2819.0,10.0,0.0,542.4,813.5999999999999,0.0,542.4,813.5999999999999
2021-05-10,FG,-2,2541.0,20.0,0.0,6.0,9.0,0.0,6.0,9.0
2021-05-10,M,-206,3710.0,10.0,0.0,309.0,463.5,0.0,309.0,463.5
2021-05-10,M,-17,3710.0,10.0,0.0,25.5,38.25,0.0,25.5,38.25
2021-05-10,M,-49,3710.0,10.0,0.0,73.5,110.25,0.0,73.5,110.25
2021-05-10,M,-11,3710.0,10.0,0.0,16.5,24.75,0.0,16.5,24.75
2021-05-10,P,-7,8098.0,10.0,0.0,17.5,26.25,0.0,17.5,26.25
2021-05-10,RB,-84,5676.0,10.0,1e-05,47.678399999999996,71.51759999999999,0.0001,476.784,715.1759999999999
2021-05-11,AL,-40,20395.0,5.0,0.0,120.0,180.0,0.0,120.0,180.0
2021-05-11,FG,-156,2706.0,20.0,0.0,468.0,702.0,0.0,468.0,702.0
2021-05-11,P,-5,7962.0,10.0,0.0,12.5,18.75,0.0,12.5,18.75
2021-05-11,RB,-191,6112.0,10.0,1e-05,116.73920000000001,175.10880000000003,0.0001,1167.392,1751.0880000000002
2021-05-12,AL,-40,20020.0,5.0,0.0,120.0,180.0,0.0,120.0,180.0
2021-05-12,FG,-18,2766.0,20.0,0.0,54.0,81.0,0.0,54.0,81.0
2021-05-12,RU,2,14175.0,10.0,0.0,6.0,9.0,0.0,6.0,9.0
2021-05-13,FG,-10,2858.0,20.0,0.0,100.0,150.0,0.0,100.0,150.0
2021-05-14,C,-8,2798.0,10.0,0.0,9.6,14.399999999999999,0.0,9.6,14.399999999999999
2021-05-14,FG,-6,2842.0,20.0,0.0,60.0,90.0,0.0,60.0,90.0
2021-05-14,FG,-14,2842.0,20.0,0.0,140.0,210.0,0.0,140.0,210.0
2021-05-14,RB,-42,5884.0,10.0,1e-05,24.7128,37.0692,0.0001,247.12800000000001,370.692
2021-05-14,RU,4,13735.0,10.0,0.0,12.0,18.0,0.0,12.0,18.0
2021-05-17,AP,33,5700.0,10.0,0.0,165.0,247.5,0.0,165.0,247.5
2021-05-17,AP,55,5700.0,10.0,0.0,275.0,412.5,0.0,275.0,412.5
2021-05-17,C,297,2785.0,10.0,0.0,356.4,534.5999999999999,0.0,356.4,534.5999999999999
2021-05-17,P,-2,8186.0,10.0,0.0,5.0,7.5,0.0,5.0,7.5
2021-05-17,RB,-45,5679.0,10.0,1e-05,25.555500000000002,38.33325000000001,0.0001,255.555,383.3325
2021-05-17,RU,35,13390.0,10.0,0.0,105.0,157.5,0.0,105.0,157.5
2021-05-17,RU,2,13390.0,10.0,0.0,6.0,9.0,0.0,6.0,9.0
2021-05-17,RU,9,13390.0,10.0,0.0,27.0,40.5,0.0,27.0,40.5
2021-05-17,RU,2,13390.0,10.0,0.0,6.0,9.0,0.0,6.0,9.0
2021-05-18,AL,-32,19690.0,5.0,0.0,96.0,144.0,0.0,96.0,144.0
2021-05-18,AP,10,5808.0,10.0,0.0,50.0,75.0,0.0,50.0,75.0
2021-05-18,P,-3,8096.0,10.0,0.0,7.5,11.25,0.0,7.5,11.25
2021-05-18,RB,-27,5598.0,10.0,1e-05,15.114600000000003,22.671900000000004,0.0001,151.146,226.719
2021-05-20,AL,-16,19215.0,5.0,0.0,48.0,72.0,0.0,48.0,72.0
2021-05-20,AP,4,5866.0,10.0,0.0,20.0,30.0,0.0,20.0,30.0
2021-05-20,FG,-34,2613.0,20.0,0.0,340.0,510.0,0.0,340.0,510.0
2021-05-20,P,-3,7996.0,10.0,0.0,7.5,11.25,0.0,7.5,11.25
2021-05-20,RB,-40,5199.0,10.0,1e-05,20.796,31.194,0.0001,207.95999999999998,311.93999999999994
2021-05-21,AL,-21,19055.0,5.0,0.0,63.0,94.5,0.0,63.0,94.5
2021-05-21,AP,3,6162.0,10.0,0.0,15.0,22.5,0.0,15.0,22.5
2021-05-21,AP,18,6162.0,10.0,0.0,90.0,135.0,0.0,90.0,135.0
2021-05-21,FG,-22,2644.0,20.0,0.0,220.0,330.0,0.0,220.0,330.0
2021-05-21,P,-3,7898.0,10.0,0.0,7.5,11.25,0.0,7.5,11.25
2021-05-21,RB,-21,5186.0,10.0,1e-05,10.890600000000001,16.335900000000002,0.0001,108.906,163.359
2021-05-24,AL,-77,19190.0,5.0,0.0,231.0,346.5,0.0,231.0,346.5
2021-05-24,AL,-193,19190.0,5.0,0.0,579.0,868.5,0.0,579.0,868.5
2021-05-24,AL,-22,19190.0,5.0,0.0,66.0,99.0,0.0,66.0,99.0
2021-05-24,AL,279,19130.0,5.0,0.0,837.0,1255.5,0.0,837.0,1255.5
2021-05-24,AP,-69,6475.0,10.0,0.0,345.0,517.5,0.0,345.0,517.5
2021-05-24,C,-444,2762.0,10.0,0.0,532.8,799.1999999999999,0.0,532.8,799.1999999999999
2021-05-24,C,-297,2762.0,10.0,0.0,356.4,534.5999999999999,0.0,356.4,534.5999999999999
2021-05-24,FG,-69,2561.0,20.0,0.0,690.0,1035.0,0.0,690.0,1035.0
2021-05-24,P,35,7624.0,10.0,0.0,87.5,131.25,0.0,87.5,131.25
2021-05-24,SP,-91,6734.0,10.0,5e-06,30.639700000000005,45.95955000000001,5e-05,306.397,459.5955
2021-05-25,AL,-27,18125.0,5.0,0.0,81.0,121.5,0.0,81.0,121.5
2021-05-25,FG,-28,2595.0,20.0,0.0,420.0,630.0,0.0,420.0,630.0
2021-05-25,RB,-4,4975.0,10.0,1e-05,1.9900000000000002,2.9850000000000003,0.0001,19.900000000000002,29.85
2021-05-27,AP,8,6052.0,10.0,0.0,40.0,60.0,0.0,40.0,60.0
2021-05-27,RB,-5,4646.0,10.0,1e-05,2.323,3.4844999999999997,0.0001,23.23,34.845
2021-05-28,AP,18,6335.0,10.0,0.0,90.0,135.0,0.0,90.0,135.0
2021-05-28,RB,-4,4844.0,10.0,1e-05,1.9376000000000002,2.9064000000000005,0.0001,19.376,29.064
2021-05-28,SP,4,5934.0,10.0,5e-06,1.1868,1.7802000000000002,5e-05,11.868,17.802
2021-05-31,AP,33,6282.0,10.0,0.0,165.0,247.5,0.0,165.0,247.5
2021-05-31,AP,19,6282.0,10.0,0.0,95.0,142.5,0.0,95.0,142.5
2021-05-31,AP,27,6282.0,10.0,0.0,135.0,202.5,0.0,135.0,202.5
2021-05-31,AP,69,6282.0,10.0,0.0,345.0,517.5,0.0,345.0,517.5
2021-05-31,FG,-20,2616.0,20.0,0.0,300.0,450.0,0.0,300.0,450.0
2021-05-31,FG,-33,2616.0,20.0,0.0,495.0,742.5,0.0,495.0,742.5
2021-05-31,JD,-310,4843.0,5.0,0.0,465.0,697.5,0.0,465.0,697.5
2021-05-31,P,-37,7586.0,10.0,0.0,92.5,138.75,0.0,92.5,138.75
2021-05-31,RB,-200,4909.0,10.0,1e-05,98.18,147.27,0.0001,981.8,1472.6999999999998
2021-05-31,RB,-84,4909.0,10.0,1e-05,41.235600000000005,61.85340000000001,0.0001,412.356,618.534
2021-05-31,RB,-4,4909.0,10.0,1e-05,1.9636000000000002,2.9454000000000002,0.0001,19.636,29.454
2021-05-31,UR,111,2305.0,20.0,0.0,555.0,832.5,0.0,555.0,832.5
2021-06-01,FG,-12,2686.0,20.0,0.0,180.0,270.0,0.0,180.0,270.0
2021-06-01,P,-3,7542.0,10.0,0.0,7.5,11.25,0.0,7.5,11.25
2021-06-01,SP,4,6264.0,10.0,5e-06,1.2528000000000001,1.8792000000000002,5e-05,12.528,18.792
2021-06-07,AL,36,18460.0,5.0,0.0,108.0,162.0,0.0,108.0,162.0
2021-06-07,FG,99,2702.0,20.0,0.0,1485.0,2227.5,0.0,1485.0,2227.5
2021-06-07,JD,310,4741.0,5.0,0.0,465.0,697.5,0.0,465.0,697.5
2021-06-07,M,-232,3553.0,10.0,0.0,348.0,522.0,0.0,348.0,522.0
2021-06-07,UR,-111,2498.0,20.0,0.0,1110.0,1665.0,0.0,1110.0,1665.0
2021-06-15,AL,-252,19165.0,5.0,0.0,756.0,1134.0,0.0,756.0,1134.0
2021-06-15,AL,-36,19165.0,5.0,0.0,108.0,162.0,0.0,108.0,162.0
2021-06-15,FG,-19,2707.0,20.0,0.0,285.0,427.5,0.0,285.0,427.5
2021-06-15,M,232,3557.0,10.0,0.0,348.0,522.0,0.0,348.0,522.0
2021-06-15,P,-10,6954.0,10.0,0.0,25.0,37.5,0.0,25.0,37.5
2021-06-15,P,-13,6954.0,10.0,0.0,32.5,48.75,0.0,32.5,48.75
2021-06-15,P,-35,6954.0,10.0,0.0,87.5,131.25,0.0,87.5,131.25
2021-06-15,SP,-11,6192.0,10.0,5e-06,3.4056000000000006,5.108400000000001,5e-05,34.056,51.083999999999996
2021-06-15,UR,117,2303.0,20.0,0.0,585.0,877.5,0.0,585.0,877.5
2021-06-17,SP,83,6148.0,10.0,2e-06,10.20568,15.308519999999998,1.9999999999999998e-05,102.05679999999998,153.0852
2021-06-17,SP,11,6148.0,10.0,2e-06,1.35256,2.0288399999999998,1.9999999999999998e-05,13.525599999999997,20.288399999999996
2021-06-17,SP,-110,5874.0,10.0,5e-06,32.307,48.4605,5e-05,323.07000000000005,484.6050000000001
2021-06-21,C,383,2626.0,10.0,0.0,459.59999999999997,689.4,0.0,459.59999999999997,689.4
2021-06-21,SC,12,441.0,1000.0,0.0,240.0,360.0,0.0,240.0,360.0
2021-06-21,T,-288,98.1,10000.0,0.0,864.0,1296.0,0.0,864.0,1296.0
2021-06-21,UR,-117,2163.0,20.0,0.0,585.0,877.5,0.0,585.0,877.5
2021-06-28,C,-383,2586.0,10.0,0.0,459.59999999999997,689.4,0.0,459.59999999999997,689.4
2021-06-28,FG,-161,2840.0,20.0,0.0,2415.0,3622.5,0.0,2415.0,3622.5
2021-06-28,FG,-3,2840.0,20.0,0.0,45.0,67.5,0.0,45.0,67.5
2021-06-28,LH,-2,19590.0,16.0,0.0,4.0,6.0,0.0,4.0,6.0
2021-06-28,P,23,7044.0,10.0,0.0,57.5,86.25,0.0,57.5,86.25
2021-06-28,SC,-6,467.6,1000.0,0.0,120.0,180.0,0.0,120.0,180.0
2021-06-28,SP,65,6090.0,10.0,5e-06,19.792500000000004,29.688750000000006,5e-05,197.92499999999998,296.8875
2021-06-28,T,154,98.31,10000.0,0.0,462.0,693.0,0.0,462.0,693.0
2021-07-05,AL,142,18910.0,5.0,0.0,426.0,639.0,0.0,426.0,639.0
2021-07-05,AP,-50,6178.0,10.0,0.0,250.0,375.0,0.0,250.0,375.0
2021-07-05,CF,51,16270.0,5.0,0.0,219.29999999999998,328.95,0.0,219.29999999999998,328.95
2021-07-05,LH,-2,18790.0,16.0,0.0,4.0,6.0,0.0,4.0,6.0
2021-07-05,P,3,7640.0,10.0,0.0,7.5,11.25,0.0,7.5,11.25
2021-07-05,RB,164,5116.0,10.0,1e-05,83.90240000000001,125.85360000000003,0.0001,839.0240000000001,1258.536
2021-07-05,RU,-27,12710.0,10.0,0.0,81.0,121.5,0.0,81.0,121.5
2021-07-05,SP,45,6226.0,10.0,5e-06,14.008500000000002,21.012750000000004,5e-05,140.085,210.1275
2021-07-12,AL,321,19010.0,5.0,0.0,963.0,1444.5,0.0,963.0,1444.5
2021-07-12,AP,-110,6163.0,10.0,0.0,550.0,825.0,0.0,550.0,825.0
2021-07-12,C,-635,2563.0,10.0,0.0,762.0,1143.0,0.0,762.0,1143.0
2021-07-12,CF,120,16430.0,5.0,0.0,516.0,774.0,0.0,516.0,774.0
2021-07-12,FG,226,2913.0,20.0,0.0,3390.0,5085.0,0.0,3390.0,5085.0
2021-07-12,LH,2,19010.0,16.0,0.0,4.0,6.0,0.0,4.0,6.0
2021-07-12,LH,2,19010.0,16.0,0.0,4.0,6.0,0.0,4.0,6.0
2021-07-12,P,61,7818.0,10.0,0.0,152.5,228.75,0.0,152.5,228.75
2021-07-12,RB,-164,5474.0,10.0,1e-05,89.7736,134.6604,0.0001,897.736,1346.604
2021-07-12,RU,-51,13310.0,10.0,0.0,153.0,229.5,0.0,153.0,229.5
2021-07-12,SC,-6,446.8,1000.0,0.0,120.0,180.0,0.0,120.0,180.0
2021-07-12,SP,147,6434.0,10.0,5e-06,47.2899,70.93485000000001,5e-05,472.899,709.3485000000001
2021-07-12,T,134,99.115,10000.0,0.0,402.0,603.0,0.0,402.0,603.0
2021-07-12,T,331,99.115,10000.0,0.0,993.0,1489.5,0.0,993.0,1489.5
2021-07-19,AP,13,6062.0,10.0,0.0,65.0,97.5,0.0,65.0,97.5
2021-07-19,C,80,2578.0,10.0,0.0,96.0,144.0,0.0,96.0,144.0
2021-07-19,FG,148,3082.0,20.0,0.0,2220.0,3330.0,0.0,2220.0,3330.0
2021-07-19,RB,470,5581.0,10.0,1e-05,262.307,393.4605,0.0001,2623.07,3934.6050000000005
2021-07-19,RU,27,13590.0,10.0,0.0,81.0,121.5,0.0,81.0,121.5
2021-07-19,RU,51,13590.0,10.0,0.0,153.0,229.5,0.0,153.0,229.5
2021-07-19,SP,-147,6356.0,10.0,5e-06,46.71660000000001,70.07490000000001,5e-05,467.166,700.749
2021-07-19,T,-55,99.365,10000.0,0.0,165.0,247.5,0.0,165.0,247.5
2021-07-23,AL,-142,19200.0,5.0,0.0,426.0,639.0,0.0,426.0,639.0
2021-07-23,AL,-321,19200.0,5.0,0.0,963.0,1444.5,0.0,963.0,1444.5
2021-07-23,AL,402,19245.0,5.0,0.0,1206.0,1809.0,0.0,1206.0,1809.0
2021-07-26,AP,-92,5853.0,10.0,0.0,460.0,690.0,0.0,460.0,690.0
2021-07-26,C,555,2533.0,10.0,0.0,666.0,999.0,0.0,666.0,999.0
2021-07-26,CF,-51,17150.0,5.0,0.0,219.29999999999998,328.95,0.0,219.29999999999998,328.95
2021-07-26,CF,-120,17150.0,5.0,0.0,516.0,774.0,0.0,516.0,774.0
2021-07-26,FG,-32,3018.0,20.0,0.0,64.0,96.0,0.0,64.0,96.0
2021-07-26,P,63,8352.0,10.0,0.0,157.5,236.25,0.0,157.5,236.25
2021-07-26,RB,34,5661.0,10.0,1e-05,19.247400000000003,28.871100000000006,0.0001,192.47400000000002,288.711
2021-07-26,SC,-10,437.6,1000.0,0.0,200.0,300.0,0.0,200.0,300.0
2021-07-27,FG,-64,2982.0,20.0,0.0,128.0,192.0,0.0,128.0,192.0
2021-07-27,FG,-226,2982.0,20.0,0.0,452.0,678.0,0.0,452.0,678.0
2021-07-27,FG,-148,2982.0,20.0,0.0,296.0,444.0,0.0,296.0,444.0
2021-07-27,FG,358,2918.0,20.0,0.0,2148.0,3222.0,0.0,2148.0,3222.0
2021-08-02,AP,-16,5948.0,10.0,0.0,80.0,120.0,0.0,80.0,120.0
2021-08-02,FG,-108,2874.0,20.0,0.0,648.0,972.0,0.0,648.0,972.0
2021-08-02,P,19,8518.0,10.0,0.0,47.5,71.25,0.0,47.5,71.25
2021-08-02,RB,64,5684.0,10.0,1e-05,36.3776,54.5664,0.0001,363.776,545.664
2021-08-02,T,-16,100.595,10000.0,0.0,48.0,72.0,0.0,48.0,72.0
2021-08-02,UR,144,2479.0,20.0,0.0,720.0,1080.0,0.0,720.0,1080.0
2021-08-09,AL,25,19990.0,5.0,0.0,75.0,112.5,0.0,75.0,112.5
2021-08-09,AP,37,6121.0,10.0,0.0,185.0,277.5,0.0,185.0,277.5
2021-08-09,AP,56,6121.0,10.0,0.0,280.0,420.0,0.0,280.0,420.0
2021-08-09,FG,-17,2705.0,20.0,0.0,102.0,153.0,0.0,102.0,153.0
2021-08-09,JD,-448,4599.0,5.0,0.0,672.0,1008.0,0.0,672.0,1008.0
2021-08-09,RB,-84,5369.0,10.0,1e-05,45.0996,67.6494,0.0001,450.99600000000004,676.494
2021-08-12,RB,-386,5478.0,10.0,1e-05,211.45080000000002,317.1762,0.0001,2114.5080000000003,3171.7620000000006
2021-08-12,RB,-34,5478.0,10.0,1e-05,18.625200000000003,27.937800000000003,0.0001,186.252,279.37800000000004
2021-08-12,RB,-64,5478.0,10.0,1e-05,35.059200000000004,52.588800000000006,0.0001,350.59200000000004,525.888
2021-08-12,RB,462,5562.0,10.0,1e-05,256.9644,385.4466,0.0001,2569.6440000000002,3854.4660000000003
2021-08-13,SC,10,430.8,1000.0,0.0,200.0,300.0,0.0,200.0,300.0
2021-08-13,SC,-12,430.8,1000.0,0.0,240.0,360.0,0.0,240.0,360.0
2021-08-16,AL,123,20165.0,5.0,0.0,369.0,553.5,0.0,369.0,553.5
2021-08-16,CF,147,17905.0,5.0,0.0,632.1,948.1500000000001,0.0,632.1,948.1500000000001
2021-08-16,FG,-116,2730.0,20.0,0.0,696.0,1044.0,0.0,696.0,1044.0
2021-08-16,JD,448,4460.0,5.0,0.0,672.0,1008.0,0.0,672.0,1008.0
2021-08-16,LH,-22,16790.0,16.0,0.0,44.0,66.0,0.0,44.0,66.0
2021-08-16,P,-23,8956.0,10.0,0.0,57.5,86.25,0.0,57.5,86.25
2021-08-16,P,-3,8956.0,10.0,0.0,7.5,11.25,0.0,7.5,11.25
2021-08-16,P,-47,8956.0,10.0,0.0,117.5,176.25,0.0,117.5,176.25
2021-08-16,RB,-462,5475.0,10.0,1e-05,252.94500000000005,379.4175000000001,0.0001,2529.4500000000003,3794.175
2021-08-16,SC,12,432.7,1000.0,0.0,240.0,360.0,0.0,240.0,360.0
2021-08-16,UR,-144,2446.0,20.0,0.0,144.0,216.0,0.0,144.0,216.0
2021-08-16,UR,169,2340.0,20.0,0.0,845.0,1267.5,0.0,845.0,1267.5
2021-08-19,P,-14,8680.0,10.0,0.0,35.0,52.5,0.0,35.0,52.5
2021-08-19,P,-63,8680.0,10.0,0.0,157.5,236.25,0.0,157.5,236.25
2021-08-19,P,-19,8680.0,10.0,0.0,47.5,71.25,0.0,47.5,71.25
2021-08-19,P,99,8154.0,10.0,0.0,247.5,371.25,0.0,247.5,371.25
2021-08-20,LH,22,15635.0,16.0,0.0,22.0,33.0,0.0,22.0,33.0
2021-08-20,LH,-26,17355.0,16.0,0.0,52.0,78.0,0.0,52.0,78.0
2021-08-20,T,-260,100.395,10000.0,0.0,780.0,1170.0,0.0,780.0,1170.0
2021-08-20,T,296,100.14,10000.0,0.0,888.0,1332.0,0.0,888.0,1332.0
2021-08-23,AP,-9,6000.0,10.0,0.0,45.0,67.5,0.0,45.0,67.5
2021-08-23,CF,-147,17590.0,5.0,0.0,632.1,948.1500000000001,0.0,632.1,948.1500000000001
2021-08-23,FG,-117,2658.0,20.0,0.0,702.0,1053.0,0.0,702.0,1053.0
2021-08-23,P,81,8022.0,10.0,0.0,202.5,303.75,0.0,202.5,303.75
2021-08-23,UR,-169,2267.0,20.0,0.0,845.0,1267.5,0.0,845.0,1267.5
2021-08-24,AL,-402,20440.0,5.0,0.0,1206.0,1809.0,0.0,1206.0,1809.0
2021-08-24,AL,-25,20440.0,5.0,0.0,75.0,112.5,0.0,75.0,112.5
2021-08-24,AL,-123,20440.0,5.0,0.0,369.0,553.5,0.0,369.0,553.5
2021-08-24,AL,615,20430.0,5.0,0.0,1845.0,2767.5,0.0,1845.0,2767.5
2021-08-30,AP,54,6069.0,10.0,0.0,270.0,405.0,0.0,270.0,405.0
2021-08-30,AP,92,6069.0,10.0,0.0,460.0,690.0,0.0,460.0,690.0
2021-08-30,AP,16,6069.0,10.0,0.0,80.0,120.0,0.0,80.0,120.0
2021-08-30,AP,9,6069.0,10.0,0.0,45.0,67.5,0.0,45.0,67.5
2021-08-30,LH,-1,17070.0,16.0,0.0,2.0,3.0,0.0,2.0,3.0
2021-08-30,P,-48,8248.0,10.0,0.0,120.0,180.0,0.0,120.0,180.0
2021-08-30,RU,-72,13820.0,10.0,0.0,216.0,324.0,0.0,216.0,324.0
2021-08-30,SP,170,6078.0,10.0,5e-06,51.663000000000004,77.4945,5e-05,516.63,774.9449999999999
2021-09-06,AL,-14,21365.0,5.0,0.0,42.0,63.0,0.0,42.0,63.0
2021-09-06,FG,125,2758.0,20.0,0.0,750.0,1125.0,0.0,750.0,1125.0
2021-09-06,LH,-1,16040.0,16.0,0.0,2.0,3.0,0.0,2.0,3.0
2021-09-06,P,-5,8314.0,10.0,0.0,12.5,18.75,0.0,12.5,18.75
2021-09-06,RU,-16,13815.0,10.0,0.0,48.0,72.0,0.0,48.0,72.0
2021-09-06,SP,-170,6234.0,10.0,5e-06,52.989000000000004,79.4835,5e-05,529.89,794.835
2021-09-06,T,-296,100.315,10000.0,0.0,888.0,1332.0,0.0,888.0,1332.0
2021-09-06,UR,-357,2398.0,20.0,0.0,1785.0,2677.5,0.0,1785.0,2677.5
2021-09-13,AP,-223,5596.0,10.0,0.0,1115.0,1672.5,0.0,1115.0,1672.5
2021-09-13,FG,-125,2562.0,20.0,0.0,750.0,1125.0,0.0,750.0,1125.0
2021-09-13,LH,-5,15045.0,16.0,0.0,10.0,15.0,0.0,10.0,15.0
2021-09-13,P,102,8158.0,10.0,0.0,255.0,382.5,0.0,255.0,382.5
2021-09-13,RU,-105,13425.0,10.0,0.0,315.0,472.5,0.0,315.0,472.5
2021-09-13,SC,21,452.3,1000.0,0.0,420.0,630.0,0.0,420.0,630.0
2021-09-13,T,355,100.04,10000.0,0.0,1065.0,1597.5,0.0,1065.0,1597.5
2021-09-13,UR,357,2587.0,20.0,0.0,1785.0,2677.5,0.0,1785.0,2677.5
2021-09-13,UR,175,2587.0,20.0,0.0,875.0,1312.5,0.0,875.0,1312.5
2021-09-22,AL,-270,22395.0,5.0,0.0,810.0,1215.0,0.0,810.0,1215.0
2021-09-22,LH,-20,13890.0,16.0,0.0,40.0,60.0,0.0,40.0,60.0
2021-09-22,P,-46,8146.0,10.0,0.0,115.0,172.5,0.0,115.0,172.5
2021-09-22,P,-81,8146.0,10.0,0.0,202.5,303.75,0.0,202.5,303.75
2021-09-22,RB,562,5501.0,10.0,1e-05,309.1562,463.7343,0.0001,3091.5620000000004,4637.343000000001
2021-09-22,SC,-21,468.7,1000.0,0.0,420.0,630.0,0.0,420.0,630.0
2021-09-22,T,-12,99.905,10000.0,0.0,36.0,54.0,0.0,36.0,54.0
2021-09-22,UR,106,2797.0,20.0,0.0,530.0,795.0,0.0,530.0,795.0
2021-09-24,AL,-331,23510.0,5.0,0.0,993.0,1489.5,0.0,993.0,1489.5
2021-09-24,AL,317,23575.0,5.0,0.0,951.0,1426.5,0.0,951.0,1426.5
2021-09-27,AP,89,6361.0,10.0,0.0,445.0,667.5,0.0,445.0,667.5
2021-09-27,LH,22,13590.0,16.0,0.0,44.0,66.0,0.0,44.0,66.0
2021-09-27,P,73,8686.0,10.0,0.0,182.5,273.75,0.0,182.5,273.75
2021-09-27,RB,3,5461.0,10.0,1e-05,1.6383,2.45745,0.0001,16.383000000000003,24.574500000000004
2021-09-27,SC,19,486.6,1000.0,0.0,380.0,570.0,0.0,380.0,570.0
2021-09-27,T,-343,99.905,10000.0,0.0,1029.0,1543.5,0.0,1029.0,1543.5
2021-09-27,UR,-151,2828.0,20.0,0.0,755.0,1132.5,0.0,755.0,1132.5
2021-10-08,AP,1,6752.0,10.0,0.0,5.0,7.5,0.0,5.0,7.5
2021-10-08,CF,84,21265.0,5.0,0.0,361.2,541.8,0.0,361.2,541.8
2021-10-08,FG,-125,2263.0,20.0,0.0,750.0,1125.0,0.0,750.0,1125.0
2021-10-08,LH,2,14015.0,16.0,0.0,4.0,6.0,0.0,4.0,6.0
2021-10-08,P,-70,9342.0,10.0,0.0,175.0,262.5,0.0,175.0,262.5
2021-10-08,RB,33,5776.0,10.0,1e-05,19.0608,28.5912,0.0001,190.60800000000003,285.91200000000003
2021-10-08,RU,72,14530.0,10.0,0.0,216.0,324.0,0.0,216.0,324.0
2021-10-08,RU,16,14530.0,10.0,0.0,48.0,72.0,0.0,48.0,72.0
2021-10-08,RU,17,14530.0,10.0,0.0,51.0,76.5,0.0,51.0,76.5
2021-10-08,T,314,99.745,10000.0,0.0,942.0,1413.0,0.0,942.0,1413.0
2021-10-11,AL,9,22805.0,5.0,0.0,27.0,40.5,0.0,27.0,40.5
2021-10-11,AP,133,6482.0,10.0,0.0,665.0,997.5,0.0,665.0,997.5
2021-10-11,FG,-1,2333.0,20.0,0.0,6.0,9.0,0.0,6.0,9.0
2021-10-11,P,-32,9496.0,10.0,0.0,80.0,120.0,0.0,80.0,120.0
2021-10-11,P,-73,9496.0,10.0,0.0,182.5,273.75,0.0,182.5,273.75
2021-10-11,RB,49,5760.0,10.0,1e-05,28.224000000000004,42.336000000000006,0.0001,282.24,423.36
2021-10-11,RU,88,14355.0,10.0,0.0,264.0,396.0,0.0,264.0,396.0
2021-10-11,SC,-5,524.2,1000.0,0.0,100.0,150.0,0.0,100.0,150.0
2021-10-11,T,-314,99.375,10000.0,0.0,942.0,1413.0,0.0,942.0,1413.0
2021-10-11,UR,101,3202.0,20.0,0.0,505.0,757.5,0.0,505.0,757.5
2021-10-12,SC,-14,531.7,1000.0,0.0,280.0,420.0,0.0,280.0,420.0
2021-10-12,SC,13,531.3,1000.0,0.0,260.0,390.0,0.0,260.0,390.0
2021-10-18,AL,4,24545.0,5.0,0.0,12.0,18.0,0.0,12.0,18.0
2021-10-18,AP,-99,6995.0,10.0,0.0,495.0,742.5,0.0,495.0,742.5
2021-10-18,CF,31,22820.0,5.0,0.0,133.29999999999998,199.95,0.0,133.29999999999998,199.95
2021-10-18,LH,2,16000.0,16.0,0.0,4.0,6.0,0.0,4.0,6.0
2021-10-18,LH,1,16000.0,16.0,0.0,2.0,3.0,0.0,2.0,3.0
2021-10-18,LH,1,16000.0,16.0,0.0,2.0,3.0,0.0,2.0,3.0
2021-10-18,SC,-13,534.8,1000.0,0.0,260.0,390.0,0.0,260.0,390.0
2021-10-22,AL,-317,22590.0,5.0,0.0,951.0,1426.5,0.0,951.0,1426.5
2021-10-22,AL,-9,22590.0,5.0,0.0,27.0,40.5,0.0,27.0,40.5
2021-10-22,AL,-4,22590.0,5.0,0.0,12.0,18.0,0.0,12.0,18.0
2021-10-22,AL,239,22610.0,5.0,0.0,717.0,1075.5,0.0,717.0,1075.5
2021-10-25,AL,-66,21850.0,5.0,0.0,198.0,297.0,0.0,198.0,297.0
2021-10-25,AP,99,8012.0,10.0,0.0,495.0,742.5,0.0,495.0,742.5
2021-10-25,CF,-84,21190.0,5.0,0.0,840.0,1260.0,0.0,840.0,1260.0
2021-10-25,CF,-31,21190.0,5.0,0.0,310.0,465.0,0.0,310.0,465.0
2021-10-25,FG,125,2057.0,20.0,0.0,750.0,1125.0,0.0,750.0,1125.0
2021-10-25,FG,1,2057.0,20.0,0.0,6.0,9.0,0.0,6.0,9.0
2021-10-25,LH,5,17470.0,16.0,0.0,10.0,15.0,0.0,10.0,15.0
2021-10-25,LH,20,17470.0,16.0,0.0,40.0,60.0,0.0,40.0,60.0
2021-10-25,M,-312,3276.0,10.0,0.0,468.0,702.0,0.0,468.0,702.0
2021-10-25,P,53,9474.0,10.0,0.0,132.5,198.75,0.0,132.5,198.75
2021-10-25,RB,-259,4913.0,10.0,1e-05,127.2467,190.87005,0.0001,1272.467,1908.7005000000001
2021-10-25,RU,-41,14870.0,10.0,0.0,123.0,184.5,0.0,123.0,184.5
2021-10-25,SC,10,529.6,1000.0,0.0,200.0,300.0,0.0,200.0,300.0
2021-10-25,SP,-120,5238.0,10.0,5e-06,31.428000000000004,47.14200000000001,5e-05,314.28000000000003,471.4200000000001
2021-10-25,UR,-24,2798.0,20.0,0.0,120.0,180.0,0.0,120.0,180.0
2021-10-25,UR,-106,2798.0,20.0,0.0,530.0,795.0,0.0,530.0,795.0
2021-10-25,UR,-44,2798.0,20.0,0.0,220.0,330.0,0.0,220.0,330.0
2021-10-26,AL,-9,21590.0,5.0,0.0,27.0,40.5,0.0,27.0,40.5
2021-10-26,RB,-28,4829.0,10.0,1e-05,13.521200000000002,20.281800000000004,0.0001,135.21200000000002,202.81800000000004
2021-10-26,UR,-5,2753.0,20.0,0.0,25.0,37.5,0.0,25.0,37.5
2021-10-28,AL,-10,19995.0,5.0,0.0,30.0,45.0,0.0,30.0,45.0
2021-10-28,RB,-13,4619.0,10.0,1e-05,6.004700000000001,9.007050000000001,0.0001,60.04700000000001,90.07050000000001
2021-10-28,SP,120,5104.0,10.0,2e-06,12.2496,18.374399999999998,1.9999999999999998e-05,122.496,183.744
2021-10-28,SP,-138,4872.0,10.0,5e-06,33.616800000000005,50.425200000000004,5e-05,336.168,504.252
2021-10-28,UR,-3,2441.0,20.0,0.0,15.0,22.5,0.0,15.0,22.5
2021-10-29,RB,-11,4711.0,10.0,1e-05,5.1821,7.77315,0.0001,51.821000000000005,77.73150000000001
2021-10-29,SP,3,4778.0,10.0,5e-06,0.7167000000000001,1.07505,5e-05,7.167000000000001,10.7505
2021-11-01,AL,-154,19645.0,5.0,0.0,462.0,693.0,0.0,462.0,693.0
2021-11-01,M,-34,3221.0,10.0,0.0,51.0,76.5,0.0,51.0,76.5
2021-11-01,P,1,9752.0,10.0,0.0,2.5,3.75,0.0,2.5,3.75
2021-11-01,RB,-251,4629.0,10.0,1e-05,116.18790000000001,174.28185000000002,0.0001,1161.8790000000001,1742.8185000000003
2021-11-01,RB,-3,4629.0,10.0,1e-05,1.3887,2.08305,0.0001,13.887,20.8305
2021-11-01,RB,-33,4629.0,10.0,1e-05,15.2757,22.91355,0.0001,152.757,229.1355
2021-11-01,RB,-49,4629.0,10.0,1e-05,22.682100000000002,34.02315,0.0001,226.82100000000003,340.23150000000004
2021-11-01,RU,-2,14790.0,10.0,0.0,6.0,9.0,0.0,6.0,9.0
2021-11-01,SC,11,520.3,1000.0,0.0,220.0,330.0,0.0,220.0,330.0
2021-11-01,UR,-49,2399.0,20.0,0.0,245.0,367.5,0.0,245.0,367.5
2021-11-02,SP,4,4920.0,10.0,5e-06,0.9840000000000001,1.4760000000000002,5e-05,9.84,14.76
2021-11-08,AP,48,7773.0,10.0,0.0,240.0,360.0,0.0,240.0,360.0
2021-11-08,M,-313,3043.0,10.0,0.0,469.5,704.25,0.0,469.5,704.25
2021-11-08,RU,41,13965.0,10.0,0.0,123.0,184.5,0.0,123.0,184.5
2021-11-08,RU,2,13965.0,10.0,0.0,6.0,9.0,0.0,6.0,9.0
2021-11-08,SC,-8,509.6,1000.0,0.0,160.0,240.0,0.0,160.0,240.0
2021-11-08,SP,-4,5028.0,10.0,5e-06,1.0056,1.5084,5e-05,10.056000000000001,15.084000000000001
2021-11-12,SC,-2,515.7,1000.0,0.0,40.0,60.0,0.0,40.0,60.0
2021-11-12,SC,-11,515.7,1000.0,0.0,220.0,330.0,0.0,220.0,330.0
2021-11-12,SC,10,513.1,1000.0,0.0,200.0,300.0,0.0,200.0,300.0
2021-11-15,AP,-48,7997.0,10.0,0.0,240.0,360.0,0.0,240.0,360.0
2021-11-15,C,502,2665.0,10.0,0.0,602.4,903.5999999999999,0.0,602.4,903.5999999999999
2021-11-15,FG,-178,1698.0,20.0,0.0,1068.0,1602.0,0.0,1068.0,1602.0
2021-11-15,M,-43,3153.0,10.0,0.0,64.5,96.75,0.0,64.5,96.75
2021-11-15,RU,-47,14345.0,10.0,0.0,141.0,211.5,0.0,141.0,211.5
2021-11-15,SP,131,4862.0,10.0,5e-06,31.8461,47.769149999999996,5e-05,318.461,477.6915
2021-11-15,SP,4,4862.0,10.0,5e-06,0.9724,1.4586000000000001,5e-05,9.724,14.586
2021-11-15,T,257,99.815,10000.0,0.0,771.0,1156.5,0.0,771.0,1156.5
2021-11-22,AP,63,8163.0,10.0,0.0,315.0,472.5,0.0,315.0,472.5
2021-11-22,C,-502,2703.0,10.0,0.0,602.4,903.5999999999999,0.0,602.4,903.5999999999999
2021-11-22,CF,-74,21635.0,5.0,0.0,740.0,1110.0,0.0,740.0,1110.0
2021-11-22,FG,178,1706.0,20.0,0.0,1068.0,1602.0,0.0,1068.0,1602.0
2021-11-22,M,312,3202.0,10.0,0.0,468.0,702.0,0.0,468.0,702.0
2021-11-22,M,34,3202.0,10.0,0.0,51.0,76.5,0.0,51.0,76.5
2021-11-22,M,313,3202.0,10.0,0.0,469.5,704.25,0.0,469.5,704.25
2021-11-22,M,43,3202.0,10.0,0.0,64.5,96.75,0.0,64.5,96.75
2021-11-22,MA,-253,2551.0,10.0,0.0,759.0,1138.5,0.0,759.0,1138.5
2021-11-22,P,75,9884.0,10.0,0.0,187.5,281.25,0.0,187.5,281.25
2021-11-22,T,7,99.935,10000.0,0.0,21.0,31.5,0.0,21.0,31.5
2021-11-23,T,-257,99.94,10000.0,0.0,771.0,1156.5,0.0,771.0,1156.5
2021-11-23,T,-7,99.94,10000.0,0.0,21.0,31.5,0.0,21.0,31.5
2021-11-23,T,286,99.835,10000.0,0.0,858.0,1287.0,0.0,858.0,1287.0
2021-11-26,RU,47,15480.0,10.0,0.0,141.0,211.5,0.0,141.0,211.5
2021-11-26,RU,-55,15690.0,10.0,0.0,165.0,247.5,0.0,165.0,247.5
2021-11-29,AP,-63,8178.0,10.0,0.0,315.0,472.5,0.0,315.0,472.5
2021-11-29,C,632,2651.0,10.0,0.0,758.4,1137.6,0.0,758.4,1137.6
2021-11-29,CF,74,21310.0,5.0,0.0,740.0,1110.0,0.0,740.0,1110.0
2021-11-29,M,-904,3214.0,10.0,0.0,1356.0,2034.0,0.0,1356.0,2034.0
2021-11-29,MA,253,2610.0,10.0,0.0,759.0,1138.5,0.0,759.0,1138.5
2021-11-29,P,-45,9370.0,10.0,0.0,112.5,168.75,0.0,112.5,168.75
2021-11-29,RU,55,15070.0,10.0,0.0,165.0,247.5,0.0,165.0,247.5
2021-11-29,UR,-83,2365.0,20.0,0.0,415.0,622.5,0.0,415.0,622.5
2021-12-06,AP,82,7934.0,10.0,0.0,410.0,615.0,0.0,410.0,615.0
2021-12-06,C,-632,2653.0,10.0,0.0,758.4,1137.6,0.0,758.4,1137.6
2021-12-06,M,347,3252.0,10.0,0.0,520.5,780.75,0.0,520.5,780.75
2021-12-06,MA,-165,2637.0,10.0,0.0,495.0,742.5,0.0,495.0,742.5
2021-12-06,P,-8,9488.0,10.0,0.0,20.0,30.0,0.0,20.0,30.0
2021-12-06,P,-1,9488.0,10.0,0.0,2.5,3.75,0.0,2.5,3.75
2021-12-06,P,-75,9488.0,10.0,0.0,187.5,281.25,0.0,187.5,281.25
2021-12-06,RU,-45,14685.0,10.0,0.0,135.0,202.5,0.0,135.0,202.5
2021-12-06,SC,-10,450.8,1000.0,0.0,200.0,300.0,0.0,200.0,300.0
2021-12-06,SP,271,5972.0,10.0,5e-06,80.92060000000001,121.38090000000001,5e-05,809.206,1213.809
2021-12-06,T,3,100.165,10000.0,0.0,9.0,13.5,0.0,9.0,13.5
2021-12-06,UR,83,2292.0,20.0,0.0,415.0,622.5,0.0,415.0,622.5
2021-12-07,M,557,3230.0,10.0,0.0,835.5,1253.25,0.0,835.5,1253.25
2021-12-07,M,-515,3074.0,10.0,0.0,772.5,1158.75,0.0,772.5,1158.75
2021-12-13,AL,286,18830.0,5.0,0.0,858.0,1287.0,0.0,858.0,1287.0
2021-12-13,AP,-82,8197.0,10.0,0.0,410.0,615.0,0.0,410.0,615.0
2021-12-13,M,515,3132.0,10.0,0.0,772.5,1158.75,0.0,772.5,1158.75
2021-12-13,M,412,3132.0,10.0,0.0,618.0,927.0,0.0,618.0,927.0
2021-12-13,MA,165,2651.0,10.0,0.0,495.0,742.5,0.0,495.0,742.5
2021-12-13,P,137,9204.0,10.0,0.0,342.5,513.75,0.0,342.5,513.75
2021-12-13,RB,495,4323.0,10.0,1e-05,213.98850000000002,320.98275,0.0001,2139.885,3209.8275000000003
2021-12-13,RU,-1,14580.0,10.0,0.0,3.0,4.5,0.0,3.0,4.5
2021-12-13,SC,-7,469.9,1000.0,0.0,140.0,210.0,0.0,140.0,210.0
2021-12-13,SP,-16,5732.0,10.0,5e-06,4.5856,6.878400000000001,5e-05,45.856,68.784
2021-12-13,SR,-247,5785.0,10.0,0.0,741.0,1111.5,0.0,741.0,1111.5
2021-12-13,T,-286,99.945,10000.0,0.0,858.0,1287.0,0.0,858.0,1287.0
2021-12-13,T,-3,99.945,10000.0,0.0,9.0,13.5,0.0,9.0,13.5
2021-12-14,P,-137,9044.0,10.0,0.0,342.5,513.75,0.0,342.5,513.75
2021-12-14,P,152,7980.0,10.0,0.0,380.0,570.0,0.0,380.0,570.0
2021-12-17,SP,-255,5652.0,10.0,2e-06,28.8252,43.2378,1.9999999999999998e-05,288.25199999999995,432.37799999999993
2021-12-17,SP,244,5646.0,10.0,5e-06,68.88119999999999,103.3218,5e-05,688.812,1033.218
2021-12-20,AL,-286,19780.0,5.0,0.0,858.0,1287.0,0.0,858.0,1287.0
2021-12-20,JD,-627,4088.0,5.0,0.0,940.5,1410.75,0.0,940.5,1410.75
2021-12-20,M,47,3182.0,10.0,0.0,70.5,105.75,0.0,70.5,105.75
2021-12-20,P,18,7932.0,10.0,0.0,45.0,67.5,0.0,45.0,67.5
2021-12-20,RB,135,4499.0,10.0,1e-05,60.7365,91.10475,0.0001,607.3650000000001,911.0475000000001
2021-12-20,RU,-14,14540.0,10.0,0.0,42.0,63.0,0.0,42.0,63.0
2021-12-20,SC,7,465.2,1000.0,0.0,140.0,210.0,0.0,140.0,210.0
2021-12-20,SP,-95,5398.0,10.0,5e-06,25.640500000000003,38.460750000000004,5e-05,256.40500000000003,384.6075000000001
2021-12-20,SR,247,5792.0,10.0,0.0,741.0,1111.5,0.0,741.0,1111.5
2021-12-20,T,308,100.01,10000.0,0.0,924.0,1386.0,0.0,924.0,1386.0
2021-12-27,AL,301,20270.0,5.0,0.0,903.0,1354.5,0.0,903.0,1354.5
2021-12-27,JD,-454,4103.0,5.0,0.0,681.0,1021.5,0.0,681.0,1021.5
2021-12-27,P,-89,8386.0,10.0,0.0,222.5,333.75,0.0,222.5,333.75
2021-12-27,SP,-149,5830.0,10.0,5e-06,43.4335,65.15025,5e-05,434.335,651.5024999999999
2021-12-27,UR,96,2430.0,20.0,0.0,480.0,720.0,0.0,480.0,720.0
2022-01-04,AL,17,20505.0,5.0,0.0,51.0,76.5,0.0,51.0,76.5
2022-01-04,FG,-159,1698.0,20.0,0.0,954.0,1431.0,0.0,954.0,1431.0
2022-01-04,JD,-179,4119.0,5.0,0.0,268.5,402.75,0.0,268.5,402.75
2022-01-04,SC,10,495.0,1000.0,0.0,200.0,300.0,0.0,200.0,300.0
2022-01-04,SP,120,6036.0,10.0,5e-06,36.216,54.324,5e-05,362.16,543.24
2022-01-04,T,5,100.635,10000.0,0.0,15.0,22.5,0.0,15.0,22.5
2022-01-04,UR,-96,2473.0,20.0,0.0,480.0,720.0,0.0,480.0,720.0
2022-01-05,SC,-10,496.5,1000.0,0.0,200.0,300.0,0.0,200.0,300.0
2022-01-05,SC,11,494.8,1000.0,0.0,220.0,330.0,0.0,220.0,330.0
2022-01-10,AL,134,21105.0,5.0,0.0,402.0,603.0,0.0,402.0,603.0
2022-01-10,CF,150,21010.0,5.0,0.0,645.0,967.5,0.0,645.0,967.5
2022-01-10,FG,-49,1856.0,20.0,0.0,294.0,441.0,0.0,294.0,441.0
2022-01-10,JD,-514,4078.0,5.0,0.0,771.0,1156.5,0.0,771.0,1156.5
2022-01-10,M,-412,3228.0,10.0,0.0,618.0,927.0,0.0,618.0,927.0
2022-01-10,M,-47,3228.0,10.0,0.0,70.5,105.75,0.0,70.5,105.75
2022-01-10,P,30,8866.0,10.0,0.0,75.0,112.5,0.0,75.0,112.5
2022-01-10,RB,-495,4524.0,10.0,1e-05,223.93800000000002,335.90700000000004,0.0001,2239.38,3359.07
2022-01-10,RB,-135,4524.0,10.0,1e-05,61.074000000000005,91.611,0.0001,610.74,916.11
2022-01-10,RU,-20,14900.0,10.0,0.0,60.0,90.0,0.0,60.0,90.0
2022-01-10,SC,16,516.3,1000.0,0.0,320.0,480.0,0.0,320.0,480.0
2022-01-10,SP,-120,6210.0,10.0,5e-06,37.26,55.89,5e-05,372.6,558.9000000000001
2022-01-10,T,126,100.485,10000.0,0.0,378.0,567.0,0.0,378.0,567.0
2022-01-17,AL,-52,21225.0,5.0,0.0,156.0,234.0,0.0,156.0,234.0
2022-01-17,CF,-15,21370.0,5.0,0.0,64.5,96.75,0.0,64.5,96.75
2022-01-17,FG,159,2064.0,20.0,0.0,954.0,1431.0,0.0,954.0,1431.0
2022-01-17,FG,49,2064.0,20.0,0.0,294.0,441.0,0.0,294.0,441.0
2022-01-17,JD,627,4053.0,5.0,0.0,940.5,1410.75,0.0,940.5,1410.75
2022-01-17,JD,402,4053.0,5.0,0.0,603.0,904.5,0.0,603.0,904.5
2022-01-17,P,-7,9046.0,10.0,0.0,17.5,26.25,0.0,17.5,26.25
2022-01-17,RB,657,4671.0,10.0,1e-05,306.8847,460.32705,0.0001,3068.847,4603.2705000000005
2022-01-17,RU,11,15160.0,10.0,0.0,33.0,49.5,0.0,33.0,49.5
2022-01-17,SC,-11,528.6,1000.0,0.0,220.0,330.0,0.0,220.0,330.0
2022-01-17,SC,-3,528.6,1000.0,0.0,60.0,90.0,0.0,60.0,90.0
2022-01-17,SR,-303,5818.0,10.0,0.0,909.0,1363.5,0.0,909.0,1363.5
2022-01-17,T,-39,100.845,10000.0,0.0,117.0,175.5,0.0,117.0,175.5
2022-01-17,UR,234,2511.0,20.0,0.0,1170.0,1755.0,0.0,1170.0,1755.0
2022-01-21,AL,-249,21600.0,5.0,0.0,747.0,1120.5,0.0,747.0,1120.5
2022-01-21,AL,-17,21600.0,5.0,0.0,51.0,76.5,0.0,51.0,76.5
2022-01-21,AL,-134,21600.0,5.0,0.0,402.0,603.0,0.0,402.0,603.0
2022-01-21,AL,352,21610.0,5.0,0.0,1056.0,1584.0,0.0,1056.0,1584.0
2022-01-24,CF,-8,21690.0,5.0,0.0,34.4,51.599999999999994,0.0,34.4,51.599999999999994
2022-01-24,JD,52,4057.0,5.0,0.0,78.0,117.0,0.0,78.0,117.0
2022-01-24,JD,179,4057.0,5.0,0.0,268.5,402.75,0.0,268.5,402.75
2022-01-24,JD,514,4057.0,5.0,0.0,771.0,1156.5,0.0,771.0,1156.5
2022-01-24,LH,-56,13740.0,16.0,0.0,112.0,168.0,0.0,112.0,168.0
2022-01-24,P,-2,9602.0,10.0,0.0,5.0,7.5,0.0,5.0,7.5
2022-01-24,RU,7,14595.0,10.0,0.0,21.0,31.5,0.0,21.0,31.5
2022-01-24,SC,20,537.5,1000.0,0.0,400.0,600.0,0.0,400.0,600.0
2022-01-24,SR,303,5809.0,10.0,0.0,909.0,1363.5,0.0,909.0,1363.5
2022-01-24,T,-52,101.555,10000.0,0.0,156.0,234.0,0.0,156.0,234.0
2022-01-24,UR,-234,2623.0,20.0,0.0,1170.0,1755.0,0.0,1170.0,1755.0
2022-02-07,CF,-127,21820.0,5.0,0.0,546.1,819.1500000000001,0.0,546.1,819.1500000000001
2022-02-07,FG,252,2268.0,20.0,0.0,1512.0,2268.0,0.0,1512.0,2268.0
2022-02-07,LH,-4,13490.0,16.0,0.0,8.0,12.0,0.0,8.0,12.0
2022-02-07,P,78,10016.0,10.0,0.0,195.0,292.5,0.0,195.0,292.5
2022-02-07,SC,-13,559.8,1000.0,0.0,260.0,390.0,0.0,260.0,390.0
2022-02-07,SC,-8,559.8,1000.0,0.0,160.0,240.0,0.0,160.0,240.0
2022-02-07,T,-23,101.225,10000.0,0.0,69.0,103.5,0.0,69.0,103.5
2022-02-09,LH,56,13540.0,16.0,0.0,56.0,84.0,0.0,56.0,84.0
2022-02-09,LH,4,13540.0,16.0,0.0,4.0,6.0,0.0,4.0,6.0
2022-02-09,LH,-68,14745.0,16.0,0.0,136.0,204.0,0.0,136.0,204.0
2022-02-10,SC,-12,544.1,1000.0,0.0,240.0,360.0,0.0,240.0,360.0
2022-02-10,SC,9,548.8,1000.0,0.0,180.0,270.0,0.0,180.0,270.0
2022-02-14,FG,-145,2205.0,20.0,0.0,870.0,1305.0,0.0,870.0,1305.0
2022-02-14,LH,-3,14690.0,16.0,0.0,6.0,9.0,0.0,6.0,9.0
2022-02-14,P,4,10002.0,10.0,0.0,10.0,15.0,0.0,10.0,15.0
2022-02-14,RU,-56,14555.0,10.0,0.0,168.0,252.0,0.0,168.0,252.0
2022-02-14,T,-13,100.695,10000.0,0.0,39.0,58.5,0.0,39.0,58.5
2022-02-18,T,-181,100.72,10000.0,0.0,543.0,814.5,0.0,543.0,814.5
2022-02-18,T,-5,100.72,10000.0,0.0,15.0,22.5,0.0,15.0,22.5
2022-02-18,T,-126,100.72,10000.0,0.0,378.0,567.0,0.0,378.0,567.0
2022-02-18,T,310,100.355,10000.0,0.0,930.0,1395.0,0.0,930.0,1395.0
2022-02-21,LH,-2,14200.0,16.0,0.0,4.0,6.0,0.0,4.0,6.0
2022-02-21,SC,1,559.7,1000.0,0.0,20.0,30.0,0.0,20.0,30.0
2022-02-24,AL,-352,22735.0,5.0,0.0,1056.0,1584.0,0.0,1056.0,1584.0
2022-02-24,AL,412,22690.0,5.0,0.0,1236.0,1854.0,0.0,1236.0,1854.0
2022-02-28,FG,-107,1896.0,20.0,0.0,642.0,963.0,0.0,642.0,963.0
2022-02-28,LH,-14,14290.0,16.0,0.0,28.0,42.0,0.0,28.0,42.0
2022-02-28,RB,9,4618.0,10.0,1e-05,4.1562,6.2343,0.0001,41.562000000000005,62.343
2022-02-28,RU,-35,13945.0,10.0,0.0,105.0,157.5,0.0,105.0,157.5
2022-02-28,SC,8,599.8,1000.0,0.0,160.0,240.0,0.0,160.0,240.0
2022-02-28,T,-310,100.245,10000.0,0.0,930.0,1395.0,0.0,930.0,1395.0
2022-03-07,AL,75,23405.0,5.0,0.0,225.0,337.5,0.0,225.0,337.5
2022-03-07,CF,-172,21085.0,5.0,0.0,739.6,1109.4,0.0,739.6,1109.4
2022-03-07,LH,10,13805.0,16.0,0.0,20.0,30.0,0.0,20.0,30.0
2022-03-07,P,-38,11816.0,10.0,0.0,95.0,142.5,0.0,95.0,142.5
2022-03-07,RB,-657,4901.0,10.0,1e-05,321.9957,482.99355,0.0001,3219.957,4829.9355
2022-03-07,RB,-9,4901.0,10.0,1e-05,4.410900000000001,6.616350000000001,0.0001,44.108999999999995,66.1635
2022-03-07,RU,25,13735.0,10.0,0.0,75.0,112.5,0.0,75.0,112.5
2022-03-07,UR,-154,2778.0,20.0,0.0,770.0,1155.0,0.0,770.0,1155.0
2022-03-14,AL,-162,21875.0,5.0,0.0,486.0,729.0,0.0,486.0,729.0
2022-03-14,C,758,2854.0,10.0,0.0,909.6,1364.4,0.0,909.6,1364.4
2022-03-14,CF,172,21430.0,5.0,0.0,739.6,1109.4,0.0,739.6,1109.4
2022-03-14,FG,-131,1984.0,20.0,0.0,786.0,1179.0,0.0,786.0,1179.0
2022-03-14,LH,-22,13000.0,16.0,0.0,44.0,66.0,0.0,44.0,66.0
2022-03-14,P,-16,12232.0,10.0,0.0,40.0,60.0,0.0,40.0,60.0
2022-03-14,P,-18,12232.0,10.0,0.0,45.0,67.5,0.0,45.0,67.5
2022-03-14,P,-30,12232.0,10.0,0.0,75.0,112.5,0.0,75.0,112.5
2022-03-14,P,-29,12232.0,10.0,0.0,72.5,108.75,0.0,72.5,108.75
2022-03-14,RB,707,4873.0,10.0,1e-05,344.52110000000005,516.7816500000001,0.0001,3445.2110000000002,5167.816500000001
2022-03-14,RU,2,13790.0,10.0,0.0,6.0,9.0,0.0,6.0,9.0
2022-03-14,RU,1,13790.0,10.0,0.0,3.0,4.5,0.0,3.0,4.5
2022-03-14,RU,14,13790.0,10.0,0.0,42.0,63.0,0.0,42.0,63.0
2022-03-14,RU,20,13790.0,10.0,0.0,60.0,90.0,0.0,60.0,90.0
2022-03-14,RU,6,13790.0,10.0,0.0,18.0,27.0,0.0,18.0,27.0
2022-03-14,SC,-9,678.8,1000.0,0.0,180.0,270.0,0.0,180.0,270.0
2022-03-14,SC,-1,678.8,1000.0,0.0,20.0,30.0,0.0,20.0,30.0
2022-03-14,SC,-5,678.8,1000.0,0.0,100.0,150.0,0.0,100.0,150.0
2022-03-14,SP,128,7194.0,10.0,5e-06,46.0416,69.0624,5e-05,460.416,690.624
2022-03-14,UR,154,2772.0,20.0,0.0,1540.0,2310.0,0.0,1540.0,2310.0
2022-03-15,SC,-3,674.1,1000.0,0.0,60.0,90.0,0.0,60.0,90.0
2022-03-15,SC,2,664.3,1000.0,0.0,40.0,60.0,0.0,40.0,60.0
2022-03-21,AL,-250,22570.0,5.0,0.0,750.0,1125.0,0.0,750.0,1125.0
2022-03-21,AL,-75,22570.0,5.0,0.0,225.0,337.5,0.0,225.0,337.5
2022-03-21,C,-758,2885.0,10.0,0.0,909.6,1364.4,0.0,909.6,1364.4
2022-03-21,FG,131,1914.0,20.0,0.0,786.0,1179.0,0.0,786.0,1179.0
2022-03-21,LH,-19,12740.0,16.0,0.0,38.0,57.0,0.0,38.0,57.0
2022-03-21,P,37,10734.0,10.0,0.0,92.5,138.75,0.0,92.5,138.75
2022-03-21,RB,62,4924.0,10.0,1e-05,30.528800000000004,45.793200000000006,0.0001,305.288,457.932
2022-03-21,RU,-95,13435.0,10.0,0.0,285.0,427.5,0.0,285.0,427.5
2022-03-21,SC,-2,660.3,1000.0,0.0,40.0,60.0,0.0,40.0,60.0
2022-03-21,SP,4,6792.0,10.0,5e-06,1.3584,2.0376000000000003,5e-05,13.584000000000001,20.376
2022-03-21,UR,166,2847.0,20.0,0.0,1660.0,2490.0,0.0,1660.0,2490.0
2022-03-28,LH,-1,12660.0,16.0,0.0,2.0,3.0,0.0,2.0,3.0
2022-03-28,M,279,4353.0,10.0,0.0,418.5,627.75,0.0,418.5,627.75
2022-03-28,P,-29,11596.0,10.0,0.0,72.5,108.75,0.0,72.5,108.75
2022-03-28,RB,103,4988.0,10.0,1e-05,51.376400000000004,77.06460000000001,0.0001,513.764,770.646
2022-03-28,RU,-30,13460.0,10.0,0.0,90.0,135.0,0.0,90.0,135.0
2022-03-28,SC,4,706.7,1000.0,0.0,80.0,120.0,0.0,80.0,120.0
2022-03-28,SP,-128,6740.0,10.0,5e-06,43.136,64.70400000000001,5e-05,431.36,647.04
2022-03-28,SP,-4,6740.0,10.0,5e-06,1.348,2.0220000000000002,5e-05,13.48,20.22
2022-03-28,T,331,100.485,10000.0,0.0,993.0,1489.5,0.0,993.0,1489.5
2022-03-30,RB,-707,4980.0,10.0,1e-05,352.086,528.129,0.0001,3520.86,5281.29
2022-03-30,RB,-62,4980.0,10.0,1e-05,30.876000000000005,46.31400000000001,0.0001,308.76000000000005,463.1400000000001
2022-03-30,RB,-103,4980.0,10.0,1e-05,51.294000000000004,76.941,0.0001,512.94,769.4100000000001
2022-03-30,RB,1010,4978.0,10.0,1e-05,502.778,754.167,0.0001,5027.780000000001,7541.670000000001
2022-04-01,M,-279,4107.0,10.0,0.0,418.5,627.75,0.0,418.5,627.75
2022-04-01,M,286,4032.0,10.0,0.0,429.0,643.5,0.0,429.0,643.5
2022-04-06,AL,339,22740.0,5.0,0.0,1017.0,1525.5,0.0,1017.0,1525.5
2022-04-06,CF,175,21775.0,5.0,0.0,752.5,1128.75,0.0,752.5,1128.75
2022-04-06,LH,6,12965.0,16.0,0.0,12.0,18.0,0.0,12.0,18.0
2022-04-06,M,-83,3883.0,10.0,0.0,124.5,186.75,0.0,124.5,186.75
2022-04-06,P,-20,11156.0,10.0,0.0,50.0,75.0,0.0,50.0,75.0
2022-04-06,P,-4,11156.0,10.0,0.0,10.0,15.0,0.0,10.0,15.0
2022-04-06,P,-37,11156.0,10.0,0.0,92.5,138.75,0.0,92.5,138.75
2022-04-06,RB,-101,5157.0,10.0,1e-05,52.0857,78.12855,0.0001,520.857,781.2855
2022-04-06,RU,50,13685.0,10.0,0.0,150.0,225.0,0.0,150.0,225.0
2022-04-06,RU,35,13685.0,10.0,0.0,105.0,157.5,0.0,105.0,157.5
2022-04-06,RU,95,13685.0,10.0,0.0,285.0,427.5,0.0,285.0,427.5
2022-04-06,RU,30,13685.0,10.0,0.0,90.0,135.0,0.0,90.0,135.0
2022-04-06,RU,-192,13825.0,10.0,0.0,576.0,864.0,0.0,576.0,864.0
2022-04-08,UR,-166,2735.0,20.0,0.0,166.0,249.0,0.0,166.0,249.0
2022-04-08,UR,160,2703.0,20.0,0.0,800.0,1200.0,0.0,800.0,1200.0
2022-04-11,AL,-339,21805.0,5.0,0.0,1017.0,1525.5,0.0,1017.0,1525.5
2022-04-11,CF,53,21640.0,5.0,0.0,227.89999999999998,341.84999999999997,0.0,227.89999999999998,341.84999999999997
2022-04-11,LH,-3,12640.0,16.0,0.0,6.0,9.0,0.0,6.0,9.0
2022-04-11,M,-203,3883.0,10.0,0.0,304.5,456.75,0.0,304.5,456.75
2022-04-11,P,50,10390.0,10.0,0.0,125.0,187.5,0.0,125.0,187.5
2022-04-11,RB,34,5019.0,10.0,1e-05,17.0646,25.596899999999998,0.0001,170.64600000000002,255.96900000000002
2022-04-11,RU,-17,13560.0,10.0,0.0,51.0,76.5,0.0,51.0,76.5
2022-04-11,T,16,100.81,10000.0,0.0,48.0,72.0,0.0,48.0,72.0
2022-04-11,UR,5,2602.0,20.0,0.0,25.0,37.5,0.0,25.0,37.5
2022-04-12,SC,-4,609.7,1000.0,0.0,80.0,120.0,0.0,80.0,120.0
2022-04-12,SC,5,613.3,1000.0,0.0,100.0,150.0,0.0,100.0,150.0
2022-04-18,AP,101,8835.0,10.0,0.0,505.0,757.5,0.0,505.0,757.5
2022-04-18,CF,-175,21570.0,5.0,0.0,752.5,1128.75,0.0,752.5,1128.75
2022-04-18,CF,-53,21570.0,5.0,0.0,227.89999999999998,341.84999999999997,0.0,227.89999999999998,341.84999999999997
2022-04-18,FG,207,1994.0,20.0,0.0,1242.0,1863.0,0.0,1242.0,1863.0
2022-04-18,LH,-19,12890.0,16.0,0.0,38.0,57.0,0.0,38.0,57.0
2022-04-18,MA,-312,2868.0,10.0,0.0,624.0,936.0,0.0,624.0,936.0
2022-04-18,P,11,11244.0,10.0,0.0,27.5,41.25,0.0,27.5,41.25
2022-04-18,RU,52,13330.0,10.0,0.0,156.0,234.0,0.0,156.0,234.0
2022-04-18,T,81,100.485,10000.0,0.0,243.0,364.5,0.0,243.0,364.5
2022-04-18,UR,-160,2810.0,20.0,0.0,800.0,1200.0,0.0,800.0,1200.0
2022-04-18,UR,-5,2810.0,20.0,0.0,25.0,37.5,0.0,25.0,37.5
2022-04-20,LH,52,13865.0,16.0,0.0,52.0,78.0,0.0,52.0,78.0
2022-04-20,LH,3,13865.0,16.0,0.0,3.0,4.5,0.0,3.0,4.5
2022-04-20,LH,2,13865.0,16.0,0.0,2.0,3.0,0.0,2.0,3.0
2022-04-20,LH,14,13865.0,16.0,0.0,14.0,21.0,0.0,14.0,21.0
2022-04-20,LH,22,13865.0,16.0,0.0,22.0,33.0,0.0,22.0,33.0
2022-04-20,LH,19,13865.0,16.0,0.0,19.0,28.5,0.0,19.0,28.5
2022-04-20,LH,1,13865.0,16.0,0.0,1.0,1.5,0.0,1.0,1.5
2022-04-20,LH,3,13865.0,16.0,0.0,3.0,4.5,0.0,3.0,4.5
2022-04-20,LH,19,13865.0,16.0,0.0,19.0,28.5,0.0,19.0,28.5
2022-04-20,LH,-112,18085.0,16.0,0.0,224.0,336.0,0.0,224.0,336.0
2022-04-25,AP,11,8472.0,10.0,0.0,55.0,82.5,0.0,55.0,82.5
2022-04-25,FG,-207,2003.0,20.0,0.0,1242.0,1863.0,0.0,1242.0,1863.0
2022-04-25,LH,46,18510.0,16.0,0.0,92.0,138.0,0.0,92.0,138.0
2022-04-25,M,-291,4098.0,10.0,0.0,436.5,654.75,0.0,436.5,654.75
2022-04-25,MA,-5,2855.0,10.0,0.0,10.0,15.0,0.0,10.0,15.0
2022-04-25,P,3,11504.0,10.0,0.0,7.5,11.25,0.0,7.5,11.25
2022-04-25,SC,1,676.2,1000.0,0.0,20.0,30.0,0.0,20.0,30.0
2022-04-25,UR,215,2800.0,20.0,0.0,1075.0,1612.5,0.0,1075.0,1612.5
2022-05-05,AP,-101,9618.0,10.0,0.0,1010.0,1515.0,0.0,1010.0,1515.0
2022-05-05,AP,-11,9618.0,10.0,0.0,110.0,165.0,0.0,110.0,165.0
2022-05-05,M,-33,3998.0,10.0,0.0,49.5,74.25,0.0,49.5,74.25
2022-05-05,MA,-17,2728.0,10.0,0.0,34.0,51.0,0.0,34.0,51.0
2022-05-05,P,10,12004.0,10.0,0.0,25.0,37.5,0.0,25.0,37.5
2022-05-05,RB,56,4931.0,10.0,1e-05,27.6136,41.4204,0.0001,276.136,414.20400000000006
2022-05-05,RU,6,12910.0,10.0,0.0,18.0,27.0,0.0,18.0,27.0
2022-05-05,SC,-5,689.8,1000.0,0.0,100.0,150.0,0.0,100.0,150.0
2022-05-05,SC,-1,689.8,1000.0,0.0,20.0,30.0,0.0,20.0,30.0
2022-05-05,SR,557,5848.0,10.0,0.0,1671.0,2506.5,0.0,1671.0,2506.5
2022-05-05,T,-331,100.255,10000.0,0.0,993.0,1489.5,0.0,993.0,1489.5
2022-05-05,T,-16,100.255,10000.0,0.0,48.0,72.0,0.0,48.0,72.0
2022-05-05,T,-81,100.255,10000.0,0.0,243.0,364.5,0.0,243.0,364.5
2022-05-05,UR,163,2949.0,20.0,0.0,815.0,1222.5,0.0,815.0,1222.5
2022-05-09,CF,-185,21345.0,5.0,0.0,795.5,1193.25,0.0,795.5,1193.25
2022-05-09,LH,66,18725.0,16.0,0.0,132.0,198.0,0.0,132.0,198.0
2022-05-09,M,291,4001.0,10.0,0.0,436.5,654.75,0.0,436.5,654.75
2022-05-09,M,33,4001.0,10.0,0.0,49.5,74.25,0.0,49.5,74.25
2022-05-09,MA,-8,2770.0,10.0,0.0,16.0,24.0,0.0,16.0,24.0
2022-05-09,RB,-909,4733.0,10.0,1e-05,430.22970000000004,645.34455,0.0001,4302.2970000000005,6453.445500000001
2022-05-09,RB,-34,4733.0,10.0,1e-05,16.092200000000002,24.1383,0.0001,160.92200000000003,241.38300000000004
2022-05-09,RB,-56,4733.0,10.0,1e-05,26.504800000000003,39.757200000000005,0.0001,265.048,397.572
2022-05-09,RB,-943,4733.0,10.0,1e-05,446.3219,669.4828500000001,0.0001,4463.219000000001,6694.828500000001
2022-05-09,SC,6,701.7,1000.0,0.0,120.0,180.0,0.0,120.0,180.0
2022-05-09,SR,-557,5845.0,10.0,0.0,1671.0,2506.5,0.0,1671.0,2506.5
2022-05-09,UR,-136,2961.0,20.0,0.0,680.0,1020.0,0.0,680.0,1020.0
2022-05-13,SC,-6,677.7,1000.0,0.0,120.0,180.0,0.0,120.0,180.0
2022-05-13,SC,7,678.6,1000.0,0.0,140.0,210.0,0.0,140.0,210.0
2022-05-16,CF,185,21310.0,5.0,0.0,795.5,1193.25,0.0,795.5,1193.25
2022-05-16,JD,-1097,4732.0,5.0,0.0,1645.5,2468.25,0.0,1645.5,2468.25
2022-05-16,LH,-54,19715.0,16.0,0.0,108.0,162.0,0.0,108.0,162.0
2022-05-16,MA,312,2787.0,10.0,0.0,624.0,936.0,0.0,624.0,936.0
2022-05-16,MA,5,2787.0,10.0,0.0,10.0,15.0,0.0,10.0,15.0
2022-05-16,MA,17,2787.0,10.0,0.0,34.0,51.0,0.0,34.0,51.0
2022-05-16,MA,8,2787.0,10.0,0.0,16.0,24.0,0.0,16.0,24.0
2022-05-16,P,93,11676.0,10.0,0.0,232.5,348.75,0.0,232.5,348.75
2022-05-16,RB,-125,4665.0,10.0,1e-05,58.3125,87.46875,0.0001,583.125,874.6875
2022-05-16,RU,-110,12850.0,10.0,0.0,330.0,495.0,0.0,330.0,495.0
2022-05-23,FG,-425,1812.0,20.0,0.0,2550.0,3825.0,0.0,2550.0,3825.0
2022-05-23,JD,1097,4771.0,5.0,0.0,1645.5,2468.25,0.0,1645.5,2468.25
2022-05-23,LH,54,19110.0,16.0,0.0,108.0,162.0,0.0,108.0,162.0
2022-05-23,P,-50,11612.0,10.0,0.0,125.0,187.5,0.0,125.0,187.5
2022-05-23,P,-11,11612.0,10.0,0.0,27.5,41.25,0.0,27.5,41.25
2022-05-23,P,-3,11612.0,10.0,0.0,7.5,11.25,0.0,7.5,11.25
2022-05-23,P,-10,11612.0,10.0,0.0,25.0,37.5,0.0,25.0,37.5
2022-05-23,P,-10,11612.0,10.0,0.0,25.0,37.5,0.0,25.0,37.5
2022-05-23,RB,22,4630.0,10.0,1e-05,10.186,15.279,0.0001,101.86,152.79
2022-05-23,RU,134,13100.0,10.0,0.0,402.0,603.0,0.0,402.0,603.0
2022-05-23,RU,17,13100.0,10.0,0.0,51.0,76.5,0.0,51.0,76.5
2022-05-23,RU,110,13100.0,10.0,0.0,330.0,495.0,0.0,330.0,495.0
2022-05-23,SC,-1,700.2,1000.0,0.0,20.0,30.0,0.0,20.0,30.0
2022-05-23,SR,-453,5981.0,10.0,0.0,1359.0,2038.5,0.0,1359.0,2038.5
2022-05-23,T,470,100.355,10000.0,0.0,1410.0,2115.0,0.0,1410.0,2115.0
2022-05-23,UR,-25,2838.0,20.0,0.0,125.0,187.5,0.0,125.0,187.5
2022-05-30,AP,107,8902.0,10.0,0.0,1070.0,1605.0,0.0,1070.0,1605.0
2022-05-30,FG,-45,1753.0,20.0,0.0,270.0,405.0,0.0,270.0,405.0
2022-05-30,LH,-36,18720.0,16.0,0.0,72.0,108.0,0.0,72.0,108.0
2022-05-30,SP,152,7164.0,10.0,5e-06,54.446400000000004,81.6696,5e-05,544.464,816.6960000000001
2022-05-30,SR,-24,6045.0,10.0,0.0,72.0,108.0,0.0,72.0,108.0
2022-05-30,UR,-54,2788.0,20.0,0.0,270.0,405.0,0.0,270.0,405.0
2022-05-30,UR,-163,2788.0,20.0,0.0,815.0,1222.5,0.0,815.0,1222.5
2022-06-06,AP,-107,8856.0,10.0,0.0,1070.0,1605.0,0.0,1070.0,1605.0
2022-06-06,CF,-124,20365.0,5.0,0.0,533.1999999999999,799.8,0.0,533.1999999999999,799.8
2022-06-06,P,-8,12178.0,10.0,0.0,20.0,30.0,0.0,20.0,30.0
2022-06-06,RB,128,4799.0,10.0,1e-05,61.427200000000006,92.14080000000001,0.0001,614.272,921.4080000000001
2022-06-06,SC,7,756.3,1000.0,0.0,140.0,210.0,0.0,140.0,210.0
2022-06-06,SP,-152,7266.0,10.0,5e-06,55.2216,82.8324,5e-05,552.216,828.3240000000001
2022-06-06,SR,453,6099.0,10.0,0.0,1359.0,2038.5,0.0,1359.0,2038.5
2022-06-06,SR,24,6099.0,10.0,0.0,72.0,108.0,0.0,72.0,108.0
2022-06-06,SR,392,6099.0,10.0,0.0,1176.0,1764.0,0.0,1176.0,1764.0
2022-06-06,T,-29,100.4,10000.0,0.0,87.0,130.5,0.0,87.0,130.5
2022-06-13,AL,532,20485.0,5.0,0.0,1596.0,2394.0,0.0,1596.0,2394.0
2022-06-13,C,-878,2866.0,10.0,0.0,1053.6,1580.3999999999999,0.0,1053.6,1580.3999999999999
2022-06-13,CF,124,20310.0,5.0,0.0,533.1999999999999,799.8,0.0,533.1999999999999,799.8
2022-06-13,FG,-106,1758.0,20.0,0.0,636.0,954.0,0.0,636.0,954.0
2022-06-13,LH,-9,19000.0,16.0,0.0,18.0,27.0,0.0,18.0,27.0
2022-06-13,P,4,11362.0,10.0,0.0,10.0,15.0,0.0,10.0,15.0
2022-06-13,RB,793,4794.0,10.0,1e-05,380.16420000000005,570.2463,0.0001,3801.6420000000003,5702.463000000001
2022-06-13,RB,125,4794.0,10.0,1e-05,59.925000000000004,89.8875,0.0001,599.2500000000001,898.8750000000002
2022-06-13,RU,152,13355.0,10.0,0.0,456.0,684.0,0.0,456.0,684.0
2022-06-13,SC,-2,770.3,1000.0,0.0,40.0,60.0,0.0,40.0,60.0
2022-06-13,SR,140,6074.0,10.0,0.0,420.0,630.0,0.0,420.0,630.0
2022-06-13,T,79,100.41,10000.0,0.0,237.0,355.5,0.0,237.0,355.5
2022-06-14,SC,-4,756.7,1000.0,0.0,80.0,120.0,0.0,80.0,120.0
2022-06-14,SC,-7,756.7,1000.0,0.0,140.0,210.0,0.0,140.0,210.0
2022-06-14,SC,9,750.4,1000.0,0.0,180.0,270.0,0.0,180.0,270.0
2022-06-20,FG,260,1707.0,20.0,0.0,1560.0,2340.0,0.0,1560.0,2340.0
2022-06-20,RU,-6,12760.0,10.0,0.0,18.0,27.0,0.0,18.0,27.0
2022-06-20,SP,-151,6928.0,10.0,5e-06,52.306400000000004,78.45960000000001,5e-05,523.064,784.596
2022-06-27,AL,-532,19035.0,5.0,0.0,1596.0,2394.0,0.0,1596.0,2394.0
2022-06-27,AL,-302,19035.0,5.0,0.0,906.0,1359.0,0.0,906.0,1359.0
2022-06-27,AP,77,8689.0,10.0,0.0,770.0,1155.0,0.0,770.0,1155.0
2022-06-27,C,878,2804.0,10.0,0.0,1053.6,1580.3999999999999,0.0,1053.6,1580.3999999999999
2022-06-27,CF,-66,17640.0,5.0,0.0,283.8,425.70000000000005,0.0,283.8,425.70000000000005
2022-06-27,FG,113,1651.0,20.0,0.0,678.0,1017.0,0.0,678.0,1017.0
2022-06-27,LH,36,19995.0,16.0,0.0,72.0,108.0,0.0,72.0,108.0
2022-06-27,LH,9,19995.0,16.0,0.0,18.0,27.0,0.0,18.0,27.0
2022-06-27,P,-75,9218.0,10.0,0.0,187.5,281.25,0.0,187.5,281.25
2022-06-27,P,-4,9218.0,10.0,0.0,10.0,15.0,0.0,10.0,15.0
2022-06-27,RB,-522,4191.0,10.0,1e-05,218.77020000000002,328.1553,0.0001,2187.7019999999998,3281.553
2022-06-27,RU,-146,12805.0,10.0,0.0,438.0,657.0,0.0,438.0,657.0
2022-06-27,SP,33,6438.0,10.0,5e-06,10.6227,15.93405,5e-05,106.227,159.34050000000002
2022-06-27,SR,-392,5836.0,10.0,0.0,1176.0,1764.0,0.0,1176.0,1764.0
2022-06-27,SR,-140,5836.0,10.0,0.0,420.0,630.0,0.0,420.0,630.0
2022-06-27,T,-148,99.995,10000.0,0.0,444.0,666.0,0.0,444.0,666.0
2022-06-28,AL,302,19295.0,5.0,0.0,906.0,1359.0,0.0,906.0,1359.0
2022-06-28,AL,-295,19160.0,5.0,0.0,885.0,1327.5,0.0,885.0,1327.5
2022-07-04,AL,295,18910.0,5.0,0.0,885.0,1327.5,0.0,885.0,1327.5
2022-07-04,AP,29,8962.0,10.0,0.0,290.0,435.0,0.0,290.0,435.0
2022-07-04,CF,66,17350.0,5.0,0.0,283.8,425.70000000000005,0.0,283.8,425.70000000000005
2022-07-04,FG,-64,1624.0,20.0,0.0,384.0,576.0,0.0,384.0,576.0
2022-07-04,JD,-875,4460.0,5.0,0.0,1312.5,1968.75,0.0,1312.5,1968.75
2022-07-04,LH,29,21880.0,16.0,0.0,58.0,87.0,0.0,58.0,87.0
2022-07-04,P,-54,9012.0,10.0,0.0,135.0,202.5,0.0,135.0,202.5
2022-07-04,RB,-244,4269.0,10.0,1e-05,104.16360000000002,156.24540000000002,0.0001,1041.636,1562.454
2022-07-04,SC,-3,716.2,1000.0,0.0,60.0,90.0,0.0,60.0,90.0
2022-07-04,SP,-122,6774.0,10.0,5e-06,41.3214,61.982099999999996,5e-05,413.214,619.821
2022-07-04,T,-293,99.89,10000.0,0.0,879.0,1318.5,0.0,879.0,1318.5
2022-07-04,T,-79,99.89,10000.0,0.0,237.0,355.5,0.0,237.0,355.5
2022-07-11,AL,-289,18430.0,5.0,0.0,867.0,1300.5,0.0,867.0,1300.5
2022-07-11,AP,-33,8808.0,10.0,0.0,330.0,495.0,0.0,330.0,495.0
2022-07-11,FG,49,1544.0,20.0,0.0,294.0,441.0,0.0,294.0,441.0
2022-07-11,JD,229,4426.0,5.0,0.0,343.5,515.25,0.0,343.5,515.25
2022-07-11,LH,-17,22490.0,16.0,0.0,34.0,51.0,0.0,34.0,51.0
2022-07-11,MA,-393,2482.0,10.0,0.0,786.0,1179.0,0.0,786.0,1179.0
2022-07-11,P,17,8174.0,10.0,0.0,42.5,63.75,0.0,42.5,63.75
2022-07-11,RB,158,4197.0,10.0,1e-05,66.3126,99.4689,0.0001,663.126,994.689
2022-07-11,SC,-2,680.8,1000.0,0.0,40.0,60.0,0.0,40.0,60.0
2022-07-11,SP,118,6618.0,10.0,5e-06,39.046200000000006,58.56930000000001,5e-05,390.46200000000005,585.6930000000001
2022-07-11,SP,122,6618.0,10.0,5e-06,40.369800000000005,60.55470000000001,5e-05,403.69800000000004,605.547
2022-07-12,SC,-4,669.3,1000.0,0.0,80.0,120.0,0.0,80.0,120.0
2022-07-12,SC,3,666.1,1000.0,0.0,60.0,90.0,0.0,60.0,90.0
2022-07-18,AL,-48,17325.0,5.0,0.0,144.0,216.0,0.0,144.0,216.0
2022-07-18,AP,2,8602.0,10.0,0.0,20.0,30.0,0.0,20.0,30.0
2022-07-18,CF,-66,14220.0,5.0,0.0,283.8,425.70000000000005,0.0,283.8,425.70000000000005
2022-07-18,FG,-7,1530.0,20.0,0.0,42.0,63.0,0.0,42.0,63.0
2022-07-18,MA,393,2326.0,10.0,0.0,786.0,1179.0,0.0,786.0,1179.0
2022-07-18,P,37,7546.0,10.0,0.0,92.5,138.75,0.0,92.5,138.75
2022-07-18,RB,17,3612.0,10.0,1e-05,6.1404000000000005,9.210600000000001,0.0001,61.404,92.10600000000001
2022-07-18,UR,-183,2238.0,20.0,0.0,1830.0,2745.0,0.0,1830.0,2745.0
2022-07-25,AP,-3,8995.0,10.0,0.0,30.0,45.0,0.0,30.0,45.0
2022-07-25,CF,18,15140.0,5.0,0.0,77.39999999999999,116.1,0.0,77.39999999999999,116.1
2022-07-25,LH,-1,20490.0,16.0,0.0,2.0,3.0,0.0,2.0,3.0
2022-07-25,MA,-369,2443.0,10.0,0.0,738.0,1107.0,0.0,738.0,1107.0
2022-07-25,RB,74,3866.0,10.0,1e-05,28.608400000000003,42.912600000000005,0.0001,286.084,429.126
2022-07-25,T,281,100.705,10000.0,0.0,843.0,1264.5,0.0,843.0,1264.5
2022-07-25,UR,183,2202.0,20.0,0.0,1830.0,2745.0,0.0,1830.0,2745.0
2022-07-28,AL,289,17985.0,5.0,0.0,867.0,1300.5,0.0,867.0,1300.5
2022-07-28,AL,48,17985.0,5.0,0.0,144.0,216.0,0.0,144.0,216.0
2022-07-28,AL,-324,18015.0,5.0,0.0,972.0,1458.0,0.0,972.0,1458.0
2022-08-01,CF,48,14945.0,5.0,0.0,206.39999999999998,309.59999999999997,0.0,206.39999999999998,309.59999999999997
2022-08-01,FG,-178,1496.0,20.0,0.0,1068.0,1602.0,0.0,1068.0,1602.0
2022-08-01,JD,-586,4278.0,5.0,0.0,879.0,1318.5,0.0,879.0,1318.5
2022-08-01,LH,2,21010.0,16.0,0.0,4.0,6.0,0.0,4.0,6.0
2022-08-01,MA,369,2612.0,10.0,0.0,738.0,1107.0,0.0,738.0,1107.0
2022-08-01,SP,93,7234.0,10.0,5e-06,33.6381,50.45715,5e-05,336.381,504.57149999999996
2022-08-01,T,7,101.155,10000.0,0.0,21.0,31.5,0.0,21.0,31.5
2022-08-08,AP,6,8600.0,10.0,0.0,60.0,90.0,0.0,60.0,90.0
2022-08-08,FG,3,1547.0,20.0,0.0,18.0,27.0,0.0,18.0,27.0
2022-08-08,FG,45,1547.0,20.0,0.0,270.0,405.0,0.0,270.0,405.0
2022-08-08,FG,85,1547.0,20.0,0.0,510.0,765.0,0.0,510.0,765.0
2022-08-08,JD,-57,4057.0,5.0,0.0,85.5,128.25,0.0,85.5,128.25
2022-08-08,LH,-11,20310.0,16.0,0.0,11.0,16.5,0.0,11.0,16.5
2022-08-08,LH,-2,20310.0,16.0,0.0,2.0,3.0,0.0,2.0,3.0
2022-08-08,M,192,4051.0,10.0,0.0,288.0,432.0,0.0,288.0,432.0
2022-08-08,RB,-29,4039.0,10.0,1e-05,11.7131,17.569650000000003,0.0001,117.13100000000001,175.69650000000001
2022-08-08,SC,-3,645.8,1000.0,0.0,60.0,90.0,0.0,60.0,90.0
2022-08-08,SP,124,7152.0,10.0,5e-06,44.342400000000005,66.51360000000001,5e-05,443.42400000000004,665.1360000000001
2022-08-08,T,45,101.225,10000.0,0.0,135.0,202.5,0.0,135.0,202.5
2022-08-08,UR,-102,2191.0,20.0,0.0,1020.0,1530.0,0.0,1020.0,1530.0
2022-08-10,UR,102,2235.0,20.0,0.0,102.0,153.0,0.0,102.0,153.0
2022-08-10,UR,-118,2179.0,20.0,0.0,590.0,885.0,0.0,590.0,885.0
2022-08-12,FG,21,1621.0,20.0,0.0,42.0,63.0,0.0,42.0,63.0
2022-08-12,FG,64,1621.0,20.0,0.0,128.0,192.0,0.0,128.0,192.0
2022-08-12,FG,7,1621.0,20.0,0.0,14.0,21.0,0.0,14.0,21.0
2022-08-12,FG,178,1621.0,20.0,0.0,356.0,534.0,0.0,356.0,534.0
2022-08-12,FG,-255,1596.0,20.0,0.0,1530.0,2295.0,0.0,1530.0,2295.0
2022-08-12,M,-192,4069.0,10.0,0.0,288.0,432.0,0.0,288.0,432.0
2022-08-12,M,227,3742.0,10.0,0.0,340.5,510.75,0.0,340.5,510.75
2022-08-15,AL,324,18535.0,5.0,0.0,972.0,1458.0,0.0,972.0,1458.0
2022-08-15,AP,35,8630.0,10.0,0.0,350.0,525.0,0.0,350.0,525.0
2022-08-15,FG,-46,1560.0,20.0,0.0,276.0,414.0,0.0,276.0,414.0
2022-08-15,M,44,3747.0,10.0,0.0,66.0,99.0,0.0,66.0,99.0
2022-08-15,RB,-218,4119.0,10.0,1e-05,89.7942,134.6913,0.0001,897.942,1346.913
2022-08-15,RU,-92,12970.0,10.0,0.0,276.0,414.0,0.0,276.0,414.0
2022-08-15,SC,6,671.6,1000.0,0.0,120.0,180.0,0.0,120.0,180.0
2022-08-15,SP,-51,6886.0,10.0,5e-06,17.559300000000004,26.338950000000004,5e-05,175.593,263.3895
2022-08-15,T,100,101.605,10000.0,0.0,300.0,450.0,0.0,300.0,450.0
2022-08-15,UR,118,2344.0,20.0,0.0,590.0,885.0,0.0,590.0,885.0
2022-08-16,JD,646,4094.0,5.0,0.0,969.0,1453.5,0.0,969.0,1453.5
2022-08-16,JD,586,4094.0,5.0,0.0,879.0,1318.5,0.0,879.0,1318.5
2022-08-16,JD,57,4094.0,5.0,0.0,85.5,128.25,0.0,85.5,128.25
2022-08-16,JD,-1337,4096.0,5.0,0.0,2005.5,3008.25,0.0,2005.5,3008.25
2022-08-18,SP,-42,6878.0,10.0,2e-06,5.777519999999999,8.666279999999999,1.9999999999999998e-05,57.7752,86.6628
2022-08-18,SP,-124,6878.0,10.0,2e-06,17.05744,25.58616,1.9999999999999998e-05,170.5744,255.8616
2022-08-18,SP,167,6270.0,10.0,5e-06,52.3545,78.53175,5e-05,523.5450000000001,785.3175000000001
2022-08-22,AP,15,9107.0,10.0,0.0,150.0,225.0,0.0,150.0,225.0
2022-08-22,FG,-80,1443.0,20.0,0.0,480.0,720.0,0.0,480.0,720.0
2022-08-22,JD,-302,4140.0,5.0,0.0,453.0,679.5,0.0,453.0,679.5
2022-08-22,M,-227,3678.0,10.0,0.0,340.5,510.75,0.0,340.5,510.75
2022-08-22,M,-44,3678.0,10.0,0.0,66.0,99.0,0.0,66.0,99.0
2022-08-22,P,77,8236.0,10.0,0.0,192.5,288.75,0.0,192.5,288.75
2022-08-22,RB,273,3949.0,10.0,1e-05,107.80770000000001,161.71155000000002,0.0001,1078.077,1617.1154999999999
2022-08-22,RB,244,3949.0,10.0,1e-05,96.35560000000001,144.53340000000003,0.0001,963.556,1445.334
2022-08-22,RB,29,3949.0,10.0,1e-05,11.452100000000002,17.178150000000002,0.0001,114.52100000000002,171.78150000000002
2022-08-22,RB,218,3949.0,10.0,1e-05,86.0882,129.1323,0.0001,860.8820000000001,1291.323
2022-08-22,RU,92,12730.0,10.0,0.0,276.0,414.0,0.0,276.0,414.0
2022-08-22,SC,26,689.8,1000.0,0.0,520.0,780.0,0.0,520.0,780.0
2022-08-22,SP,-167,6280.0,10.0,5e-06,52.438,78.65700000000001,5e-05,524.38,786.5699999999999
2022-08-22,T,-281,102.16,10000.0,0.0,843.0,1264.5,0.0,843.0,1264.5
2022-08-22,T,-7,102.16,10000.0,0.0,21.0,31.5,0.0,21.0,31.5
2022-08-22,T,-45,102.16,10000.0,0.0,135.0,202.5,0.0,135.0,202.5
2022-08-22,T,-100,102.16,10000.0,0.0,300.0,450.0,0.0,300.0,450.0
2022-08-22,T,476,101.675,10000.0,0.0,1428.0,2142.0,0.0,1428.0,2142.0
2022-08-29,AP,28,9202.0,10.0,0.0,280.0,420.0,0.0,280.0,420.0
2022-08-29,FG,-37,1464.0,20.0,0.0,222.0,333.0,0.0,222.0,333.0
2022-08-29,JD,478,4133.0,5.0,0.0,717.0,1075.5,0.0,717.0,1075.5
2022-08-29,M,346,3779.0,10.0,0.0,519.0,778.5,0.0,519.0,778.5
2022-08-29,MA,-428,2610.0,10.0,0.0,856.0,1284.0,0.0,856.0,1284.0
2022-08-29,P,-77,8572.0,10.0,0.0,192.5,288.75,0.0,192.5,288.75
2022-08-29,SR,-567,5541.0,10.0,0.0,1701.0,2551.5,0.0,1701.0,2551.5
2022-08-29,T,13,101.335,10000.0,0.0,39.0,58.5,0.0,39.0,58.5
2022-09-05,AP,209,9077.0,10.0,0.0,2090.0,3135.0,0.0,2090.0,3135.0
2022-09-05,FG,-25,1430.0,20.0,0.0,150.0,225.0,0.0,150.0,225.0
2022-09-05,M,-346,3823.0,10.0,0.0,519.0,778.5,0.0,519.0,778.5
2022-09-05,MA,428,2587.0,10.0,0.0,856.0,1284.0,0.0,856.0,1284.0
2022-09-05,RU,-164,12290.0,10.0,0.0,492.0,738.0,0.0,492.0,738.0
2022-09-05,SR,-48,5510.0,10.0,0.0,144.0,216.0,0.0,144.0,216.0
2022-09-05,T,54,101.655,10000.0,0.0,162.0,243.0,0.0,162.0,243.0
2022-09-06,SC,-6,709.4,1000.0,0.0,120.0,180.0,0.0,120.0,180.0
2022-09-06,SC,-26,709.4,1000.0,0.0,520.0,780.0,0.0,520.0,780.0
2022-09-06,SC,31,673.3,1000.0,0.0,620.0,930.0,0.0,620.0,930.0
2022-09-09,AP,-41,8635.0,10.0,0.0,205.0,307.5,0.0,205.0,307.5
2022-09-09,AP,-29,8635.0,10.0,0.0,145.0,217.5,0.0,145.0,217.5
2022-09-09,AP,-2,8635.0,10.0,0.0,10.0,15.0,0.0,10.0,15.0
2022-09-09,AP,-6,8635.0,10.0,0.0,30.0,45.0,0.0,30.0,45.0
2022-09-09,AP,-35,8635.0,10.0,0.0,175.0,262.5,0.0,175.0,262.5
2022-09-09,AP,-15,8635.0,10.0,0.0,75.0,112.5,0.0,75.0,112.5
2022-09-09,AP,-28,8635.0,10.0,0.0,140.0,210.0,0.0,140.0,210.0
2022-09-09,AP,-209,8635.0,10.0,0.0,1045.0,1567.5,0.0,1045.0,1567.5
2022-09-09,AP,289,8703.0,10.0,0.0,1445.0,2167.5,0.0,1445.0,2167.5
2022-09-13,AL,-313,18895.0,5.0,0.0,939.0,1408.5,0.0,939.0,1408.5
2022-09-13,AP,-110,8819.0,10.0,0.0,550.0,825.0,0.0,550.0,825.0
2022-09-13,FG,167,1527.0,20.0,0.0,1002.0,1503.0,0.0,1002.0,1503.0
2022-09-13,JD,477,4276.0,5.0,0.0,715.5,1073.25,0.0,715.5,1073.25
2022-09-13,RB,-645,3794.0,10.0,1e-05,244.71300000000002,367.06950000000006,0.0001,2447.13,3670.695
2022-09-13,RU,63,12435.0,10.0,0.0,189.0,283.5,0.0,189.0,283.5
2022-09-13,SC,-18,649.8,1000.0,0.0,360.0,540.0,0.0,360.0,540.0
2022-09-13,SR,221,5541.0,10.0,0.0,663.0,994.5,0.0,663.0,994.5
2022-09-13,T,-206,101.345,10000.0,0.0,618.0,927.0,0.0,618.0,927.0
2022-09-19,AL,-26,18785.0,5.0,0.0,78.0,117.0,0.0,78.0,117.0
2022-09-19,AP,-93,8371.0,10.0,0.0,465.0,697.5,0.0,465.0,697.5
2022-09-19,JD,382,4270.0,5.0,0.0,573.0,859.5,0.0,573.0,859.5
2022-09-19,JD,302,4270.0,5.0,0.0,453.0,679.5,0.0,453.0,679.5
2022-09-19,MA,284,2751.0,10.0,0.0,568.0,852.0,0.0,568.0,852.0
2022-09-19,P,-56,7778.0,10.0,0.0,140.0,210.0,0.0,140.0,210.0
2022-09-19,RB,-76,3688.0,10.0,1e-05,28.0288,42.0432,0.0001,280.288,420.432
2022-09-19,RU,4,12980.0,10.0,0.0,12.0,18.0,0.0,12.0,18.0
2022-09-19,SC,-7,661.1,1000.0,0.0,140.0,210.0,0.0,140.0,210.0
2022-09-19,SR,346,5607.0,10.0,0.0,1038.0,1557.0,0.0,1038.0,1557.0
2022-09-19,SR,48,5607.0,10.0,0.0,144.0,216.0,0.0,144.0,216.0
2022-09-26,AL,313,18485.0,5.0,0.0,939.0,1408.5,0.0,939.0,1408.5
2022-09-26,AL,26,18485.0,5.0,0.0,78.0,117.0,0.0,78.0,117.0
2022-09-26,AP,-86,8248.0,10.0,0.0,430.0,645.0,0.0,430.0,645.0
2022-09-26,C,973,2825.0,10.0,0.0,1167.6,1751.3999999999999,0.0,1167.6,1751.3999999999999
2022-09-26,FG,-165,1497.0,20.0,0.0,990.0,1485.0,0.0,990.0,1485.0
2022-09-26,JD,-1159,4320.0,5.0,0.0,1738.5,2607.75,0.0,1738.5,2607.75
2022-09-26,MA,624,2626.0,10.0,0.0,1248.0,1872.0,0.0,1248.0,1872.0
2022-09-26,P,56,7670.0,10.0,0.0,140.0,210.0,0.0,140.0,210.0
2022-09-26,RB,-620,3735.0,10.0,1e-05,231.57000000000002,347.355,0.0001,2315.7000000000003,3473.55
2022-09-26,RU,97,13015.0,10.0,0.0,291.0,436.5,0.0,291.0,436.5
2022-09-26,SC,5,640.6,1000.0,0.0,100.0,150.0,0.0,100.0,150.0
2022-09-26,T,-270,101.125,10000.0,0.0,810.0,1215.0,0.0,810.0,1215.0
2022-09-26,T,-13,101.125,10000.0,0.0,39.0,58.5,0.0,39.0,58.5
2022-09-26,T,-54,101.125,10000.0,0.0,162.0,243.0,0.0,162.0,243.0
2022-10-10,AL,-409,18305.0,5.0,0.0,1227.0,1840.5,0.0,1227.0,1840.5
2022-10-10,C,-973,2775.0,10.0,0.0,1167.6,1751.3999999999999,0.0,1167.6,1751.3999999999999
2022-10-10,FG,84,1524.0,20.0,0.0,504.0,756.0,0.0,504.0,756.0
2022-10-10,JD,1159,4391.0,5.0,0.0,1738.5,2607.75,0.0,1738.5,2607.75
2022-10-10,MA,-284,2913.0,10.0,0.0,568.0,852.0,0.0,568.0,852.0
2022-10-10,MA,-624,2913.0,10.0,0.0,1248.0,1872.0,0.0,1248.0,1872.0
2022-10-10,RB,178,3826.0,10.0,1e-05,68.1028,102.1542,0.0001,681.028,1021.542
2022-10-10,SC,-6,704.8,1000.0,0.0,120.0,180.0,0.0,120.0,180.0
2022-10-10,SC,-5,704.8,1000.0,0.0,100.0,150.0,0.0,100.0,150.0
2022-10-10,SC,-5,704.8,1000.0,0.0,100.0,150.0,0.0,100.0,150.0
2022-10-10,SP,140,6954.0,10.0,5e-06,48.678000000000004,73.01700000000001,5e-05,486.78000000000003,730.1700000000001
2022-10-10,UR,171,2552.0,20.0,0.0,855.0,1282.5,0.0,855.0,1282.5
2022-10-13,SC,5,686.0,1000.0,0.0,100.0,150.0,0.0,100.0,150.0
2022-10-13,SC,-5,675.0,1000.0,0.0,100.0,150.0,0.0,100.0,150.0
2022-10-17,AL,409,18735.0,5.0,0.0,1227.0,1840.5,0.0,1227.0,1840.5
2022-10-17,CF,-157,13795.0,5.0,0.0,675.1,1012.6500000000001,0.0,675.1,1012.6500000000001
2022-10-17,FG,-106,1523.0,20.0,0.0,636.0,954.0,0.0,636.0,954.0
2022-10-17,M,787,4152.0,10.0,0.0,1180.5,1770.75,0.0,1180.5,1770.75
2022-10-17,P,-99,7762.0,10.0,0.0,247.5,371.25,0.0,247.5,371.25
2022-10-17,RB,467,3759.0,10.0,1e-05,175.5453,263.31795,0.0001,1755.4530000000002,2633.1795
2022-10-17,RB,76,3759.0,10.0,1e-05,28.5684,42.8526,0.0001,285.684,428.52600000000007
2022-10-17,RB,620,3759.0,10.0,1e-05,233.05800000000002,349.58700000000005,0.0001,2330.5800000000004,3495.870000000001
2022-10-17,SC,5,677.7,1000.0,0.0,100.0,150.0,0.0,100.0,150.0
2022-10-17,SP,-140,6674.0,10.0,5e-06,46.71800000000001,70.07700000000001,5e-05,467.18,700.77
2022-10-17,UR,88,2411.0,20.0,0.0,440.0,660.0,0.0,440.0,660.0
2022-10-24,AP,-150,8504.0,10.0,0.0,750.0,1125.0,0.0,750.0,1125.0
2022-10-24,CF,-11,13175.0,5.0,0.0,47.3,70.94999999999999,0.0,47.3,70.94999999999999
2022-10-24,P,99,8170.0,10.0,0.0,247.5,371.25,0.0,247.5,371.25
2022-10-24,RU,142,12300.0,10.0,0.0,426.0,639.0,0.0,426.0,639.0
2022-10-24,UR,-171,2238.0,20.0,0.0,855.0,1282.5,0.0,855.0,1282.5
2022-10-24,UR,-88,2238.0,20.0,0.0,440.0,660.0,0.0,440.0,660.0
2022-10-31,AL,-378,18035.0,5.0,0.0,1134.0,1701.0,0.0,1134.0,1701.0
2022-10-31,AP,150,8351.0,10.0,0.0,750.0,1125.0,0.0,750.0,1125.0
2022-10-31,CF,-47,12780.0,5.0,0.0,202.1,303.15,0.0,202.1,303.15
2022-10-31,FG,4,1398.0,20.0,0.0,24.0,36.0,0.0,24.0,36.0
2022-10-31,FG,46,1398.0,20.0,0.0,276.0,414.0,0.0,276.0,414.0
2022-10-31,FG,80,1398.0,20.0,0.0,480.0,720.0,0.0,480.0,720.0
2022-10-31,FG,37,1398.0,20.0,0.0,222.0,333.0,0.0,222.0,333.0
2022-10-31,FG,25,1398.0,20.0,0.0,150.0,225.0,0.0,150.0,225.0
2022-10-31,FG,165,1398.0,20.0,0.0,990.0,1485.0,0.0,990.0,1485.0
2022-10-31,FG,106,1398.0,20.0,0.0,636.0,954.0,0.0,636.0,954.0
2022-10-31,JD,423,4360.0,5.0,0.0,634.5,951.75,0.0,634.5,951.75
2022-10-31,M,-515,4047.0,10.0,0.0,772.5,1158.75,0.0,772.5,1158.75
2022-10-31,RB,-900,3489.0,10.0,1e-05,314.01000000000005,471.0150000000001,0.0001,3140.1000000000004,4710.150000000001
2022-10-31,RU,-142,11800.0,10.0,0.0,426.0,639.0,0.0,426.0,639.0
2022-10-31,RU,-82,11800.0,10.0,0.0,246.0,369.0,0.0,246.0,369.0
2022-10-31,SC,5,687.1,1000.0,0.0,100.0,150.0,0.0,100.0,150.0
2022-10-31,SP,136,6654.0,10.0,5e-06,45.24720000000001,67.8708,5e-05,452.472,678.708
2022-10-31,UR,-152,2234.0,20.0,0.0,760.0,1140.0,0.0,760.0,1140.0
2022-11-07,C,575,2872.0,10.0,0.0,690.0,1035.0,0.0,690.0,1035.0
2022-11-07,JD,-423,4283.0,5.0,0.0,634.5,951.75,0.0,634.5,951.75
2022-11-07,M,-17,4196.0,10.0,0.0,25.5,38.25,0.0,25.5,38.25
2022-11-07,RU,-54,12320.0,10.0,0.0,162.0,243.0,0.0,162.0,243.0
2022-11-07,T,303,101.48,10000.0,0.0,909.0,1363.5,0.0,909.0,1363.5
2022-11-07,UR,152,2365.0,20.0,0.0,760.0,1140.0,0.0,760.0,1140.0
2022-11-14,AL,378,18925.0,5.0,0.0,1134.0,1701.0,0.0,1134.0,1701.0
2022-11-14,C,-575,2883.0,10.0,0.0,690.0,1035.0,0.0,690.0,1035.0
2022-11-14,CF,-64,13290.0,5.0,0.0,275.2,412.79999999999995,0.0,275.2,412.79999999999995
2022-11-14,M,27,4228.0,10.0,0.0,40.5,60.75,0.0,40.5,60.75
2022-11-14,P,81,8536.0,10.0,0.0,202.5,303.75,0.0,202.5,303.75
2022-11-14,RB,-134,3636.0,10.0,1e-05,48.72240000000001,73.08360000000002,0.0001,487.224,730.836
2022-11-14,RU,-43,12595.0,10.0,0.0,129.0,193.5,0.0,129.0,193.5
2022-11-14,SC,-5,680.2,1000.0,0.0,100.0,150.0,0.0,100.0,150.0
2022-11-14,SC,8,676.7,1000.0,0.0,160.0,240.0,0.0,160.0,240.0
2022-11-14,SP,28,6806.0,10.0,5e-06,9.528400000000001,14.292600000000002,5e-05,95.284,142.92600000000002
2022-11-14,T,54,100.725,10000.0,0.0,162.0,243.0,0.0,162.0,243.0
2022-11-18,T,-303,100.57,10000.0,0.0,909.0,1363.5,0.0,909.0,1363.5
2022-11-18,T,-54,100.57,10000.0,0.0,162.0,243.0,0.0,162.0,243.0
2022-11-18,T,201,99.74,10000.0,0.0,603.0,904.5,0.0,603.0,904.5
2022-11-21,AL,473,19165.0,5.0,0.0,1419.0,2128.5,0.0,1419.0,2128.5
2022-11-21,CF,111,13565.0,5.0,0.0,477.29999999999995,715.9499999999999,0.0,477.29999999999995,715.9499999999999
2022-11-21,FG,-296,1364.0,20.0,0.0,1776.0,2664.0,0.0,1776.0,2664.0
2022-11-21,JD,-557,4274.0,5.0,0.0,835.5,1253.25,0.0,835.5,1253.25
2022-11-21,RU,72,12730.0,10.0,0.0,216.0,324.0,0.0,216.0,324.0
2022-11-21,SC,-8,609.5,1000.0,0.0,160.0,240.0,0.0,160.0,240.0
2022-11-21,SP,168,6924.0,10.0,5e-06,58.1616,87.2424,5e-05,581.616,872.424
2022-11-21,T,-201,99.745,10000.0,0.0,603.0,904.5,0.0,603.0,904.5
2022-11-28,AL,-46,18875.0,5.0,0.0,138.0,207.0,0.0,138.0,207.0
2022-11-28,CF,46,13505.0,5.0,0.0,197.79999999999998,296.7,0.0,197.79999999999998,296.7
2022-11-28,CF,1,13505.0,5.0,0.0,4.3,6.449999999999999,0.0,4.3,6.449999999999999
2022-11-28,FG,41,1433.0,20.0,0.0,246.0,369.0,0.0,246.0,369.0
2022-11-28,JD,125,4421.0,5.0,0.0,187.5,281.25,0.0,187.5,281.25
2022-11-28,M,110,4312.0,10.0,0.0,165.0,247.5,0.0,165.0,247.5
2022-11-28,P,-81,8356.0,10.0,0.0,202.5,303.75,0.0,202.5,303.75
2022-11-28,RB,900,3737.0,10.0,1e-05,336.33000000000004,504.49500000000006,0.0001,3363.3,5044.950000000001
2022-11-28,RB,134,3737.0,10.0,1e-05,50.0758,75.1137,0.0001,500.75800000000004,751.1370000000001
2022-11-28,RB,766,3737.0,10.0,1e-05,286.2542,429.3813,0.0001,2862.542,4293.813
2022-11-28,RU,10,12805.0,10.0,0.0,30.0,45.0,0.0,30.0,45.0
2022-11-28,RU,39,12805.0,10.0,0.0,117.0,175.5,0.0,117.0,175.5
2022-11-28,SP,-136,7096.0,10.0,5e-06,48.2528,72.3792,5e-05,482.528,723.792
2022-11-28,SP,-28,7096.0,10.0,5e-06,9.9344,14.9016,5e-05,99.344,149.016
2022-11-28,SP,-22,7096.0,10.0,5e-06,7.8056,11.708400000000001,5e-05,78.056,117.084
2022-11-28,UR,108,2619.0,20.0,0.0,540.0,810.0,0.0,540.0,810.0
2022-11-29,AL,-427,18760.0,5.0,0.0,1281.0,1921.5,0.0,1281.0,1921.5
2022-11-29,AL,378,18750.0,5.0,0.0,1134.0,1701.0,0.0,1134.0,1701.0
2022-12-05,AL,177,19195.0,5.0,0.0,531.0,796.5,0.0,531.0,796.5
2022-12-05,CF,10,13500.0,5.0,0.0,43.0,64.5,0.0,43.0,64.5
2022-12-05,CF,47,13500.0,5.0,0.0,202.1,303.15,0.0,202.1,303.15
2022-12-05,CF,64,13500.0,5.0,0.0,275.2,412.79999999999995,0.0,275.2,412.79999999999995
2022-12-05,CF,-181,13445.0,5.0,0.0,778.3,1167.4499999999998,0.0,778.3,1167.4499999999998
2022-12-05,FG,255,1397.0,20.0,0.0,1530.0,2295.0,0.0,1530.0,2295.0
2022-12-05,JD,432,4389.0,5.0,0.0,648.0,972.0,0.0,648.0,972.0
2022-12-05,LH,-25,20995.0,16.0,0.0,50.0,75.0,0.0,50.0,75.0
2022-12-05,M,271,4282.0,10.0,0.0,406.5,609.75,0.0,406.5,609.75
2022-12-05,RB,-766,3792.0,10.0,1e-05,290.46720000000005,435.7008000000001,0.0001,2904.672,4357.008
2022-12-05,RU,-37,12940.0,10.0,0.0,111.0,166.5,0.0,111.0,166.5
2022-12-05,SC,-8,575.1,1000.0,0.0,160.0,240.0,0.0,160.0,240.0
2022-12-05,SP,40,7204.0,10.0,5e-06,14.408000000000001,21.612000000000002,5e-05,144.08,216.12
2022-12-05,UR,69,2628.0,20.0,0.0,345.0,517.5,0.0,345.0,517.5
2022-12-06,SC,8,569.3,1000.0,0.0,160.0,240.0,0.0,160.0,240.0
2022-12-06,SC,-9,573.2,1000.0,0.0,180.0,270.0,0.0,180.0,270.0
2022-12-07,RU,15,12925.0,10.0,0.0,45.0,67.5,0.0,45.0,67.5
2022-12-07,RU,43,12925.0,10.0,0.0,129.0,193.5,0.0,129.0,193.5
2022-12-07,RU,37,12925.0,10.0,0.0,111.0,166.5,0.0,111.0,166.5
2022-12-07,RU,-106,12915.0,10.0,0.0,318.0,477.0,0.0,318.0,477.0
2022-12-12,AL,-82,19195.0,5.0,0.0,246.0,369.0,0.0,246.0,369.0
2022-12-12,AP,-81,8524.0,10.0,0.0,405.0,607.5,0.0,405.0,607.5
2022-12-12,CF,181,13860.0,5.0,0.0,778.3,1167.4499999999998,0.0,778.3,1167.4499999999998
2022-12-12,LH,25,17660.0,16.0,0.0,50.0,75.0,0.0,50.0,75.0
2022-12-12,M,-255,4448.0,10.0,0.0,382.5,573.75,0.0,382.5,573.75
2022-12-12,M,-27,4448.0,10.0,0.0,40.5,60.75,0.0,40.5,60.75
2022-12-12,M,-110,4448.0,10.0,0.0,165.0,247.5,0.0,165.0,247.5
2022-12-12,M,-49,4448.0,10.0,0.0,73.5,110.25,0.0,73.5,110.25
2022-12-12,RB,801,3946.0,10.0,1e-05,316.07460000000003,474.11190000000005,0.0001,3160.746,4741.119000000001
2022-12-12,RU,33,13195.0,10.0,0.0,99.0,148.5,0.0,99.0,148.5
2022-12-12,SC,2,507.5,1000.0,0.0,40.0,60.0,0.0,40.0,60.0
2022-12-12,SP,69,7244.0,10.0,5e-06,24.9918,37.487700000000004,5e-05,249.91800000000003,374.87700000000007
2022-12-12,UR,-108,2631.0,20.0,0.0,540.0,810.0,0.0,540.0,810.0
2022-12-12,UR,-69,2631.0,20.0,0.0,345.0,517.5,0.0,345.0,517.5
2022-12-16,AP,81,8385.0,10.0,0.0,405.0,607.5,0.0,405.0,607.5
2022-12-16,AP,-109,7820.0,10.0,0.0,545.0,817.5,0.0,545.0,817.5
2022-12-19,AL,209,18760.0,5.0,0.0,627.0,940.5,0.0,627.0,940.5
2022-12-19,AP,109,7912.0,10.0,0.0,545.0,817.5,0.0,545.0,817.5
2022-12-19,LH,-20,15790.0,16.0,0.0,40.0,60.0,0.0,40.0,60.0
2022-12-19,M,109,4299.0,10.0,0.0,163.5,245.25,0.0,163.5,245.25
2022-12-19,RB,-801,4040.0,10.0,1e-05,323.60400000000004,485.40600000000006,0.0001,3236.04,4854.0599999999995
2022-12-19,RU,-41,13055.0,10.0,0.0,123.0,184.5,0.0,123.0,184.5
2022-12-19,SC,-3,529.0,1000.0,0.0,60.0,90.0,0.0,60.0,90.0
2022-12-19,SP,89,6916.0,10.0,2e-06,12.31048,18.46572,1.9999999999999998e-05,123.1048,184.6572
2022-12-20,M,-222,4255.0,10.0,0.0,333.0,499.5,0.0,333.0,499.5
2022-12-20,M,-109,4255.0,10.0,0.0,163.5,245.25,0.0,163.5,245.25
2022-12-20,M,366,3718.0,10.0,0.0,549.0,823.5,0.0,549.0,823.5
2022-12-20,SP,-146,6974.0,10.0,2e-06,20.364079999999998,30.546119999999995,1.9999999999999998e-05,203.64079999999998,305.46119999999996
2022-12-20,SP,-40,6974.0,10.0,2e-06,5.5792,8.3688,1.9999999999999998e-05,55.791999999999994,83.68799999999999
2022-12-20,SP,-69,6974.0,10.0,2e-06,9.62412,14.43618,1.9999999999999998e-05,96.24119999999999,144.3618
2022-12-20,SP,-89,6974.0,10.0,2e-06,12.41372,18.62058,1.9999999999999998e-05,124.13719999999998,186.20579999999995
2022-12-20,SP,393,6496.0,10.0,5e-06,127.64640000000001,191.4696,5e-05,1276.4640000000002,1914.6960000000004
2022-12-26,AL,-296,18610.0,5.0,0.0,888.0,1332.0,0.0,888.0,1332.0
2022-12-26,AL,-177,18610.0,5.0,0.0,531.0,796.5,0.0,531.0,796.5
2022-12-26,AL,-209,18610.0,5.0,0.0,627.0,940.5,0.0,627.0,940.5
2022-12-26,AL,-664,18610.0,5.0,0.0,1992.0,2988.0,0.0,1992.0,2988.0
2022-12-26,FG,338,1557.0,20.0,0.0,2028.0,3042.0,0.0,2028.0,3042.0
2022-12-26,SC,-2,549.6,1000.0,0.0,40.0,60.0,0.0,40.0,60.0
2022-12-26,SP,-171,6492.0,10.0,5e-06,55.5066,83.2599,5e-05,555.066,832.599
2022-12-26,T,299,100.41,10000.0,0.0,897.0,1345.5,0.0,897.0,1345.5
2022-12-28,AL,664,19030.0,5.0,0.0,1992.0,2988.0,0.0,1992.0,2988.0
2022-12-28,AL,-722,19050.0,5.0,0.0,2166.0,3249.0,0.0,2166.0,3249.0
2022-12-29,SC,7,560.3,1000.0,0.0,140.0,210.0,0.0,140.0,210.0
2022-12-29,SC,3,560.3,1000.0,0.0,60.0,90.0,0.0,60.0,90.0
2022-12-29,SC,2,560.3,1000.0,0.0,40.0,60.0,0.0,40.0,60.0
2022-12-29,SC,-10,564.5,1000.0,0.0,200.0,300.0,0.0,200.0,300.0
2023-01-03,AL,3,18665.0,5.0,0.0,9.0,13.5,0.0,9.0,13.5
2023-01-03,C,-762,2827.0,10.0,0.0,914.4,1371.6,0.0,914.4,1371.6
2023-01-03,CF,-189,14280.0,5.0,0.0,812.6999999999999,1219.05,0.0,812.6999999999999,1219.05
2023-01-03,LH,20,15400.0,16.0,0.0,40.0,60.0,0.0,40.0,60.0
2023-01-03,MA,-360,2654.0,10.0,0.0,720.0,1080.0,0.0,720.0,1080.0
2023-01-03,SC,10,573.8,1000.0,0.0,200.0,300.0,0.0,200.0,300.0
2023-01-03,SP,-52,6702.0,10.0,5e-06,17.4252,26.1378,5e-05,174.252,261.37800000000004
2023-01-03,SR,357,5758.0,10.0,0.0,1071.0,1606.5,0.0,1071.0,1606.5
2023-01-09,AL,50,17830.0,5.0,0.0,150.0,225.0,0.0,150.0,225.0
2023-01-09,C,762,2884.0,10.0,0.0,914.4,1371.6,0.0,914.4,1371.6
2023-01-09,CF,-6,14350.0,5.0,0.0,25.799999999999997,38.699999999999996,0.0,25.799999999999997,38.699999999999996
2023-01-09,LH,-20,15770.0,16.0,0.0,40.0,60.0,0.0,40.0,60.0
2023-01-09,MA,360,2627.0,10.0,0.0,720.0,1080.0,0.0,720.0,1080.0
2023-01-09,RB,1126,4106.0,10.0,1e-05,462.3356,693.5034,0.0001,4623.356,6935.034
2023-01-09,SC,-7,523.3,1000.0,0.0,140.0,210.0,0.0,140.0,210.0
2023-01-09,T,10,100.405,10000.0,0.0,30.0,45.0,0.0,30.0,45.0
2023-01-11,T,-2,100.03,10000.0,0.0,6.0,9.0,0.0,6.0,9.0
2023-01-12,T,-2,100.195,10000.0,0.0,6.0,9.0,0.0,6.0,9.0
2023-01-16,CF,189,14385.0,5.0,0.0,812.6999999999999,1219.05,0.0,812.6999999999999,1219.05
2023-01-16,CF,6,14385.0,5.0,0.0,25.799999999999997,38.699999999999996,0.0,25.799999999999997,38.699999999999996
2023-01-16,RU,-86,12950.0,10.0,0.0,258.0,387.0,0.0,258.0,387.0
2023-01-16,SC,7,538.7,1000.0,0.0,140.0,210.0,0.0,140.0,210.0
2023-01-16,SP,-7,6484.0,10.0,5e-06,2.2694,3.4041,5e-05,22.694,34.041
2023-01-16,SR,-357,5602.0,10.0,0.0,1071.0,1606.5,0.0,1071.0,1606.5
2023-01-19,AL,669,19060.0,5.0,0.0,2007.0,3010.5,0.0,2007.0,3010.5
2023-01-19,AL,-551,19050.0,5.0,0.0,1653.0,2479.5,0.0,1653.0,2479.5
2023-01-30,AP,105,8822.0,10.0,0.0,525.0,787.5,0.0,525.0,787.5
2023-01-30,CF,-180,15040.0,5.0,0.0,774.0,1161.0,0.0,774.0,1161.0
2023-01-30,M,-18,3877.0,10.0,0.0,27.0,40.5,0.0,27.0,40.5
2023-01-30,RB,-1126,4229.0,10.0,1e-05,476.1854000000001,714.2781000000001,0.0001,4761.854,7142.781000000001
2023-01-30,RU,73,13620.0,10.0,0.0,219.0,328.5,0.0,219.0,328.5
2023-01-30,RU,14,13620.0,10.0,0.0,42.0,63.0,0.0,42.0,63.0
2023-01-30,SP,-163,6798.0,10.0,5e-06,55.40370000000001,83.10555000000001,5e-05,554.037,831.0555
2023-01-30,T,10,99.685,10000.0,0.0,30.0,45.0,0.0,30.0,45.0
2023-02-06,AL,551,19085.0,5.0,0.0,1653.0,2479.5,0.0,1653.0,2479.5
2023-02-06,AP,-105,8935.0,10.0,0.0,525.0,787.5,0.0,525.0,787.5
2023-02-06,CF,180,15060.0,5.0,0.0,774.0,1161.0,0.0,774.0,1161.0
2023-02-06,FG,146,1578.0,20.0,0.0,876.0,1314.0,0.0,876.0,1314.0
2023-02-06,LH,-6,14290.0,16.0,0.0,12.0,18.0,0.0,12.0,18.0
2023-02-06,M,13,3894.0,10.0,0.0,19.5,29.25,0.0,19.5,29.25
2023-02-06,SP,158,6892.0,10.0,5e-06,54.4468,81.67020000000001,5e-05,544.4680000000001,816.7020000000001
2023-02-06,T,-295,100.365,10000.0,0.0,885.0,1327.5,0.0,885.0,1327.5
2023-02-06,T,-10,100.365,10000.0,0.0,30.0,45.0,0.0,30.0,45.0
2023-02-06,T,-10,100.365,10000.0,0.0,30.0,45.0,0.0,30.0,45.0
2023-02-13,FG,-338,1540.0,20.0,0.0,2028.0,3042.0,0.0,2028.0,3042.0
2023-02-13,FG,-146,1540.0,20.0,0.0,876.0,1314.0,0.0,876.0,1314.0
2023-02-13,FG,-288,1540.0,20.0,0.0,1728.0,2592.0,0.0,1728.0,2592.0
2023-02-13,LH,-1,14700.0,16.0,0.0,1.0,1.5,0.0,1.0,1.5
2023-02-13,M,31,3851.0,10.0,0.0,46.5,69.75,0.0,46.5,69.75
2023-02-13,MA,454,2612.0,10.0,0.0,908.0,1362.0,0.0,908.0,1362.0
2023-02-13,RU,27,12570.0,10.0,0.0,81.0,121.5,0.0,81.0,121.5
2023-02-13,RU,86,12570.0,10.0,0.0,258.0,387.0,0.0,258.0,387.0
2023-02-13,SC,-14,559.8,1000.0,0.0,280.0,420.0,0.0,280.0,420.0
2023-02-13,SP,26,6704.0,10.0,5e-06,8.715200000000001,13.0728,5e-05,87.15200000000002,130.728
2023-02-13,T,402,100.5,10000.0,0.0,1206.0,1809.0,0.0,1206.0,1809.0
2023-02-14,LH,20,14735.0,16.0,0.0,20.0,30.0,0.0,20.0,30.0
2023-02-14,LH,6,14735.0,16.0,0.0,6.0,9.0,0.0,6.0,9.0
2023-02-14,LH,1,14735.0,16.0,0.0,1.0,1.5,0.0,1.0,1.5
2023-02-14,LH,-31,16965.0,16.0,0.0,62.0,93.0,0.0,62.0,93.0
2023-02-20,C,-645,2866.0,10.0,0.0,774.0,1161.0,0.0,774.0,1161.0
2023-02-20,CF,-179,14140.0,5.0,0.0,769.6999999999999,1154.55,0.0,769.6999999999999,1154.55
2023-02-20,LH,31,17610.0,16.0,0.0,62.0,93.0,0.0,62.0,93.0
2023-02-20,MA,-454,2548.0,10.0,0.0,908.0,1362.0,0.0,908.0,1362.0
2023-02-20,RB,-1062,4149.0,10.0,1e-05,440.6238000000001,660.9357000000001,0.0001,4406.238,6609.357
2023-02-20,SC,14,558.0,1000.0,0.0,280.0,420.0,0.0,280.0,420.0
2023-02-20,SC,9,558.0,1000.0,0.0,180.0,270.0,0.0,180.0,270.0
2023-02-20,SP,-4,6564.0,10.0,5e-06,1.3128000000000002,1.9692000000000003,5e-05,13.128,19.692
2023-02-20,SR,331,5911.0,10.0,0.0,993.0,1489.5,0.0,993.0,1489.5
2023-02-20,UR,-174,2479.0,20.0,0.0,870.0,1305.0,0.0,870.0,1305.0
2023-02-21,T,-402,100.32,10000.0,0.0,1206.0,1809.0,0.0,1206.0,1809.0
2023-02-21,T,335,99.45,10000.0,0.0,1005.0,1507.5,0.0,1005.0,1507.5
2023-02-27,AL,-346,18565.0,5.0,0.0,1038.0,1557.0,0.0,1038.0,1557.0
2023-02-27,C,645,2866.0,10.0,0.0,774.0,1161.0,0.0,774.0,1161.0
2023-02-27,CF,28,14290.0,5.0,0.0,120.39999999999999,180.6,0.0,120.39999999999999,180.6
2023-02-27,FG,-84,1516.0,20.0,0.0,504.0,756.0,0.0,504.0,756.0
2023-02-27,M,-348,3854.0,10.0,0.0,522.0,783.0,0.0,522.0,783.0
2023-02-27,M,-13,3854.0,10.0,0.0,19.5,29.25,0.0,19.5,29.25
2023-02-27,M,-31,3854.0,10.0,0.0,46.5,69.75,0.0,46.5,69.75
2023-02-27,RB,141,4201.0,10.0,1e-05,59.234100000000005,88.85115,0.0001,592.3410000000001,888.5115000000002
2023-02-27,SC,-1,550.9,1000.0,0.0,20.0,30.0,0.0,20.0,30.0
2023-02-27,SP,-52,6476.0,10.0,5e-06,16.837600000000002,25.256400000000003,5e-05,168.376,252.56400000000002
2023-02-27,SR,-34,5945.0,10.0,0.0,102.0,153.0,0.0,102.0,153.0
2023-02-27,T,-54,99.72,10000.0,0.0,162.0,243.0,0.0,162.0,243.0
2023-02-27,UR,174,2538.0,20.0,0.0,870.0,1305.0,0.0,870.0,1305.0
2023-03-06,AL,-61,18770.0,5.0,0.0,183.0,274.5,0.0,183.0,274.5
2023-03-06,CF,-150,14695.0,5.0,0.0,645.0,967.5,0.0,645.0,967.5
2023-03-06,FG,-368,1546.0,20.0,0.0,2208.0,3312.0,0.0,2208.0,3312.0
2023-03-06,M,292,3772.0,10.0,0.0,438.0,657.0,0.0,438.0,657.0
2023-03-06,RB,921,4261.0,10.0,1e-05,392.4381,588.65715,0.0001,3924.3810000000003,5886.5715
2023-03-06,SC,-8,567.9,1000.0,0.0,160.0,240.0,0.0,160.0,240.0
2023-03-06,SP,2,6362.0,10.0,5e-06,0.6362000000000001,0.9543000000000001,5e-05,6.362,9.543
2023-03-06,T,11,99.905,10000.0,0.0,33.0,49.5,0.0,33.0,49.5
2023-03-13,AL,-154,18240.0,5.0,0.0,462.0,693.0,0.0,462.0,693.0
2023-03-13,CF,48,14340.0,5.0,0.0,206.39999999999998,309.59999999999997,0.0,206.39999999999998,309.59999999999997
2023-03-13,FG,288,1594.0,20.0,0.0,1728.0,2592.0,0.0,1728.0,2592.0
2023-03-13,FG,84,1594.0,20.0,0.0,504.0,756.0,0.0,504.0,756.0
2023-03-13,FG,368,1594.0,20.0,0.0,2208.0,3312.0,0.0,2208.0,3312.0
2023-03-13,M,-292,3787.0,10.0,0.0,438.0,657.0,0.0,438.0,657.0
2023-03-13,P,112,7912.0,10.0,0.0,280.0,420.0,0.0,280.0,420.0
2023-03-13,RU,-103,11980.0,10.0,0.0,309.0,463.5,0.0,309.0,463.5
2023-03-13,SC,11,547.1,1000.0,0.0,220.0,330.0,0.0,220.0,330.0
2023-03-13,SP,-102,6106.0,10.0,5e-06,31.140600000000003,46.7109,5e-05,311.406,467.10900000000004
2023-03-13,SP,-26,6106.0,10.0,5e-06,7.9378,11.9067,5e-05,79.378,119.06700000000001
2023-03-13,SP,-2,6106.0,10.0,5e-06,0.6106,0.9159,5e-05,6.106,9.158999999999999
2023-03-13,SP,-179,6106.0,10.0,5e-06,54.648700000000005,81.97305,5e-05,546.487,819.7304999999999
2023-03-13,SR,-297,6300.0,10.0,0.0,891.0,1336.5,0.0,891.0,1336.5
2023-03-13,T,106,100.295,10000.0,0.0,318.0,477.0,0.0,318.0,477.0
2023-03-13,UR,197,2457.0,20.0,0.0,985.0,1477.5,0.0,985.0,1477.5
2023-03-14,SC,-11,522.0,1000.0,0.0,220.0,330.0,0.0,220.0,330.0
2023-03-14,SC,12,530.3,1000.0,0.0,240.0,360.0,0.0,240.0,360.0
2023-03-20,CF,51,13860.0,5.0,0.0,219.29999999999998,328.95,0.0,219.29999999999998,328.95
2023-03-20,FG,245,1567.0,20.0,0.0,1470.0,2205.0,0.0,1470.0,2205.0
2023-03-20,LH,-28,16030.0,16.0,0.0,56.0,84.0,0.0,56.0,84.0
2023-03-20,M,409,3702.0,10.0,0.0,613.5,920.25,0.0,613.5,920.25
2023-03-20,P,-112,7774.0,10.0,0.0,280.0,420.0,0.0,280.0,420.0
2023-03-20,RU,-94,11690.0,10.0,0.0,282.0,423.0,0.0,282.0,423.0
2023-03-20,SC,-12,496.8,1000.0,0.0,240.0,360.0,0.0,240.0,360.0
2023-03-20,SR,266,6134.0,10.0,0.0,798.0,1197.0,0.0,798.0,1197.0
2023-03-20,UR,-197,2555.0,20.0,0.0,985.0,1477.5,0.0,985.0,1477.5
2023-03-23,AL,346,18300.0,5.0,0.0,1038.0,1557.0,0.0,1038.0,1557.0
2023-03-23,AL,61,18300.0,5.0,0.0,183.0,274.5,0.0,183.0,274.5
2023-03-23,AL,154,18300.0,5.0,0.0,462.0,693.0,0.0,462.0,693.0
2023-03-23,AL,-591,18200.0,5.0,0.0,1773.0,2659.5,0.0,1773.0,2659.5
2023-03-27,AP,95,8789.0,10.0,0.0,475.0,712.5,0.0,475.0,712.5
2023-03-27,FG,-245,1618.0,20.0,0.0,1470.0,2205.0,0.0,1470.0,2205.0
2023-03-27,LH,-1,15430.0,16.0,0.0,2.0,3.0,0.0,2.0,3.0
2023-03-27,M,-409,3487.0,10.0,0.0,613.5,920.25,0.0,613.5,920.25
2023-03-27,SP,18,5796.0,10.0,5e-06,5.2164,7.8246,5e-05,52.164,78.24600000000001
2023-03-27,SR,13,6167.0,10.0,0.0,26.0,39.0,0.0,26.0,39.0
2023-03-27,UR,154,2497.0,20.0,0.0,770.0,1155.0,0.0,770.0,1155.0
2023-03-28,SR,-266,6149.0,10.0,0.0,532.0,798.0,0.0,532.0,798.0
2023-03-28,SR,-13,6149.0,10.0,0.0,26.0,39.0,0.0,26.0,39.0
2023-03-28,SR,307,6175.0,10.0,0.0,921.0,1381.5,0.0,921.0,1381.5
2023-04-03,AL,131,18735.0,5.0,0.0,393.0,589.5,0.0,393.0,589.5
2023-04-03,AP,-95,8219.0,10.0,0.0,475.0,712.5,0.0,475.0,712.5
2023-04-03,CF,52,14320.0,5.0,0.0,223.6,335.4,0.0,223.6,335.4
2023-04-03,CF,1,14320.0,5.0,0.0,4.3,6.449999999999999,0.0,4.3,6.449999999999999
2023-04-03,FG,183,1645.0,20.0,0.0,1098.0,1647.0,0.0,1098.0,1647.0
2023-04-03,LH,28,15130.0,16.0,0.0,56.0,84.0,0.0,56.0,84.0
2023-04-03,LH,1,15130.0,16.0,0.0,2.0,3.0,0.0,2.0,3.0
2023-04-03,M,-248,3517.0,10.0,0.0,372.0,558.0,0.0,372.0,558.0
2023-04-03,RB,-765,4160.0,10.0,1e-05,318.24,477.36,0.0001,3182.4,4773.6
2023-04-03,RU,26,11940.0,10.0,0.0,78.0,117.0,0.0,78.0,117.0
2023-04-03,SP,33,5592.0,10.0,5e-06,9.2268,13.840200000000001,5e-05,92.26800000000001,138.40200000000002
2023-04-03,SR,60,6450.0,10.0,0.0,180.0,270.0,0.0,180.0,270.0
2023-04-03,T,-82,100.44,10000.0,0.0,246.0,369.0,0.0,246.0,369.0
2023-04-03,UR,-154,2431.0,20.0,0.0,770.0,1155.0,0.0,770.0,1155.0
2023-04-06,RU,77,11675.0,10.0,0.0,231.0,346.5,0.0,231.0,346.5
2023-04-06,RU,94,11675.0,10.0,0.0,282.0,423.0,0.0,282.0,423.0
2023-04-06,RU,-168,11705.0,10.0,0.0,504.0,756.0,0.0,504.0,756.0
2023-04-07,RB,765,3992.0,10.0,1e-05,305.38800000000003,458.08200000000005,0.0001,3053.88,4580.82
2023-04-07,RB,-822,3950.0,10.0,1e-05,324.69,487.03499999999997,0.0001,3246.9,4870.35
2023-04-10,AL,460,18665.0,5.0,0.0,1380.0,2070.0,0.0,1380.0,2070.0
2023-04-10,CF,-40,14670.0,5.0,0.0,172.0,258.0,0.0,172.0,258.0
2023-04-10,FG,99,1693.0,20.0,0.0,594.0,891.0,0.0,594.0,891.0
2023-04-10,LH,-36,14865.0,16.0,0.0,72.0,108.0,0.0,72.0,108.0
2023-04-10,M,248,3562.0,10.0,0.0,372.0,558.0,0.0,372.0,558.0
2023-04-10,RB,-204,3999.0,10.0,1e-05,81.57960000000001,122.36940000000001,0.0001,815.796,1223.694
2023-04-10,RU,-49,11665.0,10.0,0.0,147.0,220.5,0.0,147.0,220.5
2023-04-10,SP,-12,5616.0,10.0,5e-06,3.3696000000000006,5.054400000000001,5e-05,33.696000000000005,50.54400000000001
2023-04-10,SR,41,6729.0,10.0,0.0,123.0,184.5,0.0,123.0,184.5
2023-04-10,T,71,100.505,10000.0,0.0,213.0,319.5,0.0,213.0,319.5
2023-04-11,CF,149,14615.0,5.0,0.0,640.6999999999999,961.05,0.0,640.6999999999999,961.05
2023-04-11,CF,40,14615.0,5.0,0.0,172.0,258.0,0.0,172.0,258.0
2023-04-11,CF,-216,14780.0,5.0,0.0,928.8,1393.1999999999998,0.0,928.8,1393.1999999999998
2023-04-12,FG,-183,1691.0,20.0,0.0,366.0,549.0,0.0,366.0,549.0
2023-04-12,FG,-99,1691.0,20.0,0.0,198.0,297.0,0.0,198.0,297.0
2023-04-12,FG,325,1651.0,20.0,0.0,1950.0,2925.0,0.0,1950.0,2925.0
2023-04-17,LH,36,14615.0,16.0,0.0,36.0,54.0,0.0,36.0,54.0
2023-04-17,LH,-43,15635.0,16.0,0.0,86.0,129.0,0.0,86.0,129.0
2023-04-17,RB,-51,3899.0,10.0,1e-05,19.884900000000002,29.827350000000003,0.0001,198.849,298.2735
2023-04-17,RU,-7,11630.0,10.0,0.0,21.0,31.5,0.0,21.0,31.5
2023-04-17,SP,-10,5404.0,10.0,5e-06,2.702,4.053,5e-05,27.02,40.53
2023-04-17,SR,20,6712.0,10.0,0.0,60.0,90.0,0.0,60.0,90.0
2023-04-17,T,2,100.675,10000.0,0.0,6.0,9.0,0.0,6.0,9.0
2023-04-20,SP,128,5496.0,10.0,2e-06,14.069759999999999,21.104639999999996,1.9999999999999998e-05,140.6976,211.0464
2023-04-20,SP,12,5496.0,10.0,2e-06,1.3190399999999998,1.9785599999999997,1.9999999999999998e-05,13.1904,19.785600000000002
2023-04-20,SP,10,5496.0,10.0,2e-06,1.0992,1.6488,1.9999999999999998e-05,10.991999999999999,16.488
2023-04-20,SP,-170,5408.0,10.0,5e-06,45.968,68.952,5e-05,459.68,689.52
2023-04-24,CF,6,14870.0,5.0,0.0,25.799999999999997,38.699999999999996,0.0,25.799999999999997,38.699999999999996
2023-04-24,FG,-54,1809.0,20.0,0.0,324.0,486.0,0.0,324.0,486.0
2023-04-24,LH,3,17170.0,16.0,0.0,6.0,9.0,0.0,6.0,9.0
2023-04-24,RB,-12,3809.0,10.0,1e-05,4.5708,6.8562,0.0001,45.708,68.562
2023-04-24,RU,-10,11890.0,10.0,0.0,30.0,45.0,0.0,30.0,45.0
2023-04-24,T,22,100.92,10000.0,0.0,66.0,99.0,0.0,66.0,99.0
2023-05-04,C,-762,2639.0,10.0,0.0,914.4,1371.6,0.0,914.4,1371.6
2023-05-04,FG,-4,1771.0,20.0,0.0,24.0,36.0,0.0,24.0,36.0
2023-05-04,LH,40,16385.0,16.0,0.0,80.0,120.0,0.0,80.0,120.0
2023-05-04,RB,-131,3649.0,10.0,1e-05,47.8019,71.70285000000001,0.0001,478.019,717.0285
2023-05-04,SP,-18,5000.0,10.0,5e-06,4.5,6.75,5e-05,45.0,67.5
2023-05-04,T,48,101.425,10000.0,0.0,144.0,216.0,0.0,144.0,216.0
2023-05-08,C,762,2602.0,10.0,0.0,914.4,1371.6,0.0,914.4,1371.6
2023-05-08,CF,4,16060.0,5.0,0.0,17.2,25.799999999999997,0.0,17.2,25.799999999999997
2023-05-08,FG,-13,1753.0,20.0,0.0,78.0,117.0,0.0,78.0,117.0
2023-05-08,M,-314,3515.0,10.0,0.0,471.0,706.5,0.0,471.0,706.5
2023-05-08,RB,-30,3610.0,10.0,1e-05,10.830000000000002,16.245000000000005,0.0001,108.30000000000001,162.45000000000002
2023-05-08,T,2,101.565,10000.0,0.0,6.0,9.0,0.0,6.0,9.0
2023-05-15,AL,-501,17985.0,5.0,0.0,1503.0,2254.5,0.0,1503.0,2254.5
2023-05-15,C,-437,2542.0,10.0,0.0,524.4,786.5999999999999,0.0,524.4,786.5999999999999
2023-05-15,CF,206,15510.0,5.0,0.0,885.8,1328.6999999999998,0.0,885.8,1328.6999999999998
2023-05-15,CF,108,15510.0,5.0,0.0,464.4,696.5999999999999,0.0,464.4,696.5999999999999
2023-05-15,FG,-76,1685.0,20.0,0.0,456.0,684.0,0.0,456.0,684.0
2023-05-15,M,314,3534.0,10.0,0.0,471.0,706.5,0.0,471.0,706.5
2023-05-15,P,-82,6866.0,10.0,0.0,205.0,307.5,0.0,205.0,307.5
2023-05-15,RB,321,3588.0,10.0,1e-05,115.1748,172.7622,0.0001,1151.748,1727.622
2023-05-15,RU,168,12060.0,10.0,0.0,504.0,756.0,0.0,504.0,756.0
2023-05-15,RU,49,12060.0,10.0,0.0,147.0,220.5,0.0,147.0,220.5
2023-05-15,RU,7,12060.0,10.0,0.0,21.0,31.5,0.0,21.0,31.5
2023-05-15,RU,10,12060.0,10.0,0.0,30.0,45.0,0.0,30.0,45.0
2023-05-15,SP,37,5244.0,10.0,5e-06,9.701400000000001,14.552100000000003,5e-05,97.01400000000001,145.52100000000002
2023-05-15,SR,-284,6808.0,10.0,0.0,852.0,1278.0,0.0,852.0,1278.0
2023-05-15,T,-87,101.755,10000.0,0.0,261.0,391.5,0.0,261.0,391.5
2023-05-15,UR,-287,1863.0,20.0,0.0,1435.0,2152.5,0.0,1435.0,2152.5
2023-05-22,AP,81,8523.0,10.0,0.0,405.0,607.5,0.0,405.0,607.5
2023-05-22,C,-22,2551.0,10.0,0.0,26.4,39.599999999999994,0.0,26.4,39.599999999999994
2023-05-22,CF,-108,15995.0,5.0,0.0,464.4,696.5999999999999,0.0,464.4,696.5999999999999
2023-05-22,FG,-178,1579.0,20.0,0.0,1068.0,1602.0,0.0,1068.0,1602.0
2023-05-22,RB,95,3652.0,10.0,1e-05,34.694,52.041000000000004,0.0001,346.94,520.41
2023-05-22,RU,64,12240.0,10.0,0.0,192.0,288.0,0.0,192.0,288.0
2023-05-22,SP,133,5260.0,10.0,5e-06,34.979,52.4685,5e-05,349.79,524.6850000000001
2023-05-22,SP,18,5260.0,10.0,5e-06,4.734,7.101,5e-05,47.34,71.01
2023-05-22,T,-112,101.675,10000.0,0.0,336.0,504.0,0.0,336.0,504.0
2023-05-22,T,-11,101.675,10000.0,0.0,33.0,49.5,0.0,33.0,49.5
2023-05-22,T,-106,101.675,10000.0,0.0,318.0,477.0,0.0,318.0,477.0
2023-05-22,T,-71,101.675,10000.0,0.0,213.0,319.5,0.0,213.0,319.5
2023-05-22,T,-2,101.675,10000.0,0.0,6.0,9.0,0.0,6.0,9.0
2023-05-22,T,-22,101.675,10000.0,0.0,66.0,99.0,0.0,66.0,99.0
2023-05-22,T,-48,101.675,10000.0,0.0,144.0,216.0,0.0,144.0,216.0
2023-05-22,T,-2,101.675,10000.0,0.0,6.0,9.0,0.0,6.0,9.0
2023-05-22,T,332,101.3,10000.0,0.0,996.0,1494.0,0.0,996.0,1494.0
2023-05-22,UR,-116,1769.0,20.0,0.0,580.0,870.0,0.0,580.0,870.0
2023-05-23,AL,501,18230.0,5.0,0.0,1503.0,2254.5,0.0,1503.0,2254.5
2023-05-23,AL,-504,18040.0,5.0,0.0,1512.0,2268.0,0.0,1512.0,2268.0
2023-05-29,AL,27,18115.0,5.0,0.0,81.0,121.5,0.0,81.0,121.5
2023-05-29,AP,-81,8698.0,10.0,0.0,405.0,607.5,0.0,405.0,607.5
2023-05-29,C,437,2618.0,10.0,0.0,524.4,786.5999999999999,0.0,524.4,786.5999999999999
2023-05-29,C,22,2618.0,10.0,0.0,26.4,39.599999999999994,0.0,26.4,39.599999999999994
2023-05-29,CF,116,15480.0,5.0,0.0,498.79999999999995,748.1999999999999,0.0,498.79999999999995,748.1999999999999
2023-05-29,JD,-648,4142.0,5.0,0.0,972.0,1458.0,0.0,972.0,1458.0
2023-05-29,P,-11,6832.0,10.0,0.0,27.5,41.25,0.0,27.5,41.25
2023-05-29,RU,11,11890.0,10.0,0.0,33.0,49.5,0.0,33.0,49.5
2023-05-29,SR,-23,6968.0,10.0,0.0,46.0,69.0,0.0,46.0,69.0
2023-05-29,SR,-60,6968.0,10.0,0.0,120.0,180.0,0.0,120.0,180.0
2023-05-29,SR,-41,6968.0,10.0,0.0,82.0,123.0,0.0,82.0,123.0
2023-05-29,SR,-20,6968.0,10.0,0.0,40.0,60.0,0.0,40.0,60.0
2023-05-29,SR,144,6892.0,10.0,0.0,432.0,648.0,0.0,432.0,648.0
2023-05-29,T,26,101.32,10000.0,0.0,78.0,117.0,0.0,78.0,117.0
2023-05-29,UR,-74,1680.0,20.0,0.0,370.0,555.0,0.0,370.0,555.0
2023-06-05,AL,57,18485.0,5.0,0.0,171.0,256.5,0.0,171.0,256.5
2023-06-05,AP,73,8652.0,10.0,0.0,365.0,547.5,0.0,365.0,547.5
2023-06-05,CF,-116,16330.0,5.0,0.0,498.79999999999995,748.1999999999999,0.0,498.79999999999995,748.1999999999999
2023-06-05,MA,-505,2088.0,10.0,0.0,1010.0,1515.0,0.0,1010.0,1515.0
2023-06-05,RB,67,3603.0,10.0,1e-05,24.1401,36.21015,0.0001,241.401,362.1015
2023-06-05,RU,-64,12015.0,10.0,0.0,192.0,288.0,0.0,192.0,288.0
2023-06-05,RU,-11,12015.0,10.0,0.0,33.0,49.5,0.0,33.0,49.5
2023-06-05,SR,-12,6738.0,10.0,0.0,36.0,54.0,0.0,36.0,54.0
2023-06-05,T,-50,101.345,10000.0,0.0,150.0,225.0,0.0,150.0,225.0
2023-06-05,UR,152,1805.0,20.0,0.0,760.0,1140.0,0.0,760.0,1140.0
2023-06-12,AL,420,18430.0,5.0,0.0,1260.0,1890.0,0.0,1260.0,1890.0
2023-06-12,AP,-73,8648.0,10.0,0.0,365.0,547.5,0.0,365.0,547.5
2023-06-12,C,765,2654.0,10.0,0.0,918.0,1377.0,0.0,918.0,1377.0
2023-06-12,JD,648,4101.0,5.0,0.0,972.0,1458.0,0.0,972.0,1458.0
2023-06-12,LH,-36,15900.0,16.0,0.0,36.0,54.0,0.0,36.0,54.0
2023-06-12,MA,-302,2035.0,10.0,0.0,604.0,906.0,0.0,604.0,906.0
2023-06-12,P,-25,6636.0,10.0,0.0,62.5,93.75,0.0,62.5,93.75
2023-06-12,RB,-246,3710.0,10.0,1e-05,91.26600000000002,136.89900000000003,0.0001,912.66,1368.99
2023-06-12,RU,102,12090.0,10.0,0.0,306.0,459.0,0.0,306.0,459.0
2023-06-12,SR,35,6987.0,10.0,0.0,105.0,157.5,0.0,105.0,157.5
2023-06-12,T,63,101.895,10000.0,0.0,189.0,283.5,0.0,189.0,283.5
2023-06-12,UR,83,1669.0,20.0,0.0,415.0,622.5,0.0,415.0,622.5
2023-06-13,C,-765,2623.0,10.0,0.0,918.0,1377.0,0.0,918.0,1377.0
2023-06-13,C,791,2593.0,10.0,0.0,949.1999999999999,1423.8,0.0,949.1999999999999,1423.8
2023-06-19,C,30,2677.0,10.0,0.0,36.0,54.0,0.0,36.0,54.0
2023-06-19,LH,-7,16110.0,16.0,0.0,7.0,10.5,0.0,7.0,10.5
2023-06-19,MA,-158,2059.0,10.0,0.0,316.0,474.0,0.0,316.0,474.0
2023-06-19,P,-8,7184.0,10.0,0.0,20.0,30.0,0.0,20.0,30.0
2023-06-19,RB,339,3801.0,10.0,1e-05,128.8539,193.28085000000002,0.0001,1288.539,1932.8085
2023-06-19,RB,204,3801.0,10.0,1e-05,77.5404,116.31060000000001,0.0001,775.404,1163.106
2023-06-19,RB,51,3801.0,10.0,1e-05,19.3851,29.077650000000002,0.0001,193.851,290.7765
2023-06-19,RB,12,3801.0,10.0,1e-05,4.5612,6.841800000000001,0.0001,45.612,68.418
2023-06-19,RB,131,3801.0,10.0,1e-05,49.79310000000001,74.68965000000001,0.0001,497.93100000000004,746.8965000000001
2023-06-19,RB,30,3801.0,10.0,1e-05,11.403000000000002,17.1045,0.0001,114.03,171.04500000000002
2023-06-19,RB,246,3801.0,10.0,1e-05,93.50460000000001,140.25690000000003,0.0001,935.046,1402.569
2023-06-19,RU,-102,12130.0,10.0,0.0,306.0,459.0,0.0,306.0,459.0
2023-06-19,SC,12,534.5,1000.0,0.0,240.0,360.0,0.0,240.0,360.0
2023-06-19,SR,68,6962.0,10.0,0.0,204.0,306.0,0.0,204.0,306.0
2023-06-19,T,14,101.59,10000.0,0.0,42.0,63.0,0.0,42.0,63.0
2023-06-19,UR,-18,1719.0,20.0,0.0,90.0,135.0,0.0,90.0,135.0
2023-06-26,C,106,2678.0,10.0,0.0,127.19999999999999,190.79999999999998,0.0,127.19999999999999,190.79999999999998
2023-06-26,JD,-1094,4143.0,5.0,0.0,1641.0,2461.5,0.0,1641.0,2461.5
2023-06-26,LH,-7,15650.0,16.0,0.0,7.0,10.5,0.0,7.0,10.5
2023-06-26,MA,-632,2049.0,10.0,0.0,1264.0,1896.0,0.0,1264.0,1896.0
2023-06-26,P,82,7068.0,10.0,0.0,205.0,307.5,0.0,205.0,307.5
2023-06-26,P,11,7068.0,10.0,0.0,27.5,41.25,0.0,27.5,41.25
2023-06-26,P,25,7068.0,10.0,0.0,62.5,93.75,0.0,62.5,93.75
2023-06-26,P,8,7068.0,10.0,0.0,20.0,30.0,0.0,20.0,30.0
2023-06-26,SR,29,6847.0,10.0,0.0,87.0,130.5,0.0,87.0,130.5
2023-06-26,T,37,101.755,10000.0,0.0,111.0,166.5,0.0,111.0,166.5
2023-06-26,UR,52,1710.0,20.0,0.0,260.0,390.0,0.0,260.0,390.0
2023-06-26,UR,116,1710.0,20.0,0.0,580.0,870.0,0.0,580.0,870.0
2023-06-26,UR,74,1710.0,20.0,0.0,370.0,555.0,0.0,370.0,555.0
2023-06-26,UR,18,1710.0,20.0,0.0,90.0,135.0,0.0,90.0,135.0
2023-07-03,C,72,2737.0,10.0,0.0,86.39999999999999,129.6,0.0,86.39999999999999,129.6
2023-07-03,JD,1094,4143.0,5.0,0.0,1641.0,2461.5,0.0,1641.0,2461.5
2023-07-03,LH,-50,15800.0,16.0,0.0,50.0,75.0,0.0,50.0,75.0
2023-07-03,MA,292,2164.0,10.0,0.0,584.0,876.0,0.0,584.0,876.0
2023-07-03,RU,148,12090.0,10.0,0.0,444.0,666.0,0.0,444.0,666.0
2023-07-03,SC,-12,549.4,1000.0,0.0,240.0,360.0,0.0,240.0,360.0
2023-07-03,SP,-246,5180.0,10.0,5e-06,63.714,95.571,5e-05,637.1400000000001,955.7100000000002
2023-07-03,T,32,101.94,10000.0,0.0,96.0,144.0,0.0,96.0,144.0
2023-07-10,C,-791,2786.0,10.0,0.0,949.1999999999999,1423.8,0.0,949.1999999999999,1423.8
2023-07-10,C,-30,2786.0,10.0,0.0,36.0,54.0,0.0,36.0,54.0
2023-07-10,C,-106,2786.0,10.0,0.0,127.19999999999999,190.79999999999998,0.0,127.19999999999999,190.79999999999998
2023-07-10,C,-72,2786.0,10.0,0.0,86.39999999999999,129.6,0.0,86.39999999999999,129.6
2023-07-10,LH,-5,15450.0,16.0,0.0,5.0,7.5,0.0,5.0,7.5
2023-07-10,M,644,3961.0,10.0,0.0,966.0,1449.0,0.0,966.0,1449.0
2023-07-10,RU,-148,12440.0,10.0,0.0,444.0,666.0,0.0,444.0,666.0
2023-07-10,SP,246,5294.0,10.0,5e-06,65.1162,97.67430000000002,5e-05,651.162,976.743
2023-07-10,SR,-132,6757.0,10.0,0.0,396.0,594.0,0.0,396.0,594.0
2023-07-10,SR,-35,6757.0,10.0,0.0,105.0,157.5,0.0,105.0,157.5
2023-07-10,SR,-68,6757.0,10.0,0.0,204.0,306.0,0.0,204.0,306.0
2023-07-10,SR,-29,6757.0,10.0,0.0,87.0,130.5,0.0,87.0,130.5
2023-07-10,T,23,101.905,10000.0,0.0,69.0,103.5,0.0,69.0,103.5
2023-07-10,UR,482,1937.0,20.0,0.0,2410.0,3615.0,0.0,2410.0,3615.0
2023-07-17,C,1205,2747.0,10.0,0.0,1446.0,2169.0,0.0,1446.0,2169.0
2023-07-17,FG,304,1692.0,20.0,0.0,1824.0,2736.0,0.0,1824.0,2736.0
2023-07-17,LH,30,15065.0,16.0,0.0,30.0,45.0,0.0,30.0,45.0
2023-07-17,M,-644,4048.0,10.0,0.0,966.0,1449.0,0.0,966.0,1449.0
2023-07-17,MA,213,2314.0,10.0,0.0,426.0,639.0,0.0,426.0,639.0
2023-07-17,MA,302,2314.0,10.0,0.0,604.0,906.0,0.0,604.0,906.0
2023-07-17,MA,158,2314.0,10.0,0.0,316.0,474.0,0.0,316.0,474.0
2023-07-17,MA,632,2314.0,10.0,0.0,1264.0,1896.0,0.0,1264.0,1896.0
2023-07-17,RU,-178,12520.0,10.0,0.0,534.0,801.0,0.0,534.0,801.0
2023-07-17,T,144,101.96,10000.0,0.0,432.0,648.0,0.0,432.0,648.0
2023-07-17,UR,4,2018.0,20.0,0.0,20.0,30.0,0.0,20.0,30.0
2023-07-24,AL,738,18310.0,5.0,0.0,2214.0,3321.0,0.0,2214.0,3321.0
2023-07-24,C,-1205,2683.0,10.0,0.0,1446.0,2169.0,0.0,1446.0,2169.0
2023-07-24,FG,-304,1701.0,20.0,0.0,1824.0,2736.0,0.0,1824.0,2736.0
2023-07-24,LH,-13,15490.0,16.0,0.0,13.0,19.5,0.0,13.0,19.5
2023-07-24,M,581,4142.0,10.0,0.0,871.5,1307.25,0.0,871.5,1307.25
2023-07-24,MA,652,2225.0,10.0,0.0,652.0,978.0,0.0,652.0,978.0
2023-07-24,RB,1214,3821.0,10.0,1e-05,463.86940000000004,695.8041000000001,0.0001,4638.694,6958.041000000001
2023-07-24,RU,53,12065.0,10.0,0.0,159.0,238.5,0.0,159.0,238.5
2023-07-24,T,-282,102.41,10000.0,0.0,846.0,1269.0,0.0,846.0,1269.0
2023-07-24,T,-26,102.41,10000.0,0.0,78.0,117.0,0.0,78.0,117.0
2023-07-24,T,-63,102.41,10000.0,0.0,189.0,283.5,0.0,189.0,283.5
2023-07-24,T,-14,102.41,10000.0,0.0,42.0,63.0,0.0,42.0,63.0
2023-07-24,T,-37,102.41,10000.0,0.0,111.0,166.5,0.0,111.0,166.5
2023-07-24,T,-32,102.41,10000.0,0.0,96.0,144.0,0.0,96.0,144.0
2023-07-24,T,-23,102.41,10000.0,0.0,69.0,103.5,0.0,69.0,103.5
2023-07-24,T,-144,102.41,10000.0,0.0,432.0,648.0,0.0,432.0,648.0
2023-07-24,UR,-319,2108.0,20.0,0.0,1595.0,2392.5,0.0,1595.0,2392.5
2023-07-26,AL,-738,18385.0,5.0,0.0,2214.0,3321.0,0.0,2214.0,3321.0
2023-07-26,AL,854,18405.0,5.0,0.0,2562.0,3843.0,0.0,2562.0,3843.0
2023-07-31,M,60,4264.0,10.0,0.0,90.0,135.0,0.0,90.0,135.0
2023-07-31,MA,-652,2299.0,10.0,0.0,652.0,978.0,0.0,652.0,978.0
2023-07-31,RB,123,3852.0,10.0,1e-05,47.3796,71.0694,0.0001,473.79600000000005,710.6940000000001
2023-07-31,T,325,101.905,10000.0,0.0,975.0,1462.5,0.0,975.0,1462.5
2023-07-31,UR,223,2351.0,20.0,0.0,1115.0,1672.5,0.0,1115.0,1672.5
2023-08-07,C,-756,2765.0,10.0,0.0,907.1999999999999,1360.8,0.0,907.1999999999999,1360.8
2023-08-07,LH,6,16950.0,16.0,0.0,6.0,9.0,0.0,6.0,9.0
2023-08-07,LH,7,16950.0,16.0,0.0,7.0,10.5,0.0,7.0,10.5
2023-08-07,LH,7,16950.0,16.0,0.0,7.0,10.5,0.0,7.0,10.5
2023-08-07,LH,50,16950.0,16.0,0.0,50.0,75.0,0.0,50.0,75.0
2023-08-07,LH,5,16950.0,16.0,0.0,5.0,7.5,0.0,5.0,7.5
2023-08-07,LH,13,16950.0,16.0,0.0,13.0,19.5,0.0,13.0,19.5
2023-08-07,LH,-38,17425.0,16.0,0.0,38.0,57.0,0.0,38.0,57.0
2023-08-07,M,24,4354.0,10.0,0.0,36.0,54.0,0.0,36.0,54.0
2023-08-07,SC,30,623.4,1000.0,0.0,600.0,900.0,0.0,600.0,900.0
2023-08-07,T,29,102.255,10000.0,0.0,87.0,130.5,0.0,87.0,130.5
2023-08-07,UR,-163,2230.0,20.0,0.0,326.0,489.0,0.0,326.0,489.0
2023-08-07,UR,-4,2230.0,20.0,0.0,8.0,12.0,0.0,8.0,12.0
2023-08-07,UR,-69,2230.0,20.0,0.0,138.0,207.0,0.0,138.0,207.0
2023-08-10,RU,125,12060.0,10.0,0.0,375.0,562.5,0.0,375.0,562.5
2023-08-10,RU,-136,12955.0,10.0,0.0,408.0,612.0,0.0,408.0,612.0
2023-08-10,UR,-154,2246.0,20.0,0.0,154.0,231.0,0.0,154.0,231.0
2023-08-10,UR,147,2042.0,20.0,0.0,147.0,220.5,0.0,147.0,220.5
2023-08-14,AL,276,18405.0,5.0,0.0,828.0,1242.0,0.0,828.0,1242.0
2023-08-14,C,756,2759.0,10.0,0.0,907.1999999999999,1360.8,0.0,907.1999999999999,1360.8
2023-08-14,C,-1194,2711.0,10.0,0.0,1432.8,2149.2,0.0,1432.8,2149.2
2023-08-14,LH,-11,17200.0,16.0,0.0,11.0,16.5,0.0,11.0,16.5
2023-08-14,M,343,4476.0,10.0,0.0,514.5,771.75,0.0,514.5,771.75
2023-08-14,RB,-1214,3684.0,10.0,1e-05,447.2376,670.8564,0.0001,4472.376,6708.564
2023-08-14,RB,-123,3684.0,10.0,1e-05,45.3132,67.9698,0.0001,453.132,679.698
2023-08-14,RU,-43,12985.0,10.0,0.0,129.0,193.5,0.0,129.0,193.5
2023-08-14,SC,-4,647.2,1000.0,0.0,80.0,120.0,0.0,80.0,120.0
2023-08-14,SP,-301,5296.0,10.0,5e-06,79.7048,119.55720000000001,5e-05,797.048,1195.5720000000001
2023-08-14,T,-57,102.485,10000.0,0.0,171.0,256.5,0.0,171.0,256.5
2023-08-14,UR,28,2104.0,20.0,0.0,28.0,42.0,0.0,28.0,42.0
2023-08-15,M,-581,4509.0,10.0,0.0,871.5,1307.25,0.0,871.5,1307.25
2023-08-15,M,-60,4509.0,10.0,0.0,90.0,135.0,0.0,90.0,135.0
2023-08-15,M,-24,4509.0,10.0,0.0,36.0,54.0,0.0,36.0,54.0
2023-08-15,M,-343,4509.0,10.0,0.0,514.5,771.75,0.0,514.5,771.75
2023-08-15,M,1152,3893.0,10.0,0.0,1728.0,2592.0,0.0,1728.0,2592.0
2023-08-15,SC,-26,655.6,1000.0,0.0,520.0,780.0,0.0,520.0,780.0
2023-08-15,SC,24,633.5,1000.0,0.0,480.0,720.0,0.0,480.0,720.0
2023-08-16,SP,301,5312.0,10.0,2e-06,31.97824,47.96736,1.9999999999999998e-05,319.7824,479.67359999999996
2023-08-16,SP,-342,5476.0,10.0,5e-06,93.63960000000002,140.45940000000002,5e-05,936.396,1404.594
2023-08-21,AL,-52,18395.0,5.0,0.0,156.0,234.0,0.0,156.0,234.0
2023-08-21,C,1194,2649.0,10.0,0.0,1432.8,2149.2,0.0,1432.8,2149.2
2023-08-21,LH,2,16800.0,16.0,0.0,2.0,3.0,0.0,2.0,3.0
2023-08-21,M,-81,3988.0,10.0,0.0,121.5,182.25,0.0,121.5,182.25
2023-08-21,P,-157,7578.0,10.0,0.0,392.5,588.75,0.0,392.5,588.75
2023-08-21,RB,-1756,3699.0,10.0,1e-05,649.5444,974.3166,0.0001,6495.444,9743.166000000001
2023-08-21,RU,11,12805.0,10.0,0.0,33.0,49.5,0.0,33.0,49.5
2023-08-21,SC,-2,633.8,1000.0,0.0,40.0,60.0,0.0,40.0,60.0
2023-08-21,SP,24,5438.0,10.0,5e-06,6.525600000000001,9.788400000000001,5e-05,65.256,97.884
2023-08-21,T,-39,102.845,10000.0,0.0,117.0,175.5,0.0,117.0,175.5
2023-08-21,UR,-13,2063.0,20.0,0.0,13.0,19.5,0.0,13.0,19.5
2023-08-22,T,-229,102.97,10000.0,0.0,687.0,1030.5,0.0,687.0,1030.5
2023-08-22,T,-29,102.97,10000.0,0.0,87.0,130.5,0.0,87.0,130.5
2023-08-22,T,292,102.66,10000.0,0.0,876.0,1314.0,0.0,876.0,1314.0
2023-08-23,T,-8,102.63,10000.0,0.0,24.0,36.0,0.0,24.0,36.0
2023-08-24,AL,-5,18725.0,5.0,0.0,15.0,22.5,0.0,15.0,22.5
2023-08-24,LH,1,17260.0,16.0,0.0,1.0,1.5,0.0,1.0,1.5
2023-08-24,M,-5,3978.0,10.0,0.0,7.5,11.25,0.0,7.5,11.25
2023-08-24,P,1,7564.0,10.0,0.0,2.5,3.75,0.0,2.5,3.75
2023-08-24,RB,8,3724.0,10.0,1e-05,2.9792,4.4688,0.0001,29.792,44.688
2023-08-24,RU,1,13220.0,10.0,0.0,3.0,4.5,0.0,3.0,4.5
2023-08-24,SC,-1,626.8,1000.0,0.0,20.0,30.0,0.0,20.0,30.0
2023-08-24,SP,2,5614.0,10.0,5e-06,0.5614,0.8421000000000001,5e-05,5.614,8.421
2023-08-24,T,-21,102.66,10000.0,0.0,63.0,94.5,0.0,63.0,94.5
2023-08-24,UR,-1,2298.0,20.0,0.0,1.0,1.5,0.0,1.0,1.5
2023-08-25,AL,-7,18570.0,5.0,0.0,21.0,31.5,0.0,21.0,31.5
2023-08-25,LH,1,17275.0,16.0,0.0,1.0,1.5,0.0,1.0,1.5
2023-08-25,M,-7,3996.0,10.0,0.0,10.5,15.75,0.0,10.5,15.75
2023-08-25,P,1,7620.0,10.0,0.0,2.5,3.75,0.0,2.5,3.75
2023-08-25,RB,11,3701.0,10.0,1e-05,4.0711,6.10665,0.0001,40.711,61.0665
2023-08-25,RU,1,13215.0,10.0,0.0,3.0,4.5,0.0,3.0,4.5
2023-08-25,SC,-1,622.9,1000.0,0.0,20.0,30.0,0.0,20.0,30.0
2023-08-25,SP,2,5608.0,10.0,5e-06,0.5608000000000001,0.8412000000000002,5e-05,5.6080000000000005,8.412
2023-08-25,T,-3,102.675,10000.0,0.0,9.0,13.5,0.0,9.0,13.5
2023-08-25,UR,-1,2249.0,20.0,0.0,2.0,3.0,0.0,2.0,3.0
2023-08-28,AL,-790,18690.0,5.0,0.0,2370.0,3555.0,0.0,2370.0,3555.0
2023-08-28,AL,-276,18690.0,5.0,0.0,828.0,1242.0,0.0,828.0,1242.0
2023-08-28,AL,1175,18565.0,5.0,0.0,3525.0,5287.5,0.0,3525.0,5287.5
2023-08-28,CF,-201,17440.0,5.0,0.0,864.3,1296.4499999999998,0.0,864.3,1296.4499999999998
2023-08-28,M,-150,4084.0,10.0,0.0,225.0,337.5,0.0,225.0,337.5
2023-08-28,P,155,7804.0,10.0,0.0,387.5,581.25,0.0,387.5,581.25
2023-08-28,RB,53,3718.0,10.0,1e-05,19.7054,29.558100000000003,0.0001,197.054,295.581
2023-08-28,RU,5,13280.0,10.0,0.0,15.0,22.5,0.0,15.0,22.5
2023-08-28,SC,-3,635.8,1000.0,0.0,60.0,90.0,0.0,60.0,90.0
2023-08-28,SP,34,5644.0,10.0,5e-06,9.5948,14.392199999999999,5e-05,95.94800000000001,143.92200000000003
2023-08-28,T,1,102.185,10000.0,0.0,3.0,4.5,0.0,3.0,4.5
2023-08-28,UR,-17,2307.0,20.0,0.0,34.0,51.0,0.0,34.0,51.0
2023-09-04,AL,96,19335.0,5.0,0.0,288.0,432.0,0.0,288.0,432.0
2023-09-04,CF,201,17900.0,5.0,0.0,864.3,1296.4499999999998,0.0,864.3,1296.4499999999998
2023-09-04,FG,463,1823.0,20.0,0.0,2778.0,4167.0,0.0,2778.0,4167.0
2023-09-04,LH,-11,16590.0,16.0,0.0,11.0,16.5,0.0,11.0,16.5
2023-09-04,M,50,4107.0,10.0,0.0,75.0,112.5,0.0,75.0,112.5
2023-09-04,RB,1684,3773.0,10.0,1e-05,635.3732,953.0598,0.0001,6353.732,9530.598
2023-09-04,RU,118,14290.0,10.0,0.0,354.0,531.0,0.0,354.0,531.0
2023-09-04,RU,43,14290.0,10.0,0.0,129.0,193.5,0.0,129.0,193.5
2023-09-04,SC,-17,659.4,1000.0,0.0,340.0,510.0,0.0,340.0,510.0
2023-09-04,SP,-284,5820.0,10.0,5e-06,82.644,123.96600000000001,5e-05,826.44,1239.66
2023-09-04,SR,379,7042.0,10.0,0.0,1137.0,1705.5,0.0,1137.0,1705.5
2023-09-04,T,240,101.965,10000.0,0.0,720.0,1080.0,0.0,720.0,1080.0
2023-09-04,UR,-115,2238.0,20.0,0.0,230.0,345.0,0.0,230.0,345.0
2023-09-04,UR,-28,2238.0,20.0,0.0,56.0,84.0,0.0,56.0,84.0
2023-09-05,T,-59,101.98,10000.0,0.0,177.0,265.5,0.0,177.0,265.5
2023-09-06,T,-26,101.93,10000.0,0.0,78.0,117.0,0.0,78.0,117.0
2023-09-11,AL,-384,19040.0,5.0,0.0,1152.0,1728.0,0.0,1152.0,1728.0
2023-09-11,FG,-276,1693.0,20.0,0.0,1656.0,2484.0,0.0,1656.0,2484.0
2023-09-11,LH,-24,16510.0,16.0,0.0,24.0,36.0,0.0,24.0,36.0
2023-09-11,M,-607,4078.0,10.0,0.0,910.5,1365.75,0.0,910.5,1365.75
2023-09-11,RB,1390,3719.0,10.0,1e-05,516.941,775.4115,0.0001,5169.410000000001,7754.115000000002
2023-09-11,RU,143,14300.0,10.0,0.0,429.0,643.5,0.0,429.0,643.5
2023-09-11,SP,280,5656.0,10.0,5e-06,79.184,118.776,5e-05,791.84,1187.76
2023-09-11,SP,55,5656.0,10.0,5e-06,15.554,23.331,5e-05,155.54000000000002,233.31000000000003
2023-09-11,SR,-46,7077.0,10.0,0.0,138.0,207.0,0.0,138.0,207.0
2023-09-18,AL,342,19285.0,5.0,0.0,1026.0,1539.0,0.0,1026.0,1539.0
2023-09-18,FG,64,1704.0,20.0,0.0,384.0,576.0,0.0,384.0,576.0
2023-09-18,LH,-55,16885.0,16.0,0.0,55.0,82.5,0.0,55.0,82.5
2023-09-18,M,545,4042.0,10.0,0.0,817.5,1226.25,0.0,817.5,1226.25
2023-09-18,RB,-1390,3819.0,10.0,1e-05,530.841,796.2615000000001,0.0001,5308.410000000001,7962.615000000002
2023-09-18,RU,-143,14445.0,10.0,0.0,429.0,643.5,0.0,429.0,643.5
2023-09-18,SC,25,701.8,1000.0,0.0,500.0,750.0,0.0,500.0,750.0
2023-09-18,SP,-82,5854.0,10.0,5e-06,24.0014,36.0021,5e-05,240.014,360.021
2023-09-18,SR,-333,6948.0,10.0,0.0,999.0,1498.5,0.0,999.0,1498.5
2023-09-18,T,-175,101.705,10000.0,0.0,525.0,787.5,0.0,525.0,787.5
2023-09-18,T,-1,101.705,10000.0,0.0,3.0,4.5,0.0,3.0,4.5
2023-09-18,T,-240,101.705,10000.0,0.0,720.0,1080.0,0.0,720.0,1080.0
2023-09-18,UR,-180,2249.0,20.0,0.0,360.0,540.0,0.0,360.0,540.0
2023-09-25,AL,-90,19615.0,5.0,0.0,270.0,405.0,0.0,270.0,405.0
2023-09-25,FG,-15,1747.0,20.0,0.0,90.0,135.0,0.0,90.0,135.0
2023-09-25,JD,502,4565.0,5.0,0.0,753.0,1129.5,0.0,753.0,1129.5
2023-09-25,LH,34,16990.0,16.0,0.0,34.0,51.0,0.0,34.0,51.0
2023-09-25,LH,11,16990.0,16.0,0.0,11.0,16.5,0.0,11.0,16.5
2023-09-25,LH,11,16990.0,16.0,0.0,11.0,16.5,0.0,11.0,16.5
2023-09-25,LH,24,16990.0,16.0,0.0,24.0,36.0,0.0,24.0,36.0
2023-09-25,LH,1,16990.0,16.0,0.0,1.0,1.5,0.0,1.0,1.5
2023-09-25,M,-302,3959.0,10.0,0.0,453.0,679.5,0.0,453.0,679.5
2023-09-25,M,-50,3959.0,10.0,0.0,75.0,112.5,0.0,75.0,112.5
2023-09-25,M,-545,3959.0,10.0,0.0,817.5,1226.25,0.0,817.5,1226.25
2023-09-25,MA,-461,2550.0,10.0,0.0,461.0,691.5,0.0,461.0,691.5
2023-09-25,P,-155,7268.0,10.0,0.0,387.5,581.25,0.0,387.5,581.25
2023-09-25,RB,1683,3787.0,10.0,1e-05,637.3521000000001,956.0281500000001,0.0001,6373.521000000001,9560.281500000001
2023-09-25,SC,15,700.5,1000.0,0.0,300.0,450.0,0.0,300.0,450.0
2023-09-25,SP,229,6088.0,10.0,5e-06,69.7076,104.56139999999999,5e-05,697.076,1045.614
2023-09-25,SP,82,6088.0,10.0,5e-06,24.9608,37.441199999999995,5e-05,249.608,374.41200000000003
2023-09-25,SR,291,6910.0,10.0,0.0,873.0,1309.5,0.0,873.0,1309.5
2023-09-25,UR,180,2214.0,20.0,0.0,360.0,540.0,0.0,360.0,540.0
2023-09-26,AL,-701,19565.0,5.0,0.0,2103.0,3154.5,0.0,2103.0,3154.5
2023-09-26,AL,-96,19565.0,5.0,0.0,288.0,432.0,0.0,288.0,432.0
2023-09-26,AL,-342,19565.0,5.0,0.0,1026.0,1539.0,0.0,1026.0,1539.0
2023-09-26,AL,1027,19335.0,5.0,0.0,3081.0,4621.5,0.0,3081.0,4621.5
2023-10-09,AL,73,19425.0,5.0,0.0,219.0,328.5,0.0,219.0,328.5
2023-10-09,FG,-3,1709.0,20.0,0.0,18.0,27.0,0.0,18.0,27.0
2023-10-09,JD,92,4503.0,5.0,0.0,138.0,207.0,0.0,138.0,207.0
2023-10-09,LH,1,16020.0,16.0,0.0,1.0,1.5,0.0,1.0,1.5
2023-10-09,MA,-46,2449.0,10.0,0.0,46.0,69.0,0.0,46.0,69.0
2023-10-09,P,-12,7306.0,10.0,0.0,30.0,45.0,0.0,30.0,45.0
2023-10-09,RB,174,3671.0,10.0,1e-05,63.875400000000006,95.8131,0.0001,638.754,958.1310000000001
2023-10-09,SC,-18,668.3,1000.0,0.0,360.0,540.0,0.0,360.0,540.0
2023-10-09,SR,57,6963.0,10.0,0.0,171.0,256.5,0.0,171.0,256.5
2023-10-09,UR,-167,2116.0,20.0,0.0,334.0,501.0,0.0,334.0,501.0
2023-10-10,AL,-31,19145.0,5.0,0.0,93.0,139.5,0.0,93.0,139.5
2023-10-10,FG,-7,1728.0,20.0,0.0,42.0,63.0,0.0,42.0,63.0
2023-10-10,JD,-17,4364.0,5.0,0.0,25.5,38.25,0.0,25.5,38.25
2023-10-10,LH,2,15900.0,16.0,0.0,2.0,3.0,0.0,2.0,3.0
2023-10-10,MA,15,2490.0,10.0,0.0,15.0,22.5,0.0,15.0,22.5
2023-10-10,P,5,7150.0,10.0,0.0,12.5,18.75,0.0,12.5,18.75
2023-10-10,RB,-52,3637.0,10.0,1e-05,18.9124,28.3686,0.0001,189.124,283.686
2023-10-10,SC,-1,657.9,1000.0,0.0,20.0,30.0,0.0,20.0,30.0
2023-10-10,SR,-10,6885.0,10.0,0.0,30.0,45.0,0.0,30.0,45.0
2023-10-10,UR,5,2137.0,20.0,0.0,10.0,15.0,0.0,10.0,15.0
2023-10-11,AL,-4,19015.0,5.0,0.0,12.0,18.0,0.0,12.0,18.0
2023-10-11,FG,-1,1637.0,20.0,0.0,6.0,9.0,0.0,6.0,9.0
2023-10-11,JD,-2,4358.0,5.0,0.0,3.0,4.5,0.0,3.0,4.5
2023-10-11,LH,1,15505.0,16.0,0.0,1.0,1.5,0.0,1.0,1.5
2023-10-11,MA,2,2426.0,10.0,0.0,2.0,3.0,0.0,2.0,3.0
2023-10-11,P,1,7080.0,10.0,0.0,2.5,3.75,0.0,2.5,3.75
2023-10-11,RB,-7,3615.0,10.0,1e-05,2.5305000000000004,3.795750000000001,0.0001,25.305,37.957499999999996
2023-10-11,SC,-1,659.7,1000.0,0.0,20.0,30.0,0.0,20.0,30.0
2023-10-11,SR,-2,6836.0,10.0,0.0,6.0,9.0,0.0,6.0,9.0
2023-10-11,UR,1,2058.0,20.0,0.0,2.0,3.0,0.0,2.0,3.0
2023-10-13,LH,50,15770.0,16.0,0.0,50.0,75.0,0.0,50.0,75.0
2023-10-13,LH,-41,16640.0,16.0,0.0,41.0,61.5,0.0,41.0,61.5
2023-10-13,SC,-5,657.7,1000.0,0.0,100.0,150.0,0.0,100.0,150.0
2023-10-13,SC,-15,657.7,1000.0,0.0,300.0,450.0,0.0,300.0,450.0
2023-10-13,SC,8,650.2,1000.0,0.0,160.0,240.0,0.0,160.0,240.0
2023-10-16,AL,-113,18980.0,5.0,0.0,339.0,508.5,0.0,339.0,508.5
2023-10-16,AP,196,9376.0,10.0,0.0,980.0,1470.0,0.0,980.0,1470.0
2023-10-16,C,-888,2542.0,10.0,0.0,1065.6,1598.3999999999999,0.0,1065.6,1598.3999999999999
2023-10-16,FG,-24,1634.0,20.0,0.0,144.0,216.0,0.0,144.0,216.0
2023-10-16,JD,-483,4325.0,5.0,0.0,724.5,1086.75,0.0,724.5,1086.75
2023-10-16,JD,-92,4325.0,5.0,0.0,138.0,207.0,0.0,138.0,207.0
2023-10-16,LH,-3,16755.0,16.0,0.0,3.0,4.5,0.0,3.0,4.5
2023-10-16,MA,-471,2458.0,10.0,0.0,471.0,706.5,0.0,471.0,706.5
2023-10-16,P,149,7316.0,10.0,0.0,372.5,558.75,0.0,372.5,558.75
2023-10-16,P,12,7316.0,10.0,0.0,30.0,45.0,0.0,30.0,45.0
2023-10-16,RB,-1624,3623.0,10.0,1e-05,588.3752000000001,882.5628000000002,0.0001,5883.752,8825.628
2023-10-16,RB,-174,3623.0,10.0,1e-05,63.0402,94.5603,0.0001,630.402,945.6030000000001
2023-10-16,RB,-1759,3623.0,10.0,1e-05,637.2857,955.9285500000001,0.0001,6372.857,9559.2855
2023-10-16,SR,-7,6814.0,10.0,0.0,21.0,31.5,0.0,21.0,31.5
2023-10-16,UR,161,2123.0,20.0,0.0,322.0,483.0,0.0,322.0,483.0
2023-10-17,AL,-3,18970.0,5.0,0.0,9.0,13.5,0.0,9.0,13.5
2023-10-17,AP,-1,9325.0,10.0,0.0,5.0,7.5,0.0,5.0,7.5
2023-10-17,C,3,2527.0,10.0,0.0,3.5999999999999996,5.3999999999999995,0.0,3.5999999999999996,5.3999999999999995
2023-10-17,FG,-1,1638.0,20.0,0.0,6.0,9.0,0.0,6.0,9.0
2023-10-17,LH,1,16780.0,16.0,0.0,1.0,1.5,0.0,1.0,1.5
2023-10-17,MA,3,2472.0,10.0,0.0,3.0,4.5,0.0,3.0,4.5
2023-10-17,RB,5,3659.0,10.0,1e-05,1.8295,2.74425,0.0001,18.295,27.442500000000003
2023-10-17,SC,-1,677.5,1000.0,0.0,20.0,30.0,0.0,20.0,30.0
2023-10-17,SR,-1,6814.0,10.0,0.0,3.0,4.5,0.0,3.0,4.5
2023-10-18,AL,-8,18815.0,5.0,0.0,24.0,36.0,0.0,24.0,36.0
2023-10-18,AP,-2,9348.0,10.0,0.0,10.0,15.0,0.0,10.0,15.0
2023-10-18,C,7,2504.0,10.0,0.0,8.4,12.600000000000001,0.0,8.4,12.600000000000001
2023-10-18,FG,-2,1636.0,20.0,0.0,12.0,18.0,0.0,12.0,18.0
2023-10-18,LH,1,16775.0,16.0,0.0,1.0,1.5,0.0,1.0,1.5
2023-10-18,MA,8,2403.0,10.0,0.0,8.0,12.0,0.0,8.0,12.0
2023-10-18,RB,14,3653.0,10.0,1e-05,5.1142,7.6713000000000005,0.0001,51.142,76.71300000000001
2023-10-18,SC,-1,668.5,1000.0,0.0,20.0,30.0,0.0,20.0,30.0
2023-10-18,SR,-3,6818.0,10.0,0.0,9.0,13.5,0.0,9.0,13.5
2023-10-23,AL,-868,18960.0,5.0,0.0,2604.0,3906.0,0.0,2604.0,3906.0
2023-10-23,AL,-73,18960.0,5.0,0.0,219.0,328.5,0.0,219.0,328.5
2023-10-23,AP,10,9203.0,10.0,0.0,50.0,75.0,0.0,50.0,75.0
2023-10-23,C,878,2508.0,10.0,0.0,1053.6,1580.3999999999999,0.0,1053.6,1580.3999999999999
2023-10-23,FG,-134,1641.0,20.0,0.0,804.0,1206.0,0.0,804.0,1206.0
2023-10-23,FG,-64,1641.0,20.0,0.0,384.0,576.0,0.0,384.0,576.0
2023-10-23,LH,-4,16110.0,16.0,0.0,4.0,6.0,0.0,4.0,6.0
2023-10-23,SC,-6,698.4,1000.0,0.0,120.0,180.0,0.0,120.0,180.0
2023-10-23,SP,230,6116.0,10.0,5e-06,70.334,105.501,5e-05,703.34,1055.01
2023-10-23,SR,-268,6811.0,10.0,0.0,804.0,1206.0,0.0,804.0,1206.0
2023-10-23,SR,-57,6811.0,10.0,0.0,171.0,256.5,0.0,171.0,256.5
2023-10-23,T,428,101.56,10000.0,0.0,1284.0,1926.0,0.0,1284.0,1926.0
2023-10-23,UR,146,2267.0,20.0,0.0,292.0,438.0,0.0,292.0,438.0
2023-10-30,LH,-62,16015.0,16.0,0.0,62.0,93.0,0.0,62.0,93.0
2023-10-30,M,459,3942.0,10.0,0.0,688.5,1032.75,0.0,688.5,1032.75
2023-10-30,MA,-270,2439.0,10.0,0.0,270.0,405.0,0.0,270.0,405.0
2023-10-30,RB,1740,3721.0,10.0,1e-05,647.4540000000001,971.181,0.0001,6474.54,9711.81
2023-10-30,SP,57,5924.0,10.0,5e-06,16.8834,25.325100000000003,5e-05,168.834,253.251
2023-10-30,T,-428,101.7,10000.0,0.0,1284.0,1926.0,0.0,1284.0,1926.0
2023-10-30,UR,46,2298.0,20.0,0.0,92.0,138.0,0.0,92.0,138.0
2023-11-06,AP,-193,8398.0,10.0,0.0,965.0,1447.5,0.0,965.0,1447.5
2023-11-06,AP,-10,8398.0,10.0,0.0,50.0,75.0,0.0,50.0,75.0
2023-11-06,LH,-20,16190.0,16.0,0.0,20.0,30.0,0.0,20.0,30.0
2023-11-06,M,-459,4049.0,10.0,0.0,688.5,1032.75,0.0,688.5,1032.75
2023-11-06,MA,433,2449.0,10.0,0.0,433.0,649.5,0.0,433.0,649.5
2023-11-06,MA,12,2449.0,10.0,0.0,12.0,18.0,0.0,12.0,18.0
2023-11-06,P,189,7364.0,10.0,0.0,472.5,708.75,0.0,472.5,708.75
2023-11-06,RU,132,14270.0,10.0,0.0,396.0,594.0,0.0,396.0,594.0
2023-11-06,SP,-230,6124.0,10.0,5e-06,70.426,105.63900000000001,5e-05,704.2600000000001,1056.39
2023-11-06,SP,-57,6124.0,10.0,5e-06,17.453400000000002,26.180100000000003,5e-05,174.53400000000002,261.80100000000004
2023-11-06,SP,-297,6124.0,10.0,5e-06,90.9414,136.4121,5e-05,909.4140000000001,1364.121
2023-11-06,SR,389,6902.0,10.0,0.0,1167.0,1750.5,0.0,1167.0,1750.5
2023-11-06,UR,25,2374.0,20.0,0.0,50.0,75.0,0.0,50.0,75.0
2023-11-13,CF,-232,15670.0,5.0,0.0,997.5999999999999,1496.3999999999999,0.0,997.5999999999999,1496.3999999999999
2023-11-13,FG,322,1757.0,20.0,0.0,1932.0,2898.0,0.0,1932.0,2898.0
2023-11-13,LH,39,15720.0,16.0,0.0,39.0,58.5,0.0,39.0,58.5
2023-11-13,LH,3,15720.0,16.0,0.0,3.0,4.5,0.0,3.0,4.5
2023-11-13,LH,4,15720.0,16.0,0.0,4.0,6.0,0.0,4.0,6.0
2023-11-13,LH,8,15720.0,16.0,0.0,8.0,12.0,0.0,8.0,12.0
2023-11-13,M,405,4030.0,10.0,0.0,607.5,911.25,0.0,607.5,911.25
2023-11-13,MA,34,2497.0,10.0,0.0,34.0,51.0,0.0,34.0,51.0
2023-11-13,MA,471,2497.0,10.0,0.0,471.0,706.5,0.0,471.0,706.5
2023-11-13,MA,270,2497.0,10.0,0.0,270.0,405.0,0.0,270.0,405.0
2023-11-13,P,-189,7406.0,10.0,0.0,472.5,708.75,0.0,472.5,708.75
2023-11-13,RB,2232,3874.0,10.0,1e-05,864.6768000000001,1297.0152,0.0001,8646.768,12970.152
2023-11-13,RU,-132,14345.0,10.0,0.0,396.0,594.0,0.0,396.0,594.0
2023-11-13,SC,-12,599.7,1000.0,0.0,240.0,360.0,0.0,240.0,360.0
2023-11-13,SP,30,5944.0,10.0,5e-06,8.916,13.374,5e-05,89.16,133.74
2023-11-13,SR,23,6999.0,10.0,0.0,69.0,103.5,0.0,69.0,103.5
2023-11-13,T,467,102.16,10000.0,0.0,1401.0,2101.5,0.0,1401.0,2101.5
2023-11-14,SC,12,599.3,1000.0,0.0,240.0,360.0,0.0,240.0,360.0
2023-11-14,SC,-13,600.1,1000.0,0.0,260.0,390.0,0.0,260.0,390.0
2023-11-14,T,-9,102.19,10000.0,0.0,27.0,40.5,0.0,27.0,40.5
2023-11-15,T,-31,102.03,10000.0,0.0,93.0,139.5,0.0,93.0,139.5
2023-11-20,AL,920,18875.0,5.0,0.0,2760.0,4140.0,0.0,2760.0,4140.0
2023-11-20,CF,19,15705.0,5.0,0.0,81.7,122.55000000000001,0.0,81.7,122.55000000000001
2023-11-20,FG,-35,1723.0,20.0,0.0,210.0,315.0,0.0,210.0,315.0
2023-11-20,LH,18,15860.0,16.0,0.0,18.0,27.0,0.0,18.0,27.0
2023-11-20,M,-405,4034.0,10.0,0.0,607.5,911.25,0.0,607.5,911.25
2023-11-20,RB,-234,3927.0,10.0,1e-05,91.89180000000002,137.83770000000004,0.0001,918.918,1378.377
2023-11-20,SC,-5,570.4,1000.0,0.0,100.0,150.0,0.0,100.0,150.0
2023-11-20,SP,267,6054.0,10.0,5e-06,80.82090000000001,121.23135000000002,5e-05,808.2090000000001,1212.3135000000002
2023-11-20,SR,181,6849.0,10.0,0.0,543.0,814.5,0.0,543.0,814.5
2023-11-20,T,-160,102.175,10000.0,0.0,480.0,720.0,0.0,480.0,720.0
2023-11-20,UR,-39,2263.0,20.0,0.0,78.0,117.0,0.0,78.0,117.0
2023-11-21,T,-267,102.16,10000.0,0.0,801.0,1201.5,0.0,801.0,1201.5
2023-11-21,T,253,102.06,10000.0,0.0,759.0,1138.5,0.0,759.0,1138.5
2023-11-22,AL,-920,18935.0,5.0,0.0,2760.0,4140.0,0.0,2760.0,4140.0
2023-11-22,AL,987,18890.0,5.0,0.0,2961.0,4441.5,0.0,2961.0,4441.5
2023-11-23,AL,-4,18780.0,5.0,0.0,12.0,18.0,0.0,12.0,18.0
2023-11-23,CF,1,15360.0,5.0,0.0,4.3,6.449999999999999,0.0,4.3,6.449999999999999
2023-11-23,FG,-2,1733.0,20.0,0.0,12.0,18.0,0.0,12.0,18.0
2023-11-23,LH,1,15555.0,16.0,0.0,1.0,1.5,0.0,1.0,1.5
2023-11-23,RB,-8,4002.0,10.0,1e-05,3.2016000000000004,4.8024000000000004,0.0001,32.016,48.024
2023-11-23,SC,1,580.2,1000.0,0.0,20.0,30.0,0.0,20.0,30.0
2023-11-23,SR,-3,6858.0,10.0,0.0,9.0,13.5,0.0,9.0,13.5
2023-11-23,T,-11,101.8,10000.0,0.0,33.0,49.5,0.0,33.0,49.5
2023-11-23,UR,-1,2330.0,20.0,0.0,2.0,3.0,0.0,2.0,3.0
2023-11-24,AL,-10,18720.0,5.0,0.0,30.0,45.0,0.0,30.0,45.0
2023-11-24,CF,2,15315.0,5.0,0.0,8.6,12.899999999999999,0.0,8.6,12.899999999999999
2023-11-24,FG,-3,1751.0,20.0,0.0,18.0,27.0,0.0,18.0,27.0
2023-11-24,LH,1,15565.0,16.0,0.0,1.0,1.5,0.0,1.0,1.5
2023-11-24,RB,-19,3945.0,10.0,1e-05,7.495500000000001,11.243250000000002,0.0001,74.95500000000001,112.43250000000002
2023-11-24,SC,1,579.2,1000.0,0.0,20.0,30.0,0.0,20.0,30.0
2023-11-24,SR,-6,6818.0,10.0,0.0,18.0,27.0,0.0,18.0,27.0
2023-11-24,T,-5,101.68,10000.0,0.0,15.0,22.5,0.0,15.0,22.5
2023-11-24,UR,-2,2296.0,20.0,0.0,4.0,6.0,0.0,4.0,6.0
2023-11-27,C,769,2532.0,10.0,0.0,922.8,1384.1999999999998,0.0,922.8,1384.1999999999998
2023-11-27,CF,210,15215.0,5.0,0.0,903.0,1354.5,0.0,903.0,1354.5
2023-11-27,FG,156,1733.0,20.0,0.0,936.0,1404.0,0.0,936.0,1404.0
2023-11-27,LH,-26,14990.0,16.0,0.0,26.0,39.0,0.0,26.0,39.0
2023-11-27,RB,-312,3978.0,10.0,1e-05,124.11360000000002,186.17040000000003,0.0001,1241.136,1861.704
2023-11-27,SC,7,583.6,1000.0,0.0,140.0,210.0,0.0,140.0,210.0
2023-11-27,SP,-149,5832.0,10.0,5e-06,43.44840000000001,65.17260000000002,5e-05,434.484,651.726
2023-11-27,SR,-253,6868.0,10.0,0.0,759.0,1138.5,0.0,759.0,1138.5
2023-11-27,T,67,101.675,10000.0,0.0,201.0,301.5,0.0,201.0,301.5
2023-11-27,UR,-104,2254.0,20.0,0.0,208.0,312.0,0.0,208.0,312.0
2023-11-27,UR,-46,2254.0,20.0,0.0,92.0,138.0,0.0,92.0,138.0
2023-11-27,UR,-25,2254.0,20.0,0.0,50.0,75.0,0.0,50.0,75.0
2023-12-04,AL,-973,18540.0,5.0,0.0,2919.0,4378.5,0.0,2919.0,4378.5
2023-12-04,AP,176,9110.0,10.0,0.0,880.0,1320.0,0.0,880.0,1320.0
2023-12-04,C,-769,2485.0,10.0,0.0,922.8,1384.1999999999998,0.0,922.8,1384.1999999999998
2023-12-04,CF,-248,14895.0,5.0,0.0,1066.3999999999999,1599.6,0.0,1066.3999999999999,1599.6
2023-12-04,FG,46,1926.0,20.0,0.0,276.0,414.0,0.0,276.0,414.0
2023-12-04,LH,21,14310.0,16.0,0.0,21.0,31.5,0.0,21.0,31.5
2023-12-04,RB,517,3931.0,10.0,1e-05,203.2327,304.84905,0.0001,2032.327,3048.4905
2023-12-04,SC,-3,571.7,1000.0,0.0,60.0,90.0,0.0,60.0,90.0
2023-12-04,SP,-57,5512.0,10.0,5e-06,15.709200000000001,23.5638,5e-05,157.092,235.63800000000003
2023-12-04,SR,38,6621.0,10.0,0.0,114.0,171.0,0.0,114.0,171.0
2023-12-04,T,252,101.965,10000.0,0.0,756.0,1134.0,0.0,756.0,1134.0
2023-12-05,T,-8,101.885,10000.0,0.0,24.0,36.0,0.0,24.0,36.0
2023-12-07,AP,-176,8954.0,10.0,0.0,880.0,1320.0,0.0,880.0,1320.0
2023-12-07,AP,199,8153.0,10.0,0.0,995.0,1492.5,0.0,995.0,1492.5
2023-12-07,SR,-127,6438.0,10.0,0.0,254.0,381.0,0.0,254.0,381.0
2023-12-07,SR,-23,6438.0,10.0,0.0,46.0,69.0,0.0,46.0,69.0
2023-12-07,SR,-181,6438.0,10.0,0.0,362.0,543.0,0.0,362.0,543.0
2023-12-07,SR,-38,6438.0,10.0,0.0,76.0,114.0,0.0,76.0,114.0
2023-12-07,SR,412,6317.0,10.0,0.0,1236.0,1854.0,0.0,1236.0,1854.0
2023-12-07,T,-11,101.985,10000.0,0.0,33.0,49.5,0.0,33.0,49.5
2023-12-08,RB,-1659,3964.0,10.0,1e-05,657.6276,986.4414,0.0001,6576.276,9864.414
2023-12-08,RB,-517,3964.0,10.0,1e-05,204.93880000000001,307.4082,0.0001,2049.388,3074.082
2023-12-08,RB,2243,4004.0,10.0,2.9999999999999997e-05,2694.2915999999996,4041.4373999999993,0.0003,26942.915999999997,40414.373999999996
2023-12-11,CF,248,15360.0,5.0,0.0,1066.3999999999999,1599.6,0.0,1066.3999999999999,1599.6
2023-12-11,FG,-282,1850.0,20.0,0.0,564.0,846.0,0.0,564.0,846.0
2023-12-11,FG,-156,1850.0,20.0,0.0,312.0,468.0,0.0,312.0,468.0
2023-12-11,FG,-46,1850.0,20.0,0.0,92.0,138.0,0.0,92.0,138.0
2023-12-11,FG,562,1961.0,20.0,0.0,3372.0,5058.0,0.0,3372.0,5058.0
2023-12-11,LH,13,14075.0,16.0,0.0,13.0,19.5,0.0,13.0,19.5
2023-12-11,LH,20,14075.0,16.0,0.0,20.0,30.0,0.0,20.0,30.0
2023-12-11,LH,26,14075.0,16.0,0.0,26.0,39.0,0.0,26.0,39.0
2023-12-11,LH,-87,14385.0,16.0,0.0,87.0,130.5,0.0,87.0,130.5
2023-12-11,M,506,3987.0,10.0,0.0,759.0,1138.5,0.0,759.0,1138.5
2023-12-11,SC,-1,549.5,1000.0,0.0,20.0,30.0,0.0,20.0,30.0
2023-12-11,SR,-412,6357.0,10.0,0.0,1236.0,1854.0,0.0,1236.0,1854.0
2023-12-11,T,-218,102.195,10000.0,0.0,654.0,981.0,0.0,654.0,981.0
2023-12-11,T,-67,102.195,10000.0,0.0,201.0,301.5,0.0,201.0,301.5
2023-12-11,T,-252,102.195,10000.0,0.0,756.0,1134.0,0.0,756.0,1134.0
2023-12-12,M,-506,3980.0,10.0,0.0,759.0,1138.5,0.0,759.0,1138.5
2023-12-12,M,585,3426.0,10.0,0.0,877.5,1316.25,0.0,877.5,1316.25
2023-12-12,SC,4,552.1,1000.0,0.0,80.0,120.0,0.0,80.0,120.0
2023-12-12,SC,5,552.1,1000.0,0.0,100.0,150.0,0.0,100.0,150.0
2023-12-12,SC,3,552.1,1000.0,0.0,60.0,90.0,0.0,60.0,90.0
2023-12-12,SC,1,552.1,1000.0,0.0,20.0,30.0,0.0,20.0,30.0
2023-12-12,SC,-14,553.1,1000.0,0.0,280.0,420.0,0.0,280.0,420.0
2023-12-18,LH,38,14485.0,16.0,0.0,38.0,57.0,0.0,38.0,57.0
2023-12-18,RB,-14,3914.0,10.0,1e-05,5.4796000000000005,8.2194,0.0001,54.796,82.194
2023-12-18,RU,-132,13480.0,10.0,0.0,396.0,594.0,0.0,396.0,594.0
2023-12-18,SC,14,549.7,1000.0,0.0,280.0,420.0,0.0,280.0,420.0
2023-12-18,SP,149,5634.0,10.0,2e-06,16.78932,25.18398,1.9999999999999998e-05,167.89319999999998,251.83979999999997
2023-12-18,SP,57,5634.0,10.0,2e-06,6.422759999999999,9.634139999999999,1.9999999999999998e-05,64.2276,96.3414
2023-12-18,SP,-237,5670.0,10.0,5e-06,67.18950000000001,100.78425000000001,5e-05,671.895,1007.8425
2023-12-18,SR,-373,6228.0,10.0,0.0,1119.0,1678.5,0.0,1119.0,1678.5
2023-12-25,FG,-257,1893.0,20.0,0.0,1542.0,2313.0,0.0,1542.0,2313.0
2023-12-25,RB,-2229,4000.0,10.0,1e-05,891.6,1337.4,0.0001,8916.0,13374.0
2023-12-25,RU,-11,13910.0,10.0,0.0,33.0,49.5,0.0,33.0,49.5
2023-12-25,T,691,102.675,10000.0,0.0,2073.0,3109.5,0.0,2073.0,3109.5
2023-12-25,UR,261,2121.0,20.0,0.0,261.0,391.5,0.0,261.0,391.5
2024-01-02,AL,1346,19535.0,5.0,0.0,4038.0,6057.0,0.0,4038.0,6057.0
2024-01-02,AP,-199,8128.0,10.0,0.0,995.0,1492.5,0.0,995.0,1492.5
2024-01-02,CF,311,15520.0,5.0,0.0,1337.3,2005.9499999999998,0.0,1337.3,2005.9499999999998
2024-01-02,FG,-16,1878.0,20.0,0.0,96.0,144.0,0.0,96.0,144.0
2024-01-02,M,7,3292.0,10.0,0.0,10.5,15.75,0.0,10.5,15.75
2024-01-02,MA,683,2442.0,10.0,0.0,683.0,1024.5,0.0,683.0,1024.5
2024-01-02,RU,-3,14340.0,10.0,0.0,9.0,13.5,0.0,9.0,13.5
2024-01-02,SR,-14,6261.0,10.0,0.0,42.0,63.0,0.0,42.0,63.0
2024-01-02,T,-455,102.93,10000.0,0.0,1365.0,2047.5,0.0,1365.0,2047.5
2024-01-02,UR,-261,2115.0,20.0,0.0,261.0,391.5,0.0,261.0,391.5
2024-01-03,AL,-18,19665.0,5.0,0.0,54.0,81.0,0.0,54.0,81.0
2024-01-03,CF,-5,15605.0,5.0,0.0,21.5,32.25,0.0,21.5,32.25
2024-01-03,FG,-4,1879.0,20.0,0.0,24.0,36.0,0.0,24.0,36.0
2024-01-03,LH,1,13785.0,16.0,0.0,1.0,1.5,0.0,1.0,1.5
2024-01-03,M,-8,3253.0,10.0,0.0,12.0,18.0,0.0,12.0,18.0
2024-01-03,MA,-9,2390.0,10.0,0.0,9.0,13.5,0.0,9.0,13.5
2024-01-03,RU,2,14160.0,10.0,0.0,6.0,9.0,0.0,6.0,9.0
2024-01-03,SP,4,5862.0,10.0,5e-06,1.1724,1.7586000000000002,5e-05,11.724,17.586
2024-01-03,SR,6,6304.0,10.0,0.0,18.0,27.0,0.0,18.0,27.0
2024-01-03,T,-3,102.69,10000.0,0.0,9.0,13.5,0.0,9.0,13.5
2024-01-04,AL,-6,19325.0,5.0,0.0,18.0,27.0,0.0,18.0,27.0
2024-01-04,CF,-2,15635.0,5.0,0.0,8.6,12.899999999999999,0.0,8.6,12.899999999999999
2024-01-04,FG,-2,1971.0,20.0,0.0,12.0,18.0,0.0,12.0,18.0
2024-01-04,LH,1,13790.0,16.0,0.0,1.0,1.5,0.0,1.0,1.5
2024-01-04,M,-3,3246.0,10.0,0.0,4.5,6.75,0.0,4.5,6.75
2024-01-04,MA,-3,2406.0,10.0,0.0,3.0,4.5,0.0,3.0,4.5
2024-01-04,RU,1,14110.0,10.0,0.0,3.0,4.5,0.0,3.0,4.5
2024-01-04,SP,2,5952.0,10.0,5e-06,0.5952000000000001,0.8928,5e-05,5.952,8.928
2024-01-04,SR,2,6340.0,10.0,0.0,6.0,9.0,0.0,6.0,9.0
2024-01-04,T,-1,102.84,10000.0,0.0,3.0,4.5,0.0,3.0,4.5
2024-01-05,AL,-9,19175.0,5.0,0.0,27.0,40.5,0.0,27.0,40.5
2024-01-05,CF,-3,15690.0,5.0,0.0,12.899999999999999,19.349999999999998,0.0,12.899999999999999,19.349999999999998
2024-01-05,FG,-2,1915.0,20.0,0.0,12.0,18.0,0.0,12.0,18.0
2024-01-05,LH,1,13810.0,16.0,0.0,1.0,1.5,0.0,1.0,1.5
2024-01-05,M,-4,3252.0,10.0,0.0,6.0,9.0,0.0,6.0,9.0
2024-01-05,MA,-5,2388.0,10.0,0.0,5.0,7.5,0.0,5.0,7.5
2024-01-05,RU,1,13885.0,10.0,0.0,3.0,4.5,0.0,3.0,4.5
2024-01-05,SP,2,5904.0,10.0,5e-06,0.5904,0.8856,5e-05,5.904,8.856
2024-01-05,SR,3,6329.0,10.0,0.0,9.0,13.5,0.0,9.0,13.5
2024-01-05,T,-4,102.895,10000.0,0.0,12.0,18.0,0.0,12.0,18.0
2024-01-08,AL,-13,19115.0,5.0,0.0,39.0,58.5,0.0,39.0,58.5
2024-01-08,CF,27,15625.0,5.0,0.0,116.1,174.14999999999998,0.0,116.1,174.14999999999998
2024-01-08,LH,-12,13580.0,16.0,0.0,12.0,18.0,0.0,12.0,18.0
2024-01-08,M,-570,3198.0,10.0,0.0,855.0,1282.5,0.0,855.0,1282.5
2024-01-08,M,-7,3198.0,10.0,0.0,10.5,15.75,0.0,10.5,15.75
2024-01-08,MA,-666,2385.0,10.0,0.0,666.0,999.0,0.0,666.0,999.0
2024-01-08,RU,128,13855.0,10.0,0.0,384.0,576.0,0.0,384.0,576.0
2024-01-08,RU,11,13855.0,10.0,0.0,33.0,49.5,0.0,33.0,49.5
2024-01-08,RU,3,13855.0,10.0,0.0,9.0,13.5,0.0,9.0,13.5
2024-01-08,RU,153,13855.0,10.0,0.0,459.0,688.5,0.0,459.0,688.5
2024-01-08,SR,362,6292.0,10.0,0.0,1086.0,1629.0,0.0,1086.0,1629.0
2024-01-08,SR,14,6292.0,10.0,0.0,42.0,63.0,0.0,42.0,63.0
2024-01-08,T,153,102.97,10000.0,0.0,459.0,688.5,0.0,459.0,688.5
2024-01-08,UR,-299,2148.0,20.0,0.0,299.0,448.5,0.0,299.0,448.5
2024-01-09,T,-11,103.0,10000.0,0.0,33.0,49.5,0.0,33.0,49.5
2024-01-10,T,-2,103.05,10000.0,0.0,6.0,9.0,0.0,6.0,9.0
2024-01-12,AL,-1300,19040.0,5.0,0.0,3900.0,5850.0,0.0,3900.0,5850.0
2024-01-12,AL,1247,19090.0,5.0,0.0,3741.0,5611.5,0.0,3741.0,5611.5
2024-01-15,AL,-326,18995.0,5.0,0.0,978.0,1467.0,0.0,978.0,1467.0
2024-01-15,CF,-86,15560.0,5.0,0.0,369.8,554.7,0.0,369.8,554.7
2024-01-15,FG,-74,1742.0,20.0,0.0,444.0,666.0,0.0,444.0,666.0
2024-01-15,LH,11,13610.0,16.0,0.0,11.0,16.5,0.0,11.0,16.5
2024-01-15,M,-432,3076.0,10.0,0.0,648.0,972.0,0.0,648.0,972.0
2024-01-15,RB,-1622,3904.0,10.0,1e-05,633.2288000000001,949.8432000000001,0.0001,6332.2880000000005,9498.432
2024-01-15,RU,-40,13790.0,10.0,0.0,120.0,180.0,0.0,120.0,180.0
2024-01-15,SP,54,5744.0,10.0,5e-06,15.5088,23.2632,5e-05,155.08800000000002,232.63200000000003
2024-01-15,SR,304,6276.0,10.0,0.0,912.0,1368.0,0.0,912.0,1368.0
2024-01-15,T,-148,102.675,10000.0,0.0,444.0,666.0,0.0,444.0,666.0
2024-01-15,UR,79,2037.0,20.0,0.0,79.0,118.5,0.0,79.0,118.5
2024-01-16,AL,-8,18820.0,5.0,0.0,24.0,36.0,0.0,24.0,36.0
2024-01-16,CF,-2,15410.0,5.0,0.0,8.6,12.899999999999999,0.0,8.6,12.899999999999999
2024-01-16,FG,-2,1724.0,20.0,0.0,12.0,18.0,0.0,12.0,18.0
2024-01-16,LH,1,13885.0,16.0,0.0,1.0,1.5,0.0,1.0,1.5
2024-01-16,M,4,3065.0,10.0,0.0,6.0,9.0,0.0,6.0,9.0
2024-01-16,RB,13,3890.0,10.0,1e-05,5.057,7.585500000000001,0.0001,50.57,75.855
2024-01-16,RU,-1,13740.0,10.0,0.0,3.0,4.5,0.0,3.0,4.5
2024-01-16,SP,2,5726.0,10.0,5e-06,0.5726,0.8589,5e-05,5.726,8.589
2024-01-16,SR,-3,6269.0,10.0,0.0,9.0,13.5,0.0,9.0,13.5
2024-01-16,T,-2,102.795,10000.0,0.0,6.0,9.0,0.0,6.0,9.0
2024-01-16,UR,2,2083.0,20.0,0.0,2.0,3.0,0.0,2.0,3.0
2024-01-17,AL,-6,18825.0,5.0,0.0,18.0,27.0,0.0,18.0,27.0
2024-01-17,CF,-2,15545.0,5.0,0.0,8.6,12.899999999999999,0.0,8.6,12.899999999999999
2024-01-17,FG,-2,1757.0,20.0,0.0,12.0,18.0,0.0,12.0,18.0
2024-01-17,LH,1,13855.0,16.0,0.0,1.0,1.5,0.0,1.0,1.5
2024-01-17,M,3,3086.0,10.0,0.0,4.5,6.75,0.0,4.5,6.75
2024-01-17,RB,10,3914.0,10.0,1e-05,3.914,5.871,0.0001,39.14,58.71
2024-01-17,RU,-1,13845.0,10.0,0.0,3.0,4.5,0.0,3.0,4.5
2024-01-17,SP,2,5736.0,10.0,5e-06,0.5736,0.8604,5e-05,5.736000000000001,8.604000000000001
2024-01-17,SR,-2,6313.0,10.0,0.0,6.0,9.0,0.0,6.0,9.0
2024-01-17,T,-2,102.805,10000.0,0.0,6.0,9.0,0.0,6.0,9.0
2024-01-17,UR,2,2082.0,20.0,0.0,2.0,3.0,0.0,2.0,3.0
2024-01-22,AL,38,18695.0,5.0,0.0,114.0,171.0,0.0,114.0,171.0
2024-01-22,CF,-211,15910.0,5.0,0.0,907.3,1360.9499999999998,0.0,907.3,1360.9499999999998
2024-01-22,CF,-27,15910.0,5.0,0.0,116.1,174.14999999999998,0.0,116.1,174.14999999999998
2024-01-22,FG,-1,1760.0,20.0,0.0,6.0,9.0,0.0,6.0,9.0
2024-01-22,LH,-5,13890.0,16.0,0.0,5.0,7.5,0.0,5.0,7.5
2024-01-22,M,-29,3039.0,10.0,0.0,43.5,65.25,0.0,43.5,65.25
2024-01-22,P,166,7536.0,10.0,0.0,415.0,622.5,0.0,415.0,622.5
2024-01-22,RB,-161,3914.0,10.0,1e-05,63.01540000000001,94.52310000000001,0.0001,630.154,945.231
2024-01-22,RU,-111,13840.0,10.0,0.0,333.0,499.5,0.0,333.0,499.5
2024-01-22,SC,10,563.0,1000.0,0.0,200.0,300.0,0.0,200.0,300.0
2024-01-22,SP,-38,5706.0,10.0,5e-06,10.8414,16.2621,5e-05,108.414,162.621
2024-01-22,SR,43,6389.0,10.0,0.0,129.0,193.5,0.0,129.0,193.5
2024-01-22,T,2,102.95,10000.0,0.0,6.0,9.0,0.0,6.0,9.0
2024-01-22,UR,7,2052.0,20.0,0.0,7.0,10.5,0.0,7.0,10.5
2024-01-26,AL,-2,18920.0,5.0,0.0,6.0,9.0,0.0,6.0,9.0
2024-01-26,FG,-1,1852.0,20.0,0.0,6.0,9.0,0.0,6.0,9.0
2024-01-26,LH,1,14120.0,16.0,0.0,1.0,1.5,0.0,1.0,1.5
2024-01-26,M,1,3052.0,10.0,0.0,1.5,2.25,0.0,1.5,2.25
2024-01-26,P,-1,7528.0,10.0,0.0,2.5,3.75,0.0,2.5,3.75
2024-01-26,RB,4,3962.0,10.0,1e-05,1.5848000000000002,2.3772,0.0001,15.848,23.772000000000002
2024-01-26,SC,-1,574.2,1000.0,0.0,20.0,30.0,0.0,20.0,30.0
2024-01-26,SP,1,5784.0,10.0,5e-06,0.2892,0.4338,5e-05,2.8920000000000003,4.338000000000001
2024-01-26,SR,-1,6508.0,10.0,0.0,3.0,4.5,0.0,3.0,4.5
2024-01-26,UR,1,2107.0,20.0,0.0,1.0,1.5,0.0,1.0,1.5
2024-01-29,AL,-905,19110.0,5.0,0.0,2715.0,4072.5,0.0,2715.0,4072.5
2024-01-29,AL,-38,19110.0,5.0,0.0,114.0,171.0,0.0,114.0,171.0
2024-01-29,CF,292,16000.0,5.0,0.0,1255.6,1883.3999999999999,0.0,1255.6,1883.3999999999999
2024-01-29,FG,-201,1847.0,20.0,0.0,1206.0,1809.0,0.0,1206.0,1809.0
2024-01-29,LH,-12,14200.0,16.0,0.0,12.0,18.0,0.0,12.0,18.0
2024-01-29,M,-79,2983.0,10.0,0.0,118.5,177.75,0.0,118.5,177.75
2024-01-29,P,-165,7562.0,10.0,0.0,412.5,618.75,0.0,412.5,618.75
2024-01-29,RB,-374,3972.0,10.0,1e-05,148.55280000000002,222.82920000000001,0.0001,1485.528,2228.292
2024-01-29,RU,122,13640.0,10.0,0.0,366.0,549.0,0.0,366.0,549.0
2024-01-29,SC,-9,587.3,1000.0,0.0,180.0,270.0,0.0,180.0,270.0
2024-01-29,SP,-48,5716.0,10.0,5e-06,13.718399999999999,20.577599999999997,5e-05,137.184,205.776
2024-01-29,SR,56,6452.0,10.0,0.0,168.0,252.0,0.0,168.0,252.0
2024-01-29,T,271,103.065,10000.0,0.0,813.0,1219.5,0.0,813.0,1219.5
2024-01-29,UR,208,2113.0,20.0,0.0,208.0,312.0,0.0,208.0,312.0
2024-02-05,CF,5,15980.0,5.0,0.0,21.5,32.25,0.0,21.5,32.25
2024-02-05,FG,247,1771.0,20.0,0.0,1482.0,2223.0,0.0,1482.0,2223.0
2024-02-05,M,-11,3006.0,10.0,0.0,16.5,24.75,0.0,16.5,24.75
2024-02-05,RB,-25,3824.0,10.0,1e-05,9.56,14.34,0.0001,95.60000000000001,143.4
2024-02-05,RU,-122,13325.0,10.0,0.0,366.0,549.0,0.0,366.0,549.0
2024-02-05,RU,-135,13325.0,10.0,0.0,405.0,607.5,0.0,405.0,607.5
2024-02-05,SC,14,560.2,1000.0,0.0,280.0,420.0,0.0,280.0,420.0
2024-02-05,SP,-15,5596.0,10.0,5e-06,4.197000000000001,6.295500000000001,5e-05,41.97,62.955
2024-02-05,SR,43,6482.0,10.0,0.0,129.0,193.5,0.0,129.0,193.5
2024-02-05,T,10,103.705,10000.0,0.0,30.0,45.0,0.0,30.0,45.0
2024-02-19,CF,-292,16345.0,5.0,0.0,1255.6,1883.3999999999999,0.0,1255.6,1883.3999999999999
2024-02-19,CF,-5,16345.0,5.0,0.0,21.5,32.25,0.0,21.5,32.25
2024-02-19,FG,29,1797.0,20.0,0.0,174.0,261.0,0.0,174.0,261.0
2024-02-19,LH,-2,13590.0,16.0,0.0,2.0,3.0,0.0,2.0,3.0
2024-02-19,M,-24,2997.0,10.0,0.0,36.0,54.0,0.0,36.0,54.0
2024-02-19,MA,673,2532.0,10.0,0.0,673.0,1009.5,0.0,673.0,1009.5
2024-02-19,RB,-83,3876.0,10.0,1e-05,32.17080000000001,48.25620000000001,0.0001,321.708,482.562
2024-02-19,RU,135,13560.0,10.0,0.0,405.0,607.5,0.0,405.0,607.5
2024-02-19,SC,-14,589.6,1000.0,0.0,280.0,420.0,0.0,280.0,420.0
2024-02-19,SP,-317,5592.0,10.0,5e-06,88.6332,132.9498,5e-05,886.3320000000001,1329.498
2024-02-19,SR,457,6508.0,10.0,0.0,1371.0,2056.5,0.0,1371.0,2056.5
2024-02-19,T,-63,103.23,10000.0,0.0,189.0,283.5,0.0,189.0,283.5
2024-02-19,T,-9,103.23,10000.0,0.0,27.0,40.5,0.0,27.0,40.5
2024-02-20,T,-144,103.44,10000.0,0.0,432.0,648.0,0.0,432.0,648.0
2024-02-20,T,-2,103.44,10000.0,0.0,6.0,9.0,0.0,6.0,9.0
2024-02-20,T,-271,103.44,10000.0,0.0,813.0,1219.5,0.0,813.0,1219.5
2024-02-20,T,-10,103.44,10000.0,0.0,30.0,45.0,0.0,30.0,45.0
2024-02-20,T,422,103.57,10000.0,0.0,1266.0,1899.0,0.0,1266.0,1899.0
2024-02-21,LH,32,13405.0,16.0,0.0,32.0,48.0,0.0,32.0,48.0
2024-02-21,LH,12,13405.0,16.0,0.0,12.0,18.0,0.0,12.0,18.0
2024-02-21,LH,5,13405.0,16.0,0.0,5.0,7.5,0.0,5.0,7.5
2024-02-21,LH,12,13405.0,16.0,0.0,12.0,18.0,0.0,12.0,18.0
2024-02-21,LH,2,13405.0,16.0,0.0,2.0,3.0,0.0,2.0,3.0
2024-02-21,LH,-68,14450.0,16.0,0.0,68.0,102.0,0.0,68.0,102.0
2024-02-21,T,-16,103.625,10000.0,0.0,48.0,72.0,0.0,48.0,72.0
2024-02-22,T,-2,103.595,10000.0,0.0,6.0,9.0,0.0,6.0,9.0
2024-02-26,CF,336,16305.0,5.0,0.0,1444.8,2167.2,0.0,1444.8,2167.2
2024-02-26,M,-22,2988.0,10.0,0.0,33.0,49.5,0.0,33.0,49.5
2024-02-26,MA,17,2506.0,10.0,0.0,17.0,25.5,0.0,17.0,25.5
2024-02-26,RB,-48,3788.0,10.0,1e-05,18.1824,27.273600000000002,0.0001,181.824,272.736
2024-02-26,SP,-5,5796.0,10.0,5e-06,1.449,2.1735,5e-05,14.49,21.735
2024-02-26,SR,-298,6282.0,10.0,0.0,894.0,1341.0,0.0,894.0,1341.0
2024-02-26,SR,-43,6282.0,10.0,0.0,129.0,193.5,0.0,129.0,193.5
2024-02-26,SR,-56,6282.0,10.0,0.0,168.0,252.0,0.0,168.0,252.0
2024-02-26,SR,-43,6282.0,10.0,0.0,129.0,193.5,0.0,129.0,193.5
2024-02-26,SR,-15,6282.0,10.0,0.0,45.0,67.5,0.0,45.0,67.5
2024-02-26,T,-9,103.74,10000.0,0.0,27.0,40.5,0.0,27.0,40.5
2024-02-28,T,-12,103.895,10000.0,0.0,36.0,54.0,0.0,36.0,54.0
2024-02-29,T,-6,104.09,10000.0,0.0,18.0,27.0,0.0,18.0,27.0
2024-03-04,AL,1017,18990.0,5.0,0.0,3051.0,4576.5,0.0,3051.0,4576.5
2024-03-04,C,949,2464.0,10.0,0.0,1138.8,1708.1999999999998,0.0,1138.8,1708.1999999999998
2024-03-04,CF,-65,16105.0,5.0,0.0,279.5,419.25,0.0,279.5,419.25
2024-03-04,FG,-247,1653.0,20.0,0.0,1482.0,2223.0,0.0,1482.0,2223.0
2024-03-04,FG,-29,1653.0,20.0,0.0,174.0,261.0,0.0,174.0,261.0
2024-03-04,LH,16,14775.0,16.0,0.0,16.0,24.0,0.0,16.0,24.0
2024-03-04,M,424,3088.0,10.0,0.0,636.0,954.0,0.0,636.0,954.0
2024-03-04,M,29,3088.0,10.0,0.0,43.5,65.25,0.0,43.5,65.25
2024-03-04,M,79,3088.0,10.0,0.0,118.5,177.75,0.0,118.5,177.75
2024-03-04,M,11,3088.0,10.0,0.0,16.5,24.75,0.0,16.5,24.75
2024-03-04,M,24,3088.0,10.0,0.0,36.0,54.0,0.0,36.0,54.0
2024-03-04,M,22,3088.0,10.0,0.0,33.0,49.5,0.0,33.0,49.5
2024-03-04,MA,-125,2533.0,10.0,0.0,125.0,187.5,0.0,125.0,187.5
2024-03-04,P,-177,7556.0,10.0,0.0,442.5,663.75,0.0,442.5,663.75
2024-03-04,RB,488,3752.0,10.0,1e-05,183.09760000000003,274.6464,0.0001,1830.976,2746.464
2024-03-04,SP,170,5864.0,10.0,5e-06,49.844,74.766,5e-05,498.44,747.66
2024-03-04,SP,38,5864.0,10.0,5e-06,11.1416,16.712400000000002,5e-05,111.416,167.124
2024-03-04,SP,48,5864.0,10.0,5e-06,14.0736,21.110400000000002,5e-05,140.736,211.10399999999998
2024-03-04,SP,15,5864.0,10.0,5e-06,4.398000000000001,6.597000000000001,5e-05,43.98,65.97
2024-03-04,SP,27,5864.0,10.0,5e-06,7.9164,11.874600000000001,5e-05,79.164,118.74600000000001
2024-03-04,SR,-442,6227.0,10.0,0.0,1326.0,1989.0,0.0,1326.0,1989.0
2024-03-04,T,-151,103.74,10000.0,0.0,453.0,679.5,0.0,453.0,679.5
2024-03-11,AL,-11,19225.0,5.0,0.0,33.0,49.5,0.0,33.0,49.5
2024-03-11,C,-19,2442.0,10.0,0.0,22.8,34.2,0.0,22.8,34.2
2024-03-11,CF,-271,16170.0,5.0,0.0,1165.3,1747.9499999999998,0.0,1165.3,1747.9499999999998
2024-03-11,FG,-230,1617.0,20.0,0.0,1380.0,2070.0,0.0,1380.0,2070.0
2024-03-11,LH,2,15195.0,16.0,0.0,2.0,3.0,0.0,2.0,3.0
2024-03-11,M,407,3220.0,10.0,0.0,610.5,915.75,0.0,610.5,915.75
2024-03-11,MA,-24,2518.0,10.0,0.0,24.0,36.0,0.0,24.0,36.0
2024-03-11,P,177,7774.0,10.0,0.0,442.5,663.75,0.0,442.5,663.75
2024-03-11,RB,33,3688.0,10.0,1e-05,12.1704,18.2556,0.0001,121.70400000000001,182.556
2024-03-11,SC,14,610.8,1000.0,0.0,280.0,420.0,0.0,280.0,420.0
2024-03-11,SP,60,5974.0,10.0,5e-06,17.922,26.883000000000003,5e-05,179.22,268.83
2024-03-11,SR,-336,6296.0,10.0,0.0,1008.0,1512.0,0.0,1008.0,1512.0
2024-03-11,T,11,104.11,10000.0,0.0,33.0,49.5,0.0,33.0,49.5
2024-03-12,AL,-16,19195.0,5.0,0.0,48.0,72.0,0.0,48.0,72.0
2024-03-12,C,-15,2431.0,10.0,0.0,18.0,27.0,0.0,18.0,27.0
2024-03-12,FG,4,1577.0,20.0,0.0,24.0,36.0,0.0,24.0,36.0
2024-03-12,LH,1,15205.0,16.0,0.0,1.0,1.5,0.0,1.0,1.5
2024-03-12,M,-7,3204.0,10.0,0.0,10.5,15.75,0.0,10.5,15.75
2024-03-12,MA,-9,2547.0,10.0,0.0,9.0,13.5,0.0,9.0,13.5
2024-03-12,RB,28,3605.0,10.0,1e-05,10.094000000000001,15.141000000000002,0.0001,100.94,151.41
2024-03-12,SC,-14,609.0,1000.0,0.0,280.0,420.0,0.0,280.0,420.0
2024-03-12,SC,23,601.3,1000.0,0.0,460.0,690.0,0.0,460.0,690.0
2024-03-12,SP,4,5992.0,10.0,5e-06,1.1984000000000001,1.7976,5e-05,11.984,17.976
2024-03-12,SR,6,6332.0,10.0,0.0,18.0,27.0,0.0,18.0,27.0
2024-03-13,AL,-1,19200.0,5.0,0.0,3.0,4.5,0.0,3.0,4.5
2024-03-13,C,-1,2437.0,10.0,0.0,1.2,1.7999999999999998,0.0,1.2,1.7999999999999998
2024-03-13,FG,1,1602.0,20.0,0.0,6.0,9.0,0.0,6.0,9.0
2024-03-13,LH,1,15260.0,16.0,0.0,1.0,1.5,0.0,1.0,1.5
2024-03-13,M,-1,3235.0,10.0,0.0,1.5,2.25,0.0,1.5,2.25
2024-03-13,MA,-1,2502.0,10.0,0.0,1.0,1.5,0.0,1.0,1.5
2024-03-13,RB,2,3636.0,10.0,1e-05,0.7272000000000001,1.0908000000000002,0.0001,7.272,10.908000000000001
2024-03-13,SC,-1,604.5,1000.0,0.0,20.0,30.0,0.0,20.0,30.0
2024-03-13,SP,1,6022.0,10.0,5e-06,0.30110000000000003,0.45165000000000005,5e-05,3.011,4.516500000000001
2024-03-13,SR,1,6455.0,10.0,0.0,3.0,4.5,0.0,3.0,4.5
2024-03-18,AL,133,19285.0,5.0,0.0,399.0,598.5,0.0,399.0,598.5
2024-03-18,C,-914,2453.0,10.0,0.0,1096.8,1645.1999999999998,0.0,1096.8,1645.1999999999998
2024-03-18,FG,-31,1603.0,20.0,0.0,186.0,279.0,0.0,186.0,279.0
2024-03-18,LH,-9,15125.0,16.0,0.0,9.0,13.5,0.0,9.0,13.5
2024-03-18,M,81,3272.0,10.0,0.0,121.5,182.25,0.0,121.5,182.25
2024-03-18,MA,-514,2566.0,10.0,0.0,514.0,771.0,0.0,514.0,771.0
2024-03-18,MA,-17,2566.0,10.0,0.0,17.0,25.5,0.0,17.0,25.5
2024-03-18,P,186,8068.0,10.0,0.0,465.0,697.5,0.0,465.0,697.5
2024-03-18,RB,-10,3487.0,10.0,1e-05,3.487,5.2305,0.0001,34.870000000000005,52.30500000000001
2024-03-18,RU,180,14830.0,10.0,0.0,540.0,810.0,0.0,540.0,810.0
2024-03-18,SC,-22,628.2,1000.0,0.0,440.0,660.0,0.0,440.0,660.0
2024-03-18,SP,-34,6028.0,10.0,5e-06,10.2476,15.371400000000001,5e-05,102.47600000000001,153.71400000000003
2024-03-18,SR,7,6542.0,10.0,0.0,21.0,31.5,0.0,21.0,31.5
2024-03-18,T,10,103.785,10000.0,0.0,30.0,45.0,0.0,30.0,45.0
2024-03-20,AL,-989,19150.0,5.0,0.0,2967.0,4450.5,0.0,2967.0,4450.5
2024-03-20,AL,-133,19150.0,5.0,0.0,399.0,598.5,0.0,399.0,598.5
2024-03-20,AL,1510,19180.0,5.0,0.0,4530.0,6795.0,0.0,4530.0,6795.0
2024-03-20,FG,48,1555.0,20.0,0.0,288.0,432.0,0.0,288.0,432.0
2024-03-20,LH,11,15615.0,16.0,0.0,11.0,16.5,0.0,11.0,16.5
2024-03-20,M,-89,3278.0,10.0,0.0,133.5,200.25,0.0,133.5,200.25
2024-03-20,P,-35,8132.0,10.0,0.0,87.5,131.25,0.0,87.5,131.25
2024-03-20,RB,324,3581.0,10.0,1e-05,116.02440000000001,174.03660000000002,0.0001,1160.244,1740.366
2024-03-20,RU,-34,15305.0,10.0,0.0,102.0,153.0,0.0,102.0,153.0
2024-03-20,SP,49,6104.0,10.0,5e-06,14.9548,22.4322,5e-05,149.548,224.322
2024-03-20,SR,60,6538.0,10.0,0.0,180.0,270.0,0.0,180.0,270.0
2024-03-21,AL,-24,19315.0,5.0,0.0,72.0,108.0,0.0,72.0,108.0
2024-03-21,FG,4,1531.0,20.0,0.0,24.0,36.0,0.0,24.0,36.0
2024-03-21,LH,1,15660.0,16.0,0.0,1.0,1.5,0.0,1.0,1.5
2024-03-21,M,-6,3337.0,10.0,0.0,9.0,13.5,0.0,9.0,13.5
2024-03-21,P,-3,8350.0,10.0,0.0,7.5,11.25,0.0,7.5,11.25
2024-03-21,RB,22,3570.0,10.0,1e-05,7.854000000000001,11.781000000000002,0.0001,78.54,117.81
2024-03-21,RU,-3,15295.0,10.0,0.0,9.0,13.5,0.0,9.0,13.5
2024-03-21,SP,4,6204.0,10.0,5e-06,1.2408000000000001,1.8612000000000002,5e-05,12.408000000000001,18.612000000000002
2024-03-21,SR,5,6460.0,10.0,0.0,15.0,22.5,0.0,15.0,22.5
2024-03-25,AL,-180,19440.0,5.0,0.0,540.0,810.0,0.0,540.0,810.0
2024-03-25,AP,-158,7798.0,10.0,0.0,790.0,1185.0,0.0,790.0,1185.0
2024-03-25,FG,-83,1521.0,20.0,0.0,498.0,747.0,0.0,498.0,747.0
2024-03-25,LH,-21,15640.0,16.0,0.0,21.0,31.5,0.0,21.0,31.5
2024-03-25,M,99,3317.0,10.0,0.0,148.5,222.75,0.0,148.5,222.75
2024-03-25,P,62,8264.0,10.0,0.0,155.0,232.5,0.0,155.0,232.5
2024-03-25,RB,-507,3611.0,10.0,1e-05,183.07770000000002,274.61655,0.0001,1830.777,2746.1655
2024-03-25,RU,-143,14560.0,10.0,0.0,429.0,643.5,0.0,429.0,643.5
2024-03-25,SC,20,632.2,1000.0,0.0,400.0,600.0,0.0,400.0,600.0
2024-03-25,SP,172,6198.0,10.0,5e-06,53.302800000000005,79.95420000000001,5e-05,533.028,799.542
2024-03-25,SP,5,6198.0,10.0,5e-06,1.5495,2.32425,5e-05,15.495000000000001,23.2425
2024-03-25,SP,34,6198.0,10.0,5e-06,10.5366,15.8049,5e-05,105.36600000000001,158.04900000000004
2024-03-25,SR,257,6559.0,10.0,0.0,771.0,1156.5,0.0,771.0,1156.5
2024-03-25,T,-1,103.855,10000.0,0.0,3.0,4.5,0.0,3.0,4.5
2024-03-26,T,-1,103.81,10000.0,0.0,3.0,4.5,0.0,3.0,4.5
2024-04-01,AL,-100,19705.0,5.0,0.0,300.0,450.0,0.0,300.0,450.0
2024-04-01,AP,158,7741.0,10.0,0.0,790.0,1185.0,0.0,790.0,1185.0
2024-04-01,C,-1092,2408.0,10.0,0.0,1310.3999999999999,1965.6,0.0,1310.3999999999999,1965.6
2024-04-01,FG,2,1467.0,20.0,0.0,12.0,18.0,0.0,12.0,18.0
2024-04-01,LH,3,15160.0,16.0,0.0,3.0,4.5,0.0,3.0,4.5
2024-04-01,M,-49,3253.0,10.0,0.0,73.5,110.25,0.0,73.5,110.25
2024-04-01,MA,-653,2488.0,10.0,0.0,653.0,979.5,0.0,653.0,979.5
2024-04-01,P,-30,8228.0,10.0,0.0,75.0,112.5,0.0,75.0,112.5
2024-04-01,RB,243,3401.0,10.0,1e-05,82.6443,123.96645000000001,0.0001,826.4430000000001,1239.6645
2024-04-01,SP,285,6142.0,10.0,5e-06,87.52350000000001,131.28525000000002,5e-05,875.235,1312.8525
2024-04-01,T,15,103.945,10000.0,0.0,45.0,67.5,0.0,45.0,67.5
2024-04-03,AL,-31,19880.0,5.0,0.0,93.0,139.5,0.0,93.0,139.5
2024-04-03,C,28,2437.0,10.0,0.0,33.6,50.400000000000006,0.0,33.6,50.400000000000006
2024-04-03,FG,8,1470.0,20.0,0.0,48.0,72.0,0.0,48.0,72.0
2024-04-03,LH,2,14995.0,16.0,0.0,2.0,3.0,0.0,2.0,3.0
2024-04-03,M,-255,3232.0,10.0,0.0,382.5,573.75,0.0,382.5,573.75
2024-04-03,M,-81,3232.0,10.0,0.0,121.5,182.25,0.0,121.5,182.25
2024-04-03,M,-99,3232.0,10.0,0.0,148.5,222.75,0.0,148.5,222.75
2024-04-03,M,666,3325.0,10.0,0.0,999.0,1498.5,0.0,999.0,1498.5
2024-04-03,MA,17,2532.0,10.0,0.0,17.0,25.5,0.0,17.0,25.5
2024-04-03,P,-5,8338.0,10.0,0.0,12.5,18.75,0.0,12.5,18.75
2024-04-03,RB,42,3471.0,10.0,1e-05,14.5782,21.8673,0.0001,145.782,218.673
2024-04-03,SC,-1,654.8,1000.0,0.0,20.0,30.0,0.0,20.0,30.0
2024-04-03,SP,-8,6094.0,10.0,5e-06,2.4376,3.6564000000000005,5e-05,24.376,36.564
2024-04-08,AL,59,20130.0,5.0,0.0,177.0,265.5,0.0,177.0,265.5
2024-04-08,AP,-170,7588.0,10.0,0.0,850.0,1275.0,0.0,850.0,1275.0
2024-04-08,C,1064,2425.0,10.0,0.0,1276.8,1915.1999999999998,0.0,1276.8,1915.1999999999998
2024-04-08,FG,-29,1498.0,20.0,0.0,174.0,261.0,0.0,174.0,261.0
2024-04-08,LH,-5,15190.0,16.0,0.0,5.0,7.5,0.0,5.0,7.5
2024-04-08,M,-193,3313.0,10.0,0.0,289.5,434.25,0.0,289.5,434.25
2024-04-08,MA,-46,2500.0,10.0,0.0,46.0,69.0,0.0,46.0,69.0
2024-04-08,P,-19,8514.0,10.0,0.0,47.5,71.25,0.0,47.5,71.25
2024-04-08,RB,413,3402.0,10.0,1e-05,140.5026,210.7539,0.0001,1405.026,2107.539
2024-04-08,RB,161,3402.0,10.0,1e-05,54.7722,82.1583,0.0001,547.722,821.583
2024-04-08,RB,374,3402.0,10.0,1e-05,127.2348,190.8522,0.0001,1272.348,1908.522
2024-04-08,RB,25,3402.0,10.0,1e-05,8.505,12.7575,0.0001,85.05,127.57499999999999
2024-04-08,RB,83,3402.0,10.0,1e-05,28.2366,42.3549,0.0001,282.366,423.549
2024-04-08,RB,48,3402.0,10.0,1e-05,16.3296,24.4944,0.0001,163.296,244.944
2024-04-08,RB,10,3402.0,10.0,1e-05,3.402,5.103,0.0001,34.02,51.03
2024-04-08,RB,507,3402.0,10.0,1e-05,172.4814,258.7221,0.0001,1724.814,2587.221
2024-04-08,RB,-1882,3458.0,10.0,1e-05,650.7956000000001,976.1934000000002,0.0001,6507.956,9761.934000000001
2024-04-08,SC,19,660.2,1000.0,0.0,380.0,570.0,0.0,380.0,570.0
2024-04-08,SP,-277,6070.0,10.0,5e-06,84.06950000000002,126.10425000000004,5e-05,840.695,1261.0425
2024-04-08,T,-224,104.0,10000.0,0.0,672.0,1008.0,0.0,672.0,1008.0
2024-04-08,T,-11,104.0,10000.0,0.0,33.0,49.5,0.0,33.0,49.5
2024-04-08,T,-10,104.0,10000.0,0.0,30.0,45.0,0.0,30.0,45.0
2024-04-08,T,-15,104.0,10000.0,0.0,45.0,67.5,0.0,45.0,67.5
2024-04-09,AL,-66,20245.0,5.0,0.0,198.0,297.0,0.0,198.0,297.0
2024-04-09,AP,9,7519.0,10.0,0.0,45.0,67.5,0.0,45.0,67.5
2024-04-09,FG,17,1565.0,20.0,0.0,34.0,51.0,0.0,34.0,51.0
2024-04-09,LH,31,15145.0,16.0,0.0,31.0,46.5,0.0,31.0,46.5
2024-04-09,LH,9,15145.0,16.0,0.0,9.0,13.5,0.0,9.0,13.5
2024-04-09,LH,21,15145.0,16.0,0.0,21.0,31.5,0.0,21.0,31.5
2024-04-09,LH,5,15145.0,16.0,0.0,5.0,7.5,0.0,5.0,7.5
2024-04-09,LH,-102,18285.0,16.0,0.0,102.0,153.0,0.0,102.0,153.0
2024-04-09,M,-25,3328.0,10.0,0.0,37.5,56.25,0.0,37.5,56.25
2024-04-09,MA,36,2493.0,10.0,0.0,36.0,54.0,0.0,36.0,54.0
2024-04-09,P,-9,8226.0,10.0,0.0,22.5,33.75,0.0,22.5,33.75
2024-04-09,RB,100,3559.0,10.0,1e-05,35.59,53.385000000000005,0.0001,355.90000000000003,533.85
2024-04-09,SC,-3,663.8,1000.0,0.0,60.0,90.0,0.0,60.0,90.0
2024-04-10,AL,-22,20225.0,5.0,0.0,66.0,99.0,0.0,66.0,99.0
2024-04-10,AP,3,7573.0,10.0,0.0,15.0,22.5,0.0,15.0,22.5
2024-04-10,FG,146,1568.0,20.0,0.0,292.0,438.0,0.0,292.0,438.0
2024-04-10,FG,31,1568.0,20.0,0.0,62.0,93.0,0.0,62.0,93.0
2024-04-10,FG,83,1568.0,20.0,0.0,166.0,249.0,0.0,166.0,249.0
2024-04-10,FG,29,1568.0,20.0,0.0,58.0,87.0,0.0,58.0,87.0
2024-04-10,FG,-385,1517.0,20.0,0.0,2310.0,3465.0,0.0,2310.0,3465.0
2024-04-10,LH,2,18510.0,16.0,0.0,2.0,3.0,0.0,2.0,3.0
2024-04-10,M,-9,3328.0,10.0,0.0,13.5,20.25,0.0,13.5,20.25
2024-04-10,MA,12,2480.0,10.0,0.0,12.0,18.0,0.0,12.0,18.0
2024-04-10,P,-3,8230.0,10.0,0.0,7.5,11.25,0.0,7.5,11.25
2024-04-10,RB,33,3596.0,10.0,1e-05,11.866800000000001,17.800200000000004,0.0001,118.668,178.002
2024-04-10,SC,-1,665.0,1000.0,0.0,20.0,30.0,0.0,20.0,30.0
2024-04-11,AL,-1087,20465.0,5.0,0.0,3261.0,4891.5,0.0,3261.0,4891.5
2024-04-11,AL,-59,20465.0,5.0,0.0,177.0,265.5,0.0,177.0,265.5
2024-04-11,AL,1505,20510.0,5.0,0.0,4515.0,6772.5,0.0,4515.0,6772.5
2024-04-11,AP,30,7550.0,10.0,0.0,150.0,225.0,0.0,150.0,225.0
2024-04-11,FG,73,1527.0,20.0,0.0,438.0,657.0,0.0,438.0,657.0
2024-04-11,LH,19,18410.0,16.0,0.0,19.0,28.5,0.0,19.0,28.5
2024-04-11,M,-83,3313.0,10.0,0.0,124.5,186.75,0.0,124.5,186.75
2024-04-11,MA,120,2523.0,10.0,0.0,120.0,180.0,0.0,120.0,180.0
2024-04-11,P,-28,8248.0,10.0,0.0,70.0,105.0,0.0,70.0,105.0
2024-04-11,RB,330,3581.0,10.0,1e-05,118.17300000000002,177.25950000000003,0.0001,1181.73,1772.595
2024-04-11,SC,-7,664.5,1000.0,0.0,140.0,210.0,0.0,140.0,210.0
2024-04-12,AL,-165,20420.0,5.0,0.0,495.0,742.5,0.0,495.0,742.5
2024-04-12,AP,14,7562.0,10.0,0.0,70.0,105.0,0.0,70.0,105.0
2024-04-12,FG,35,1492.0,20.0,0.0,210.0,315.0,0.0,210.0,315.0
2024-04-12,LH,9,18160.0,16.0,0.0,9.0,13.5,0.0,9.0,13.5
2024-04-12,M,-39,3280.0,10.0,0.0,58.5,87.75,0.0,58.5,87.75
2024-04-12,MA,57,2516.0,10.0,0.0,57.0,85.5,0.0,57.0,85.5
2024-04-12,P,-54,8216.0,10.0,0.0,135.0,202.5,0.0,135.0,202.5
2024-04-12,P,-62,8216.0,10.0,0.0,155.0,232.5,0.0,155.0,232.5
2024-04-12,P,192,7868.0,10.0,0.0,480.0,720.0,0.0,480.0,720.0
2024-04-12,RB,155,3616.0,10.0,1e-05,56.048,84.072,0.0001,560.48,840.72
2024-04-12,SC,-8,663.7,1000.0,0.0,160.0,240.0,0.0,160.0,240.0
2024-04-12,SC,-19,663.7,1000.0,0.0,380.0,570.0,0.0,380.0,570.0
2024-04-12,SC,57,662.3,1000.0,0.0,1140.0,1710.0,0.0,1140.0,1710.0
2024-04-15,AL,-169,20745.0,5.0,0.0,507.0,760.5,0.0,507.0,760.5
2024-04-15,AP,114,7598.0,10.0,0.0,570.0,855.0,0.0,570.0,855.0
2024-04-15,FG,277,1501.0,20.0,0.0,1662.0,2493.0,0.0,1662.0,2493.0
2024-04-15,JD,-939,3808.0,5.0,0.0,1408.5,2112.75,0.0,1408.5,2112.75
2024-04-15,LH,8,17900.0,16.0,0.0,8.0,12.0,0.0,8.0,12.0
2024-04-15,M,206,3337.0,10.0,0.0,309.0,463.5,0.0,309.0,463.5
2024-04-15,MA,411,2522.0,10.0,0.0,411.0,616.5,0.0,411.0,616.5
2024-04-15,MA,46,2522.0,10.0,0.0,46.0,69.0,0.0,46.0,69.0
2024-04-15,P,-50,7794.0,10.0,0.0,125.0,187.5,0.0,125.0,187.5
2024-04-15,RB,-443,3627.0,10.0,1e-05,160.67610000000002,241.01415000000003,0.0001,1606.7610000000002,2410.1415
2024-04-15,SC,7,675.8,1000.0,0.0,140.0,210.0,0.0,140.0,210.0
2024-04-15,UR,-233,2008.0,20.0,0.0,233.0,349.5,0.0,233.0,349.5
2024-04-17,AL,-4,20180.0,5.0,0.0,12.0,18.0,0.0,12.0,18.0
2024-04-17,JD,4,3768.0,5.0,0.0,6.0,9.0,0.0,6.0,9.0
2024-04-17,LH,1,17740.0,16.0,0.0,1.0,1.5,0.0,1.0,1.5
2024-04-17,M,-2,3378.0,10.0,0.0,3.0,4.5,0.0,3.0,4.5
2024-04-17,P,-1,7566.0,10.0,0.0,2.5,3.75,0.0,2.5,3.75
2024-04-17,RB,6,3607.0,10.0,1e-05,2.1642,3.2463,0.0001,21.642000000000003,32.46300000000001
2024-04-17,SC,-1,661.1,1000.0,0.0,20.0,30.0,0.0,20.0,30.0
2024-04-17,UR,1,2002.0,20.0,0.0,1.0,1.5,0.0,1.0,1.5
2024-04-18,AL,-11,20400.0,5.0,0.0,33.0,49.5,0.0,33.0,49.5
2024-04-18,JD,9,3794.0,5.0,0.0,13.5,20.25,0.0,13.5,20.25
2024-04-18,LH,1,17820.0,16.0,0.0,1.0,1.5,0.0,1.0,1.5
2024-04-18,M,-5,3286.0,10.0,0.0,7.5,11.25,0.0,7.5,11.25
2024-04-18,P,-2,7454.0,10.0,0.0,5.0,7.5,0.0,5.0,7.5
2024-04-18,RB,16,3687.0,10.0,1e-05,5.8992,8.8488,0.0001,58.992000000000004,88.488
2024-04-18,SC,-1,657.4,1000.0,0.0,20.0,30.0,0.0,20.0,30.0
2024-04-18,UR,3,2052.0,20.0,0.0,3.0,4.5,0.0,3.0,4.5
2024-04-19,AL,-26,20470.0,5.0,0.0,78.0,117.0,0.0,78.0,117.0
2024-04-19,JD,21,3792.0,5.0,0.0,31.5,47.25,0.0,31.5,47.25
2024-04-19,LH,2,17990.0,16.0,0.0,2.0,3.0,0.0,2.0,3.0
2024-04-19,M,-12,3306.0,10.0,0.0,18.0,27.0,0.0,18.0,27.0
2024-04-19,P,-4,7416.0,10.0,0.0,10.0,15.0,0.0,10.0,15.0
2024-04-19,RB,38,3681.0,10.0,1e-05,13.987800000000002,20.981700000000004,0.0001,139.87800000000001,209.817
2024-04-19,SC,-2,643.3,1000.0,0.0,40.0,60.0,0.0,40.0,60.0
2024-04-19,UR,6,2048.0,20.0,0.0,6.0,9.0,0.0,6.0,9.0
2024-04-22,CF,383,15855.0,5.0,0.0,1646.8999999999999,2470.35,0.0,1646.8999999999999,2470.35
2024-04-22,FG,-340,1498.0,20.0,0.0,2040.0,3060.0,0.0,2040.0,3060.0
2024-04-22,JD,-128,3848.0,5.0,0.0,192.0,288.0,0.0,192.0,288.0
2024-04-22,LH,-8,18190.0,16.0,0.0,8.0,12.0,0.0,8.0,12.0
2024-04-22,M,12,3353.0,10.0,0.0,18.0,27.0,0.0,18.0,27.0
2024-04-22,P,-135,7336.0,10.0,0.0,337.5,506.25,0.0,337.5,506.25
2024-04-22,RB,1204,3665.0,10.0,1e-05,441.2660000000001,661.8990000000001,0.0001,4412.66,6618.99
2024-04-22,RB,443,3665.0,10.0,1e-05,162.35950000000003,243.53925000000004,0.0001,1623.595,2435.3925
2024-04-22,SC,-31,641.4,1000.0,0.0,620.0,930.0,0.0,620.0,930.0
2024-04-22,T,402,104.655,10000.0,0.0,1206.0,1809.0,0.0,1206.0,1809.0
2024-04-22,UR,223,2072.0,20.0,0.0,223.0,334.5,0.0,223.0,334.5
2024-04-22,UR,594,2072.0,20.0,0.0,594.0,891.0,0.0,594.0,891.0
2024-04-23,T,-1,104.71,10000.0,0.0,3.0,4.5,0.0,3.0,4.5
2024-04-24,T,-1,104.65,10000.0,0.0,3.0,4.5,0.0,3.0,4.5
2024-04-25,T,-43,104.535,10000.0,0.0,129.0,193.5,0.0,129.0,193.5
2024-04-29,AL,-56,20620.0,5.0,0.0,168.0,252.0,0.0,168.0,252.0
2024-04-29,AP,-479,7522.0,10.0,0.0,2395.0,3592.5,0.0,2395.0,3592.5
2024-04-29,CF,-383,15695.0,5.0,0.0,1646.8999999999999,2470.35,0.0,1646.8999999999999,2470.35
2024-04-29,FG,340,1582.0,20.0,0.0,2040.0,3060.0,0.0,2040.0,3060.0
2024-04-29,JD,905,4002.0,5.0,0.0,1357.5,2036.25,0.0,1357.5,2036.25
2024-04-29,JD,128,4002.0,5.0,0.0,192.0,288.0,0.0,192.0,288.0
2024-04-29,M,27,3382.0,10.0,0.0,40.5,60.75,0.0,40.5,60.75
2024-04-29,RU,-103,14185.0,10.0,0.0,309.0,463.5,0.0,309.0,463.5
2024-04-29,SC,-22,655.7,1000.0,0.0,440.0,660.0,0.0,440.0,660.0
2024-04-29,SC,-7,655.7,1000.0,0.0,140.0,210.0,0.0,140.0,210.0
2024-04-29,T,95,103.905,10000.0,0.0,285.0,427.5,0.0,285.0,427.5
2024-04-29,UR,288,2077.0,20.0,0.0,288.0,432.0,0.0,288.0,432.0
2024-04-30,T,-22,104.015,10000.0,0.0,66.0,99.0,0.0,66.0,99.0
2024-05-06,AL,-135,20480.0,5.0,0.0,405.0,607.5,0.0,405.0,607.5
2024-05-06,AP,59,7559.0,10.0,0.0,295.0,442.5,0.0,295.0,442.5
2024-05-06,FG,-304,1526.0,20.0,0.0,1824.0,2736.0,0.0,1824.0,2736.0
2024-05-06,LH,9,17310.0,16.0,0.0,9.0,13.5,0.0,9.0,13.5
2024-05-06,M,-43,3472.0,10.0,0.0,64.5,96.75,0.0,64.5,96.75
2024-05-06,RB,-1954,3671.0,10.0,1e-05,717.3134000000001,1075.9701000000002,0.0001,7173.134000000001,10759.701000000001
2024-05-06,RU,9,14015.0,10.0,0.0,27.0,40.5,0.0,27.0,40.5
2024-05-06,T,-178,104.11,10000.0,0.0,534.0,801.0,0.0,534.0,801.0
2024-05-06,UR,-225,2066.0,20.0,0.0,225.0,337.5,0.0,225.0,337.5
2024-05-13,AL,59,20610.0,5.0,0.0,177.0,265.5,0.0,177.0,265.5
2024-05-13,AP,118,7445.0,10.0,0.0,590.0,885.0,0.0,590.0,885.0
2024-05-13,FG,-65,1612.0,20.0,0.0,390.0,585.0,0.0,390.0,585.0
2024-05-13,LH,-4,17980.0,16.0,0.0,4.0,6.0,0.0,4.0,6.0
2024-05-13,M,472,3526.0,10.0,0.0,708.0,1062.0,0.0,708.0,1062.0
2024-05-13,RB,1954,3659.0,10.0,1e-05,714.9686,1072.4529,0.0001,7149.686000000001,10724.529
2024-05-13,RU,-33,14105.0,10.0,0.0,99.0,148.5,0.0,99.0,148.5
2024-05-13,T,193,104.405,10000.0,0.0,579.0,868.5,0.0,579.0,868.5
2024-05-20,AL,-939,20930.0,5.0,0.0,2817.0,4225.5,0.0,2817.0,4225.5
2024-05-20,AL,-59,20930.0,5.0,0.0,177.0,265.5,0.0,177.0,265.5
2024-05-20,AL,1176,20975.0,5.0,0.0,3528.0,5292.0,0.0,3528.0,5292.0
2024-05-20,AP,302,7540.0,10.0,0.0,1510.0,2265.0,0.0,1510.0,2265.0
2024-05-20,CF,-333,15235.0,5.0,0.0,1431.8999999999999,2147.85,0.0,1431.8999999999999,2147.85
2024-05-20,FG,304,1643.0,20.0,0.0,1824.0,2736.0,0.0,1824.0,2736.0
2024-05-20,FG,65,1643.0,20.0,0.0,390.0,585.0,0.0,390.0,585.0
2024-05-20,LH,-10,18240.0,16.0,0.0,10.0,15.0,0.0,10.0,15.0
2024-05-20,M,120,3592.0,10.0,0.0,180.0,270.0,0.0,180.0,270.0
2024-05-20,SC,50,618.6,1000.0,0.0,1000.0,1500.0,0.0,1000.0,1500.0
2024-05-20,T,-139,104.305,10000.0,0.0,417.0,625.5,0.0,417.0,625.5
2024-05-20,UR,-235,2136.0,20.0,0.0,235.0,352.5,0.0,235.0,352.5
2024-05-21,T,-18,104.245,10000.0,0.0,54.0,81.0,0.0,54.0,81.0
2024-05-21,T,-95,104.245,10000.0,0.0,285.0,427.5,0.0,285.0,427.5
2024-05-21,T,-193,104.245,10000.0,0.0,579.0,868.5,0.0,579.0,868.5
2024-05-21,T,328,104.175,10000.0,0.0,984.0,1476.0,0.0,984.0,1476.0
2024-05-24,T,-18,104.36,10000.0,0.0,54.0,81.0,0.0,54.0,81.0
2024-05-27,AL,-370,20970.0,5.0,0.0,1110.0,1665.0,0.0,1110.0,1665.0
2024-05-27,FG,312,1722.0,20.0,0.0,1872.0,2808.0,0.0,1872.0,2808.0
2024-05-27,LH,3,18315.0,16.0,0.0,3.0,4.5,0.0,3.0,4.5
2024-05-27,RB,1912,3787.0,10.0,1e-05,724.0744000000001,1086.1116000000002,0.0001,7240.744000000001,10861.116000000002
2024-05-27,RU,94,15030.0,10.0,0.0,282.0,423.0,0.0,282.0,423.0
2024-05-27,RU,33,15030.0,10.0,0.0,99.0,148.5,0.0,99.0,148.5
2024-05-27,SC,-50,600.1,1000.0,0.0,1000.0,1500.0,0.0,1000.0,1500.0
2024-05-27,SC,-20,600.1,1000.0,0.0,400.0,600.0,0.0,400.0,600.0
2024-05-27,T,-310,104.325,10000.0,0.0,930.0,1395.0,0.0,930.0,1395.0
2024-05-27,UR,46,2203.0,20.0,0.0,46.0,69.0,0.0,46.0,69.0
2024-06-03,RB,-1912,3705.0,10.0,1e-05,708.3960000000001,1062.594,0.0001,7083.96,10625.94
2024-06-03,SC,-3,607.3,1000.0,0.0,60.0,90.0,0.0,60.0,90.0
2024-06-03,UR,94,2153.0,20.0,0.0,94.0,141.0,0.0,94.0,141.0
2024-06-11,AL,-64,21015.0,5.0,0.0,192.0,288.0,0.0,192.0,288.0
2024-06-11,CF,32,14970.0,5.0,0.0,137.6,206.39999999999998,0.0,137.6,206.39999999999998
2024-06-11,FG,-312,1708.0,20.0,0.0,1872.0,2808.0,0.0,1872.0,2808.0
2024-06-11,LH,2,18150.0,16.0,0.0,2.0,3.0,0.0,2.0,3.0
2024-06-11,M,-255,3496.0,10.0,0.0,382.5,573.75,0.0,382.5,573.75
2024-06-11,M,-206,3496.0,10.0,0.0,309.0,463.5,0.0,309.0,463.5
2024-06-11,M,-12,3496.0,10.0,0.0,18.0,27.0,0.0,18.0,27.0
2024-06-11,M,-27,3496.0,10.0,0.0,40.5,60.75,0.0,40.5,60.75
2024-06-11,M,-5,3496.0,10.0,0.0,7.5,11.25,0.0,7.5,11.25
2024-06-11,P,144,7734.0,10.0,0.0,360.0,540.0,0.0,360.0,540.0
2024-06-11,RB,1990,3641.0,10.0,1e-05,724.5590000000001,1086.8385,0.0001,7245.59,10868.385
2024-06-11,RU,72,16010.0,10.0,0.0,216.0,324.0,0.0,216.0,324.0
2024-06-11,SC,4,599.0,1000.0,0.0,80.0,120.0,0.0,80.0,120.0
2024-06-11,T,336,104.705,10000.0,0.0,1008.0,1512.0,0.0,1008.0,1512.0
2024-06-12,SC,16,598.1,1000.0,0.0,320.0,480.0,0.0,320.0,480.0
2024-06-12,SC,3,598.1,1000.0,0.0,60.0,90.0,0.0,60.0,90.0
2024-06-12,SC,-14,596.2,1000.0,0.0,280.0,420.0,0.0,280.0,420.0
2024-06-12,T,-34,104.765,10000.0,0.0,102.0,153.0,0.0,102.0,153.0
2024-06-13,T,-29,104.73,10000.0,0.0,87.0,130.5,0.0,87.0,130.5
2024-06-17,AL,-16,20505.0,5.0,0.0,48.0,72.0,0.0,48.0,72.0
2024-06-17,AP,-220,7058.0,10.0,0.0,1100.0,1650.0,0.0,1100.0,1650.0
2024-06-17,CF,301,14825.0,5.0,0.0,1294.3,1941.4499999999998,0.0,1294.3,1941.4499999999998
2024-06-17,LH,15,17890.0,16.0,0.0,15.0,22.5,0.0,15.0,22.5
2024-06-17,M,-54,3453.0,10.0,0.0,81.0,121.5,0.0,81.0,121.5
2024-06-17,RB,-1990,3636.0,10.0,1e-05,723.5640000000001,1085.346,0.0001,7235.64,10853.460000000001
2024-06-17,RB,-1920,3636.0,10.0,1e-05,698.1120000000001,1047.1680000000001,0.0001,6981.12,10471.68
2024-06-17,SC,-4,605.0,1000.0,0.0,80.0,120.0,0.0,80.0,120.0
2024-06-17,T,72,104.715,10000.0,0.0,216.0,324.0,0.0,216.0,324.0
2024-06-17,UR,-26,2092.0,20.0,0.0,26.0,39.0,0.0,26.0,39.0
2024-06-18,AL,-726,20230.0,5.0,0.0,2178.0,3267.0,0.0,2178.0,3267.0
2024-06-18,AL,638,20260.0,5.0,0.0,1914.0,2871.0,0.0,1914.0,2871.0
2024-06-24,AL,-638,20425.0,5.0,0.0,1914.0,2871.0,0.0,1914.0,2871.0
2024-06-24,RB,-44,3559.0,10.0,1e-05,15.659600000000003,23.489400000000003,0.0001,156.596,234.894
2024-06-24,SC,14,619.3,1000.0,0.0,280.0,420.0,0.0,280.0,420.0
2024-06-24,SC,4,619.3,1000.0,0.0,80.0,120.0,0.0,80.0,120.0
2024-06-24,SP,-287,5868.0,10.0,5e-06,84.20580000000001,126.30870000000002,5e-05,842.058,1263.087
2024-06-24,T,214,104.905,10000.0,0.0,642.0,963.0,0.0,642.0,963.0
2024-07-01,AP,220,6887.0,10.0,0.0,1100.0,1650.0,0.0,1100.0,1650.0
2024-07-01,LH,-1,17550.0,16.0,0.0,1.0,1.5,0.0,1.0,1.5
2024-07-01,M,-413,3373.0,10.0,0.0,619.5,929.25,0.0,619.5,929.25
2024-07-01,M,-120,3373.0,10.0,0.0,180.0,270.0,0.0,180.0,270.0
2024-07-01,P,27,7658.0,10.0,0.0,67.5,101.25,0.0,67.5,101.25
2024-07-01,RB,-217,3546.0,10.0,1e-05,76.9482,115.4223,0.0001,769.4820000000001,1154.2230000000002
2024-07-01,RU,-72,14945.0,10.0,0.0,216.0,324.0,0.0,216.0,324.0
2024-07-01,SC,20,627.0,1000.0,0.0,400.0,600.0,0.0,400.0,600.0
2024-07-01,SP,-28,5970.0,10.0,5e-06,8.358,12.537,5e-05,83.58000000000001,125.37000000000002
2024-07-01,T,57,105.36,10000.0,0.0,171.0,256.5,0.0,171.0,256.5
2024-07-01,UR,6,2125.0,20.0,0.0,6.0,9.0,0.0,6.0,9.0
2024-07-08,AP,-426,6835.0,10.0,0.0,2130.0,3195.0,0.0,2130.0,3195.0
2024-07-08,C,1384,2471.0,10.0,0.0,1660.8,2491.2,0.0,1660.8,2491.2
2024-07-08,LH,31,17990.0,16.0,0.0,31.0,46.5,0.0,31.0,46.5
2024-07-08,LH,8,17990.0,16.0,0.0,8.0,12.0,0.0,8.0,12.0
2024-07-08,LH,4,17990.0,16.0,0.0,4.0,6.0,0.0,4.0,6.0
2024-07-08,LH,10,17990.0,16.0,0.0,10.0,15.0,0.0,10.0,15.0
2024-07-08,LH,1,17990.0,16.0,0.0,1.0,1.5,0.0,1.0,1.5
2024-07-08,M,490,3340.0,10.0,0.0,735.0,1102.5,0.0,735.0,1102.5
2024-07-08,P,-144,7946.0,10.0,0.0,360.0,540.0,0.0,360.0,540.0
2024-07-08,P,-27,7946.0,10.0,0.0,67.5,101.25,0.0,67.5,101.25
2024-07-08,T,-52,104.995,10000.0,0.0,156.0,234.0,0.0,156.0,234.0
2024-07-09,T,-6,105.005,10000.0,0.0,18.0,27.0,0.0,18.0,27.0
2024-07-15,AP,426,6967.0,10.0,0.0,2130.0,3195.0,0.0,2130.0,3195.0
2024-07-15,C,-1384,2406.0,10.0,0.0,1660.8,2491.2,0.0,1660.8,2491.2
2024-07-15,FG,-357,1468.0,20.0,0.0,2142.0,3213.0,0.0,2142.0,3213.0
2024-07-15,JD,1009,3962.0,5.0,0.0,1513.5,2270.25,0.0,1513.5,2270.25
2024-07-15,LH,-54,18005.0,16.0,0.0,54.0,81.0,0.0,54.0,81.0
2024-07-15,M,-490,3168.0,10.0,0.0,735.0,1102.5,0.0,735.0,1102.5
2024-07-15,RB,-240,3522.0,10.0,1e-05,84.528,126.792,0.0001,845.2800000000001,1267.92
2024-07-15,SC,-20,623.4,1000.0,0.0,400.0,600.0,0.0,400.0,600.0
2024-07-15,SC,25,622.0,1000.0,0.0,500.0,750.0,0.0,500.0,750.0
2024-07-15,SP,287,5752.0,10.0,5e-06,82.5412,123.8118,5e-05,825.4120000000001,1238.1180000000002
2024-07-15,SP,28,5752.0,10.0,5e-06,8.052800000000001,12.079200000000002,5e-05,80.528,120.792
2024-07-15,UR,74,2067.0,20.0,0.0,74.0,111.0,0.0,74.0,111.0
2024-07-22,C,-1675,2396.0,10.0,0.0,2010.0,3015.0,0.0,2010.0,3015.0
2024-07-22,FG,-46,1437.0,20.0,0.0,276.0,414.0,0.0,276.0,414.0
2024-07-22,JD,-1009,3963.0,5.0,0.0,1513.5,2270.25,0.0,1513.5,2270.25
2024-07-22,LH,54,18405.0,16.0,0.0,54.0,81.0,0.0,54.0,81.0
2024-07-22,M,-587,3155.0,10.0,0.0,880.5,1320.75,0.0,880.5,1320.75
2024-07-22,P,405,7896.0,10.0,0.0,1012.5,1518.75,0.0,1012.5,1518.75
2024-07-22,RB,-78,3472.0,10.0,1e-05,27.0816,40.6224,0.0001,270.816,406.22399999999993
2024-07-22,T,-50,105.595,10000.0,0.0,150.0,225.0,0.0,150.0,225.0
2024-07-22,UR,25,2025.0,20.0,0.0,25.0,37.5,0.0,25.0,37.5
2024-07-29,FG,-740,1386.0,20.0,0.0,4440.0,6660.0,0.0,4440.0,6660.0
2024-07-29,LH,53,18395.0,16.0,0.0,53.0,79.5,0.0,53.0,79.5
2024-07-29,P,-193,7836.0,10.0,0.0,482.5,723.75,0.0,482.5,723.75
2024-07-29,SC,-25,588.5,1000.0,0.0,500.0,750.0,0.0,500.0,750.0
2024-07-29,T,17,105.965,10000.0,0.0,51.0,76.5,0.0,51.0,76.5
2024-07-29,UR,-108,1990.0,20.0,0.0,108.0,162.0,0.0,108.0,162.0
2024-07-29,UR,-186,1990.0,20.0,0.0,186.0,279.0,0.0,186.0,279.0
2024-08-05,AP,-278,6838.0,10.0,0.0,1390.0,2085.0,0.0,1390.0,2085.0
2024-08-05,FG,-3,1366.0,20.0,0.0,18.0,27.0,0.0,18.0,27.0
2024-08-05,LH,6,19215.0,16.0,0.0,6.0,9.0,0.0,6.0,9.0
2024-08-05,M,587,3086.0,10.0,0.0,880.5,1320.75,0.0,880.5,1320.75
2024-08-05,T,113,106.4,10000.0,0.0,339.0,508.5,0.0,339.0,508.5
2024-08-08,LH,-53,19170.0,16.0,0.0,53.0,79.5,0.0,53.0,79.5
2024-08-08,LH,-6,19170.0,16.0,0.0,6.0,9.0,0.0,6.0,9.0
2024-08-08,LH,69,18200.0,16.0,0.0,69.0,103.5,0.0,69.0,103.5
2024-08-12,AP,278,6972.0,10.0,0.0,1390.0,2085.0,0.0,1390.0,2085.0
2024-08-12,C,205,2321.0,10.0,0.0,246.0,369.0,0.0,246.0,369.0
2024-08-12,CF,-236,13640.0,5.0,0.0,1014.8,1522.1999999999998,0.0,1014.8,1522.1999999999998
2024-08-12,FG,-140,1309.0,20.0,0.0,840.0,1260.0,0.0,840.0,1260.0
2024-08-12,P,-2,7744.0,10.0,0.0,5.0,7.5,0.0,5.0,7.5
2024-08-12,RU,124,15900.0,10.0,0.0,372.0,558.0,0.0,372.0,558.0
2024-08-12,T,-87,105.495,10000.0,0.0,261.0,391.5,0.0,261.0,391.5
2024-08-12,UR,-102,2035.0,20.0,0.0,102.0,153.0,0.0,102.0,153.0
2024-08-12,UR,-46,2035.0,20.0,0.0,46.0,69.0,0.0,46.0,69.0
2024-08-12,UR,-94,2035.0,20.0,0.0,94.0,141.0,0.0,94.0,141.0
2024-08-12,UR,-6,2035.0,20.0,0.0,6.0,9.0,0.0,6.0,9.0
2024-08-12,UR,-74,2035.0,20.0,0.0,74.0,111.0,0.0,74.0,111.0
2024-08-12,UR,-25,2035.0,20.0,0.0,25.0,37.5,0.0,25.0,37.5
2024-08-15,P,-210,7596.0,10.0,0.0,525.0,787.5,0.0,525.0,787.5
2024-08-15,P,191,7460.0,10.0,0.0,477.5,716.25,0.0,477.5,716.25
2024-08-16,CF,236,13340.0,5.0,0.0,1014.8,1522.1999999999998,0.0,1014.8,1522.1999999999998
2024-08-16,CF,-268,13405.0,5.0,0.0,1152.3999999999999,1728.6,0.0,1152.3999999999999,1728.6
2024-08-19,C,1470,2301.0,10.0,0.0,1764.0,2646.0,0.0,1764.0,2646.0
2024-08-19,CF,-23,13290.0,5.0,0.0,98.89999999999999,148.35,0.0,98.89999999999999,148.35
2024-08-19,FG,30,1241.0,20.0,0.0,180.0,270.0,0.0,180.0,270.0
2024-08-19,LH,1,18385.0,16.0,0.0,1.0,1.5,0.0,1.0,1.5
2024-08-19,M,-648,2929.0,10.0,0.0,972.0,1458.0,0.0,972.0,1458.0
2024-08-19,P,22,7454.0,10.0,0.0,55.0,82.5,0.0,55.0,82.5
2024-08-19,RU,162,16015.0,10.0,0.0,486.0,729.0,0.0,486.0,729.0
2024-08-19,T,-59,105.675,10000.0,0.0,177.0,265.5,0.0,177.0,265.5
2024-08-21,FG,327,1251.0,20.0,0.0,654.0,981.0,0.0,654.0,981.0
2024-08-21,FG,46,1251.0,20.0,0.0,92.0,138.0,0.0,92.0,138.0
2024-08-21,FG,740,1251.0,20.0,0.0,1480.0,2220.0,0.0,1480.0,2220.0
2024-08-21,FG,3,1251.0,20.0,0.0,6.0,9.0,0.0,6.0,9.0
2024-08-21,FG,140,1251.0,20.0,0.0,280.0,420.0,0.0,280.0,420.0
2024-08-21,FG,-1156,1302.0,20.0,0.0,6936.0,10404.0,0.0,6936.0,10404.0
2024-08-21,T,-19,105.775,10000.0,0.0,57.0,85.5,0.0,57.0,85.5
2024-08-21,T,-72,105.775,10000.0,0.0,216.0,324.0,0.0,216.0,324.0
2024-08-21,T,-214,105.775,10000.0,0.0,642.0,963.0,0.0,642.0,963.0
2024-08-21,T,-57,105.775,10000.0,0.0,171.0,256.5,0.0,171.0,256.5
2024-08-21,T,-17,105.775,10000.0,0.0,51.0,76.5,0.0,51.0,76.5
2024-08-21,T,-113,105.775,10000.0,0.0,339.0,508.5,0.0,339.0,508.5
2024-08-21,T,474,105.78,10000.0,0.0,1422.0,2133.0,0.0,1422.0,2133.0
2024-08-26,CF,-348,13590.0,5.0,0.0,1496.3999999999999,2244.6,0.0,1496.3999999999999,2244.6
2024-08-26,FG,66,1253.0,20.0,0.0,396.0,594.0,0.0,396.0,594.0
2024-08-26,M,648,2932.0,10.0,0.0,972.0,1458.0,0.0,972.0,1458.0
2024-08-26,P,12,7864.0,10.0,0.0,30.0,45.0,0.0,30.0,45.0
2024-08-26,RB,23,3162.0,10.0,1e-05,7.272600000000001,10.908900000000001,0.0001,72.72600000000001,109.08900000000003
2024-08-26,RU,22,16410.0,10.0,0.0,66.0,99.0,0.0,66.0,99.0
2024-09-02,AL,1099,19850.0,5.0,0.0,3297.0,4945.5,0.0,3297.0,4945.5
2024-09-02,CF,268,13785.0,5.0,0.0,1152.3999999999999,1728.6,0.0,1152.3999999999999,1728.6
2024-09-02,FG,80,1266.0,20.0,0.0,480.0,720.0,0.0,480.0,720.0
2024-09-02,LH,-6,18230.0,16.0,0.0,6.0,9.0,0.0,6.0,9.0
2024-09-02,P,-17,8076.0,10.0,0.0,42.5,63.75,0.0,42.5,63.75
2024-09-02,RB,367,3230.0,10.0,1e-05,118.541,177.8115,0.0001,1185.41,1778.1150000000002
2024-09-02,RU,-18,16610.0,10.0,0.0,54.0,81.0,0.0,54.0,81.0
2024-09-02,SR,-544,5649.0,10.0,0.0,1632.0,2448.0,0.0,1632.0,2448.0
2024-09-02,T,-179,105.885,10000.0,0.0,537.0,805.5,0.0,537.0,805.5
2024-09-04,RB,1530,3101.0,10.0,1e-05,474.4530000000001,711.6795000000002,0.0001,4744.53,7116.795
2024-09-04,RB,44,3101.0,10.0,1e-05,13.644400000000001,20.4666,0.0001,136.444,204.666
2024-09-04,RB,217,3101.0,10.0,1e-05,67.2917,100.93755000000002,0.0001,672.917,1009.3755000000001
2024-09-04,RB,240,3101.0,10.0,1e-05,74.424,111.63600000000001,0.0001,744.24,1116.3600000000001
2024-09-04,RB,78,3101.0,10.0,1e-05,24.187800000000003,36.2817,0.0001,241.878,362.817
2024-09-04,RB,-2156,3138.0,10.0,1e-05,676.5528,1014.8292000000001,0.0001,6765.528000000001,10148.292000000001
2024-09-09,AL,177,19335.0,5.0,0.0,531.0,796.5,0.0,531.0,796.5
2024-09-09,CF,1,13490.0,5.0,0.0,4.3,6.449999999999999,0.0,4.3,6.449999999999999
2024-09-09,FG,3,1132.0,20.0,0.0,18.0,27.0,0.0,18.0,27.0
2024-09-09,LH,16,18250.0,16.0,0.0,16.0,24.0,0.0,16.0,24.0
2024-09-09,P,27,7894.0,10.0,0.0,67.5,101.25,0.0,67.5,101.25
2024-09-09,RB,-41,3059.0,10.0,1e-05,12.5419,18.81285,0.0001,125.41900000000001,188.12850000000003
2024-09-09,RU,-1,16595.0,10.0,0.0,3.0,4.5,0.0,3.0,4.5
2024-09-09,SR,-126,5645.0,10.0,0.0,378.0,567.0,0.0,378.0,567.0
2024-09-09,T,-295,106.285,10000.0,0.0,885.0,1327.5,0.0,885.0,1327.5
2024-09-18,AL,14,19905.0,5.0,0.0,42.0,63.0,0.0,42.0,63.0
2024-09-18,C,-1328,2188.0,10.0,0.0,1593.6,2390.3999999999996,0.0,1593.6,2390.3999999999996
2024-09-18,CF,22,13660.0,5.0,0.0,94.6,141.89999999999998,0.0,94.6,141.89999999999998
2024-09-18,CF,348,13660.0,5.0,0.0,1496.3999999999999,2244.6,0.0,1496.3999999999999,2244.6
2024-09-18,FG,14,1018.0,20.0,0.0,84.0,126.0,0.0,84.0,126.0
2024-09-18,JD,1360,3553.0,5.0,0.0,2040.0,3060.0,0.0,2040.0,3060.0
2024-09-18,LH,-63,17620.0,16.0,0.0,63.0,94.5,0.0,63.0,94.5
2024-09-18,LH,-1,17620.0,16.0,0.0,1.0,1.5,0.0,1.0,1.5
2024-09-18,LH,-16,17620.0,16.0,0.0,16.0,24.0,0.0,16.0,24.0
2024-09-18,P,33,7792.0,10.0,0.0,82.5,123.75,0.0,82.5,123.75
2024-09-18,RB,-65,3184.0,10.0,1e-05,20.696,31.044000000000004,0.0001,206.96,310.44
2024-09-18,RU,-10,17490.0,10.0,0.0,30.0,45.0,0.0,30.0,45.0
2024-09-18,SR,-21,5744.0,10.0,0.0,63.0,94.5,0.0,63.0,94.5
2024-09-18,T,317,106.95,10000.0,0.0,951.0,1426.5,0.0,951.0,1426.5
2024-09-20,AL,-1099,20025.0,5.0,0.0,3297.0,4945.5,0.0,3297.0,4945.5
2024-09-20,AL,-177,20025.0,5.0,0.0,531.0,796.5,0.0,531.0,796.5
2024-09-20,AL,-14,20025.0,5.0,0.0,42.0,63.0,0.0,42.0,63.0
2024-09-20,AL,1483,20120.0,5.0,0.0,4449.0,6673.5,0.0,4449.0,6673.5
2024-09-20,C,63,2176.0,10.0,0.0,75.6,113.39999999999999,0.0,75.6,113.39999999999999
2024-09-20,FG,48,1068.0,20.0,0.0,288.0,432.0,0.0,288.0,432.0
2024-09-20,JD,-65,3572.0,5.0,0.0,97.5,146.25,0.0,97.5,146.25
2024-09-20,P,-13,8120.0,10.0,0.0,32.5,48.75,0.0,32.5,48.75
2024-09-20,RB,108,3211.0,10.0,1e-05,34.6788,52.01820000000001,0.0001,346.788,520.182
2024-09-20,RU,-14,18035.0,10.0,0.0,42.0,63.0,0.0,42.0,63.0
2024-09-20,SR,33,5800.0,10.0,0.0,99.0,148.5,0.0,99.0,148.5
2024-09-23,AL,-42,19975.0,5.0,0.0,126.0,189.0,0.0,126.0,189.0
2024-09-23,C,-253,2156.0,10.0,0.0,303.59999999999997,455.4,0.0,303.59999999999997,455.4
2024-09-23,FG,-65,1032.0,20.0,0.0,390.0,585.0,0.0,390.0,585.0
2024-09-23,JD,-1295,3625.0,5.0,0.0,1942.5,2913.75,0.0,1942.5,2913.75
2024-09-23,LH,-87,17290.0,16.0,0.0,87.0,130.5,0.0,87.0,130.5
2024-09-23,M,727,3052.0,10.0,0.0,1090.5,1635.75,0.0,1090.5,1635.75
2024-09-23,RB,-280,3162.0,10.0,1e-05,88.53600000000002,132.80400000000003,0.0001,885.3600000000001,1328.0400000000002
2024-09-23,RU,-8,17840.0,10.0,0.0,24.0,36.0,0.0,24.0,36.0
2024-09-23,SR,511,5857.0,10.0,0.0,1533.0,2299.5,0.0,1533.0,2299.5
2024-09-23,SR,126,5857.0,10.0,0.0,378.0,567.0,0.0,378.0,567.0
2024-09-23,SR,21,5857.0,10.0,0.0,63.0,94.5,0.0,63.0,94.5
2024-09-23,T,14,107.035,10000.0,0.0,42.0,63.0,0.0,42.0,63.0
2024-09-25,AL,-11,20060.0,5.0,0.0,33.0,49.5,0.0,33.0,49.5
2024-09-25,C,12,2159.0,10.0,0.0,14.399999999999999,21.599999999999998,0.0,14.399999999999999,21.599999999999998
2024-09-25,FG,8,1119.0,20.0,0.0,48.0,72.0,0.0,48.0,72.0
2024-09-25,LH,1,17320.0,16.0,0.0,1.0,1.5,0.0,1.0,1.5
2024-09-25,M,-6,3125.0,10.0,0.0,9.0,13.5,0.0,9.0,13.5
2024-09-25,P,-2,8294.0,10.0,0.0,5.0,7.5,0.0,5.0,7.5
2024-09-25,RB,19,3221.0,10.0,1e-05,6.119900000000001,9.179850000000002,0.0001,61.199,91.79849999999999
2024-09-25,RU,-2,18275.0,10.0,0.0,6.0,9.0,0.0,6.0,9.0
2024-09-25,T,-5,106.69,10000.0,0.0,15.0,22.5,0.0,15.0,22.5
2024-09-26,AL,-6,20005.0,5.0,0.0,18.0,27.0,0.0,18.0,27.0
2024-09-26,C,7,2133.0,10.0,0.0,8.4,12.600000000000001,0.0,8.4,12.600000000000001
2024-09-26,FG,5,1125.0,20.0,0.0,30.0,45.0,0.0,30.0,45.0
2024-09-26,LH,1,16915.0,16.0,0.0,1.0,1.5,0.0,1.0,1.5
2024-09-26,M,-3,3046.0,10.0,0.0,4.5,6.75,0.0,4.5,6.75
2024-09-26,P,-2,8388.0,10.0,0.0,5.0,7.5,0.0,5.0,7.5
2024-09-26,RB,10,3224.0,10.0,1e-05,3.224,4.836,0.0001,32.24,48.36
2024-09-26,RU,-2,18190.0,10.0,0.0,6.0,9.0,0.0,6.0,9.0
2024-09-27,AL,-3,20290.0,5.0,0.0,9.0,13.5,0.0,9.0,13.5
2024-09-27,C,3,2154.0,10.0,0.0,3.5999999999999996,5.3999999999999995,0.0,3.5999999999999996,5.3999999999999995
2024-09-27,FG,2,1162.0,20.0,0.0,12.0,18.0,0.0,12.0,18.0
2024-09-27,LH,1,16865.0,16.0,0.0,1.0,1.5,0.0,1.0,1.5
2024-09-27,M,-2,3125.0,10.0,0.0,3.0,4.5,0.0,3.0,4.5
2024-09-27,P,-1,8636.0,10.0,0.0,2.5,3.75,0.0,2.5,3.75
2024-09-27,RB,5,3306.0,10.0,1e-05,1.653,2.4795,0.0001,16.53,24.795
2024-09-27,RU,-1,18580.0,10.0,0.0,3.0,4.5,0.0,3.0,4.5
2024-09-30,AL,-79,20350.0,5.0,0.0,237.0,355.5,0.0,237.0,355.5
2024-09-30,C,-1024,2177.0,10.0,0.0,1228.8,1843.1999999999998,0.0,1228.8,1843.1999999999998
2024-09-30,FG,89,1207.0,20.0,0.0,534.0,801.0,0.0,534.0,801.0
2024-09-30,JD,1195,3535.0,5.0,0.0,1792.5,2688.75,0.0,1792.5,2688.75
2024-09-30,LH,84,16940.0,16.0,0.0,84.0,126.0,0.0,84.0,126.0
2024-09-30,M,-716,3083.0,10.0,0.0,1074.0,1611.0,0.0,1074.0,1611.0
2024-09-30,RB,248,3342.0,10.0,1e-05,82.88160000000002,124.32240000000003,0.0001,828.816,1243.2240000000002
2024-09-30,RU,-38,18540.0,10.0,0.0,114.0,171.0,0.0,114.0,171.0
2024-10-08,AL,-1342,20595.0,5.0,0.0,4026.0,6039.0,0.0,4026.0,6039.0
2024-10-08,C,152,2222.0,10.0,0.0,182.4,273.6,0.0,182.4,273.6
2024-10-08,FG,556,1340.0,20.0,0.0,3336.0,5004.0,0.0,3336.0,5004.0
2024-10-08,JD,-1195,3527.0,5.0,0.0,1792.5,2688.75,0.0,1792.5,2688.75
2024-10-08,RB,704,3681.0,10.0,1e-05,259.1424,388.71360000000004,0.0001,2591.424,3887.136
2024-10-08,RU,-30,19805.0,10.0,0.0,90.0,135.0,0.0,90.0,135.0
2024-10-08,RU,-38,19805.0,10.0,0.0,114.0,171.0,0.0,114.0,171.0
2024-10-08,SR,590,5915.0,10.0,0.0,1770.0,2655.0,0.0,1770.0,2655.0
2024-10-08,UR,-433,1936.0,20.0,0.0,433.0,649.5,0.0,433.0,649.5
2024-10-11,C,1091,2184.0,10.0,0.0,1309.2,1963.8000000000002,0.0,1309.2,1963.8000000000002
2024-10-11,C,253,2184.0,10.0,0.0,303.59999999999997,455.4,0.0,303.59999999999997,455.4
2024-10-11,C,1024,2184.0,10.0,0.0,1228.8,1843.1999999999998,0.0,1228.8,1843.1999999999998
2024-10-11,C,-2130,2207.0,10.0,0.0,2556.0,3834.0,0.0,2556.0,3834.0
2024-10-14,AL,1036,20945.0,5.0,0.0,3108.0,4662.0,0.0,3108.0,4662.0
2024-10-14,FG,24,1186.0,20.0,0.0,144.0,216.0,0.0,144.0,216.0
2024-10-14,RB,1062,3473.0,10.0,1e-05,368.83260000000007,553.2489,0.0001,3688.3260000000005,5532.4890000000005
2024-10-14,RB,41,3473.0,10.0,1e-05,14.239300000000002,21.358950000000004,0.0001,142.393,213.5895
2024-10-14,RB,65,3473.0,10.0,1e-05,22.574500000000004,33.86175000000001,0.0001,225.74500000000003,338.61750000000006
2024-10-14,RB,280,3473.0,10.0,1e-05,97.24400000000001,145.866,0.0001,972.44,1458.66
2024-10-14,RU,-27,18210.0,10.0,0.0,81.0,121.5,0.0,81.0,121.5
2024-10-14,SC,-16,570.8,1000.0,0.0,320.0,480.0,0.0,320.0,480.0
2024-10-14,SR,-117,5946.0,10.0,0.0,351.0,526.5,0.0,351.0,526.5
2024-10-14,T,-312,106.03,10000.0,0.0,936.0,1404.0,0.0,936.0,1404.0
2024-10-14,T,-14,106.03,10000.0,0.0,42.0,63.0,0.0,42.0,63.0
2024-10-14,UR,433,1827.0,20.0,0.0,433.0,649.5,0.0,433.0,649.5
2024-10-15,SC,16,561.8,1000.0,0.0,320.0,480.0,0.0,320.0,480.0
2024-10-15,SC,-17,551.7,1000.0,0.0,340.0,510.0,0.0,340.0,510.0
2024-10-21,AL,-1036,20690.0,5.0,0.0,3108.0,4662.0,0.0,3108.0,4662.0
2024-10-21,AL,1169,20745.0,5.0,0.0,3507.0,5260.5,0.0,3507.0,5260.5
2024-10-21,C,709,2197.0,10.0,0.0,850.8,1276.1999999999998,0.0,850.8,1276.1999999999998
2024-10-21,FG,51,1232.0,20.0,0.0,306.0,459.0,0.0,306.0,459.0
2024-10-21,LH,-62,15145.0,16.0,0.0,62.0,93.0,0.0,62.0,93.0
2024-10-21,P,190,8804.0,10.0,0.0,475.0,712.5,0.0,475.0,712.5
2024-10-21,SC,17,532.8,1000.0,0.0,340.0,510.0,0.0,340.0,510.0
2024-10-21,SR,-473,5883.0,10.0,0.0,1419.0,2128.5,0.0,1419.0,2128.5
2024-10-21,UR,-426,1813.0,20.0,0.0,426.0,639.0,0.0,426.0,639.0
2024-10-28,C,10,2223.0,10.0,0.0,12.0,18.0,0.0,12.0,18.0
2024-10-28,FG,210,1343.0,20.0,0.0,2100.0,3150.0,0.0,2100.0,3150.0
2024-10-28,FG,65,1343.0,20.0,0.0,650.0,975.0,0.0,650.0,975.0
2024-10-28,LH,-12,15135.0,16.0,0.0,12.0,18.0,0.0,12.0,18.0
2024-10-28,P,42,9304.0,10.0,0.0,105.0,157.5,0.0,105.0,157.5
2024-10-28,RU,-44,17830.0,10.0,0.0,132.0,198.0,0.0,132.0,198.0
2024-10-28,SC,42,542.0,1000.0,0.0,840.0,1260.0,0.0,840.0,1260.0
2024-10-28,SP,-354,5814.0,10.0,5e-06,102.90780000000001,154.3617,5e-05,1029.078,1543.617
2024-10-28,UR,426,1833.0,20.0,0.0,426.0,639.0,0.0,426.0,639.0
2024-11-04,FG,279,1377.0,20.0,0.0,2790.0,4185.0,0.0,2790.0,4185.0
2024-11-04,LH,-9,15370.0,16.0,0.0,9.0,13.5,0.0,9.0,13.5
2024-11-04,P,32,9704.0,10.0,0.0,80.0,120.0,0.0,80.0,120.0
2024-11-04,RU,-53,17745.0,10.0,0.0,159.0,238.5,0.0,159.0,238.5
2024-11-04,RU,-22,17745.0,10.0,0.0,66.0,99.0,0.0,66.0,99.0
2024-11-04,SC,-42,534.7,1000.0,0.0,840.0,1260.0,0.0,840.0,1260.0
2024-11-04,SC,-22,534.7,1000.0,0.0,440.0,660.0,0.0,440.0,660.0
2024-11-04,SP,354,5796.0,10.0,5e-06,102.5892,153.8838,5e-05,1025.892,1538.8380000000002
2024-11-11,C,-37,2193.0,10.0,0.0,44.4,66.6,0.0,44.4,66.6
2024-11-11,CF,-414,14135.0,5.0,0.0,1780.1999999999998,2670.2999999999997,0.0,1780.1999999999998,2670.2999999999997
2024-11-11,FG,36,1342.0,20.0,0.0,360.0,540.0,0.0,360.0,540.0
2024-11-11,LH,62,15360.0,16.0,0.0,62.0,93.0,0.0,62.0,93.0
2024-11-11,LH,12,15360.0,16.0,0.0,12.0,18.0,0.0,12.0,18.0
2024-11-11,LH,9,15360.0,16.0,0.0,9.0,13.5,0.0,9.0,13.5
2024-11-11,P,2,10134.0,10.0,0.0,5.0,7.5,0.0,5.0,7.5
2024-11-11,SC,-2,533.7,1000.0,0.0,40.0,60.0,0.0,40.0,60.0
2024-11-11,T,552,106.555,10000.0,0.0,1656.0,2484.0,0.0,1656.0,2484.0
2024-11-12,SC,22,522.5,1000.0,0.0,440.0,660.0,0.0,440.0,660.0
2024-11-12,SC,2,522.5,1000.0,0.0,40.0,60.0,0.0,40.0,60.0
2024-11-12,SC,-30,521.6,1000.0,0.0,600.0,900.0,0.0,600.0,900.0
2024-11-18,AL,-116,20945.0,5.0,0.0,348.0,522.0,0.0,348.0,522.0
2024-11-18,C,-51,2183.0,10.0,0.0,61.199999999999996,91.8,0.0,61.199999999999996,91.8
2024-11-18,CF,414,13960.0,5.0,0.0,1780.1999999999998,2670.2999999999997,0.0,1780.1999999999998,2670.2999999999997
2024-11-18,FG,-279,1262.0,20.0,0.0,2790.0,4185.0,0.0,2790.0,4185.0
2024-11-18,FG,-36,1262.0,20.0,0.0,360.0,540.0,0.0,360.0,540.0
2024-11-18,P,-79,10174.0,10.0,0.0,197.5,296.25,0.0,197.5,296.25
2024-11-18,RB,-1916,3242.0,10.0,1e-05,621.1672000000001,931.7508000000001,0.0001,6211.672,9317.508
2024-11-18,RU,87,17700.0,10.0,0.0,261.0,391.5,0.0,261.0,391.5
2024-11-18,SR,-506,5853.0,10.0,0.0,1518.0,2277.0,0.0,1518.0,2277.0
2024-11-19,AL,-1053,20355.0,5.0,0.0,3159.0,4738.5,0.0,3159.0,4738.5
2024-11-19,AL,895,20360.0,5.0,0.0,2685.0,4027.5,0.0,2685.0,4027.5
2024-11-25,CF,-441,13855.0,5.0,0.0,1896.3,2844.45,0.0,1896.3,2844.45
2024-11-25,FG,-319,1238.0,20.0,0.0,3190.0,4785.0,0.0,3190.0,4785.0
2024-11-25,MA,1800,2614.0,10.0,0.0,1800.0,2700.0,0.0,1800.0,2700.0
2024-11-25,P,-77,9526.0,10.0,0.0,192.5,288.75,0.0,192.5,288.75
2024-11-25,P,-13,9526.0,10.0,0.0,32.5,48.75,0.0,32.5,48.75
2024-11-25,RU,-87,17345.0,10.0,0.0,261.0,391.5,0.0,261.0,391.5
2024-11-25,SC,30,535.8,1000.0,0.0,600.0,900.0,0.0,600.0,900.0
2024-11-25,SR,506,5905.0,10.0,0.0,1518.0,2277.0,0.0,1518.0,2277.0
2024-11-25,T,-552,106.73,10000.0,0.0,1656.0,2484.0,0.0,1656.0,2484.0
2024-11-25,T,464,106.93,10000.0,0.0,1392.0,2088.0,0.0,1392.0,2088.0
2024-11-25,UR,-531,1796.0,20.0,0.0,531.0,796.5,0.0,531.0,796.5
2024-11-26,T,-5,107.16,10000.0,0.0,15.0,22.5,0.0,15.0,22.5
2024-12-02,AL,-895,20365.0,5.0,0.0,2685.0,4027.5,0.0,2685.0,4027.5
2024-12-02,AP,235,7852.0,10.0,0.0,1175.0,1762.5,0.0,1175.0,1762.5
2024-12-02,C,-1472,2158.0,10.0,0.0,1766.3999999999999,2649.6,0.0,1766.3999999999999,2649.6
2024-12-02,CF,441,14025.0,5.0,0.0,1896.3,2844.45,0.0,1896.3,2844.45
2024-12-02,FG,-371,1261.0,20.0,0.0,3710.0,5565.0,0.0,3710.0,5565.0
2024-12-02,MA,-757,2561.0,10.0,0.0,757.0,1135.5,0.0,757.0,1135.5
2024-12-02,P,-9,10218.0,10.0,0.0,22.5,33.75,0.0,22.5,33.75
2024-12-02,P,-12,10218.0,10.0,0.0,30.0,45.0,0.0,30.0,45.0
2024-12-02,P,-27,10218.0,10.0,0.0,67.5,101.25,0.0,67.5,101.25
2024-12-02,P,-33,10218.0,10.0,0.0,82.5,123.75,0.0,82.5,123.75
2024-12-02,P,-100,10218.0,10.0,0.0,250.0,375.0,0.0,250.0,375.0
2024-12-02,RB,-145,3317.0,10.0,1e-05,48.096500000000006,72.14475000000002,0.0001,480.96500000000003,721.4475
2024-12-02,RU,84,18280.0,10.0,0.0,252.0,378.0,0.0,252.0,378.0
2024-12-02,T,99,107.275,10000.0,0.0,297.0,445.5,0.0,297.0,445.5
2024-12-02,UR,531,1804.0,20.0,0.0,531.0,796.5,0.0,531.0,796.5
2024-12-09,AP,-235,7953.0,10.0,0.0,1175.0,1762.5,0.0,1175.0,1762.5
2024-12-09,FG,-54,1196.0,20.0,0.0,540.0,810.0,0.0,540.0,810.0
2024-12-09,RB,1916,3262.0,10.0,1e-05,624.9992000000001,937.4988000000001,0.0001,6249.992,9374.988000000001
2024-12-09,RB,145,3262.0,10.0,1e-05,47.29900000000001,70.94850000000001,0.0001,472.99,709.485
2024-12-09,RB,-2576,3303.0,10.0,1e-05,850.8528000000001,1276.2792000000002,0.0001,8508.528,12762.792000000001
2024-12-09,RU,2,18980.0,10.0,0.0,6.0,9.0,0.0,6.0,9.0
2024-12-09,SR,458,6002.0,10.0,0.0,1374.0,2061.0,0.0,1374.0,2061.0
2024-12-12,SR,-458,6107.0,10.0,0.0,916.0,1374.0,0.0,916.0,1374.0
2024-12-12,SR,589,6061.0,10.0,0.0,1767.0,2650.5,0.0,1767.0,2650.5
2024-12-16,AP,274,8094.0,10.0,0.0,1370.0,2055.0,0.0,1370.0,2055.0
2024-12-16,C,-136,2102.0,10.0,0.0,163.2,244.79999999999998,0.0,163.2,244.79999999999998
2024-12-16,FG,319,1232.0,20.0,0.0,638.0,957.0,0.0,638.0,957.0
2024-12-16,FG,371,1232.0,20.0,0.0,742.0,1113.0,0.0,742.0,1113.0
2024-12-16,FG,54,1232.0,20.0,0.0,108.0,162.0,0.0,108.0,162.0
2024-12-16,FG,-956,1370.0,20.0,0.0,5736.0,8604.0,0.0,5736.0,8604.0
2024-12-16,MA,-1043,2597.0,10.0,0.0,1043.0,1564.5,0.0,1043.0,1564.5
2024-12-16,P,-90,10008.0,10.0,0.0,225.0,337.5,0.0,225.0,337.5
2024-12-16,P,-42,10008.0,10.0,0.0,105.0,157.5,0.0,105.0,157.5
2024-12-16,P,-32,10008.0,10.0,0.0,80.0,120.0,0.0,80.0,120.0
2024-12-16,P,-2,10008.0,10.0,0.0,5.0,7.5,0.0,5.0,7.5
2024-12-16,P,194,9320.0,10.0,0.0,485.0,727.5,0.0,485.0,727.5
2024-12-16,RU,106,18520.0,10.0,0.0,318.0,477.0,0.0,318.0,477.0
2024-12-16,SR,-589,6078.0,10.0,0.0,1767.0,2650.5,0.0,1767.0,2650.5
2024-12-18,C,1411,2091.0,10.0,0.0,1693.2,2539.8,0.0,1693.2,2539.8
2024-12-18,C,37,2091.0,10.0,0.0,44.4,66.6,0.0,44.4,66.6
2024-12-18,C,51,2091.0,10.0,0.0,61.199999999999996,91.8,0.0,61.199999999999996,91.8
2024-12-18,C,1472,2091.0,10.0,0.0,1766.3999999999999,2649.6,0.0,1766.3999999999999,2649.6
2024-12-18,C,136,2091.0,10.0,0.0,163.2,244.79999999999998,0.0,163.2,244.79999999999998
2024-12-18,C,-3325,2180.0,10.0,0.0,3990.0,5985.0,0.0,3990.0,5985.0
2024-12-23,AP,-274,7348.0,10.0,0.0,1370.0,2055.0,0.0,1370.0,2055.0
2024-12-23,C,1218,2187.0,10.0,0.0,1461.6,2192.3999999999996,0.0,1461.6,2192.3999999999996
2024-12-23,FG,367,1372.0,20.0,0.0,2202.0,3303.0,0.0,2202.0,3303.0
2024-12-23,M,-762,2636.0,10.0,0.0,1143.0,1714.5,0.0,1143.0,1714.5
2024-12-23,MA,1169,2589.0,10.0,0.0,1169.0,1753.5,0.0,1169.0,1753.5
2024-12-23,RB,2576,3284.0,10.0,1e-05,845.9584000000001,1268.9376000000002,0.0001,8459.584,12689.376
2024-12-23,RU,-71,17590.0,10.0,0.0,213.0,319.5,0.0,213.0,319.5
2024-12-23,SR,504,5884.0,10.0,0.0,1512.0,2268.0,0.0,1512.0,2268.0
2024-12-23,UR,-592,1738.0,20.0,0.0,592.0,888.0,0.0,592.0,888.0
2024-12-30,C,145,2236.0,10.0,0.0,174.0,261.0,0.0,174.0,261.0
2024-12-30,JD,1385,3453.0,5.0,0.0,2077.5,3116.25,0.0,2077.5,3116.25
2024-12-30,LH,-108,12760.0,16.0,0.0,108.0,162.0,0.0,108.0,162.0
2024-12-30,M,762,2673.0,10.0,0.0,1143.0,1714.5,0.0,1143.0,1714.5
2024-12-30,MA,-1169,2632.0,10.0,0.0,1169.0,1753.5,0.0,1169.0,1753.5
2024-12-30,RB,-2895,3264.0,10.0,1e-05,944.9280000000001,1417.3920000000003,0.0001,9449.28,14173.920000000002
2024-12-30,RU,88,17715.0,10.0,0.0,264.0,396.0,0.0,264.0,396.0
2024-12-30,SR,-504,5940.0,10.0,0.0,1512.0,2268.0,0.0,1512.0,2268.0
2024-12-30,UR,-9,1708.0,20.0,0.0,9.0,13.5,0.0,9.0,13.5
2025-01-06,MA,2018,2656.0,10.0,0.0,2018.0,3027.0,0.0,2018.0,3027.0
2025-01-06,P,1,8544.0,10.0,0.0,2.5,3.75,0.0,2.5,3.75
2025-01-06,RB,-12,3263.0,10.0,1e-05,3.9156000000000004,5.8734,0.0001,39.156000000000006,58.73400000000001
2025-01-06,RU,-13,16915.0,10.0,0.0,39.0,58.5,0.0,39.0,58.5
2025-01-06,RU,-2,16915.0,10.0,0.0,6.0,9.0,0.0,6.0,9.0
2025-01-06,RU,-106,16915.0,10.0,0.0,318.0,477.0,0.0,318.0,477.0
2025-01-06,RU,-88,16915.0,10.0,0.0,264.0,396.0,0.0,264.0,396.0
2025-01-06,T,-3,109.45,10000.0,0.0,9.0,13.5,0.0,9.0,13.5
2025-01-06,UR,-7,1649.0,20.0,0.0,7.0,10.5,0.0,7.0,10.5
2025-01-13,AP,-197,6657.0,10.0,0.0,985.0,1477.5,0.0,985.0,1477.5
2025-01-13,C,1962,2252.0,10.0,0.0,2354.4,3531.6000000000004,0.0,2354.4,3531.6000000000004
2025-01-13,JD,-1385,3267.0,5.0,0.0,2077.5,3116.25,0.0,2077.5,3116.25
2025-01-13,LH,108,12715.0,16.0,0.0,108.0,162.0,0.0,108.0,162.0
2025-01-13,MA,-2018,2618.0,10.0,0.0,2018.0,3027.0,0.0,2018.0,3027.0
2025-01-13,RB,-40,3212.0,10.0,1e-05,12.848000000000003,19.272000000000006,0.0001,128.48000000000002,192.72000000000003
2025-01-13,RU,-90,16990.0,10.0,0.0,270.0,405.0,0.0,270.0,405.0
2025-01-13,SC,62,591.2,1000.0,0.0,1240.0,1860.0,0.0,1240.0,1860.0
2025-01-13,T,-12,109.125,10000.0,0.0,36.0,54.0,0.0,36.0,54.0
2025-01-13,UR,592,1697.0,20.0,0.0,592.0,888.0,0.0,592.0,888.0
2025-01-13,UR,9,1697.0,20.0,0.0,9.0,13.5,0.0,9.0,13.5
2025-01-13,UR,7,1697.0,20.0,0.0,7.0,10.5,0.0,7.0,10.5
2025-01-20,C,1809,2291.0,10.0,0.0,2170.7999999999997,3256.2,0.0,2170.7999999999997,3256.2
2025-01-20,CF,-531,13650.0,5.0,0.0,2283.2999999999997,3424.95,0.0,2283.2999999999997,3424.95
2025-01-20,FG,69,1452.0,20.0,0.0,414.0,621.0,0.0,414.0,621.0
2025-01-20,P,-3,8368.0,10.0,0.0,7.5,11.25,0.0,7.5,11.25
2025-01-20,RU,-1,17435.0,10.0,0.0,3.0,4.5,0.0,3.0,4.5
2025-01-20,SC,-12,628.3,1000.0,0.0,240.0,360.0,0.0,240.0,360.0
2025-01-20,T,-4,108.975,10000.0,0.0,12.0,18.0,0.0,12.0,18.0
2025-01-27,AL,1429,20435.0,5.0,0.0,4287.0,6430.5,0.0,4287.0,6430.5
2025-01-27,AP,-56,6909.0,10.0,0.0,280.0,420.0,0.0,280.0,420.0
2025-01-27,C,545,2272.0,10.0,0.0,654.0,981.0,0.0,654.0,981.0
2025-01-27,CF,-154,13585.0,5.0,0.0,662.1999999999999,993.3,0.0,662.1999999999999,993.3
2025-01-27,FG,-39,1395.0,20.0,0.0,234.0,351.0,0.0,234.0,351.0
2025-01-27,P,25,8298.0,10.0,0.0,62.5,93.75,0.0,62.5,93.75
2025-01-27,RB,2895,3372.0,10.0,1e-05,976.1940000000002,1464.2910000000002,0.0001,9761.94,14642.91
2025-01-27,RB,12,3372.0,10.0,1e-05,4.0464,6.0696,0.0001,40.464000000000006,60.69600000000001
2025-01-27,RB,40,3372.0,10.0,1e-05,13.488000000000003,20.232000000000006,0.0001,134.88000000000002,202.32000000000005
2025-01-27,RU,90,17440.0,10.0,0.0,270.0,405.0,0.0,270.0,405.0
2025-01-27,RU,1,17440.0,10.0,0.0,3.0,4.5,0.0,3.0,4.5
2025-01-27,SC,3,608.7,1000.0,0.0,60.0,90.0,0.0,60.0,90.0
2025-01-27,T,-136,109.19,10000.0,0.0,408.0,612.0,0.0,408.0,612.0
2025-01-27,UR,-692,1767.0,20.0,0.0,692.0,1038.0,0.0,692.0,1038.0
2025-02-05,RU,-132,17340.0,10.0,0.0,396.0,594.0,0.0,396.0,594.0
2025-02-05,T,-24,109.33,10000.0,0.0,72.0,108.0,0.0,72.0,108.0
2025-02-05,UR,692,1740.0,20.0,0.0,692.0,1038.0,0.0,692.0,1038.0
2025-02-10,AP,197,6946.0,10.0,0.0,985.0,1477.5,0.0,985.0,1477.5
2025-02-10,AP,56,6946.0,10.0,0.0,280.0,420.0,0.0,280.0,420.0
2025-02-10,FG,-6,1338.0,20.0,0.0,36.0,54.0,0.0,36.0,54.0
2025-02-10,MA,-1230,2588.0,10.0,0.0,1230.0,1845.0,0.0,1230.0,1845.0
2025-02-10,RU,132,17460.0,10.0,0.0,396.0,594.0,0.0,396.0,594.0
2025-02-10,SC,5,603.7,1000.0,0.0,100.0,150.0,0.0,100.0,150.0
2025-02-10,SR,-610,5847.0,10.0,0.0,1830.0,2745.0,0.0,1830.0,2745.0
2025-02-10,T,-39,109.305,10000.0,0.0,117.0,175.5,0.0,117.0,175.5
2025-02-11,SC,-50,609.4,1000.0,0.0,1000.0,1500.0,0.0,1000.0,1500.0
2025-02-11,SC,-3,609.4,1000.0,0.0,60.0,90.0,0.0,60.0,90.0
2025-02-11,SC,-5,609.4,1000.0,0.0,100.0,150.0,0.0,100.0,150.0
2025-02-11,SC,65,589.4,1000.0,0.0,1300.0,1950.0,0.0,1300.0,1950.0
2025-02-11,T,-22,109.22,10000.0,0.0,66.0,99.0,0.0,66.0,99.0
2025-02-17,AL,46,20790.0,5.0,0.0,138.0,207.0,0.0,138.0,207.0
2025-02-17,C,-20,2303.0,10.0,0.0,24.0,36.0,0.0,24.0,36.0
2025-02-17,CF,1,13735.0,5.0,0.0,4.3,6.449999999999999,0.0,4.3,6.449999999999999
2025-02-17,FG,17,1263.0,20.0,0.0,102.0,153.0,0.0,102.0,153.0
2025-02-17,MA,29,2534.0,10.0,0.0,29.0,43.5,0.0,29.0,43.5
2025-02-17,P,-16,9072.0,10.0,0.0,40.0,60.0,0.0,40.0,60.0
2025-02-17,RU,113,17965.0,10.0,0.0,339.0,508.5,0.0,339.0,508.5
2025-02-17,SC,-35,569.9,1000.0,0.0,700.0,1050.0,0.0,700.0,1050.0
2025-02-17,SR,-11,5987.0,10.0,0.0,33.0,49.5,0.0,33.0,49.5
2025-02-18,AL,-1429,20555.0,5.0,0.0,4287.0,6430.5,0.0,4287.0,6430.5
2025-02-18,AL,-46,20555.0,5.0,0.0,138.0,207.0,0.0,138.0,207.0
2025-02-18,AL,1661,20660.0,5.0,0.0,4983.0,7474.5,0.0,4983.0,7474.5
2025-02-18,C,-198,2286.0,10.0,0.0,237.6,356.4,0.0,237.6,356.4
2025-02-18,CF,58,13820.0,5.0,0.0,249.39999999999998,374.09999999999997,0.0,249.39999999999998,374.09999999999997
2025-02-18,FG,47,1269.0,20.0,0.0,282.0,423.0,0.0,282.0,423.0
2025-02-18,MA,102,2557.0,10.0,0.0,102.0,153.0,0.0,102.0,153.0
2025-02-18,P,-17,9086.0,10.0,0.0,42.5,63.75,0.0,42.5,63.75
2025-02-18,RU,-10,17790.0,10.0,0.0,30.0,45.0,0.0,30.0,45.0
2025-02-18,SC,-3,556.8,1000.0,0.0,60.0,90.0,0.0,60.0,90.0
2025-02-18,SR,53,5988.0,10.0,0.0,159.0,238.5,0.0,159.0,238.5
2025-02-18,T,-1,108.69,10000.0,0.0,3.0,4.5,0.0,3.0,4.5
2025-02-19,AL,-35,20645.0,5.0,0.0,105.0,157.5,0.0,105.0,157.5
2025-02-19,C,-45,2289.0,10.0,0.0,54.0,81.0,0.0,54.0,81.0
2025-02-19,CF,14,13900.0,5.0,0.0,60.199999999999996,90.3,0.0,60.199999999999996,90.3
2025-02-19,FG,11,1286.0,20.0,0.0,66.0,99.0,0.0,66.0,99.0
2025-02-19,MA,24,2548.0,10.0,0.0,24.0,36.0,0.0,24.0,36.0
2025-02-19,P,-4,9026.0,10.0,0.0,10.0,15.0,0.0,10.0,15.0
2025-02-19,RU,-3,17840.0,10.0,0.0,9.0,13.5,0.0,9.0,13.5
2025-02-19,SC,-1,559.7,1000.0,0.0,20.0,30.0,0.0,20.0,30.0
2025-02-19,SR,12,5990.0,10.0,0.0,36.0,54.0,0.0,36.0,54.0
2025-02-19,T,-7,108.615,10000.0,0.0,21.0,31.5,0.0,21.0,31.5
2025-02-21,T,-211,108.41,10000.0,0.0,633.0,949.5,0.0,633.0,949.5
2025-02-21,T,-99,108.41,10000.0,0.0,297.0,445.5,0.0,297.0,445.5
2025-02-21,T,320,108.445,10000.0,0.0,960.0,1440.0,0.0,960.0,1440.0
2025-02-24,AL,-166,20755.0,5.0,0.0,498.0,747.0,0.0,498.0,747.0
2025-02-24,C,2073,2276.0,10.0,0.0,2487.6,3731.3999999999996,0.0,2487.6,3731.3999999999996
2025-02-24,CF,-4,13840.0,5.0,0.0,17.2,25.799999999999997,0.0,17.2,25.799999999999997
2025-02-24,FG,-30,1262.0,20.0,0.0,180.0,270.0,0.0,180.0,270.0
2025-02-24,MA,-2,2543.0,10.0,0.0,2.0,3.0,0.0,2.0,3.0
2025-02-24,P,4,9368.0,10.0,0.0,10.0,15.0,0.0,10.0,15.0
2025-02-24,RU,10,17835.0,10.0,0.0,30.0,45.0,0.0,30.0,45.0
2025-02-24,SC,-26,559.4,1000.0,0.0,520.0,780.0,0.0,520.0,780.0
2025-02-24,SR,545,5999.0,10.0,0.0,1635.0,2452.5,0.0,1635.0,2452.5
2025-02-24,SR,11,5999.0,10.0,0.0,33.0,49.5,0.0,33.0,49.5
2025-02-24,T,-320,108.145,10000.0,0.0,960.0,1440.0,0.0,960.0,1440.0
2025-02-24,UR,548,1833.0,20.0,0.0,548.0,822.0,0.0,548.0,822.0
2025-02-25,AL,-18,20665.0,5.0,0.0,54.0,81.0,0.0,54.0,81.0
2025-02-25,C,-51,2282.0,10.0,0.0,61.199999999999996,91.8,0.0,61.199999999999996,91.8
2025-02-25,CF,8,13865.0,5.0,0.0,34.4,51.599999999999994,0.0,34.4,51.599999999999994
2025-02-25,FG,7,1271.0,20.0,0.0,42.0,63.0,0.0,42.0,63.0
2025-02-25,MA,13,2572.0,10.0,0.0,13.0,19.5,0.0,13.0,19.5
2025-02-25,P,-3,9188.0,10.0,0.0,7.5,11.25,0.0,7.5,11.25
2025-02-25,RU,-2,17935.0,10.0,0.0,6.0,9.0,0.0,6.0,9.0
2025-02-25,UR,-7,1818.0,20.0,0.0,7.0,10.5,0.0,7.0,10.5
2025-02-26,AL,-11,20545.0,5.0,0.0,33.0,49.5,0.0,33.0,49.5
2025-02-26,C,-31,2270.0,10.0,0.0,37.199999999999996,55.8,0.0,37.199999999999996,55.8
2025-02-26,CF,5,13810.0,5.0,0.0,21.5,32.25,0.0,21.5,32.25
2025-02-26,FG,4,1239.0,20.0,0.0,24.0,36.0,0.0,24.0,36.0
2025-02-26,MA,8,2540.0,10.0,0.0,8.0,12.0,0.0,8.0,12.0
2025-02-26,P,-2,9150.0,10.0,0.0,5.0,7.5,0.0,5.0,7.5
2025-02-26,RU,-1,17615.0,10.0,0.0,3.0,4.5,0.0,3.0,4.5
2025-02-26,UR,-5,1833.0,20.0,0.0,5.0,7.5,0.0,5.0,7.5
2025-03-03,AL,214,20645.0,5.0,0.0,642.0,963.0,0.0,642.0,963.0
2025-03-03,C,-1464,2289.0,10.0,0.0,1756.8,2635.2,0.0,1756.8,2635.2
2025-03-03,C,-545,2289.0,10.0,0.0,654.0,981.0,0.0,654.0,981.0
2025-03-03,C,-2073,2289.0,10.0,0.0,2487.6,3731.3999999999996,0.0,2487.6,3731.3999999999996
2025-03-03,C,-2203,2289.0,10.0,0.0,2643.6,3965.3999999999996,0.0,2643.6,3965.3999999999996
2025-03-03,CF,-76,13550.0,5.0,0.0,326.8,490.20000000000005,0.0,326.8,490.20000000000005
2025-03-03,FG,-650,1243.0,20.0,0.0,3900.0,5850.0,0.0,3900.0,5850.0
2025-03-03,MA,1054,2587.0,10.0,0.0,1054.0,1581.0,0.0,1054.0,1581.0
2025-03-03,MA,2,2587.0,10.0,0.0,2.0,3.0,0.0,2.0,3.0
2025-03-03,P,232,9152.0,10.0,0.0,580.0,870.0,0.0,580.0,870.0
2025-03-03,RU,23,17795.0,10.0,0.0,69.0,103.5,0.0,69.0,103.5
2025-03-03,UR,87,1792.0,20.0,0.0,87.0,130.5,0.0,87.0,130.5
2025-03-04,AL,-10,20715.0,5.0,0.0,30.0,45.0,0.0,30.0,45.0
2025-03-04,C,14,2316.0,10.0,0.0,16.8,25.200000000000003,0.0,16.8,25.200000000000003
2025-03-04,CF,5,13585.0,5.0,0.0,21.5,32.25,0.0,21.5,32.25
2025-03-04,FG,7,1225.0,20.0,0.0,42.0,63.0,0.0,42.0,63.0
2025-03-04,P,-3,9048.0,10.0,0.0,7.5,11.25,0.0,7.5,11.25
2025-03-04,RU,-1,17755.0,10.0,0.0,3.0,4.5,0.0,3.0,4.5
2025-03-04,UR,-4,1792.0,20.0,0.0,4.0,6.0,0.0,4.0,6.0
2025-03-05,AL,-9,20665.0,5.0,0.0,27.0,40.5,0.0,27.0,40.5
2025-03-05,C,12,2311.0,10.0,0.0,14.399999999999999,21.599999999999998,0.0,14.399999999999999,21.599999999999998
2025-03-05,CF,4,13615.0,5.0,0.0,17.2,25.799999999999997,0.0,17.2,25.799999999999997
2025-03-05,FG,7,1237.0,20.0,0.0,42.0,63.0,0.0,42.0,63.0
2025-03-05,P,-3,8762.0,10.0,0.0,7.5,11.25,0.0,7.5,11.25
2025-03-05,RU,-1,17600.0,10.0,0.0,3.0,4.5,0.0,3.0,4.5
2025-03-05,UR,-4,1761.0,20.0,0.0,4.0,6.0,0.0,4.0,6.0
2025-03-06,AL,-1,20675.0,5.0,0.0,3.0,4.5,0.0,3.0,4.5
2025-03-06,C,1,2288.0,10.0,0.0,1.2,1.7999999999999998,0.0,1.2,1.7999999999999998
2025-03-06,CF,1,13535.0,5.0,0.0,4.3,6.449999999999999,0.0,4.3,6.449999999999999
2025-03-06,FG,1,1204.0,20.0,0.0,6.0,9.0,0.0,6.0,9.0
2025-03-06,P,-1,8834.0,10.0,0.0,2.5,3.75,0.0,2.5,3.75
2025-03-06,RU,-1,17405.0,10.0,0.0,3.0,4.5,0.0,3.0,4.5
2025-03-06,UR,-1,1759.0,20.0,0.0,1.0,1.5,0.0,1.0,1.5
2025-03-10,AL,-317,20850.0,5.0,0.0,951.0,1426.5,0.0,951.0,1426.5
2025-03-10,C,2176,2305.0,10.0,0.0,2611.2,3916.7999999999997,0.0,2611.2,3916.7999999999997
2025-03-10,CF,132,13590.0,5.0,0.0,567.6,851.4000000000001,0.0,567.6,851.4000000000001
2025-03-10,FG,419,1182.0,20.0,0.0,2514.0,3771.0,0.0,2514.0,3771.0
2025-03-10,FG,39,1182.0,20.0,0.0,234.0,351.0,0.0,234.0,351.0
2025-03-10,FG,6,1182.0,20.0,0.0,36.0,54.0,0.0,36.0,54.0
2025-03-10,FG,30,1182.0,20.0,0.0,180.0,270.0,0.0,180.0,270.0
2025-03-10,FG,98,1182.0,20.0,0.0,588.0,882.0,0.0,588.0,882.0
2025-03-10,LH,-93,13200.0,16.0,0.0,93.0,139.5,0.0,93.0,139.5
2025-03-10,P,-104,9126.0,10.0,0.0,260.0,390.0,0.0,260.0,390.0
2025-03-10,RB,-2536,3239.0,10.0,1e-05,821.4104000000001,1232.1156,0.0001,8214.104000000001,12321.156000000003
2025-03-10,RU,-25,17310.0,10.0,0.0,75.0,112.5,0.0,75.0,112.5
2025-03-10,SP,-420,5854.0,10.0,5e-06,122.93400000000001,184.401,5e-05,1229.34,1844.0099999999998
2025-03-10,UR,-137,1790.0,20.0,0.0,137.0,205.5,0.0,137.0,205.5
2025-03-14,AL,-1094,20860.0,5.0,0.0,3282.0,4923.0,0.0,3282.0,4923.0
2025-03-14,AL,-214,20860.0,5.0,0.0,642.0,963.0,0.0,642.0,963.0
2025-03-14,AL,1731,20960.0,5.0,0.0,5193.0,7789.5,0.0,5193.0,7789.5
2025-03-14,CF,93,13665.0,5.0,0.0,399.9,599.8499999999999,0.0,399.9,599.8499999999999
2025-03-14,FG,95,1152.0,20.0,0.0,570.0,855.0,0.0,570.0,855.0
2025-03-14,LH,17,13370.0,16.0,0.0,17.0,25.5,0.0,17.0,25.5
2025-03-14,P,-38,9116.0,10.0,0.0,95.0,142.5,0.0,95.0,142.5
2025-03-14,P,-1,9116.0,10.0,0.0,2.5,3.75,0.0,2.5,3.75
2025-03-14,P,-13,9116.0,10.0,0.0,32.5,48.75,0.0,32.5,48.75
2025-03-14,RB,437,3259.0,10.0,1e-05,142.41830000000002,213.62745,0.0001,1424.1830000000002,2136.2745000000004
2025-03-14,RU,-18,17045.0,10.0,0.0,54.0,81.0,0.0,54.0,81.0
2025-03-14,SP,73,5886.0,10.0,5e-06,21.483900000000002,32.22585,5e-05,214.839,322.2585
2025-03-14,UR,-83,1742.0,20.0,0.0,83.0,124.5,0.0,83.0,124.5
2025-03-17,AL,-366,20980.0,5.0,0.0,1098.0,1647.0,0.0,1098.0,1647.0
2025-03-17,AP,181,7402.0,10.0,0.0,905.0,1357.5,0.0,905.0,1357.5
2025-03-17,CF,-74,13670.0,5.0,0.0,318.2,477.29999999999995,0.0,318.2,477.29999999999995
2025-03-17,FG,21,1165.0,20.0,0.0,126.0,189.0,0.0,126.0,189.0
2025-03-17,JD,-1221,3057.0,5.0,0.0,1831.5,2747.25,0.0,1831.5,2747.25
2025-03-17,LH,76,13515.0,16.0,0.0,76.0,114.0,0.0,76.0,114.0
2025-03-17,P,-12,9126.0,10.0,0.0,30.0,45.0,0.0,30.0,45.0
2025-03-17,P,-4,9126.0,10.0,0.0,10.0,15.0,0.0,10.0,15.0
2025-03-17,P,-61,9126.0,10.0,0.0,152.5,228.75,0.0,152.5,228.75
2025-03-17,RB,-386,3267.0,10.0,1e-05,126.10620000000002,189.15930000000003,0.0001,1261.0620000000001,1891.5930000000003
2025-03-17,RU,17,17175.0,10.0,0.0,51.0,76.5,0.0,51.0,76.5
2025-03-17,SP,-60,5896.0,10.0,5e-06,17.688,26.531999999999996,5e-05,176.88,265.32
2025-03-17,UR,79,1767.0,20.0,0.0,79.0,118.5,0.0,79.0,118.5
2025-03-24,AL,203,20670.0,5.0,0.0,609.0,913.5,0.0,609.0,913.5
2025-03-24,AP,-181,7290.0,10.0,0.0,905.0,1357.5,0.0,905.0,1357.5
2025-03-24,CF,-167,13650.0,5.0,0.0,718.1,1077.15,0.0,718.1,1077.15
2025-03-24,FG,-143,1173.0,20.0,0.0,858.0,1287.0,0.0,858.0,1287.0
2025-03-24,JD,-397,3008.0,5.0,0.0,595.5,893.25,0.0,595.5,893.25
2025-03-24,LH,122,13400.0,16.0,0.0,122.0,183.0,0.0,122.0,183.0
2025-03-24,MA,986,2557.0,10.0,0.0,986.0,1479.0,0.0,986.0,1479.0
2025-03-24,P,22,9056.0,10.0,0.0,55.0,82.5,0.0,55.0,82.5
2025-03-24,RB,2099,3160.0,10.0,1e-05,663.284,994.9259999999999,0.0001,6632.84,9949.26
2025-03-24,RB,386,3160.0,10.0,1e-05,121.976,182.964,0.0001,1219.76,1829.6399999999999
2025-03-24,RU,39,16935.0,10.0,0.0,117.0,175.5,0.0,117.0,175.5
2025-03-24,SP,-110,5746.0,10.0,5e-06,31.603,47.4045,5e-05,316.03000000000003,474.0450000000001
2025-03-24,UR,-307,1839.0,20.0,0.0,307.0,460.5,0.0,307.0,460.5
2025-03-24,UR,-87,1839.0,20.0,0.0,87.0,130.5,0.0,87.0,130.5
2025-03-24,UR,-79,1839.0,20.0,0.0,79.0,118.5,0.0,79.0,118.5
2025-03-26,AL,-11,20700.0,5.0,0.0,33.0,49.5,0.0,33.0,49.5
2025-03-26,CF,5,13590.0,5.0,0.0,21.5,32.25,0.0,21.5,32.25
2025-03-26,FG,5,1263.0,20.0,0.0,30.0,45.0,0.0,30.0,45.0
2025-03-26,JD,12,3008.0,5.0,0.0,18.0,27.0,0.0,18.0,27.0
2025-03-26,LH,-1,13445.0,16.0,0.0,1.0,1.5,0.0,1.0,1.5
2025-03-26,MA,-7,2545.0,10.0,0.0,7.0,10.5,0.0,7.0,10.5
2025-03-26,P,-2,8808.0,10.0,0.0,5.0,7.5,0.0,5.0,7.5
2025-03-26,RU,-1,17095.0,10.0,0.0,3.0,4.5,0.0,3.0,4.5
2025-03-26,SP,4,5758.0,10.0,5e-06,1.1516000000000002,1.7274000000000003,5e-05,11.516,17.274
2025-03-31,AL,-1354,20585.0,5.0,0.0,4062.0,6093.0,0.0,4062.0,6093.0
2025-03-31,AL,-203,20585.0,5.0,0.0,609.0,913.5,0.0,609.0,913.5
2025-03-31,CF,-135,13585.0,5.0,0.0,580.5,870.75,0.0,580.5,870.75
2025-03-31,FG,1,1197.0,20.0,0.0,6.0,9.0,0.0,6.0,9.0
2025-03-31,JD,-295,2988.0,5.0,0.0,442.5,663.75,0.0,442.5,663.75
2025-03-31,LH,21,13315.0,16.0,0.0,21.0,31.5,0.0,21.0,31.5
2025-03-31,MA,-979,2536.0,10.0,0.0,979.0,1468.5,0.0,979.0,1468.5
2025-03-31,P,30,9106.0,10.0,0.0,75.0,112.5,0.0,75.0,112.5
2025-03-31,RB,-3815,3196.0,10.0,1e-05,1219.2740000000001,1828.911,0.0001,12192.74,18289.11
2025-03-31,RU,23,16710.0,10.0,0.0,69.0,103.5,0.0,69.0,103.5
2025-03-31,SP,-136,5716.0,10.0,5e-06,38.8688,58.303200000000004,5e-05,388.688,583.0319999999999
2025-03-31,UR,729,1886.0,20.0,0.0,729.0,1093.5,0.0,729.0,1093.5
2025-04-07,AL,1342,19005.0,5.0,0.0,4026.0,6039.0,0.0,4026.0,6039.0
2025-04-07,CF,205,13265.0,5.0,0.0,881.5,1322.25,0.0,881.5,1322.25
2025-04-07,CF,45,13265.0,5.0,0.0,193.5,290.25,0.0,193.5,290.25
2025-04-07,FG,182,1165.0,20.0,0.0,1092.0,1638.0,0.0,1092.0,1638.0
2025-04-07,JD,595,2992.0,5.0,0.0,892.5,1338.75,0.0,892.5,1338.75
2025-04-07,LH,-40,13305.0,16.0,0.0,40.0,60.0,0.0,40.0,60.0
2025-04-07,P,-64,8846.0,10.0,0.0,160.0,240.0,0.0,160.0,240.0
2025-04-07,RB,1194,3081.0,10.0,1e-05,367.87140000000005,551.8071000000001,0.0001,3678.714,5518.071
2025-04-07,RU,-50,15440.0,10.0,0.0,150.0,225.0,0.0,150.0,225.0
2025-04-07,RU,-10,15440.0,10.0,0.0,30.0,45.0,0.0,30.0,45.0
2025-04-07,RU,-23,15440.0,10.0,0.0,69.0,103.5,0.0,69.0,103.5
2025-04-07,RU,-17,15440.0,10.0,0.0,51.0,76.5,0.0,51.0,76.5
2025-04-07,RU,-39,15440.0,10.0,0.0,117.0,175.5,0.0,117.0,175.5
2025-04-07,RU,-23,15440.0,10.0,0.0,69.0,103.5,0.0,69.0,103.5
2025-04-07,SP,206,5262.0,10.0,5e-06,54.1986,81.2979,5e-05,541.9860000000001,812.9790000000002
2025-04-07,UR,92,1850.0,20.0,0.0,92.0,138.0,0.0,92.0,138.0
2025-04-09,RB,2621,3043.0,10.0,1e-05,797.5703000000001,1196.35545,0.0001,7975.703,11963.5545
2025-04-09,RB,-3653,3100.0,10.0,1e-05,1132.43,1698.645,0.0001,11324.300000000001,16986.45
2025-04-11,AL,-22,19775.0,5.0,0.0,66.0,99.0,0.0,66.0,99.0
2025-04-11,CF,9,12825.0,5.0,0.0,38.699999999999996,58.05,0.0,38.699999999999996,58.05
2025-04-11,FG,7,1167.0,20.0,0.0,42.0,63.0,0.0,42.0,63.0
2025-04-11,JD,21,3110.0,5.0,0.0,31.5,47.25,0.0,31.5,47.25
2025-04-11,LH,-81,13340.0,16.0,0.0,81.0,121.5,0.0,81.0,121.5
2025-04-11,LH,-21,13340.0,16.0,0.0,21.0,31.5,0.0,21.0,31.5
2025-04-11,LH,150,14295.0,16.0,0.0,150.0,225.0,0.0,150.0,225.0
2025-04-11,P,-3,8692.0,10.0,0.0,7.5,11.25,0.0,7.5,11.25
2025-04-11,RB,58,3146.0,10.0,1e-05,18.246800000000004,27.370200000000004,0.0001,182.46800000000002,273.702
2025-04-11,SP,8,5354.0,10.0,5e-06,2.1416000000000004,3.2124000000000006,5e-05,21.416,32.124
2025-04-11,UR,-14,1853.0,20.0,0.0,14.0,21.0,0.0,14.0,21.0
2025-04-14,AL,-1320,19745.0,5.0,0.0,3960.0,5940.0,0.0,3960.0,5940.0
2025-04-14,AL,-756,19745.0,5.0,0.0,2268.0,3402.0,0.0,2268.0,3402.0
2025-04-14,CF,100,12810.0,5.0,0.0,430.0,645.0,0.0,430.0,645.0
2025-04-14,CF,4,12810.0,5.0,0.0,17.2,25.799999999999997,0.0,17.2,25.799999999999997
2025-04-14,CF,76,12810.0,5.0,0.0,326.8,490.20000000000005,0.0,326.8,490.20000000000005
2025-04-14,FG,241,1148.0,20.0,0.0,1446.0,2169.0,0.0,1446.0,2169.0
2025-04-14,FG,143,1148.0,20.0,0.0,858.0,1287.0,0.0,858.0,1287.0
2025-04-14,LH,-150,14470.0,16.0,0.0,150.0,225.0,0.0,150.0,225.0
2025-04-14,RB,325,3131.0,10.0,1e-05,101.75750000000002,152.63625000000002,0.0001,1017.575,1526.3625000000002
2025-04-14,RU,-63,15050.0,10.0,0.0,189.0,283.5,0.0,189.0,283.5
2025-04-14,SC,14,468.2,1000.0,0.0,280.0,420.0,0.0,280.0,420.0
2025-04-14,SP,129,5424.0,10.0,5e-06,34.9848,52.477199999999996,5e-05,349.848,524.772
2025-04-14,SP,16,5424.0,10.0,5e-06,4.3392,6.5088,5e-05,43.392,65.08800000000001
2025-04-14,SR,504,6091.0,10.0,0.0,1512.0,2268.0,0.0,1512.0,2268.0
2025-04-14,T,324,108.86,10000.0,0.0,972.0,1458.0,0.0,972.0,1458.0
2025-04-14,UR,-327,1861.0,20.0,0.0,327.0,490.5,0.0,327.0,490.5
2025-04-15,AL,756,19795.0,5.0,0.0,2268.0,3402.0,0.0,2268.0,3402.0
2025-04-15,AL,-850,19680.0,5.0,0.0,2550.0,3825.0,0.0,2550.0,3825.0
2025-04-16,CF,74,12670.0,5.0,0.0,318.2,477.29999999999995,0.0,318.2,477.29999999999995
2025-04-16,CF,167,12670.0,5.0,0.0,718.1,1077.15,0.0,718.1,1077.15
2025-04-16,CF,135,12670.0,5.0,0.0,580.5,870.75,0.0,580.5,870.75
2025-04-16,CF,-351,12855.0,5.0,0.0,1509.3,2263.95,0.0,1509.3,2263.95
2025-04-16,SP,44,5424.0,10.0,2e-06,4.77312,7.15968,1.9999999999999998e-05,47.7312,71.5968
2025-04-16,SP,110,5424.0,10.0,2e-06,11.932799999999999,17.899199999999997,1.9999999999999998e-05,119.328,178.99200000000002
2025-04-16,SP,136,5424.0,10.0,2e-06,14.753279999999998,22.12992,1.9999999999999998e-05,147.5328,221.2992
2025-04-16,SP,-274,5410.0,10.0,5e-06,74.117,111.1755,5e-05,741.1700000000001,1111.755
2025-04-16,SR,-504,6060.0,10.0,0.0,1008.0,1512.0,0.0,1008.0,1512.0
2025-04-16,SR,564,5893.0,10.0,0.0,1692.0,2538.0,0.0,1692.0,2538.0
2025-04-17,JD,593,3222.0,5.0,0.0,889.5,1334.25,0.0,889.5,1334.25
2025-04-17,JD,397,3222.0,5.0,0.0,595.5,893.25,0.0,595.5,893.25
2025-04-17,JD,295,3222.0,5.0,0.0,442.5,663.75,0.0,442.5,663.75
2025-04-17,JD,-1141,3074.0,5.0,0.0,1711.5,2567.25,0.0,1711.5,2567.25
2025-04-17,P,-102,8660.0,10.0,0.0,255.0,382.5,0.0,255.0,382.5
2025-04-17,P,-22,8660.0,10.0,0.0,55.0,82.5,0.0,55.0,82.5
2025-04-17,P,-30,8660.0,10.0,0.0,75.0,112.5,0.0,75.0,112.5
2025-04-17,P,165,8108.0,10.0,0.0,412.5,618.75,0.0,412.5,618.75
2025-04-18,UR,-388,1770.0,20.0,0.0,388.0,582.0,0.0,388.0,582.0
2025-04-18,UR,-92,1770.0,20.0,0.0,92.0,138.0,0.0,92.0,138.0
2025-04-18,UR,426,1763.0,20.0,0.0,426.0,639.0,0.0,426.0,639.0
2025-04-21,AP,135,7704.0,10.0,0.0,675.0,1012.5,0.0,675.0,1012.5
2025-04-21,CF,-224,12885.0,5.0,0.0,963.1999999999999,1444.8,0.0,963.1999999999999,1444.8
2025-04-21,FG,-770,1122.0,20.0,0.0,4620.0,6930.0,0.0,4620.0,6930.0
2025-04-21,JD,1141,3074.0,5.0,0.0,1711.5,2567.25,0.0,1711.5,2567.25
2025-04-21,P,-11,8106.0,10.0,0.0,27.5,41.25,0.0,27.5,41.25
2025-04-21,RB,321,3081.0,10.0,1e-05,98.90010000000001,148.35015,0.0001,989.001,1483.5014999999999
2025-04-21,SC,-14,489.7,1000.0,0.0,280.0,420.0,0.0,280.0,420.0
2025-04-21,SP,274,5380.0,10.0,5e-06,73.706,110.559,5e-05,737.06,1105.59
2025-04-21,SR,-564,5957.0,10.0,0.0,1692.0,2538.0,0.0,1692.0,2538.0
2025-04-21,UR,-25,1771.0,20.0,0.0,25.0,37.5,0.0,25.0,37.5
2025-04-28,AP,-135,8032.0,10.0,0.0,675.0,1012.5,0.0,675.0,1012.5
2025-04-28,JD,882,2993.0,5.0,0.0,1323.0,1984.5,0.0,1323.0,1984.5
2025-04-28,RB,432,3107.0,10.0,1e-05,134.22240000000002,201.33360000000005,0.0001,1342.2240000000002,2013.3360000000002
2025-04-28,RU,-54,14670.0,10.0,0.0,162.0,243.0,0.0,162.0,243.0
2025-04-28,UR,-401,1748.0,20.0,0.0,401.0,601.5,0.0,401.0,601.5
2025-05-06,AP,127,8062.0,10.0,0.0,635.0,952.5,0.0,635.0,952.5
2025-05-06,JD,-882,2913.0,5.0,0.0,1323.0,1984.5,0.0,1323.0,1984.5
2025-05-06,RU,-10,14590.0,10.0,0.0,30.0,45.0,0.0,30.0,45.0
2025-05-12,AP,-127,7818.0,10.0,0.0,635.0,952.5,0.0,635.0,952.5
2025-05-12,C,1402,2382.0,10.0,0.0,1682.3999999999999,2523.6,0.0,1682.3999999999999,2523.6
2025-05-12,CF,-33,12935.0,5.0,0.0,141.9,212.85000000000002,0.0,141.9,212.85000000000002
2025-05-12,FG,-7,1032.0,20.0,0.0,42.0,63.0,0.0,42.0,63.0
2025-05-12,RU,-13,14650.0,10.0,0.0,39.0,58.5,0.0,39.0,58.5
2025-05-12,T,2,108.895,10000.0,0.0,6.0,9.0,0.0,6.0,9.0
2025-05-16,AL,850,20180.0,5.0,0.0,2550.0,3825.0,0.0,2550.0,3825.0
2025-05-16,AL,-720,20140.0,5.0,0.0,2160.0,3240.0,0.0,2160.0,3240.0
2025-05-19,AL,720,20130.0,5.0,0.0,2160.0,3240.0,0.0,2160.0,3240.0
2025-05-19,C,155,2338.0,10.0,0.0,186.0,279.0,0.0,186.0,279.0
2025-05-19,CF,209,13400.0,5.0,0.0,898.6999999999999,1348.05,0.0,898.6999999999999,1348.05
2025-05-19,FG,-604,1001.0,20.0,0.0,3624.0,5436.0,0.0,3624.0,5436.0
2025-05-19,M,-657,2893.0,10.0,0.0,985.5,1478.25,0.0,985.5,1478.25
2025-05-19,RU,63,14880.0,10.0,0.0,189.0,283.5,0.0,189.0,283.5
2025-05-19,RU,54,14880.0,10.0,0.0,162.0,243.0,0.0,162.0,243.0
2025-05-19,RU,10,14880.0,10.0,0.0,30.0,45.0,0.0,30.0,45.0
2025-05-19,RU,13,14880.0,10.0,0.0,39.0,58.5,0.0,39.0,58.5
2025-05-19,T,30,108.515,10000.0,0.0,90.0,135.0,0.0,90.0,135.0
2025-05-19,UR,316,1860.0,20.0,0.0,316.0,474.0,0.0,316.0,474.0
2025-05-21,T,-324,108.535,10000.0,0.0,972.0,1458.0,0.0,972.0,1458.0
2025-05-21,T,-2,108.535,10000.0,0.0,6.0,9.0,0.0,6.0,9.0
2025-05-21,T,-30,108.535,10000.0,0.0,90.0,135.0,0.0,90.0,135.0
2025-05-21,T,415,108.905,10000.0,0.0,1245.0,1867.5,0.0,1245.0,1867.5
2025-05-26,C,-1402,2326.0,10.0,0.0,1682.3999999999999,2523.6,0.0,1682.3999999999999,2523.6
2025-05-26,C,-155,2326.0,10.0,0.0,186.0,279.0,0.0,186.0,279.0
2025-05-26,CF,142,13395.0,5.0,0.0,610.6,915.9000000000001,0.0,610.6,915.9000000000001
2025-05-26,CF,224,13395.0,5.0,0.0,963.1999999999999,1444.8,0.0,963.1999999999999,1444.8
2025-05-26,CF,33,13395.0,5.0,0.0,141.9,212.85000000000002,0.0,141.9,212.85000000000002
2025-05-26,CF,466,13395.0,5.0,0.0,2003.8,3005.7,0.0,2003.8,3005.7
2025-05-26,FG,-354,998.0,20.0,0.0,2124.0,3186.0,0.0,2124.0,3186.0
2025-05-26,LH,-132,13555.0,16.0,0.0,132.0,198.0,0.0,132.0,198.0
2025-05-26,M,-166,2943.0,10.0,0.0,249.0,373.5,0.0,249.0,373.5
2025-05-26,P,54,7984.0,10.0,0.0,135.0,202.5,0.0,135.0,202.5
2025-05-26,RB,-758,3039.0,10.0,1e-05,230.3562,345.53430000000003,0.0001,2303.562,3455.343
2025-05-26,T,-415,108.885,10000.0,0.0,1245.0,1867.5,0.0,1245.0,1867.5
2025-05-26,UR,115,1832.0,20.0,0.0,115.0,172.5,0.0,115.0,172.5
2025-06-03,CF,-466,13295.0,5.0,0.0,2003.8,3005.7,0.0,2003.8,3005.7
2025-06-03,FG,-186,975.0,20.0,0.0,1116.0,1674.0,0.0,1116.0,1674.0
2025-06-03,LH,-13,13570.0,16.0,0.0,13.0,19.5,0.0,13.0,19.5
2025-06-03,M,657,2952.0,10.0,0.0,985.5,1478.25,0.0,985.5,1478.25
2025-06-03,M,166,2952.0,10.0,0.0,249.0,373.5,0.0,249.0,373.5
2025-06-03,P,30,8104.0,10.0,0.0,75.0,112.5,0.0,75.0,112.5
2025-06-03,RB,-332,2947.0,10.0,1e-05,97.8404,146.7606,0.0001,978.404,1467.606
2025-06-03,SP,338,5424.0,10.0,5e-06,91.6656,137.4984,5e-05,916.6560000000001,1374.9840000000002
2025-06-03,UR,-316,1798.0,20.0,0.0,316.0,474.0,0.0,316.0,474.0
2025-06-03,UR,-115,1798.0,20.0,0.0,115.0,172.5,0.0,115.0,172.5
2025-06-09,LH,132,13440.0,16.0,0.0,132.0,198.0,0.0,132.0,198.0
2025-06-09,LH,13,13440.0,16.0,0.0,13.0,19.5,0.0,13.0,19.5
2025-06-09,P,5,8126.0,10.0,0.0,12.5,18.75,0.0,12.5,18.75
2025-06-09,SP,8,5286.0,10.0,5e-06,2.1144000000000003,3.1716000000000006,5e-05,21.144000000000002,31.716
2025-06-09,SR,-746,5715.0,10.0,0.0,2238.0,3357.0,0.0,2238.0,3357.0
2025-06-16,FG,163,981.0,20.0,0.0,978.0,1467.0,0.0,978.0,1467.0
2025-06-16,LH,-168,13790.0,16.0,0.0,168.0,252.0,0.0,168.0,252.0
2025-06-16,P,39,8174.0,10.0,0.0,97.5,146.25,0.0,97.5,146.25
2025-06-16,RB,-502,2960.0,10.0,1e-05,148.592,222.88800000000003,0.0001,1485.92,2228.88
2025-06-16,SP,68,5256.0,10.0,5e-06,17.870400000000004,26.805600000000005,5e-05,178.704,268.05600000000004
2025-06-16,SR,746,5654.0,10.0,0.0,2238.0,3357.0,0.0,2238.0,3357.0
2025-06-16,UR,-633,1688.0,20.0,0.0,633.0,949.5,0.0,633.0,949.5
2025-06-20,SP,-338,5228.0,10.0,2e-06,35.34128,53.011919999999996,1.9999999999999998e-05,353.41279999999995,530.1191999999999
2025-06-20,SP,-8,5228.0,10.0,2e-06,0.83648,1.25472,1.9999999999999998e-05,8.364799999999999,12.547199999999998
2025-06-20,SP,-68,5228.0,10.0,2e-06,7.11008,10.66512,1.9999999999999998e-05,71.10079999999999,106.65119999999999
2025-06-20,SP,499,5260.0,10.0,5e-06,131.237,196.8555,5e-05,1312.3700000000001,1968.5550000000003
2025-06-23,C,-2029,2409.0,10.0,0.0,2434.7999999999997,3652.2,0.0,2434.7999999999997,3652.2
2025-06-23,FG,607,1009.0,20.0,0.0,3642.0,5463.0,0.0,3642.0,5463.0
2025-06-23,FG,7,1009.0,20.0,0.0,42.0,63.0,0.0,42.0,63.0
2025-06-23,FG,467,1009.0,20.0,0.0,2802.0,4203.0,0.0,2802.0,4203.0
2025-06-23,LH,168,14005.0,16.0,0.0,168.0,252.0,0.0,168.0,252.0
2025-06-23,M,787,3076.0,10.0,0.0,1180.5,1770.75,0.0,1180.5,1770.75
2025-06-23,P,-36,8536.0,10.0,0.0,90.0,135.0,0.0,90.0,135.0
2025-06-23,RB,273,2992.0,10.0,1e-05,81.6816,122.5224,0.0001,816.816,1225.2240000000002
2025-06-23,SC,34,563.0,1000.0,0.0,680.0,1020.0,0.0,680.0,1020.0
2025-06-23,SP,-499,5246.0,10.0,5e-06,130.88770000000002,196.33155000000005,5e-05,1308.8770000000002,1963.3155000000002
2025-06-23,SR,-678,5718.0,10.0,0.0,2034.0,3051.0,0.0,2034.0,3051.0
2025-06-23,T,647,109.17,10000.0,0.0,1941.0,2911.5,0.0,1941.0,2911.5
2025-06-23,UR,179,1737.0,20.0,0.0,179.0,268.5,0.0,179.0,268.5
2025-06-30,AL,1246,20580.0,5.0,0.0,3738.0,5607.0,0.0,3738.0,5607.0
2025-06-30,C,9,2381.0,10.0,0.0,10.799999999999999,16.2,0.0,10.799999999999999,16.2
2025-06-30,FG,-331,1015.0,20.0,0.0,1986.0,2979.0,0.0,1986.0,2979.0
2025-06-30,M,-4,2940.0,10.0,0.0,6.0,9.0,0.0,6.0,9.0
2025-06-30,P,-20,8362.0,10.0,0.0,50.0,75.0,0.0,50.0,75.0
2025-06-30,RB,374,2999.0,10.0,1e-05,112.1626,168.2439,0.0001,1121.626,1682.4389999999999
2025-06-30,SC,-22,498.4,1000.0,0.0,440.0,660.0,0.0,440.0,660.0
2025-06-30,SR,3,5810.0,10.0,0.0,9.0,13.5,0.0,9.0,13.5
2025-06-30,T,-325,109.02,10000.0,0.0,975.0,1462.5,0.0,975.0,1462.5
2025-06-30,UR,30,1722.0,20.0,0.0,30.0,45.0,0.0,30.0,45.0
2025-07-01,AL,-20,20550.0,5.0,0.0,60.0,90.0,0.0,60.0,90.0
2025-07-01,C,33,2381.0,10.0,0.0,39.6,59.400000000000006,0.0,39.6,59.400000000000006
2025-07-01,FG,17,1007.0,20.0,0.0,102.0,153.0,0.0,102.0,153.0
2025-07-01,M,-13,2966.0,10.0,0.0,19.5,29.25,0.0,19.5,29.25
2025-07-01,P,-4,8336.0,10.0,0.0,10.0,15.0,0.0,10.0,15.0
2025-07-01,RB,56,2994.0,10.0,1e-05,16.7664,25.1496,0.0001,167.66400000000002,251.49600000000004
2025-07-01,SC,-1,497.8,1000.0,0.0,20.0,30.0,0.0,20.0,30.0
2025-07-01,SR,11,5775.0,10.0,0.0,33.0,49.5,0.0,33.0,49.5
2025-07-01,T,-5,108.92,10000.0,0.0,15.0,22.5,0.0,15.0,22.5
2025-07-01,UR,7,1709.0,20.0,0.0,7.0,10.5,0.0,7.0,10.5
2025-07-04,AL,-11,20635.0,5.0,0.0,33.0,49.5,0.0,33.0,49.5
2025-07-04,C,18,2365.0,10.0,0.0,21.599999999999998,32.4,0.0,21.599999999999998,32.4
2025-07-04,FG,9,1031.0,20.0,0.0,54.0,81.0,0.0,54.0,81.0
2025-07-04,M,-7,2965.0,10.0,0.0,10.5,15.75,0.0,10.5,15.75
2025-07-04,P,-2,8494.0,10.0,0.0,5.0,7.5,0.0,5.0,7.5
2025-07-04,RB,31,3074.0,10.0,1e-05,9.5294,14.2941,0.0001,95.29400000000001,142.94100000000003
2025-07-04,SC,-1,508.1,1000.0,0.0,20.0,30.0,0.0,20.0,30.0
2025-07-04,SR,6,5794.0,10.0,0.0,18.0,27.0,0.0,18.0,27.0
2025-07-04,T,-1,109.085,10000.0,0.0,3.0,4.5,0.0,3.0,4.5
2025-07-04,UR,4,1742.0,20.0,0.0,4.0,6.0,0.0,4.0,6.0
2025-07-07,AL,462,20600.0,5.0,0.0,1386.0,2079.0,0.0,1386.0,2079.0
2025-07-07,C,-202,2349.0,10.0,0.0,242.39999999999998,363.59999999999997,0.0,242.39999999999998,363.59999999999997
2025-07-07,CF,699,13780.0,5.0,0.0,3005.7,4508.549999999999,0.0,3005.7,4508.549999999999
2025-07-07,FG,-55,1022.0,20.0,0.0,330.0,495.0,0.0,330.0,495.0
2025-07-07,JD,-1627,3530.0,5.0,0.0,2440.5,3660.75,0.0,2440.5,3660.75
2025-07-07,M,-763,2952.0,10.0,0.0,1144.5,1716.75,0.0,1144.5,1716.75
2025-07-07,MA,619,2392.0,10.0,0.0,619.0,928.5,0.0,619.0,928.5
2025-07-07,P,27,8454.0,10.0,0.0,67.5,101.25,0.0,67.5,101.25
2025-07-07,RB,1783,3071.0,10.0,1e-05,547.5593000000001,821.3389500000002,0.0001,5475.593000000001,8213.389500000001
2025-07-07,RB,758,3071.0,10.0,1e-05,232.78180000000003,349.1727000000001,0.0001,2327.818,3491.7270000000003
2025-07-07,RB,332,3071.0,10.0,1e-05,101.95720000000001,152.93580000000003,0.0001,1019.572,1529.358
2025-07-07,RB,502,3071.0,10.0,1e-05,154.16420000000002,231.24630000000002,0.0001,1541.642,2312.463
2025-07-07,SC,-10,501.4,1000.0,0.0,200.0,300.0,0.0,200.0,300.0
2025-07-07,SP,-335,5064.0,10.0,5e-06,84.82200000000002,127.23300000000003,5e-05,848.22,1272.33
2025-07-07,SR,658,5766.0,10.0,0.0,1974.0,2961.0,0.0,1974.0,2961.0
2025-07-07,T,48,109.13,10000.0,0.0,144.0,216.0,0.0,144.0,216.0
2025-07-07,UR,413,1741.0,20.0,0.0,413.0,619.5,0.0,413.0,619.5
2025-07-14,JD,1627,3452.0,5.0,0.0,2440.5,3660.75,0.0,2440.5,3660.75
2025-07-14,M,-904,2974.0,10.0,0.0,1356.0,2034.0,0.0,1356.0,2034.0
2025-07-14,MA,50,2371.0,10.0,0.0,50.0,75.0,0.0,50.0,75.0
2025-07-14,P,4,8686.0,10.0,0.0,10.0,15.0,0.0,10.0,15.0
2025-07-14,SP,-15,5226.0,10.0,5e-06,3.9195000000000007,5.879250000000001,5e-05,39.195,58.792500000000004
2025-07-14,T,33,108.78,10000.0,0.0,99.0,148.5,0.0,99.0,148.5
2025-07-15,T,-33,108.785,10000.0,0.0,99.0,148.5,0.0,99.0,148.5
2025-07-18,AL,-1215,20430.0,5.0,0.0,3645.0,5467.5,0.0,3645.0,5467.5
2025-07-18,AL,-462,20430.0,5.0,0.0,1386.0,2079.0,0.0,1386.0,2079.0
2025-07-18,AL,1625,20415.0,5.0,0.0,4875.0,7312.5,0.0,4875.0,7312.5
2025-07-21,AL,90,20565.0,5.0,0.0,270.0,405.0,0.0,270.0,405.0
2025-07-21,C,-2722,2316.0,10.0,0.0,3266.4,4899.6,0.0,3266.4,4899.6
2025-07-21,CF,-31,14285.0,5.0,0.0,133.29999999999998,199.95,0.0,133.29999999999998,199.95
2025-07-21,FG,111,1097.0,20.0,0.0,666.0,999.0,0.0,666.0,999.0
2025-07-21,FG,190,1097.0,20.0,0.0,1140.0,1710.0,0.0,1140.0,1710.0
2025-07-21,M,904,3062.0,10.0,0.0,1356.0,2034.0,0.0,1356.0,2034.0
2025-07-21,MA,-619,2366.0,10.0,0.0,619.0,928.5,0.0,619.0,928.5
2025-07-21,MA,-50,2366.0,10.0,0.0,50.0,75.0,0.0,50.0,75.0
2025-07-21,MA,-851,2366.0,10.0,0.0,851.0,1276.5,0.0,851.0,1276.5
2025-07-21,P,46,8980.0,10.0,0.0,115.0,172.5,0.0,115.0,172.5
2025-07-21,SP,335,5292.0,10.0,5e-06,88.641,132.9615,5e-05,886.41,1329.615
2025-07-21,SP,15,5292.0,10.0,5e-06,3.969,5.9535,5e-05,39.69,59.535
2025-07-21,T,-283,108.69,10000.0,0.0,849.0,1273.5,0.0,849.0,1273.5
2025-07-21,T,-48,108.69,10000.0,0.0,144.0,216.0,0.0,144.0,216.0
2025-07-21,T,-33,108.69,10000.0,0.0,99.0,148.5,0.0,99.0,148.5
2025-07-22,AL,-20,20845.0,5.0,0.0,60.0,90.0,0.0,60.0,90.0
2025-07-22,C,55,2322.0,10.0,0.0,66.0,99.0,0.0,66.0,99.0
2025-07-22,CF,-8,14145.0,5.0,0.0,34.4,51.599999999999994,0.0,34.4,51.599999999999994
2025-07-22,FG,9,1175.0,20.0,0.0,54.0,81.0,0.0,54.0,81.0
2025-07-22,MA,10,2410.0,10.0,0.0,10.0,15.0,0.0,10.0,15.0
2025-07-22,P,-4,8878.0,10.0,0.0,10.0,15.0,0.0,10.0,15.0
2025-07-23,AL,-19,20910.0,5.0,0.0,57.0,85.5,0.0,57.0,85.5
2025-07-23,C,54,2318.0,10.0,0.0,64.8,97.19999999999999,0.0,64.8,97.19999999999999
2025-07-23,CF,-8,14240.0,5.0,0.0,34.4,51.599999999999994,0.0,34.4,51.599999999999994
2025-07-23,FG,9,1244.0,20.0,0.0,54.0,81.0,0.0,54.0,81.0
2025-07-23,MA,10,2459.0,10.0,0.0,10.0,15.0,0.0,10.0,15.0
2025-07-23,P,-4,8904.0,10.0,0.0,10.0,15.0,0.0,10.0,15.0
2025-07-25,AL,-29,20755.0,5.0,0.0,87.0,130.5,0.0,87.0,130.5
2025-07-25,C,83,2322.0,10.0,0.0,99.6,149.39999999999998,0.0,99.6,149.39999999999998
2025-07-25,CF,-12,14180.0,5.0,0.0,51.599999999999994,77.39999999999999,0.0,51.599999999999994,77.39999999999999
2025-07-25,FG,13,1312.0,20.0,0.0,78.0,117.0,0.0,78.0,117.0
2025-07-25,MA,15,2481.0,10.0,0.0,15.0,22.5,0.0,15.0,22.5
2025-07-25,P,-5,9054.0,10.0,0.0,12.5,18.75,0.0,12.5,18.75
2025-07-28,AL,-56,20760.0,5.0,0.0,168.0,252.0,0.0,168.0,252.0
2025-07-28,C,-159,2306.0,10.0,0.0,190.79999999999998,286.2,0.0,190.79999999999998,286.2
2025-07-28,CF,51,14185.0,5.0,0.0,219.29999999999998,328.95,0.0,219.29999999999998,328.95
2025-07-28,FG,133,1357.0,20.0,0.0,798.0,1197.0,0.0,798.0,1197.0
2025-07-28,FG,169,1357.0,20.0,0.0,1014.0,1521.0,0.0,1014.0,1521.0
2025-07-28,MA,816,2523.0,10.0,0.0,816.0,1224.0,0.0,816.0,1224.0
2025-07-28,P,-10,8932.0,10.0,0.0,25.0,37.5,0.0,25.0,37.5
2025-07-28,RU,150,15605.0,10.0,0.0,450.0,675.0,0.0,450.0,675.0
2025-07-29,AL,-13,20630.0,5.0,0.0,39.0,58.5,0.0,39.0,58.5
2025-07-29,C,40,2319.0,10.0,0.0,48.0,72.0,0.0,48.0,72.0
2025-07-29,CF,-6,14075.0,5.0,0.0,25.799999999999997,38.699999999999996,0.0,25.799999999999997,38.699999999999996
2025-07-29,FG,4,1222.0,20.0,0.0,24.0,36.0,0.0,24.0,36.0
2025-07-29,P,-3,8948.0,10.0,0.0,7.5,11.25,0.0,7.5,11.25
2025-07-29,RU,-2,14990.0,10.0,0.0,6.0,9.0,0.0,6.0,9.0
2025-07-31,AL,-7,20630.0,5.0,0.0,21.0,31.5,0.0,21.0,31.5
2025-07-31,C,21,2314.0,10.0,0.0,25.2,37.8,0.0,25.2,37.8
2025-07-31,CF,-3,13740.0,5.0,0.0,12.899999999999999,19.349999999999998,0.0,12.899999999999999,19.349999999999998
2025-07-31,FG,2,1177.0,20.0,0.0,12.0,18.0,0.0,12.0,18.0
2025-07-31,P,-2,8958.0,10.0,0.0,5.0,7.5,0.0,5.0,7.5
2025-07-31,RU,-1,14910.0,10.0,0.0,3.0,4.5,0.0,3.0,4.5
2025-08-04,AL,-41,20455.0,5.0,0.0,123.0,184.5,0.0,123.0,184.5
2025-08-04,AP,356,7775.0,10.0,0.0,1780.0,2670.0,0.0,1780.0,2670.0
2025-08-04,C,471,2300.0,10.0,0.0,565.1999999999999,847.8,0.0,565.1999999999999,847.8
2025-08-04,CF,-631,13575.0,5.0,0.0,2713.2999999999997,4069.95,0.0,2713.2999999999997,4069.95
2025-08-04,CF,-51,13575.0,5.0,0.0,219.29999999999998,328.95,0.0,219.29999999999998,328.95
2025-08-04,FG,11,1104.0,20.0,0.0,66.0,99.0,0.0,66.0,99.0
2025-08-04,FG,111,1104.0,20.0,0.0,666.0,999.0,0.0,666.0,999.0
2025-08-04,P,4,8922.0,10.0,0.0,10.0,15.0,0.0,10.0,15.0
2025-08-04,RU,-147,14330.0,10.0,0.0,441.0,661.5,0.0,441.0,661.5
2025-08-04,SC,19,527.8,1000.0,0.0,380.0,570.0,0.0,380.0,570.0
2025-08-04,SP,715,5184.0,10.0,5e-06,185.32800000000003,277.9920000000001,5e-05,1853.28,2779.92
2025-08-11,AL,-1440,20675.0,5.0,0.0,4320.0,6480.0,0.0,4320.0,6480.0
2025-08-11,AL,-90,20675.0,5.0,0.0,270.0,405.0,0.0,270.0,405.0
2025-08-11,AP,-356,8098.0,10.0,0.0,1780.0,2670.0,0.0,1780.0,2670.0
2025-08-11,C,1245,2260.0,10.0,0.0,1494.0,2241.0,0.0,1494.0,2241.0
2025-08-11,C,202,2260.0,10.0,0.0,242.39999999999998,363.59999999999997,0.0,242.39999999999998,363.59999999999997
2025-08-11,C,71,2260.0,10.0,0.0,85.2,127.80000000000001,0.0,85.2,127.80000000000001
2025-08-11,FG,-396,1056.0,20.0,0.0,2376.0,3564.0,0.0,2376.0,3564.0
2025-08-11,JD,-1487,3348.0,5.0,0.0,2230.5,3345.75,0.0,2230.5,3345.75
2025-08-11,P,368,8978.0,10.0,0.0,920.0,1380.0,0.0,920.0,1380.0
2025-08-11,SC,10,494.7,1000.0,0.0,200.0,300.0,0.0,200.0,300.0
2025-08-11,SP,-715,5160.0,10.0,2e-06,73.788,110.68199999999999,1.9999999999999998e-05,737.8799999999999,1106.8199999999997
2025-08-11,UR,-568,1717.0,20.0,0.0,568.0,852.0,0.0,568.0,852.0
2025-08-12,SC,-19,495.1,1000.0,0.0,380.0,570.0,0.0,380.0,570.0
2025-08-12,SC,-10,495.1,1000.0,0.0,200.0,300.0,0.0,200.0,300.0
2025-08-12,SC,32,492.8,1000.0,0.0,640.0,960.0,0.0,640.0,960.0
2025-08-14,FG,220,1055.0,20.0,0.0,440.0,660.0,0.0,440.0,660.0
2025-08-14,FG,55,1055.0,20.0,0.0,110.0,165.0,0.0,110.0,165.0
2025-08-14,FG,396,1055.0,20.0,0.0,792.0,1188.0,0.0,792.0,1188.0
2025-08-14,FG,-822,1202.0,20.0,0.0,4932.0,7398.0,0.0,4932.0,7398.0
2025-08-15,JD,1487,3213.0,5.0,0.0,2230.5,3345.75,0.0,2230.5,3345.75
2025-08-15,JD,-1620,3192.0,5.0,0.0,2430.0,3645.0,0.0,2430.0,3645.0
2025-08-15,P,-64,9284.0,10.0,0.0,160.0,240.0,0.0,160.0,240.0
2025-08-15,P,-54,9284.0,10.0,0.0,135.0,202.5,0.0,135.0,202.5
2025-08-15,P,-30,9284.0,10.0,0.0,75.0,112.5,0.0,75.0,112.5
2025-08-15,P,-5,9284.0,10.0,0.0,12.5,18.75,0.0,12.5,18.75
2025-08-15,P,-39,9284.0,10.0,0.0,97.5,146.25,0.0,97.5,146.25
2025-08-15,P,-27,9284.0,10.0,0.0,67.5,101.25,0.0,67.5,101.25
2025-08-15,P,-4,9284.0,10.0,0.0,10.0,15.0,0.0,10.0,15.0
2025-08-15,P,-46,9284.0,10.0,0.0,115.0,172.5,0.0,115.0,172.5
2025-08-15,P,-4,9284.0,10.0,0.0,10.0,15.0,0.0,10.0,15.0
2025-08-15,P,-368,9284.0,10.0,0.0,920.0,1380.0,0.0,920.0,1380.0
2025-08-15,P,639,9388.0,10.0,0.0,1597.5,2396.25,0.0,1597.5,2396.25
2025-08-15,UR,568,1719.0,20.0,0.0,568.0,852.0,0.0,568.0,852.0
2025-08-15,UR,-708,1723.0,20.0,0.0,708.0,1062.0,0.0,708.0,1062.0
2025-08-18,AL,1968,20705.0,5.0,0.0,5904.0,8856.0,0.0,5904.0,8856.0
2025-08-18,AP,416,8187.0,10.0,0.0,2080.0,3120.0,0.0,2080.0,3120.0
2025-08-18,C,2651,2269.0,10.0,0.0,3181.2,4771.799999999999,0.0,3181.2,4771.799999999999
2025-08-18,C,159,2269.0,10.0,0.0,190.79999999999998,286.2,0.0,190.79999999999998,286.2
2025-08-18,FG,411,1215.0,20.0,0.0,2466.0,3699.0,0.0,2466.0,3699.0
2025-08-18,JD,206,3172.0,5.0,0.0,309.0,463.5,0.0,309.0,463.5
2025-08-18,P,-334,9516.0,10.0,0.0,835.0,1252.5,0.0,835.0,1252.5
2025-08-18,RU,134,15860.0,10.0,0.0,402.0,603.0,0.0,402.0,603.0
2025-08-18,SC,-32,486.2,1000.0,0.0,640.0,960.0,0.0,640.0,960.0
2025-08-18,SR,-992,5651.0,10.0,0.0,2976.0,4464.0,0.0,2976.0,4464.0
2025-08-18,UR,708,1752.0,20.0,0.0,708.0,1062.0,0.0,708.0,1062.0
2025-08-20,AL,-1968,20540.0,5.0,0.0,5904.0,8856.0,0.0,5904.0,8856.0
2025-08-20,AL,2211,20555.0,5.0,0.0,6633.0,9949.5,0.0,6633.0,9949.5
2025-08-20,AP,-50,8121.0,10.0,0.0,250.0,375.0,0.0,250.0,375.0
2025-08-20,FG,50,1200.0,20.0,0.0,300.0,450.0,0.0,300.0,450.0
2025-08-20,JD,170,3052.0,5.0,0.0,255.0,382.5,0.0,255.0,382.5
2025-08-20,P,-37,9578.0,10.0,0.0,92.5,138.75,0.0,92.5,138.75
2025-08-20,RU,-17,15850.0,10.0,0.0,51.0,76.5,0.0,51.0,76.5
2025-08-20,SR,120,5669.0,10.0,0.0,360.0,540.0,0.0,360.0,540.0
2025-08-21,AL,-23,20565.0,5.0,0.0,69.0,103.5,0.0,69.0,103.5
2025-08-21,AP,-4,8056.0,10.0,0.0,20.0,30.0,0.0,20.0,30.0
2025-08-21,FG,4,1167.0,20.0,0.0,24.0,36.0,0.0,24.0,36.0
2025-08-21,JD,13,3072.0,5.0,0.0,19.5,29.25,0.0,19.5,29.25
2025-08-21,P,-3,9544.0,10.0,0.0,7.5,11.25,0.0,7.5,11.25
2025-08-21,RU,-2,15745.0,10.0,0.0,6.0,9.0,0.0,6.0,9.0
2025-08-21,SR,9,5688.0,10.0,0.0,27.0,40.5,0.0,27.0,40.5
2025-08-25,AL,-95,20620.0,5.0,0.0,285.0,427.5,0.0,285.0,427.5
2025-08-25,AP,78,8122.0,10.0,0.0,390.0,585.0,0.0,390.0,585.0
2025-08-25,FG,-34,1174.0,20.0,0.0,204.0,306.0,0.0,204.0,306.0
2025-08-25,JD,-112,3033.0,5.0,0.0,168.0,252.0,0.0,168.0,252.0
2025-08-25,LH,-145,13940.0,16.0,0.0,145.0,217.5,0.0,145.0,217.5
2025-08-25,P,10,9616.0,10.0,0.0,25.0,37.5,0.0,25.0,37.5
2025-08-25,RU,37,15660.0,10.0,0.0,111.0,166.5,0.0,111.0,166.5
2025-08-25,SR,863,5674.0,10.0,0.0,2589.0,3883.5,0.0,2589.0,3883.5
2025-09-01,AL,-2093,20735.0,5.0,0.0,6279.0,9418.5,0.0,6279.0,9418.5
2025-09-01,AP,-362,8356.0,10.0,0.0,1810.0,2715.0,0.0,1810.0,2715.0
2025-09-01,AP,-78,8356.0,10.0,0.0,390.0,585.0,0.0,390.0,585.0
2025-09-01,FG,-966,1179.0,20.0,0.0,5796.0,8694.0,0.0,5796.0,8694.0
2025-09-01,JD,-1700,2956.0,5.0,0.0,2550.0,3825.0,0.0,2550.0,3825.0
2025-09-01,LH,145,13710.0,16.0,0.0,145.0,217.5,0.0,145.0,217.5
2025-09-01,P,304,9304.0,10.0,0.0,760.0,1140.0,0.0,760.0,1140.0
2025-09-01,RB,-3238,3094.0,10.0,1e-05,1001.8372,1502.7558000000001,0.0001,10018.372000000001,15027.558
2025-09-01,RU,-115,15875.0,10.0,0.0,345.0,517.5,0.0,345.0,517.5
2025-09-01,RU,-37,15875.0,10.0,0.0,111.0,166.5,0.0,111.0,166.5
2025-09-01,SC,32,487.2,1000.0,0.0,640.0,960.0,0.0,640.0,960.0
2025-09-02,RB,3238,3050.0,10.0,1e-05,987.5900000000001,1481.3850000000002,0.0001,9875.900000000001,14813.850000000002
2025-09-02,RB,-3626,3113.0,10.0,1e-05,1128.7738000000002,1693.1607000000004,0.0001,11287.738,16931.607
2025-09-08,AL,1512,20760.0,5.0,0.0,4536.0,6804.0,0.0,4536.0,6804.0
2025-09-08,AP,284,8348.0,10.0,0.0,1420.0,2130.0,0.0,1420.0,2130.0
2025-09-08,FG,357,1194.0,20.0,0.0,2142.0,3213.0,0.0,2142.0,3213.0
2025-09-08,FG,34,1194.0,20.0,0.0,204.0,306.0,0.0,204.0,306.0
2025-09-08,FG,966,1194.0,20.0,0.0,5796.0,8694.0,0.0,5796.0,8694.0
2025-09-08,JD,977,3002.0,5.0,0.0,1465.5,2198.25,0.0,1465.5,2198.25
2025-09-08,MA,-721,2408.0,10.0,0.0,721.0,1081.5,0.0,721.0,1081.5
2025-09-08,P,-265,9506.0,10.0,0.0,662.5,993.75,0.0,662.5,993.75
2025-09-08,P,-10,9506.0,10.0,0.0,25.0,37.5,0.0,25.0,37.5
2025-09-08,P,-50,9506.0,10.0,0.0,125.0,187.5,0.0,125.0,187.5
2025-09-08,RB,1165,3147.0,10.0,1e-05,366.62550000000005,549.93825,0.0001,3666.255,5499.3825
2025-09-08,RU,109,16345.0,10.0,0.0,327.0,490.5,0.0,327.0,490.5
2025-09-08,SC,-32,475.4,1000.0,0.0,640.0,960.0,0.0,640.0,960.0
2025-09-08,SP,-879,5060.0,10.0,5e-06,222.387,333.58050000000003,5e-05,2223.8700000000003,3335.8050000000003
2025-09-09,AL,-19,20690.0,5.0,0.0,57.0,85.5,0.0,57.0,85.5
2025-09-09,AP,-4,8338.0,10.0,0.0,20.0,30.0,0.0,20.0,30.0
2025-09-09,JD,26,2997.0,5.0,0.0,39.0,58.5,0.0,39.0,58.5
2025-09-09,MA,9,2409.0,10.0,0.0,9.0,13.5,0.0,9.0,13.5
2025-09-09,P,-4,9470.0,10.0,0.0,10.0,15.0,0.0,10.0,15.0
2025-09-09,RB,30,3139.0,10.0,1e-05,9.417,14.125499999999999,0.0001,94.17,141.255
2025-09-09,RU,-2,16250.0,10.0,0.0,6.0,9.0,0.0,6.0,9.0
2025-09-09,SP,11,5042.0,10.0,5e-06,2.7731000000000003,4.159650000000001,5e-05,27.730999999999998,41.5965
2025-09-10,AL,-12,20745.0,5.0,0.0,36.0,54.0,0.0,36.0,54.0
2025-09-10,AP,-280,8042.0,10.0,0.0,1400.0,2100.0,0.0,1400.0,2100.0
2025-09-10,AP,291,8048.0,10.0,0.0,1455.0,2182.5,0.0,1455.0,2182.5
2025-09-10,JD,16,3058.0,5.0,0.0,24.0,36.0,0.0,24.0,36.0
2025-09-10,MA,6,2400.0,10.0,0.0,6.0,9.0,0.0,6.0,9.0
2025-09-10,P,-2,9466.0,10.0,0.0,5.0,7.5,0.0,5.0,7.5
2025-09-10,RB,19,3116.0,10.0,1e-05,5.920400000000001,8.880600000000001,0.0001,59.204,88.806
2025-09-10,RU,-1,15950.0,10.0,0.0,3.0,4.5,0.0,3.0,4.5
2025-09-10,SP,7,4956.0,10.0,5e-06,1.7346000000000001,2.6019,5e-05,17.346,26.019
2025-09-12,AL,-46,20970.0,5.0,0.0,138.0,207.0,0.0,138.0,207.0
2025-09-12,AP,-9,8275.0,10.0,0.0,45.0,67.5,0.0,45.0,67.5
2025-09-12,JD,212,3055.0,5.0,0.0,318.0,477.0,0.0,318.0,477.0
2025-09-12,JD,112,3055.0,5.0,0.0,168.0,252.0,0.0,168.0,252.0
2025-09-12,JD,1700,3055.0,5.0,0.0,2550.0,3825.0,0.0,2550.0,3825.0
2025-09-12,JD,-2893,3041.0,5.0,0.0,4339.5,6509.25,0.0,4339.5,6509.25
2025-09-12,MA,22,2382.0,10.0,0.0,22.0,33.0,0.0,22.0,33.0
2025-09-12,P,-8,9312.0,10.0,0.0,20.0,30.0,0.0,20.0,30.0
2025-09-12,RB,75,3093.0,10.0,1e-05,23.1975,34.79625,0.0001,231.975,347.9625
2025-09-12,RU,-4,15900.0,10.0,0.0,12.0,18.0,0.0,12.0,18.0
2025-09-12,SP,27,5014.0,10.0,5e-06,6.768900000000001,10.153350000000001,5e-05,67.68900000000001,101.5335
2025-09-15,AL,82,21145.0,5.0,0.0,246.0,369.0,0.0,246.0,369.0
2025-09-15,AP,-282,8323.0,10.0,0.0,1410.0,2115.0,0.0,1410.0,2115.0
2025-09-15,JD,1739,3093.0,5.0,0.0,2608.5,3912.75,0.0,2608.5,3912.75
2025-09-15,LH,-118,13140.0,16.0,0.0,118.0,177.0,0.0,118.0,177.0
2025-09-15,MA,684,2387.0,10.0,0.0,684.0,1026.0,0.0,684.0,1026.0
2025-09-15,P,133,9340.0,10.0,0.0,332.5,498.75,0.0,332.5,498.75
2025-09-15,RB,-171,3126.0,10.0,1e-05,53.454600000000006,80.18190000000001,0.0001,534.546,801.8190000000001
2025-09-15,RU,6,15870.0,10.0,0.0,18.0,27.0,0.0,18.0,27.0
2025-09-15,SC,22,488.7,1000.0,0.0,440.0,660.0,0.0,440.0,660.0
2025-09-15,SP,-50,4990.0,10.0,5e-06,12.475000000000001,18.712500000000002,5e-05,124.75,187.125
2025-09-16,AL,-27,20990.0,5.0,0.0,81.0,121.5,0.0,81.0,121.5
2025-09-16,JD,20,3152.0,5.0,0.0,30.0,45.0,0.0,30.0,45.0
2025-09-16,LH,3,13335.0,16.0,0.0,3.0,4.5,0.0,3.0,4.5
2025-09-16,P,-7,9438.0,10.0,0.0,17.5,26.25,0.0,17.5,26.25
2025-09-16,RB,44,3151.0,10.0,1e-05,13.864400000000002,20.7966,0.0001,138.644,207.966
2025-09-16,RU,-2,15970.0,10.0,0.0,6.0,9.0,0.0,6.0,9.0
2025-09-16,SC,-1,488.9,1000.0,0.0,20.0,30.0,0.0,20.0,30.0
2025-09-16,SP,16,5060.0,10.0,5e-06,4.048,6.072,5e-05,40.480000000000004,60.720000000000006
2025-09-17,AL,-20,21040.0,5.0,0.0,60.0,90.0,0.0,60.0,90.0
2025-09-17,JD,16,3100.0,5.0,0.0,24.0,36.0,0.0,24.0,36.0
2025-09-17,LH,2,13120.0,16.0,0.0,2.0,3.0,0.0,2.0,3.0
2025-09-17,P,-5,9530.0,10.0,0.0,12.5,18.75,0.0,12.5,18.75
2025-09-17,RB,33,3169.0,10.0,1e-05,10.4577,15.68655,0.0001,104.577,156.8655
2025-09-17,RU,-2,15990.0,10.0,0.0,6.0,9.0,0.0,6.0,9.0
2025-09-17,SC,-1,499.3,1000.0,0.0,20.0,30.0,0.0,20.0,30.0
2025-09-17,SP,12,5076.0,10.0,5e-06,3.0456000000000003,4.5684000000000005,5e-05,30.456000000000003,45.684000000000005
2025-09-19,AL,-1388,20790.0,5.0,0.0,4164.0,6246.0,0.0,4164.0,6246.0
2025-09-19,AL,-82,20790.0,5.0,0.0,246.0,369.0,0.0,246.0,369.0
2025-09-19,AL,1874,20875.0,5.0,0.0,5622.0,8433.0,0.0,5622.0,8433.0
2025-09-19,JD,189,3132.0,5.0,0.0,283.5,425.25,0.0,283.5,425.25
2025-09-19,LH,20,12825.0,16.0,0.0,20.0,30.0,0.0,20.0,30.0
2025-09-19,P,-61,9310.0,10.0,0.0,152.5,228.75,0.0,152.5,228.75
2025-09-19,RB,409,3145.0,10.0,1e-05,128.6305,192.94575000000003,0.0001,1286.305,1929.4575
2025-09-19,RU,-18,15570.0,10.0,0.0,54.0,81.0,0.0,54.0,81.0
2025-09-19,SC,-4,495.8,1000.0,0.0,80.0,120.0,0.0,80.0,120.0
2025-09-19,SP,144,5006.0,10.0,5e-06,36.043200000000006,54.064800000000005,5e-05,360.432,540.648
2025-09-22,AL,-517,20750.0,5.0,0.0,1551.0,2326.5,0.0,1551.0,2326.5
2025-09-22,AP,183,8275.0,10.0,0.0,915.0,1372.5,0.0,915.0,1372.5
2025-09-22,JD,929,3126.0,5.0,0.0,1393.5,2090.25,0.0,1393.5,2090.25
2025-09-22,LH,-124,12825.0,16.0,0.0,124.0,186.0,0.0,124.0,186.0
2025-09-22,P,-91,9318.0,10.0,0.0,227.5,341.25,0.0,227.5,341.25
2025-09-22,RB,-365,3171.0,10.0,1e-05,115.74150000000002,173.61225000000002,0.0001,1157.4150000000002,1736.1225000000004
2025-09-22,RU,-80,15525.0,10.0,0.0,240.0,360.0,0.0,240.0,360.0
2025-09-22,RU,-6,15525.0,10.0,0.0,18.0,27.0,0.0,18.0,27.0
2025-09-22,SC,3,485.4,1000.0,0.0,60.0,90.0,0.0,60.0,90.0
2025-09-22,SP,-495,5022.0,10.0,5e-06,124.29450000000003,186.44175000000004,5e-05,1242.9450000000002,1864.4175000000002
2025-09-23,AL,-16,20695.0,5.0,0.0,48.0,72.0,0.0,48.0,72.0
2025-09-23,AP,-3,8291.0,10.0,0.0,15.0,22.5,0.0,15.0,22.5
2025-09-23,LH,3,12770.0,16.0,0.0,3.0,4.5,0.0,3.0,4.5
2025-09-23,P,-3,9278.0,10.0,0.0,7.5,11.25,0.0,7.5,11.25
2025-09-23,RB,28,3183.0,10.0,1e-05,8.912400000000002,13.368600000000002,0.0001,89.12400000000001,133.686
2025-09-23,SC,-1,476.4,1000.0,0.0,20.0,30.0,0.0,20.0,30.0
2025-09-23,SP,15,5012.0,10.0,5e-06,3.759000000000001,5.638500000000001,5e-05,37.59,56.385000000000005
2025-09-29,AL,306,20760.0,5.0,0.0,918.0,1377.0,0.0,918.0,1377.0
2025-09-29,AP,-180,8435.0,10.0,0.0,900.0,1350.0,0.0,900.0,1350.0
2025-09-29,FG,360,1253.0,20.0,0.0,2160.0,3240.0,0.0,2160.0,3240.0
2025-09-29,LH,52,12560.0,16.0,0.0,52.0,78.0,0.0,52.0,78.0
2025-09-29,P,-28,9232.0,10.0,0.0,70.0,105.0,0.0,70.0,105.0
2025-09-29,RB,-466,3114.0,10.0,1e-05,145.1124,217.66860000000003,0.0001,1451.1240000000003,2176.6860000000006
2025-09-29,RU,-126,15490.0,10.0,0.0,378.0,567.0,0.0,378.0,567.0
2025-09-29,SC,7,492.3,1000.0,0.0,140.0,210.0,0.0,140.0,210.0
2025-09-29,SP,647,5018.0,10.0,5e-06,162.3323,243.49845,5e-05,1623.3230000000003,2434.9845000000005
2025-09-29,SP,50,5018.0,10.0,5e-06,12.545,18.8175,5e-05,125.45000000000002,188.175
2025-09-29,SP,495,5018.0,10.0,5e-06,124.19550000000001,186.29325,5e-05,1241.9550000000002,1862.9325000000003
2025-09-29,T,317,107.71,10000.0,0.0,951.0,1426.5,0.0,951.0,1426.5
2025-09-29,UR,-508,1664.0,20.0,0.0,508.0,762.0,0.0,508.0,762.0
2025-10-09,AL,-1341,20890.0,5.0,0.0,4023.0,6034.5,0.0,4023.0,6034.5
2025-10-09,AL,-306,20890.0,5.0,0.0,918.0,1377.0,0.0,918.0,1377.0
2025-10-09,AP,372,8702.0,10.0,0.0,1860.0,2790.0,0.0,1860.0,2790.0
2025-10-09,FG,227,1219.0,20.0,0.0,1362.0,2043.0,0.0,1362.0,2043.0
2025-10-09,JD,-1710,2888.0,5.0,0.0,2565.0,3847.5,0.0,2565.0,3847.5
2025-10-09,LH,-27,11700.0,16.0,0.0,27.0,40.5,0.0,27.0,40.5
2025-10-09,P,121,9456.0,10.0,0.0,302.5,453.75,0.0,302.5,453.75
2025-10-09,RB,-1833,3087.0,10.0,1e-05,565.8471000000001,848.7706500000002,0.0001,5658.4710000000005,8487.7065
2025-10-09,RU,126,15190.0,10.0,0.0,378.0,567.0,0.0,378.0,567.0
2025-10-09,SC,15,471.1,1000.0,0.0,300.0,450.0,0.0,300.0,450.0
2025-10-09,SP,-682,4830.0,10.0,5e-06,164.703,247.05450000000002,5e-05,1647.03,2470.545
2025-10-09,T,-317,107.85,10000.0,0.0,951.0,1426.5,0.0,951.0,1426.5
2025-10-09,UR,-309,1646.0,20.0,0.0,309.0,463.5,0.0,309.0,463.5
2025-10-13,AP,-372,8721.0,10.0,0.0,1860.0,2790.0,0.0,1860.0,2790.0
2025-10-13,FG,54,1197.0,20.0,0.0,324.0,486.0,0.0,324.0,486.0
2025-10-13,JD,1710,2782.0,5.0,0.0,2565.0,3847.5,0.0,2565.0,3847.5
2025-10-13,LH,38,11410.0,16.0,0.0,38.0,57.0,0.0,38.0,57.0
2025-10-13,LH,23,11410.0,16.0,0.0,23.0,34.5,0.0,23.0,34.5
2025-10-13,RB,-300,3106.0,10.0,1e-05,93.18,139.77,0.0001,931.8000000000001,1397.7
2025-10-13,SP,-65,4776.0,10.0,5e-06,15.522,23.283,5e-05,155.22,232.82999999999998
2025-10-13,UR,-14,1588.0,20.0,0.0,14.0,21.0,0.0,14.0,21.0
2025-10-14,SC,-15,450.8,1000.0,0.0,300.0,450.0,0.0,300.0,450.0
2025-10-14,SC,-3,450.8,1000.0,0.0,60.0,90.0,0.0,60.0,90.0
2025-10-14,SC,-7,450.8,1000.0,0.0,140.0,210.0,0.0,140.0,210.0
2025-10-14,SC,-15,450.8,1000.0,0.0,300.0,450.0,0.0,300.0,450.0
2025-10-14,SC,44,452.0,1000.0,0.0,880.0,1320.0,0.0,880.0,1320.0
2025-10-17,LH,101,11150.0,16.0,0.0,101.0,151.5,0.0,101.0,151.5
2025-10-17,LH,27,11150.0,16.0,0.0,27.0,40.5,0.0,27.0,40.5
2025-10-17,LH,-113,11895.0,16.0,0.0,113.0,169.5,0.0,113.0,169.5
2025-10-20,AL,1502,20945.0,5.0,0.0,4506.0,6759.0,0.0,4506.0,6759.0
2025-10-20,AP,479,8690.0,10.0,0.0,2395.0,3592.5,0.0,2395.0,3592.5
2025-10-20,FG,-180,1097.0,20.0,0.0,1080.0,1620.0,0.0,1080.0,1620.0
2025-10-20,LH,-17,11790.0,16.0,0.0,17.0,25.5,0.0,17.0,25.5
2025-10-20,P,-45,9328.0,10.0,0.0,112.5,168.75,0.0,112.5,168.75
2025-10-20,P,-133,9328.0,10.0,0.0,332.5,498.75,0.0,332.5,498.75
2025-10-20,P,-121,9328.0,10.0,0.0,302.5,453.75,0.0,302.5,453.75
2025-10-20,RB,1391,3041.0,10.0,1e-05,423.0031000000001,634.5046500000001,0.0001,4230.031,6345.0465
2025-10-20,RU,-235,14690.0,10.0,0.0,705.0,1057.5,0.0,705.0,1057.5
2025-10-20,SC,-44,438.4,1000.0,0.0,880.0,1320.0,0.0,880.0,1320.0
2025-10-20,SP,682,4842.0,10.0,2e-06,66.04487999999999,99.06732,1.9999999999999998e-05,660.4488,990.6732
2025-10-20,SP,65,4842.0,10.0,2e-06,6.2946,9.4419,1.9999999999999998e-05,62.946,94.419
2025-10-20,UR,234,1607.0,20.0,0.0,234.0,351.0,0.0,234.0,351.0
2025-10-21,AL,-22,20895.0,5.0,0.0,66.0,99.0,0.0,66.0,99.0
2025-10-21,AP,-8,8866.0,10.0,0.0,40.0,60.0,0.0,40.0,60.0
2025-10-21,FG,-7,1086.0,20.0,0.0,42.0,63.0,0.0,42.0,63.0
2025-10-21,LH,2,12180.0,16.0,0.0,2.0,3.0,0.0,2.0,3.0
2025-10-21,RB,53,3046.0,10.0,1e-05,16.143800000000002,24.215700000000005,0.0001,161.43800000000002,242.15700000000004
2025-10-21,RU,4,14810.0,10.0,0.0,12.0,18.0,0.0,12.0,18.0
2025-10-21,UR,9,1599.0,20.0,0.0,9.0,13.5,0.0,9.0,13.5
2025-10-22,AL,-3,20995.0,5.0,0.0,9.0,13.5,0.0,9.0,13.5
2025-10-22,AP,-1,8813.0,10.0,0.0,5.0,7.5,0.0,5.0,7.5
2025-10-22,FG,-1,1086.0,20.0,0.0,6.0,9.0,0.0,6.0,9.0
2025-10-22,LH,1,12240.0,16.0,0.0,1.0,1.5,0.0,1.0,1.5
2025-10-22,RB,5,3049.0,10.0,1e-05,1.5245,2.28675,0.0001,15.245,22.8675
2025-10-22,RU,1,15130.0,10.0,0.0,3.0,4.5,0.0,3.0,4.5
2025-10-22,UR,1,1613.0,20.0,0.0,1.0,1.5,0.0,1.0,1.5
2025-10-23,AL,-8,21100.0,5.0,0.0,24.0,36.0,0.0,24.0,36.0
2025-10-23,AP,-3,8798.0,10.0,0.0,15.0,22.5,0.0,15.0,22.5
2025-10-23,FG,-3,1093.0,20.0,0.0,18.0,27.0,0.0,18.0,27.0
2025-10-23,LH,1,12240.0,16.0,0.0,1.0,1.5,0.0,1.0,1.5
2025-10-23,RB,19,3073.0,10.0,1e-05,5.8387,8.75805,0.0001,58.387,87.5805
2025-10-23,RU,2,15165.0,10.0,0.0,6.0,9.0,0.0,6.0,9.0
2025-10-23,UR,4,1630.0,20.0,0.0,4.0,6.0,0.0,4.0,6.0
2025-10-24,AL,-4,21265.0,5.0,0.0,12.0,18.0,0.0,12.0,18.0
2025-10-24,AP,-2,8806.0,10.0,0.0,10.0,15.0,0.0,10.0,15.0
2025-10-24,FG,-2,1103.0,20.0,0.0,12.0,18.0,0.0,12.0,18.0
2025-10-24,LH,1,12170.0,16.0,0.0,1.0,1.5,0.0,1.0,1.5
2025-10-24,RB,9,3073.0,10.0,1e-05,2.7657000000000003,4.14855,0.0001,27.657,41.4855
2025-10-24,RU,1,15285.0,10.0,0.0,3.0,4.5,0.0,3.0,4.5
2025-10-24,UR,2,1635.0,20.0,0.0,2.0,3.0,0.0,2.0,3.0
2025-10-27,AL,-1465,21140.0,5.0,0.0,4395.0,6592.5,0.0,4395.0,6592.5
2025-10-27,FG,-167,1088.0,20.0,0.0,1002.0,1503.0,0.0,1002.0,1503.0
2025-10-27,FG,-227,1088.0,20.0,0.0,1362.0,2043.0,0.0,1362.0,2043.0
2025-10-27,FG,-54,1088.0,20.0,0.0,324.0,486.0,0.0,324.0,486.0
2025-10-27,FG,-846,1088.0,20.0,0.0,5076.0,7614.0,0.0,5076.0,7614.0
2025-10-27,RU,227,15340.0,10.0,0.0,681.0,1021.5,0.0,681.0,1021.5
2025-10-27,SC,-53,466.9,1000.0,0.0,1060.0,1590.0,0.0,1060.0,1590.0
2025-10-27,T,630,107.955,10000.0,0.0,1890.0,2835.0,0.0,1890.0,2835.0
2025-10-27,UR,258,1649.0,20.0,0.0,258.0,387.0,0.0,258.0,387.0
2025-10-27,UR,309,1649.0,20.0,0.0,309.0,463.5,0.0,309.0,463.5
2025-10-27,UR,14,1649.0,20.0,0.0,14.0,21.0,0.0,14.0,21.0
2025-11-03,AL,1643,21370.0,5.0,0.0,4929.0,7393.5,0.0,4929.0,7393.5
2025-11-03,AP,-19,9198.0,10.0,0.0,95.0,142.5,0.0,95.0,142.5
2025-11-03,FG,-144,1082.0,20.0,0.0,864.0,1296.0,0.0,864.0,1296.0
2025-11-03,LH,-16,11690.0,16.0,0.0,16.0,24.0,0.0,16.0,24.0
2025-11-03,RB,-106,3104.0,10.0,1e-05,32.9024,49.3536,0.0001,329.024,493.536
2025-11-03,RU,-240,15100.0,10.0,0.0,720.0,1080.0,0.0,720.0,1080.0
2025-11-03,SC,53,462.8,1000.0,0.0,1060.0,1590.0,0.0,1060.0,1590.0
2025-11-03,T,-630,108.645,10000.0,0.0,1890.0,2835.0,0.0,1890.0,2835.0
2025-11-10,AL,-1643,21595.0,5.0,0.0,4929.0,7393.5,0.0,4929.0,7393.5
2025-11-10,AL,1578,21670.0,5.0,0.0,4734.0,7101.0,0.0,4734.0,7101.0
2025-11-10,FG,-688,1087.0,20.0,0.0,4128.0,6192.0,0.0,4128.0,6192.0
2025-11-10,LH,-12,11920.0,16.0,0.0,12.0,18.0,0.0,12.0,18.0
2025-11-10,RB,-198,3036.0,10.0,1e-05,60.11280000000001,90.16920000000002,0.0001,601.128,901.692
2025-11-10,RU,240,14990.0,10.0,0.0,720.0,1080.0,0.0,720.0,1080.0
2025-11-10,SC,33,459.7,1000.0,0.0,660.0,990.0,0.0,660.0,990.0
2025-11-10,T,420,108.405,10000.0,0.0,1260.0,1890.0,0.0,1260.0,1890.0
2025-11-11,SC,-33,460.2,1000.0,0.0,660.0,990.0,0.0,660.0,990.0
2025-11-11,SC,36,463.3,1000.0,0.0,720.0,1080.0,0.0,720.0,1080.0
2025-11-17,AP,-190,9587.0,10.0,0.0,950.0,1425.0,0.0,950.0,1425.0
2025-11-17,FG,87,1031.0,20.0,0.0,522.0,783.0,0.0,522.0,783.0
2025-11-17,LH,108,11685.0,16.0,0.0,108.0,162.0,0.0,108.0,162.0
2025-11-17,LH,17,11685.0,16.0,0.0,17.0,25.5,0.0,17.0,25.5
2025-11-17,LH,16,11685.0,16.0,0.0,16.0,24.0,0.0,16.0,24.0
2025-11-17,LH,12,11685.0,16.0,0.0,12.0,18.0,0.0,12.0,18.0
2025-11-17,MA,-1016,2047.0,10.0,0.0,1016.0,1524.0,0.0,1016.0,1524.0
2025-11-17,P,-284,8656.0,10.0,0.0,710.0,1065.0,0.0,710.0,1065.0
2025-11-17,RB,-527,3046.0,10.0,1e-05,160.5242,240.7863,0.0001,1605.2420000000002,2407.8630000000003
2025-11-17,SC,-36,459.2,1000.0,0.0,720.0,1080.0,0.0,720.0,1080.0
2025-11-17,SP,603,5482.0,10.0,5e-06,165.2823,247.92345,5e-05,1652.823,2479.2345
2025-11-17,T,49,108.415,10000.0,0.0,147.0,220.5,0.0,147.0,220.5
2025-11-18,T,-33,108.5,10000.0,0.0,99.0,148.5,0.0,99.0,148.5
2025-11-19,T,-31,108.475,10000.0,0.0,93.0,139.5,0.0,93.0,139.5
2025-11-20,T,-5,108.41,10000.0,0.0,15.0,22.5,0.0,15.0,22.5
2025-11-24,AL,80,21310.0,5.0,0.0,240.0,360.0,0.0,240.0,360.0
2025-11-24,AP,9,9432.0,10.0,0.0,45.0,67.5,0.0,45.0,67.5
2025-11-24,LH,-123,11380.0,16.0,0.0,123.0,184.5,0.0,123.0,184.5
2025-11-24,M,1266,3012.0,10.0,0.0,1899.0,2848.5,0.0,1899.0,2848.5
2025-11-24,MA,-361,2005.0,10.0,0.0,361.0,541.5,0.0,361.0,541.5
2025-11-24,P,-27,8524.0,10.0,0.0,67.5,101.25,0.0,67.5,101.25
2025-11-24,RB,346,3058.0,10.0,1e-05,105.80680000000001,158.71020000000001,0.0001,1058.068,1587.1019999999999
2025-11-24,RB,171,3058.0,10.0,1e-05,52.2918,78.4377,0.0001,522.918,784.377
2025-11-24,RB,365,3058.0,10.0,1e-05,111.617,167.4255,0.0001,1116.17,1674.255
2025-11-24,RB,466,3058.0,10.0,1e-05,142.5028,213.75420000000003,0.0001,1425.028,2137.542
2025-11-24,RB,1833,3058.0,10.0,1e-05,560.5314000000001,840.7971000000001,0.0001,5605.314,8407.971000000001
2025-11-24,RB,300,3058.0,10.0,1e-05,91.74000000000001,137.61,0.0001,917.4000000000001,1376.1000000000001
2025-11-24,RB,106,3058.0,10.0,1e-05,32.4148,48.6222,0.0001,324.148,486.22200000000004
2025-11-24,RB,198,3058.0,10.0,1e-05,60.5484,90.8226,0.0001,605.484,908.2260000000001
2025-11-24,RB,527,3058.0,10.0,1e-05,161.1566,241.73489999999998,0.0001,1611.566,2417.349
2025-11-24,SP,29,5232.0,10.0,5e-06,7.5864,11.3796,5e-05,75.864,113.796
2025-11-24,T,216,108.405,10000.0,0.0,648.0,972.0,0.0,648.0,972.0
2025-11-25,T,-351,108.395,10000.0,0.0,1053.0,1579.5,0.0,1053.0,1579.5
2025-11-25,T,-49,108.395,10000.0,0.0,147.0,220.5,0.0,147.0,220.5
2025-11-25,T,-216,108.395,10000.0,0.0,648.0,972.0,0.0,648.0,972.0
2025-11-25,T,583,108.305,10000.0,0.0,1749.0,2623.5,0.0,1749.0,2623.5
2025-11-26,T,-13,108.21,10000.0,0.0,39.0,58.5,0.0,39.0,58.5
2025-11-27,T,-37,107.93,10000.0,0.0,111.0,166.5,0.0,111.0,166.5
2025-11-28,T,-26,107.925,10000.0,0.0,78.0,117.0,0.0,78.0,117.0
2025-12-01,AL,128,21620.0,5.0,0.0,384.0,576.0,0.0,384.0,576.0
2025-12-01,AP,9,9452.0,10.0,0.0,45.0,67.5,0.0,45.0,67.5
2025-12-01,C,2251,2246.0,10.0,0.0,2701.2,4051.7999999999997,0.0,2701.2,4051.7999999999997
2025-12-01,FG,27,1058.0,20.0,0.0,162.0,243.0,0.0,162.0,243.0
2025-12-01,LH,-132,11510.0,16.0,0.0,132.0,198.0,0.0,132.0,198.0
2025-12-01,M,-1266,3042.0,10.0,0.0,1899.0,2848.5,0.0,1899.0,2848.5
2025-12-01,MA,80,2136.0,10.0,0.0,80.0,120.0,0.0,80.0,120.0
2025-12-01,P,284,8642.0,10.0,0.0,710.0,1065.0,0.0,710.0,1065.0
2025-12-01,P,27,8642.0,10.0,0.0,67.5,101.25,0.0,67.5,101.25
2025-12-01,SP,-603,5196.0,10.0,5e-06,156.6594,234.9891,5e-05,1566.5940000000003,2349.8910000000005
2025-12-01,SP,-29,5196.0,10.0,5e-06,7.534200000000001,11.301300000000001,5e-05,75.34200000000001,113.01300000000002
2025-12-01,T,-153,107.915,10000.0,0.0,459.0,688.5,0.0,459.0,688.5
2025-12-01,UR,937,1684.0,20.0,0.0,937.0,1405.5,0.0,937.0,1405.5
2025-12-04,AP,-256,9447.0,10.0,0.0,1280.0,1920.0,0.0,1280.0,1920.0
2025-12-04,AP,-9,9447.0,10.0,0.0,45.0,67.5,0.0,45.0,67.5
2025-12-04,AP,-9,9447.0,10.0,0.0,45.0,67.5,0.0,45.0,67.5
2025-12-04,AP,332,9673.0,10.0,0.0,1660.0,2490.0,0.0,1660.0,2490.0
2025-12-08,AL,-71,22210.0,5.0,0.0,213.0,319.5,0.0,213.0,319.5
2025-12-08,AP,-31,9648.0,10.0,0.0,155.0,232.5,0.0,155.0,232.5
2025-12-08,C,25,2292.0,10.0,0.0,30.0,45.0,0.0,30.0,45.0
2025-12-08,FG,-845,994.0,20.0,0.0,5070.0,7605.0,0.0,5070.0,7605.0
2025-12-08,LH,77,11445.0,16.0,0.0,77.0,115.5,0.0,77.0,115.5
2025-12-08,MA,936,2073.0,10.0,0.0,936.0,1404.0,0.0,936.0,1404.0
2025-12-08,MA,361,2073.0,10.0,0.0,361.0,541.5,0.0,361.0,541.5
2025-12-08,SR,-1317,5301.0,10.0,0.0,3951.0,5926.5,0.0,3951.0,5926.5
2025-12-08,T,-354,107.865,10000.0,0.0,1062.0,1593.0,0.0,1062.0,1593.0
2025-12-08,UR,58,1663.0,20.0,0.0,58.0,87.0,0.0,58.0,87.0
2025-12-09,AL,-26,22205.0,5.0,0.0,78.0,117.0,0.0,78.0,117.0
2025-12-09,AP,-5,9504.0,10.0,0.0,25.0,37.5,0.0,25.0,37.5
2025-12-09,C,-34,2253.0,10.0,0.0,40.8,61.199999999999996,0.0,40.8,61.199999999999996
2025-12-09,FG,36,1002.0,20.0,0.0,216.0,324.0,0.0,216.0,324.0
2025-12-09,LH,46,11620.0,16.0,0.0,46.0,69.0,0.0,46.0,69.0
2025-12-09,LH,132,11620.0,16.0,0.0,132.0,198.0,0.0,132.0,198.0
2025-12-09,LH,-171,11370.0,16.0,0.0,171.0,256.5,0.0,171.0,256.5
2025-12-09,SR,20,5333.0,10.0,0.0,60.0,90.0,0.0,60.0,90.0
2025-12-09,UR,-15,1644.0,20.0,0.0,15.0,22.5,0.0,15.0,22.5
2025-12-10,AL,-20,21800.0,5.0,0.0,60.0,90.0,0.0,60.0,90.0
2025-12-10,AP,-4,9458.0,10.0,0.0,20.0,30.0,0.0,20.0,30.0
2025-12-10,C,-27,2230.0,10.0,0.0,32.4,48.599999999999994,0.0,32.4,48.599999999999994
2025-12-10,FG,28,984.0,20.0,0.0,168.0,252.0,0.0,168.0,252.0
2025-12-10,LH,2,11470.0,16.0,0.0,2.0,3.0,0.0,2.0,3.0
2025-12-10,SR,16,5342.0,10.0,0.0,48.0,72.0,0.0,48.0,72.0
2025-12-10,UR,-12,1648.0,20.0,0.0,12.0,18.0,0.0,12.0,18.0
2025-12-12,AL,-1461,22000.0,5.0,0.0,4383.0,6574.5,0.0,4383.0,6574.5
2025-12-12,AL,-80,22000.0,5.0,0.0,240.0,360.0,0.0,240.0,360.0
2025-12-12,AL,-128,22000.0,5.0,0.0,384.0,576.0,0.0,384.0,576.0
2025-12-12,AL,1694,22065.0,5.0,0.0,5082.0,7623.0,0.0,5082.0,7623.0
2025-12-12,AP,-20,9518.0,10.0,0.0,100.0,150.0,0.0,100.0,150.0
2025-12-12,C,-146,2239.0,10.0,0.0,175.2,262.79999999999995,0.0,175.2,262.79999999999995
2025-12-12,FG,155,959.0,20.0,0.0,930.0,1395.0,0.0,930.0,1395.0
2025-12-12,LH,12,11205.0,16.0,0.0,12.0,18.0,0.0,12.0,18.0
2025-12-12,SR,1281,5356.0,10.0,0.0,2562.0,3843.0,0.0,2562.0,3843.0
2025-12-12,SR,-1641,5241.0,10.0,0.0,4923.0,7384.5,0.0,4923.0,7384.5
2025-12-12,UR,-64,1629.0,20.0,0.0,64.0,96.0,0.0,64.0,96.0
2025-12-15,AP,127,9487.0,10.0,0.0,635.0,952.5,0.0,635.0,952.5
2025-12-15,C,328,2242.0,10.0,0.0,393.59999999999997,590.4,0.0,393.59999999999997,590.4
2025-12-15,FG,-807,936.0,20.0,0.0,4842.0,7263.0,0.0,4842.0,7263.0
2025-12-15,JD,-3473,3077.0,5.0,0.0,5209.5,7814.25,0.0,5209.5,7814.25
2025-12-15,LH,157,11310.0,16.0,0.0,157.0,235.5,0.0,157.0,235.5
2025-12-15,SP,577,5538.0,10.0,5e-06,159.77130000000002,239.65695000000005,5e-05,1597.713,2396.5695
2025-12-15,SR,1641,5228.0,10.0,0.0,4923.0,7384.5,0.0,4923.0,7384.5
2025-12-15,UR,-846,1631.0,20.0,0.0,846.0,1269.0,0.0,846.0,1269.0
2025-12-15,UR,-58,1631.0,20.0,0.0,58.0,87.0,0.0,58.0,87.0
2025-12-17,FG,513,944.0,20.0,0.0,1026.0,1539.0,0.0,1026.0,1539.0
2025-12-17,FG,144,944.0,20.0,0.0,288.0,432.0,0.0,288.0,432.0
2025-12-17,FG,688,944.0,20.0,0.0,1376.0,2064.0,0.0,1376.0,2064.0
2025-12-17,FG,845,944.0,20.0,0.0,1690.0,2535.0,0.0,1690.0,2535.0
2025-12-17,FG,807,944.0,20.0,0.0,1614.0,2421.0,0.0,1614.0,2421.0
2025-12-17,FG,-2840,1030.0,20.0,0.0,17040.0,25560.0,0.0,17040.0,25560.0
2025-12-18,C,-2044,2215.0,10.0,0.0,2452.7999999999997,3679.2,0.0,2452.7999999999997,3679.2
2025-12-18,C,-25,2215.0,10.0,0.0,30.0,45.0,0.0,30.0,45.0
2025-12-18,C,-328,2215.0,10.0,0.0,393.59999999999997,590.4,0.0,393.59999999999997,590.4
2025-12-18,C,2389,2211.0,10.0,0.0,2866.7999999999997,4300.2,0.0,2866.7999999999997,4300.2
2025-12-19,JD,3473,3071.0,5.0,0.0,5209.5,7814.25,0.0,5209.5,7814.25
2025-12-19,JD,-3531,2904.0,5.0,0.0,5296.5,7944.75,0.0,5296.5,7944.75
2025-12-22,AL,-504,22290.0,5.0,0.0,1512.0,2268.0,0.0,1512.0,2268.0
2025-12-22,AP,-160,9181.0,10.0,0.0,800.0,1200.0,0.0,800.0,1200.0
2025-12-22,C,-2389,2193.0,10.0,0.0,2866.7999999999997,4300.2,0.0,2866.7999999999997,4300.2
2025-12-22,CF,745,14055.0,5.0,0.0,3203.5,4805.25,0.0,3203.5,4805.25
2025-12-22,FG,675,1039.0,20.0,0.0,4050.0,6075.0,0.0,4050.0,6075.0
2025-12-22,JD,2202,2891.0,5.0,0.0,3303.0,4954.5,0.0,3303.0,4954.5
2025-12-22,MA,924,2143.0,10.0,0.0,924.0,1386.0,0.0,924.0,1386.0
2025-12-22,RB,-3488,3118.0,10.0,1e-05,1087.5584000000001,1631.3376000000003,0.0001,10875.584,16313.376
2025-12-22,SP,-577,5486.0,10.0,5e-06,158.27110000000002,237.40665,5e-05,1582.7110000000002,2374.0665000000004
2025-12-22,SR,-814,5100.0,10.0,0.0,2442.0,3663.0,0.0,2442.0,3663.0
2025-12-22,T,-361,108.105,10000.0,0.0,1083.0,1624.5,0.0,1083.0,1624.5
2025-12-26,AL,-10,22215.0,5.0,0.0,30.0,45.0,0.0,30.0,45.0
2025-12-26,AP,-2,9177.0,10.0,0.0,10.0,15.0,0.0,10.0,15.0
2025-12-26,CF,-6,14240.0,5.0,0.0,25.799999999999997,38.699999999999996,0.0,25.799999999999997,38.699999999999996
2025-12-26,FG,17,1047.0,20.0,0.0,102.0,153.0,0.0,102.0,153.0
2025-12-26,JD,11,2944.0,5.0,0.0,16.5,24.75,0.0,16.5,24.75
2025-12-26,MA,-8,2158.0,10.0,0.0,8.0,12.0,0.0,8.0,12.0
2025-12-26,RB,27,3133.0,10.0,1e-05,8.459100000000001,12.688650000000003,0.0001,84.591,126.88649999999998
2025-12-26,SR,7,5262.0,10.0,0.0,21.0,31.5,0.0,21.0,31.5
2025-12-29,AL,325,22355.0,5.0,0.0,975.0,1462.5,0.0,975.0,1462.5
2025-12-29,AP,64,9252.0,10.0,0.0,320.0,480.0,0.0,320.0,480.0
2025-12-29,CF,5,14545.0,5.0,0.0,21.5,32.25,0.0,21.5,32.25
2025-12-29,FG,74,1054.0,20.0,0.0,444.0,666.0,0.0,444.0,666.0
2025-12-29,JD,-223,2948.0,5.0,0.0,334.5,501.75,0.0,334.5,501.75
2025-12-29,MA,444,2162.0,10.0,0.0,444.0,666.0,0.0,444.0,666.0
2025-12-29,RB,3461,3119.0,10.0,1e-05,1079.4859000000001,1619.2288500000002,0.0001,10794.859,16192.2885
2025-12-29,SC,-46,441.3,1000.0,0.0,920.0,1380.0,0.0,920.0,1380.0
2025-12-29,SR,-13,5275.0,10.0,0.0,39.0,58.5,0.0,39.0,58.5
2025-12-29,T,-138,108.23,10000.0,0.0,414.0,621.0,0.0,414.0,621.0
2026-01-05,AL,5,23090.0,5.0,0.0,15.0,22.5,0.0,15.0,22.5
2026-01-05,AP,-110,9098.0,10.0,0.0,550.0,825.0,0.0,550.0,825.0
2026-01-05,AP,-127,9098.0,10.0,0.0,635.0,952.5,0.0,635.0,952.5
2026-01-05,AP,-64,9098.0,10.0,0.0,320.0,480.0,0.0,320.0,480.0
2026-01-05,CF,20,14610.0,5.0,0.0,86.0,129.0,0.0,86.0,129.0
2026-01-05,FG,-674,1092.0,20.0,0.0,4044.0,6066.0,0.0,4044.0,6066.0
2026-01-05,JD,-234,2975.0,5.0,0.0,351.0,526.5,0.0,351.0,526.5
2026-01-05,MA,-916,2238.0,10.0,0.0,916.0,1374.0,0.0,916.0,1374.0
2026-01-05,MA,-444,2238.0,10.0,0.0,444.0,666.0,0.0,444.0,666.0
2026-01-05,SC,46,436.2,1000.0,0.0,920.0,1380.0,0.0,920.0,1380.0
2026-01-05,SP,498,5514.0,10.0,5e-06,137.2986,205.9479,5e-05,1372.986,2059.4790000000003
2026-01-05,SR,807,5228.0,10.0,0.0,2421.0,3631.5,0.0,2421.0,3631.5
2026-01-05,SR,13,5228.0,10.0,0.0,39.0,58.5,0.0,39.0,58.5
2026-01-05,T,361,107.925,10000.0,0.0,1083.0,1624.5,0.0,1083.0,1624.5
2026-01-05,T,138,107.925,10000.0,0.0,414.0,621.0,0.0,414.0,621.0
2026-01-06,JD,1318,2970.0,5.0,0.0,1977.0,2965.5,0.0,1977.0,2965.5
2026-01-06,JD,223,2970.0,5.0,0.0,334.5,501.75,0.0,334.5,501.75
2026-01-06,JD,234,2970.0,5.0,0.0,351.0,526.5,0.0,351.0,526.5
2026-01-06,JD,-1789,2984.0,5.0,0.0,2683.5,4025.25,0.0,2683.5,4025.25
2026-01-12,AL,-695,24495.0,5.0,0.0,2085.0,3127.5,0.0,2085.0,3127.5
2026-01-12,CF,-218,14670.0,5.0,0.0,937.4,1406.1,0.0,937.4,1406.1
2026-01-12,FG,1940,1147.0,20.0,0.0,11640.0,17460.0,0.0,11640.0,17460.0
2026-01-12,RB,-4102,3144.0,10.0,1e-05,1289.6688000000001,1934.5032,0.0001,12896.688,19345.032
2026-01-12,RU,188,16010.0,10.0,0.0,564.0,846.0,0.0,564.0,846.0
2026-01-12,SC,-36,431.5,1000.0,0.0,720.0,1080.0,0.0,720.0,1080.0
2026-01-12,SP,-498,5546.0,10.0,5e-06,138.0954,207.1431,5e-05,1380.9540000000002,2071.4310000000005
2026-01-12,T,-758,107.755,10000.0,0.0,2274.0,3411.0,0.0,2274.0,3411.0
2026-01-12,UR,1013,1784.0,20.0,0.0,1013.0,1519.5,0.0,1013.0,1519.5
2026-01-13,AL,-485,24625.0,5.0,0.0,1455.0,2182.5,0.0,1455.0,2182.5
2026-01-13,AL,-325,24625.0,5.0,0.0,975.0,1462.5,0.0,975.0,1462.5
2026-01-13,AL,-5,24625.0,5.0,0.0,15.0,22.5,0.0,15.0,22.5
2026-01-13,AL,762,24760.0,5.0,0.0,2286.0,3429.0,0.0,2286.0,3429.0
2026-01-13,SC,36,436.3,1000.0,0.0,720.0,1080.0,0.0,720.0,1080.0
2026-01-13,SC,-40,436.3,1000.0,0.0,800.0,1200.0,0.0,800.0,1200.0
2026-01-19,AL,-50,23945.0,5.0,0.0,150.0,225.0,0.0,150.0,225.0
2026-01-19,AP,168,9452.0,10.0,0.0,840.0,1260.0,0.0,840.0,1260.0
2026-01-19,CF,277,14635.0,5.0,0.0,1191.1,1786.6499999999999,0.0,1191.1,1786.6499999999999
2026-01-19,FG,114,1105.0,20.0,0.0,684.0,1026.0,0.0,684.0,1026.0
2026-01-19,JD,11,3052.0,5.0,0.0,16.5,24.75,0.0,16.5,24.75
2026-01-19,RB,4102,3164.0,10.0,1e-05,1297.8728,1946.8092000000001,0.0001,12978.728000000001,19468.092
2026-01-19,RU,-188,15850.0,10.0,0.0,564.0,846.0,0.0,564.0,846.0
2026-01-19,SC,1,443.4,1000.0,0.0,20.0,30.0,0.0,20.0,30.0
2026-01-19,T,-16,108.145,10000.0,0.0,48.0,72.0,0.0,48.0,72.0
2026-01-19,UR,634,1790.0,20.0,0.0,634.0,951.0,0.0,634.0,951.0
2026-01-26,AL,71,24465.0,5.0,0.0,213.0,319.5,0.0,213.0,319.5
2026-01-26,AP,49,9504.0,10.0,0.0,245.0,367.5,0.0,245.0,367.5
2026-01-26,CF,-521,14625.0,5.0,0.0,2240.2999999999997,3360.45,0.0,2240.2999999999997,3360.45
2026-01-26,CF,-5,14625.0,5.0,0.0,21.5,32.25,0.0,21.5,32.25
2026-01-26,CF,-20,14625.0,5.0,0.0,86.0,129.0,0.0,86.0,129.0
2026-01-26,CF,-277,14625.0,5.0,0.0,1191.1,1786.6499999999999,0.0,1191.1,1786.6499999999999
2026-01-26,FG,-8,1065.0,20.0,0.0,48.0,72.0,0.0,48.0,72.0
2026-01-26,LH,147,11510.0,16.0,0.0,147.0,220.5,0.0,147.0,220.5
2026-01-26,M,-1382,2756.0,10.0,0.0,2073.0,3109.5,0.0,2073.0,3109.5
2026-01-26,SC,39,446.2,1000.0,0.0,780.0,1170.0,0.0,780.0,1170.0
2026-01-26,SP,-550,5396.0,10.0,5e-06,148.39000000000001,222.58500000000004,5e-05,1483.8999999999999,2225.85
2026-01-26,T,758,108.205,10000.0,0.0,2274.0,3411.0,0.0,2274.0,3411.0
2026-01-26,T,16,108.205,10000.0,0.0,48.0,72.0,0.0,48.0,72.0
2026-01-26,UR,472,1793.0,20.0,0.0,472.0,708.0,0.0,472.0,708.0
2026-02-02,AL,-153,24360.0,5.0,0.0,459.0,688.5,0.0,459.0,688.5
2026-02-02,AP,28,9496.0,10.0,0.0,140.0,210.0,0.0,140.0,210.0
2026-02-02,C,2289,2269.0,10.0,0.0,2746.7999999999997,4120.2,0.0,2746.7999999999997,4120.2
2026-02-02,FG,-19,1052.0,20.0,0.0,114.0,171.0,0.0,114.0,171.0
2026-02-02,JD,-81,2949.0,5.0,0.0,121.5,182.25,0.0,121.5,182.25
2026-02-02,LH,-147,11240.0,16.0,0.0,147.0,220.5,0.0,147.0,220.5
2026-02-02,M,1382,2768.0,10.0,0.0,2073.0,3109.5,0.0,2073.0,3109.5
2026-02-02,RU,158,16355.0,10.0,0.0,474.0,711.0,0.0,474.0,711.0
2026-02-02,SP,-43,5296.0,10.0,5e-06,11.386400000000002,17.079600000000003,5e-05,113.864,170.796
2026-02-02,SR,-944,5228.0,10.0,0.0,2832.0,4248.0,0.0,2832.0,4248.0
2026-02-02,T,-987,108.34,10000.0,0.0,2961.0,4441.5,0.0,2961.0,4441.5
2026-02-02,UR,-829,1785.0,20.0,0.0,829.0,1243.5,0.0,829.0,1243.5
2026-02-03,T,51,108.18,10000.0,0.0,153.0,229.5,0.0,153.0,229.5
2026-02-04,T,22,108.26,10000.0,0.0,66.0,99.0,0.0,66.0,99.0
2026-02-06,T,5,108.375,10000.0,0.0,15.0,22.5,0.0,15.0,22.5
2026-02-09,AL,-142,23495.0,5.0,0.0,426.0,639.0,0.0,426.0,639.0
2026-02-09,C,-2289,2269.0,10.0,0.0,2746.7999999999997,4120.2,0.0,2746.7999999999997,4120.2
2026-02-09,FG,20,1072.0,20.0,0.0,120.0,180.0,0.0,120.0,180.0
2026-02-09,FG,674,1072.0,20.0,0.0,4044.0,6066.0,0.0,4044.0,6066.0
2026-02-09,FG,8,1072.0,20.0,0.0,48.0,72.0,0.0,48.0,72.0
2026-02-09,FG,19,1072.0,20.0,0.0,114.0,171.0,0.0,114.0,171.0
2026-02-09,LH,-162,11590.0,16.0,0.0,162.0,243.0,0.0,162.0,243.0
2026-02-09,P,281,8984.0,10.0,0.0,702.5,1053.75,0.0,702.5,1053.75
2026-02-09,RU,-158,16090.0,10.0,0.0,474.0,711.0,0.0,474.0,711.0
2026-02-09,SC,30,457.7,1000.0,0.0,600.0,900.0,0.0,600.0,900.0
2026-02-09,SP,-1153,5244.0,10.0,5e-06,302.31660000000005,453.47490000000005,5e-05,3023.166,4534.749
2026-02-09,SR,944,5222.0,10.0,0.0,2832.0,4248.0,0.0,2832.0,4248.0
2026-02-09,T,909,108.39,10000.0,0.0,2727.0,4090.5,0.0,2727.0,4090.5
2026-02-09,UR,-184,1782.0,20.0,0.0,184.0,276.0,0.0,184.0,276.0
2026-02-09,UR,-634,1782.0,20.0,0.0,634.0,951.0,0.0,634.0,951.0
2026-02-09,UR,-472,1782.0,20.0,0.0,472.0,708.0,0.0,472.0,708.0
2026-02-10,SC,-30,462.7,1000.0,0.0,600.0,900.0,0.0,600.0,900.0
2026-02-10,SC,36,468.8,1000.0,0.0,720.0,1080.0,0.0,720.0,1080.0
2026-02-13,JD,1778,2958.0,5.0,0.0,2667.0,4000.5,0.0,2667.0,4000.5
2026-02-13,JD,81,2958.0,5.0,0.0,121.5,182.25,0.0,121.5,182.25
2026-02-13,JD,-2195,3182.0,5.0,0.0,3292.5,4938.75,0.0,3292.5,4938.75
2026-02-24,AL,-417,23435.0,5.0,0.0,1251.0,1876.5,0.0,1251.0,1876.5
2026-02-24,AL,-71,23435.0,5.0,0.0,213.0,319.5,0.0,213.0,319.5
2026-02-24,AP,27,9732.0,10.0,0.0,135.0,202.5,0.0,135.0,202.5
2026-02-24,FG,-766,1048.0,20.0,0.0,4596.0,6894.0,0.0,4596.0,6894.0
2026-02-24,LH,-25,11390.0,16.0,0.0,25.0,37.5,0.0,25.0,37.5
2026-02-24,P,28,8854.0,10.0,0.0,70.0,105.0,0.0,70.0,105.0
2026-02-24,RB,-5554,3054.0,10.0,1e-05,1696.1916,2544.2874,0.0001,16961.916,25442.874000000003
2026-02-24,SP,550,5280.0,10.0,5e-06,145.20000000000002,217.8,5e-05,1452.0,2178.0
2026-02-24,SP,43,5280.0,10.0,5e-06,11.352,17.028,5e-05,113.52000000000001,170.28000000000003
2026-02-24,SP,335,5280.0,10.0,5e-06,88.44,132.66,5e-05,884.4000000000001,1326.6000000000001
2026-02-24,UR,909,1858.0,20.0,0.0,909.0,1363.5,0.0,909.0,1363.5
2026-03-02,AP,19,9752.0,10.0,0.0,95.0,142.5,0.0,95.0,142.5
2026-03-02,FG,766,1069.0,20.0,0.0,4596.0,6894.0,0.0,4596.0,6894.0
2026-03-02,M,1444,2835.0,10.0,0.0,2166.0,3249.0,0.0,2166.0,3249.0
2026-03-02,P,-281,8810.0,10.0,0.0,702.5,1053.75,0.0,702.5,1053.75
2026-03-02,P,-28,8810.0,10.0,0.0,70.0,105.0,0.0,70.0,105.0
2026-03-02,RB,-134,3074.0,10.0,1e-05,41.1916,61.787400000000005,0.0001,411.91600000000005,617.874
2026-03-02,SC,-5,498.0,1000.0,0.0,100.0,150.0,0.0,100.0,150.0
2026-03-02,SP,-475,5246.0,10.0,5e-06,124.59250000000002,186.88875000000002,5e-05,1245.9250000000002,1868.8875000000003
2026-03-02,UR,37,1862.0,20.0,0.0,37.0,55.5,0.0,37.0,55.5
2026-03-06,JD,2195,3235.0,5.0,0.0,3292.5,4938.75,0.0,3292.5,4938.75
2026-03-06,JD,-2276,3383.0,5.0,0.0,3414.0,5121.0,0.0,3414.0,5121.0
2026-03-09,AP,-144,10390.0,10.0,0.0,720.0,1080.0,0.0,720.0,1080.0
2026-03-09,FG,-590,1096.0,20.0,0.0,3540.0,5310.0,0.0,3540.0,5310.0
2026-03-09,JD,470,3425.0,5.0,0.0,705.0,1057.5,0.0,705.0,1057.5
2026-03-09,LH,42,11210.0,16.0,0.0,42.0,63.0,0.0,42.0,63.0
2026-03-09,M,-1444,2923.0,10.0,0.0,2166.0,3249.0,0.0,2166.0,3249.0
2026-03-09,RB,584,3093.0,10.0,1e-05,180.6312,270.9468,0.0001,1806.312,2709.468
2026-03-09,RU,89,16930.0,10.0,0.0,267.0,400.5,0.0,267.0,400.5
2026-03-09,SC,-20,729.7,1000.0,0.0,400.0,600.0,0.0,400.0,600.0
2026-03-09,SP,699,5344.0,10.0,5e-06,186.77280000000005,280.15920000000006,5e-05,1867.728,2801.592
2026-03-09,SR,751,5397.0,10.0,0.0,2253.0,3379.5,0.0,2253.0,3379.5
2026-03-09,T,856,108.475,10000.0,0.0,2568.0,3852.0,0.0,2568.0,3852.0
2026-03-09,UR,-909,1943.0,20.0,0.0,909.0,1363.5,0.0,909.0,1363.5
2026-03-09,UR,-37,1943.0,20.0,0.0,37.0,55.5,0.0,37.0,55.5
2026-03-13,SC,-11,726.8,1000.0,0.0,220.0,330.0,0.0,220.0,330.0
2026-03-13,SC,4,728.3,1000.0,0.0,160.0,240.0,0.0,160.0,240.0
2026-03-16,AP,33,9994.0,10.0,0.0,165.0,247.5,0.0,165.0,247.5
2026-03-16,C,2652,2386.0,10.0,0.0,3182.4,4773.6,0.0,3182.4,4773.6
2026-03-16,FG,590,1132.0,20.0,0.0,3540.0,5310.0,0.0,3540.0,5310.0
2026-03-16,JD,-290,3428.0,5.0,0.0,435.0,652.5,0.0,435.0,652.5
2026-03-16,LH,-45,11110.0,16.0,0.0,45.0,67.5,0.0,45.0,67.5
2026-03-16,RB,-908,3129.0,10.0,1e-05,284.1132,426.1698,0.0001,2841.132,4261.698
2026-03-16,RU,-89,16770.0,10.0,0.0,267.0,400.5,0.0,267.0,400.5
2026-03-16,SC,7,730.2,1000.0,0.0,280.0,420.0,0.0,280.0,420.0
2026-03-16,SP,-887,5252.0,10.0,5e-06,232.9262,349.3893,5e-05,2329.262,3493.893
2026-03-16,SR,-751,5445.0,10.0,0.0,2253.0,3379.5,0.0,2253.0,3379.5
2026-03-16,T,-856,108.17,10000.0,0.0,2568.0,3852.0,0.0,2568.0,3852.0
2026-03-23,AL,689,24105.0,5.0,0.0,2067.0,3100.5,0.0,2067.0,3100.5
2026-03-23,AP,9,10646.0,10.0,0.0,45.0,67.5,0.0,45.0,67.5
2026-03-23,C,-2652,2385.0,10.0,0.0,3182.4,4773.6,0.0,3182.4,4773.6
2026-03-23,JD,1806,3412.0,5.0,0.0,2709.0,4063.5,0.0,2709.0,4063.5
2026-03-23,JD,290,3412.0,5.0,0.0,435.0,652.5,0.0,435.0,652.5
2026-03-23,LH,-176,10095.0,16.0,0.0,176.0,264.0,0.0,176.0,264.0
2026-03-23,M,955,3022.0,10.0,0.0,1432.5,2148.75,0.0,1432.5,2148.75
2026-03-23,RB,4970,3121.0,10.0,1e-05,1551.1370000000002,2326.7055,0.0001,15511.37,23267.055
2026-03-23,RB,134,3121.0,10.0,1e-05,41.821400000000004,62.7321,0.0001,418.214,627.321
2026-03-23,RB,908,3121.0,10.0,1e-05,283.38680000000005,425.0802000000001,0.0001,2833.868,4250.802
2026-03-23,SC,11,781.2,1000.0,0.0,440.0,660.0,0.0,440.0,660.0
2026-03-23,SP,119,5188.0,10.0,5e-06,30.8686,46.3029,5e-05,308.68600000000004,463.02900000000005
2026-03-23,SP,475,5188.0,10.0,5e-06,123.215,184.8225,5e-05,1232.15,1848.2250000000001
2026-03-23,SP,88,5188.0,10.0,5e-06,22.8272,34.2408,5e-05,228.27200000000002,342.408
2026-03-30,AL,78,23820.0,5.0,0.0,234.0,351.0,0.0,234.0,351.0
2026-03-30,C,2727,2372.0,10.0,0.0,3272.4,4908.6,0.0,3272.4,4908.6
2026-03-30,M,-955,2945.0,10.0,0.0,1432.5,2148.75,0.0,1432.5,2148.75
2026-03-30,MA,604,3351.0,10.0,0.0,604.0,906.0,0.0,604.0,906.0
2026-03-30,RU,-172,16590.0,10.0,0.0,516.0,774.0,0.0,516.0,774.0
2026-03-30,SC,-4,755.8,1000.0,0.0,160.0,240.0,0.0,160.0,240.0
2026-03-30,SC,-7,755.8,1000.0,0.0,280.0,420.0,0.0,280.0,420.0
2026-03-30,SC,-11,755.8,1000.0,0.0,440.0,660.0,0.0,440.0,660.0
2026-04-07,AL,-689,24685.0,5.0,0.0,2067.0,3100.5,0.0,2067.0,3100.5
2026-04-07,AL,-78,24685.0,5.0,0.0,234.0,351.0,0.0,234.0,351.0
2026-04-07,AP,31,9783.0,10.0,0.0,155.0,232.5,0.0,155.0,232.5
2026-04-07,C,-2727,2342.0,10.0,0.0,3272.4,4908.6,0.0,3272.4,4908.6
2026-04-07,FG,-1074,975.0,20.0,0.0,6444.0,9666.0,0.0,6444.0,9666.0
2026-04-07,LH,-32,9340.0,16.0,0.0,32.0,48.0,0.0,32.0,48.0
2026-04-07,P,254,9974.0,10.0,0.0,635.0,952.5,0.0,635.0,952.5
2026-04-07,RU,-24,16930.0,10.0,0.0,72.0,108.0,0.0,72.0,108.0
2026-04-07,SP,799,5100.0,10.0,5e-06,203.745,305.6175,5e-05,2037.4500000000003,3056.175
2026-04-09,P,-254,9490.0,10.0,0.0,635.0,952.5,0.0,635.0,952.5
2026-04-09,P,244,9540.0,10.0,0.0,610.0,915.0,0.0,610.0,915.0
2026-04-10,RU,172,17050.0,10.0,0.0,516.0,774.0,0.0,516.0,774.0
2026-04-10,RU,24,17050.0,10.0,0.0,72.0,108.0,0.0,72.0,108.0
2026-04-10,RU,-239,17170.0,10.0,0.0,717.0,1075.5,0.0,717.0,1075.5
2026-04-13,AP,-24,9745.0,10.0,0.0,120.0,180.0,0.0,120.0,180.0
2026-04-13,AP,-49,9745.0,10.0,0.0,245.0,367.5,0.0,245.0,367.5
2026-04-13,AP,-28,9745.0,10.0,0.0,140.0,210.0,0.0,140.0,210.0
2026-04-13,AP,-27,9745.0,10.0,0.0,135.0,202.5,0.0,135.0,202.5
2026-04-13,AP,-19,9745.0,10.0,0.0,95.0,142.5,0.0,95.0,142.5
2026-04-13,AP,-33,9745.0,10.0,0.0,165.0,247.5,0.0,165.0,247.5
2026-04-13,AP,-9,9745.0,10.0,0.0,45.0,67.5,0.0,45.0,67.5
2026-04-13,AP,-31,9745.0,10.0,0.0,155.0,232.5,0.0,155.0,232.5
2026-04-13,CF,637,15715.0,5.0,0.0,2739.1,4108.65,0.0,2739.1,4108.65
2026-04-13,FG,-136,963.0,20.0,0.0,816.0,1224.0,0.0,816.0,1224.0
2026-04-13,LH,-34,9035.0,16.0,0.0,34.0,51.0,0.0,34.0,51.0
2026-04-13,RU,239,16815.0,10.0,0.0,717.0,1075.5,0.0,717.0,1075.5
2026-04-13,SP,-871,4996.0,10.0,5e-06,217.57580000000002,326.3637,5e-05,2175.7580000000003,3263.6370000000006
2026-04-17,LH,120,9615.0,16.0,0.0,120.0,180.0,0.0,120.0,180.0
2026-04-17,LH,25,9615.0,16.0,0.0,25.0,37.5,0.0,25.0,37.5
2026-04-17,LH,45,9615.0,16.0,0.0,45.0,67.5,0.0,45.0,67.5
2026-04-17,LH,176,9615.0,16.0,0.0,176.0,264.0,0.0,176.0,264.0
2026-04-17,LH,32,9615.0,16.0,0.0,32.0,48.0,0.0,32.0,48.0
2026-04-17,LH,34,9615.0,16.0,0.0,34.0,51.0,0.0,34.0,51.0
2026-04-17,LH,-388,11125.0,16.0,0.0,388.0,582.0,0.0,388.0,582.0
2026-04-20,CF,256,15960.0,5.0,0.0,1100.8,1651.1999999999998,0.0,1100.8,1651.1999999999998
2026-04-20,FG,1074,978.0,20.0,0.0,2148.0,3222.0,0.0,2148.0,3222.0
2026-04-20,FG,136,978.0,20.0,0.0,272.0,408.0,0.0,272.0,408.0
2026-04-20,FG,-2199,1075.0,20.0,0.0,13194.0,19791.0,0.0,13194.0,19791.0
2026-04-20,LH,62,11290.0,16.0,0.0,62.0,93.0,0.0,62.0,93.0
2026-04-20,MA,-604,3072.0,10.0,0.0,604.0,906.0,0.0,604.0,906.0
2026-04-20,MA,504,2803.0,10.0,0.0,504.0,756.0,0.0,504.0,756.0
2026-04-20,P,-244,9308.0,10.0,0.0,610.0,915.0,0.0,610.0,915.0
2026-04-20,RB,-6965,3131.0,10.0,1e-05,2180.7415,3271.11225,0.0001,21807.415,32711.1225
2026-04-20,SP,871,5044.0,10.0,2e-06,87.86648,131.79971999999998,1.9999999999999998e-05,878.6647999999999,1317.9971999999998
2026-04-20,T,-782,108.73,10000.0,0.0,2346.0,3519.0,0.0,2346.0,3519.0
2026-04-21,T,102,108.745,10000.0,0.0,306.0,459.0,0.0,306.0,459.0
2026-04-22,T,19,108.835,10000.0,0.0,57.0,85.5,0.0,57.0,85.5
2026-04-23,T,13,108.83,10000.0,0.0,39.0,58.5,0.0,39.0,58.5
2026-04-24,T,35,108.79,10000.0,0.0,105.0,157.5,0.0,105.0,157.5
2026-04-27,AL,696,24895.0,5.0,0.0,2088.0,3132.0,0.0,2088.0,3132.0
2026-04-27,CF,-413,16170.0,5.0,0.0,1775.8999999999999,2663.85,0.0,1775.8999999999999,2663.85
2026-04-27,FG,290,1080.0,20.0,0.0,1740.0,2610.0,0.0,1740.0,2610.0
2026-04-27,JD,1576,3322.0,5.0,0.0,2364.0,3546.0,0.0,2364.0,3546.0
2026-04-27,LH,191,11315.0,16.0,0.0,191.0,286.5,0.0,191.0,286.5
2026-04-27,M,-1005,2982.0,10.0,0.0,1507.5,2261.25,0.0,1507.5,2261.25
2026-04-27,MA,-237,2889.0,10.0,0.0,237.0,355.5,0.0,237.0,355.5
2026-04-27,RB,699,3192.0,10.0,1e-05,223.12080000000003,334.68120000000005,0.0001,2231.208,3346.812
2026-04-27,RU,145,17110.0,10.0,0.0,435.0,652.5,0.0,435.0,652.5
2026-04-27,T,613,108.66,10000.0,0.0,1839.0,2758.5,0.0,1839.0,2758.5
2026-05-06,AL,105,24710.0,5.0,0.0,315.0,472.5,0.0,315.0,472.5
2026-05-06,AP,-203,7586.0,10.0,0.0,1015.0,1522.5,0.0,1015.0,1522.5
2026-05-06,CF,374,16850.0,5.0,0.0,1608.2,2412.3,0.0,1608.2,2412.3
2026-05-06,FG,100,1062.0,20.0,0.0,600.0,900.0,0.0,600.0,900.0
2026-05-06,JD,-1576,3427.0,5.0,0.0,2364.0,3546.0,0.0,2364.0,3546.0
2026-05-06,LH,18,11360.0,16.0,0.0,18.0,27.0,0.0,18.0,27.0
2026-05-06,M,1005,3042.0,10.0,0.0,1507.5,2261.25,0.0,1507.5,2261.25
2026-05-06,MA,-13,2984.0,10.0,0.0,13.0,19.5,0.0,13.0,19.5
2026-05-06,RB,6266,3229.0,10.0,1e-05,2023.2914,3034.9371,0.0001,20232.914,30349.371
2026-05-06,RB,6851,3229.0,10.0,1e-05,2212.1879000000004,3318.2818500000003,0.0001,22121.879,33182.8185
2026-05-06,RU,-145,17600.0,10.0,0.0,435.0,652.5,0.0,435.0,652.5
2026-05-06,UR,529,2010.0,20.0,0.0,529.0,793.5,0.0,529.0,793.5
2026-05-07,AL,-6,24620.0,5.0,0.0,18.0,27.0,0.0,18.0,27.0
2026-05-07,AP,2,7556.0,10.0,0.0,10.0,15.0,0.0,10.0,15.0
2026-05-07,CF,-6,16620.0,5.0,0.0,25.799999999999997,38.699999999999996,0.0,25.799999999999997,38.699999999999996
2026-05-07,FG,12,1067.0,20.0,0.0,72.0,108.0,0.0,72.0,108.0
2026-05-07,LH,1,11400.0,16.0,0.0,1.0,1.5,0.0,1.0,1.5
2026-05-07,MA,-2,2993.0,10.0,0.0,2.0,3.0,0.0,2.0,3.0
2026-05-07,RB,-43,3259.0,10.0,1e-05,14.013700000000002,21.020550000000004,0.0001,140.137,210.2055
2026-05-07,UR,-4,1981.0,20.0,0.0,4.0,6.0,0.0,4.0,6.0
2026-05-08,AL,-6,24335.0,5.0,0.0,18.0,27.0,0.0,18.0,27.0
2026-05-08,AP,2,7593.0,10.0,0.0,10.0,15.0,0.0,10.0,15.0
2026-05-08,CF,-7,16500.0,5.0,0.0,30.099999999999998,45.15,0.0,30.099999999999998,45.15
2026-05-08,FG,14,1077.0,20.0,0.0,84.0,126.0,0.0,84.0,126.0
2026-05-08,LH,1,11370.0,16.0,0.0,1.0,1.5,0.0,1.0,1.5
2026-05-08,MA,-2,2828.0,10.0,0.0,2.0,3.0,0.0,2.0,3.0
2026-05-08,RB,-52,3271.0,10.0,1e-05,17.0092,25.5138,0.0001,170.092,255.13800000000003
2026-05-08,UR,-4,1964.0,20.0,0.0,4.0,6.0,0.0,4.0,6.0
2026-05-11,AL,-684,24445.0,5.0,0.0,2052.0,3078.0,0.0,2052.0,3078.0
2026-05-11,AL,-105,24445.0,5.0,0.0,315.0,472.5,0.0,315.0,472.5
2026-05-11,AP,-100,7598.0,10.0,0.0,500.0,750.0,0.0,500.0,750.0
2026-05-11,CF,172,16350.0,5.0,0.0,739.6,1109.4,0.0,739.6,1109.4
2026-05-11,FG,-710,1051.0,20.0,0.0,4260.0,6390.0,0.0,4260.0,6390.0
2026-05-11,LH,-56,11140.0,16.0,0.0,56.0,84.0,0.0,56.0,84.0
2026-05-11,MA,-250,2852.0,10.0,0.0,250.0,375.0,0.0,250.0,375.0
2026-05-11,RB,-6756,3260.0,10.0,1e-05,2202.456,3303.684,0.0001,22024.56,33036.840000000004
2026-05-11,RU,452,17840.0,10.0,0.0,1356.0,2034.0,0.0,1356.0,2034.0
2026-05-11,UR,-521,1921.0,20.0,0.0,521.0,781.5,0.0,521.0,781.5
2026-05-18,AP,-29,7650.0,10.0,0.0,145.0,217.5,0.0,145.0,217.5
2026-05-18,CF,-211,16045.0,5.0,0.0,907.3,1360.9499999999998,0.0,907.3,1360.9499999999998
2026-05-18,CF,-226,16045.0,5.0,0.0,971.8,1457.6999999999998,0.0,971.8,1457.6999999999998
2026-05-18,FG,1002,1041.0,20.0,0.0,6012.0,9018.0,0.0,6012.0,9018.0
2026-05-18,JD,1690,3753.0,5.0,0.0,2535.0,3802.5,0.0,2535.0,3802.5
2026-05-18,RB,8243,3234.0,10.0,1e-05,2665.7862,3998.6793,0.0001,26657.862,39986.793000000005
2026-05-18,RU,-263,17605.0,10.0,0.0,789.0,1183.5,0.0,789.0,1183.5
2026-05-22,AP,1,7512.0,10.0,0.0,5.0,7.5,0.0,5.0,7.5
2026-05-22,CF,-1,15980.0,5.0,0.0,4.3,6.449999999999999,0.0,4.3,6.449999999999999
2026-05-22,FG,3,1030.0,20.0,0.0,18.0,27.0,0.0,18.0,27.0
2026-05-22,JD,-3,3964.0,5.0,0.0,4.5,6.75,0.0,4.5,6.75
2026-05-22,LH,1,11060.0,16.0,0.0,1.0,1.5,0.0,1.0,1.5
2026-05-22,RB,-13,3174.0,10.0,1e-05,4.1262,6.189299999999999,0.0001,41.262,61.893
2026-05-22,RU,-1,17340.0,10.0,0.0,3.0,4.5,0.0,3.0,4.5
2026-05-25,FG,-910,1021.0,20.0,0.0,5460.0,8190.0,0.0,5460.0,8190.0
2026-05-25,MA,430,2912.0,10.0,0.0,430.0,645.0,0.0,430.0,645.0
2026-05-25,RB,-8230,3166.0,10.0,1e-05,2605.6180000000004,3908.4270000000006,0.0001,26056.180000000004,39084.270000000004
2026-05-25,T,1247,108.935,10000.0,0.0,3741.0,5611.5,0.0,3741.0,5611.5
2026-05-26,T,-1247,108.935,10000.0,0.0,3741.0,5611.5,0.0,3741.0,5611.5
2026-05-26,T,1228,108.84,10000.0,0.0,3684.0,5526.0,0.0,3684.0,5526.0
2026-06-01,AP,198,7494.0,10.0,0.0,990.0,1485.0,0.0,990.0,1485.0
2026-06-01,AP,100,7494.0,10.0,0.0,500.0,750.0,0.0,500.0,750.0
2026-06-01,AP,29,7494.0,10.0,0.0,145.0,217.5,0.0,145.0,217.5
2026-06-01,C,-2639,2321.0,10.0,0.0,3166.7999999999997,4750.2,0.0,3166.7999999999997,4750.2
2026-06-01,FG,778,1061.0,20.0,0.0,4668.0,7002.0,0.0,4668.0,7002.0
2026-06-01,FG,710,1061.0,20.0,0.0,4260.0,6390.0,0.0,4260.0,6390.0
2026-06-01,FG,910,1061.0,20.0,0.0,5460.0,8190.0,0.0,5460.0,8190.0
2026-06-01,JD,-480,4303.0,5.0,0.0,720.0,1080.0,0.0,720.0,1080.0
2026-06-01,LH,2,10710.0,16.0,0.0,2.0,3.0,0.0,2.0,3.0
2026-06-01,MA,400,2794.0,10.0,0.0,400.0,600.0,0.0,400.0,600.0
2026-06-01,RB,-5304,3155.0,10.0,1e-05,1673.412,2510.118,0.0001,16734.120000000003,25101.180000000004
2026-06-01,RU,-188,17830.0,10.0,0.0,564.0,846.0,0.0,564.0,846.0
2026-06-01,SP,-834,4918.0,10.0,5e-06,205.0806,307.6209,5e-05,2050.806,3076.209
2026-06-01,T,-560,109.225,10000.0,0.0,1680.0,2520.0,0.0,1680.0,2520.0
2026-06-01,UR,-701,1825.0,20.0,0.0,701.0,1051.5,0.0,701.0,1051.5
2026-06-04,LH,112,10540.0,16.0,0.0,112.0,168.0,0.0,112.0,168.0
2026-06-04,LH,56,10540.0,16.0,0.0,56.0,84.0,0.0,56.0,84.0
2026-06-04,LH,-151,12115.0,16.0,0.0,151.0,226.5,0.0,151.0,226.5
2026-06-08,C,-342,2321.0,10.0,0.0,410.4,615.5999999999999,0.0,410.4,615.5999999999999
2026-06-08,LH,-17,11775.0,16.0,0.0,17.0,25.5,0.0,17.0,25.5
2026-06-08,MA,-430,2896.0,10.0,0.0,430.0,645.0,0.0,430.0,645.0
2026-06-08,MA,-400,2896.0,10.0,0.0,400.0,600.0,0.0,400.0,600.0
2026-06-08,RB,5304,3166.0,10.0,1e-05,1679.2464000000002,2518.8696000000004,0.0001,16792.464000000004,25188.696000000004
2026-06-08,RU,394,17870.0,10.0,0.0,1182.0,1773.0,0.0,1182.0,1773.0
2026-06-08,SP,-227,4856.0,10.0,5e-06,55.1156,82.6734,5e-05,551.156,826.7339999999999
2026-06-08,T,419,109.195,10000.0,0.0,1257.0,1885.5,0.0,1257.0,1885.5
2026-06-08,UR,-178,1813.0,20.0,0.0,178.0,267.0,0.0,178.0,267.0
2026-06-09,T,-80,109.075,10000.0,0.0,240.0,360.0,0.0,240.0,360.0
2026-06-10,T,-24,109.025,10000.0,0.0,72.0,108.0,0.0,72.0,108.0
2026-06-11,T,-46,108.8,10000.0,0.0,138.0,207.0,0.0,138.0,207.0
2026-06-12,T,-15,108.795,10000.0,0.0,45.0,67.5,0.0,45.0,67.5
2026-06-15,C,2639,2352.0,10.0,0.0,3166.7999999999997,4750.2,0.0,3166.7999999999997,4750.2
2026-06-15,C,342,2352.0,10.0,0.0,410.4,615.5999999999999,0.0,410.4,615.5999999999999
2026-06-15,LH,-105,12070.0,16.0,0.0,105.0,157.5,0.0,105.0,157.5
2026-06-15,MA,489,3002.0,10.0,0.0,489.0,733.5,0.0,489.0,733.5
2026-06-15,RU,-182,17605.0,10.0,0.0,546.0,819.0,0.0,546.0,819.0
2026-06-15,T,234,108.785,10000.0,0.0,702.0,1053.0,0.0,702.0,1053.0
2026-06-15,UR,73,1769.0,20.0,0.0,73.0,109.5,0.0,73.0,109.5
2026-06-16,JD,-1207,4252.0,5.0,0.0,1810.5,2715.75,0.0,1810.5,2715.75
2026-06-16,JD,1183,4704.0,5.0,0.0,1774.5,2661.75,0.0,1774.5,2661.75
2026-06-16,T,-24,108.835,10000.0,0.0,72.0,108.0,0.0,72.0,108.0
2026-06-22,CF,4,16080.0,5.0,0.0,17.2,25.799999999999997,0.0,17.2,25.799999999999997
2026-06-22,LH,93,11710.0,16.0,0.0,93.0,139.5,0.0,93.0,139.5
2026-06-22,RU,-1,17840.0,10.0,0.0,3.0,4.5,0.0,3.0,4.5
2026-06-22,SP,-966,4866.0,10.0,5e-06,235.0278,352.5417,5e-05,2350.2780000000002,3525.4170000000004
2026-06-22,SR,-1438,5324.0,10.0,0.0,4314.0,6471.0,0.0,4314.0,6471.0
2026-06-22,T,-173,108.995,10000.0,0.0,519.0,778.5,0.0,519.0,778.5
2026-06-22,UR,628,1816.0,20.0,0.0,628.0,942.0,0.0,628.0,942.0
2026-06-22,UR,178,1816.0,20.0,0.0,178.0,267.0,0.0,178.0,267.0
2026-06-29,CF,-14,15630.0,5.0,0.0,60.199999999999996,90.3,0.0,60.199999999999996,90.3
2026-06-29,JD,-256,4290.0,5.0,0.0,384.0,576.0,0.0,384.0,576.0
2026-06-29,LH,-58,12125.0,16.0,0.0,58.0,87.0,0.0,58.0,87.0
2026-06-29,MA,-489,2416.0,10.0,0.0,489.0,733.5,0.0,489.0,733.5
2026-06-29,RB,-6532,3091.0,10.0,1e-05,2019.0412000000003,3028.5618000000004,0.0001,20190.412,30285.618000000002
2026-06-29,SC,-13,461.3,1000.0,0.0,260.0,390.0,0.0,260.0,390.0
2026-06-29,SP,834,4620.0,10.0,5e-06,192.654,288.981,5e-05,1926.54,2889.81
2026-06-29,SP,227,4620.0,10.0,5e-06,52.437000000000005,78.6555,5e-05,524.37,786.5550000000001
2026-06-29,SP,15,4620.0,10.0,5e-06,3.4650000000000003,5.197500000000001,5e-05,34.65,51.974999999999994
2026-06-29,SR,1438,5253.0,10.0,0.0,2876.0,4314.0,0.0,2876.0,4314.0
2026-06-29,T,-265,109.225,10000.0,0.0,795.0,1192.5,0.0,795.0,1192.5
2026-06-30,T,-2,109.345,10000.0,0.0,6.0,9.0,0.0,6.0,9.0
2026-07-01,T,-12,109.185,10000.0,0.0,36.0,54.0,0.0,36.0,54.0
2026-07-02,T,-4,109.025,10000.0,0.0,12.0,18.0,0.0,12.0,18.0
2026-07-06,C,1961,2303.0,10.0,0.0,2353.2,3529.7999999999997,0.0,2353.2,3529.7999999999997
2026-07-06,CF,-15,16250.0,5.0,0.0,64.5,96.75,0.0,64.5,96.75
2026-07-06,CF,-82,16250.0,5.0,0.0,352.59999999999997,528.9,0.0,352.59999999999997,528.9
2026-07-06,JD,-927,4613.0,5.0,0.0,1390.5,2085.75,0.0,1390.5,2085.75
2026-07-06,LH,58,12690.0,16.0,0.0,58.0,87.0,0.0,58.0,87.0
2026-07-06,LH,17,12690.0,16.0,0.0,17.0,25.5,0.0,17.0,25.5
2026-07-06,LH,42,12690.0,16.0,0.0,42.0,63.0,0.0,42.0,63.0
2026-07-06,RB,-75,3065.0,10.0,1e-05,22.987500000000004,34.48125,0.0001,229.875,344.8125
2026-07-06,RU,-82,16775.0,10.0,0.0,246.0,369.0,0.0,246.0,369.0
2026-07-06,SC,13,436.8,1000.0,0.0,260.0,390.0,0.0,260.0,390.0
2026-07-06,SP,-1092,4744.0,10.0,5e-06,259.0224,388.5336,5e-05,2590.224,3885.3360000000002
2026-07-06,SR,-905,5310.0,10.0,0.0,1810.0,2715.0,0.0,1810.0,2715.0
2026-07-06,T,-23,109.065,10000.0,0.0,69.0,103.5,0.0,69.0,103.5
2026-07-06,T,-164,109.065,10000.0,0.0,492.0,738.0,0.0,492.0,738.0
2026-07-07,T,-3,109.145,10000.0,0.0,9.0,13.5,0.0,9.0,13.5
2026-07-13,C,-1961,2313.0,10.0,0.0,2353.2,3529.7999999999997,0.0,2353.2,3529.7999999999997
2026-07-13,FG,-1152,963.0,20.0,0.0,2304.0,3456.0,0.0,2304.0,3456.0
2026-07-13,LH,63,12210.0,16.0,0.0,63.0,94.5,0.0,63.0,94.5
2026-07-13,LH,58,12210.0,16.0,0.0,58.0,87.0,0.0,58.0,87.0
2026-07-13,P,-334,9230.0,10.0,0.0,835.0,1252.5,0.0,835.0,1252.5
2026-07-13,RB,-1547,3086.0,10.0,1e-05,477.40420000000006,716.1063000000001,0.0001,4774.042,7161.063
2026-07-13,RU,18,16915.0,10.0,0.0,54.0,81.0,0.0,54.0,81.0
2026-07-13,SC,-40,467.6,1000.0,0.0,800.0,1200.0,0.0,800.0,1200.0
2026-07-13,SP,951,4852.0,10.0,2e-06,92.28504,138.42756,1.9999999999999998e-05,922.8503999999999,1384.2756
2026-07-13,SP,1092,4852.0,10.0,2e-06,105.96768,158.95152000000002,1.9999999999999998e-05,1059.6768,1589.5151999999998
2026-07-13,SR,905,5276.0,10.0,0.0,1810.0,2715.0,0.0,1810.0,2715.0
2026-07-13,T,-252,109.21,10000.0,0.0,756.0,1134.0,0.0,756.0,1134.0
2026-07-13,T,-234,109.21,10000.0,0.0,702.0,1053.0,0.0,702.0,1053.0
2026-07-14,SC,40,479.0,1000.0,0.0,800.0,1200.0,0.0,800.0,1200.0
2026-07-14,SC,-45,483.2,1000.0,0.0,900.0,1350.0,0.0,900.0,1350.0
2026-07-20,CF,-39,15770.0,5.0,0.0,167.7,251.54999999999998,0.0,167.7,251.54999999999998
2026-07-20,FG,30,904.0,20.0,0.0,60.0,90.0,0.0,60.0,90.0
2026-07-20,LH,-93,11695.0,16.0,0.0,93.0,139.5,0.0,93.0,139.5
2026-07-20,M,1338,3074.0,10.0,0.0,2007.0,3010.5,0.0,2007.0,3010.5
2026-07-20,RB,1250,3113.0,10.0,1e-05,389.125,583.6875,0.0001,3891.25,5836.875
2026-07-20,SC,9,521.2,1000.0,0.0,180.0,270.0,0.0,180.0,270.0
2026-07-20,T,602,109.15,10000.0,0.0,1806.0,2709.0,0.0,1806.0,2709.0
2026-07-27,LH,-2,11055.0,16.0,0.0,2.0,3.0,0.0,2.0,3.0
2026-07-27,MA,765,2732.0,10.0,0.0,765.0,1147.5,0.0,765.0,1147.5
2026-07-27,P,334,9522.0,10.0,0.0,835.0,1252.5,0.0,835.0,1252.5
2026-07-27,RU,-129,16755.0,10.0,0.0,387.0,580.5,0.0,387.0,580.5
2026-07-27,RU,-18,16755.0,10.0,0.0,54.0,81.0,0.0,54.0,81.0
2026-07-27,SC,36,580.2,1000.0,0.0,720.0,1080.0,0.0,720.0,1080.0
2026-07-27,SR,-865,5148.0,10.0,0.0,1730.0,2595.0,0.0,1730.0,2595.0
2026-07-27,T,48,109.265,10000.0,0.0,144.0,216.0,0.0,144.0,216.0
2026-07-27,UR,-634,1740.0,20.0,0.0,634.0,951.0,0.0,634.0,951.0
2026-07-28,T,-25,109.215,10000.0,0.0,75.0,112.5,0.0,75.0,112.5
2026-08-03,AL,925,23605.0,5.0,0.0,2775.0,4162.5,0.0,2775.0,4162.5
2026-08-03,FG,-686,872.0,20.0,0.0,1372.0,2058.0,0.0,1372.0,2058.0
2026-08-03,LH,-84,10660.0,16.0,0.0,84.0,126.0,0.0,84.0,126.0
2026-08-03,M,-433,3069.0,10.0,0.0,649.5,974.25,0.0,649.5,974.25
2026-08-03,MA,-365,2655.0,10.0,0.0,365.0,547.5,0.0,365.0,547.5
2026-08-03,RB,777,3011.0,10.0,1e-05,233.95470000000003,350.93205000000006,0.0001,2339.547,3509.3205
2026-08-03,SC,9,566.2,1000.0,0.0,180.0,270.0,0.0,180.0,270.0
2026-08-03,SR,865,5064.0,10.0,0.0,1730.0,2595.0,0.0,1730.0,2595.0
2026-08-03,T,-6,109.4,10000.0,0.0,18.0,27.0,0.0,18.0,27.0
2026-08-03,UR,634,1720.0,20.0,0.0,634.0,951.0,0.0,634.0,951.0
2026-08-07,LH,93,11300.0,16.0,0.0,93.0,139.5,0.0,93.0,139.5
2026-08-07,LH,2,11300.0,16.0,0.0,2.0,3.0,0.0,2.0,3.0
2026-08-07,LH,84,11300.0,16.0,0.0,84.0,126.0,0.0,84.0,126.0
2026-08-07,LH,-195,12125.0,16.0,0.0,195.0,292.5,0.0,195.0,292.5
2026-08-07,T,-36,109.36,10000.0,0.0,108.0,162.0,0.0,108.0,162.0
2026-08-10,AL,114,24010.0,5.0,0.0,342.0,513.0,0.0,342.0,513.0
2026-08-10,FG,-82,885.0,20.0,0.0,164.0,246.0,0.0,164.0,246.0
2026-08-10,MA,-400,2490.0,10.0,0.0,400.0,600.0,0.0,400.0,600.0
2026-08-10,RU,119,16890.0,10.0,0.0,357.0,535.5,0.0,357.0,535.5
2026-08-10,T,-93,109.43,10000.0,0.0,279.0,418.5,0.0,279.0,418.5
2026-08-12,M,-905,3087.0,10.0,0.0,1357.5,2036.25,0.0,1357.5,2036.25
2026-08-12,M,1043,3136.0,10.0,0.0,1564.5,2346.75,0.0,1564.5,2346.75
2026-08-12,T,-5,109.415,10000.0,0.0,15.0,22.5,0.0,15.0,22.5
2026-08-13,SC,-9,550.7,1000.0,0.0,180.0,270.0,0.0,180.0,270.0
2026-08-13,SC,12,547.3,1000.0,0.0,240.0,360.0,0.0,240.0,360.0
2026-08-14,RU,-119,16890.0,10.0,0.0,357.0,535.5,0.0,357.0,535.5
2026-08-14,RU,156,17820.0,10.0,0.0,468.0,702.0,0.0,468.0,702.0
2026-08-14,T,-18,109.475,10000.0,0.0,54.0,81.0,0.0,54.0,81.0
2026-08-17,AL,7,23965.0,5.0,0.0,21.0,31.5,0.0,21.0,31.5
2026-08-17,C,-2193,2250.0,10.0,0.0,2631.6,3947.3999999999996,0.0,2631.6,3947.3999999999996
2026-08-17,CF,-253,16175.0,5.0,0.0,1087.8999999999999,1631.85,0.0,1087.8999999999999,1631.85
2026-08-17,CF,-172,16175.0,5.0,0.0,739.6,1109.4,0.0,739.6,1109.4
2026-08-17,CF,-4,16175.0,5.0,0.0,17.2,25.799999999999997,0.0,17.2,25.799999999999997
2026-08-17,CF,446,16770.0,5.0,0.0,1917.8,2876.7,0.0,1917.8,2876.7
2026-08-17,FG,-6,863.0,20.0,0.0,12.0,18.0,0.0,12.0,18.0
2026-08-17,LH,87,12410.0,16.0,0.0,87.0,130.5,0.0,87.0,130.5
2026-08-17,M,-89,3163.0,10.0,0.0,133.5,200.25,0.0,133.5,200.25
2026-08-17,RB,558,3017.0,10.0,1e-05,168.3486,252.5229,0.0001,1683.486,2525.2290000000003
2026-08-17,RU,-15,17780.0,10.0,0.0,45.0,67.5,0.0,45.0,67.5
2026-08-17,SC,-2,550.4,1000.0,0.0,40.0,60.0,0.0,40.0,60.0
2026-08-17,T,-63,109.53,10000.0,0.0,189.0,283.5,0.0,189.0,283.5
2026-08-18,AL,-5,24010.0,5.0,0.0,15.0,22.5,0.0,15.0,22.5
2026-08-18,C,2193,2241.0,10.0,0.0,2631.6,3947.3999999999996,0.0,2631.6,3947.3999999999996
2026-08-18,C,-2429,2197.0,10.0,0.0,2914.7999999999997,4372.2,0.0,2914.7999999999997,4372.2
2026-08-18,CF,-2,16735.0,5.0,0.0,8.6,12.899999999999999,0.0,8.6,12.899999999999999
2026-08-18,FG,9,885.0,20.0,0.0,18.0,27.0,0.0,18.0,27.0
2026-08-18,LH,1,12435.0,16.0,0.0,1.0,1.5,0.0,1.0,1.5
2026-08-18,M,-5,3174.0,10.0,0.0,7.5,11.25,0.0,7.5,11.25
2026-08-18,RB,25,3016.0,10.0,1e-05,7.540000000000001,11.310000000000002,0.0001,75.4,113.10000000000001
2026-08-18,RU,-1,18020.0,10.0,0.0,3.0,4.5,0.0,3.0,4.5
2026-08-18,SC,-1,569.9,1000.0,0.0,20.0,30.0,0.0,20.0,30.0
2026-08-20,AL,-920,23640.0,5.0,0.0,2760.0,4140.0,0.0,2760.0,4140.0
2026-08-20,AL,-114,23640.0,5.0,0.0,342.0,513.0,0.0,342.0,513.0
2026-08-20,AL,-7,23640.0,5.0,0.0,21.0,31.5,0.0,21.0,31.5
2026-08-20,AL,1148,23665.0,5.0,0.0,3444.0,5166.0,0.0,3444.0,5166.0
2026-08-20,C,180,2267.0,10.0,0.0,216.0,324.0,0.0,216.0,324.0
2026-08-20,CF,-33,16970.0,5.0,0.0,141.9,212.85000000000002,0.0,141.9,212.85000000000002
2026-08-20,FG,1113,878.0,20.0,0.0,2226.0,3339.0,0.0,2226.0,3339.0
2026-08-20,FG,686,878.0,20.0,0.0,1372.0,2058.0,0.0,1372.0,2058.0
2026-08-20,FG,82,878.0,20.0,0.0,164.0,246.0,0.0,164.0,246.0
2026-08-20,FG,6,878.0,20.0,0.0,12.0,18.0,0.0,12.0,18.0
2026-08-20,FG,-2148,900.0,20.0,0.0,4296.0,6444.0,0.0,4296.0,6444.0
2026-08-20,LH,8,12330.0,16.0,0.0,8.0,12.0,0.0,8.0,12.0
2026-08-20,M,-71,3245.0,10.0,0.0,106.5,159.75,0.0,106.5,159.75
2026-08-20,RB,410,3018.0,10.0,1e-05,123.738,185.607,0.0001,1237.38,1856.0700000000002
2026-08-20,RU,-11,18205.0,10.0,0.0,33.0,49.5,0.0,33.0,49.5
2026-08-20,SC,-1,579.8,1000.0,0.0,20.0,30.0,0.0,20.0,30.0
2026-08-20,T,-4,109.535,10000.0,0.0,12.0,18.0,0.0,12.0,18.0
2026-08-21,AL,-7,23495.0,5.0,0.0,21.0,31.5,0.0,21.0,31.5
2026-08-21,C,14,2265.0,10.0,0.0,16.8,25.200000000000003,0.0,16.8,25.200000000000003
2026-08-21,CF,-3,17050.0,5.0,0.0,12.899999999999999,19.349999999999998,0.0,12.899999999999999,19.349999999999998
2026-08-21,FG,13,917.0,20.0,0.0,26.0,39.0,0.0,26.0,39.0
2026-08-21,LH,1,12330.0,16.0,0.0,1.0,1.5,0.0,1.0,1.5
2026-08-21,M,-6,3268.0,10.0,0.0,9.0,13.5,0.0,9.0,13.5
2026-08-21,RB,31,3036.0,10.0,1e-05,9.411600000000002,14.117400000000004,0.0001,94.116,141.174
2026-08-21,RU,-1,18440.0,10.0,0.0,3.0,4.5,0.0,3.0,4.5
2026-08-21,SC,-1,594.8,1000.0,0.0,20.0,30.0,0.0,20.0,30.0
2026-08-21,T,-1,109.48,10000.0,0.0,3.0,4.5,0.0,3.0,4.5
2026-08-24,AL,-30,23795.0,5.0,0.0,90.0,135.0,0.0,90.0,135.0
2026-08-24,AP,352,7672.0,10.0,0.0,1760.0,2640.0,0.0,1760.0,2640.0
2026-08-24,C,365,2267.0,10.0,0.0,438.0,657.0,0.0,438.0,657.0
2026-08-24,CF,20,17110.0,5.0,0.0,86.0,129.0,0.0,86.0,129.0
2026-08-24,FG,55,910.0,20.0,0.0,110.0,165.0,0.0,110.0,165.0
2026-08-24,LH,2,12215.0,16.0,0.0,2.0,3.0,0.0,2.0,3.0
2026-08-24,M,-872,3231.0,10.0,0.0,1308.0,1962.0,0.0,1308.0,1962.0
2026-08-24,MA,401,2916.0,10.0,0.0,401.0,601.5,0.0,401.0,601.5
2026-08-24,RB,-500,3036.0,10.0,1e-05,151.8,227.70000000000002,0.0001,1518.0,2277.0
2026-08-24,RU,-128,18470.0,10.0,0.0,384.0,576.0,0.0,384.0,576.0
2026-08-24,SC,4,595.6,1000.0,0.0,80.0,120.0,0.0,80.0,120.0
2026-08-24,T,-1,109.43,10000.0,0.0,3.0,4.5,0.0,3.0,4.5
2026-08-25,AL,-16,23785.0,5.0,0.0,48.0,72.0,0.0,48.0,72.0
2026-08-25,AP,-5,7468.0,10.0,0.0,25.0,37.5,0.0,25.0,37.5
2026-08-25,C,26,2282.0,10.0,0.0,31.2,46.8,0.0,31.2,46.8
2026-08-25,CF,-6,17045.0,5.0,0.0,25.799999999999997,38.699999999999996,0.0,25.799999999999997,38.699999999999996
2026-08-25,FG,29,924.0,20.0,0.0,58.0,87.0,0.0,58.0,87.0
2026-08-25,LH,2,12040.0,16.0,0.0,2.0,3.0,0.0,2.0,3.0
2026-08-25,MA,-6,2917.0,10.0,0.0,6.0,9.0,0.0,6.0,9.0
2026-08-25,RB,77,3067.0,10.0,1e-05,23.615900000000003,35.42385,0.0001,236.15900000000002,354.23850000000004
2026-08-25,SC,-1,589.6,1000.0,0.0,20.0,30.0,0.0,20.0,30.0
2026-08-25,T,-350,109.55,10000.0,0.0,1050.0,1575.0,0.0,1050.0,1575.0
2026-08-25,T,-48,109.55,10000.0,0.0,144.0,216.0,0.0,144.0,216.0
2026-08-25,T,394,109.57,10000.0,0.0,1182.0,1773.0,0.0,1182.0,1773.0
2026-08-26,AL,-1,23725.0,5.0,0.0,3.0,4.5,0.0,3.0,4.5
2026-08-26,AP,-1,7406.0,10.0,0.0,5.0,7.5,0.0,5.0,7.5
2026-08-26,C,1,2277.0,10.0,0.0,1.2,1.7999999999999998,0.0,1.2,1.7999999999999998
2026-08-26,CF,-1,16840.0,5.0,0.0,4.3,6.449999999999999,0.0,4.3,6.449999999999999
2026-08-26,FG,1,913.0,20.0,0.0,2.0,3.0,0.0,2.0,3.0
2026-08-26,LH,1,11820.0,16.0,0.0,1.0,1.5,0.0,1.0,1.5
2026-08-26,MA,-1,2873.0,10.0,0.0,1.0,1.5,0.0,1.0,1.5
2026-08-26,RB,2,3072.0,10.0,1e-05,0.6144000000000001,0.9216000000000001,0.0001,6.144,9.216000000000001
2026-08-26,SC,-1,570.3,1000.0,0.0,20.0,30.0,0.0,20.0,30.0
2026-08-27,T,-2,109.455,10000.0,0.0,6.0,9.0,0.0,6.0,9.0
2026-08-28,AL,-11,23845.0,5.0,0.0,33.0,49.5,0.0,33.0,49.5
2026-08-28,AP,-4,7460.0,10.0,0.0,20.0,30.0,0.0,20.0,30.0
2026-08-28,C,18,2287.0,10.0,0.0,21.599999999999998,32.4,0.0,21.599999999999998,32.4
2026-08-28,CF,-4,17090.0,5.0,0.0,17.2,25.799999999999997,0.0,17.2,25.799999999999997
2026-08-28,FG,20,910.0,20.0,0.0,40.0,60.0,0.0,40.0,60.0
2026-08-28,LH,1,11810.0,16.0,0.0,1.0,1.5,0.0,1.0,1.5
2026-08-28,MA,-4,2798.0,10.0,0.0,4.0,6.0,0.0,4.0,6.0
2026-08-28,RB,52,3082.0,10.0,1e-05,16.026400000000002,24.039600000000004,0.0001,160.264,240.39600000000002
2026-08-28,SC,-1,585.8,1000.0,0.0,20.0,30.0,0.0,20.0,30.0
2026-08-28,T,-4,109.28,10000.0,0.0,12.0,18.0,0.0,12.0,18.0
2026-08-31,AL,-7,23930.0,5.0,0.0,21.0,31.5,0.0,21.0,31.5
2026-08-31,AP,-342,7758.0,10.0,0.0,1710.0,2565.0,0.0,1710.0,2565.0
2026-08-31,AP,-192,7758.0,10.0,0.0,960.0,1440.0,0.0,960.0,1440.0
2026-08-31,C,1825,2284.0,10.0,0.0,2190.0,3285.0,0.0,2190.0,3285.0
2026-08-31,CF,348,17210.0,5.0,0.0,1496.3999999999999,2244.6,0.0,1496.3999999999999,2244.6
2026-08-31,FG,145,937.0,20.0,0.0,290.0,435.0,0.0,290.0,435.0
2026-08-31,LH,7,12155.0,16.0,0.0,7.0,10.5,0.0,7.0,10.5
2026-08-31,MA,-390,2838.0,10.0,0.0,390.0,585.0,0.0,390.0,585.0
2026-08-31,RB,346,3116.0,10.0,1e-05,107.81360000000001,161.7204,0.0001,1078.136,1617.204
2026-08-31,RU,252,18910.0,10.0,0.0,756.0,1134.0,0.0,756.0,1134.0
2026-08-31,SC,-4,594.8,1000.0,0.0,80.0,120.0,0.0,80.0,120.0
2026-08-31,SC,-4,594.8,1000.0,0.0,80.0,120.0,0.0,80.0,120.0
2026-08-31,T,-4,109.28,10000.0,0.0,12.0,18.0,0.0,12.0,18.0
