signal_date,sector,instrument,direction,score,role
2015-01-16,agriculture,C,1,1.516776621997147,strongest
2015-01-16,agriculture,CF,-1,-1.5615325659337724,weakest
2015-01-16,base_metal,AL,-1,-1.0912603156012792,absolute
2015-01-16,chemical_energy,MA,-1,-1.846038868379682,weakest
2015-01-16,ferrous,RB,-1,-2.2918530933747694,absolute
2015-01-23,agriculture,C,1,1.6017964317922122,strongest
2015-01-23,agriculture,CF,-1,-1.6474310970279629,weakest
2015-01-23,base_metal,AL,-1,-0.9883574417349624,absolute
2015-01-23,chemical_energy,MA,-1,-1.8457683394499944,weakest
2015-01-23,ferrous,RB,-1,-2.4283540635684377,absolute
2015-01-30,agriculture,C,1,1.8184005256776414,strongest
2015-01-30,agriculture,P,-1,-1.7735352585980166,weakest
2015-01-30,base_metal,AL,-1,-1.0764400035561277,absolute
2015-01-30,chemical_energy,MA,-1,-1.8021070247245277,weakest
2015-01-30,ferrous,RB,-1,-2.228996265164447,absolute
2015-02-06,agriculture,C,1,1.974449059813108,strongest
2015-02-06,agriculture,CF,-1,-1.5090248154038959,weakest
2015-02-06,base_metal,AL,-1,-0.5282634266378132,absolute
2015-02-06,chemical_energy,MA,-1,-1.567197940515612,weakest
2015-02-06,ferrous,RB,-1,-2.2939894531944387,absolute
2015-02-13,agriculture,C,1,2.3127150329911816,strongest
2015-02-13,agriculture,CF,-1,-1.6058817485956627,weakest
2015-02-13,base_metal,AL,-1,-0.5735749115525706,absolute
2015-02-13,chemical_energy,MA,-1,-1.6933922272123811,weakest
2015-02-13,ferrous,RB,-1,-2.152222532750161,absolute
2015-02-17,agriculture,C,1,2.2357315774716513,strongest
2015-02-17,agriculture,CF,-1,-1.6172223717370158,weakest
2015-02-17,base_metal,AL,-1,-0.66513841412422,absolute
2015-02-17,chemical_energy,MA,-1,-1.6720890199385465,weakest
2015-02-17,ferrous,RB,-1,-2.180605736716536,absolute
2015-02-27,agriculture,C,1,2.4666755907341247,strongest
2015-02-27,agriculture,CF,-1,-1.5665180262974514,weakest
2015-02-27,base_metal,AL,-1,-0.7613698198295709,absolute
2015-02-27,chemical_energy,MA,-1,-1.3881290279012493,weakest
2015-02-27,ferrous,RB,-1,-2.360305101871067,absolute
2015-03-06,agriculture,C,1,2.4229807607597853,strongest
2015-03-06,agriculture,P,-1,-1.730000453412611,weakest
2015-03-06,base_metal,AL,-1,-0.6826771700555531,absolute
2015-03-06,chemical_energy,RU,-1,-0.8735177315392003,weakest
2015-03-06,ferrous,RB,-1,-2.2210522592586055,absolute
2015-03-13,agriculture,C,1,2.4178298045353075,strongest
2015-03-13,agriculture,P,-1,-2.045973129416332,weakest
2015-03-13,base_metal,AL,-1,-0.5041921897475055,absolute
2015-03-13,chemical_energy,FG,-1,-0.9195555756387704,weakest
2015-03-13,ferrous,RB,-1,-2.208922956226856,absolute
2015-03-20,agriculture,C,1,2.240252871119758,strongest
2015-03-20,agriculture,P,-1,-2.1746907446868797,weakest
2015-03-20,base_metal,AL,-1,-0.33875879439772916,absolute
2015-03-20,chemical_energy,RU,-1,-1.1511920364640436,weakest
2015-03-20,ferrous,RB,-1,-1.9281008080520925,absolute
2015-03-27,agriculture,C,1,2.090410188351692,strongest
2015-03-27,agriculture,P,-1,-2.0014029391437216,weakest
2015-03-27,base_metal,AL,-1,-0.05215698668870266,absolute
2015-03-27,chemical_energy,RU,-1,-0.9455299977572698,weakest
2015-03-27,ferrous,RB,-1,-1.8903540754633783,absolute
2015-04-03,agriculture,C,1,1.9560270778733453,strongest
2015-04-03,agriculture,P,-1,-1.9458779379092068,weakest
2015-04-03,base_metal,AL,-1,-0.049001601023912725,absolute
2015-04-03,chemical_energy,RU,-1,-1.0384982774690894,weakest
2015-04-03,ferrous,RB,-1,-2.2966143323955124,absolute
2015-04-10,agriculture,C,1,2.0659138874879015,strongest
2015-04-10,agriculture,P,-1,-2.0000740028247166,weakest
2015-04-10,base_metal,AL,-1,-0.18536751559324519,absolute
2015-04-10,chemical_energy,RU,-1,-1.2419896253703941,weakest
2015-04-10,ferrous,RB,-1,-2.6049032829477725,absolute
2015-04-17,agriculture,C,1,1.8906994542846558,strongest
2015-04-17,agriculture,P,-1,-1.8580138123087295,weakest
2015-04-17,base_metal,AL,-1,-0.2599684732560481,absolute
2015-04-17,chemical_energy,RU,-1,-1.0024909219333373,weakest
2015-04-17,ferrous,RB,-1,-2.619176720527027,absolute
2015-04-24,agriculture,C,1,1.7534909040444961,strongest
2015-04-24,agriculture,P,-1,-1.7485917955703103,weakest
2015-04-24,base_metal,AL,-1,-0.32316652741370167,absolute
2015-04-24,chemical_energy,RU,-1,-0.6837899160850702,weakest
2015-04-24,ferrous,RB,-1,-2.301398365304306,absolute
2015-04-30,agriculture,C,1,1.638511332913454,strongest
2015-04-30,agriculture,P,-1,-1.7167145999222002,weakest
2015-04-30,base_metal,AL,-1,-0.2874423792290248,absolute
2015-04-30,chemical_energy,FG,-1,-0.3391122559223533,weakest
2015-04-30,ferrous,RB,-1,-2.1404956766213554,absolute
2015-05-08,agriculture,C,1,1.5962771344410467,strongest
2015-05-08,agriculture,P,-1,-1.4733377908119027,weakest
2015-05-08,base_metal,AL,-1,-0.2827005525065958,absolute
2015-05-08,chemical_energy,MA,-1,-0.3555880285900914,weakest
2015-05-08,ferrous,RB,-1,-2.046639098563361,absolute
2015-05-15,agriculture,C,1,1.7251894608021905,strongest
2015-05-15,agriculture,CF,-1,-1.3213532133918595,weakest
2015-05-15,base_metal,AL,-1,-0.11164005567269077,absolute
2015-05-15,chemical_energy,MA,-1,-0.1965217432758134,weakest
2015-05-15,ferrous,RB,-1,-1.9846589580254808,absolute
2015-05-22,agriculture,C,1,1.681192403196644,strongest
2015-05-22,agriculture,CF,-1,-1.4210736793296292,weakest
2015-05-22,base_metal,AL,-1,-0.2338695346297269,absolute
2015-05-22,chemical_energy,RU,-1,-0.2676837026611574,weakest
2015-05-22,ferrous,RB,-1,-1.9189520471701083,absolute
2015-05-29,agriculture,C,1,1.3166357417867558,strongest
2015-05-29,agriculture,M,-1,-1.779025271534093,weakest
2015-05-29,base_metal,AL,-1,-0.27608350264570736,absolute
2015-05-29,chemical_energy,FG,1,0.14397484639585903,strongest
2015-05-29,chemical_energy,MA,-1,-0.12035358697984047,weakest
2015-05-29,ferrous,RB,-1,-1.7871411011735672,absolute
2015-06-05,agriculture,SR,1,0.41064584710994895,strongest
2015-06-05,agriculture,M,-1,-1.802131436237925,weakest
2015-06-05,base_metal,AL,-1,-0.5798105407294455,absolute
2015-06-05,chemical_energy,FG,1,0.29277334364271823,strongest
2015-06-05,chemical_energy,MA,-1,-0.25102707975697536,weakest
2015-06-05,ferrous,RB,-1,-1.9219114460867652,absolute
2015-06-12,agriculture,C,1,0.46679630405517575,strongest
2015-06-12,agriculture,M,-1,-1.7234601344611344,weakest
2015-06-12,base_metal,AL,-1,-0.787554158823854,absolute
2015-06-12,chemical_energy,FG,1,0.48872276141554283,strongest
2015-06-12,chemical_energy,RU,-1,-0.2982867636155279,weakest
2015-06-12,ferrous,RB,-1,-1.9439988671797162,absolute
2015-06-19,agriculture,C,1,0.4895866852794039,strongest
2015-06-19,agriculture,M,-1,-1.7037867173970023,weakest
2015-06-19,base_metal,AL,-1,-0.8874457015943593,absolute
2015-06-19,chemical_energy,FG,1,0.5323953798890272,strongest
2015-06-19,chemical_energy,RU,-1,-0.3989059739472083,weakest
2015-06-19,ferrous,RB,-1,-1.942818151093771,absolute
2015-06-26,agriculture,C,1,0.4184211349549159,strongest
2015-06-26,agriculture,M,-1,-1.5738636650641769,weakest
2015-06-26,base_metal,AL,-1,-0.8509620344332973,absolute
2015-06-26,chemical_energy,FG,1,0.5958270021261322,strongest
2015-06-26,chemical_energy,RU,-1,-0.5346747410155838,weakest
2015-06-26,ferrous,RB,-1,-1.9766704254275547,absolute
2015-07-03,agriculture,C,1,0.46702144003960594,strongest
2015-07-03,agriculture,M,-1,-1.303528553671517,weakest
2015-07-03,base_metal,AL,-1,-0.9477759887635074,absolute
2015-07-03,chemical_energy,FG,1,0.3506471469983443,strongest
2015-07-03,chemical_energy,RU,-1,-0.8103964879843113,weakest
2015-07-03,ferrous,RB,-1,-2.4531716398995944,absolute
2015-07-10,agriculture,C,1,0.1986612961306722,strongest
2015-07-10,agriculture,P,-1,-1.153740813304543,weakest
2015-07-10,base_metal,AL,-1,-1.1211461300238719,absolute
2015-07-10,chemical_energy,FG,1,0.2179683315238314,strongest
2015-07-10,chemical_energy,RU,-1,-0.9229306363605342,weakest
2015-07-10,ferrous,RB,-1,-2.4610494229210698,absolute
2015-07-17,agriculture,SR,1,0.14198785518161852,strongest
2015-07-17,agriculture,P,-1,-1.3047436192683655,weakest
2015-07-17,base_metal,AL,-1,-1.0345073039115618,absolute
2015-07-17,chemical_energy,FG,1,0.30619286657100014,strongest
2015-07-17,chemical_energy,RU,-1,-0.6871254281049862,weakest
2015-07-17,ferrous,RB,-1,-2.502150387317918,absolute
2015-07-24,agriculture,SR,1,0.04469037934754717,strongest
2015-07-24,agriculture,P,-1,-1.1327147058606277,weakest
2015-07-24,base_metal,AL,-1,-1.3325899310189415,absolute
2015-07-24,chemical_energy,FG,1,0.1602211072809326,strongest
2015-07-24,chemical_energy,RU,-1,-0.8994729890385068,weakest
2015-07-24,ferrous,RB,-1,-2.501611785180452,absolute
2015-07-31,agriculture,SR,1,0.1367050325883965,strongest
2015-07-31,agriculture,P,-1,-1.1685289178541214,weakest
2015-07-31,base_metal,AL,-1,-1.5524100926929914,absolute
2015-07-31,chemical_energy,FG,1,0.2641256911987723,strongest
2015-07-31,chemical_energy,RU,-1,-0.9825869666768179,weakest
2015-07-31,ferrous,RB,-1,-2.2068622462259793,absolute
2015-08-07,agriculture,P,-1,-1.3751721588347026,weakest
2015-08-07,base_metal,AL,-1,-1.8158290516295736,absolute
2015-08-07,chemical_energy,FG,1,0.32484093649947476,strongest
2015-08-07,chemical_energy,RU,-1,-1.1563161074650625,weakest
2015-08-07,ferrous,RB,-1,-2.364357981247075,absolute
2015-08-14,agriculture,SR,1,0.24321913194370165,strongest
2015-08-14,agriculture,P,-1,-1.3159560727966366,weakest
2015-08-14,base_metal,AL,-1,-1.6772412479391758,absolute
2015-08-14,chemical_energy,FG,1,0.37969789584715147,strongest
2015-08-14,chemical_energy,RU,-1,-1.044919567161459,weakest
2015-08-14,ferrous,RB,-1,-2.3864625395999126,absolute
2015-08-21,agriculture,SR,1,0.39976000908474235,strongest
2015-08-21,agriculture,CF,-1,-1.3706796323960007,weakest
2015-08-21,base_metal,AL,-1,-1.7725239958225107,absolute
2015-08-21,chemical_energy,FG,1,0.5838550703002315,strongest
2015-08-21,chemical_energy,MA,-1,-0.9933598881816319,weakest
2015-08-21,ferrous,RB,-1,-2.34970596225882,absolute
2015-08-28,agriculture,SR,1,0.47338994855009325,strongest
2015-08-28,agriculture,CF,-1,-1.2680014895095812,weakest
2015-08-28,base_metal,AL,-1,-1.9870325993442484,absolute
2015-08-28,chemical_energy,FG,1,0.11429043849294446,strongest
2015-08-28,chemical_energy,RU,-1,-1.0562489342273498,weakest
2015-08-28,ferrous,RB,-1,-2.328398670991631,absolute
2015-09-02,agriculture,SR,1,0.360169952375916,strongest
2015-09-02,agriculture,C,-1,-1.2850082342568798,weakest
2015-09-02,base_metal,AL,-1,-2.070384426763485,absolute
2015-09-02,chemical_energy,RU,-1,-1.095035808134348,weakest
2015-09-02,ferrous,RB,-1,-2.3625284784312743,absolute
2015-09-11,agriculture,SR,1,0.5471116862428531,strongest
2015-09-11,agriculture,C,-1,-1.211744981240132,weakest
2015-09-11,base_metal,AL,-1,-2.3228831701955888,absolute
2015-09-11,chemical_energy,FG,1,0.2294066408129061,strongest
2015-09-11,chemical_energy,MA,-1,-0.9108268752548969,weakest
2015-09-11,ferrous,RB,-1,-2.228260359179484,absolute
2015-09-18,agriculture,SR,1,0.6369809621828251,strongest
2015-09-18,agriculture,C,-1,-1.5120404041692448,weakest
2015-09-18,base_metal,AL,-1,-2.1589846083240207,absolute
2015-09-18,chemical_energy,FG,1,0.3438530813228509,strongest
2015-09-18,chemical_energy,MA,-1,-0.9600827408650726,weakest
2015-09-18,ferrous,RB,-1,-2.0283575447409317,absolute
2015-09-25,agriculture,SR,1,0.8330954031519369,strongest
2015-09-25,agriculture,C,-1,-1.4911069293098638,weakest
2015-09-25,base_metal,AL,-1,-2.1959917098290753,absolute
2015-09-25,chemical_energy,MA,-1,-1.0373698758794834,weakest
2015-09-25,ferrous,RB,-1,-2.1696754755636185,absolute
2015-09-30,agriculture,SR,1,1.067754318981684,strongest
2015-09-30,agriculture,C,-1,-1.6226687880403525,weakest
2015-09-30,base_metal,AL,-1,-2.0368411137108735,absolute
2015-09-30,chemical_energy,MA,-1,-1.1183904104527413,weakest
2015-09-30,ferrous,RB,-1,-1.9678577942366162,absolute
2015-10-09,agriculture,SR,1,1.1070710598883036,strongest
2015-10-09,agriculture,C,-1,-1.5964951338634503,weakest
2015-10-09,base_metal,AL,-1,-2.149830553798724,absolute
2015-10-09,chemical_energy,MA,-1,-0.8212402009543203,weakest
2015-10-09,ferrous,RB,-1,-1.8870948019713898,absolute
2015-10-16,agriculture,SR,1,0.6684257235862964,strongest
2015-10-16,agriculture,C,-1,-1.5098656045952235,weakest
2015-10-16,base_metal,AL,-1,-2.3271029792216615,absolute
2015-10-16,chemical_energy,FG,1,0.09431891825161262,strongest
2015-10-16,chemical_energy,MA,-1,-0.8739379274023616,weakest
2015-10-16,ferrous,RB,-1,-1.7487779493475213,absolute
2015-10-23,agriculture,SR,1,0.5769309597471062,strongest
2015-10-23,agriculture,JD,-1,-1.6090106492979732,weakest
2015-10-23,base_metal,AL,-1,-2.6149294971927413,absolute
2015-10-23,chemical_energy,FG,1,0.34659087635354086,strongest
2015-10-23,chemical_energy,MA,-1,-0.8423904258604042,weakest
2015-10-23,ferrous,RB,-1,-2.201197046497518,absolute
2015-10-30,agriculture,SR,1,0.4607370138766319,strongest
2015-10-30,agriculture,JD,-1,-1.6999272526549114,weakest
2015-10-30,base_metal,AL,-1,-2.77571343041822,absolute
2015-10-30,chemical_energy,FG,1,0.42763935632838496,strongest
2015-10-30,chemical_energy,MA,-1,-0.8658769399692208,weakest
2015-10-30,ferrous,RB,-1,-2.090977873086018,absolute
2015-11-06,agriculture,SR,1,0.4526038470458325,strongest
2015-11-06,agriculture,JD,-1,-1.5608697603504291,weakest
2015-11-06,base_metal,AL,-1,-2.638493130721609,absolute
2015-11-06,chemical_energy,FG,1,0.3031237251266444,strongest
2015-11-06,chemical_energy,RU,-1,-0.9716378848948969,weakest
2015-11-06,ferrous,RB,-1,-2.168024362501878,absolute
2015-11-13,agriculture,SR,1,0.5953012771900186,strongest
2015-11-13,agriculture,JD,-1,-1.2967424418409894,weakest
2015-11-13,base_metal,AL,-1,-2.907884714744164,absolute
2015-11-13,chemical_energy,FG,1,0.45260896441362103,strongest
2015-11-13,chemical_energy,MA,-1,-0.5873941518355045,weakest
2015-11-13,ferrous,RB,-1,-2.0841100903036,absolute
2015-11-20,agriculture,SR,1,0.23214352376325822,strongest
2015-11-20,agriculture,P,-1,-1.5507542202071771,weakest
2015-11-20,base_metal,AL,-1,-2.9850452930387252,absolute
2015-11-20,chemical_energy,FG,1,0.09421787670586289,strongest
2015-11-20,chemical_energy,RU,-1,-0.9126155870048999,weakest
2015-11-20,ferrous,RB,-1,-2.338147283317364,absolute
2015-11-27,agriculture,SR,1,0.6136807750440159,strongest
2015-11-27,agriculture,JD,-1,-1.571013825136753,weakest
2015-11-27,base_metal,AL,-1,-2.502870558983444,absolute
2015-11-27,chemical_energy,FG,1,0.4117560933386419,strongest
2015-11-27,chemical_energy,MA,-1,-0.8025761970965833,weakest
2015-11-27,ferrous,RB,-1,-2.196905158745782,absolute
2015-12-04,agriculture,SR,1,0.5765089197168709,strongest
2015-12-04,agriculture,JD,-1,-1.3522013829657282,weakest
2015-12-04,base_metal,AL,-1,-2.549714698965285,absolute
2015-12-04,chemical_energy,FG,1,0.44081163078580476,strongest
2015-12-04,chemical_energy,MA,-1,-1.009518848803628,weakest
2015-12-04,ferrous,RB,-1,-2.2037624926659607,absolute
2015-12-11,agriculture,SR,1,0.7713674928094745,strongest
2015-12-11,agriculture,JD,-1,-1.758465166820108,weakest
2015-12-11,base_metal,AL,-1,-1.9647407794426839,absolute
2015-12-11,chemical_energy,FG,1,0.40858243952377754,strongest
2015-12-11,chemical_energy,MA,-1,-1.1644854347227123,weakest
2015-12-11,ferrous,RB,-1,-2.4612039698117845,absolute
2015-12-18,agriculture,SR,1,0.6192266789825178,strongest
2015-12-18,agriculture,JD,-1,-1.8672650723492585,weakest
2015-12-18,base_metal,AL,-1,-1.931238602417902,absolute
2015-12-18,chemical_energy,FG,1,0.43161012840504287,strongest
2015-12-18,chemical_energy,MA,-1,-0.820539923064942,weakest
2015-12-18,ferrous,RB,-1,-2.404256663444869,absolute
2015-12-25,agriculture,SR,1,0.9094553313266883,strongest
2015-12-25,agriculture,JD,-1,-1.61898564116456,weakest
2015-12-25,base_metal,AL,-1,-1.7057045427182909,absolute
2015-12-25,chemical_energy,FG,1,0.3681697160569567,strongest
2015-12-25,chemical_energy,MA,-1,-0.4210513500548798,weakest
2015-12-25,ferrous,RB,-1,-2.2749420389081663,absolute
2015-12-31,agriculture,SR,1,0.9239022554048428,strongest
2015-12-31,agriculture,JD,-1,-1.569819457253103,weakest
2015-12-31,base_metal,AL,-1,-1.6502992127298477,absolute
2015-12-31,chemical_energy,FG,1,0.4380635673928104,strongest
2015-12-31,chemical_energy,RU,-1,-0.3023965856963798,weakest
2015-12-31,ferrous,RB,-1,-1.995667004479307,absolute
2016-01-08,agriculture,SR,1,0.7298692587382601,strongest
2016-01-08,agriculture,CF,-1,-1.737396922556791,weakest
2016-01-08,base_metal,AL,-1,-1.6198187378365494,absolute
2016-01-08,chemical_energy,FG,1,0.11359026139505929,strongest
2016-01-08,chemical_energy,RU,-1,-0.7727494961780205,weakest
2016-01-08,ferrous,RB,-1,-2.501500133971404,absolute
2016-01-15,agriculture,SR,1,0.4957867826158911,strongest
2016-01-15,agriculture,CF,-1,-1.689409982677876,weakest
2016-01-15,base_metal,AL,-1,-1.4956571832897116,absolute
2016-01-15,chemical_energy,FG,1,0.13764783158890717,strongest
2016-01-15,chemical_energy,RU,-1,-0.8283991925564879,weakest
2016-01-15,ferrous,RB,-1,-2.414701856585432,absolute
2016-01-22,agriculture,SR,1,0.5220707106826148,strongest
2016-01-22,agriculture,CF,-1,-1.4194675383788025,weakest
2016-01-22,base_metal,AL,-1,-1.4182058236143351,absolute
2016-01-22,chemical_energy,FG,1,0.41842457138997774,strongest
2016-01-22,chemical_energy,RU,-1,-0.49083237463646884,weakest
2016-01-22,ferrous,RB,-1,-2.1453772602026957,absolute
2016-01-29,agriculture,SR,1,0.11004832372020293,strongest
2016-01-29,agriculture,CF,-1,-1.5056710789966399,weakest
2016-01-29,base_metal,AL,-1,-1.454553120762631,absolute
2016-01-29,chemical_energy,FG,1,0.4061437401399193,strongest
2016-01-29,chemical_energy,RU,-1,-0.718337022861721,weakest
2016-01-29,ferrous,RB,-1,-2.0490688553867455,absolute
2016-02-05,agriculture,SR,1,0.16882082089505338,strongest
2016-02-05,agriculture,CF,-1,-1.8035560303780842,weakest
2016-02-05,base_metal,AL,-1,-1.3824088952128164,absolute
2016-02-05,chemical_energy,FG,1,0.4725615610614353,strongest
2016-02-05,chemical_energy,RU,-1,-0.7033298473997166,weakest
2016-02-05,ferrous,RB,-1,-2.059331900548387,absolute
2016-02-19,agriculture,SR,1,0.08794989100573636,strongest
2016-02-19,agriculture,CF,-1,-1.834265463552471,weakest
2016-02-19,base_metal,AL,-1,-1.4862239253820049,absolute
2016-02-19,chemical_energy,FG,1,0.6479242724452318,strongest
2016-02-19,chemical_energy,RU,-1,-0.6363556552405067,weakest
2016-02-19,ferrous,RB,-1,-1.8119079311039887,absolute
2016-02-26,agriculture,CF,-1,-2.128290106395634,weakest
2016-02-26,base_metal,AL,-1,-1.201749943529849,absolute
2016-02-26,chemical_energy,FG,1,0.6702821108469232,strongest
2016-02-26,chemical_energy,RU,-1,-0.806606550213363,weakest
2016-02-26,ferrous,RB,-1,-1.7628991912959504,absolute
2016-03-04,agriculture,SR,1,0.095688855316415,strongest
2016-03-04,agriculture,CF,-1,-2.202456360446365,weakest
2016-03-04,base_metal,AL,-1,-1.1002183311044194,absolute
2016-03-04,chemical_energy,FG,1,0.5805305081143184,strongest
2016-03-04,chemical_energy,RU,-1,-0.7200928809601013,weakest
2016-03-04,ferrous,RB,-1,-1.6302355674434577,absolute
2016-03-11,agriculture,SR,1,0.01522655472745872,strongest
2016-03-11,agriculture,CF,-1,-2.0223046215311995,weakest
2016-03-11,base_metal,AL,-1,-1.1039466872292167,absolute
2016-03-11,chemical_energy,FG,1,0.8361124161544504,strongest
2016-03-11,chemical_energy,MA,-1,-0.6328074646656158,weakest
2016-03-11,ferrous,RB,-1,-1.1142434406116857,absolute
2016-03-18,agriculture,SR,1,0.17882049474182918,strongest
2016-03-18,agriculture,CF,-1,-1.8021114323017404,weakest
2016-03-18,base_metal,AL,-1,-1.1524123475073853,absolute
2016-03-18,chemical_energy,FG,1,0.930350022362235,strongest
2016-03-18,chemical_energy,MA,-1,-0.541260423366574,weakest
2016-03-18,ferrous,RB,-1,-0.8367195111179331,absolute
2016-03-25,agriculture,SR,1,0.2811399412839153,strongest
2016-03-25,agriculture,CF,-1,-1.6356341199594313,weakest
2016-03-25,base_metal,AL,-1,-1.102364426693442,absolute
2016-03-25,chemical_energy,FG,1,0.6586137641790306,strongest
2016-03-25,chemical_energy,MA,-1,-0.37822425266007986,weakest
2016-03-25,ferrous,RB,-1,-0.6348502510875745,absolute
2016-04-01,agriculture,P,1,0.31810341723969837,strongest
2016-04-01,agriculture,C,-1,-1.8176524675013903,weakest
2016-04-01,base_metal,AL,-1,-0.9774464781425188,absolute
2016-04-01,chemical_energy,FG,1,0.6194187335137536,strongest
2016-04-01,chemical_energy,MA,-1,-0.7130959990164182,weakest
2016-04-01,ferrous,RB,-1,-0.6295962949746647,absolute
2016-04-01,government_bond,T,1,0.816231807819879,absolute
2016-04-08,agriculture,P,1,0.2954562717742224,strongest
2016-04-08,agriculture,C,-1,-1.7445693259216135,weakest
2016-04-08,base_metal,AL,-1,-1.163844432053878,absolute
2016-04-08,chemical_energy,FG,1,0.7854775596586583,strongest
2016-04-08,chemical_energy,MA,-1,-0.7549728313711873,weakest
2016-04-08,ferrous,RB,-1,-0.39990496779702356,absolute
2016-04-08,government_bond,T,1,0.8424623471763119,absolute
2016-04-15,agriculture,P,1,0.3533466708312935,strongest
2016-04-15,agriculture,C,-1,-1.5698731045349361,weakest
2016-04-15,base_metal,AL,-1,-0.8790816425504221,absolute
2016-04-15,chemical_energy,FG,1,1.205458708993447,strongest
2016-04-15,chemical_energy,MA,-1,-0.6064685118178859,weakest
2016-04-15,ferrous,RB,1,0.05712076287710535,absolute
2016-04-15,government_bond,T,1,0.9889146291324213,absolute
2016-04-22,agriculture,P,1,0.421520387286919,strongest
2016-04-22,agriculture,C,-1,-1.1475088698168232,weakest
2016-04-22,base_metal,AL,-1,-0.2862849190856749,absolute
2016-04-22,chemical_energy,FG,1,1.2605657397771393,strongest
2016-04-22,chemical_energy,MA,-1,-0.7904473005314882,weakest
2016-04-22,ferrous,RB,1,0.6084799448137763,absolute
2016-04-22,government_bond,T,1,0.780343552516986,absolute
2016-04-29,agriculture,P,1,0.03734593207445976,strongest
2016-04-29,agriculture,C,-1,-1.3221688060229966,weakest
2016-04-29,base_metal,AL,-1,-0.3499100831123137,absolute
2016-04-29,chemical_energy,FG,1,0.9808906182546523,strongest
2016-04-29,chemical_energy,MA,-1,-0.6981376361688142,weakest
2016-04-29,ferrous,RB,1,0.5132935355921316,absolute
2016-04-29,government_bond,T,1,0.5676228978936229,absolute
2016-05-06,agriculture,C,-1,-1.2248123111404232,weakest
2016-05-06,base_metal,AL,-1,-0.5979804087756481,absolute
2016-05-06,chemical_energy,FG,1,0.5930809737460473,strongest
2016-05-06,chemical_energy,MA,-1,-0.9702909407646897,weakest
2016-05-06,ferrous,RB,1,0.021794544888299277,absolute
2016-05-06,government_bond,T,1,0.5875092267068782,absolute
2016-05-13,agriculture,M,1,0.1308532255602708,strongest
2016-05-13,agriculture,C,-1,-1.1745621918909048,weakest
2016-05-13,base_metal,AL,-1,-0.832728939878154,absolute
2016-05-13,chemical_energy,FG,1,0.5382949199083477,strongest
2016-05-13,chemical_energy,RU,-1,-1.1571643398103035,weakest
2016-05-13,ferrous,RB,-1,-0.6259049583525542,absolute
2016-05-13,government_bond,T,1,0.8904838474160568,absolute
2016-05-20,agriculture,M,1,0.43750540762049034,strongest
2016-05-20,agriculture,C,-1,-1.198952108233908,weakest
2016-05-20,base_metal,AL,-1,-0.5423399270127301,absolute
2016-05-20,chemical_energy,FG,1,0.6519418463441009,strongest
2016-05-20,chemical_energy,RU,-1,-1.1390385455608867,weakest
2016-05-20,ferrous,RB,-1,-0.4890081306137664,absolute
2016-05-20,government_bond,T,1,0.8520038824799406,absolute
2016-05-27,agriculture,M,1,0.5902150525241313,strongest
2016-05-27,agriculture,C,-1,-1.1010286138643395,weakest
2016-05-27,base_metal,AL,-1,-0.6092953356284292,absolute
2016-05-27,chemical_energy,FG,1,0.7358555944493143,strongest
2016-05-27,chemical_energy,RU,-1,-1.1158760793493478,weakest
2016-05-27,ferrous,RB,-1,-0.4915970183088846,absolute
2016-05-27,government_bond,T,1,0.9477773315198765,absolute
2016-06-03,agriculture,M,1,0.9533633726737163,strongest
2016-06-03,agriculture,C,-1,-0.7556807199979839,weakest
2016-06-03,base_metal,AL,-1,-0.6073723601074584,absolute
2016-06-03,chemical_energy,FG,1,0.7964222419469208,strongest
2016-06-03,chemical_energy,RU,-1,-1.4014768506863673,weakest
2016-06-03,ferrous,RB,-1,-0.5821562190426883,absolute
2016-06-03,government_bond,T,1,1.3476923422375016,absolute
2016-06-08,agriculture,M,1,1.1681717445654054,strongest
2016-06-08,agriculture,C,-1,-0.773082053331601,weakest
2016-06-08,base_metal,AL,-1,-0.609080979308098,absolute
2016-06-08,chemical_energy,FG,1,0.7427846732230229,strongest
2016-06-08,chemical_energy,RU,-1,-1.4354573712610477,weakest
2016-06-08,ferrous,RB,-1,-0.4277959984826114,absolute
2016-06-08,government_bond,T,1,1.379792250332921,absolute
2016-06-17,agriculture,M,1,1.1692878873416128,strongest
2016-06-17,agriculture,C,-1,-0.5595781272664361,weakest
2016-06-17,base_metal,AL,-1,-0.4360878798611288,absolute
2016-06-17,chemical_energy,FG,1,0.6635747715540534,strongest
2016-06-17,chemical_energy,RU,-1,-1.1434570904896157,weakest
2016-06-17,ferrous,RB,-1,-0.39908174949020425,absolute
2016-06-17,government_bond,T,1,1.454025597884277,absolute
2016-06-24,agriculture,M,1,1.2275788157003003,strongest
2016-06-24,agriculture,C,-1,-0.6929160047107651,weakest
2016-06-24,base_metal,AL,-1,-0.20167577305031284,absolute
2016-06-24,chemical_energy,FG,1,0.8147692587833791,strongest
2016-06-24,chemical_energy,RU,-1,-1.1032956000278147,weakest
2016-06-24,ferrous,RB,-1,-0.16330807867605945,absolute
2016-06-24,government_bond,T,1,1.7003236667028159,absolute
2016-07-01,agriculture,M,1,1.4763737885825592,strongest
2016-07-01,agriculture,C,-1,-0.6849488205672163,weakest
2016-07-01,base_metal,AL,1,0.07405758142120165,absolute
2016-07-01,chemical_energy,FG,1,1.298266264753413,strongest
2016-07-01,chemical_energy,RU,-1,-0.8560248723547271,weakest
2016-07-01,ferrous,RB,1,0.19329477874305262,absolute
2016-07-01,government_bond,T,1,1.8693108001330352,absolute
2016-07-08,agriculture,CF,1,0.6799445662867819,strongest
2016-07-08,agriculture,C,-1,-0.7352590547672047,weakest
2016-07-08,base_metal,AL,1,0.22527550592905338,absolute
2016-07-08,chemical_energy,FG,1,1.0914671247414671,strongest
2016-07-08,chemical_energy,RU,-1,-0.8909944669955709,weakest
2016-07-08,ferrous,RB,1,0.5216003624308313,absolute
2016-07-08,government_bond,T,1,1.9411099107430039,absolute
2016-07-15,agriculture,CF,1,1.4924314875996725,strongest
2016-07-15,agriculture,C,-1,-0.5438899251758976,weakest
2016-07-15,base_metal,AL,1,0.5423373616295197,absolute
2016-07-15,chemical_energy,FG,1,1.578868218463038,strongest
2016-07-15,chemical_energy,MA,-1,-0.33535337819708605,weakest
2016-07-15,ferrous,RB,1,1.0102363760191035,absolute
2016-07-15,government_bond,T,1,1.6744414344571135,absolute
2016-07-22,agriculture,CF,1,1.1573259630315322,strongest
2016-07-22,agriculture,C,-1,-0.6662124606671951,weakest
2016-07-22,base_metal,AL,1,0.04592112415457471,absolute
2016-07-22,chemical_energy,FG,1,1.2650814040471177,strongest
2016-07-22,chemical_energy,MA,-1,-0.6550415494432028,weakest
2016-07-22,ferrous,RB,1,0.5003308868350536,absolute
2016-07-22,government_bond,T,1,1.8796166155901584,absolute
2016-07-29,agriculture,CF,1,0.8884065143419554,strongest
2016-07-29,agriculture,C,-1,-0.837293007324618,weakest
2016-07-29,base_metal,AL,1,0.16073681811309637,absolute
2016-07-29,chemical_energy,FG,1,1.361056570254233,strongest
2016-07-29,chemical_energy,MA,-1,-0.6695068500394272,weakest
2016-07-29,ferrous,RB,1,0.6576192722991387,absolute
2016-07-29,government_bond,T,1,1.858815085048985,absolute
2016-08-05,agriculture,CF,1,1.0547951537223483,strongest
2016-08-05,agriculture,JD,-1,-0.7101323682632316,weakest
2016-08-05,base_metal,AL,1,0.1917798897610625,absolute
2016-08-05,chemical_energy,FG,1,1.7585859229860996,strongest
2016-08-05,chemical_energy,RU,-1,-0.3542668970072464,weakest
2016-08-05,ferrous,RB,1,0.7165253943773072,absolute
2016-08-05,government_bond,T,1,1.838552763315952,absolute
2016-08-12,agriculture,CF,1,0.9551724676766514,strongest
2016-08-12,agriculture,C,-1,-0.6008606999358644,weakest
2016-08-12,base_metal,AL,1,0.379368525370865,absolute
2016-08-12,chemical_energy,FG,1,1.7427628413000422,strongest
2016-08-12,chemical_energy,RU,-1,-0.11282016525252375,weakest
2016-08-12,ferrous,RB,1,0.7877486651140674,absolute
2016-08-12,government_bond,T,1,2.09805381628535,absolute
2016-08-19,agriculture,CF,1,0.9835915360615679,strongest
2016-08-19,agriculture,C,-1,-0.5581268820369637,weakest
2016-08-19,base_metal,AL,1,0.540920940680101,absolute
2016-08-19,chemical_energy,FG,1,1.6751186348770704,strongest
2016-08-19,chemical_energy,MA,-1,-0.14200309212995577,weakest
2016-08-19,ferrous,RB,1,0.8903617928073759,absolute
2016-08-19,government_bond,T,1,2.0910710994268475,absolute
2016-08-26,agriculture,CF,1,0.6450357905536283,strongest
2016-08-26,agriculture,C,-1,-0.6956516078919449,weakest
2016-08-26,base_metal,AL,1,0.45893310294819895,absolute
2016-08-26,chemical_energy,FG,1,1.7409795006972757,strongest
2016-08-26,chemical_energy,RU,-1,-0.28223908891180993,weakest
2016-08-26,ferrous,RB,1,0.8307390834677455,absolute
2016-08-26,government_bond,T,1,2.1416172452275912,absolute
2016-09-02,agriculture,P,1,0.9611452271127263,strongest
2016-09-02,agriculture,C,-1,-0.6260912653461205,weakest
2016-09-02,base_metal,AL,1,0.4933206231875485,absolute
2016-09-02,chemical_energy,FG,1,1.7806703571253473,strongest
2016-09-02,ferrous,RB,1,0.8497779337500945,absolute
2016-09-02,government_bond,T,1,1.8646375290578996,absolute
2016-09-09,agriculture,P,1,1.0177690506310695,strongest
2016-09-09,agriculture,C,-1,-0.4542283329390922,weakest
2016-09-09,base_metal,AL,1,0.4078360963445068,absolute
2016-09-09,chemical_energy,FG,1,1.7297189436041163,strongest
2016-09-09,ferrous,RB,1,0.7270763196568327,absolute
2016-09-09,government_bond,T,1,1.7618633535187063,absolute
2016-09-14,agriculture,CF,1,0.7779549478483845,strongest
2016-09-14,agriculture,C,-1,-0.41027463470583886,weakest
2016-09-14,base_metal,AL,1,0.20995855383078643,absolute
2016-09-14,chemical_energy,FG,1,1.3928897993945974,strongest
2016-09-14,chemical_energy,RU,-1,-0.07512932404164357,weakest
2016-09-14,ferrous,RB,1,0.602591137593112,absolute
2016-09-14,government_bond,T,1,1.9039164853323356,absolute
2016-09-23,agriculture,P,1,1.0347688230832512,strongest
2016-09-23,agriculture,C,-1,-0.524562089211803,weakest
2016-09-23,base_metal,AL,1,0.586208702935993,absolute
2016-09-23,chemical_energy,FG,1,1.450762121118896,strongest
2016-09-23,ferrous,RB,1,0.7060422810383884,absolute
2016-09-23,government_bond,T,1,1.8691736724648411,absolute
2016-09-30,agriculture,CF,1,1.0752462673483154,strongest
2016-09-30,agriculture,C,-1,-0.3187294753461849,weakest
2016-09-30,base_metal,AL,1,0.6548102189870264,absolute
2016-09-30,chemical_energy,FG,1,1.2342178263134205,strongest
2016-09-30,ferrous,RB,1,0.6706110157583144,absolute
2016-09-30,government_bond,T,1,1.9436384429676066,absolute
2016-10-14,agriculture,CF,1,1.0893590425991617,strongest
2016-10-14,base_metal,AL,1,1.0060881804229158,absolute
2016-10-14,chemical_energy,FG,1,1.3331615118929159,strongest
2016-10-14,ferrous,RB,1,0.9880479909945991,absolute
2016-10-14,government_bond,T,1,1.754586287443838,absolute
2016-10-21,agriculture,CF,1,1.0259262399700027,strongest
2016-10-21,base_metal,AL,1,1.0643621491675068,absolute
2016-10-21,chemical_energy,FG,1,1.5665281858313205,strongest
2016-10-21,ferrous,RB,1,1.0939665811224342,absolute
2016-10-21,government_bond,T,1,1.5620062184615564,absolute
2016-10-28,agriculture,CF,1,1.2108038732797186,strongest
2016-10-28,base_metal,AL,1,1.8598662755488145,absolute
2016-10-28,chemical_energy,FG,1,1.378532398125699,strongest
2016-10-28,ferrous,RB,1,1.2605834529144746,absolute
2016-10-28,government_bond,T,1,1.4639258151051566,absolute
2016-11-04,agriculture,CF,1,1.1923203658521178,strongest
2016-11-04,base_metal,AL,1,1.9204253684127555,absolute
2016-11-04,chemical_energy,FG,1,1.6003271017228233,strongest
2016-11-04,ferrous,RB,1,1.4466912873145545,absolute
2016-11-04,government_bond,T,1,1.348191265625355,absolute
2016-11-11,agriculture,CF,1,1.4487274850173077,strongest
2016-11-11,base_metal,AL,1,2.148282980915172,absolute
2016-11-11,chemical_energy,FG,1,1.9070722072498973,strongest
2016-11-11,ferrous,RB,1,1.886837201447619,absolute
2016-11-11,government_bond,T,1,1.4153169961200482,absolute
2016-11-18,agriculture,P,1,1.3293451275111225,strongest
2016-11-18,base_metal,AL,1,2.087138475534833,absolute
2016-11-18,chemical_energy,FG,1,1.5922944438119673,strongest
2016-11-18,ferrous,RB,1,1.382576832730141,absolute
2016-11-18,government_bond,T,1,1.4336608124686705,absolute
2016-11-25,agriculture,P,1,1.613812384089518,strongest
2016-11-25,base_metal,AL,1,2.2520672751485207,absolute
2016-11-25,chemical_energy,FG,1,1.7802769548318516,strongest
2016-11-25,ferrous,RB,1,1.8038085307890706,absolute
2016-11-25,government_bond,T,1,1.6560142327446268,absolute
2016-12-02,agriculture,P,1,1.5893627612136452,strongest
2016-12-02,base_metal,AL,1,2.0400805578876895,absolute
2016-12-02,chemical_energy,MA,1,1.455248380258988,strongest
2016-12-02,ferrous,RB,1,1.6126417705255283,absolute
2016-12-02,government_bond,T,1,0.9136447064099921,absolute
2016-12-09,agriculture,P,1,1.3981926094540793,strongest
2016-12-09,base_metal,AL,1,1.9099791377597684,absolute
2016-12-09,chemical_energy,MA,1,1.8868484497858646,strongest
2016-12-09,ferrous,RB,1,1.8360310217346933,absolute
2016-12-09,government_bond,T,1,0.671521034986322,absolute
2016-12-16,agriculture,P,1,1.5141450683187476,strongest
2016-12-16,base_metal,AL,1,1.6121716766962029,absolute
2016-12-16,chemical_energy,MA,1,2.1515692634271018,strongest
2016-12-16,ferrous,RB,1,1.7394865185725195,absolute
2016-12-16,government_bond,T,-1,-0.004989278761439911,absolute
2016-12-23,agriculture,P,1,1.2254703188387306,strongest
2016-12-23,base_metal,AL,1,1.503740766281538,absolute
2016-12-23,chemical_energy,MA,1,1.5868953217650006,strongest
2016-12-23,ferrous,RB,1,1.3706319637811593,absolute
2016-12-23,government_bond,T,1,0.15636585954145849,absolute
2016-12-30,agriculture,P,1,1.2641369237242084,strongest
2016-12-30,base_metal,AL,1,1.3938867170160403,absolute
2016-12-30,chemical_energy,MA,1,1.464558654449833,strongest
2016-12-30,ferrous,RB,1,1.1954513863647693,absolute
2016-12-30,government_bond,T,1,0.13616594704033835,absolute
2017-01-06,agriculture,P,1,1.0989329452721583,strongest
2017-01-06,base_metal,AL,1,1.3165423261495774,absolute
2017-01-06,chemical_energy,FG,1,1.2969944340690942,strongest
2017-01-06,ferrous,RB,1,1.1738035333619252,absolute
2017-01-06,government_bond,T,1,0.06495750719712712,absolute
2017-01-13,agriculture,P,1,1.3347716204172018,strongest
2017-01-13,base_metal,AL,1,1.6808224019755986,absolute
2017-01-13,chemical_energy,RU,1,1.6135623307550495,strongest
2017-01-13,ferrous,RB,1,1.4406750172618121,absolute
2017-01-13,government_bond,T,1,0.16570648567655719,absolute
2017-01-20,agriculture,P,1,1.4224029787311405,strongest
2017-01-20,base_metal,AL,1,1.7020368064693612,absolute
2017-01-20,chemical_energy,FG,1,1.5778477820386783,strongest
2017-01-20,ferrous,RB,1,1.4436948529627003,absolute
2017-01-20,government_bond,T,-1,-0.08505286716945636,absolute
2017-01-26,agriculture,P,1,1.2889525490200997,strongest
2017-01-26,base_metal,AL,1,1.7836296936303964,absolute
2017-01-26,chemical_energy,RU,1,1.6322686742097978,strongest
2017-01-26,ferrous,RB,1,1.5078877973159421,absolute
2017-01-26,government_bond,T,-1,-0.2564230809376178,absolute
2017-02-03,agriculture,CF,1,1.3079545124414291,strongest
2017-02-03,agriculture,JD,-1,-0.02743956104818042,weakest
2017-02-03,base_metal,AL,1,1.8035226029117766,absolute
2017-02-03,chemical_energy,MA,1,1.6237334293279626,strongest
2017-02-03,ferrous,RB,1,1.243080723487502,absolute
2017-02-03,government_bond,T,-1,-0.44545583208666645,absolute
2017-02-10,agriculture,P,1,1.313525520879002,strongest
2017-02-10,agriculture,JD,-1,-0.02998085955545701,weakest
2017-02-10,base_metal,AL,1,1.7660338393521857,absolute
2017-02-10,chemical_energy,FG,1,1.6550111619392445,strongest
2017-02-10,ferrous,RB,1,1.385610614659443,absolute
2017-02-10,government_bond,T,-1,-0.1590730612333043,absolute
2017-02-17,agriculture,CF,1,1.203921321531834,strongest
2017-02-17,agriculture,JD,-1,-0.02395242411334653,weakest
2017-02-17,base_metal,AL,1,1.858159784091783,absolute
2017-02-17,chemical_energy,MA,1,1.7984237038180428,strongest
2017-02-17,ferrous,RB,1,1.5417955172243019,absolute
2017-02-17,government_bond,T,-1,-0.060994486734356715,absolute
2017-02-24,agriculture,CF,1,1.3467626711346143,strongest
2017-02-24,base_metal,AL,1,1.603608005869647,absolute
2017-02-24,chemical_energy,MA,1,1.483262595921527,strongest
2017-02-24,ferrous,RB,1,1.5267637635701272,absolute
2017-02-24,government_bond,T,-1,-0.0307497231951466,absolute
2017-03-03,agriculture,CF,1,1.4136065684344945,strongest
2017-03-03,base_metal,AL,1,1.6985120141229368,absolute
2017-03-03,chemical_energy,MA,1,1.3614389382591632,strongest
2017-03-03,ferrous,RB,1,1.5069516916442682,absolute
2017-03-03,government_bond,T,-1,-0.11366364354413643,absolute
2017-03-10,agriculture,CF,1,1.3352573011244688,strongest
2017-03-10,base_metal,AL,1,1.491512018544224,absolute
2017-03-10,chemical_energy,MA,1,1.1572687552611292,strongest
2017-03-10,ferrous,RB,1,1.2927403701876639,absolute
2017-03-10,government_bond,T,-1,-0.09599443659295305,absolute
2017-03-17,agriculture,CF,1,1.2118031994134457,strongest
2017-03-17,agriculture,JD,-1,-0.054438519769143094,weakest
2017-03-17,base_metal,AL,1,1.3965603166810907,absolute
2017-03-17,chemical_energy,FG,1,0.8660962847270346,strongest
2017-03-17,ferrous,RB,1,1.3405253486617232,absolute
2017-03-17,government_bond,T,1,0.22271032093664103,absolute
2017-03-24,agriculture,CF,1,1.2657989346127505,strongest
2017-03-24,base_metal,AL,1,1.4052612532807665,absolute
2017-03-24,chemical_energy,FG,1,0.8605635334038745,strongest
2017-03-24,ferrous,RB,1,1.2359099642232219,absolute
2017-03-24,government_bond,T,1,0.25884906175408023,absolute
2017-03-31,agriculture,CF,1,1.0500976887438107,strongest
2017-03-31,agriculture,JD,-1,-0.21012081200527533,weakest
2017-03-31,base_metal,AL,1,1.429004566859299,absolute
2017-03-31,chemical_energy,FG,1,1.1561451579068789,strongest
2017-03-31,ferrous,RB,1,1.0763248965101762,absolute
2017-03-31,government_bond,T,1,0.23190050748942576,absolute
2017-04-07,agriculture,CF,1,1.1297562956342928,strongest
2017-04-07,agriculture,JD,-1,-0.37845311946039184,weakest
2017-04-07,base_metal,AL,1,1.339822813643149,absolute
2017-04-07,chemical_energy,FG,1,1.1927312925920324,strongest
2017-04-07,ferrous,RB,1,1.0248026132031125,absolute
2017-04-07,government_bond,T,1,0.30012413533062315,absolute
2017-04-14,agriculture,CF,1,1.203772092029862,strongest
2017-04-14,agriculture,JD,-1,-0.6123820012281129,weakest
2017-04-14,base_metal,AL,1,1.320401674659433,absolute
2017-04-14,chemical_energy,FG,1,0.9710112066852649,strongest
2017-04-14,ferrous,RB,1,0.884383798263759,absolute
2017-04-14,government_bond,T,1,0.1641043125989712,absolute
2017-04-21,agriculture,CF,1,1.15973006531066,strongest
2017-04-21,agriculture,JD,-1,-0.7682978129247043,weakest
2017-04-21,base_metal,AL,1,1.386483811596117,absolute
2017-04-21,chemical_energy,FG,1,0.978961607083625,strongest
2017-04-21,chemical_energy,RU,-1,-0.053691514018994024,weakest
2017-04-21,ferrous,RB,1,0.7405626577222071,absolute
2017-04-21,government_bond,T,1,0.011724115408324435,absolute
2017-04-28,agriculture,CF,1,0.7871677599047138,strongest
2017-04-28,agriculture,JD,-1,-0.7866319224963378,weakest
2017-04-28,base_metal,AL,1,1.154117177083791,absolute
2017-04-28,chemical_energy,FG,1,0.9662730291495891,strongest
2017-04-28,chemical_energy,RU,-1,-0.11146315121833707,weakest
2017-04-28,ferrous,RB,1,0.7751708876452729,absolute
2017-04-28,government_bond,T,1,0.05923146337813677,absolute
2017-05-05,agriculture,SR,1,0.651884597413325,strongest
2017-05-05,agriculture,JD,-1,-1.1347497330084326,weakest
2017-05-05,base_metal,AL,1,0.8236340678854459,absolute
2017-05-05,chemical_energy,FG,1,0.7242042609056428,strongest
2017-05-05,chemical_energy,RU,-1,-0.3438189195521748,weakest
2017-05-05,ferrous,RB,1,0.4850318592505634,absolute
2017-05-05,government_bond,T,1,0.031032112837932432,absolute
2017-05-12,agriculture,SR,1,0.6690763468132483,strongest
2017-05-12,agriculture,JD,-1,-1.2878554451303565,weakest
2017-05-12,base_metal,AL,1,0.8015232575826172,absolute
2017-05-12,chemical_energy,FG,1,1.0313797819586883,strongest
2017-05-12,chemical_energy,RU,-1,-0.34376190597338113,weakest
2017-05-12,ferrous,RB,1,0.6649266033785161,absolute
2017-05-12,government_bond,T,-1,-0.2051537785276346,absolute
2017-05-19,agriculture,CF,1,0.772813641856779,strongest
2017-05-19,agriculture,JD,-1,-1.2266261788514612,weakest
2017-05-19,base_metal,AL,1,1.2063178787436737,absolute
2017-05-19,chemical_energy,FG,1,1.2862032457111094,strongest
2017-05-19,chemical_energy,RU,-1,-0.13226596349574493,weakest
2017-05-19,ferrous,RB,1,1.2087506747095382,absolute
2017-05-19,government_bond,T,-1,-0.2594426290501742,absolute
2017-05-26,agriculture,CF,1,0.6936217538051341,strongest
2017-05-26,agriculture,JD,-1,-1.2577546045395973,weakest
2017-05-26,base_metal,AL,1,1.0312000483030348,absolute
2017-05-26,chemical_energy,FG,1,1.2086847090773722,strongest
2017-05-26,chemical_energy,RU,-1,-0.09602190158706847,weakest
2017-05-26,ferrous,RB,1,1.2327729866143058,absolute
2017-05-26,government_bond,T,-1,-0.2836132123583345,absolute
2017-06-02,agriculture,SR,1,0.6963296796589993,strongest
2017-06-02,agriculture,JD,-1,-0.9562100524133257,weakest
2017-06-02,base_metal,AL,1,0.9087374429759952,absolute
2017-06-02,chemical_energy,FG,1,1.079087079707248,strongest
2017-06-02,chemical_energy,RU,-1,-0.18389475870239502,weakest
2017-06-02,ferrous,RB,1,1.0792578839572253,absolute
2017-06-02,government_bond,T,-1,-0.2076465546543446,absolute
2017-06-09,agriculture,SR,1,0.7553594557500882,strongest
2017-06-09,agriculture,JD,-1,-1.1057464201382043,weakest
2017-06-09,base_metal,AL,1,0.9152177960460328,absolute
2017-06-09,chemical_energy,FG,1,1.1521621911787985,strongest
2017-06-09,chemical_energy,RU,-1,-0.12239942659676743,weakest
2017-06-09,ferrous,RB,1,1.1022404681798987,absolute
2017-06-09,government_bond,T,-1,-0.16923884716315604,absolute
2017-06-16,agriculture,CF,1,0.5460290243943731,strongest
2017-06-16,agriculture,JD,-1,-0.769823247453426,weakest
2017-06-16,base_metal,AL,1,0.9586692371920754,absolute
2017-06-16,chemical_energy,FG,1,1.0856137551431428,strongest
2017-06-16,chemical_energy,RU,-1,-0.05579060960943867,weakest
2017-06-16,ferrous,RB,1,1.194360901630386,absolute
2017-06-16,government_bond,T,-1,-0.07826936983971895,absolute
2017-06-23,agriculture,CF,1,0.4795123308460365,strongest
2017-06-23,agriculture,JD,-1,-0.8209882353323281,weakest
2017-06-23,base_metal,AL,1,1.10695641520832,absolute
2017-06-23,chemical_energy,FG,1,0.8826310657113178,strongest
2017-06-23,chemical_energy,RU,-1,-0.06284210932028553,weakest
2017-06-23,ferrous,RB,1,1.1357481486542251,absolute
2017-06-23,government_bond,T,-1,-0.1438977095464927,absolute
2017-06-30,agriculture,P,1,0.5198627014939201,strongest
2017-06-30,agriculture,M,-1,-0.749107325320624,weakest
2017-06-30,base_metal,AL,1,0.9757771558785902,absolute
2017-06-30,chemical_energy,FG,1,1.123091656702537,strongest
2017-06-30,chemical_energy,RU,-1,-0.033755906347216556,weakest
2017-06-30,ferrous,RB,1,1.3348326669077293,absolute
2017-06-30,government_bond,T,-1,-0.2516032885206012,absolute
2017-07-07,agriculture,P,1,0.4487605635816574,strongest
2017-07-07,agriculture,JD,-1,-0.8109896483340864,weakest
2017-07-07,base_metal,AL,1,0.9797135099732508,absolute
2017-07-07,chemical_energy,FG,1,1.0402412518265023,strongest
2017-07-07,chemical_energy,RU,-1,-0.1782727334006384,weakest
2017-07-07,ferrous,RB,1,1.2514589175055355,absolute
2017-07-07,government_bond,T,-1,-0.3395679605239937,absolute
2017-07-14,agriculture,C,1,0.5092283537571409,strongest
2017-07-14,agriculture,JD,-1,-1.05818035392816,weakest
2017-07-14,base_metal,AL,1,0.9395279516018881,absolute
2017-07-14,chemical_energy,FG,1,0.8119586984594181,strongest
2017-07-14,chemical_energy,RU,-1,-0.17253121215438202,weakest
2017-07-14,ferrous,RB,1,1.2309379208280815,absolute
2017-07-14,government_bond,T,-1,-0.3112778518106047,absolute
2017-07-21,agriculture,P,1,0.7953891595092076,strongest
2017-07-21,agriculture,JD,-1,-0.9770270798562181,weakest
2017-07-21,base_metal,AL,1,0.9579210086644298,absolute
2017-07-21,chemical_energy,FG,1,1.0647079426608612,strongest
2017-07-21,ferrous,RB,1,1.0596261798201052,absolute
2017-07-21,government_bond,T,-1,-0.354119196106334,absolute
2017-07-28,agriculture,C,1,0.7486315628199045,strongest
2017-07-28,agriculture,JD,-1,-0.8536500891392149,weakest
2017-07-28,base_metal,AL,1,1.0257204200563972,absolute
2017-07-28,chemical_energy,FG,1,1.040516389981554,strongest
2017-07-28,chemical_energy,RU,-1,-0.24384395356234695,weakest
2017-07-28,ferrous,RB,1,1.329514025222092,absolute
2017-07-28,government_bond,T,-1,-0.45673284113729645,absolute
2017-08-04,agriculture,P,1,0.8056528042255394,strongest
2017-08-04,agriculture,JD,-1,-0.3523395863866357,weakest
2017-08-04,base_metal,AL,1,1.1968215297393872,absolute
2017-08-04,chemical_energy,FG,1,1.0184587012014465,strongest
2017-08-04,chemical_energy,RU,-1,-0.15515243045779478,weakest
2017-08-04,ferrous,RB,1,1.525739162815791,absolute
2017-08-04,government_bond,T,-1,-0.5729552174696074,absolute
2017-08-11,agriculture,C,1,1.0314025599018537,strongest
2017-08-11,agriculture,M,-1,-0.16839490363029358,weakest
2017-08-11,base_metal,AL,1,1.562564363197521,absolute
2017-08-11,chemical_energy,FG,1,0.8363636011657233,strongest
2017-08-11,chemical_energy,RU,-1,-0.08558880962082907,weakest
2017-08-11,ferrous,RB,1,1.4944254194265636,absolute
2017-08-11,government_bond,T,-1,-0.5904698088524125,absolute
2017-08-18,agriculture,C,1,1.0923975649038706,strongest
2017-08-18,agriculture,M,-1,-0.3058220242462646,weakest
2017-08-18,base_metal,AL,1,1.5877404436147797,absolute
2017-08-18,chemical_energy,MA,1,0.7993446171889743,strongest
2017-08-18,ferrous,RB,1,1.4525335404550492,absolute
2017-08-18,government_bond,T,-1,-0.6340417279947753,absolute
2017-08-25,agriculture,C,1,0.8969017343379819,strongest
2017-08-25,agriculture,M,-1,-0.4319703406567116,weakest
2017-08-25,base_metal,AL,1,1.6331255206193809,absolute
2017-08-25,chemical_energy,MA,1,0.8807527119676981,strongest
2017-08-25,chemical_energy,RU,-1,-0.03004729423992416,weakest
2017-08-25,ferrous,RB,1,1.4150352721743242,absolute
2017-08-25,government_bond,T,-1,-0.747870001639764,absolute
2017-09-01,agriculture,C,1,0.8648535812880663,strongest
2017-09-01,agriculture,M,-1,-0.4077596648518943,weakest
2017-09-01,base_metal,AL,1,1.6609934341115105,absolute
2017-09-01,chemical_energy,MA,1,1.2367825744767404,strongest
2017-09-01,ferrous,RB,1,1.5107431564986742,absolute
2017-09-01,government_bond,T,-1,-0.633839926407871,absolute
2017-09-08,agriculture,C,1,0.8149221401535429,strongest
2017-09-08,agriculture,SR,-1,-0.32702304283334227,weakest
2017-09-08,base_metal,AL,1,1.357485124712052,absolute
2017-09-08,chemical_energy,MA,1,1.2400444886124693,strongest
2017-09-08,ferrous,RB,1,1.531919250905867,absolute
2017-09-08,government_bond,T,-1,-0.48044571845396944,absolute
2017-09-15,agriculture,C,1,0.99244110659526,strongest
2017-09-15,agriculture,JD,-1,-0.28082229389355,weakest
2017-09-15,base_metal,AL,1,1.5229212159798184,absolute
2017-09-15,chemical_energy,MA,1,0.9616744455909788,strongest
2017-09-15,chemical_energy,RU,-1,-0.10192704685680382,weakest
2017-09-15,ferrous,RB,1,1.429509249459119,absolute
2017-09-15,government_bond,T,-1,-0.4428119761983711,absolute
2017-09-22,agriculture,C,1,1.0004996264816894,strongest
2017-09-22,agriculture,SR,-1,-0.3937038898478343,weakest
2017-09-22,base_metal,AL,1,1.519199597809871,absolute
2017-09-22,chemical_energy,MA,1,0.7834129376669877,strongest
2017-09-22,chemical_energy,RU,-1,-0.2557431784187937,weakest
2017-09-22,ferrous,RB,1,1.358664034723403,absolute
2017-09-22,government_bond,T,-1,-0.5458566807927133,absolute
2017-09-29,agriculture,C,1,0.9911986157529968,strongest
2017-09-29,agriculture,SR,-1,-0.6367551657429922,weakest
2017-09-29,base_metal,AL,1,1.3977229140106124,absolute
2017-09-29,chemical_energy,MA,1,0.8049813483948143,strongest
2017-09-29,chemical_energy,RU,-1,-0.5696010480001568,weakest
2017-09-29,ferrous,RB,1,1.446563400627009,absolute
2017-09-29,government_bond,T,-1,-0.5503498571927355,absolute
2017-10-13,agriculture,C,1,1.1137479188406203,strongest
2017-10-13,agriculture,SR,-1,-0.7310509972305189,weakest
2017-10-13,base_metal,AL,1,1.3873278439426422,absolute
2017-10-13,chemical_energy,FG,1,0.8157971797810488,strongest
2017-10-13,chemical_energy,RU,-1,-0.535045429857697,weakest
2017-10-13,ferrous,RB,1,1.5200231139602312,absolute
2017-10-13,government_bond,T,-1,-0.6883660014604336,absolute
2017-10-20,agriculture,C,1,0.8763367636660022,strongest
2017-10-20,agriculture,SR,-1,-0.866005341340714,weakest
2017-10-20,base_metal,AL,1,1.1286003272195333,absolute
2017-10-20,chemical_energy,FG,1,1.023567766128864,strongest
2017-10-20,chemical_energy,RU,-1,-0.6238588032863828,weakest
2017-10-20,ferrous,RB,1,1.4049943611820814,absolute
2017-10-20,government_bond,T,-1,-0.8328374446691111,absolute
2017-10-27,agriculture,C,1,0.6439424020056969,strongest
2017-10-27,agriculture,SR,-1,-0.5832255300909883,weakest
2017-10-27,base_metal,AL,1,1.1701986341744726,absolute
2017-10-27,chemical_energy,FG,1,0.6851483838600525,strongest
2017-10-27,chemical_energy,RU,-1,-0.64768611368387,weakest
2017-10-27,ferrous,RB,1,1.1379516663811031,absolute
2017-10-27,government_bond,T,-1,-1.0674053758431985,absolute
2017-11-03,agriculture,C,1,0.46282733812801413,strongest
2017-11-03,agriculture,SR,-1,-0.7922659450337115,weakest
2017-11-03,base_metal,AL,1,0.8245423345545,absolute
2017-11-03,chemical_energy,FG,1,0.7970062326677517,strongest
2017-11-03,chemical_energy,RU,-1,-0.6472735860104024,weakest
2017-11-03,ferrous,RB,1,1.1426696322777723,absolute
2017-11-03,government_bond,T,-1,-1.0604858090540448,absolute
2017-11-10,agriculture,C,1,0.5719497275453462,strongest
2017-11-10,agriculture,SR,-1,-0.688977251387824,weakest
2017-11-10,base_metal,AL,1,0.5090128876181241,absolute
2017-11-10,chemical_energy,FG,1,0.7210222971550508,strongest
2017-11-10,chemical_energy,RU,-1,-0.5775474590047321,weakest
2017-11-10,ferrous,RB,1,1.1289587296828514,absolute
2017-11-10,government_bond,T,-1,-1.1052293439525112,absolute
2017-11-17,agriculture,C,1,0.0358117419500816,strongest
2017-11-17,agriculture,SR,-1,-0.768747891074013,weakest
2017-11-17,base_metal,AL,1,0.2477219518995564,absolute
2017-11-17,chemical_energy,FG,1,0.6798691533704716,strongest
2017-11-17,chemical_energy,RU,-1,-0.9800200129639379,weakest
2017-11-17,ferrous,RB,1,0.7800984728530889,absolute
2017-11-17,government_bond,T,-1,-0.984017765505024,absolute
2017-11-24,agriculture,C,1,0.22721666454791128,strongest
2017-11-24,agriculture,CF,-1,-0.7116533808500982,weakest
2017-11-24,base_metal,AL,1,0.351095057049569,absolute
2017-11-24,chemical_energy,FG,1,0.8426118477312597,strongest
2017-11-24,chemical_energy,RU,-1,-1.0104125122751046,weakest
2017-11-24,ferrous,RB,1,1.0809105997636133,absolute
2017-11-24,government_bond,T,-1,-0.9108136509680292,absolute
2017-12-01,agriculture,C,1,0.3287881811866695,strongest
2017-12-01,agriculture,SR,-1,-0.8456956929230975,weakest
2017-12-01,base_metal,AL,-1,-0.13125422299651032,absolute
2017-12-01,chemical_energy,FG,1,0.7083034889306424,strongest
2017-12-01,chemical_energy,RU,-1,-1.1726890982874685,weakest
2017-12-01,ferrous,RB,1,1.1138681862441153,absolute
2017-12-01,government_bond,T,-1,-0.8501756996896042,absolute
2017-12-08,agriculture,C,1,0.28996350674691707,strongest
2017-12-08,agriculture,SR,-1,-1.0234634372810607,weakest
2017-12-08,base_metal,AL,-1,-0.07467664199073742,absolute
2017-12-08,chemical_energy,FG,1,0.762112897485681,strongest
2017-12-08,chemical_energy,RU,-1,-1.2459432965890216,weakest
2017-12-08,ferrous,RB,1,0.9644976243298943,absolute
2017-12-08,government_bond,T,-1,-0.6381215472809334,absolute
2017-12-15,agriculture,C,1,0.5191929356660634,strongest
2017-12-15,agriculture,SR,-1,-1.2568617023583726,weakest
2017-12-15,base_metal,AL,1,0.06527518958157581,absolute
2017-12-15,chemical_energy,FG,1,0.47028067824114406,strongest
2017-12-15,chemical_energy,RU,-1,-1.287949900411217,weakest
2017-12-15,ferrous,RB,1,0.7340627888162927,absolute
2017-12-15,government_bond,T,-1,-0.525712911334417,absolute
2017-12-22,agriculture,C,1,0.6513956603880918,strongest
2017-12-22,agriculture,P,-1,-1.104917755039887,weakest
2017-12-22,base_metal,AL,1,0.17279643684848664,absolute
2017-12-22,chemical_energy,FG,1,0.5072839170661587,strongest
2017-12-22,chemical_energy,RU,-1,-1.5989309714758229,weakest
2017-12-22,ferrous,RB,1,0.8243070062134763,absolute
2017-12-22,government_bond,T,1,0.14814553733490882,absolute
2017-12-29,agriculture,C,1,0.9359461232381205,strongest
2017-12-29,agriculture,SR,-1,-0.8536570992356018,weakest
2017-12-29,base_metal,AL,1,0.47191465783508946,absolute
2017-12-29,chemical_energy,FG,1,0.8359630233164261,strongest
2017-12-29,chemical_energy,RU,-1,-1.3554438354356546,weakest
2017-12-29,ferrous,RB,1,1.0412997756257736,absolute
2017-12-29,government_bond,T,-1,-0.3979217784944365,absolute
2018-01-05,agriculture,C,1,0.914366103673522,strongest
2018-01-05,agriculture,SR,-1,-0.9024357052997835,weakest
2018-01-05,base_metal,AL,1,0.48017933076258246,absolute
2018-01-05,chemical_energy,FG,1,0.6721436193860442,strongest
2018-01-05,chemical_energy,RU,-1,-1.2364208432410666,weakest
2018-01-05,ferrous,RB,1,1.0781696389162958,absolute
2018-01-05,government_bond,T,-1,-0.4860446671578852,absolute
2018-01-12,agriculture,C,1,0.768198981047083,strongest
2018-01-12,agriculture,SR,-1,-1.100888997590081,weakest
2018-01-12,base_metal,AL,1,0.4725737580308688,absolute
2018-01-12,chemical_energy,FG,1,0.9454531906940543,strongest
2018-01-12,chemical_energy,RU,-1,-1.2748032714658013,weakest
2018-01-12,ferrous,RB,1,1.1184040209127377,absolute
2018-01-12,government_bond,T,-1,-0.7359455085270967,absolute
2018-01-19,agriculture,C,1,0.7312802927712589,strongest
2018-01-19,agriculture,SR,-1,-1.2716094162878588,weakest
2018-01-19,base_metal,AL,1,0.09371507663437766,absolute
2018-01-19,chemical_energy,FG,1,0.772521725575672,strongest
2018-01-19,chemical_energy,RU,-1,-1.7446136314700273,weakest
2018-01-19,ferrous,RB,1,1.0139784606922688,absolute
2018-01-19,government_bond,T,-1,-0.9001593270847338,absolute
2018-01-26,agriculture,C,1,0.4445918170591308,strongest
2018-01-26,agriculture,SR,-1,-1.4548183253014193,weakest
2018-01-26,base_metal,AL,1,0.01308133414309184,absolute
2018-01-26,chemical_energy,FG,1,0.6376506063706893,strongest
2018-01-26,chemical_energy,RU,-1,-1.9939313074823286,weakest
2018-01-26,ferrous,RB,1,1.0033112192512827,absolute
2018-01-26,government_bond,T,-1,-0.6953701151685706,absolute
2018-02-02,agriculture,C,1,0.47756776765807685,strongest
2018-02-02,agriculture,SR,-1,-1.4000134148556356,weakest
2018-02-02,base_metal,AL,-1,-0.2582141239473125,absolute
2018-02-02,chemical_energy,FG,1,0.5740762648376684,strongest
2018-02-02,chemical_energy,RU,-1,-2.3280397280993363,weakest
2018-02-02,ferrous,RB,1,0.92264109518287,absolute
2018-02-02,government_bond,T,-1,-0.3933229178323413,absolute
2018-02-09,agriculture,C,1,0.36185979486023034,strongest
2018-02-09,agriculture,SR,-1,-1.4046294542631952,weakest
2018-02-09,base_metal,AL,-1,-0.2979429679594677,absolute
2018-02-09,chemical_energy,FG,1,0.5235117064725046,strongest
2018-02-09,chemical_energy,RU,-1,-2.3394878150976197,weakest
2018-02-09,ferrous,RB,1,1.0463628605019382,absolute
2018-02-09,government_bond,T,-1,-0.46389131161548974,absolute
2018-02-14,agriculture,C,1,0.45385191418363735,strongest
2018-02-14,agriculture,SR,-1,-1.3997870025727428,weakest
2018-02-14,base_metal,AL,-1,-0.5943760499887466,absolute
2018-02-14,chemical_energy,FG,1,0.3025490688531527,strongest
2018-02-14,chemical_energy,RU,-1,-2.682780480168659,weakest
2018-02-14,ferrous,RB,1,0.8698361609148269,absolute
2018-02-14,government_bond,T,-1,-0.4866253715224116,absolute
2018-02-23,agriculture,C,1,0.4718503823561789,strongest
2018-02-23,agriculture,SR,-1,-1.2214449019091722,weakest
2018-02-23,base_metal,AL,-1,-0.47394986370583125,absolute
2018-02-23,chemical_energy,FG,1,0.45511202691671676,strongest
2018-02-23,chemical_energy,RU,-1,-2.3365128648252433,weakest
2018-02-23,ferrous,RB,1,0.9388980993973113,absolute
2018-02-23,government_bond,T,-1,-0.7057043556691537,absolute
2018-03-02,agriculture,M,1,0.6959964804950987,strongest
2018-03-02,agriculture,SR,-1,-1.3283514761700266,weakest
2018-03-02,base_metal,AL,-1,-0.28919053757569063,absolute
2018-03-02,chemical_energy,FG,1,0.5709202360297537,strongest
2018-03-02,chemical_energy,RU,-1,-2.0525680027456343,weakest
2018-03-02,ferrous,RB,1,0.9181782574942716,absolute
2018-03-02,government_bond,T,-1,-0.6181724259252757,absolute
2018-03-09,agriculture,M,1,0.4745340282655052,strongest
2018-03-09,agriculture,SR,-1,-1.5017229370776712,weakest
2018-03-09,base_metal,AL,-1,-0.545690764982398,absolute
2018-03-09,chemical_energy,FG,1,0.49783396922717477,strongest
2018-03-09,chemical_energy,RU,-1,-2.1649456534145313,weakest
2018-03-09,ferrous,RB,1,0.5521141724175196,absolute
2018-03-09,government_bond,T,-1,-0.4135464085037097,absolute
2018-03-16,agriculture,M,1,0.5500036395349931,strongest
2018-03-16,agriculture,SR,-1,-1.3401872401982722,weakest
2018-03-16,base_metal,AL,-1,-0.3705569899074768,absolute
2018-03-16,chemical_energy,FG,1,0.8768127434146494,strongest
2018-03-16,chemical_energy,RU,-1,-1.9287265669866271,weakest
2018-03-16,ferrous,RB,1,0.7358732417167821,absolute
2018-03-16,government_bond,T,-1,-0.290212451174622,absolute
2018-03-23,agriculture,M,1,0.6222234659292605,strongest
2018-03-23,agriculture,SR,-1,-1.3281738046399036,weakest
2018-03-23,base_metal,AL,-1,-0.5781884602112354,absolute
2018-03-23,chemical_energy,FG,1,0.46833805594546996,strongest
2018-03-23,chemical_energy,RU,-1,-2.2446118900561802,weakest
2018-03-23,ferrous,RB,1,0.15555955974462285,absolute
2018-03-23,government_bond,T,-1,-0.4824534617005301,absolute
2018-03-30,agriculture,M,1,0.9764374866813319,strongest
2018-03-30,agriculture,SR,-1,-1.2666750150275956,weakest
2018-03-30,base_metal,AL,-1,-0.5278015369707868,absolute
2018-03-30,chemical_energy,FG,1,0.7555337679242047,strongest
2018-03-30,chemical_energy,RU,-1,-2.035541155864377,weakest
2018-03-30,ferrous,RB,1,0.5722254523684658,absolute
2018-03-30,government_bond,T,-1,-0.6727771878909614,absolute
2018-04-04,agriculture,M,1,1.1674634424400263,strongest
2018-04-04,agriculture,SR,-1,-1.2092519320487354,weakest
2018-04-04,base_metal,AL,-1,-0.3579945161500789,absolute
2018-04-04,chemical_energy,MA,1,0.5061946869223644,strongest
2018-04-04,chemical_energy,RU,-1,-1.945530823707904,weakest
2018-04-04,ferrous,RB,1,0.5769613192786339,absolute
2018-04-04,government_bond,T,-1,-0.7701492685057134,absolute
2018-04-13,agriculture,M,1,1.2388337219194665,strongest
2018-04-13,agriculture,SR,-1,-1.1116648502035273,weakest
2018-04-13,base_metal,AL,-1,-0.3277485715835676,absolute
2018-04-13,chemical_energy,MA,1,0.4691995659927926,strongest
2018-04-13,chemical_energy,RU,-1,-2.076073332195968,weakest
2018-04-13,ferrous,RB,1,0.6013339587357523,absolute
2018-04-13,government_bond,T,-1,-0.6461671510432269,absolute
2018-04-20,agriculture,M,1,1.0677526175852068,strongest
2018-04-20,agriculture,SR,-1,-1.381342111596171,weakest
2018-04-20,base_metal,AL,-1,-0.14370409120193053,absolute
2018-04-20,chemical_energy,MA,1,0.7116926709671857,strongest
2018-04-20,chemical_energy,RU,-1,-1.691513564615344,weakest
2018-04-20,ferrous,RB,1,0.8404497216633807,absolute
2018-04-20,government_bond,T,-1,-0.32155518561234164,absolute
2018-04-27,agriculture,M,1,0.9174864662863716,strongest
2018-04-27,agriculture,SR,-1,-1.563301125766728,weakest
2018-04-27,base_metal,AL,-1,-0.4033206679255544,absolute
2018-04-27,chemical_energy,MA,1,0.8838071404489986,strongest
2018-04-27,chemical_energy,RU,-1,-1.7229685749201944,weakest
2018-04-27,ferrous,RB,1,1.0024754240285747,absolute
2018-04-27,government_bond,T,-1,-0.29421123271755906,absolute
2018-05-04,agriculture,M,1,0.9773357530045316,strongest
2018-05-04,agriculture,SR,-1,-1.3897353034981297,weakest
2018-05-04,base_metal,AL,-1,-0.3783899885279521,absolute
2018-05-04,chemical_energy,MA,1,1.0788592892884161,strongest
2018-05-04,chemical_energy,RU,-1,-1.6101850889828453,weakest
2018-05-04,ferrous,RB,1,1.0052934076673083,absolute
2018-05-04,government_bond,T,-1,-0.12832071222654576,absolute
2018-05-11,agriculture,M,1,0.6800069725120976,strongest
2018-05-11,agriculture,SR,-1,-1.3977834806532172,weakest
2018-05-11,base_metal,AL,-1,-0.2175312240828936,absolute
2018-05-11,chemical_energy,MA,1,1.0788983299664665,strongest
2018-05-11,chemical_energy,RU,-1,-1.7111933859547115,weakest
2018-05-11,ferrous,RB,1,0.8414132031212316,absolute
2018-05-11,government_bond,T,-1,-0.25276984867713387,absolute
2018-05-18,agriculture,C,1,0.7423936235690649,strongest
2018-05-18,agriculture,SR,-1,-1.2582399529998827,weakest
2018-05-18,base_metal,AL,-1,-0.0816603514252187,absolute
2018-05-18,chemical_energy,MA,1,1.3922606782181017,strongest
2018-05-18,chemical_energy,RU,-1,-1.3005519190310855,weakest
2018-05-18,ferrous,RB,1,0.8696592152078214,absolute
2018-05-18,government_bond,T,1,0.09835182781954667,absolute
2018-05-25,agriculture,C,1,0.6779694348060991,strongest
2018-05-25,agriculture,SR,-1,-1.4191203896873248,weakest
2018-05-25,base_metal,AL,-1,-0.1667468722939874,absolute
2018-05-25,chemical_energy,MA,1,1.0991778193978903,strongest
2018-05-25,chemical_energy,RU,-1,-1.3940432804428076,weakest
2018-05-25,ferrous,RB,1,0.7810827236041343,absolute
2018-05-25,government_bond,T,1,0.16285024160884545,absolute
2018-06-01,agriculture,M,1,0.843306998008246,strongest
2018-06-01,agriculture,SR,-1,-1.3498106349021601,weakest
2018-06-01,base_metal,AL,-1,-0.20681389486043192,absolute
2018-06-01,chemical_energy,MA,1,1.1459330749784955,strongest
2018-06-01,chemical_energy,RU,-1,-1.42684653129308,weakest
2018-06-01,ferrous,RB,1,0.8208849372739271,absolute
2018-06-01,government_bond,T,1,0.14137295774677316,absolute
2018-06-08,agriculture,M,1,0.7787799082820122,strongest
2018-06-08,agriculture,SR,-1,-1.5663644937223524,weakest
2018-06-08,base_metal,AL,-1,-0.05711502867551028,absolute
2018-06-08,chemical_energy,MA,1,1.4291684553205517,strongest
2018-06-08,chemical_energy,RU,-1,-1.200718028769667,weakest
2018-06-08,ferrous,RB,1,1.1262070202082044,absolute
2018-06-08,government_bond,T,-1,-0.04195468663138628,absolute
2018-06-15,agriculture,M,1,0.7435955173498592,strongest
2018-06-15,agriculture,SR,-1,-1.7655258901636142,weakest
2018-06-15,base_metal,AL,-1,-0.16883556648839979,absolute
2018-06-15,chemical_energy,MA,1,1.3028927297484363,strongest
2018-06-15,chemical_energy,RU,-1,-1.3703090201163817,weakest
2018-06-15,ferrous,RB,1,1.2366287774901505,absolute
2018-06-15,government_bond,T,1,0.022942537921271353,absolute
2018-06-22,agriculture,M,1,0.8287770916675015,strongest
2018-06-22,agriculture,SR,-1,-1.7340167709165506,weakest
2018-06-22,base_metal,AL,-1,-0.2094528631046353,absolute
2018-06-22,chemical_energy,MA,1,1.203375016706841,strongest
2018-06-22,chemical_energy,RU,-1,-1.551710550322615,weakest
2018-06-22,ferrous,RB,1,1.00202484523613,absolute
2018-06-22,government_bond,T,1,0.017006623920120537,absolute
2018-06-29,agriculture,M,1,1.1690129755078653,strongest
2018-06-29,agriculture,SR,-1,-1.5750057211196953,weakest
2018-06-29,base_metal,AL,-1,-0.307346375719447,absolute
2018-06-29,chemical_energy,MA,1,1.3502107779327046,strongest
2018-06-29,chemical_energy,RU,-1,-1.4159018257050076,weakest
2018-06-29,ferrous,RB,1,1.1283370460945024,absolute
2018-06-29,government_bond,T,1,0.16701800865441002,absolute
2018-07-06,agriculture,M,1,1.0386731068060868,strongest
2018-07-06,agriculture,SR,-1,-1.7012453841091841,weakest
2018-07-06,base_metal,AL,-1,-0.4510241781594076,absolute
2018-07-06,chemical_energy,MA,1,1.398501743443247,strongest
2018-07-06,chemical_energy,RU,-1,-1.7800963672392682,weakest
2018-07-06,ferrous,RB,1,0.8353257881270565,absolute
2018-07-06,government_bond,T,1,0.03458583189322975,absolute
2018-07-13,agriculture,M,1,0.6197215493335452,strongest
2018-07-13,agriculture,SR,-1,-1.5619752818341037,weakest
2018-07-13,base_metal,AL,-1,-0.515710247916021,absolute
2018-07-13,chemical_energy,MA,1,1.1646984267884473,strongest
2018-07-13,chemical_energy,RU,-1,-1.660230337843642,weakest
2018-07-13,ferrous,RB,1,0.8955777426601218,absolute
2018-07-13,government_bond,T,1,0.15476871549300125,absolute
2018-07-20,agriculture,M,1,0.7015492268662417,strongest
2018-07-20,agriculture,SR,-1,-1.626313474367038,weakest
2018-07-20,base_metal,AL,-1,-0.551907844797918,absolute
2018-07-20,chemical_energy,MA,1,1.2518631417025892,strongest
2018-07-20,chemical_energy,RU,-1,-1.775250865334596,weakest
2018-07-20,ferrous,RB,1,0.684295288096925,absolute
2018-07-20,government_bond,T,1,0.036638580796096984,absolute
2018-07-27,agriculture,M,1,0.7671161825693241,strongest
2018-07-27,agriculture,SR,-1,-1.6014016166186007,weakest
2018-07-27,base_metal,AL,-1,-0.45912012516011624,absolute
2018-07-27,chemical_energy,MA,1,1.129036911469858,strongest
2018-07-27,chemical_energy,RU,-1,-2.0150256461335156,weakest
2018-07-27,ferrous,RB,1,1.0219789710573606,absolute
2018-07-27,government_bond,T,1,0.039422811494075075,absolute
2018-08-03,agriculture,M,1,0.8173236801089715,strongest
2018-08-03,agriculture,SR,-1,-1.3554980251363207,weakest
2018-08-03,base_metal,AL,-1,-0.46788432312420436,absolute
2018-08-03,chemical_energy,MA,1,1.6975164536941216,strongest
2018-08-03,chemical_energy,RU,-1,-1.9155861782032104,weakest
2018-08-03,ferrous,RB,1,1.0072151064476849,absolute
2018-08-03,government_bond,T,1,0.29515032836848526,absolute
2018-08-10,agriculture,M,1,1.19397087274221,strongest
2018-08-10,agriculture,SR,-1,-1.387185284123249,weakest
2018-08-10,base_metal,AL,-1,-0.4671678601806793,absolute
2018-08-10,chemical_energy,MA,1,1.5959892194284637,strongest
2018-08-10,chemical_energy,RU,-1,-1.6149053906204371,weakest
2018-08-10,ferrous,RB,1,0.8177640528631817,absolute
2018-08-10,government_bond,T,1,0.1667762721737962,absolute
2018-08-17,agriculture,M,1,0.9173688689521872,strongest
2018-08-17,agriculture,SR,-1,-1.8298339675190567,weakest
2018-08-17,base_metal,AL,-1,-1.1527028928083083,absolute
2018-08-17,chemical_energy,MA,1,1.3910382450132188,strongest
2018-08-17,chemical_energy,RU,-1,-2.187774993405267,weakest
2018-08-17,ferrous,RB,1,0.7522001009806953,absolute
2018-08-17,government_bond,T,-1,-0.0305864524303634,absolute
2018-08-24,agriculture,M,1,0.9369223283399207,strongest
2018-08-24,agriculture,SR,-1,-1.6643649142275183,weakest
2018-08-24,base_metal,AL,-1,-1.1992254693796218,absolute
2018-08-24,chemical_energy,MA,1,1.4132843362830412,strongest
2018-08-24,chemical_energy,RU,-1,-1.9389833764537443,weakest
2018-08-24,ferrous,RB,1,0.9645788355081091,absolute
2018-08-24,government_bond,T,-1,-0.11572418223916514,absolute
2018-08-31,agriculture,M,1,0.8695026757109838,strongest
2018-08-31,agriculture,SR,-1,-1.8224199304689739,weakest
2018-08-31,base_metal,AL,-1,-1.1401924188255994,absolute
2018-08-31,chemical_energy,MA,1,1.2859934630804377,strongest
2018-08-31,chemical_energy,RU,-1,-1.9697058825284832,weakest
2018-08-31,ferrous,RB,1,0.6435193397822597,absolute
2018-08-31,government_bond,T,1,0.08899491648978813,absolute
2018-09-07,agriculture,C,1,1.0895895062572687,strongest
2018-09-07,agriculture,SR,-1,-2.093159811710382,weakest
2018-09-07,base_metal,AL,-1,-1.2759534052173382,absolute
2018-09-07,chemical_energy,MA,1,1.2018114736839496,strongest
2018-09-07,chemical_energy,RU,-1,-2.1193232599715057,weakest
2018-09-07,ferrous,RB,1,0.6803951090808449,absolute
2018-09-07,government_bond,T,-1,-0.07506252383162164,absolute
2018-09-14,agriculture,M,1,0.8532612632669435,strongest
2018-09-14,agriculture,SR,-1,-1.7260966867252523,weakest
2018-09-14,base_metal,AL,-1,-1.1450316790330268,absolute
2018-09-14,chemical_energy,MA,1,1.023013961846449,strongest
2018-09-14,chemical_energy,RU,-1,-2.313963528028767,weakest
2018-09-14,ferrous,RB,1,0.5297627846770259,absolute
2018-09-14,government_bond,T,-1,-0.17090206287852036,absolute
2018-09-21,agriculture,M,1,1.0568653494592024,strongest
2018-09-21,agriculture,P,-1,-1.9718286254323147,weakest
2018-09-21,base_metal,AL,-1,-1.343204968239176,absolute
2018-09-21,chemical_energy,MA,1,1.217209742263825,strongest
2018-09-21,chemical_energy,RU,-1,-1.9950506030133606,weakest
2018-09-21,ferrous,RB,1,0.7370935266500559,absolute
2018-09-21,government_bond,T,-1,-0.3644030242912136,absolute
2018-09-28,agriculture,M,1,1.3396577960780685,strongest
2018-09-28,agriculture,P,-1,-1.7719056142940477,weakest
2018-09-28,base_metal,AL,-1,-1.80236311273166,absolute
2018-09-28,chemical_energy,MA,1,1.1187192852679513,strongest
2018-09-28,chemical_energy,RU,-1,-1.6852756616522953,weakest
2018-09-28,ferrous,RB,1,0.5877380842453221,absolute
2018-09-28,government_bond,T,-1,-0.12215534728781614,absolute
2018-10-12,agriculture,M,1,1.3583612333239208,strongest
2018-10-12,agriculture,P,-1,-1.483244016021568,weakest
2018-10-12,base_metal,AL,-1,-1.5585557718584582,absolute
2018-10-12,chemical_energy,MA,1,1.6708841594273158,strongest
2018-10-12,chemical_energy,RU,-1,-1.5647162909722048,weakest
2018-10-12,ferrous,RB,1,0.8622308945553381,absolute
2018-10-12,government_bond,T,-1,-0.04011177947059208,absolute
2018-10-19,agriculture,M,1,1.401719729979387,strongest
2018-10-19,agriculture,P,-1,-1.4171542186944952,weakest
2018-10-19,base_metal,AL,-1,-1.5339141517621822,absolute
2018-10-19,chemical_energy,MA,1,1.6321497004519823,strongest
2018-10-19,chemical_energy,RU,-1,-1.2841414709775023,weakest
2018-10-19,ferrous,RB,1,0.9887098136862514,absolute
2018-10-19,government_bond,T,1,0.0909967358972336,absolute
2018-10-26,agriculture,M,1,1.1800380654375244,strongest
2018-10-26,agriculture,P,-1,-1.5924971948202904,weakest
2018-10-26,base_metal,AL,-1,-1.4312432496230085,absolute
2018-10-26,chemical_energy,MA,1,1.2535477079959318,strongest
2018-10-26,chemical_energy,RU,-1,-1.4466228652609845,weakest
2018-10-26,ferrous,RB,1,1.0253283843056524,absolute
2018-10-26,government_bond,T,1,0.3930081244221866,absolute
2018-11-02,agriculture,C,1,0.9312022421274865,strongest
2018-11-02,agriculture,P,-1,-2.0509372802534056,weakest
2018-11-02,base_metal,AL,-1,-1.6163452831879555,absolute
2018-11-02,chemical_energy,MA,1,0.7262415848270833,strongest
2018-11-02,chemical_energy,RU,-1,-1.5797470617500935,weakest
2018-11-02,ferrous,RB,1,0.8342135303816268,absolute
2018-11-02,government_bond,T,1,0.5072321824856907,absolute
2018-11-09,agriculture,C,1,1.272522625497635,strongest
2018-11-09,agriculture,P,-1,-2.149491345726685,weakest
2018-11-09,base_metal,AL,-1,-1.6073246581855631,absolute
2018-11-09,chemical_energy,MA,1,0.6259277276855951,strongest
2018-11-09,chemical_energy,RU,-1,-1.6283559706792279,weakest
2018-11-09,ferrous,RB,1,0.8427824087799312,absolute
2018-11-09,government_bond,T,1,0.8526022840924065,absolute
2018-11-16,agriculture,C,1,0.9097341265895984,strongest
2018-11-16,agriculture,P,-1,-2.245894209395169,weakest
2018-11-16,base_metal,AL,-1,-1.492732673158651,absolute
2018-11-16,chemical_energy,MA,1,0.3058302273435512,strongest
2018-11-16,chemical_energy,RU,-1,-1.7474124093297556,weakest
2018-11-16,ferrous,RB,1,0.6005477291231174,absolute
2018-11-16,government_bond,T,1,1.133962461273227,absolute
2018-11-23,agriculture,C,1,0.6871693433529755,strongest
2018-11-23,agriculture,P,-1,-2.239666230830907,weakest
2018-11-23,base_metal,AL,-1,-1.3199425477365516,absolute
2018-11-23,chemical_energy,RU,-1,-1.7977310098160557,weakest
2018-11-23,ferrous,RB,1,0.33682395402173426,absolute
2018-11-23,government_bond,T,1,1.2284055911012968,absolute
2018-11-30,agriculture,C,1,0.6670578209072789,strongest
2018-11-30,agriculture,P,-1,-2.083326503080906,weakest
2018-11-30,base_metal,AL,-1,-1.2065755429036793,absolute
2018-11-30,chemical_energy,RU,-1,-1.7578931820119055,weakest
2018-11-30,ferrous,RB,1,0.16705474545783333,absolute
2018-11-30,government_bond,T,1,1.3557306540861005,absolute
2018-12-07,agriculture,M,1,0.39822948867347957,strongest
2018-12-07,agriculture,SR,-1,-2.134222798439007,weakest
2018-12-07,base_metal,AL,-1,-0.9846816500223663,absolute
2018-12-07,chemical_energy,RU,-1,-1.9195427570754642,weakest
2018-12-07,ferrous,RB,1,0.16659744200682897,absolute
2018-12-07,government_bond,T,1,1.255042761076702,absolute
2018-12-14,agriculture,JD,1,0.20869622435586416,strongest
2018-12-14,agriculture,SR,-1,-2.2065422389717884,weakest
2018-12-14,base_metal,AL,-1,-0.7678752699351671,absolute
2018-12-14,chemical_energy,RU,-1,-2.0377117714396844,weakest
2018-12-14,ferrous,RB,1,0.26989609546240056,absolute
2018-12-14,government_bond,T,1,1.0487080028433542,absolute
2018-12-21,agriculture,JD,1,0.28200527424430133,strongest
2018-12-21,agriculture,SR,-1,-2.107848427309616,weakest
2018-12-21,base_metal,AL,-1,-0.6410935498659124,absolute
2018-12-21,chemical_energy,RU,-1,-1.94633024108122,weakest
2018-12-21,ferrous,RB,1,0.44503935925137783,absolute
2018-12-21,government_bond,T,1,1.2974949138495642,absolute
2018-12-28,agriculture,JD,1,0.3793567430306275,strongest
2018-12-28,agriculture,SR,-1,-2.306778863719317,weakest
2018-12-28,base_metal,AL,-1,-0.9526033613185205,absolute
2018-12-28,chemical_energy,RU,-1,-2.0911825079571558,weakest
2018-12-28,ferrous,RB,1,0.3566524245273411,absolute
2018-12-28,government_bond,T,1,1.4053461787806119,absolute
2019-01-04,agriculture,AP,1,0.516247398103564,strongest
2019-01-04,agriculture,SR,-1,-2.2960990233009317,weakest
2019-01-04,base_metal,AL,-1,-1.070178697799249,absolute
2019-01-04,chemical_energy,RU,-1,-1.7299193776276944,weakest
2019-01-04,ferrous,RB,1,0.4820930953229455,absolute
2019-01-04,government_bond,T,1,1.4032360872322693,absolute
2019-01-11,agriculture,AP,1,0.4572963018504362,strongest
2019-01-11,agriculture,SR,-1,-2.0574390838945655,weakest
2019-01-11,base_metal,AL,-1,-1.3070385905249906,absolute
2019-01-11,chemical_energy,RU,-1,-1.9295687780859463,weakest
2019-01-11,ferrous,RB,1,0.44421916935791017,absolute
2019-01-11,government_bond,T,1,1.5574215455027192,absolute
2019-01-18,agriculture,AP,1,0.49053248963797197,strongest
2019-01-18,agriculture,P,-1,-1.7152743317016532,weakest
2019-01-18,base_metal,AL,-1,-1.2083645244806702,absolute
2019-01-18,chemical_energy,RU,-1,-1.8239861972952258,weakest
2019-01-18,ferrous,RB,1,0.6209205368034567,absolute
2019-01-18,government_bond,T,1,1.5482081623497688,absolute
2019-01-25,agriculture,AP,1,0.7605540581107191,strongest
2019-01-25,agriculture,SR,-1,-1.3772323364065677,weakest
2019-01-25,base_metal,AL,-1,-1.031045164479641,absolute
2019-01-25,chemical_energy,RU,-1,-1.8970296014999035,weakest
2019-01-25,ferrous,RB,1,0.7487814761572679,absolute
2019-01-25,government_bond,T,1,1.6216214558989444,absolute
2019-02-01,agriculture,AP,1,0.702913813082419,strongest
2019-02-01,agriculture,P,-1,-1.2919795161317202,weakest
2019-02-01,base_metal,AL,-1,-0.9708829678832233,absolute
2019-02-01,chemical_energy,FG,1,0.14918367029177565,strongest
2019-02-01,chemical_energy,RU,-1,-1.8172177602357422,weakest
2019-02-01,ferrous,RB,1,0.6564810981370187,absolute
2019-02-01,government_bond,T,1,1.7724291672805823,absolute
2019-02-15,agriculture,AP,1,0.9020170244024559,strongest
2019-02-15,agriculture,SR,-1,-1.3226408685772624,weakest
2019-02-15,base_metal,AL,-1,-0.9649045831489246,absolute
2019-02-15,chemical_energy,RU,-1,-1.590354272727582,weakest
2019-02-15,ferrous,RB,1,0.4530744969520401,absolute
2019-02-15,government_bond,T,1,1.764870271458518,absolute
2019-02-22,agriculture,AP,1,1.0426262288753092,strongest
2019-02-22,agriculture,P,-1,-1.2424880524405042,weakest
2019-02-22,base_metal,AL,-1,-0.6466343601701361,absolute
2019-02-22,chemical_energy,RU,-1,-0.9748341372080352,weakest
2019-02-22,ferrous,RB,1,0.5811698510228603,absolute
2019-02-22,government_bond,T,1,1.6551529788514936,absolute
2019-03-01,agriculture,AP,1,1.1022609533604404,strongest
2019-03-01,agriculture,P,-1,-1.4815525873284894,weakest
2019-03-01,base_metal,AL,-1,-0.7269443756347312,absolute
2019-03-01,chemical_energy,FG,1,0.024009396220861155,strongest
2019-03-01,chemical_energy,RU,-1,-0.8348780557340744,weakest
2019-03-01,ferrous,RB,1,0.7020536675874126,absolute
2019-03-01,government_bond,T,1,1.456704559359394,absolute
2019-03-08,agriculture,AP,1,1.0953380355502864,strongest
2019-03-08,agriculture,P,-1,-1.7436512989788076,weakest
2019-03-08,base_metal,AL,-1,-0.7826230558112237,absolute
2019-03-08,chemical_energy,RU,-1,-1.2330275274876363,weakest
2019-03-08,ferrous,RB,1,0.5193011943918575,absolute
2019-03-08,government_bond,T,1,1.5675608653509987,absolute
2019-03-15,agriculture,AP,1,1.0111191296047006,strongest
2019-03-15,agriculture,P,-1,-1.906652263272131,weakest
2019-03-15,base_metal,AL,-1,-0.736706293621705,absolute
2019-03-15,chemical_energy,RU,-1,-1.336728133554159,weakest
2019-03-15,ferrous,RB,1,0.5835040456864246,absolute
2019-03-15,government_bond,T,1,1.4466566881408627,absolute
2019-03-22,agriculture,AP,1,1.0836129328970572,strongest
2019-03-22,agriculture,P,-1,-1.6679967912130247,weakest
2019-03-22,base_metal,AL,-1,-0.36791468965464524,absolute
2019-03-22,chemical_energy,RU,-1,-1.246050923129128,weakest
2019-03-22,ferrous,RB,1,0.9255709734206197,absolute
2019-03-22,government_bond,T,1,1.5699504282305576,absolute
2019-03-29,agriculture,AP,1,1.22533230303015,strongest
2019-03-29,agriculture,P,-1,-1.9137773049738307,weakest
2019-03-29,base_metal,AL,-1,-0.460533875399859,absolute
2019-03-29,chemical_energy,RU,-1,-1.2923004438019459,weakest
2019-03-29,ferrous,RB,1,0.9670320887651108,absolute
2019-03-29,government_bond,T,1,1.4509606157994799,absolute
2019-04-04,agriculture,AP,1,1.0811318138585688,strongest
2019-04-04,agriculture,P,-1,-1.656057889417729,weakest
2019-04-04,base_metal,AL,-1,-0.2588981776501339,absolute
2019-04-04,chemical_energy,SC,1,0.18866338263449486,strongest
2019-04-04,chemical_energy,RU,-1,-0.8100949025552213,weakest
2019-04-04,ferrous,RB,1,1.5244618289563148,absolute
2019-04-04,government_bond,T,1,0.8595578756133359,absolute
2019-04-12,agriculture,JD,1,1.2806311849108443,strongest
2019-04-12,agriculture,P,-1,-1.6849026818874986,weakest
2019-04-12,base_metal,AL,-1,-0.3987608927220054,absolute
2019-04-12,chemical_energy,SC,1,0.3485189941237546,strongest
2019-04-12,chemical_energy,RU,-1,-0.8258267810730983,weakest
2019-04-12,ferrous,RB,1,1.5454284018388675,absolute
2019-04-12,government_bond,T,1,0.9483306885155453,absolute
2019-04-19,agriculture,AP,1,1.3930152298608296,strongest
2019-04-19,agriculture,P,-1,-1.7908097672787322,weakest
2019-04-19,base_metal,AL,-1,-0.47974913710692607,absolute
2019-04-19,chemical_energy,SC,1,0.34572966154241225,strongest
2019-04-19,chemical_energy,RU,-1,-0.961250459186996,weakest
2019-04-19,ferrous,RB,1,1.4090404111477242,absolute
2019-04-19,government_bond,T,1,0.8521661695978288,absolute
2019-04-26,agriculture,AP,1,1.2801361507375268,strongest
2019-04-26,agriculture,P,-1,-1.7849334224585525,weakest
2019-04-26,base_metal,AL,-1,-0.7550302658378124,absolute
2019-04-26,chemical_energy,SC,1,0.42623686336246736,strongest
2019-04-26,chemical_energy,RU,-1,-0.9333364944083965,weakest
2019-04-26,ferrous,RB,1,1.3599220242141665,absolute
2019-04-26,government_bond,T,1,0.4080139640284327,absolute
2019-04-30,agriculture,AP,1,1.2795518406210762,strongest
2019-04-30,agriculture,P,-1,-1.817977631624651,weakest
2019-04-30,base_metal,AL,-1,-0.831746896467442,absolute
2019-04-30,chemical_energy,SC,1,0.282422393859987,strongest
2019-04-30,chemical_energy,RU,-1,-0.9219245315193382,weakest
2019-04-30,ferrous,RB,1,1.4680081191616725,absolute
2019-04-30,government_bond,T,1,0.5720503306907115,absolute
2019-05-10,agriculture,JD,1,1.3191004564569198,strongest
2019-05-10,agriculture,P,-1,-1.8914323914695834,weakest
2019-05-10,base_metal,AL,-1,-0.5757308177609858,absolute
2019-05-10,chemical_energy,SC,1,0.21990275873418355,strongest
2019-05-10,chemical_energy,RU,-1,-0.7944066276514349,weakest
2019-05-10,ferrous,RB,1,1.1903871475604326,absolute
2019-05-10,government_bond,T,1,0.8821004828228352,absolute
2019-05-17,agriculture,AP,1,1.4019323466758513,strongest
2019-05-17,agriculture,P,-1,-1.7634213467959579,weakest
2019-05-17,base_metal,AL,-1,-0.616817893562678,absolute
2019-05-17,chemical_energy,FG,1,0.40401258650489086,strongest
2019-05-17,chemical_energy,MA,-1,-0.8184098154615363,weakest
2019-05-17,ferrous,RB,1,1.1790911298697981,absolute
2019-05-17,government_bond,T,1,1.1201845381641278,absolute
2019-05-24,agriculture,JD,1,1.3848771579403705,strongest
2019-05-24,agriculture,P,-1,-2.0748073772981446,weakest
2019-05-24,base_metal,AL,-1,-0.6393409721966797,absolute
2019-05-24,chemical_energy,FG,1,0.44255575245817164,strongest
2019-05-24,chemical_energy,MA,-1,-0.9060040217168708,weakest
2019-05-24,ferrous,RB,1,1.2637322136605311,absolute
2019-05-24,government_bond,T,1,1.0890584900425666,absolute
2019-05-31,agriculture,JD,1,1.3951035419461477,strongest
2019-05-31,agriculture,CF,-1,-2.038819323859476,weakest
2019-05-31,base_metal,AL,-1,-0.6266683473318887,absolute
2019-05-31,chemical_energy,FG,1,0.24193679663222054,strongest
2019-05-31,chemical_energy,RU,-1,-0.9090722261387962,weakest
2019-05-31,ferrous,RB,1,1.2229224679919484,absolute
2019-05-31,government_bond,T,1,0.9502324330227465,absolute
2019-06-06,agriculture,JD,1,1.2600874858543125,strongest
2019-06-06,agriculture,CF,-1,-2.211517627242216,weakest
2019-06-06,base_metal,AL,-1,-0.8958318516524312,absolute
2019-06-06,chemical_energy,FG,1,0.11959737547239528,strongest
2019-06-06,chemical_energy,MA,-1,-0.9778642622109985,weakest
2019-06-06,ferrous,RB,1,1.2002548290844903,absolute
2019-06-06,government_bond,T,1,1.0506365219318115,absolute
2019-06-14,agriculture,JD,1,1.4829316814593616,strongest
2019-06-14,agriculture,CF,-1,-2.3049860118374608,weakest
2019-06-14,base_metal,AL,-1,-0.7807569855681192,absolute
2019-06-14,chemical_energy,FG,1,0.35188634683045833,strongest
2019-06-14,chemical_energy,MA,-1,-0.9610519850544702,weakest
2019-06-14,ferrous,RB,1,1.0357287759786185,absolute
2019-06-14,government_bond,T,1,1.1582851557022835,absolute
2019-06-21,agriculture,JD,1,1.3772639761412684,strongest
2019-06-21,agriculture,CF,-1,-2.02029706313998,weakest
2019-06-21,base_metal,AL,-1,-1.0446906504901396,absolute
2019-06-21,chemical_energy,FG,1,0.45550676008660124,strongest
2019-06-21,chemical_energy,MA,-1,-0.9813637968234813,weakest
2019-06-21,ferrous,RB,1,1.0558627698550644,absolute
2019-06-21,government_bond,T,1,1.1092907592893766,absolute
2019-06-28,agriculture,JD,1,1.0822263631501992,strongest
2019-06-28,agriculture,CF,-1,-1.7063129429059516,weakest
2019-06-28,base_metal,AL,-1,-0.4557945403641551,absolute
2019-06-28,chemical_energy,FG,1,0.43246367934172025,strongest
2019-06-28,chemical_energy,MA,-1,-1.0647956294876895,weakest
2019-06-28,ferrous,RB,1,1.3659695262798954,absolute
2019-06-28,government_bond,T,1,0.9117716686699636,absolute
2019-07-05,agriculture,JD,1,1.3529284894702973,strongest
2019-07-05,agriculture,P,-1,-1.8746394497468342,weakest
2019-07-05,base_metal,AL,-1,-0.43388676763176065,absolute
2019-07-05,chemical_energy,FG,1,0.5736823807349201,strongest
2019-07-05,chemical_energy,MA,-1,-0.9301133661955383,weakest
2019-07-05,ferrous,RB,1,1.3838119637894828,absolute
2019-07-05,government_bond,T,1,1.1033133942273354,absolute
2019-07-12,agriculture,JD,1,1.4968909410447284,strongest
2019-07-12,agriculture,P,-1,-2.1566727536854544,weakest
2019-07-12,base_metal,AL,-1,-0.4433843389124376,absolute
2019-07-12,chemical_energy,FG,1,0.40975588162682475,strongest
2019-07-12,chemical_energy,MA,-1,-1.2063912522060987,weakest
2019-07-12,ferrous,RB,1,1.2673530304203955,absolute
2019-07-12,government_bond,T,1,1.0407068137915898,absolute
2019-07-19,agriculture,JD,1,1.7109405956395103,strongest
2019-07-19,agriculture,CF,-1,-1.8887125195256265,weakest
2019-07-19,base_metal,AL,-1,-0.3891209255231607,absolute
2019-07-19,chemical_energy,FG,1,0.4132726191496715,strongest
2019-07-19,chemical_energy,MA,-1,-1.3906548606023923,weakest
2019-07-19,ferrous,RB,1,1.166857658296067,absolute
2019-07-19,government_bond,T,1,1.1163484121187273,absolute
2019-07-26,agriculture,JD,1,1.3638002383557684,strongest
2019-07-26,agriculture,CF,-1,-1.7903118554887998,weakest
2019-07-26,base_metal,AL,-1,-0.3551436586648512,absolute
2019-07-26,chemical_energy,FG,1,0.36051807248156886,strongest
2019-07-26,chemical_energy,MA,-1,-1.5055163105883218,weakest
2019-07-26,ferrous,RB,1,0.993182162405402,absolute
2019-07-26,government_bond,T,1,0.9529419715853463,absolute
2019-08-02,agriculture,JD,1,1.321102341680288,strongest
2019-08-02,agriculture,CF,-1,-2.0533068937130854,weakest
2019-08-02,base_metal,AL,-1,-0.6136385886013593,absolute
2019-08-02,chemical_energy,FG,1,0.15638077881091794,strongest
2019-08-02,chemical_energy,MA,-1,-1.5314251512775114,weakest
2019-08-02,ferrous,RB,1,0.7805924995702808,absolute
2019-08-02,government_bond,T,1,1.385869330425932,absolute
2019-08-09,agriculture,JD,1,1.0515959863871926,strongest
2019-08-09,agriculture,CF,-1,-2.440342943425915,weakest
2019-08-09,base_metal,AL,-1,-0.6710265474137244,absolute
2019-08-09,chemical_energy,FG,1,0.31693923387785555,strongest
2019-08-09,chemical_energy,MA,-1,-1.5059735976447228,weakest
2019-08-09,ferrous,RB,1,0.2621202112513172,absolute
2019-08-09,government_bond,T,1,1.3684695140945382,absolute
2019-08-16,agriculture,JD,1,0.9706929916853793,strongest
2019-08-16,agriculture,CF,-1,-2.4663111854101962,weakest
2019-08-16,base_metal,AL,-1,-0.3922396068355922,absolute
2019-08-16,chemical_energy,FG,1,0.5855815228317539,strongest
2019-08-16,chemical_energy,MA,-1,-2.0465462632384277,weakest
2019-08-16,ferrous,RB,1,0.33376861664989055,absolute
2019-08-16,government_bond,T,1,1.3463787096997673,absolute
2019-08-23,agriculture,JD,1,0.9077556368120061,strongest
2019-08-23,agriculture,CF,-1,-2.3532140576949123,weakest
2019-08-23,base_metal,AL,-1,-0.4755830457250925,absolute
2019-08-23,chemical_energy,FG,1,0.2478973261106788,strongest
2019-08-23,chemical_energy,MA,-1,-2.1136851157941816,weakest
2019-08-23,ferrous,RB,1,0.21295604960425818,absolute
2019-08-23,government_bond,T,1,1.5113893505032046,absolute
2019-08-30,agriculture,JD,1,1.030837669729544,strongest
2019-08-30,agriculture,CF,-1,-2.4440602755518395,weakest
2019-08-30,base_metal,AL,-1,-0.5116864414769351,absolute
2019-08-30,chemical_energy,FG,1,0.28669286314271025,strongest
2019-08-30,chemical_energy,MA,-1,-2.14018450788746,weakest
2019-08-30,ferrous,RB,-1,-0.13261226047823124,absolute
2019-08-30,government_bond,T,1,1.7960931718681474,absolute
2019-09-06,agriculture,JD,1,0.9891160372358749,strongest
2019-09-06,agriculture,CF,-1,-2.297678332567223,weakest
2019-09-06,base_metal,AL,-1,-0.6266810512501514,absolute
2019-09-06,chemical_energy,FG,1,0.29526599711957646,strongest
2019-09-06,chemical_energy,MA,-1,-1.9893090226016723,weakest
2019-09-06,ferrous,RB,1,0.04912996428257595,absolute
2019-09-06,government_bond,T,1,1.7975305215652964,absolute
2019-09-12,agriculture,JD,1,1.1818668708251414,strongest
2019-09-12,agriculture,CF,-1,-2.252233946661178,weakest
2019-09-12,base_metal,AL,-1,-0.4771253409739573,absolute
2019-09-12,chemical_energy,FG,1,0.7236791288009923,strongest
2019-09-12,chemical_energy,MA,-1,-1.7937123765418863,weakest
2019-09-12,ferrous,RB,1,0.44288567501148834,absolute
2019-09-12,government_bond,T,1,1.5365067808940667,absolute
2019-09-20,agriculture,JD,1,1.2516171251352235,strongest
2019-09-20,agriculture,CF,-1,-2.173734867311162,weakest
2019-09-20,base_metal,AL,-1,-0.4282484846023184,absolute
2019-09-20,chemical_energy,FG,1,0.9832178801524436,strongest
2019-09-20,chemical_energy,MA,-1,-1.947413587191158,weakest
2019-09-20,ferrous,RB,-1,-0.016726688462170652,absolute
2019-09-20,government_bond,T,1,1.7129199540433102,absolute
2019-09-27,agriculture,JD,1,0.9573261897523894,strongest
2019-09-27,agriculture,CF,-1,-2.429268621617857,weakest
2019-09-27,base_metal,AL,-1,-0.47541371689259243,absolute
2019-09-27,chemical_energy,FG,1,1.0454759572323007,strongest
2019-09-27,chemical_energy,MA,-1,-1.7195745205267667,weakest
2019-09-27,ferrous,RB,1,0.2897414982841951,absolute
2019-09-27,government_bond,T,1,1.5116263554153833,absolute
2019-09-30,agriculture,SR,1,0.873519057994737,strongest
2019-09-30,agriculture,CF,-1,-2.4459572013407205,weakest
2019-09-30,base_metal,AL,-1,-0.47541371689259243,absolute
2019-09-30,chemical_energy,FG,1,1.0950796419082698,strongest
2019-09-30,chemical_energy,MA,-1,-1.5928967727738632,weakest
2019-09-30,ferrous,RB,1,0.24696673579843426,absolute
2019-09-30,government_bond,T,1,1.6238652269527758,absolute
2019-10-11,agriculture,JD,1,1.0337970159437089,strongest
2019-10-11,agriculture,CF,-1,-2.1782050242630575,weakest
2019-10-11,base_metal,AL,-1,-0.738966969592437,absolute
2019-10-11,chemical_energy,FG,1,1.0307051624145762,strongest
2019-10-11,chemical_energy,MA,-1,-1.8464600552178596,weakest
2019-10-11,ferrous,RB,1,0.30508294486701754,absolute
2019-10-11,government_bond,T,1,1.6339564610844532,absolute
2019-10-18,agriculture,JD,1,0.8522116453449788,strongest
2019-10-18,agriculture,CF,-1,-1.869233953539245,weakest
2019-10-18,base_metal,AL,-1,-0.6628708116916968,absolute
2019-10-18,chemical_energy,FG,1,1.2579436050453427,strongest
2019-10-18,chemical_energy,MA,-1,-2.218074951756063,weakest
2019-10-18,ferrous,RB,1,0.20519437497762938,absolute
2019-10-18,government_bond,T,1,1.4423575844120153,absolute
2019-10-25,agriculture,JD,1,1.0148336581387067,strongest
2019-10-25,agriculture,CF,-1,-1.8000262666230846,weakest
2019-10-25,base_metal,AL,-1,-0.4307538765880237,absolute
2019-10-25,chemical_energy,FG,1,1.47209945228959,strongest
2019-10-25,chemical_energy,MA,-1,-2.376413401160189,weakest
2019-10-25,ferrous,RB,1,0.1470628176812647,absolute
2019-10-25,government_bond,T,1,1.184157990664249,absolute
2019-11-01,agriculture,JD,1,1.088120975506194,strongest
2019-11-01,agriculture,CF,-1,-1.6210166270031572,weakest
2019-11-01,base_metal,AL,-1,-0.33452642043300795,absolute
2019-11-01,chemical_energy,FG,1,1.4070659088806288,strongest
2019-11-01,chemical_energy,MA,-1,-2.3087648739472635,weakest
2019-11-01,ferrous,RB,1,0.16557496951025497,absolute
2019-11-01,government_bond,T,1,1.0876625282139112,absolute
2019-11-08,agriculture,JD,1,0.7858656236268579,strongest
2019-11-08,agriculture,CF,-1,-1.4885112940197678,weakest
2019-11-08,base_metal,AL,-1,-0.10038159692981992,absolute
2019-11-08,chemical_energy,FG,1,1.3925913446837055,strongest
2019-11-08,chemical_energy,MA,-1,-2.0284247826977264,weakest
2019-11-08,ferrous,RB,1,0.16939763283318812,absolute
2019-11-08,government_bond,T,1,0.9970895068766008,absolute
2019-11-15,agriculture,SR,1,0.8061030566605429,strongest
2019-11-15,agriculture,CF,-1,-1.5053748308220865,weakest
2019-11-15,base_metal,AL,-1,-0.21941235842358905,absolute
2019-11-15,chemical_energy,FG,1,1.410199042870196,strongest
2019-11-15,chemical_energy,MA,-1,-1.9525616384176476,weakest
2019-11-15,ferrous,RB,1,0.645873225762569,absolute
2019-11-15,government_bond,T,1,1.0988775954447734,absolute
2019-11-22,agriculture,SR,1,0.8643932723687996,strongest
2019-11-22,agriculture,CF,-1,-1.5476427849917207,weakest
2019-11-22,base_metal,AL,1,0.021757780096774947,absolute
2019-11-22,chemical_energy,FG,1,1.4887220539842072,strongest
2019-11-22,chemical_energy,MA,-1,-1.807182294391298,weakest
2019-11-22,ferrous,RB,1,0.9312326886552024,absolute
2019-11-22,government_bond,T,1,1.1785563574787847,absolute
2019-11-29,agriculture,SR,1,0.841624984474192,strongest
2019-11-29,agriculture,CF,-1,-1.5402877773673453,weakest
2019-11-29,base_metal,AL,1,0.14889886726171686,absolute
2019-11-29,chemical_energy,FG,1,1.437282107451631,strongest
2019-11-29,chemical_energy,MA,-1,-1.6176780287530204,weakest
2019-11-29,ferrous,RB,1,1.0670658211786934,absolute
2019-11-29,government_bond,T,1,0.9436769797342278,absolute
2019-12-06,agriculture,P,1,0.941816882419246,strongest
2019-12-06,agriculture,CF,-1,-1.3140109246010572,weakest
2019-12-06,base_metal,AL,1,0.06554015351091097,absolute
2019-12-06,chemical_energy,FG,1,1.3597956726688432,strongest
2019-12-06,chemical_energy,SP,-1,-1.3498310830549172,weakest
2019-12-06,ferrous,RB,1,1.3259877164933054,absolute
2019-12-06,government_bond,T,1,0.8706390156539128,absolute
2019-12-13,agriculture,SR,1,0.9862770001337926,strongest
2019-12-13,agriculture,CF,-1,-1.386269241959165,weakest
2019-12-13,base_metal,AL,1,0.21491444822677544,absolute
2019-12-13,chemical_energy,FG,1,1.4498836416549354,strongest
2019-12-13,chemical_energy,MA,-1,-1.2529280017967985,weakest
2019-12-13,ferrous,RB,1,1.2735810491471125,absolute
2019-12-13,government_bond,T,1,0.7488804028691959,absolute
2019-12-20,agriculture,P,1,1.0868466931830043,strongest
2019-12-20,agriculture,CF,-1,-1.4481896985590037,weakest
2019-12-20,base_metal,AL,1,0.5856167922174804,absolute
2019-12-20,chemical_energy,FG,1,1.4900768785974634,strongest
2019-12-20,chemical_energy,MA,-1,-1.0574580195927072,weakest
2019-12-20,ferrous,RB,1,1.3458031318765806,absolute
2019-12-20,government_bond,T,1,0.7288279952227432,absolute
2019-12-27,agriculture,P,1,1.2987632922926382,strongest
2019-12-27,agriculture,CF,-1,-1.2722045560561375,weakest
2019-12-27,base_metal,AL,1,0.4391199959601507,absolute
2019-12-27,chemical_energy,FG,1,1.502144164442378,strongest
2019-12-27,chemical_energy,MA,-1,-1.0521026639036701,weakest
2019-12-27,ferrous,RB,1,1.2459570255990857,absolute
2019-12-27,government_bond,T,1,1.1001704908346632,absolute
2020-01-03,agriculture,P,1,1.286363457068529,strongest
2020-01-03,agriculture,CF,-1,-1.0397567363146665,weakest
2020-01-03,base_metal,AL,1,0.4451012065401125,absolute
2020-01-03,chemical_energy,FG,1,1.702867003820804,strongest
2020-01-03,chemical_energy,MA,-1,-0.8679377847587679,weakest
2020-01-03,ferrous,RB,1,1.233396116522143,absolute
2020-01-03,government_bond,T,1,0.9284739747238856,absolute
2020-01-10,agriculture,SR,1,1.60903678970099,strongest
2020-01-10,agriculture,CF,-1,-0.8736967694918306,weakest
2020-01-10,base_metal,AL,1,0.8574512893389625,absolute
2020-01-10,chemical_energy,FG,1,1.701322262999313,strongest
2020-01-10,chemical_energy,SP,-1,-0.8930773931268822,weakest
2020-01-10,ferrous,RB,1,1.3740394143778545,absolute
2020-01-10,government_bond,T,1,0.6981566425667501,absolute
2020-01-17,agriculture,SR,1,1.5640109801237732,strongest
2020-01-17,agriculture,CF,-1,-1.0713493378756112,weakest
2020-01-17,base_metal,AL,1,0.9493960255110819,absolute
2020-01-17,chemical_energy,FG,1,1.5687758982407662,strongest
2020-01-17,chemical_energy,SP,-1,-1.21096378032293,weakest
2020-01-17,ferrous,RB,1,1.2258726776436388,absolute
2020-01-17,government_bond,T,1,0.6673779056385893,absolute
2020-01-23,agriculture,SR,1,1.2522026115205045,strongest
2020-01-23,agriculture,CF,-1,-1.292792394376049,weakest
2020-01-23,base_metal,AL,1,0.9309326281227552,absolute
2020-01-23,chemical_energy,FG,1,1.4106885085009029,strongest
2020-01-23,chemical_energy,SP,-1,-1.2646520345547312,weakest
2020-01-23,ferrous,RB,1,1.0670026271886268,absolute
2020-01-23,government_bond,T,1,1.1787823208055186,absolute
2020-02-07,agriculture,SR,1,1.1346499964681567,strongest
2020-02-07,agriculture,CF,-1,-1.3428382112610069,weakest
2020-02-07,base_metal,AL,1,0.4981061065939804,absolute
2020-02-07,chemical_energy,FG,1,0.876803277620614,strongest
2020-02-07,chemical_energy,SP,-1,-1.6328046347730787,weakest
2020-02-07,ferrous,RB,1,0.5943117132390066,absolute
2020-02-07,government_bond,T,1,1.4899832661762191,absolute
2020-02-14,agriculture,SR,1,0.9836245110774384,strongest
2020-02-14,agriculture,CF,-1,-1.4264214710748637,weakest
2020-02-14,base_metal,AL,1,0.472662221249017,absolute
2020-02-14,chemical_energy,FG,1,0.7888991579098905,strongest
2020-02-14,chemical_energy,SP,-1,-1.4694968237108685,weakest
2020-02-14,ferrous,RB,1,0.6340386404647187,absolute
2020-02-14,government_bond,T,1,1.2664637112736996,absolute
2020-02-21,agriculture,SR,1,0.9355596981405735,strongest
2020-02-21,agriculture,CF,-1,-1.2791609868349534,weakest
2020-02-21,base_metal,AL,1,0.40238950493185605,absolute
2020-02-21,chemical_energy,FG,1,0.7863718676349338,strongest
2020-02-21,chemical_energy,SP,-1,-1.6027241463100215,weakest
2020-02-21,ferrous,RB,1,0.6039334710864727,absolute
2020-02-21,government_bond,T,1,1.2723328344589824,absolute
2020-02-28,agriculture,SR,1,0.9397299025096991,strongest
2020-02-28,agriculture,CF,-1,-1.7094306897405718,weakest
2020-02-28,base_metal,AL,-1,-0.03176952022917587,absolute
2020-02-28,chemical_energy,FG,1,0.6382984844293897,strongest
2020-02-28,chemical_energy,SP,-1,-1.8450893980700886,weakest
2020-02-28,ferrous,RB,1,0.5809310110680334,absolute
2020-02-28,government_bond,T,1,1.6622328077153086,absolute
2020-03-06,agriculture,SR,1,0.840806057275912,strongest
2020-03-06,agriculture,CF,-1,-1.511191660608258,weakest
2020-03-06,base_metal,AL,-1,-0.2025707056906985,absolute
2020-03-06,chemical_energy,FG,1,0.6186600124278752,strongest
2020-03-06,chemical_energy,SP,-1,-1.8268569057436168,weakest
2020-03-06,ferrous,RB,1,0.6144908750056652,absolute
2020-03-06,government_bond,T,1,1.9470508272776355,absolute
2020-03-13,agriculture,SR,1,0.7257493651820555,strongest
2020-03-13,agriculture,CF,-1,-1.7778270653024846,weakest
2020-03-13,base_metal,AL,-1,-0.3032811625788333,absolute
2020-03-13,chemical_energy,FG,1,0.7404209617328219,strongest
2020-03-13,chemical_energy,MA,-1,-1.9358960398368548,weakest
2020-03-13,ferrous,RB,1,0.7136835713771885,absolute
2020-03-13,government_bond,T,1,1.6733756722333988,absolute
2020-03-20,agriculture,SR,1,0.7123098675794284,strongest
2020-03-20,agriculture,CF,-1,-2.0015391594263336,weakest
2020-03-20,base_metal,AL,-1,-0.8768684105021086,absolute
2020-03-20,chemical_energy,FG,1,0.6589488572127206,strongest
2020-03-20,chemical_energy,MA,-1,-2.0393530786846092,weakest
2020-03-20,ferrous,RB,1,0.526841233008422,absolute
2020-03-20,government_bond,T,1,1.4274691361124412,absolute
2020-03-27,agriculture,M,1,0.749862700779912,strongest
2020-03-27,agriculture,CF,-1,-2.080816174984146,weakest
2020-03-27,base_metal,AL,-1,-1.0709101602187583,absolute
2020-03-27,chemical_energy,FG,1,0.5382883664502028,strongest
2020-03-27,chemical_energy,MA,-1,-2.0103010013467,weakest
2020-03-27,ferrous,RB,1,0.5162019815242489,absolute
2020-03-27,government_bond,T,1,1.7207389945456473,absolute
2020-04-03,agriculture,SR,1,0.4968919124448594,strongest
2020-04-03,agriculture,CF,-1,-2.1403251276901667,weakest
2020-04-03,base_metal,AL,-1,-1.129445228060078,absolute
2020-04-03,chemical_energy,FG,1,0.15264572538425156,strongest
2020-04-03,chemical_energy,MA,-1,-1.9711931147518025,weakest
2020-04-03,ferrous,RB,1,0.4325691105515547,absolute
2020-04-03,government_bond,T,1,1.4890204853032012,absolute
2020-04-10,agriculture,M,1,0.5619786389449595,strongest
2020-04-10,agriculture,CF,-1,-1.8484895097626979,weakest
2020-04-10,base_metal,AL,-1,-1.0889677193849745,absolute
2020-04-10,chemical_energy,FG,1,0.23918675285528948,strongest
2020-04-10,chemical_energy,MA,-1,-1.6762047472046746,weakest
2020-04-10,ferrous,RB,1,0.5705928576162462,absolute
2020-04-10,government_bond,T,1,1.8287413650641993,absolute
2020-04-17,agriculture,SR,1,0.4409984558669509,strongest
2020-04-17,agriculture,CF,-1,-1.9688953011075507,weakest
2020-04-17,base_metal,AL,-1,-0.6874600878623107,absolute
2020-04-17,chemical_energy,FG,1,0.33758013181218505,strongest
2020-04-17,chemical_energy,MA,-1,-1.954240002674375,weakest
2020-04-17,ferrous,RB,1,0.23075516811042343,absolute
2020-04-17,government_bond,T,1,2.155912188473635,absolute
2020-04-24,agriculture,M,1,0.30507824487178814,strongest
2020-04-24,agriculture,CF,-1,-1.957440666503553,weakest
2020-04-24,base_metal,AL,-1,-0.7879013755318998,absolute
2020-04-24,chemical_energy,FG,1,0.08203575478561344,strongest
2020-04-24,chemical_energy,SP,-1,-1.86697708969185,weakest
2020-04-24,ferrous,RB,1,0.14552754746000024,absolute
2020-04-24,government_bond,T,1,2.5086978813960856,absolute
2020-04-30,agriculture,M,1,0.2879343548207287,strongest
2020-04-30,agriculture,CF,-1,-1.8800057949663116,weakest
2020-04-30,base_metal,AL,-1,-0.7603715713601662,absolute
2020-04-30,chemical_energy,FG,1,0.1271737964485581,strongest
2020-04-30,chemical_energy,SP,-1,-1.8922900264684006,weakest
2020-04-30,ferrous,RB,1,0.18962079794638845,absolute
2020-04-30,government_bond,T,1,2.3595192413820163,absolute
2020-05-08,agriculture,M,1,0.4290961396320671,strongest
2020-05-08,agriculture,CF,-1,-1.7872204870433708,weakest
2020-05-08,base_metal,AL,-1,-0.829092704510761,absolute
2020-05-08,chemical_energy,FG,1,0.30531966129829996,strongest
2020-05-08,chemical_energy,SP,-1,-1.835702671068285,weakest
2020-05-08,ferrous,RB,1,0.39413065370117395,absolute
2020-05-08,government_bond,T,1,2.1574859513921885,absolute
2020-05-15,agriculture,M,1,0.2530795196441717,strongest
2020-05-15,agriculture,CF,-1,-1.780337703962765,weakest
2020-05-15,base_metal,AL,-1,-0.5991157642226221,absolute
2020-05-15,chemical_energy,FG,1,0.49237258314891386,strongest
2020-05-15,chemical_energy,MA,-1,-1.6906157133266162,weakest
2020-05-15,ferrous,RB,1,0.3368434793883606,absolute
2020-05-15,government_bond,T,1,1.8811393454113203,absolute
2020-05-22,agriculture,M,1,0.2232061011307943,strongest
2020-05-22,agriculture,CF,-1,-1.2910709107988558,weakest
2020-05-22,base_metal,AL,-1,-0.5921918137723595,absolute
2020-05-22,chemical_energy,FG,1,0.46093349302720765,strongest
2020-05-22,chemical_energy,MA,-1,-1.6861059316898221,weakest
2020-05-22,ferrous,RB,1,0.5432875926280113,absolute
2020-05-22,government_bond,T,1,1.8582076171153359,absolute
2020-05-29,agriculture,M,1,0.07246958719220804,strongest
2020-05-29,agriculture,CF,-1,-1.374499861802059,weakest
2020-05-29,base_metal,AL,-1,-0.3740582684615004,absolute
2020-05-29,chemical_energy,FG,1,0.5279295939729557,strongest
2020-05-29,chemical_energy,MA,-1,-1.9694814325510515,weakest
2020-05-29,ferrous,RB,1,0.2875490678485804,absolute
2020-05-29,government_bond,T,1,1.6504976342332958,absolute
2020-06-05,agriculture,SR,1,0.3706328211486624,strongest
2020-06-05,agriculture,JD,-1,-1.4875698065951766,weakest
2020-06-05,base_metal,AL,-1,-0.3890245236194458,absolute
2020-06-05,chemical_energy,FG,1,0.636827455006455,strongest
2020-06-05,chemical_energy,MA,-1,-1.7035169721483128,weakest
2020-06-05,ferrous,RB,1,0.4288986343257917,absolute
2020-06-05,government_bond,T,1,1.3712728317299356,absolute
2020-06-12,agriculture,SR,1,0.2670143123835348,strongest
2020-06-12,agriculture,JD,-1,-1.8504789976329674,weakest
2020-06-12,base_metal,AL,-1,-0.005751635407541594,absolute
2020-06-12,chemical_energy,FG,1,0.7744319122644004,strongest
2020-06-12,chemical_energy,MA,-1,-1.605725755570113,weakest
2020-06-12,ferrous,RB,1,0.606362048605809,absolute
2020-06-12,government_bond,T,1,1.3668463618721338,absolute
2020-06-19,agriculture,P,1,0.34824467559007716,strongest
2020-06-19,agriculture,JD,-1,-1.6917272293319159,weakest
2020-06-19,base_metal,AL,1,0.11975348300250496,absolute
2020-06-19,chemical_energy,FG,1,0.4686150145209747,strongest
2020-06-19,chemical_energy,MA,-1,-1.4960151873658163,weakest
2020-06-19,ferrous,RB,1,0.5962293047040412,absolute
2020-06-19,government_bond,T,1,1.2985939508350675,absolute
2020-06-24,agriculture,P,1,0.29840592096549295,strongest
2020-06-24,agriculture,JD,-1,-1.69472806955487,weakest
2020-06-24,base_metal,AL,1,0.17688950851763163,absolute
2020-06-24,chemical_energy,FG,1,0.5586158294448226,strongest
2020-06-24,chemical_energy,MA,-1,-1.563133552754949,weakest
2020-06-24,ferrous,RB,1,0.6670862241146418,absolute
2020-06-24,government_bond,T,1,1.1400288193838957,absolute
2020-07-03,agriculture,SR,1,0.33003550848960234,strongest
2020-07-03,agriculture,JD,-1,-1.5192573085468515,weakest
2020-07-03,base_metal,AL,1,0.4187267075590612,absolute
2020-07-03,chemical_energy,FG,1,0.4576879833323292,strongest
2020-07-03,chemical_energy,MA,-1,-1.6013895381596297,weakest
2020-07-03,ferrous,RB,1,0.3740431556502987,absolute
2020-07-03,government_bond,T,1,1.183937117661237,absolute
2020-07-10,agriculture,SR,1,0.41157539700547935,strongest
2020-07-10,agriculture,JD,-1,-1.6783641639776357,weakest
2020-07-10,base_metal,AL,1,0.6426879759825167,absolute
2020-07-10,chemical_energy,FG,1,0.5981093411753876,strongest
2020-07-10,chemical_energy,MA,-1,-1.4822829099330044,weakest
2020-07-10,ferrous,RB,1,0.1825469627316648,absolute
2020-07-10,government_bond,T,1,0.7227168387123072,absolute
2020-07-17,agriculture,P,1,0.6279817680219091,strongest
2020-07-17,agriculture,JD,-1,-1.7265649687033457,weakest
2020-07-17,base_metal,AL,1,0.4747605201478215,absolute
2020-07-17,chemical_energy,FG,1,1.049355446522698,strongest
2020-07-17,chemical_energy,MA,-1,-1.4757395184792976,weakest
2020-07-17,ferrous,RB,1,0.40509485211968355,absolute
2020-07-17,government_bond,T,1,0.7833641223788146,absolute
2020-07-24,agriculture,C,1,0.878966364566493,strongest
2020-07-24,agriculture,AP,-1,-1.529682499027337,weakest
2020-07-24,base_metal,AL,1,0.55558912550184,absolute
2020-07-24,chemical_energy,FG,1,1.0742838974064228,strongest
2020-07-24,chemical_energy,MA,-1,-1.450064145347213,weakest
2020-07-24,ferrous,RB,1,0.3804124116972956,absolute
2020-07-24,government_bond,T,1,0.9725144145757478,absolute
2020-07-31,agriculture,C,1,1.152993243732176,strongest
2020-07-31,agriculture,JD,-1,-1.6692108031841333,weakest
2020-07-31,base_metal,AL,1,0.8131497237559706,absolute
2020-07-31,chemical_energy,FG,1,1.2471969731905919,strongest
2020-07-31,chemical_energy,SC,-1,-1.3435367233924826,weakest
2020-07-31,ferrous,RB,1,0.5509888239123993,absolute
2020-07-31,government_bond,T,1,0.5908851189021183,absolute
2020-08-07,agriculture,P,1,0.8477625854300199,strongest
2020-08-07,agriculture,AP,-1,-1.699960178421368,weakest
2020-08-07,base_metal,AL,1,0.7328006208470544,absolute
2020-08-07,chemical_energy,FG,1,1.9272376035453607,strongest
2020-08-07,chemical_energy,SC,-1,-1.4081244107868154,weakest
2020-08-07,ferrous,RB,1,0.741071171793017,absolute
2020-08-07,government_bond,T,1,0.6573761107042888,absolute
2020-08-14,agriculture,C,1,1.0267693184960016,strongest
2020-08-14,agriculture,JD,-1,-1.871791797025226,weakest
2020-08-14,base_metal,AL,1,0.6494874895504915,absolute
2020-08-14,chemical_energy,FG,1,1.8910859428410305,strongest
2020-08-14,chemical_energy,SC,-1,-1.36848490038824,weakest
2020-08-14,ferrous,RB,1,0.883147500867887,absolute
2020-08-14,government_bond,T,1,0.5829699817613095,absolute
2020-08-21,agriculture,C,1,1.3408308724281066,strongest
2020-08-21,agriculture,JD,-1,-1.8354428313820073,weakest
2020-08-21,base_metal,AL,1,0.6479353033770495,absolute
2020-08-21,chemical_energy,FG,1,1.393864495878109,strongest
2020-08-21,chemical_energy,SC,-1,-1.3040256483833967,weakest
2020-08-21,ferrous,RB,1,0.9874090071602953,absolute
2020-08-21,government_bond,T,1,0.42450311669414603,absolute
2020-08-28,agriculture,C,1,1.3208029217251633,strongest
2020-08-28,agriculture,JD,-1,-1.8802569226956336,weakest
2020-08-28,base_metal,AL,1,0.5348155754629602,absolute
2020-08-28,chemical_energy,FG,1,1.5317361157654616,strongest
2020-08-28,chemical_energy,SC,-1,-1.3121436123994545,weakest
2020-08-28,ferrous,RB,1,0.9131458504210158,absolute
2020-08-28,government_bond,T,1,0.266033588936755,absolute
2020-09-04,agriculture,C,1,1.2892382504079933,strongest
2020-09-04,agriculture,JD,-1,-2.359846397005623,weakest
2020-09-04,base_metal,AL,1,0.45254843532676814,absolute
2020-09-04,chemical_energy,FG,1,1.3842242212838476,strongest
2020-09-04,chemical_energy,SC,-1,-1.3609354449059539,weakest
2020-09-04,ferrous,RB,1,1.1275579672887197,absolute
2020-09-04,government_bond,T,1,0.2686803120835905,absolute
2020-09-11,agriculture,C,1,1.8990156369024993,strongest
2020-09-11,agriculture,JD,-1,-2.3032936320865267,weakest
2020-09-11,base_metal,AL,1,0.3599042059123631,absolute
2020-09-11,chemical_energy,FG,1,1.3026470503236978,strongest
2020-09-11,chemical_energy,SC,-1,-1.699267248797183,weakest
2020-09-11,ferrous,RB,1,0.9554053187089802,absolute
2020-09-11,government_bond,T,1,0.321843961243004,absolute
2020-09-18,agriculture,C,1,2.142650015715399,strongest
2020-09-18,agriculture,JD,-1,-2.3033722421922795,weakest
2020-09-18,base_metal,AL,1,0.5273391255202364,absolute
2020-09-18,chemical_energy,FG,1,1.0290560008638625,strongest
2020-09-18,chemical_energy,SC,-1,-1.6907515535394455,weakest
2020-09-18,ferrous,RB,1,0.7243228923843423,absolute
2020-09-18,government_bond,T,1,0.24991397382003788,absolute
2020-09-25,agriculture,C,1,1.9267848073570262,strongest
2020-09-25,agriculture,JD,-1,-2.417023487222953,weakest
2020-09-25,base_metal,AL,1,0.3145150672657412,absolute
2020-09-25,chemical_energy,FG,1,0.9336322401301161,strongest
2020-09-25,chemical_energy,SC,-1,-2.200308193366159,weakest
2020-09-25,ferrous,RB,1,0.5389110916432156,absolute
2020-09-25,government_bond,T,1,0.4611503552105112,absolute
2020-09-30,agriculture,C,1,2.146250104839953,strongest
2020-09-30,agriculture,JD,-1,-2.3684931588428504,weakest
2020-09-30,base_metal,AL,1,0.41905307712259765,absolute
2020-09-30,chemical_energy,FG,1,1.1870810289146947,strongest
2020-09-30,chemical_energy,SC,-1,-2.1159268310660306,weakest
2020-09-30,ferrous,RB,1,0.841137319658295,absolute
2020-09-30,government_bond,T,1,0.3560689160844664,absolute
2020-10-09,agriculture,C,1,2.3289547480672197,strongest
2020-10-09,agriculture,JD,-1,-2.2277517027178355,weakest
2020-10-09,base_metal,AL,1,0.5539044884582912,absolute
2020-10-09,chemical_energy,FG,1,1.2040879870598993,strongest
2020-10-09,chemical_energy,SC,-1,-2.0534949864850787,weakest
2020-10-09,ferrous,RB,1,0.7715761167972741,absolute
2020-10-09,government_bond,T,1,0.2937241197960598,absolute
2020-10-16,agriculture,C,1,2.6024582674282697,strongest
2020-10-16,agriculture,JD,-1,-2.2481132164952653,weakest
2020-10-16,base_metal,AL,1,0.7908553636513685,absolute
2020-10-16,chemical_energy,FG,1,1.065392064509629,strongest
2020-10-16,chemical_energy,SC,-1,-1.9491679932829364,weakest
2020-10-16,ferrous,RB,1,0.8407984063900523,absolute
2020-10-16,government_bond,T,1,0.36067449056536105,absolute
2020-10-23,agriculture,C,1,2.4988042662760264,strongest
2020-10-23,agriculture,JD,-1,-2.294729807704972,weakest
2020-10-23,base_metal,AL,1,0.9205759855878486,absolute
2020-10-23,chemical_energy,FG,1,1.0202726409735807,strongest
2020-10-23,chemical_energy,SC,-1,-2.2378299036198626,weakest
2020-10-23,ferrous,RB,1,1.0160093727135586,absolute
2020-10-23,government_bond,T,1,0.49091963061348587,absolute
2020-10-30,agriculture,C,1,2.652359311339028,strongest
2020-10-30,agriculture,JD,-1,-2.613629017457352,weakest
2020-10-30,base_metal,AL,1,0.8143333892458137,absolute
2020-10-30,chemical_energy,FG,1,0.9515498533778286,strongest
2020-10-30,chemical_energy,SC,-1,-2.385474170917612,weakest
2020-10-30,ferrous,RB,1,1.2638138071659866,absolute
2020-10-30,government_bond,T,1,0.6074650518249612,absolute
2020-11-06,agriculture,C,1,2.259035634834935,strongest
2020-11-06,agriculture,JD,-1,-2.9262719537599735,weakest
2020-11-06,base_metal,AL,1,0.9888456401455877,absolute
2020-11-06,chemical_energy,FG,1,1.0411892325314607,strongest
2020-11-06,chemical_energy,SC,-1,-2.402865360698308,weakest
2020-11-06,ferrous,RB,1,1.3323498976698807,absolute
2020-11-06,government_bond,T,1,0.6888559703205347,absolute
2020-11-13,agriculture,C,1,2.21912836967726,strongest
2020-11-13,agriculture,JD,-1,-3.0478793095996273,weakest
2020-11-13,base_metal,AL,1,1.242295773823618,absolute
2020-11-13,chemical_energy,FG,1,1.2814764676420793,strongest
2020-11-13,chemical_energy,SC,-1,-2.19650267754333,weakest
2020-11-13,ferrous,RB,1,1.3261493842593166,absolute
2020-11-13,government_bond,T,1,0.5907113507389612,absolute
2020-11-20,agriculture,C,1,2.42913285450918,strongest
2020-11-20,agriculture,JD,-1,-2.8500961821463613,weakest
2020-11-20,base_metal,AL,1,1.4380802398984875,absolute
2020-11-20,chemical_energy,FG,1,1.417161298873068,strongest
2020-11-20,chemical_energy,SC,-1,-2.185930677401925,weakest
2020-11-20,ferrous,RB,1,1.5629117690126226,absolute
2020-11-20,government_bond,T,1,0.3580588432756258,absolute
2020-11-27,agriculture,C,1,2.3127951236739754,strongest
2020-11-27,agriculture,JD,-1,-2.874669364822933,weakest
2020-11-27,base_metal,AL,1,1.5870766519821868,absolute
2020-11-27,chemical_energy,FG,1,1.3077984016177715,strongest
2020-11-27,chemical_energy,SC,-1,-1.9927254682088755,weakest
2020-11-27,ferrous,RB,1,1.1793442535047838,absolute
2020-11-27,government_bond,T,1,0.28084705474783594,absolute
2020-12-04,agriculture,C,1,2.3367875864170875,strongest
2020-12-04,agriculture,JD,-1,-2.6869434419041203,weakest
2020-12-04,base_metal,AL,1,1.5934344128782274,absolute
2020-12-04,chemical_energy,FG,1,1.483165982908298,strongest
2020-12-04,chemical_energy,SC,-1,-2.002284022199904,weakest
2020-12-04,ferrous,RB,1,0.9195962726014765,absolute
2020-12-04,government_bond,T,1,0.37447565312813896,absolute
2020-12-11,agriculture,C,1,2.2290044451244575,strongest
2020-12-11,agriculture,JD,-1,-2.4319797424406335,weakest
2020-12-11,base_metal,AL,1,1.3943633976610565,absolute
2020-12-11,chemical_energy,FG,1,1.7050767817383747,strongest
2020-12-11,chemical_energy,SC,-1,-1.9703329193809542,weakest
2020-12-11,ferrous,RB,1,1.3494814148132754,absolute
2020-12-11,government_bond,T,1,0.3763845906600276,absolute
2020-12-18,agriculture,C,1,2.2396277754826452,strongest
2020-12-18,agriculture,JD,-1,-2.065196979803881,weakest
2020-12-18,base_metal,AL,1,1.6626546571205771,absolute
2020-12-18,chemical_energy,FG,1,1.7982519237948538,strongest
2020-12-18,chemical_energy,SC,-1,-2.0008072058347053,weakest
2020-12-18,ferrous,RB,1,1.6489998239154524,absolute
2020-12-18,government_bond,T,1,0.3478799826665089,absolute
2020-12-25,agriculture,C,1,2.450887784394913,strongest
2020-12-25,agriculture,AP,-1,-1.9922555822427117,weakest
2020-12-25,base_metal,AL,1,1.2879553224437204,absolute
2020-12-25,chemical_energy,FG,1,1.6444411140541086,strongest
2020-12-25,chemical_energy,SC,-1,-2.0615753673676274,weakest
2020-12-25,ferrous,RB,1,1.665125712361703,absolute
2020-12-25,government_bond,T,1,0.5062791188092041,absolute
2020-12-31,agriculture,C,1,2.685535875804178,strongest
2020-12-31,agriculture,AP,-1,-1.9313281004466147,weakest
2020-12-31,base_metal,AL,1,0.9988093568586883,absolute
2020-12-31,chemical_energy,FG,1,1.4540060785908935,strongest
2020-12-31,chemical_energy,SC,-1,-2.1956808324513184,weakest
2020-12-31,ferrous,RB,1,1.6479011803391759,absolute
2020-12-31,government_bond,T,1,0.508652041764041,absolute
2021-01-08,agriculture,C,1,2.8935121021085273,strongest
2021-01-08,agriculture,AP,-1,-2.045078202336897,weakest
2021-01-08,base_metal,AL,1,0.9927144734672377,absolute
2021-01-08,chemical_energy,SP,1,1.5370187180017625,strongest
2021-01-08,chemical_energy,SC,-1,-1.9623200860232948,weakest
2021-01-08,ferrous,RB,1,1.7393581709668495,absolute
2021-01-08,government_bond,T,1,0.4250444639129714,absolute
2021-01-15,agriculture,C,1,2.974263198455807,strongest
2021-01-15,agriculture,AP,-1,-1.9338721289846463,weakest
2021-01-15,base_metal,AL,1,0.7850525641933452,absolute
2021-01-15,chemical_energy,SP,1,1.7061507578410269,strongest
2021-01-15,chemical_energy,SC,-1,-2.2321616355778526,weakest
2021-01-15,ferrous,RB,1,1.484185261122193,absolute
2021-01-15,government_bond,T,1,0.4229878148732078,absolute
2021-01-22,agriculture,C,1,2.7630690960182664,strongest
2021-01-22,agriculture,AP,-1,-1.8100718496945274,weakest
2021-01-22,base_metal,AL,1,0.8222238541278484,absolute
2021-01-22,chemical_energy,SP,1,1.4730843856290778,strongest
2021-01-22,chemical_energy,SC,-1,-2.0306456789824323,weakest
2021-01-22,ferrous,RB,1,1.410683504076987,absolute
2021-01-22,government_bond,T,1,0.449758060130058,absolute
2021-01-29,agriculture,C,1,2.2472040566361113,strongest
2021-01-29,agriculture,AP,-1,-1.8767318097184722,weakest
2021-01-29,base_metal,AL,1,0.7677489033874327,absolute
2021-01-29,chemical_energy,SP,1,1.8235206914356754,strongest
2021-01-29,chemical_energy,SC,-1,-1.9284962713631328,weakest
2021-01-29,ferrous,RB,1,1.245432362807879,absolute
2021-01-29,government_bond,T,1,0.2087805941308432,absolute
2021-02-05,agriculture,C,1,2.5484801964581334,strongest
2021-02-05,agriculture,AP,-1,-1.7385865820611268,weakest
2021-02-05,base_metal,AL,1,1.210492621457287,absolute
2021-02-05,chemical_energy,SP,1,2.001764026206017,strongest
2021-02-05,chemical_energy,SC,-1,-1.2673471690204674,weakest
2021-02-05,ferrous,RB,1,1.8112041233439806,absolute
2021-02-05,government_bond,T,-1,-0.3693011986441289,absolute
2021-02-10,agriculture,C,1,2.350924247730898,strongest
2021-02-10,agriculture,AP,-1,-1.6802249089458186,weakest
2021-02-10,base_metal,AL,1,1.2927918143460382,absolute
2021-02-10,chemical_energy,SP,1,2.2419350598826244,strongest
2021-02-10,chemical_energy,SC,-1,-1.248446415794077,weakest
2021-02-10,ferrous,RB,1,1.9529992903251836,absolute
2021-02-10,government_bond,T,-1,-0.4914986761612684,absolute
2021-02-19,agriculture,C,1,2.511154117891656,strongest
2021-02-19,agriculture,AP,-1,-1.585334697342096,weakest
2021-02-19,base_metal,AL,1,1.4592157183188519,absolute
2021-02-19,chemical_energy,SP,1,2.378633740931444,strongest
2021-02-19,chemical_energy,SC,-1,-1.026860262483041,weakest
2021-02-19,ferrous,RB,1,2.016303725104412,absolute
2021-02-19,government_bond,T,-1,-0.4136860677226824,absolute
2021-02-26,agriculture,C,1,2.4002056853838334,strongest
2021-02-26,agriculture,AP,-1,-1.7111609491998427,weakest
2021-02-26,base_metal,AL,1,1.7612921880201815,absolute
2021-02-26,chemical_energy,SP,1,2.703412116568138,strongest
2021-02-26,chemical_energy,SC,-1,-0.9348998636212948,weakest
2021-02-26,ferrous,RB,1,2.224060898652398,absolute
2021-02-26,government_bond,T,-1,-0.4580954624009837,absolute
2021-03-05,agriculture,C,1,2.459345117404989,strongest
2021-03-05,agriculture,AP,-1,-2.0951368855768004,weakest
2021-03-05,base_metal,AL,1,1.6454425029026098,absolute
2021-03-05,chemical_energy,SP,1,2.3576226553353785,strongest
2021-03-05,chemical_energy,SC,-1,-0.7326885358834146,weakest
2021-03-05,ferrous,RB,1,2.0189262677782724,absolute
2021-03-05,government_bond,T,-1,-0.38978558271569913,absolute
2021-03-12,agriculture,P,1,2.1055102199113467,strongest
2021-03-12,agriculture,AP,-1,-1.996579619264244,weakest
2021-03-12,base_metal,AL,1,1.7395876435734683,absolute
2021-03-12,chemical_energy,SP,1,2.4564729155342397,strongest
2021-03-12,chemical_energy,SC,-1,-0.5672968417044619,weakest
2021-03-12,ferrous,RB,1,2.116151660187375,absolute
2021-03-12,government_bond,T,-1,-0.5187542372072362,absolute
2021-03-19,agriculture,P,1,1.9797173567634376,strongest
2021-03-19,agriculture,AP,-1,-2.0699752738242356,weakest
2021-03-19,base_metal,AL,1,1.8952799369412145,absolute
2021-03-19,chemical_energy,SP,1,2.0515340020392223,strongest
2021-03-19,chemical_energy,SC,-1,-0.38482793070923327,weakest
2021-03-19,ferrous,RB,1,2.0337431034465774,absolute
2021-03-19,government_bond,T,-1,-0.5941277061660292,absolute
2021-03-26,agriculture,C,1,1.998704634027338,strongest
2021-03-26,agriculture,AP,-1,-2.1545793576949324,weakest
2021-03-26,base_metal,AL,1,1.945480774173292,absolute
2021-03-26,chemical_energy,FG,1,2.2272777893711795,strongest
2021-03-26,ferrous,RB,1,2.132339812111073,absolute
2021-03-26,government_bond,T,-1,-0.35018476027632095,absolute
2021-04-02,agriculture,P,1,1.889071857933965,strongest
2021-04-02,agriculture,AP,-1,-2.073892659962162,weakest
2021-04-02,base_metal,AL,1,2.520623718677804,absolute
2021-04-02,chemical_energy,FG,1,2.3132501366222797,strongest
2021-04-02,ferrous,RB,1,2.572394086237804,absolute
2021-04-02,government_bond,T,-1,-0.5631260645312323,absolute
2021-04-09,agriculture,P,1,1.8300909540006185,strongest
2021-04-09,agriculture,AP,-1,-2.06928592398098,weakest
2021-04-09,base_metal,AL,1,2.50041938665081,absolute
2021-04-09,chemical_energy,FG,1,2.1884345989698444,strongest
2021-04-09,ferrous,RB,1,2.6490764868130166,absolute
2021-04-09,government_bond,T,-1,-0.68854057122097,absolute
2021-04-16,agriculture,P,1,2.033495070653371,strongest
2021-04-16,agriculture,AP,-1,-2.1340231845522406,weakest
2021-04-16,base_metal,AL,1,2.5942390656120917,absolute
2021-04-16,chemical_energy,FG,1,2.650994122109401,strongest
2021-04-16,chemical_energy,SC,-1,-0.01337940071288376,weakest
2021-04-16,ferrous,RB,1,2.72919439558364,absolute
2021-04-16,government_bond,T,-1,-0.7394294431545294,absolute
2021-04-23,agriculture,P,1,2.36562776348945,strongest
2021-04-23,agriculture,AP,-1,-2.0926196117009725,weakest
2021-04-23,base_metal,AL,1,2.652282853334096,absolute
2021-04-23,chemical_energy,FG,1,2.798515147104833,strongest
2021-04-23,chemical_energy,SC,-1,-0.021281564291610114,weakest
2021-04-23,ferrous,RB,1,2.719044552149549,absolute
2021-04-23,government_bond,T,-1,-0.684694453795667,absolute
2021-04-30,agriculture,P,1,2.330242816433122,strongest
2021-04-30,agriculture,AP,-1,-1.9521515660323268,weakest
2021-04-30,base_metal,AL,1,2.752410756178453,absolute
2021-04-30,chemical_energy,FG,1,3.1192717731230526,strongest
2021-04-30,ferrous,RB,1,2.8559400529038186,absolute
2021-04-30,government_bond,T,-1,-0.6462987358150157,absolute
2021-05-07,agriculture,P,1,2.5759945984863495,strongest
2021-05-07,agriculture,AP,-1,-2.194831439664798,weakest
2021-05-07,base_metal,AL,1,2.943912500363697,absolute
2021-05-07,chemical_energy,FG,1,3.346255941449089,strongest
2021-05-07,ferrous,RB,1,3.070834922368654,absolute
2021-05-07,government_bond,T,-1,-0.9354750525827665,absolute
2021-05-14,agriculture,P,1,2.6025057479499476,strongest
2021-05-14,agriculture,AP,-1,-2.8861351621520903,weakest
2021-05-14,base_metal,AL,1,2.537677838535499,absolute
2021-05-14,chemical_energy,FG,1,3.323724420562429,strongest
2021-05-14,ferrous,RB,1,2.5317742373478267,absolute
2021-05-14,government_bond,T,-1,-0.791354153120445,absolute
2021-05-21,agriculture,P,1,2.3232485383195005,strongest
2021-05-21,agriculture,AP,-1,-2.664166807154021,weakest
2021-05-21,base_metal,AL,1,2.308704870967232,absolute
2021-05-21,chemical_energy,FG,1,2.6192503522942903,strongest
2021-05-21,ferrous,RB,1,1.7722145096642394,absolute
2021-05-21,government_bond,T,-1,-0.3085283254965159,absolute
2021-05-28,agriculture,P,1,2.172277414917894,strongest
2021-05-28,agriculture,AP,-1,-2.5633165088256473,weakest
2021-05-28,base_metal,AL,1,2.107753663655438,absolute
2021-05-28,chemical_energy,FG,1,2.6526838194734434,strongest
2021-05-28,ferrous,RB,1,1.4239595149099602,absolute
2021-05-28,government_bond,T,-1,-0.2705418044858236,absolute
2021-06-04,agriculture,P,1,2.2561408006621377,strongest
2021-06-04,agriculture,AP,-1,-2.403046681424978,weakest
2021-06-04,base_metal,AL,1,1.9498244211844138,absolute
2021-06-04,chemical_energy,FG,1,2.6495622086852966,strongest
2021-06-04,ferrous,RB,1,1.6640908551152536,absolute
2021-06-04,government_bond,T,-1,-0.38605079790136704,absolute
2021-06-11,agriculture,C,1,1.8800368802247398,strongest
2021-06-11,agriculture,AP,-1,-2.359923746958662,weakest
2021-06-11,base_metal,AL,1,2.1460689113731424,absolute
2021-06-11,chemical_energy,FG,1,2.649554352214127,strongest
2021-06-11,ferrous,RB,1,1.6351023917861782,absolute
2021-06-11,government_bond,T,-1,-0.34006319752710995,absolute
2021-06-18,agriculture,C,1,1.4540028471057693,strongest
2021-06-18,agriculture,AP,-1,-2.188553038710911,weakest
2021-06-18,base_metal,AL,1,1.7718959641899839,absolute
2021-06-18,chemical_energy,FG,1,2.439683176756258,strongest
2021-06-18,ferrous,RB,1,1.3899525894031561,absolute
2021-06-18,government_bond,T,-1,-0.20183535996218133,absolute
2021-06-25,agriculture,P,1,1.6047286340934328,strongest
2021-06-25,agriculture,AP,-1,-2.1252852410489296,weakest
2021-06-25,base_metal,AL,1,1.8715465102391966,absolute
2021-06-25,chemical_energy,FG,1,2.748157078983582,strongest
2021-06-25,ferrous,RB,1,1.4093705414690363,absolute
2021-06-25,government_bond,T,-1,-0.3091291886481605,absolute
2021-07-02,agriculture,P,1,1.7288729236048943,strongest
2021-07-02,agriculture,AP,-1,-1.9875621637717809,weakest
2021-07-02,base_metal,AL,1,1.7800799154171765,absolute
2021-07-02,chemical_energy,FG,1,2.7083567270665054,strongest
2021-07-02,ferrous,RB,1,1.412554062766361,absolute
2021-07-02,government_bond,T,-1,-0.017820254443834525,absolute
2021-07-09,agriculture,P,1,1.9104672146744752,strongest
2021-07-09,agriculture,AP,-1,-1.9918693954177462,weakest
2021-07-09,base_metal,AL,1,1.6705375148047206,absolute
2021-07-09,chemical_energy,FG,1,2.7359016130868565,strongest
2021-07-09,ferrous,RB,1,1.698106496300511,absolute
2021-07-09,government_bond,T,1,0.08957391379014057,absolute
2021-07-16,agriculture,P,1,1.9726650702512811,strongest
2021-07-16,agriculture,AP,-1,-2.136084965315398,weakest
2021-07-16,base_metal,AL,1,1.7976766750747455,absolute
2021-07-16,chemical_energy,FG,1,2.913884859645674,strongest
2021-07-16,ferrous,RB,1,1.6881043333146448,absolute
2021-07-16,government_bond,T,1,0.8055354494872656,absolute
2021-07-23,agriculture,P,1,1.9993926458374416,strongest
2021-07-23,agriculture,AP,-1,-2.059204724523502,weakest
2021-07-23,base_metal,AL,1,1.6692396537839995,absolute
2021-07-23,chemical_energy,FG,1,2.7156306571601254,strongest
2021-07-23,ferrous,RB,1,1.7414632290933825,absolute
2021-07-23,government_bond,T,1,0.7651311841260817,absolute
2021-07-30,agriculture,P,1,1.999746366281252,strongest
2021-07-30,agriculture,AP,-1,-1.938011671662329,weakest
2021-07-30,base_metal,AL,1,1.8998800727338336,absolute
2021-07-30,chemical_energy,FG,1,2.2681848227313255,strongest
2021-07-30,ferrous,RB,1,1.7608133672979163,absolute
2021-07-30,government_bond,T,1,0.7143387011958484,absolute
2021-08-06,agriculture,P,1,1.8570658864998975,strongest
2021-08-06,agriculture,AP,-1,-1.6949279605687448,weakest
2021-08-06,base_metal,AL,1,1.7548330709388122,absolute
2021-08-06,chemical_energy,FG,1,1.9368509304146984,strongest
2021-08-06,ferrous,RB,1,1.3938479784527507,absolute
2021-08-06,government_bond,T,1,0.9522694969773327,absolute
2021-08-13,agriculture,P,1,1.9142325212778577,strongest
2021-08-13,agriculture,AP,-1,-1.5228110453224628,weakest
2021-08-13,base_metal,AL,1,1.7715789935950648,absolute
2021-08-13,chemical_energy,FG,1,1.6670986598465063,strongest
2021-08-13,ferrous,RB,1,1.3569448622132756,absolute
2021-08-13,government_bond,T,1,0.8260651317326931,absolute
2021-08-20,agriculture,P,1,1.842842328517322,strongest
2021-08-20,agriculture,AP,-1,-1.6453482116033187,weakest
2021-08-20,base_metal,AL,1,1.8714462969380306,absolute
2021-08-20,chemical_energy,FG,1,1.4116145906963073,strongest
2021-08-20,ferrous,RB,1,1.0555936316113401,absolute
2021-08-20,government_bond,T,1,0.846208584767291,absolute
2021-08-27,agriculture,P,1,1.8256667076400772,strongest
2021-08-27,agriculture,AP,-1,-1.5656054435184041,weakest
2021-08-27,base_metal,AL,1,1.955719052702924,absolute
2021-08-27,chemical_energy,FG,1,1.3236339876841372,strongest
2021-08-27,chemical_energy,RU,-1,-0.06679272323529281,weakest
2021-08-27,ferrous,RB,1,1.1424296691542966,absolute
2021-08-27,government_bond,T,1,0.8939793277631635,absolute
2021-09-03,agriculture,P,1,1.9123220631562068,strongest
2021-09-03,agriculture,AP,-1,-1.6659422754495563,weakest
2021-09-03,base_metal,AL,1,1.9768933503313053,absolute
2021-09-03,chemical_energy,FG,1,1.6600245759265555,strongest
2021-09-03,chemical_energy,RU,-1,-0.10711140416768185,weakest
2021-09-03,ferrous,RB,1,1.2663653325258586,absolute
2021-09-03,government_bond,T,1,1.2659154126894872,absolute
2021-09-10,agriculture,P,1,1.6771705252130182,strongest
2021-09-10,agriculture,AP,-1,-1.5841917441479392,weakest
2021-09-10,base_metal,AL,1,2.3626440970647984,absolute
2021-09-10,chemical_energy,UR,1,1.760969695010987,strongest
2021-09-10,chemical_energy,RU,-1,-0.2592749968289202,weakest
2021-09-10,ferrous,RB,1,1.3780370765460779,absolute
2021-09-10,government_bond,T,1,1.1770497320208058,absolute
2021-09-17,agriculture,P,1,1.6902338211785832,strongest
2021-09-17,agriculture,AP,-1,-1.7650078003318597,weakest
2021-09-17,base_metal,AL,1,2.201534681901148,absolute
2021-09-17,chemical_energy,UR,1,1.975803504999434,strongest
2021-09-17,chemical_energy,RU,-1,-0.013379733021199736,weakest
2021-09-17,ferrous,RB,1,1.339761227179507,absolute
2021-09-17,government_bond,T,1,0.9149554841202882,absolute
2021-09-24,agriculture,P,1,1.8003412856198164,strongest
2021-09-24,agriculture,AP,-1,-1.2611180166480798,weakest
2021-09-24,base_metal,AL,1,2.252749642907399,absolute
2021-09-24,chemical_energy,UR,1,1.906208722076528,strongest
2021-09-24,chemical_energy,RU,-1,-0.15611814435540494,weakest
2021-09-24,ferrous,RB,1,1.3106536666233894,absolute
2021-09-24,government_bond,T,1,1.16681910611496,absolute
2021-09-30,agriculture,CF,1,1.9432949930434562,strongest
2021-09-30,agriculture,AP,-1,-1.0214770456586637,weakest
2021-09-30,base_metal,AL,1,2.0776955591308535,absolute
2021-09-30,chemical_energy,UR,1,2.1887863716052567,strongest
2021-09-30,chemical_energy,RU,-1,-0.008419229662477185,weakest
2021-09-30,ferrous,RB,1,1.5207196562507588,absolute
2021-09-30,government_bond,T,1,1.0948320585529225,absolute
2021-10-08,agriculture,CF,1,2.141883456065695,strongest
2021-10-08,agriculture,AP,-1,-1.0127233155537452,weakest
2021-10-08,base_metal,AL,1,2.1159141350796884,absolute
2021-10-08,chemical_energy,UR,1,2.4171115273332653,strongest
2021-10-08,ferrous,RB,1,1.598950049290397,absolute
2021-10-08,government_bond,T,1,0.8363748093397373,absolute
2021-10-15,agriculture,CF,1,2.3514516437311714,strongest
2021-10-15,agriculture,AP,-1,-0.6092052497802729,weakest
2021-10-15,base_metal,AL,1,2.571029672398569,absolute
2021-10-15,chemical_energy,UR,1,2.1368016031535033,strongest
2021-10-15,ferrous,RB,1,1.3998067234696008,absolute
2021-10-15,government_bond,T,1,0.7025111194821855,absolute
2021-10-22,agriculture,P,1,1.996198944386142,strongest
2021-10-22,agriculture,AP,-1,-0.7140387122650488,weakest
2021-10-22,base_metal,AL,1,1.5874451235705482,absolute
2021-10-22,chemical_energy,UR,1,1.5443508751030754,strongest
2021-10-22,chemical_energy,RU,-1,-0.030957374670820523,weakest
2021-10-22,ferrous,RB,1,0.8709552757286696,absolute
2021-10-22,government_bond,T,1,0.9181810584126496,absolute
2021-10-29,agriculture,P,1,2.246578805401217,strongest
2021-10-29,agriculture,AP,-1,-0.5794980178226036,weakest
2021-10-29,base_metal,AL,1,1.157273936513891,absolute
2021-10-29,chemical_energy,SC,1,1.4758301913196576,strongest
2021-10-29,chemical_energy,RU,-1,-0.35843595171254683,weakest
2021-10-29,ferrous,RB,1,0.6965776457649246,absolute
2021-10-29,government_bond,T,1,0.8568340710112109,absolute
2021-11-05,agriculture,P,1,1.947336465798911,strongest
2021-11-05,agriculture,M,-1,-0.3395894569371566,weakest
2021-11-05,base_metal,AL,1,0.8888460496619927,absolute
2021-11-05,chemical_energy,SC,1,1.4409663733776363,strongest
2021-11-05,chemical_energy,RU,-1,-0.8314628628696441,weakest
2021-11-05,ferrous,RB,1,0.42411181636137724,absolute
2021-11-05,government_bond,T,1,1.058438327219236,absolute
2021-11-12,agriculture,P,1,1.8578346587667462,strongest
2021-11-12,agriculture,M,-1,-0.1149382467608192,weakest
2021-11-12,base_metal,AL,1,0.9716460738034108,absolute
2021-11-12,chemical_energy,SC,1,1.6615003575503193,strongest
2021-11-12,chemical_energy,RU,-1,-0.5930319272999838,weakest
2021-11-12,ferrous,RB,1,0.3616174576926405,absolute
2021-11-12,government_bond,T,1,0.8969431099065664,absolute
2021-11-19,agriculture,P,1,2.0324750618548455,strongest
2021-11-19,base_metal,AL,1,0.8905190945865552,absolute
2021-11-19,chemical_energy,SC,1,1.4727141956097496,strongest
2021-11-19,chemical_energy,RU,-1,-0.14994973109823773,weakest
2021-11-19,ferrous,RB,1,0.3091287645270884,absolute
2021-11-19,government_bond,T,1,1.0348995072365323,absolute
2021-11-26,agriculture,P,1,1.6474831485172197,strongest
2021-11-26,agriculture,M,-1,-0.025646332696615842,weakest
2021-11-26,base_metal,AL,1,0.7509828838820793,absolute
2021-11-26,chemical_energy,SC,1,1.354095816855952,strongest
2021-11-26,chemical_energy,RU,-1,-0.25207478344423245,weakest
2021-11-26,ferrous,RB,1,0.2704885084791968,absolute
2021-11-26,government_bond,T,1,1.4327852773136116,absolute
2021-12-03,agriculture,P,1,1.6918737669139041,strongest
2021-12-03,agriculture,M,-1,-0.06551196638653829,weakest
2021-12-03,base_metal,AL,1,0.6587088178636936,absolute
2021-12-03,chemical_energy,SP,1,1.2506647605777998,strongest
2021-12-03,chemical_energy,RU,-1,-0.45358255124181845,weakest
2021-12-03,ferrous,RB,1,0.4453837183606802,absolute
2021-12-03,government_bond,T,1,1.2810690879866953,absolute
2021-12-10,agriculture,P,1,1.5841784139117212,strongest
2021-12-10,base_metal,AL,1,0.46852385739042485,absolute
2021-12-10,chemical_energy,SP,1,1.0898367974466987,strongest
2021-12-10,chemical_energy,RU,-1,-0.6414758126478322,weakest
2021-12-10,ferrous,RB,1,0.4171327243086967,absolute
2021-12-10,government_bond,T,1,1.2705623653390454,absolute
2021-12-17,agriculture,P,1,1.5640758043437717,strongest
2021-12-17,base_metal,AL,1,0.7347489651994092,absolute
2021-12-17,chemical_energy,SC,1,1.001254934226241,strongest
2021-12-17,chemical_energy,RU,-1,-0.42823797707947536,weakest
2021-12-17,ferrous,RB,1,0.4726655828314915,absolute
2021-12-17,government_bond,T,1,1.280862098936733,absolute
2021-12-24,agriculture,P,1,1.5906604808336784,strongest
2021-12-24,agriculture,JD,-1,-0.35882630019409906,weakest
2021-12-24,base_metal,AL,1,0.7869043016646835,absolute
2021-12-24,chemical_energy,SC,1,1.022380627632119,strongest
2021-12-24,chemical_energy,RU,-1,-0.4995645381110585,weakest
2021-12-24,ferrous,RB,1,0.3855955402988128,absolute
2021-12-24,government_bond,T,1,1.44686525842514,absolute
2021-12-31,agriculture,P,1,1.6570387155175073,strongest
2021-12-31,agriculture,JD,-1,-0.41653693986911644,weakest
2021-12-31,base_metal,AL,1,0.8996686503606239,absolute
2021-12-31,chemical_energy,SC,1,1.1828802629076007,strongest
2021-12-31,chemical_energy,FG,-1,-0.2697745048768316,weakest
2021-12-31,ferrous,RB,1,0.08268473236411283,absolute
2021-12-31,government_bond,T,1,1.489150532859761,absolute
2022-01-07,agriculture,P,1,1.683753910365687,strongest
2022-01-07,agriculture,JD,-1,-0.4079307771940913,weakest
2022-01-07,base_metal,AL,1,1.0597003585475449,absolute
2022-01-07,chemical_energy,SC,1,1.2374491085057486,strongest
2022-01-07,chemical_energy,RU,-1,-0.20804435448198697,weakest
2022-01-07,ferrous,RB,1,0.2867627292853267,absolute
2022-01-07,government_bond,T,1,1.2905834700022785,absolute
2022-01-14,agriculture,P,1,1.6877939107148021,strongest
2022-01-14,agriculture,JD,-1,-0.42557841156217896,weakest
2022-01-14,base_metal,AL,1,1.100710738392616,absolute
2022-01-14,chemical_energy,SC,1,1.2737251148438447,strongest
2022-01-14,chemical_energy,RU,-1,-0.24214638974031216,weakest
2022-01-14,ferrous,RB,1,0.2778763661433525,absolute
2022-01-14,government_bond,T,1,1.3275366871810288,absolute
2022-01-21,agriculture,P,1,1.8368208526949463,strongest
2022-01-21,agriculture,LH,-1,-2.018120007371412,weakest
2022-01-21,base_metal,AL,1,1.2293612781744796,absolute
2022-01-21,chemical_energy,SC,1,1.1827462334418233,strongest
2022-01-21,chemical_energy,RU,-1,-0.3313705160524768,weakest
2022-01-21,ferrous,RB,1,0.3491939069568795,absolute
2022-01-21,government_bond,T,1,1.602509061794866,absolute
2022-01-28,agriculture,P,1,2.164545697061974,strongest
2022-01-28,agriculture,LH,-1,-2.0272880030596894,weakest
2022-01-28,base_metal,AL,1,1.3615658653106588,absolute
2022-01-28,chemical_energy,SC,1,1.231766383281704,strongest
2022-01-28,chemical_energy,RU,-1,-0.5960912622501278,weakest
2022-01-28,ferrous,RB,1,0.443826024037548,absolute
2022-01-28,government_bond,T,1,1.6440832500459444,absolute
2022-02-11,agriculture,P,1,2.217164788614602,strongest
2022-02-11,agriculture,LH,-1,-2.0784727382367456,weakest
2022-02-11,base_metal,AL,1,1.4596796100328877,absolute
2022-02-11,chemical_energy,SC,1,1.3163345088988063,strongest
2022-02-11,chemical_energy,RU,-1,-0.340746651596981,weakest
2022-02-11,ferrous,RB,1,0.47973619360438646,absolute
2022-02-11,government_bond,T,1,1.353942857350622,absolute
2022-02-18,agriculture,P,1,2.3377682740456245,strongest
2022-02-18,agriculture,LH,-1,-2.139463348441352,weakest
2022-02-18,base_metal,AL,1,1.4765194968177817,absolute
2022-02-18,chemical_energy,SC,1,1.2871355952009518,strongest
2022-02-18,chemical_energy,RU,-1,-0.5263660297314746,weakest
2022-02-18,ferrous,RB,1,0.4909229190501344,absolute
2022-02-18,government_bond,T,1,1.3829065383331605,absolute
2022-02-25,agriculture,P,1,2.545606917511804,strongest
2022-02-25,agriculture,LH,-1,-2.3985773864403686,weakest
2022-02-25,base_metal,AL,1,1.2344392294946234,absolute
2022-02-25,chemical_energy,SC,1,1.3685282015037943,strongest
2022-02-25,chemical_energy,RU,-1,-0.7023111069698977,weakest
2022-02-25,ferrous,RB,1,0.23165325048367139,absolute
2022-02-25,government_bond,T,1,1.5211773679244558,absolute
2022-03-04,agriculture,P,1,2.3075556264015313,strongest
2022-03-04,agriculture,LH,-1,-2.9427253574242354,weakest
2022-03-04,base_metal,AL,1,1.2696033784429053,absolute
2022-03-04,chemical_energy,SC,1,1.5347810029509876,strongest
2022-03-04,chemical_energy,RU,-1,-1.100424878221774,weakest
2022-03-04,ferrous,RB,1,0.32246091535909976,absolute
2022-03-04,government_bond,T,1,1.504105085068373,absolute
2022-03-11,agriculture,P,1,2.4220235799478416,strongest
2022-03-11,agriculture,LH,-1,-3.033230009096921,weakest
2022-03-11,base_metal,AL,1,0.9150400438006098,absolute
2022-03-11,chemical_energy,SC,1,1.322754300838776,strongest
2022-03-11,chemical_energy,RU,-1,-0.9658779363087567,weakest
2022-03-11,ferrous,RB,1,0.22254958188142793,absolute
2022-03-11,government_bond,T,1,1.5542362570662773,absolute
2022-03-18,agriculture,P,1,1.7869778438505677,strongest
2022-03-18,agriculture,LH,-1,-2.990374785998117,weakest
2022-03-18,base_metal,AL,1,1.0435534372523272,absolute
2022-03-18,chemical_energy,UR,1,1.149475005522876,strongest
2022-03-18,chemical_energy,RU,-1,-0.9525929991081895,weakest
2022-03-18,ferrous,RB,1,0.3265248134289233,absolute
2022-03-18,government_bond,T,1,1.5585575405784444,absolute
2022-03-25,agriculture,P,1,1.8535585714354275,strongest
2022-03-25,agriculture,LH,-1,-3.0870846566870203,weakest
2022-03-25,base_metal,AL,1,0.9789207442311058,absolute
2022-03-25,chemical_energy,SC,1,1.3518523695698814,strongest
2022-03-25,chemical_energy,RU,-1,-0.977651339954744,weakest
2022-03-25,ferrous,RB,1,0.29799532267383666,absolute
2022-03-25,government_bond,T,1,1.6018252577906094,absolute
2022-04-01,agriculture,CF,1,1.731238570579862,strongest
2022-04-01,agriculture,LH,-1,-2.984710403479862,weakest
2022-04-01,base_metal,AL,1,0.9901082637601974,absolute
2022-04-01,chemical_energy,SC,1,1.1337522262194155,strongest
2022-04-01,chemical_energy,RU,-1,-0.7617111508081884,weakest
2022-04-01,ferrous,RB,1,0.3924161497087408,absolute
2022-04-01,government_bond,T,1,1.5126176278222683,absolute
2022-04-08,agriculture,P,1,1.9841630270097472,strongest
2022-04-08,agriculture,LH,-1,-2.882606712116164,weakest
2022-04-08,base_metal,AL,1,0.7736475353590778,absolute
2022-04-08,chemical_energy,SC,1,1.0362758323608003,strongest
2022-04-08,chemical_energy,RU,-1,-0.7354612088465069,weakest
2022-04-08,ferrous,RB,1,0.17906137341972334,absolute
2022-04-08,government_bond,T,1,1.5153856909717702,absolute
2022-04-15,agriculture,P,1,2.214328570103987,strongest
2022-04-15,agriculture,LH,-1,-3.0388588127770113,weakest
2022-04-15,base_metal,AL,1,0.7510576707321895,absolute
2022-04-15,chemical_energy,SC,1,1.1950142945101576,strongest
2022-04-15,chemical_energy,RU,-1,-0.8129733887699959,weakest
2022-04-15,ferrous,RB,1,0.06335703958588357,absolute
2022-04-15,government_bond,T,1,1.4745724533481726,absolute
2022-04-22,agriculture,P,1,2.1961809597225868,strongest
2022-04-22,agriculture,LH,-1,-2.7806936019658113,weakest
2022-04-22,base_metal,AL,1,0.7830856421924939,absolute
2022-04-22,chemical_energy,SC,1,1.2206381669693251,strongest
2022-04-22,chemical_energy,RU,-1,-0.6283584079125811,weakest
2022-04-22,ferrous,RB,1,0.0951246194035991,absolute
2022-04-22,government_bond,T,1,1.2717608524220014,absolute
2022-04-29,agriculture,P,1,2.4207905729432917,strongest
2022-04-29,agriculture,LH,-1,-2.709408722754118,weakest
2022-04-29,base_metal,AL,1,0.4425876596920279,absolute
2022-04-29,chemical_energy,UR,1,1.1065883360349926,strongest
2022-04-29,chemical_energy,RU,-1,-0.7127305786913689,weakest
2022-04-29,ferrous,RB,1,0.005884022097116826,absolute
2022-04-29,government_bond,T,1,1.2043836397322214,absolute
2022-05-06,agriculture,P,1,2.08246625784879,strongest
2022-05-06,agriculture,LH,-1,-2.719328258789197,weakest
2022-05-06,base_metal,AL,1,0.3225184954488605,absolute
2022-05-06,chemical_energy,SC,1,1.223284535989362,strongest
2022-05-06,chemical_energy,RU,-1,-0.8438710414989182,weakest
2022-05-06,ferrous,RB,-1,-0.15927347175907727,absolute
2022-05-06,government_bond,T,1,1.234923439451896,absolute
2022-05-13,agriculture,P,1,2.12437473922706,strongest
2022-05-13,agriculture,LH,-1,-2.4998950616605873,weakest
2022-05-13,base_metal,AL,1,0.2891882726720704,absolute
2022-05-13,chemical_energy,SC,1,1.1660805751649184,strongest
2022-05-13,chemical_energy,RU,-1,-0.8282286482828156,weakest
2022-05-13,ferrous,RB,-1,-0.2961333313803297,absolute
2022-05-13,government_bond,T,1,1.3692192852431457,absolute
2022-05-20,agriculture,P,1,2.005007525943999,strongest
2022-05-20,agriculture,LH,-1,-2.3236583062492095,weakest
2022-05-20,base_metal,AL,1,0.040567691216884076,absolute
2022-05-20,chemical_energy,SC,1,1.082518034744444,strongest
2022-05-20,chemical_energy,FG,-1,-1.0126153902612653,weakest
2022-05-20,ferrous,RB,-1,-0.7205258959581216,absolute
2022-05-20,government_bond,T,1,1.2973179562100257,absolute
2022-05-27,agriculture,P,1,2.0694520885490744,strongest
2022-05-27,agriculture,LH,-1,-2.3713935384113594,weakest
2022-05-27,base_metal,AL,1,0.16229921859558538,absolute
2022-05-27,chemical_energy,SC,1,1.2166103895912672,strongest
2022-05-27,chemical_energy,FG,-1,-1.1823687836099739,weakest
2022-05-27,ferrous,RB,-1,-0.5180941852478368,absolute
2022-05-27,government_bond,T,1,1.4273018081416915,absolute
2022-06-02,agriculture,P,1,2.1951223276171072,strongest
2022-06-02,agriculture,LH,-1,-2.1646585802315497,weakest
2022-06-02,base_metal,AL,1,0.3209919740936977,absolute
2022-06-02,chemical_energy,SC,1,1.2501597403552898,strongest
2022-06-02,chemical_energy,FG,-1,-0.947953172105954,weakest
2022-06-02,ferrous,RB,-1,-0.08944346137206628,absolute
2022-06-02,government_bond,T,1,0.9943304890173907,absolute
2022-06-10,agriculture,P,1,2.011040998272846,strongest
2022-06-10,agriculture,LH,-1,-1.981073012123363,weakest
2022-06-10,base_metal,AL,1,0.31929850095795553,absolute
2022-06-10,chemical_energy,SC,1,1.3317410568244432,strongest
2022-06-10,chemical_energy,FG,-1,-1.054902335071309,weakest
2022-06-10,ferrous,RB,1,0.027067770697569764,absolute
2022-06-10,government_bond,T,1,1.1206681068819115,absolute
2022-06-17,agriculture,P,1,1.6879926622963086,strongest
2022-06-17,agriculture,LH,-1,-1.3400745774350715,weakest
2022-06-17,base_metal,AL,1,0.24482996059439188,absolute
2022-06-17,chemical_energy,SC,1,1.165947760845248,strongest
2022-06-17,chemical_energy,FG,-1,-1.1892626768153403,weakest
2022-06-17,ferrous,RB,-1,-0.4025332638775381,absolute
2022-06-17,government_bond,T,1,1.2031902763465956,absolute
2022-06-24,agriculture,AP,1,1.4069263262761984,strongest
2022-06-24,agriculture,LH,-1,-1.3091108298045333,weakest
2022-06-24,base_metal,AL,-1,-0.06573182836961051,absolute
2022-06-24,chemical_energy,SC,1,0.8715138782917717,strongest
2022-06-24,chemical_energy,FG,-1,-1.3032074990416638,weakest
2022-06-24,ferrous,RB,-1,-0.6165184343591928,absolute
2022-06-24,government_bond,T,1,1.2137228432240448,absolute
2022-07-01,agriculture,AP,1,1.5773710254059279,strongest
2022-07-01,agriculture,JD,-1,-0.9878408742634719,weakest
2022-07-01,base_metal,AL,1,0.10221164080551773,absolute
2022-07-01,chemical_energy,SC,1,0.9370417218831631,strongest
2022-07-01,chemical_energy,FG,-1,-1.2297023024290912,weakest
2022-07-01,ferrous,RB,-1,-0.29004039199680953,absolute
2022-07-01,government_bond,T,1,0.9669753604367688,absolute
2022-07-08,agriculture,AP,1,1.4800184691778104,strongest
2022-07-08,agriculture,JD,-1,-1.2184352778370362,weakest
2022-07-08,base_metal,AL,-1,-0.10655312557059304,absolute
2022-07-08,chemical_energy,SC,1,0.7981439955696902,strongest
2022-07-08,chemical_energy,FG,-1,-1.5566541310958635,weakest
2022-07-08,ferrous,RB,-1,-0.4546204711695486,absolute
2022-07-08,government_bond,T,1,0.9997483881846135,absolute
2022-07-15,agriculture,AP,1,1.2774208880049427,strongest
2022-07-15,agriculture,JD,-1,-1.099431935741421,weakest
2022-07-15,base_metal,AL,-1,-0.3829275041018045,absolute
2022-07-15,chemical_energy,SC,1,0.593776780803186,strongest
2022-07-15,chemical_energy,FG,-1,-1.5828608366445527,weakest
2022-07-15,ferrous,RB,-1,-0.9379935711859352,absolute
2022-07-15,government_bond,T,1,1.1414978631065877,absolute
2022-07-22,agriculture,AP,1,1.5322196133770274,strongest
2022-07-22,agriculture,JD,-1,-1.075277526271302,weakest
2022-07-22,base_metal,AL,-1,-0.19521891360390906,absolute
2022-07-22,chemical_energy,SC,1,0.8380242564492216,strongest
2022-07-22,chemical_energy,FG,-1,-1.8885913021468483,weakest
2022-07-22,ferrous,RB,-1,-0.894186703492263,absolute
2022-07-22,government_bond,T,1,0.87533049016216,absolute
2022-07-29,agriculture,AP,1,1.471518301878416,strongest
2022-07-29,agriculture,JD,-1,-1.0829697752568614,weakest
2022-07-29,base_metal,AL,-1,-0.09704981366195961,absolute
2022-07-29,chemical_energy,SC,1,0.9762760489527725,strongest
2022-07-29,chemical_energy,FG,-1,-1.9176187169365326,weakest
2022-07-29,ferrous,RB,-1,-0.8945206459861131,absolute
2022-07-29,government_bond,T,1,0.992169793933454,absolute
2022-08-05,agriculture,AP,1,1.4575928747486515,strongest
2022-08-05,agriculture,JD,-1,-1.4396272694173187,weakest
2022-08-05,base_metal,AL,-1,-0.18385478704266234,absolute
2022-08-05,chemical_energy,SP,1,0.9102959426662841,strongest
2022-08-05,chemical_energy,FG,-1,-1.7334642005365148,weakest
2022-08-05,ferrous,RB,-1,-0.9435541843874659,absolute
2022-08-05,government_bond,T,1,0.8616390693488295,absolute
2022-08-12,agriculture,AP,1,1.4249580203459775,strongest
2022-08-12,agriculture,JD,-1,-1.2774123444014742,weakest
2022-08-12,base_metal,AL,-1,-0.21868973193193936,absolute
2022-08-12,chemical_energy,SC,1,0.9823408890963632,strongest
2022-08-12,chemical_energy,FG,-1,-1.5985026892057133,weakest
2022-08-12,ferrous,RB,-1,-0.7098515192645117,absolute
2022-08-12,government_bond,T,1,0.6910154187531196,absolute
2022-08-19,agriculture,AP,1,1.6317574821538428,strongest
2022-08-19,agriculture,JD,-1,-1.0493116211983804,weakest
2022-08-19,base_metal,AL,-1,-0.2602059343646146,absolute
2022-08-19,chemical_energy,SC,1,1.1422852387998228,strongest
2022-08-19,chemical_energy,FG,-1,-1.7263782109490693,weakest
2022-08-19,ferrous,RB,-1,-0.8065445512118021,absolute
2022-08-19,government_bond,T,1,1.1592328962377607,absolute
2022-08-26,agriculture,AP,1,1.6000567391730043,strongest
2022-08-26,agriculture,JD,-1,-0.9250326213468162,weakest
2022-08-26,base_metal,AL,-1,-0.22579822293071455,absolute
2022-08-26,chemical_energy,SC,1,1.2867511355261043,strongest
2022-08-26,chemical_energy,FG,-1,-1.706176166963766,weakest
2022-08-26,ferrous,RB,-1,-0.6625192936549443,absolute
2022-08-26,government_bond,T,1,1.1300528900901576,absolute
2022-09-02,agriculture,AP,1,1.6609289814871206,strongest
2022-09-02,agriculture,JD,-1,-0.8099648254926997,weakest
2022-09-02,base_metal,AL,-1,-0.39031897086419554,absolute
2022-09-02,chemical_energy,SC,1,1.193137595572347,strongest
2022-09-02,chemical_energy,FG,-1,-1.8081429732651753,weakest
2022-09-02,ferrous,RB,-1,-0.6815520562911844,absolute
2022-09-02,government_bond,T,1,1.115628499766057,absolute
2022-09-09,agriculture,AP,1,1.376472762565858,strongest
2022-09-09,agriculture,JD,-1,-0.6955010829528553,weakest
2022-09-09,base_metal,AL,-1,-0.4354359776864674,absolute
2022-09-09,chemical_energy,SC,1,0.9722166730140045,strongest
2022-09-09,chemical_energy,FG,-1,-1.5849773019004425,weakest
2022-09-09,ferrous,RB,-1,-0.7572200834931523,absolute
2022-09-09,government_bond,T,1,0.9283842327184603,absolute
2022-09-16,agriculture,AP,1,1.340128148816129,strongest
2022-09-16,agriculture,JD,-1,-0.7408439737441246,weakest
2022-09-16,base_metal,AL,-1,-0.4346960386478133,absolute
2022-09-16,chemical_energy,SC,1,1.0289058171141277,strongest
2022-09-16,chemical_energy,FG,-1,-1.7573005353528572,weakest
2022-09-16,ferrous,RB,-1,-0.8705964812606878,absolute
2022-09-16,government_bond,T,1,0.8642883209532405,absolute
2022-09-23,agriculture,AP,1,1.2825960917548327,strongest
2022-09-23,agriculture,JD,-1,-0.6556601138894089,weakest
2022-09-23,base_metal,AL,-1,-0.7051482292923167,absolute
2022-09-23,chemical_energy,SC,1,0.9995502219447765,strongest
2022-09-23,chemical_energy,FG,-1,-1.5003295463649873,weakest
2022-09-23,ferrous,RB,-1,-0.9870579302742407,absolute
2022-09-23,government_bond,T,1,0.973769188905128,absolute
2022-09-30,agriculture,AP,1,1.2801935861934182,strongest
2022-09-30,agriculture,JD,-1,-0.7629446472416821,weakest
2022-09-30,base_metal,AL,-1,-0.7647804778359698,absolute
2022-09-30,chemical_energy,SP,1,0.9111696064387456,strongest
2022-09-30,chemical_energy,FG,-1,-1.255279509379689,weakest
2022-09-30,ferrous,RB,-1,-0.8551877059823721,absolute
2022-09-30,government_bond,T,1,0.7914192486922932,absolute
2022-10-14,agriculture,M,1,1.401311532790017,strongest
2022-10-14,agriculture,CF,-1,-0.6080459000825799,weakest
2022-10-14,base_metal,AL,-1,-0.6799321971857285,absolute
2022-10-14,chemical_energy,SC,1,0.8897995256200949,strongest
2022-10-14,chemical_energy,FG,-1,-1.1397541100050215,weakest
2022-10-14,ferrous,RB,-1,-1.0045577068560076,absolute
2022-10-14,government_bond,T,1,1.1076776869962617,absolute
2022-10-21,agriculture,M,1,1.442156780503774,strongest
2022-10-21,agriculture,CF,-1,-1.4178632140201963,weakest
2022-10-21,base_metal,AL,-1,-0.8854154600645446,absolute
2022-10-21,chemical_energy,SP,1,0.9949622212230825,strongest
2022-10-21,chemical_energy,FG,-1,-1.369470903251151,weakest
2022-10-21,ferrous,RB,-1,-1.0601756128977062,absolute
2022-10-21,government_bond,T,1,1.255200324261916,absolute
2022-10-28,agriculture,M,1,1.562261482890674,strongest
2022-10-28,agriculture,CF,-1,-1.6524567435564992,weakest
2022-10-28,base_metal,AL,-1,-1.114799483876736,absolute
2022-10-28,chemical_energy,SP,1,1.1531959687803923,strongest
2022-10-28,chemical_energy,RU,-1,-1.6533071137360487,weakest
2022-10-28,ferrous,RB,-1,-1.1618012736763534,absolute
2022-10-28,government_bond,T,1,1.5332513149753682,absolute
2022-11-04,agriculture,M,1,1.6543486727774546,strongest
2022-11-04,agriculture,CF,-1,-1.4526716824674333,weakest
2022-11-04,base_metal,AL,-1,-0.5098797243153568,absolute
2022-11-04,chemical_energy,SP,1,1.254147714249972,strongest
2022-11-04,chemical_energy,RU,-1,-1.3651387821831977,weakest
2022-11-04,ferrous,RB,-1,-0.6818549905697474,absolute
2022-11-04,government_bond,T,1,1.3560530384099962,absolute
2022-11-11,agriculture,M,1,1.8460451496145234,strongest
2022-11-11,agriculture,CF,-1,-1.5379597519093844,weakest
2022-11-11,base_metal,AL,-1,-0.2140532010419719,absolute
2022-11-11,chemical_energy,SP,1,1.3217478586774438,strongest
2022-11-11,chemical_energy,RU,-1,-1.1119828024518061,weakest
2022-11-11,ferrous,RB,-1,-0.10884869666028547,absolute
2022-11-11,government_bond,T,1,1.05304047315712,absolute
2022-11-18,agriculture,M,1,1.765947776617426,strongest
2022-11-18,agriculture,CF,-1,-1.4425504001869198,weakest
2022-11-18,base_metal,AL,1,0.09932333942429682,absolute
2022-11-18,chemical_energy,SP,1,1.315350937176673,strongest
2022-11-18,chemical_energy,RU,-1,-0.9206116626766101,weakest
2022-11-18,ferrous,RB,-1,-0.06866656781816954,absolute
2022-11-18,government_bond,T,1,0.6401933147268608,absolute
2022-11-25,agriculture,M,1,1.864612100699101,strongest
2022-11-25,agriculture,CF,-1,-1.5366516479072994,weakest
2022-11-25,base_metal,AL,1,0.11398133635893923,absolute
2022-11-25,chemical_energy,SP,1,1.5146462175736275,strongest
2022-11-25,chemical_energy,RU,-1,-1.1905651451786812,weakest
2022-11-25,ferrous,RB,1,0.053166530498515586,absolute
2022-11-25,government_bond,T,1,0.7459349434670706,absolute
2022-12-02,agriculture,M,1,1.7730414518082342,strongest
2022-12-02,agriculture,CF,-1,-1.4390348511293325,weakest
2022-12-02,base_metal,AL,1,0.097622195885481,absolute
2022-12-02,chemical_energy,SP,1,1.398627378354427,strongest
2022-12-02,chemical_energy,RU,-1,-1.3925541477834853,weakest
2022-12-02,ferrous,RB,-1,-0.02674166717324565,absolute
2022-12-02,government_bond,T,1,0.6961941546420584,absolute
2022-12-09,agriculture,M,1,1.9811961644989085,strongest
2022-12-09,agriculture,CF,-1,-1.0426717160831462,weakest
2022-12-09,base_metal,AL,1,0.15115027659096045,absolute
2022-12-09,chemical_energy,SP,1,1.1957594414296682,strongest
2022-12-09,chemical_energy,RU,-1,-1.0926447132694972,weakest
2022-12-09,ferrous,RB,1,0.034818752886756864,absolute
2022-12-09,government_bond,T,1,0.5959904420371295,absolute
2022-12-16,agriculture,M,1,1.8135779630488893,strongest
2022-12-16,agriculture,CF,-1,-1.251451135850556,weakest
2022-12-16,base_metal,AL,1,0.06438961160419097,absolute
2022-12-16,chemical_energy,SP,1,0.8312456711713027,strongest
2022-12-16,chemical_energy,RU,-1,-0.9934650372927093,weakest
2022-12-16,ferrous,RB,-1,-0.12171769970656743,absolute
2022-12-16,government_bond,T,1,0.846438479503885,absolute
2022-12-23,agriculture,M,1,1.8226471329727452,strongest
2022-12-23,agriculture,CF,-1,-1.2352042241726564,weakest
2022-12-23,base_metal,AL,-1,-0.03871059371812781,absolute
2022-12-23,chemical_energy,SP,1,0.9812584701878603,strongest
2022-12-23,chemical_energy,RU,-1,-1.2933317042626815,weakest
2022-12-23,ferrous,RB,-1,-0.10086870154685013,absolute
2022-12-23,government_bond,T,1,0.9083519578232429,absolute
2022-12-30,agriculture,M,1,1.8848433399410742,strongest
2022-12-30,agriculture,CF,-1,-1.218666495440943,weakest
2022-12-30,base_metal,AL,-1,-0.10341025111856966,absolute
2022-12-30,chemical_energy,SP,1,1.2032586776383334,strongest
2022-12-30,chemical_energy,RU,-1,-1.0709973617319566,weakest
2022-12-30,ferrous,RB,-1,-0.09336534286626127,absolute
2022-12-30,government_bond,T,1,0.8127881503413499,absolute
2023-01-06,agriculture,M,1,1.6488587857662502,strongest
2023-01-06,agriculture,CF,-1,-1.250910167091334,weakest
2023-01-06,base_metal,AL,-1,-0.294314910798114,absolute
2023-01-06,chemical_energy,SP,1,0.9950900465967081,strongest
2023-01-06,chemical_energy,RU,-1,-1.058479982834828,weakest
2023-01-06,ferrous,RB,1,0.05125689803950617,absolute
2023-01-06,government_bond,T,1,0.729967157719225,absolute
2023-01-13,agriculture,M,1,1.755412698897153,strongest
2023-01-13,agriculture,CF,-1,-1.4186012941795816,weakest
2023-01-13,base_metal,AL,-1,-0.2700908921355202,absolute
2023-01-13,chemical_energy,SP,1,0.7096676166809142,strongest
2023-01-13,chemical_energy,RU,-1,-1.118021390164758,weakest
2023-01-13,ferrous,RB,1,0.032195138874524215,absolute
2023-01-13,government_bond,T,1,0.5141566624010814,absolute
2023-01-20,agriculture,M,1,1.6936534066336184,strongest
2023-01-20,agriculture,CF,-1,-1.422167018672154,weakest
2023-01-20,base_metal,AL,-1,-0.35135160502700336,absolute
2023-01-20,chemical_energy,SP,1,0.8719472814499637,strongest
2023-01-20,chemical_energy,RU,-1,-1.0980985065925604,weakest
2023-01-20,ferrous,RB,-1,-0.1316959211796407,absolute
2023-01-20,government_bond,T,1,0.4202710274699938,absolute
2023-02-03,agriculture,M,1,1.8265500984568286,strongest
2023-02-03,agriculture,CF,-1,-1.4664875762554466,weakest
2023-02-03,base_metal,AL,-1,-0.3861381270473825,absolute
2023-02-03,chemical_energy,SP,1,0.91218532030199,strongest
2023-02-03,chemical_energy,RU,-1,-1.306815098498606,weakest
2023-02-03,ferrous,RB,-1,-0.24934277597706,absolute
2023-02-03,government_bond,T,1,0.5211895847653385,absolute
2023-02-10,agriculture,M,1,1.6846073985757128,strongest
2023-02-10,agriculture,CF,-1,-1.6571257362354324,weakest
2023-02-10,base_metal,AL,-1,-0.4314605752213688,absolute
2023-02-10,chemical_energy,SP,1,0.8879145698491391,strongest
2023-02-10,chemical_energy,FG,-1,-1.3285134290719223,weakest
2023-02-10,ferrous,RB,-1,-0.3423279962180898,absolute
2023-02-10,government_bond,T,1,0.3992699419611845,absolute
2023-02-17,agriculture,M,1,1.231193426166356,strongest
2023-02-17,agriculture,CF,-1,-1.7861540276673957,weakest
2023-02-17,base_metal,AL,-1,-0.8198153023445883,absolute
2023-02-17,chemical_energy,SP,1,0.6089421653573475,strongest
2023-02-17,chemical_energy,FG,-1,-1.774088148926246,weakest
2023-02-17,ferrous,RB,-1,-0.43008036403714717,absolute
2023-02-17,government_bond,T,1,0.579750056359522,absolute
2023-02-24,agriculture,M,1,1.2830447777123795,strongest
2023-02-24,agriculture,CF,-1,-1.6616808666845835,weakest
2023-02-24,base_metal,AL,-1,-0.809230898553973,absolute
2023-02-24,chemical_energy,SP,1,0.5447705931950536,strongest
2023-02-24,chemical_energy,FG,-1,-1.6668492076384176,weakest
2023-02-24,ferrous,RB,-1,-0.21932131008271719,absolute
2023-02-24,government_bond,T,1,0.7819197026729189,absolute
2023-03-03,agriculture,M,1,0.9646885537070069,strongest
2023-03-03,agriculture,CF,-1,-1.5117657973323138,weakest
2023-03-03,base_metal,AL,-1,-0.8350070206196745,absolute
2023-03-03,chemical_energy,SP,1,0.412892204462812,strongest
2023-03-03,chemical_energy,FG,-1,-1.300428529582327,weakest
2023-03-03,ferrous,RB,-1,-0.18561250095612508,absolute
2023-03-03,government_bond,T,1,0.959911311669862,absolute
2023-03-10,agriculture,M,1,0.998417830161298,strongest
2023-03-10,agriculture,CF,-1,-1.532395778139615,weakest
2023-03-10,base_metal,AL,-1,-0.9110156786585618,absolute
2023-03-10,chemical_energy,UR,1,0.19610175498289462,strongest
2023-03-10,chemical_energy,RU,-1,-1.2025657467735118,weakest
2023-03-10,ferrous,RB,-1,-0.24578074533161143,absolute
2023-03-10,government_bond,T,1,1.0786267867007426,absolute
2023-03-17,agriculture,M,1,0.6187663440888551,strongest
2023-03-17,agriculture,CF,-1,-1.7906993380804084,weakest
2023-03-17,base_metal,AL,-1,-1.049721458535134,absolute
2023-03-17,chemical_energy,RU,-1,-1.2987754751600378,weakest
2023-03-17,ferrous,RB,-1,-0.4110261404499366,absolute
2023-03-17,government_bond,T,1,1.1342687822727855,absolute
2023-03-24,agriculture,AP,1,0.8743521912053702,strongest
2023-03-24,agriculture,CF,-1,-1.7012411164764085,weakest
2023-03-24,base_metal,AL,-1,-0.6564927003616854,absolute
2023-03-24,chemical_energy,RU,-1,-1.2131781993486022,weakest
2023-03-24,ferrous,RB,-1,-0.3725461740654452,absolute
2023-03-24,government_bond,T,1,1.0400154498290677,absolute
2023-03-31,agriculture,SR,1,0.9558323268421276,strongest
2023-03-31,agriculture,CF,-1,-1.7326990428768334,weakest
2023-03-31,base_metal,AL,-1,-0.9502611072950667,absolute
2023-03-31,chemical_energy,RU,-1,-1.147059321654945,weakest
2023-03-31,ferrous,RB,-1,-0.4850848547100134,absolute
2023-03-31,government_bond,T,1,1.2022209156980475,absolute
2023-04-07,agriculture,SR,1,1.2704413795635467,strongest
2023-04-07,agriculture,CF,-1,-1.7087191522371725,weakest
2023-04-07,base_metal,AL,-1,-0.9774662453341701,absolute
2023-04-07,chemical_energy,RU,-1,-1.3009504396096432,weakest
2023-04-07,ferrous,RB,-1,-0.7454703513485849,absolute
2023-04-07,government_bond,T,1,1.0939687004407814,absolute
2023-04-14,agriculture,SR,1,1.2124718528831513,strongest
2023-04-14,agriculture,CF,-1,-1.682844168653621,weakest
2023-04-14,base_metal,AL,-1,-0.8433305324242628,absolute
2023-04-14,chemical_energy,RU,-1,-1.4181033028783256,weakest
2023-04-14,ferrous,RB,-1,-0.9244931908174374,absolute
2023-04-14,government_bond,T,1,1.0688813678631486,absolute
2023-04-21,agriculture,SR,1,1.3817146513724505,strongest
2023-04-21,agriculture,CF,-1,-1.6154924524261218,weakest
2023-04-21,base_metal,AL,-1,-0.4938363883597987,absolute
2023-04-21,chemical_energy,RU,-1,-1.09810744184904,weakest
2023-04-21,ferrous,RB,-1,-0.8302919534659292,absolute
2023-04-21,government_bond,T,1,1.13866915663937,absolute
2023-04-28,agriculture,SR,1,1.4884952582724962,strongest
2023-04-28,agriculture,CF,-1,-1.4415799124609558,weakest
2023-04-28,base_metal,AL,-1,-0.7438957291918488,absolute
2023-04-28,chemical_energy,RU,-1,-1.1481920130481604,weakest
2023-04-28,ferrous,RB,-1,-1.1786974344746357,absolute
2023-04-28,government_bond,T,1,1.4875341205434827,absolute
2023-05-05,agriculture,SR,1,1.3271821982672571,strongest
2023-05-05,agriculture,CF,-1,-1.3186824570057392,weakest
2023-05-05,base_metal,AL,-1,-0.8154442312438253,absolute
2023-05-05,chemical_energy,RU,-1,-1.0036805548507255,weakest
2023-05-05,ferrous,RB,-1,-1.0783680563651254,absolute
2023-05-05,government_bond,T,1,1.6748966200699444,absolute
2023-05-12,agriculture,SR,1,1.3073711924711535,strongest
2023-05-12,agriculture,P,-1,-1.6758393762119443,weakest
2023-05-12,base_metal,AL,-1,-0.695936604252713,absolute
2023-05-12,chemical_energy,UR,-1,-0.9063480887060625,weakest
2023-05-12,ferrous,RB,-1,-1.0783719313651758,absolute
2023-05-12,government_bond,T,1,1.6295261213477439,absolute
2023-05-19,agriculture,SR,1,1.5572308577372729,strongest
2023-05-19,agriculture,P,-1,-1.475683562429002,weakest
2023-05-19,base_metal,AL,-1,-0.36929396828809335,absolute
2023-05-19,chemical_energy,UR,-1,-1.006491588428234,weakest
2023-05-19,ferrous,RB,-1,-0.7897584191474407,absolute
2023-05-19,government_bond,T,1,1.521322482053423,absolute
2023-05-26,agriculture,SR,1,1.362112095755204,strongest
2023-05-26,agriculture,P,-1,-1.4460520736805134,weakest
2023-05-26,base_metal,AL,-1,-0.4206780107763199,absolute
2023-05-26,chemical_energy,UR,-1,-1.2127870411401687,weakest
2023-05-26,ferrous,RB,-1,-0.7916385107729441,absolute
2023-05-26,government_bond,T,1,1.46010099180374,absolute
2023-06-02,agriculture,SR,1,1.0909071123550567,strongest
2023-06-02,agriculture,P,-1,-1.686023271440656,weakest
2023-06-02,base_metal,AL,-1,-0.3779587447067554,absolute
2023-06-02,chemical_energy,MA,-1,-1.0919547457998906,weakest
2023-06-02,ferrous,RB,-1,-0.7008340597092468,absolute
2023-06-02,government_bond,T,1,1.3318988278126993,absolute
2023-06-09,agriculture,SR,1,1.3166434685349517,strongest
2023-06-09,agriculture,P,-1,-1.6475869621844919,weakest
2023-06-09,base_metal,AL,-1,-0.33761305191905305,absolute
2023-06-09,chemical_energy,MA,-1,-1.3957626887879897,weakest
2023-06-09,ferrous,RB,-1,-0.762386131400327,absolute
2023-06-09,government_bond,T,1,1.6383483417121434,absolute
2023-06-16,agriculture,SR,1,1.257922762690523,strongest
2023-06-16,agriculture,P,-1,-1.359390507551711,weakest
2023-06-16,base_metal,AL,-1,-0.4315325152215039,absolute
2023-06-16,chemical_energy,MA,-1,-1.396519723959168,weakest
2023-06-16,ferrous,RB,-1,-0.7531514814152858,absolute
2023-06-16,government_bond,T,1,1.478295603227773,absolute
2023-06-21,agriculture,SR,1,1.360092848186168,strongest
2023-06-21,agriculture,LH,-1,-1.4711345280597403,weakest
2023-06-21,base_metal,AL,-1,-0.27550304370631934,absolute
2023-06-21,chemical_energy,MA,-1,-1.4398601546834808,weakest
2023-06-21,ferrous,RB,-1,-0.6928186978157849,absolute
2023-06-21,government_bond,T,1,1.5620277687258062,absolute
2023-06-30,agriculture,SR,1,1.142951454602061,strongest
2023-06-30,agriculture,LH,-1,-1.5941997043341314,weakest
2023-06-30,base_metal,AL,-1,-0.2605081387308268,absolute
2023-06-30,chemical_energy,MA,-1,-0.943406403792558,weakest
2023-06-30,ferrous,RB,-1,-0.25030994195422546,absolute
2023-06-30,government_bond,T,1,1.7493886668401666,absolute
2023-07-07,agriculture,M,1,1.2337311753324491,strongest
2023-07-07,agriculture,LH,-1,-1.7538240069109243,weakest
2023-07-07,base_metal,AL,-1,-0.24538769561741108,absolute
2023-07-07,chemical_energy,MA,-1,-0.8582857015904533,weakest
2023-07-07,ferrous,RB,-1,-0.4504419667741733,absolute
2023-07-07,government_bond,T,1,1.951058865829258,absolute
2023-07-14,agriculture,SR,1,1.5001102881191137,strongest
2023-07-14,agriculture,LH,-1,-2.2652233592457147,weakest
2023-07-14,base_metal,AL,1,0.17497722256420908,absolute
2023-07-14,chemical_energy,FG,1,0.07346890593958592,strongest
2023-07-14,chemical_energy,RU,-1,-0.6381934034899777,weakest
2023-07-14,ferrous,RB,-1,-0.21366909716148347,absolute
2023-07-14,government_bond,T,1,1.9008462285144023,absolute
2023-07-21,agriculture,M,1,1.4085075954004636,strongest
2023-07-21,agriculture,LH,-1,-2.4163479682709563,weakest
2023-07-21,base_metal,AL,1,0.4585957897872753,absolute
2023-07-21,chemical_energy,UR,1,0.5789994799898265,strongest
2023-07-21,chemical_energy,RU,-1,-0.6997665283188514,weakest
2023-07-21,ferrous,RB,1,0.21872402462449902,absolute
2023-07-21,government_bond,T,1,1.8796680541533113,absolute
2023-07-28,agriculture,M,1,1.6542903778892155,strongest
2023-07-28,agriculture,LH,-1,-1.962720925322793,weakest
2023-07-28,base_metal,AL,1,0.3867643121709932,absolute
2023-07-28,chemical_energy,UR,1,0.9741444607936565,strongest
2023-07-28,chemical_energy,RU,-1,-0.34016020017251236,weakest
2023-07-28,ferrous,RB,1,0.4378589299727989,absolute
2023-07-28,government_bond,T,1,1.6128670508533909,absolute
2023-08-04,agriculture,M,1,1.784782621571113,strongest
2023-08-04,agriculture,LH,-1,-1.606321702744382,weakest
2023-08-04,base_metal,AL,1,0.4001932535783973,absolute
2023-08-04,chemical_energy,UR,1,0.8258481299565916,strongest
2023-08-04,chemical_energy,RU,-1,-0.549630001743294,weakest
2023-08-04,ferrous,RB,1,0.15324923631589887,absolute
2023-08-04,government_bond,T,1,1.5502542987129637,absolute
2023-08-11,agriculture,M,1,1.892166905125913,strongest
2023-08-11,agriculture,LH,-1,-1.7746690418180553,weakest
2023-08-11,base_metal,AL,1,0.36711034671986453,absolute
2023-08-11,chemical_energy,UR,1,0.8146200907124175,strongest
2023-08-11,chemical_energy,SP,-1,-0.7768342930724726,weakest
2023-08-11,ferrous,RB,-1,-0.17351280171288663,absolute
2023-08-11,government_bond,T,1,1.4570127094836274,absolute
2023-08-18,agriculture,M,1,2.051823466848707,strongest
2023-08-18,agriculture,LH,-1,-1.7228133922852804,weakest
2023-08-18,base_metal,AL,1,0.20615107712891664,absolute
2023-08-18,chemical_energy,UR,1,0.7349921649924339,strongest
2023-08-18,chemical_energy,SP,-1,-0.7469459743642193,weakest
2023-08-18,ferrous,RB,-1,-0.14514534722262776,absolute
2023-08-18,government_bond,T,1,1.6759631862612145,absolute
2023-08-25,agriculture,M,1,2.0946905928319675,strongest
2023-08-25,agriculture,LH,-1,-1.7064455647335317,weakest
2023-08-25,base_metal,AL,1,0.3907706464631311,absolute
2023-08-25,chemical_energy,UR,1,0.910413973155347,strongest
2023-08-25,chemical_energy,SP,-1,-0.4504970161422162,weakest
2023-08-25,ferrous,RB,-1,-0.20663039802690483,absolute
2023-08-25,government_bond,T,1,1.4358815504989075,absolute
2023-09-01,agriculture,SR,1,1.953494101885544,strongest
2023-09-01,agriculture,LH,-1,-1.9858914924256568,weakest
2023-09-01,base_metal,AL,1,0.5014977419445255,absolute
2023-09-01,chemical_energy,FG,1,1.0514015603576823,strongest
2023-09-01,chemical_energy,SP,-1,-0.4642564068670344,weakest
2023-09-01,ferrous,RB,1,0.0026618820564552606,absolute
2023-09-01,government_bond,T,1,1.3046576928550306,absolute
2023-09-08,agriculture,SR,1,2.0579354212175005,strongest
2023-09-08,agriculture,LH,-1,-2.1269134011020845,weakest
2023-09-08,base_metal,AL,1,0.477555435087993,absolute
2023-09-08,chemical_energy,FG,1,0.8744495618269292,strongest
2023-09-08,chemical_energy,SP,-1,-0.5839184305771502,weakest
2023-09-08,ferrous,RB,1,0.10188465430896437,absolute
2023-09-08,government_bond,T,1,1.111323532188873,absolute
2023-09-15,agriculture,M,1,1.904155706023476,strongest
2023-09-15,agriculture,LH,-1,-1.8555595805623508,weakest
2023-09-15,base_metal,AL,1,0.5645105028129974,absolute
2023-09-15,chemical_energy,FG,1,0.7979182239162411,strongest
2023-09-15,chemical_energy,SP,-1,-0.5993750581758512,weakest
2023-09-15,ferrous,RB,1,0.2038293573588237,absolute
2023-09-15,government_bond,T,1,1.055426084091218,absolute
2023-09-22,agriculture,SR,1,1.691699212490661,strongest
2023-09-22,agriculture,LH,-1,-2.0166212765121316,weakest
2023-09-22,base_metal,AL,1,0.6314669110693908,absolute
2023-09-22,chemical_energy,FG,1,0.8070189688355265,strongest
2023-09-22,chemical_energy,MA,-1,-0.47514186501584726,weakest
2023-09-22,ferrous,RB,1,0.07768309048284562,absolute
2023-09-22,government_bond,T,1,1.1635488748268865,absolute
2023-09-28,agriculture,SR,1,1.758797733882362,strongest
2023-09-28,agriculture,LH,-1,-1.9446210947679456,weakest
2023-09-28,base_metal,AL,1,0.6362606062008201,absolute
2023-09-28,chemical_energy,FG,1,0.685827324366836,strongest
2023-09-28,chemical_energy,MA,-1,-0.4894118840064454,weakest
2023-09-28,ferrous,RB,1,0.06797725935030845,absolute
2023-09-28,government_bond,T,1,1.1604136978284438,absolute
2023-10-13,agriculture,SR,1,1.6216496903815274,strongest
2023-10-13,agriculture,LH,-1,-2.088692852656412,weakest
2023-10-13,base_metal,AL,1,0.6016612191056869,absolute
2023-10-13,chemical_energy,FG,1,0.506990948211293,strongest
2023-10-13,chemical_energy,MA,-1,-0.6907571625164995,weakest
2023-10-13,ferrous,RB,-1,-0.2721821486956882,absolute
2023-10-13,government_bond,T,1,1.2922845241404806,absolute
2023-10-20,agriculture,SR,1,1.6355505415160647,strongest
2023-10-20,agriculture,LH,-1,-2.540082234055817,weakest
2023-10-20,base_metal,AL,1,0.49676867504245587,absolute
2023-10-20,chemical_energy,UR,1,0.5477142433451411,strongest
2023-10-20,chemical_energy,MA,-1,-0.7824590375858337,weakest
2023-10-20,ferrous,RB,-1,-0.20183849533031215,absolute
2023-10-20,government_bond,T,1,1.2816808698455824,absolute
2023-10-27,agriculture,M,1,1.5170546303260684,strongest
2023-10-27,agriculture,LH,-1,-2.629906953697137,weakest
2023-10-27,base_metal,AL,1,0.5961131549422338,absolute
2023-10-27,chemical_energy,UR,1,0.773130769592733,strongest
2023-10-27,chemical_energy,MA,-1,-0.5797753461896519,weakest
2023-10-27,ferrous,RB,1,0.0906457452285063,absolute
2023-10-27,government_bond,T,1,1.175246887909473,absolute
2023-11-03,agriculture,SR,1,1.7363124679295125,strongest
2023-11-03,agriculture,LH,-1,-2.447891961815014,weakest
2023-11-03,base_metal,AL,1,0.6219175130236362,absolute
2023-11-03,chemical_energy,UR,1,1.0409762573578385,strongest
2023-11-03,chemical_energy,SP,-1,-0.4763269155049515,weakest
2023-11-03,ferrous,RB,1,0.3502204222409438,absolute
2023-11-03,government_bond,T,1,1.392437407842927,absolute
2023-11-10,agriculture,SR,1,1.8713997538070801,strongest
2023-11-10,agriculture,LH,-1,-2.2952880576482464,weakest
2023-11-10,base_metal,AL,1,0.8115332650019511,absolute
2023-11-10,chemical_energy,FG,1,1.080085050651822,strongest
2023-11-10,chemical_energy,SP,-1,-0.5807002188849689,weakest
2023-11-10,ferrous,RB,1,0.5892181568494609,absolute
2023-11-10,government_bond,T,1,1.2921261094333145,absolute
2023-11-17,agriculture,SR,1,1.6546698937312407,strongest
2023-11-17,agriculture,LH,-1,-2.3247091948143064,weakest
2023-11-17,base_metal,AL,1,0.5121036560691316,absolute
2023-11-17,chemical_energy,FG,1,0.9688977317477528,strongest
2023-11-17,chemical_energy,SC,-1,-0.6071913141723709,weakest
2023-11-17,ferrous,RB,1,0.5360579105528488,absolute
2023-11-17,government_bond,T,1,1.317820945435392,absolute
2023-11-24,agriculture,SR,1,1.4932072635515161,strongest
2023-11-24,agriculture,LH,-1,-2.438418374784024,weakest
2023-11-24,base_metal,AL,1,0.3075233296695437,absolute
2023-11-24,chemical_energy,FG,1,0.9277068613493211,strongest
2023-11-24,chemical_energy,SP,-1,-0.635720317479237,weakest
2023-11-24,ferrous,RB,1,0.43312335979625294,absolute
2023-11-24,government_bond,T,1,1.6482011672774912,absolute
2023-12-01,agriculture,SR,1,1.2940059710520118,strongest
2023-12-01,agriculture,LH,-1,-2.4890421049530858,weakest
2023-12-01,base_metal,AL,1,0.2305900272370022,absolute
2023-12-01,chemical_energy,FG,1,1.3434586921851606,strongest
2023-12-01,chemical_energy,SP,-1,-1.028159318239341,weakest
2023-12-01,ferrous,RB,1,0.378722433600216,absolute
2023-12-01,government_bond,T,1,1.732986898534135,absolute
2023-12-08,agriculture,M,1,1.2247062905898596,strongest
2023-12-08,agriculture,LH,-1,-2.3822795917065993,weakest
2023-12-08,base_metal,AL,1,0.14376784204300652,absolute
2023-12-08,chemical_energy,FG,1,1.1371123895814532,strongest
2023-12-08,chemical_energy,SP,-1,-0.810598634820641,weakest
2023-12-08,ferrous,RB,1,0.37101540339111244,absolute
2023-12-08,government_bond,T,1,2.0622113238460864,absolute
2023-12-15,agriculture,M,1,1.2001729890561366,strongest
2023-12-15,agriculture,LH,-1,-2.5267729660300775,weakest
2023-12-15,base_metal,AL,1,0.1826276071031118,absolute
2023-12-15,chemical_energy,FG,1,0.8613979935167572,strongest
2023-12-15,chemical_energy,SP,-1,-1.1155508598446482,weakest
2023-12-15,ferrous,RB,1,0.10132270056221243,absolute
2023-12-15,government_bond,T,1,2.2118329129623144,absolute
2023-12-22,agriculture,M,1,0.9536559320581671,strongest
2023-12-22,agriculture,LH,-1,-1.9984381020899025,weakest
2023-12-22,base_metal,AL,1,0.5562020457985022,absolute
2023-12-22,chemical_energy,FG,1,0.9600971553130822,strongest
2023-12-22,chemical_energy,SP,-1,-1.0628474409593756,weakest
2023-12-22,ferrous,RB,1,0.0455784053858745,absolute
2023-12-22,government_bond,T,1,2.178312058130269,absolute
2023-12-29,agriculture,M,1,1.1061406224795836,strongest
2023-12-29,agriculture,LH,-1,-1.9480775101249175,weakest
2023-12-29,base_metal,AL,1,0.7553031263748025,absolute
2023-12-29,chemical_energy,FG,1,0.9986721439172107,strongest
2023-12-29,chemical_energy,SP,-1,-0.8758695503575213,weakest
2023-12-29,ferrous,RB,1,0.04100826931206799,absolute
2023-12-29,government_bond,T,1,2.120502503414779,absolute
2024-01-05,agriculture,SR,1,0.882460841886645,strongest
2024-01-05,agriculture,LH,-1,-2.411763307146556,weakest
2024-01-05,base_metal,AL,1,0.566670208610366,absolute
2024-01-05,chemical_energy,FG,1,0.867608750912647,strongest
2024-01-05,chemical_energy,SP,-1,-0.9035639235345357,weakest
2024-01-05,ferrous,RB,-1,-0.0917542484856206,absolute
2024-01-05,government_bond,T,1,2.079693080880607,absolute
2024-01-12,agriculture,SR,1,0.8331845598718974,strongest
2024-01-12,agriculture,LH,-1,-2.103023266051518,weakest
2024-01-12,base_metal,AL,1,0.6745274721658242,absolute
2024-01-12,chemical_energy,FG,1,0.4355044361145908,strongest
2024-01-12,chemical_energy,SP,-1,-0.9298826617167965,weakest
2024-01-12,ferrous,RB,-1,-0.2909799567262287,absolute
2024-01-12,government_bond,T,1,1.949659227954552,absolute
2024-01-19,agriculture,SR,1,1.1309205308523729,strongest
2024-01-19,agriculture,LH,-1,-2.008472422935887,weakest
2024-01-19,base_metal,AL,1,0.5751628056526792,absolute
2024-01-19,chemical_energy,FG,1,0.5018456573371869,strongest
2024-01-19,chemical_energy,SP,-1,-0.7153423926093347,weakest
2024-01-19,ferrous,RB,-1,-0.36464275804953666,absolute
2024-01-19,government_bond,T,1,2.22465082124672,absolute
2024-01-26,agriculture,SR,1,1.1701367249699912,strongest
2024-01-26,agriculture,LH,-1,-1.8166165302764699,weakest
2024-01-26,base_metal,AL,1,0.5582820763315044,absolute
2024-01-26,chemical_energy,FG,1,0.62867843069933,strongest
2024-01-26,chemical_energy,SP,-1,-0.7990132262719162,weakest
2024-01-26,ferrous,RB,-1,-0.2731040247447911,absolute
2024-01-26,government_bond,T,1,2.403865278785365,absolute
2024-02-02,agriculture,SR,1,0.9773006589490241,strongest
2024-02-02,agriculture,LH,-1,-1.8737238087588717,weakest
2024-02-02,base_metal,AL,1,0.3422896042794002,absolute
2024-02-02,chemical_energy,FG,1,0.6013736160582185,strongest
2024-02-02,chemical_energy,SP,-1,-1.26702562917581,weakest
2024-02-02,ferrous,RB,-1,-0.5330790137469366,absolute
2024-02-02,government_bond,T,1,2.454711602158215,absolute
2024-02-08,agriculture,SR,1,1.0447119984541466,strongest
2024-02-08,agriculture,LH,-1,-1.9238278001811173,weakest
2024-02-08,base_metal,AL,1,0.3264362485824972,absolute
2024-02-08,chemical_energy,FG,1,0.7570687621094537,strongest
2024-02-08,chemical_energy,SP,-1,-1.3071211846947515,weakest
2024-02-08,ferrous,RB,-1,-0.34927243110899187,absolute
2024-02-08,government_bond,T,1,2.2577588118522085,absolute
2024-02-23,agriculture,CF,1,0.7958034943843211,strongest
2024-02-23,agriculture,LH,-1,-1.9653981740301294,weakest
2024-02-23,base_metal,AL,1,0.5287548115233104,absolute
2024-02-23,chemical_energy,FG,1,0.6177221110007934,strongest
2024-02-23,chemical_energy,SP,-1,-0.9080904647397593,weakest
2024-02-23,ferrous,RB,-1,-0.36278059065188106,absolute
2024-02-23,government_bond,T,1,2.3603979873843444,absolute
2024-03-01,agriculture,CF,1,0.7088244542675299,strongest
2024-03-01,agriculture,LH,-1,-2.057286063764267,weakest
2024-03-01,base_metal,AL,1,0.48711081797616923,absolute
2024-03-01,chemical_energy,FG,1,0.514393667338905,strongest
2024-03-01,chemical_energy,SP,-1,-0.8354781544582024,weakest
2024-03-01,ferrous,RB,-1,-0.6965286354604425,absolute
2024-03-01,government_bond,T,1,2.357973013216739,absolute
2024-03-08,agriculture,M,1,0.8524744610077009,strongest
2024-03-08,agriculture,LH,-1,-1.912109549428239,weakest
2024-03-08,base_metal,AL,1,0.7807210704573286,absolute
2024-03-08,chemical_energy,SC,1,0.5464771227907887,strongest
2024-03-08,chemical_energy,SP,-1,-0.626382595287049,weakest
2024-03-08,ferrous,RB,-1,-0.8217378021586415,absolute
2024-03-08,government_bond,T,1,2.4130115419635763,absolute
2024-03-15,agriculture,M,1,1.0031360554858315,strongest
2024-03-15,agriculture,LH,-1,-1.802063263982655,weakest
2024-03-15,base_metal,AL,1,0.7319560163633619,absolute
2024-03-15,chemical_energy,RU,1,0.5241215013092129,strongest
2024-03-15,chemical_energy,SP,-1,-0.5254577643813483,weakest
2024-03-15,ferrous,RB,-1,-1.1491693360776418,absolute
2024-03-15,government_bond,T,1,2.182160774896081,absolute
2024-03-22,agriculture,M,1,0.988620229643162,strongest
2024-03-22,agriculture,LH,-1,-1.3946875772823437,weakest
2024-03-22,base_metal,AL,1,0.8553284714779021,absolute
2024-03-22,chemical_energy,SC,1,0.6149343715406994,strongest
2024-03-22,chemical_energy,SP,-1,-0.17030588123385038,weakest
2024-03-22,ferrous,RB,-1,-1.212401099675,absolute
2024-03-22,government_bond,T,1,2.0376236234719944,absolute
2024-03-29,agriculture,M,1,1.220797071982385,strongest
2024-03-29,agriculture,LH,-1,-1.6023400100302343,weakest
2024-03-29,base_metal,AL,1,1.1865026206931235,absolute
2024-03-29,chemical_energy,SC,1,1.1497818350562619,strongest
2024-03-29,chemical_energy,MA,-1,-0.07987065287471219,weakest
2024-03-29,ferrous,RB,-1,-1.2661010661298961,absolute
2024-03-29,government_bond,T,1,2.0477417136481435,absolute
2024-04-03,agriculture,M,1,1.264805148185,strongest
2024-04-03,agriculture,LH,-1,-1.5511091938933483,weakest
2024-04-03,base_metal,AL,1,1.1775807256789466,absolute
2024-04-03,chemical_energy,SC,1,1.0943091863156096,strongest
2024-04-03,chemical_energy,MA,-1,-0.019962669323072408,weakest
2024-04-03,ferrous,RB,-1,-1.066289586835372,absolute
2024-04-03,government_bond,T,1,2.0551410279052926,absolute
2024-04-12,agriculture,M,1,1.329755974038435,strongest
2024-04-12,agriculture,LH,-1,-1.4958423719091893,weakest
2024-04-12,base_metal,AL,1,1.3096955183126713,absolute
2024-04-12,chemical_energy,SC,1,1.061914664133906,strongest
2024-04-12,ferrous,RB,-1,-0.949782016923997,absolute
2024-04-12,government_bond,T,1,2.208703515592971,absolute
2024-04-19,agriculture,M,1,1.3416359878699107,strongest
2024-04-19,agriculture,LH,-1,-1.33467180976483,weakest
2024-04-19,base_metal,AL,1,1.1026350739920086,absolute
2024-04-19,chemical_energy,UR,1,0.7337342782058055,strongest
2024-04-19,ferrous,RB,-1,-0.6792030706902198,absolute
2024-04-19,government_bond,T,1,2.2211587934983643,absolute
2024-04-26,agriculture,M,1,1.4464495676910707,strongest
2024-04-26,agriculture,LH,-1,-1.3554397566287975,weakest
2024-04-26,base_metal,AL,1,1.1948976656557286,absolute
2024-04-26,chemical_energy,UR,1,0.6565612579483638,strongest
2024-04-26,ferrous,RB,-1,-0.5222672380167045,absolute
2024-04-26,government_bond,T,1,1.915180160857899,absolute
2024-04-30,agriculture,M,1,1.4000209636894285,strongest
2024-04-30,agriculture,LH,-1,-1.616932243281333,weakest
2024-04-30,base_metal,AL,1,1.0575173899428434,absolute
2024-04-30,chemical_energy,UR,1,0.5577388223170642,strongest
2024-04-30,chemical_energy,FG,-1,-0.07292449862030338,weakest
2024-04-30,ferrous,RB,-1,-0.6538784662682933,absolute
2024-04-30,government_bond,T,1,1.852521734647233,absolute
2024-05-10,agriculture,M,1,1.835334124671445,strongest
2024-05-10,agriculture,LH,-1,-1.4728879796510486,weakest
2024-05-10,base_metal,AL,1,1.206188734438012,absolute
2024-05-10,chemical_energy,UR,1,0.7616759066666647,strongest
2024-05-10,chemical_energy,FG,-1,-0.06454367679147649,weakest
2024-05-10,ferrous,RB,-1,-0.23036180601571835,absolute
2024-05-10,government_bond,T,1,1.800394861118585,absolute
2024-05-17,agriculture,M,1,1.8057724754451,strongest
2024-05-17,agriculture,LH,-1,-1.3893244803306424,weakest
2024-05-17,base_metal,AL,1,1.5121667663355962,absolute
2024-05-17,chemical_energy,SC,1,0.9640936789193217,strongest
2024-05-17,ferrous,RB,-1,-0.042877528735669274,absolute
2024-05-17,government_bond,T,1,1.4773305866274704,absolute
2024-05-24,agriculture,M,1,1.7781290289386869,strongest
2024-05-24,agriculture,LH,-1,-1.3072185477745462,weakest
2024-05-24,base_metal,AL,1,1.6018458587130542,absolute
2024-05-24,chemical_energy,UR,1,1.0874218592546896,strongest
2024-05-24,ferrous,RB,1,0.14298418228273158,absolute
2024-05-24,government_bond,T,1,1.5432305148496415,absolute
2024-05-31,agriculture,M,1,1.7733132223553212,strongest
2024-05-31,agriculture,LH,-1,-1.267928846624124,weakest
2024-05-31,base_metal,AL,1,1.6367398113887937,absolute
2024-05-31,chemical_energy,UR,1,1.1614152852959256,strongest
2024-05-31,ferrous,RB,-1,-0.09938904712691754,absolute
2024-05-31,government_bond,T,1,1.5678756888550476,absolute
2024-06-07,agriculture,M,1,1.777471520435592,strongest
2024-06-07,agriculture,LH,-1,-1.3743638436156367,weakest
2024-06-07,base_metal,AL,1,1.5864142165688047,absolute
2024-06-07,chemical_energy,UR,1,1.279378645820572,strongest
2024-06-07,ferrous,RB,1,0.07010186318617424,absolute
2024-06-07,government_bond,T,1,1.7024631519586815,absolute
2024-06-14,agriculture,M,1,1.7308052950933834,strongest
2024-06-14,agriculture,LH,-1,-1.2081906116925063,weakest
2024-06-14,base_metal,AL,1,1.248141716874737,absolute
2024-06-14,chemical_energy,UR,1,1.1065741378932483,strongest
2024-06-14,ferrous,RB,-1,-0.05174117934043584,absolute
2024-06-14,government_bond,T,1,1.6049523535744739,absolute
2024-06-21,agriculture,M,1,1.4953726082343386,strongest
2024-06-21,agriculture,LH,-1,-1.2828835713827607,weakest
2024-06-21,base_metal,AL,1,1.2285816742255478,absolute
2024-06-21,chemical_energy,UR,1,1.2124126165267006,strongest
2024-06-21,ferrous,RB,-1,-0.3677555177427468,absolute
2024-06-21,government_bond,T,1,1.7123823796001658,absolute
2024-06-28,agriculture,M,1,1.3882535396909599,strongest
2024-06-28,agriculture,LH,-1,-1.4051517334769255,weakest
2024-06-28,base_metal,AL,1,1.0667737541829214,absolute
2024-06-28,chemical_energy,UR,1,1.2191519241761712,strongest
2024-06-28,ferrous,RB,-1,-0.5959387924364565,absolute
2024-06-28,government_bond,T,1,1.8382952882253631,absolute
2024-07-05,agriculture,M,1,1.0439006865835865,strongest
2024-07-05,agriculture,AP,-1,-1.156510131784769,weakest
2024-07-05,base_metal,AL,1,1.1974574267524274,absolute
2024-07-05,chemical_energy,UR,1,1.1439965722943424,strongest
2024-07-05,ferrous,RB,-1,-0.4153306521105334,absolute
2024-07-05,government_bond,T,1,1.7856725313609394,absolute
2024-07-12,agriculture,M,1,0.5258729815838369,strongest
2024-07-12,agriculture,LH,-1,-1.1606770479861819,weakest
2024-07-12,base_metal,AL,1,0.9853752580472348,absolute
2024-07-12,chemical_energy,UR,1,0.868656707507539,strongest
2024-07-12,ferrous,RB,-1,-0.6459286079287042,absolute
2024-07-12,government_bond,T,1,1.7551874620711934,absolute
2024-07-19,agriculture,P,1,0.48096215200443343,strongest
2024-07-19,agriculture,C,-1,-1.2762046079047131,weakest
2024-07-19,base_metal,AL,1,0.8577755105338396,absolute
2024-07-19,chemical_energy,UR,1,0.6780280547427424,strongest
2024-07-19,ferrous,RB,-1,-0.5269029029620543,absolute
2024-07-19,government_bond,T,1,1.8105437206741886,absolute
2024-07-26,agriculture,P,1,0.4658664188701207,strongest
2024-07-26,agriculture,C,-1,-1.3255231845801498,weakest
2024-07-26,base_metal,AL,1,0.5978107912285776,absolute
2024-07-26,chemical_energy,UR,1,0.6502910734489401,strongest
2024-07-26,chemical_energy,FG,-1,-0.1569718172832989,weakest
2024-07-26,ferrous,RB,-1,-0.7815560985999442,absolute
2024-07-26,government_bond,T,1,1.9350898383074264,absolute
2024-08-02,agriculture,P,1,0.5441120161625894,strongest
2024-08-02,agriculture,AP,-1,-1.291500177554388,weakest
2024-08-02,base_metal,AL,1,0.54679986911119,absolute
2024-08-02,chemical_energy,UR,1,0.6261229010402068,strongest
2024-08-02,chemical_energy,FG,-1,-0.14111629776879317,weakest
2024-08-02,ferrous,RB,-1,-0.9608265931440442,absolute
2024-08-02,government_bond,T,1,1.9793774347404525,absolute
2024-08-09,agriculture,P,1,0.431303748108145,strongest
2024-08-09,agriculture,CF,-1,-1.6254840292502502,weakest
2024-08-09,base_metal,AL,1,0.44876786080931963,absolute
2024-08-09,chemical_energy,RU,1,0.3814581412998087,strongest
2024-08-09,chemical_energy,FG,-1,-0.4017521854580827,weakest
2024-08-09,ferrous,RB,-1,-1.237449850809755,absolute
2024-08-09,government_bond,T,1,2.0290526686108836,absolute
2024-08-16,agriculture,P,1,0.3689173082092249,strongest
2024-08-16,agriculture,CF,-1,-1.749075552530483,weakest
2024-08-16,base_metal,AL,1,0.5057948494433907,absolute
2024-08-16,chemical_energy,RU,1,0.5509631597797234,strongest
2024-08-16,chemical_energy,FG,-1,-0.7577041852247497,weakest
2024-08-16,ferrous,RB,-1,-1.3809794916626121,absolute
2024-08-16,government_bond,T,1,1.6830957081021714,absolute
2024-08-23,agriculture,P,1,0.6315102698769792,strongest
2024-08-23,agriculture,CF,-1,-1.5578701689625987,weakest
2024-08-23,base_metal,AL,1,0.7838777757957145,absolute
2024-08-23,chemical_energy,RU,1,0.6762468112200417,strongest
2024-08-23,chemical_energy,FG,-1,-0.7605687159760426,weakest
2024-08-23,ferrous,RB,-1,-1.06674819794337,absolute
2024-08-23,government_bond,T,1,1.7128368945534873,absolute
2024-08-30,agriculture,P,1,0.5308209598020524,strongest
2024-08-30,agriculture,CF,-1,-1.4295127275458746,weakest
2024-08-30,base_metal,AL,1,0.6930036365632506,absolute
2024-08-30,chemical_energy,RU,1,0.7174434239820913,strongest
2024-08-30,chemical_energy,FG,-1,-0.911641983849196,weakest
2024-08-30,ferrous,RB,-1,-0.9779395999040266,absolute
2024-08-30,government_bond,T,1,1.3590766225238964,absolute
2024-09-06,agriculture,P,1,0.388536351136994,strongest
2024-09-06,agriculture,CF,-1,-1.8252482467698627,weakest
2024-09-06,base_metal,AL,1,0.3954824157825101,absolute
2024-09-06,chemical_energy,RU,1,0.6014353401376215,strongest
2024-09-06,chemical_energy,FG,-1,-1.0002137723841573,weakest
2024-09-06,ferrous,RB,-1,-1.3497492302237197,absolute
2024-09-06,government_bond,T,1,1.709052310540907,absolute
2024-09-13,agriculture,P,1,0.2959104060338758,strongest
2024-09-13,agriculture,C,-1,-1.8983147120489683,weakest
2024-09-13,base_metal,AL,1,0.4258820672455508,absolute
2024-09-13,chemical_energy,RU,1,0.46989492558100654,strongest
2024-09-13,chemical_energy,FG,-1,-1.6080632714302425,weakest
2024-09-13,ferrous,RB,-1,-1.28201715294032,absolute
2024-09-13,government_bond,T,1,2.1572345810232596,absolute
2024-09-20,agriculture,P,1,0.6601594079668023,strongest
2024-09-20,agriculture,C,-1,-2.058949868117226,weakest
2024-09-20,base_metal,AL,1,0.4519693603755626,absolute
2024-09-20,chemical_energy,RU,1,0.6400714159228704,strongest
2024-09-20,chemical_energy,FG,-1,-1.5649295870873374,weakest
2024-09-20,ferrous,RB,-1,-1.2839436226276344,absolute
2024-09-20,government_bond,T,1,2.3836372210399186,absolute
2024-09-27,agriculture,P,1,1.002832946352923,strongest
2024-09-27,agriculture,C,-1,-1.926770102452706,weakest
2024-09-27,base_metal,AL,1,0.5514224452395159,absolute
2024-09-27,chemical_energy,RU,1,0.8360976067721096,strongest
2024-09-27,chemical_energy,FG,-1,-1.1753764521118668,weakest
2024-09-27,ferrous,RB,-1,-0.9530943783907952,absolute
2024-09-27,government_bond,T,1,1.453878713713091,absolute
2024-09-30,agriculture,P,1,0.968210080311438,strongest
2024-09-30,agriculture,C,-1,-1.8328610685630413,weakest
2024-09-30,base_metal,AL,1,0.5430543965424705,absolute
2024-09-30,chemical_energy,RU,1,1.126282765251773,strongest
2024-09-30,chemical_energy,FG,-1,-0.9773834839160298,weakest
2024-09-30,ferrous,RB,-1,-0.6192324705116858,absolute
2024-09-30,government_bond,T,1,1.447125156399428,absolute
2024-10-11,agriculture,P,1,1.348206009856819,strongest
2024-10-11,agriculture,C,-1,-1.8219502638401817,weakest
2024-10-11,base_metal,AL,1,0.6607526543075952,absolute
2024-10-11,chemical_energy,RU,1,0.7355767428500586,strongest
2024-10-11,chemical_energy,FG,-1,-1.122938692552264,weakest
2024-10-11,ferrous,RB,-1,-0.6529914805647652,absolute
2024-10-11,government_bond,T,1,1.625019914162977,absolute
2024-10-18,agriculture,P,1,1.1411273307537997,strongest
2024-10-18,agriculture,C,-1,-1.7845354702041896,weakest
2024-10-18,base_metal,AL,1,0.4610099201040061,absolute
2024-10-18,chemical_energy,RU,1,0.7959060986303689,strongest
2024-10-18,chemical_energy,FG,-1,-0.9710115265354133,weakest
2024-10-18,ferrous,RB,-1,-0.7298391984426332,absolute
2024-10-18,government_bond,T,1,1.746260903483504,absolute
2024-10-25,agriculture,P,1,1.5735370973596847,strongest
2024-10-25,agriculture,C,-1,-1.4699641924003202,weakest
2024-10-25,base_metal,AL,1,0.7115175246617095,absolute
2024-10-25,chemical_energy,RU,1,0.3740020266246099,strongest
2024-10-25,chemical_energy,SP,-1,-0.6927747736211752,weakest
2024-10-25,ferrous,RB,-1,-0.5611038917297422,absolute
2024-10-25,government_bond,T,1,1.6496770726433163,absolute
2024-11-01,agriculture,P,1,1.8215575334492895,strongest
2024-11-01,agriculture,C,-1,-1.2813413149269315,weakest
2024-11-01,base_metal,AL,1,0.7300227743444202,absolute
2024-11-01,chemical_energy,RU,1,0.4927276287069106,strongest
2024-11-01,chemical_energy,SC,-1,-0.8708962861997489,weakest
2024-11-01,ferrous,RB,-1,-0.5175194393827012,absolute
2024-11-01,government_bond,T,1,1.8923775839397867,absolute
2024-11-08,agriculture,P,1,2.0616796969548186,strongest
2024-11-08,agriculture,C,-1,-1.4761369680015284,weakest
2024-11-08,base_metal,AL,1,1.0410206262773352,absolute
2024-11-08,chemical_energy,RU,1,0.6550113026177905,strongest
2024-11-08,chemical_energy,SC,-1,-0.6783128119984912,weakest
2024-11-08,ferrous,RB,-1,-0.7300390666846032,absolute
2024-11-08,government_bond,T,1,1.9201182643532417,absolute
2024-11-15,agriculture,P,1,1.9479620291776696,strongest
2024-11-15,agriculture,C,-1,-1.701446796976524,weakest
2024-11-15,base_metal,AL,1,0.5440693357723964,absolute
2024-11-15,chemical_energy,RU,1,0.5110996021007941,strongest
2024-11-15,chemical_energy,FG,-1,-0.9277607113836661,weakest
2024-11-15,ferrous,RB,-1,-1.0529625178097188,absolute
2024-11-15,government_bond,T,1,1.8645151950763208,absolute
2024-11-22,agriculture,P,1,1.5490207820521262,strongest
2024-11-22,agriculture,C,-1,-1.5405399485756122,weakest
2024-11-22,base_metal,AL,1,0.42651955250957374,absolute
2024-11-22,chemical_energy,MA,1,0.382722438462291,strongest
2024-11-22,chemical_energy,FG,-1,-1.0978279398003468,weakest
2024-11-22,ferrous,RB,-1,-1.0931659958104818,absolute
2024-11-22,government_bond,T,1,1.8563575092289317,absolute
2024-11-29,agriculture,P,1,1.8443774458767557,strongest
2024-11-29,agriculture,C,-1,-1.7442032454228886,weakest
2024-11-29,base_metal,AL,1,0.5007410283046524,absolute
2024-11-29,chemical_energy,RU,1,0.6243651673785114,strongest
2024-11-29,chemical_energy,FG,-1,-1.0019349541342728,weakest
2024-11-29,ferrous,RB,-1,-1.1175305607291048,absolute
2024-11-29,government_bond,T,1,1.90597113288278,absolute
2024-12-06,agriculture,P,1,1.948182229787565,strongest
2024-12-06,agriculture,C,-1,-1.9690398787706669,weakest
2024-12-06,base_metal,AL,1,0.48739362033479977,absolute
2024-12-06,chemical_energy,RU,1,0.9002334635817411,strongest
2024-12-06,chemical_energy,FG,-1,-1.1376593000027762,weakest
2024-12-06,ferrous,RB,-1,-1.3002764523609824,absolute
2024-12-06,government_bond,T,1,2.22331902617407,absolute
2024-12-13,agriculture,P,1,1.8876837432707783,strongest
2024-12-13,agriculture,C,-1,-1.6961322395856282,weakest
2024-12-13,base_metal,AL,1,0.597246612353526,absolute
2024-12-13,chemical_energy,RU,1,0.9143741337823365,strongest
2024-12-13,chemical_energy,FG,-1,-1.5369307239075127,weakest
2024-12-13,ferrous,RB,-1,-1.1359629152844775,absolute
2024-12-13,government_bond,T,1,2.397899372217319,absolute
2024-12-20,agriculture,P,1,1.6252148182801833,strongest
2024-12-20,agriculture,C,-1,-1.871572026552616,weakest
2024-12-20,base_metal,AL,1,0.4666467673257247,absolute
2024-12-20,chemical_energy,RU,1,0.6545247795560611,strongest
2024-12-20,chemical_energy,FG,-1,-1.425523441749205,weakest
2024-12-20,ferrous,RB,-1,-1.3982420201937413,absolute
2024-12-20,government_bond,T,1,2.4863854838972363,absolute
2024-12-27,agriculture,P,1,1.708284397590964,strongest
2024-12-27,agriculture,C,-1,-1.4475056559257242,weakest
2024-12-27,base_metal,AL,1,0.30660759537758503,absolute
2024-12-27,chemical_energy,RU,1,0.6751257051974646,strongest
2024-12-27,chemical_energy,FG,-1,-1.2381036461010555,weakest
2024-12-27,ferrous,RB,-1,-1.2390252061973583,absolute
2024-12-27,government_bond,T,1,2.2941649186572337,absolute
2025-01-03,agriculture,P,1,1.4925307376209072,strongest
2025-01-03,agriculture,C,-1,-1.2979749908387128,weakest
2025-01-03,base_metal,AL,1,0.21139532908053923,absolute
2025-01-03,chemical_energy,MA,1,0.500765723987486,strongest
2025-01-03,chemical_energy,FG,-1,-1.4076998563460013,weakest
2025-01-03,ferrous,RB,-1,-1.3460147507046065,absolute
2025-01-03,government_bond,T,1,2.4407224140898953,absolute
2025-01-10,agriculture,P,1,1.4268399625582715,strongest
2025-01-10,agriculture,C,-1,-1.3926377380345554,weakest
2025-01-10,base_metal,AL,1,0.12677649177592484,absolute
2025-01-10,chemical_energy,SC,1,0.3677550815041395,strongest
2025-01-10,chemical_energy,FG,-1,-1.4673858960979667,weakest
2025-01-10,ferrous,RB,-1,-1.4688286505590216,absolute
2025-01-10,government_bond,T,1,2.2600782361599614,absolute
2025-01-17,agriculture,P,1,1.449947204964631,strongest
2025-01-17,agriculture,CF,-1,-1.2361313073610765,weakest
2025-01-17,base_metal,AL,1,0.3626188812643089,absolute
2025-01-17,chemical_energy,SC,1,0.8252969924441025,strongest
2025-01-17,chemical_energy,FG,-1,-1.165088354692121,weakest
2025-01-17,ferrous,RB,-1,-1.1755910516307666,absolute
2025-01-17,government_bond,T,1,2.147489714431037,absolute
2025-01-24,agriculture,P,1,1.20288126286712,strongest
2025-01-24,agriculture,CF,-1,-1.2187464089446358,weakest
2025-01-24,base_metal,AL,1,0.39847010079018996,absolute
2025-01-24,chemical_energy,SC,1,0.5353561291471786,strongest
2025-01-24,chemical_energy,FG,-1,-1.0173767983920563,weakest
2025-01-24,ferrous,RB,-1,-1.0534098884489878,absolute
2025-01-24,government_bond,T,1,2.2485770670397778,absolute
2025-01-27,agriculture,P,1,1.325232851540925,strongest
2025-01-27,agriculture,CF,-1,-1.117110972169096,weakest
2025-01-27,base_metal,AL,1,0.3926168498716421,absolute
2025-01-27,chemical_energy,SC,1,0.5942734904274669,strongest
2025-01-27,chemical_energy,FG,-1,-1.0712279586838973,weakest
2025-01-27,ferrous,RB,-1,-1.036157452379738,absolute
2025-01-27,government_bond,T,1,2.3014368508183303,absolute
2025-02-07,agriculture,P,1,1.4959374749672814,strongest
2025-02-07,agriculture,CF,-1,-1.4236981187192286,weakest
2025-02-07,base_metal,AL,1,0.5612126143532834,absolute
2025-02-07,chemical_energy,SC,1,0.5957705981703874,strongest
2025-02-07,chemical_energy,FG,-1,-1.1627128275656227,weakest
2025-02-07,ferrous,RB,-1,-1.1092532078169899,absolute
2025-02-07,government_bond,T,1,2.315425756193424,absolute
2025-02-14,agriculture,P,1,1.5206299441315774,strongest
2025-02-14,agriculture,CF,-1,-1.4171278206804638,weakest
2025-02-14,base_metal,AL,1,0.5811477136297867,absolute
2025-02-14,chemical_energy,RU,1,0.664482443862231,strongest
2025-02-14,chemical_energy,FG,-1,-1.5412110198111761,weakest
2025-02-14,ferrous,RB,-1,-1.3310655036416876,absolute
2025-02-14,government_bond,T,1,2.004763675731498,absolute
2025-02-21,agriculture,P,1,1.9094866724916075,strongest
2025-02-21,agriculture,CF,-1,-1.3674252303967935,weakest
2025-02-21,base_metal,AL,1,0.5997726424264129,absolute
2025-02-21,chemical_energy,RU,1,0.7402941253319328,strongest
2025-02-21,chemical_energy,FG,-1,-1.3889826979634057,weakest
2025-02-21,ferrous,RB,-1,-1.023265406156647,absolute
2025-02-21,government_bond,T,1,1.602943823020416,absolute
2025-02-28,agriculture,P,1,1.7249135646740394,strongest
2025-02-28,agriculture,CF,-1,-1.5294285158542313,weakest
2025-02-28,base_metal,AL,1,0.5253363682312987,absolute
2025-02-28,chemical_energy,RU,1,0.7088071189502138,strongest
2025-02-28,chemical_energy,FG,-1,-1.499893037596043,weakest
2025-02-28,ferrous,RB,-1,-1.0438947566569015,absolute
2025-02-28,government_bond,T,1,1.7205359018375108,absolute
2025-03-07,agriculture,P,1,1.6357305434168696,strongest
2025-03-07,agriculture,CF,-1,-1.703612443209064,weakest
2025-03-07,base_metal,AL,1,0.6232193016470503,absolute
2025-03-07,chemical_energy,RU,1,0.49949234717603774,strongest
2025-03-07,chemical_energy,FG,-1,-1.4150584194016027,weakest
2025-03-07,ferrous,RB,-1,-1.0669835989899,absolute
2025-03-07,government_bond,T,1,1.3171349905357719,absolute
2025-03-14,agriculture,P,1,1.4958007916945084,strongest
2025-03-14,agriculture,CF,-1,-1.5737755886620952,weakest
2025-03-14,base_metal,AL,1,0.6272190227388607,absolute
2025-03-14,chemical_energy,RU,1,0.41702478019509454,strongest
2025-03-14,chemical_energy,FG,-1,-1.3770992526754908,weakest
2025-03-14,ferrous,RB,-1,-1.0089692755905635,absolute
2025-03-14,government_bond,T,1,1.3308394756779574,absolute
2025-03-21,agriculture,P,1,1.3301364139766476,strongest
2025-03-21,agriculture,CF,-1,-1.6280022912290975,weakest
2025-03-21,base_metal,AL,1,0.42234601298255253,absolute
2025-03-21,chemical_energy,RU,1,0.26581798268516477,strongest
2025-03-21,chemical_energy,FG,-1,-1.2841473185377767,weakest
2025-03-21,ferrous,RB,-1,-1.0667863597404903,absolute
2025-03-21,government_bond,T,1,1.1193903034943822,absolute
2025-03-28,agriculture,P,1,1.1859464612539805,strongest
2025-03-28,agriculture,CF,-1,-1.5620096005119115,weakest
2025-03-28,base_metal,AL,1,0.3395854957901528,absolute
2025-03-28,chemical_energy,RU,1,0.04955533292497204,strongest
2025-03-28,chemical_energy,FG,-1,-1.190379892341726,weakest
2025-03-28,ferrous,RB,-1,-0.7006738470657573,absolute
2025-03-28,government_bond,T,1,1.334358690590213,absolute
2025-04-03,agriculture,P,1,1.1391405548341205,strongest
2025-04-03,agriculture,CF,-1,-1.6507854982928396,weakest
2025-04-03,base_metal,AL,1,0.20527165829640162,absolute
2025-04-03,chemical_energy,UR,1,0.13720307549766514,strongest
2025-04-03,chemical_energy,FG,-1,-1.0886632606589501,weakest
2025-04-03,ferrous,RB,-1,-0.9591486170657975,absolute
2025-04-03,government_bond,T,1,1.473064420348731,absolute
2025-04-11,agriculture,P,1,0.9573741564322612,strongest
2025-04-11,agriculture,CF,-1,-1.8813989367644977,weakest
2025-04-11,base_metal,AL,-1,-0.06274603679237664,absolute
2025-04-11,chemical_energy,UR,1,0.1752123859961737,strongest
2025-04-11,chemical_energy,SP,-1,-1.0544914279422037,weakest
2025-04-11,ferrous,RB,-1,-0.8934505415396721,absolute
2025-04-11,government_bond,T,1,1.6193272735215223,absolute
2025-04-18,agriculture,P,1,0.9172616694173775,strongest
2025-04-18,agriculture,CF,-1,-2.0929861575267124,weakest
2025-04-18,base_metal,AL,-1,-0.3073290568463647,absolute
2025-04-18,chemical_energy,FG,-1,-1.3615794933989591,weakest
2025-04-18,ferrous,RB,-1,-1.0612667189504261,absolute
2025-04-18,government_bond,T,1,1.585434913953467,absolute
2025-04-25,agriculture,P,1,1.1321529752221975,strongest
2025-04-25,agriculture,CF,-1,-2.026180661579973,weakest
2025-04-25,base_metal,AL,-1,-0.35261052781856683,absolute
2025-04-25,chemical_energy,FG,-1,-1.32499801469241,weakest
2025-04-25,ferrous,RB,-1,-1.1045068851665145,absolute
2025-04-25,government_bond,T,1,1.3993961284376526,absolute
2025-04-30,agriculture,P,1,1.1207576535522497,strongest
2025-04-30,agriculture,CF,-1,-1.9232658623222354,weakest
2025-04-30,base_metal,AL,-1,-0.32102006195327437,absolute
2025-04-30,chemical_energy,FG,-1,-1.504096158997541,weakest
2025-04-30,ferrous,RB,-1,-1.2260336411715844,absolute
2025-04-30,government_bond,T,1,1.4053424587381904,absolute
2025-05-09,agriculture,P,1,0.9506480949207509,strongest
2025-05-09,agriculture,CF,-1,-1.735317937037522,weakest
2025-05-09,base_metal,AL,-1,-0.36422590537147115,absolute
2025-05-09,chemical_energy,FG,-1,-1.7068791252277753,weakest
2025-05-09,ferrous,RB,-1,-1.3430951065984036,absolute
2025-05-09,government_bond,T,1,1.4731730223187913,absolute
2025-05-16,agriculture,P,1,1.0491987261166371,strongest
2025-05-16,agriculture,CF,-1,-1.3363949233874133,weakest
2025-05-16,base_metal,AL,-1,-0.3308009529420568,absolute
2025-05-16,chemical_energy,FG,-1,-1.889023738572133,weakest
2025-05-16,ferrous,RB,-1,-1.3329650405662021,absolute
2025-05-16,government_bond,T,1,1.404005939517926,absolute
2025-05-23,agriculture,P,1,1.0442315585382438,strongest
2025-05-23,agriculture,M,-1,-1.282518024511309,weakest
2025-05-23,base_metal,AL,-1,-0.26074530590902467,absolute
2025-05-23,chemical_energy,FG,-1,-1.9370379207460398,weakest
2025-05-23,ferrous,RB,-1,-1.3163500243789412,absolute
2025-05-23,government_bond,T,1,1.3532365035420229,absolute
2025-05-30,agriculture,P,1,0.9624239157285673,strongest
2025-05-30,agriculture,CF,-1,-1.3228870843023643,weakest
2025-05-30,base_metal,AL,-1,-0.4153175530380286,absolute
2025-05-30,chemical_energy,FG,-1,-2.0472171806793957,weakest
2025-05-30,ferrous,RB,-1,-1.5515195792816154,absolute
2025-05-30,government_bond,T,1,1.310915508073068,absolute
2025-06-06,agriculture,P,1,1.0259545457889772,strongest
2025-06-06,agriculture,CF,-1,-1.402796275102501,weakest
2025-06-06,base_metal,AL,-1,-0.3916456420281886,absolute
2025-06-06,chemical_energy,FG,-1,-2.1949623969107344,weakest
2025-06-06,ferrous,RB,-1,-1.6166571767891658,absolute
2025-06-06,government_bond,T,1,1.3649440453981196,absolute
2025-06-13,agriculture,P,1,0.877436550994081,strongest
2025-06-13,agriculture,CF,-1,-1.10772381844972,weakest
2025-06-13,base_metal,AL,-1,-0.5142927666222582,absolute
2025-06-13,chemical_energy,FG,-1,-2.2320126334493495,weakest
2025-06-13,ferrous,RB,-1,-1.493055475881217,absolute
2025-06-13,government_bond,T,1,1.3827203681299993,absolute
2025-06-20,agriculture,P,1,1.1418591369247466,strongest
2025-06-20,agriculture,C,-1,-1.1361346858941168,weakest
2025-06-20,base_metal,AL,-1,-0.388557494116221,absolute
2025-06-20,chemical_energy,SC,1,0.35662439369945076,strongest
2025-06-20,chemical_energy,FG,-1,-2.2395843180495207,weakest
2025-06-20,ferrous,RB,-1,-1.3754467108434758,absolute
2025-06-20,government_bond,T,1,1.3150596695241572,absolute
2025-06-27,agriculture,P,1,1.2189944177236054,strongest
2025-06-27,agriculture,C,-1,-1.1476378111975103,weakest
2025-06-27,base_metal,AL,1,0.07779062532108957,absolute
2025-06-27,chemical_energy,FG,-1,-1.9428358768016567,weakest
2025-06-27,ferrous,RB,-1,-1.307058416829643,absolute
2025-06-27,government_bond,T,1,1.2575922100732566,absolute
2025-07-04,agriculture,P,1,1.2054775437056524,strongest
2025-07-04,agriculture,C,-1,-1.4145704617175163,weakest
2025-07-04,base_metal,AL,1,0.07210539217193741,absolute
2025-07-04,chemical_energy,FG,-1,-1.768524691506335,weakest
2025-07-04,ferrous,RB,-1,-1.0411252019566766,absolute
2025-07-04,government_bond,T,1,1.1824688715857987,absolute
2025-07-11,agriculture,P,1,1.19601841929669,strongest
2025-07-11,agriculture,C,-1,-1.569319896713387,weakest
2025-07-11,base_metal,AL,1,0.11165146502128374,absolute
2025-07-11,chemical_energy,FG,-1,-1.6650760664758102,weakest
2025-07-11,ferrous,RB,-1,-0.9873553336574749,absolute
2025-07-11,government_bond,T,1,1.1276514314208226,absolute
2025-07-18,agriculture,P,1,1.323656586633439,strongest
2025-07-18,agriculture,C,-1,-1.425679113889813,weakest
2025-07-18,base_metal,AL,1,0.043675451075896043,absolute
2025-07-18,chemical_energy,FG,-1,-1.5524880169756958,weakest
2025-07-18,ferrous,RB,-1,-0.8761643513851758,absolute
2025-07-18,government_bond,T,1,1.1548896485898221,absolute
2025-07-25,agriculture,P,1,1.4107046463517559,strongest
2025-07-25,agriculture,C,-1,-1.1202633792167926,weakest
2025-07-25,base_metal,AL,1,0.3055126702309009,absolute
2025-07-25,chemical_energy,MA,1,0.008770945780415578,strongest
2025-07-25,chemical_energy,FG,-1,-0.7479274309726656,weakest
2025-07-25,ferrous,RB,-1,-0.5951767122798064,absolute
2025-07-25,government_bond,T,1,0.8042739515409613,absolute
2025-08-01,agriculture,P,1,1.2729858464059862,strongest
2025-08-01,agriculture,C,-1,-1.2701379550008367,weakest
2025-08-01,base_metal,AL,1,0.41479434531515563,absolute
2025-08-01,chemical_energy,SC,1,0.06038747396412459,strongest
2025-08-01,chemical_energy,FG,-1,-1.1894449507592253,weakest
2025-08-01,ferrous,RB,-1,-0.6560090667382845,absolute
2025-08-01,government_bond,T,1,0.7628842789208503,absolute
2025-08-08,agriculture,P,1,1.3470253799364886,strongest
2025-08-08,agriculture,C,-1,-1.1894518654057193,weakest
2025-08-08,base_metal,AL,1,0.5888555694273157,absolute
2025-08-08,chemical_energy,FG,-1,-1.0974467205390026,weakest
2025-08-08,ferrous,RB,-1,-0.5063269341662967,absolute
2025-08-08,government_bond,T,1,0.7541303614332736,absolute
2025-08-15,agriculture,P,1,1.5726012732600079,strongest
2025-08-15,agriculture,JD,-1,-1.1379619607502884,weakest
2025-08-15,base_metal,AL,1,0.7560000365934176,absolute
2025-08-15,chemical_energy,SC,1,0.134892283169782,strongest
2025-08-15,chemical_energy,FG,-1,-1.1669330294521132,weakest
2025-08-15,ferrous,RB,-1,-0.5539494229317935,absolute
2025-08-15,government_bond,T,1,0.452085183194322,absolute
2025-08-22,agriculture,P,1,1.7435516059456708,strongest
2025-08-22,agriculture,LH,-1,-1.2822149873293796,weakest
2025-08-22,base_metal,AL,1,0.5853439623289145,absolute
2025-08-22,chemical_energy,SC,1,0.04115888790908592,strongest
2025-08-22,chemical_energy,FG,-1,-1.142414966632354,weakest
2025-08-22,ferrous,RB,-1,-0.4371286214296539,absolute
2025-08-22,government_bond,T,1,0.705081025729299,absolute
2025-08-29,agriculture,P,1,1.5800189890707153,strongest
2025-08-29,agriculture,JD,-1,-1.4576576163219748,weakest
2025-08-29,base_metal,AL,1,0.47072970745520043,absolute
2025-08-29,chemical_energy,SC,1,0.0381435629616245,strongest
2025-08-29,chemical_energy,FG,-1,-0.9770216650450565,weakest
2025-08-29,ferrous,RB,-1,-0.38421182695183387,absolute
2025-08-29,government_bond,T,1,0.5923543901836725,absolute
2025-09-05,agriculture,P,1,1.4374935582324675,strongest
2025-09-05,agriculture,JD,-1,-1.5562947760370378,weakest
2025-09-05,base_metal,AL,1,0.3224957020986795,absolute
2025-09-05,chemical_energy,SP,-1,-1.0395098919963608,weakest
2025-09-05,ferrous,RB,-1,-0.6030400444047146,absolute
2025-09-05,government_bond,T,1,0.5648569092414851,absolute
2025-09-12,agriculture,P,1,1.3980690824012891,strongest
2025-09-12,agriculture,JD,-1,-1.42952289461974,weakest
2025-09-12,base_metal,AL,1,0.6586119272504548,absolute
2025-09-12,chemical_energy,SC,1,0.09105548402107096,strongest
2025-09-12,chemical_energy,SP,-1,-1.1632173866371,weakest
2025-09-12,ferrous,RB,-1,-0.4869308739546947,absolute
2025-09-12,government_bond,T,1,0.47708136258735656,absolute
2025-09-19,agriculture,P,1,1.410571111475075,strongest
2025-09-19,agriculture,LH,-1,-1.5676881592516003,weakest
2025-09-19,base_metal,AL,1,0.652006628024304,absolute
2025-09-19,chemical_energy,SC,1,0.3341568043686785,strongest
2025-09-19,chemical_energy,SP,-1,-0.9658954172536769,weakest
2025-09-19,ferrous,RB,-1,-0.16962049799484682,absolute
2025-09-19,government_bond,T,1,0.39533553656590104,absolute
2025-09-26,agriculture,P,1,1.3269335904751305,strongest
2025-09-26,agriculture,JD,-1,-1.608597918494548,weakest
2025-09-26,base_metal,AL,1,0.3587031564807594,absolute
2025-09-26,chemical_energy,SC,1,0.32204939977141894,strongest
2025-09-26,chemical_energy,RU,-1,-0.9379312027071606,weakest
2025-09-26,ferrous,RB,-1,-0.3920335846929504,absolute
2025-09-26,government_bond,T,1,0.17618339647202938,absolute
2025-09-30,agriculture,P,1,1.2096029205433985,strongest
2025-09-30,agriculture,JD,-1,-1.7681872109236707,weakest
2025-09-30,base_metal,AL,1,0.2710855864575644,absolute
2025-09-30,chemical_energy,SC,1,0.20242881835771298,strongest
2025-09-30,chemical_energy,SP,-1,-1.1837280993450936,weakest
2025-09-30,ferrous,RB,-1,-0.49206084088767565,absolute
2025-09-30,government_bond,T,1,0.2109058022679922,absolute
2025-10-10,agriculture,P,1,1.257109752039372,strongest
2025-10-10,agriculture,JD,-1,-1.961340888373277,weakest
2025-10-10,base_metal,AL,1,0.43584650769325817,absolute
2025-10-10,chemical_energy,SC,1,0.06330446500433214,strongest
2025-10-10,chemical_energy,SP,-1,-1.233886031687454,weakest
2025-10-10,ferrous,RB,-1,-0.5462906202424885,absolute
2025-10-10,government_bond,T,1,0.35313453601273026,absolute
2025-10-17,agriculture,AP,1,1.122437301667258,strongest
2025-10-17,agriculture,LH,-1,-2.085910090816016,weakest
2025-10-17,base_metal,AL,1,0.1260431609209379,absolute
2025-10-17,chemical_energy,RU,-1,-1.5770460210951536,weakest
2025-10-17,ferrous,RB,-1,-1.2522176609231639,absolute
2025-10-17,government_bond,T,1,0.9584800289611882,absolute
2025-10-24,agriculture,AP,1,1.1796954557555899,strongest
2025-10-24,agriculture,LH,-1,-1.7086162756637366,weakest
2025-10-24,base_metal,AL,1,0.2724898750890307,absolute
2025-10-24,chemical_energy,FG,-1,-1.3006304447863308,weakest
2025-10-24,ferrous,RB,-1,-1.2039566390135097,absolute
2025-10-24,government_bond,T,1,0.5634182789564887,absolute
2025-10-31,agriculture,AP,1,1.460028004777995,strongest
2025-10-31,agriculture,LH,-1,-1.837710281440451,weakest
2025-10-31,base_metal,AL,1,0.22429719583314708,absolute
2025-10-31,chemical_energy,RU,-1,-1.3866513640050773,weakest
2025-10-31,ferrous,RB,-1,-0.8858223698433246,absolute
2025-10-31,government_bond,T,1,0.8610078323711963,absolute
2025-11-07,agriculture,AP,1,1.1616070558804243,strongest
2025-11-07,agriculture,LH,-1,-1.7305172755654061,weakest
2025-11-07,base_metal,AL,1,0.37358985452285376,absolute
2025-11-07,chemical_energy,SC,1,0.06370128722270356,strongest
2025-11-07,chemical_energy,FG,-1,-1.6047796116088162,weakest
2025-11-07,ferrous,RB,-1,-1.1993584088657452,absolute
2025-11-07,government_bond,T,1,0.8054494855118073,absolute
2025-11-14,agriculture,AP,1,1.177402556500332,strongest
2025-11-14,agriculture,JD,-1,-1.8911038693039752,weakest
2025-11-14,base_metal,AL,1,0.3690143198318355,absolute
2025-11-14,chemical_energy,FG,-1,-1.8146103766179726,weakest
2025-11-14,ferrous,RB,-1,-1.1881334035639444,absolute
2025-11-14,government_bond,T,1,0.6669674313128875,absolute
2025-11-21,agriculture,AP,1,0.985265110428889,strongest
2025-11-21,agriculture,LH,-1,-2.252449999304495,weakest
2025-11-21,base_metal,AL,1,0.2026174895537793,absolute
2025-11-21,chemical_energy,FG,-1,-1.7533151542277625,weakest
2025-11-21,ferrous,RB,-1,-1.0099926141372138,absolute
2025-11-21,government_bond,T,1,0.5093243543830296,absolute
2025-11-28,agriculture,AP,1,0.932865764975996,strongest
2025-11-28,agriculture,LH,-1,-2.0814840044205134,weakest
2025-11-28,base_metal,AL,1,0.4941738017705057,absolute
2025-11-28,chemical_energy,FG,-1,-1.4546810528421854,weakest
2025-11-28,ferrous,RB,-1,-0.8704525068915321,absolute
2025-11-28,government_bond,T,1,0.4107239457617883,absolute
2025-12-05,agriculture,AP,1,0.9715773937636172,strongest
2025-12-05,agriculture,LH,-1,-2.069281591633819,weakest
2025-12-05,base_metal,AL,1,0.849692632611267,absolute
2025-12-05,chemical_energy,FG,-1,-1.5724723047518276,weakest
2025-12-05,ferrous,RB,-1,-0.8109900456303514,absolute
2025-12-05,government_bond,T,1,0.3091904362269506,absolute
2025-12-12,agriculture,AP,1,0.6708485113316283,strongest
2025-12-12,agriculture,JD,-1,-2.1735138466413226,weakest
2025-12-12,base_metal,AL,1,0.8092207949152398,absolute
2025-12-12,chemical_energy,FG,-1,-1.8273182806024924,weakest
2025-12-12,ferrous,RB,-1,-1.111240907764771,absolute
2025-12-12,government_bond,T,1,0.26092074974751844,absolute
2025-12-19,agriculture,AP,1,0.5983494137694684,strongest
2025-12-19,agriculture,JD,-1,-2.3791917511709144,weakest
2025-12-19,base_metal,AL,1,0.8535553417985347,absolute
2025-12-19,chemical_energy,FG,-1,-1.6537741601710976,weakest
2025-12-19,ferrous,RB,-1,-0.9797416503950229,absolute
2025-12-19,government_bond,T,-1,-0.011264550239378257,absolute
2025-12-26,agriculture,AP,1,0.9170299275068529,strongest
2025-12-26,agriculture,JD,-1,-2.1955642478081843,weakest
2025-12-26,base_metal,AL,1,1.1403267847133085,absolute
2025-12-26,chemical_energy,FG,-1,-1.5632912424154328,weakest
2025-12-26,ferrous,RB,-1,-0.9093192256329272,absolute
2025-12-26,government_bond,T,-1,-0.10543837107321441,absolute
2025-12-31,agriculture,AP,1,1.0373874143504676,strongest
2025-12-31,agriculture,JD,-1,-2.2387569971310053,weakest
2025-12-31,base_metal,AL,1,1.3399548711639193,absolute
2025-12-31,chemical_energy,FG,-1,-1.487655580288522,weakest
2025-12-31,ferrous,RB,-1,-0.7191833253798892,absolute
2025-12-31,government_bond,T,-1,-0.3778334755802574,absolute
2026-01-09,agriculture,AP,1,1.5244174826245607,strongest
2026-01-09,agriculture,JD,-1,-2.078833891737057,weakest
2026-01-09,base_metal,AL,1,1.7751236528432384,absolute
2026-01-09,chemical_energy,UR,1,0.0555916783552341,strongest
2026-01-09,chemical_energy,FG,-1,-1.2366824469909927,weakest
2026-01-09,ferrous,RB,-1,-0.6388690553184597,absolute
2026-01-09,government_bond,T,-1,-0.40360134085229554,absolute
2026-01-16,agriculture,AP,1,1.5174546570175123,strongest
2026-01-16,agriculture,JD,-1,-1.7206978469592307,weakest
2026-01-16,base_metal,AL,1,1.6426093333734417,absolute
2026-01-16,chemical_energy,UR,1,0.2834577131702022,strongest
2026-01-16,chemical_energy,FG,-1,-1.3330198174623376,weakest
2026-01-16,ferrous,RB,-1,-0.5671840721696102,absolute
2026-01-16,government_bond,T,-1,-0.5329500057054947,absolute
2026-01-23,agriculture,AP,1,1.587743672562834,strongest
2026-01-23,agriculture,JD,-1,-1.7739450971970068,weakest
2026-01-23,base_metal,AL,1,1.5277752561222764,absolute
2026-01-23,chemical_energy,UR,1,0.1908106835228113,strongest
2026-01-23,chemical_energy,FG,-1,-1.5150952079968167,weakest
2026-01-23,ferrous,RB,-1,-0.6089080619614344,absolute
2026-01-23,government_bond,T,-1,-0.3009408344941256,absolute
2026-01-30,agriculture,AP,1,1.6026630776404225,strongest
2026-01-30,agriculture,JD,-1,-1.9419149790126633,weakest
2026-01-30,base_metal,AL,1,1.3275507775218842,absolute
2026-01-30,chemical_energy,UR,1,0.05611617126046002,strongest
2026-01-30,chemical_energy,FG,-1,-1.6907218397507044,weakest
2026-01-30,ferrous,RB,-1,-0.877735943486806,absolute
2026-01-30,government_bond,T,-1,-0.2781191690584281,absolute
2026-02-06,agriculture,AP,1,1.4010113686493253,strongest
2026-02-06,agriculture,JD,-1,-2.176155707425434,weakest
2026-02-06,base_metal,AL,1,0.8508519286331294,absolute
2026-02-06,chemical_energy,SP,-1,-1.5097388344318092,weakest
2026-02-06,ferrous,RB,-1,-1.0526610164688686,absolute
2026-02-06,government_bond,T,-1,-0.3512471236741228,absolute
2026-02-13,agriculture,AP,1,1.6905520995035577,strongest
2026-02-13,agriculture,JD,-1,-1.9376929699805545,weakest
2026-02-13,base_metal,AL,1,0.6915902821827823,absolute
2026-02-13,chemical_energy,UR,1,0.18052154369530157,strongest
2026-02-13,chemical_energy,FG,-1,-1.4871475889462726,weakest
2026-02-13,ferrous,RB,-1,-0.8817542721153615,absolute
2026-02-13,government_bond,T,-1,-0.30500071426748065,absolute
2026-02-27,agriculture,AP,1,1.5502804722588737,strongest
2026-02-27,agriculture,JD,-1,-1.784926293956978,weakest
2026-02-27,base_metal,AL,1,0.8560414150742192,absolute
2026-02-27,chemical_energy,UR,1,0.006005871775156186,strongest
2026-02-27,chemical_energy,SP,-1,-1.3839697595604477,weakest
2026-02-27,ferrous,RB,-1,-0.8850518882666354,absolute
2026-02-27,government_bond,T,-1,-0.1264519370042773,absolute
2026-03-06,agriculture,AP,1,1.6909034417831639,strongest
2026-03-06,agriculture,JD,-1,-1.875760713875265,weakest
2026-03-06,base_metal,AL,1,1.0353434548369926,absolute
2026-03-06,chemical_energy,SC,1,0.7740344117417421,strongest
2026-03-06,chemical_energy,FG,-1,-1.2308787940327341,weakest
2026-03-06,ferrous,RB,-1,-0.9570697546553752,absolute
2026-03-06,government_bond,T,1,0.28890148830704476,absolute
2026-03-13,agriculture,AP,1,1.6178969390821791,strongest
2026-03-13,agriculture,JD,-1,-1.871883166799238,weakest
2026-03-13,base_metal,AL,1,1.097069777765988,absolute
2026-03-13,chemical_energy,SC,1,0.977347656919144,strongest
2026-03-13,chemical_energy,SP,-1,-1.1897887829061713,weakest
2026-03-13,ferrous,RB,-1,-0.749609724558649,absolute
2026-03-13,government_bond,T,-1,-0.08043271648565949,absolute
2026-03-20,agriculture,AP,1,1.818301899079505,strongest
2026-03-20,agriculture,LH,-1,-2.364845385746316,weakest
2026-03-20,base_metal,AL,1,0.7532262303212645,absolute
2026-03-20,chemical_energy,SC,1,1.0593833777862542,strongest
2026-03-20,chemical_energy,SP,-1,-1.2051063912289468,weakest
2026-03-20,ferrous,RB,-1,-0.6219180018521742,absolute
2026-03-20,government_bond,T,1,0.2590722117519739,absolute
2026-03-27,agriculture,AP,1,1.2731283409225655,strongest
2026-03-27,agriculture,LH,-1,-2.6361926136115748,weakest
2026-03-27,base_metal,AL,1,0.7239238447958589,absolute
2026-03-27,chemical_energy,MA,1,0.8532628208923875,strongest
2026-03-27,chemical_energy,SP,-1,-1.1851358580050184,weakest
2026-03-27,ferrous,RB,-1,-0.6170839148616437,absolute
2026-03-27,government_bond,T,1,0.5470280897755778,absolute
2026-04-03,agriculture,AP,1,1.3466738061225938,strongest
2026-04-03,agriculture,LH,-1,-2.8442500119404923,weakest
2026-04-03,base_metal,AL,1,0.935972841608912,absolute
2026-04-03,chemical_energy,MA,1,0.8395364420279485,strongest
2026-04-03,chemical_energy,FG,-1,-1.4563802598037157,weakest
2026-04-03,ferrous,RB,-1,-0.6566585306456336,absolute
2026-04-03,government_bond,T,1,0.32931393474279175,absolute
2026-04-10,agriculture,CF,1,1.0287053905189276,strongest
2026-04-10,agriculture,LH,-1,-2.856688004953877,weakest
2026-04-10,base_metal,AL,1,0.9654525504251086,absolute
2026-04-10,chemical_energy,MA,1,0.532466626164552,strongest
2026-04-10,chemical_energy,FG,-1,-1.3925929894932607,weakest
2026-04-10,ferrous,RB,-1,-0.69266489572481,absolute
2026-04-10,government_bond,T,1,0.1981701516661842,absolute
2026-04-17,agriculture,CF,1,1.4955511401744013,strongest
2026-04-17,agriculture,LH,-1,-2.5152376350477947,weakest
2026-04-17,base_metal,AL,1,1.3996053992840287,absolute
2026-04-17,chemical_energy,MA,1,0.7796096646800954,strongest
2026-04-17,chemical_energy,FG,-1,-1.3407854448206837,weakest
2026-04-17,ferrous,RB,-1,-0.34717941262905627,absolute
2026-04-17,government_bond,T,-1,-0.20428448212156014,absolute
2026-04-24,agriculture,CF,1,1.8857840458413346,strongest
2026-04-24,agriculture,LH,-1,-2.6123186700389716,weakest
2026-04-24,base_metal,AL,1,1.2243643563343942,absolute
2026-04-24,chemical_energy,MA,1,0.758922349218523,strongest
2026-04-24,chemical_energy,FG,-1,-1.2642855552683965,weakest
2026-04-24,ferrous,RB,-1,-0.15924438709068123,absolute
2026-04-24,government_bond,T,-1,-0.14298894764590298,absolute
2026-04-30,agriculture,CF,1,2.166381266696767,strongest
2026-04-30,agriculture,LH,-1,-2.628264602523936,weakest
2026-04-30,base_metal,AL,1,1.1097838605384334,absolute
2026-04-30,chemical_energy,MA,1,0.8728000548758383,strongest
2026-04-30,chemical_energy,FG,-1,-1.1467910261610563,weakest
2026-04-30,ferrous,RB,1,0.019619632294633465,absolute
2026-04-30,government_bond,T,-1,-0.18622090163247887,absolute
2026-05-08,agriculture,CF,1,1.901945256928791,strongest
2026-05-08,agriculture,LH,-1,-2.645371999432746,weakest
2026-05-08,base_metal,AL,1,1.0669107362448187,absolute
2026-05-08,chemical_energy,RU,1,0.731202344874535,strongest
2026-05-08,chemical_energy,FG,-1,-1.2397569062206282,weakest
2026-05-08,ferrous,RB,-1,-0.009928771013238096,absolute
2026-05-08,government_bond,T,-1,-0.0726692566444621,absolute
2026-05-15,agriculture,CF,1,1.866930222489373,strongest
2026-05-15,agriculture,LH,-1,-2.6023790979698327,weakest
2026-05-15,base_metal,AL,1,1.0259124140068094,absolute
2026-05-15,chemical_energy,MA,1,0.7732268315050489,strongest
2026-05-15,chemical_energy,FG,-1,-1.0957225637798973,weakest
2026-05-15,ferrous,RB,1,0.014920655626906042,absolute
2026-05-15,government_bond,T,-1,-0.07620793084234277,absolute
2026-05-22,agriculture,CF,1,1.4636500492725641,strongest
2026-05-22,agriculture,LH,-1,-2.372314521518962,weakest
2026-05-22,base_metal,AL,1,1.0528608276821407,absolute
2026-05-22,chemical_energy,MA,1,0.7731539933361027,strongest
2026-05-22,chemical_energy,FG,-1,-1.0432445975299944,weakest
2026-05-22,ferrous,RB,-1,-0.11159629023625034,absolute
2026-05-22,government_bond,T,1,0.241559224428794,absolute
2026-05-29,agriculture,CF,1,1.4912156415712365,strongest
2026-05-29,agriculture,LH,-1,-2.5141128893798563,weakest
2026-05-29,base_metal,AL,1,0.9366691724144262,absolute
2026-05-29,chemical_energy,MA,1,0.6401175071353576,strongest
2026-05-29,chemical_energy,SP,-1,-1.1584640323043975,weakest
2026-05-29,ferrous,RB,-1,-0.1026799697299246,absolute
2026-05-29,government_bond,T,1,0.4311807142642433,absolute
2026-06-05,agriculture,CF,1,1.3395383444855309,strongest
2026-06-05,agriculture,LH,-1,-2.5820131223151046,weakest
2026-06-05,base_metal,AL,1,0.9233106386190484,absolute
2026-06-05,chemical_energy,RU,1,0.8145826924348565,strongest
2026-06-05,chemical_energy,SP,-1,-1.269139526094938,weakest
2026-06-05,ferrous,RB,1,0.07798202954878207,absolute
2026-06-05,government_bond,T,1,0.44332605917494233,absolute
2026-06-12,agriculture,CF,1,1.3198734485423471,strongest
2026-06-12,agriculture,LH,-1,-2.3370840677753493,weakest
2026-06-12,base_metal,AL,1,0.9619799735367993,absolute
2026-06-12,chemical_energy,RU,1,1.06807662372277,strongest
2026-06-12,chemical_energy,SP,-1,-1.1401799708035283,weakest
2026-06-12,ferrous,RB,1,0.3025903454479964,absolute
2026-06-12,government_bond,T,1,0.31785889454690774,absolute
2026-06-18,agriculture,CF,1,1.3219263729975688,strongest
2026-06-18,agriculture,LH,-1,-2.5257008095238946,weakest
2026-06-18,base_metal,AL,1,0.8739282132952004,absolute
2026-06-18,chemical_energy,RU,1,1.037858699972639,strongest
2026-06-18,chemical_energy,SP,-1,-1.3064403886280607,weakest
2026-06-18,ferrous,RB,1,0.050656800381856985,absolute
2026-06-18,government_bond,T,1,0.27458828679961306,absolute
2026-06-26,agriculture,CF,1,1.1009443091658622,strongest
2026-06-26,agriculture,LH,-1,-2.523766325585675,weakest
2026-06-26,base_metal,AL,1,0.5214856120191357,absolute
2026-06-26,chemical_energy,RU,1,0.5215768095129772,strongest
2026-06-26,chemical_energy,SP,-1,-1.471804091108873,weakest
2026-06-26,ferrous,RB,-1,-0.06857851647561548,absolute
2026-06-26,government_bond,T,1,0.33770303146272035,absolute
2026-07-03,agriculture,CF,1,1.445885412750299,strongest
2026-07-03,agriculture,LH,-1,-2.3891623302897904,weakest
2026-07-03,base_metal,AL,1,0.4641413567795189,absolute
2026-07-03,chemical_energy,RU,1,0.5814525229722296,strongest
2026-07-03,chemical_energy,SP,-1,-1.3588423889781167,weakest
2026-07-03,ferrous,RB,-1,-0.15983431736906023,absolute
2026-07-03,government_bond,T,1,0.1737184230780033,absolute
2026-07-10,agriculture,CF,1,1.1724142156867519,strongest
2026-07-10,agriculture,LH,-1,-2.271300368228912,weakest
2026-07-10,base_metal,AL,1,0.4642308238961236,absolute
2026-07-10,chemical_energy,RU,1,0.6239057451336628,strongest
2026-07-10,chemical_energy,FG,-1,-1.107986026461379,weakest
2026-07-10,ferrous,RB,-1,-0.10144033742887422,absolute
2026-07-10,government_bond,T,1,0.40947769003390216,absolute
2026-07-17,agriculture,CF,1,0.9337187080087284,strongest
2026-07-17,agriculture,LH,-1,-2.7518650247827554,weakest
2026-07-17,base_metal,AL,1,0.5337233498282277,absolute
2026-07-17,chemical_energy,RU,1,0.5923648685488626,strongest
2026-07-17,chemical_energy,FG,-1,-1.3486209861030203,weakest
2026-07-17,ferrous,RB,-1,-0.2010786505788451,absolute
2026-07-17,government_bond,T,1,0.2831352392486007,absolute
2026-07-24,agriculture,CF,1,1.007533738509814,strongest
2026-07-24,agriculture,LH,-1,-3.0414248640002266,weakest
2026-07-24,base_metal,AL,1,0.5412939562638486,absolute
2026-07-24,chemical_energy,MA,1,0.4517696410355308,strongest
2026-07-24,chemical_energy,FG,-1,-1.573524466525623,weakest
2026-07-24,ferrous,RB,-1,-0.4940921106486647,absolute
2026-07-24,government_bond,T,1,0.5538678559064709,absolute
2026-07-31,agriculture,CF,1,0.6953976197483106,strongest
2026-07-31,agriculture,LH,-1,-3.261031238871932,weakest
2026-07-31,base_metal,AL,1,0.5276082582758744,absolute
2026-07-31,chemical_energy,MA,1,0.3098317487922933,strongest
2026-07-31,chemical_energy,FG,-1,-1.9479108864599448,weakest
2026-07-31,ferrous,RB,-1,-0.9162335761634068,absolute
2026-07-31,government_bond,T,1,0.5990439174758253,absolute
2026-08-07,agriculture,CF,1,1.0078622121920553,strongest
2026-08-07,agriculture,LH,-1,-2.9869381286561945,weakest
2026-08-07,base_metal,AL,1,0.6772315848949204,absolute
2026-08-07,chemical_energy,RU,1,0.26628929574866494,strongest
2026-08-07,chemical_energy,FG,-1,-2.5330916784128106,weakest
2026-08-07,ferrous,RB,-1,-1.0525895980912514,absolute
2026-08-07,government_bond,T,1,0.8372670273614425,absolute
2026-08-14,agriculture,CF,1,1.233684874405722,strongest
2026-08-14,agriculture,LH,-1,-2.7542917226987833,weakest
2026-08-14,base_metal,AL,1,0.6601852651553167,absolute
2026-08-14,chemical_energy,RU,1,0.49663801107571287,strongest
2026-08-14,chemical_energy,FG,-1,-2.1872301006763606,weakest
2026-08-14,ferrous,RB,-1,-1.0007389966160318,absolute
2026-08-14,government_bond,T,1,0.8779719682068086,absolute
2026-08-21,agriculture,CF,1,1.4076167773282702,strongest
2026-08-21,agriculture,LH,-1,-2.8695375966499546,weakest
2026-08-21,base_metal,AL,1,0.5712835655423305,absolute
2026-08-21,chemical_energy,MA,1,0.5839225620495191,strongest
2026-08-21,chemical_energy,FG,-1,-2.10595116201436,weakest
2026-08-21,ferrous,RB,-1,-1.0817085068100847,absolute
2026-08-21,government_bond,T,1,0.8163753212895266,absolute
2026-08-28,agriculture,CF,1,1.3290050052403974,strongest
2026-08-28,agriculture,LH,-1,-2.8018903609562402,weakest
2026-08-28,base_metal,AL,1,0.6447219240090561,absolute
2026-08-28,chemical_energy,RU,1,0.7002026633105094,strongest
2026-08-28,chemical_energy,FG,-1,-1.9398739518573422,weakest
2026-08-28,ferrous,RB,-1,-0.5535053501036391,absolute
2026-08-28,government_bond,T,1,1.0096938052260935,absolute
