signal_date,sector,instrument,direction,score,role
2014-02-14,agriculture,C,1,4.294687371933085,strongest
2014-02-14,agriculture,JD,-1,-7.771517570309395,weakest
2014-02-14,base_metal,AL,-1,-7.999276577901794,absolute
2014-02-14,chemical_energy,MA,1,2.4141914597218594,strongest
2014-02-14,chemical_energy,RU,-1,-6.531229368515947,weakest
2014-02-14,ferrous,RB,-1,-3.708329237804206,absolute
2014-02-21,agriculture,CF,1,3.7825306916194554,strongest
2014-02-21,agriculture,C,-1,-2.536825549967467,weakest
2014-02-21,base_metal,AL,-1,-3.6503043786245772,absolute
2014-02-21,chemical_energy,MA,1,3.6727363998509857,strongest
2014-02-21,chemical_energy,RU,-1,-3.6858960126019897,weakest
2014-02-21,ferrous,RB,-1,-2.5205738275182785,absolute
2014-02-28,agriculture,P,1,3.279143907278617,strongest
2014-02-28,agriculture,C,-1,-1.3706502637088065,weakest
2014-02-28,base_metal,AL,-1,-3.4025592777428897,absolute
2014-02-28,chemical_energy,FG,1,2.3669372767333687,strongest
2014-02-28,chemical_energy,RU,-1,-2.6394721365151574,weakest
2014-02-28,ferrous,RB,-1,-2.348843714865391,absolute
2014-03-07,agriculture,P,1,3.515700855332844,strongest
2014-03-07,agriculture,CF,-1,-4.917765473880718,weakest
2014-03-07,base_metal,AL,-1,-3.629383650816598,absolute
2014-03-07,chemical_energy,RU,-1,-4.546816615823294,weakest
2014-03-07,ferrous,RB,-1,-4.908957371194169,absolute
2014-03-14,agriculture,P,1,7.609786542611131,strongest
2014-03-14,agriculture,CF,-1,-2.0487632581673334,weakest
2014-03-14,base_metal,AL,-1,-2.2585195353738916,absolute
2014-03-14,chemical_energy,MA,-1,-3.546094667898313,weakest
2014-03-14,ferrous,RB,-1,-5.122075927832814,absolute
2014-03-21,agriculture,JD,1,5.314616229046389,strongest
2014-03-21,agriculture,CF,-1,-4.377189076929808,weakest
2014-03-21,base_metal,AL,-1,-5.027916288824337,absolute
2014-03-21,chemical_energy,MA,-1,-8.70182784595669,weakest
2014-03-21,ferrous,RB,-1,-5.393920058120842,absolute
2014-03-28,agriculture,JD,1,4.769262382869522,strongest
2014-03-28,agriculture,CF,-1,-3.55484339800015,weakest
2014-03-28,base_metal,AL,-1,-9.949542021838525,absolute
2014-03-28,chemical_energy,MA,-1,-9.001562710139261,weakest
2014-03-28,ferrous,RB,-1,-6.2289614478221855,absolute
2014-04-04,agriculture,JD,1,6.35813564358076,strongest
2014-04-04,agriculture,CF,-1,-0.6795961242628623,weakest
2014-04-04,base_metal,AL,-1,-3.6380864046624777,absolute
2014-04-04,chemical_energy,RU,1,1.5599783610456097,strongest
2014-04-04,chemical_energy,MA,-1,-2.66473086451889,weakest
2014-04-04,ferrous,RB,-1,-2.359577102438305,absolute
2014-04-11,agriculture,JD,1,4.657050189368556,strongest
2014-04-11,agriculture,CF,-1,-4.755419224181179,weakest
2014-04-11,base_metal,AL,-1,-1.813334006621867,absolute
2014-04-11,chemical_energy,RU,1,0.5801943923549426,strongest
2014-04-11,chemical_energy,MA,-1,-2.1072115607700006,weakest
2014-04-11,ferrous,RB,-1,-1.0905156132016665,absolute
2014-04-18,agriculture,M,1,4.650596862594248,strongest
2014-04-18,agriculture,P,-1,-3.904909532598317,weakest
2014-04-18,base_metal,AL,1,0.5317689079944103,absolute
2014-04-18,chemical_energy,RU,-1,-2.48705187940824,weakest
2014-04-18,ferrous,RB,1,2.2152232475042126,absolute
2014-04-25,agriculture,JD,1,7.70339764065767,strongest
2014-04-25,agriculture,C,-1,-0.12993892568948603,weakest
2014-04-25,base_metal,AL,1,5.509552377446556,absolute
2014-04-25,chemical_energy,MA,1,1.9099426359968648,strongest
2014-04-25,chemical_energy,RU,-1,-3.3189663095749338,weakest
2014-04-25,ferrous,RB,1,0.36271110263405637,absolute
2014-04-30,agriculture,JD,1,7.351223064203162,strongest
2014-04-30,agriculture,CF,-1,-0.12465510787991407,weakest
2014-04-30,base_metal,AL,1,6.817470917946665,absolute
2014-04-30,chemical_energy,MA,1,0.1589516280285953,strongest
2014-04-30,chemical_energy,RU,-1,-5.423072825344517,weakest
2014-04-30,ferrous,RB,-1,-0.58356227974633,absolute
2014-05-09,agriculture,JD,1,7.932483237136249,strongest
2014-05-09,agriculture,SR,-1,-1.106653160867015,weakest
2014-05-09,base_metal,AL,1,2.1332232666876063,absolute
2014-05-09,chemical_energy,RU,-1,-4.93868721195026,weakest
2014-05-09,ferrous,RB,-1,-2.7372760578130766,absolute
2014-05-16,agriculture,JD,1,7.882501918309748,strongest
2014-05-16,agriculture,SR,-1,-2.786839682190447,weakest
2014-05-16,base_metal,AL,1,0.41062793125807434,absolute
2014-05-16,chemical_energy,RU,-1,-6.019383095916185,weakest
2014-05-16,ferrous,RB,-1,-6.677416895840477,absolute
2014-05-23,agriculture,JD,1,10.561903537729654,strongest
2014-05-23,agriculture,P,-1,-3.606924947730161,weakest
2014-05-23,base_metal,AL,-1,-1.6191596870994152,absolute
2014-05-23,chemical_energy,FG,-1,-6.69719784808494,weakest
2014-05-23,ferrous,RB,-1,-6.910663111515619,absolute
2014-05-30,agriculture,M,1,6.550838108480331,strongest
2014-05-30,agriculture,P,-1,-3.551984497051326,weakest
2014-05-30,base_metal,AL,-1,-0.5942610337098221,absolute
2014-05-30,chemical_energy,RU,1,1.3520435303639011,strongest
2014-05-30,chemical_energy,FG,-1,-6.105224315877339,weakest
2014-05-30,ferrous,RB,-1,-6.8061352493028,absolute
2014-06-06,agriculture,M,1,4.23637784590872,strongest
2014-06-06,agriculture,CF,-1,-5.010709142966664,weakest
2014-06-06,base_metal,AL,-1,-0.7551055310105635,absolute
2014-06-06,chemical_energy,FG,-1,-9.04436774602541,weakest
2014-06-06,ferrous,RB,-1,-4.741649820057037,absolute
2014-06-13,agriculture,M,1,2.925317876826133,strongest
2014-06-13,agriculture,CF,-1,-5.565744217127881,weakest
2014-06-13,base_metal,AL,1,2.573931409326489,absolute
2014-06-13,chemical_energy,RU,1,0.9593225104206989,strongest
2014-06-13,chemical_energy,FG,-1,-9.94910077583764,weakest
2014-06-13,ferrous,RB,-1,-3.2478767186876065,absolute
2014-06-20,agriculture,C,1,4.097097537123553,strongest
2014-06-20,agriculture,SR,-1,-6.208964923991894,weakest
2014-06-20,base_metal,AL,1,2.049379824567557,absolute
2014-06-20,chemical_energy,RU,1,0.9947186797997019,strongest
2014-06-20,chemical_energy,FG,-1,-9.73046225875325,weakest
2014-06-20,ferrous,RB,-1,-3.512876885004024,absolute
2014-06-27,agriculture,JD,1,2.5446408716121685,strongest
2014-06-27,agriculture,CF,-1,-3.445798541462443,weakest
2014-06-27,base_metal,AL,1,2.536970020512401,absolute
2014-06-27,chemical_energy,RU,1,2.6772080121913095,strongest
2014-06-27,chemical_energy,FG,-1,-5.374651414562096,weakest
2014-06-27,ferrous,RB,-1,-1.1577410193657418,absolute
2014-07-04,agriculture,JD,1,4.958235592669839,strongest
2014-07-04,agriculture,CF,-1,-3.1367148656534343,weakest
2014-07-04,base_metal,AL,1,0.6445033866354897,absolute
2014-07-04,chemical_energy,RU,1,3.804507882805123,strongest
2014-07-04,chemical_energy,FG,-1,-3.920755294403674,weakest
2014-07-04,ferrous,RB,-1,-0.8053659712738046,absolute
2014-07-11,agriculture,JD,1,3.8350537127007915,strongest
2014-07-11,agriculture,CF,-1,-4.572004572006858,weakest
2014-07-11,base_metal,AL,1,1.5884526258889902,absolute
2014-07-11,chemical_energy,MA,1,2.530743528349155,strongest
2014-07-11,chemical_energy,FG,-1,-1.6249434379296381,weakest
2014-07-11,ferrous,RB,1,0.27516357990796425,absolute
2014-07-18,agriculture,C,1,4.85957820769486,strongest
2014-07-18,agriculture,CF,-1,-7.596837631993171,weakest
2014-07-18,base_metal,AL,1,0.7964892410667874,absolute
2014-07-18,chemical_energy,FG,-1,-2.268725753063856,weakest
2014-07-18,ferrous,RB,1,3.1549371054153266,absolute
2014-07-25,agriculture,C,1,7.605808816897604,strongest
2014-07-25,agriculture,CF,-1,-6.972360922697452,weakest
2014-07-25,base_metal,AL,1,2.7678359516163877,absolute
2014-07-25,chemical_energy,RU,-1,-3.6284233357368874,weakest
2014-07-25,ferrous,RB,-1,-0.28712326428943385,absolute
2014-08-01,agriculture,C,1,6.793154290935418,strongest
2014-08-01,agriculture,M,-1,-6.436453520649492,weakest
2014-08-01,base_metal,AL,1,6.656410661990888,absolute
2014-08-01,chemical_energy,MA,-1,-5.369425779382772,weakest
2014-08-01,ferrous,RB,-1,-2.0558871737869535,absolute
2014-08-08,agriculture,C,1,11.241863356581396,strongest
2014-08-08,agriculture,CF,-1,-4.742380123172056,weakest
2014-08-08,base_metal,AL,1,3.137212338396265,absolute
2014-08-08,chemical_energy,FG,1,0.12566860569116928,strongest
2014-08-08,chemical_energy,MA,-1,-2.3923628790157516,weakest
2014-08-08,ferrous,RB,-1,-1.1805139684639054,absolute
2014-08-15,agriculture,C,1,6.84103725127514,strongest
2014-08-15,agriculture,P,-1,-4.591534795776019,weakest
2014-08-15,base_metal,AL,1,4.245911955720485,absolute
2014-08-15,chemical_energy,FG,1,2.865028384715462,strongest
2014-08-15,ferrous,RB,-1,-1.4007613763968634,absolute
2014-08-22,agriculture,C,1,7.194651267922584,strongest
2014-08-22,agriculture,P,-1,-6.852732539293662,weakest
2014-08-22,base_metal,AL,1,1.2782823489701958,absolute
2014-08-22,chemical_energy,FG,1,1.567700233075672,strongest
2014-08-22,chemical_energy,RU,-1,-2.1766418571976436,weakest
2014-08-22,ferrous,RB,-1,-0.8635938817079267,absolute
2014-08-29,agriculture,C,1,4.244683600407679,strongest
2014-08-29,agriculture,P,-1,-8.568418629095786,weakest
2014-08-29,base_metal,AL,1,1.0110264035383456,absolute
2014-08-29,chemical_energy,FG,1,4.02027205769038,strongest
2014-08-29,chemical_energy,RU,-1,-2.9380160472631416,weakest
2014-08-29,ferrous,RB,-1,-2.5591213104572152,absolute
2014-09-05,agriculture,CF,1,0.9242115716994275,strongest
2014-09-05,agriculture,P,-1,-8.9050723235153,weakest
2014-09-05,base_metal,AL,1,4.9363876469347066,absolute
2014-09-05,chemical_energy,FG,1,2.329929490042871,strongest
2014-09-05,chemical_energy,RU,-1,-6.4708110054640935,weakest
2014-09-05,ferrous,RB,-1,-6.314133200735725,absolute
2014-09-12,agriculture,C,1,1.102488213593614,strongest
2014-09-12,agriculture,P,-1,-8.089931866792059,weakest
2014-09-12,base_metal,AL,1,7.254356225353245,absolute
2014-09-12,chemical_energy,RU,-1,-6.8754665601314136,weakest
2014-09-12,ferrous,RB,-1,-13.105749396809609,absolute
2014-09-19,agriculture,CF,-1,-6.69412583947426,weakest
2014-09-19,base_metal,AL,1,3.141742393606335,absolute
2014-09-19,chemical_energy,FG,1,1.2107180490388025,strongest
2014-09-19,chemical_energy,MA,-1,-6.75372877092064,weakest
2014-09-19,ferrous,RB,-1,-7.993284947022377,absolute
2014-09-26,agriculture,M,-1,-7.479416945436083,weakest
2014-09-26,base_metal,AL,-1,-1.0794071741769082,absolute
2014-09-26,chemical_energy,MA,1,0.11080411858324579,strongest
2014-09-26,chemical_energy,RU,-1,-8.274453018945502,weakest
2014-09-26,ferrous,RB,-1,-7.603782363594831,absolute
2014-09-30,agriculture,M,-1,-7.813667503657265,weakest
2014-09-30,base_metal,AL,-1,-1.4451293845231423,absolute
2014-09-30,chemical_energy,FG,1,0.17942286282980918,strongest
2014-09-30,chemical_energy,RU,-1,-10.745048676749937,weakest
2014-09-30,ferrous,RB,-1,-8.532558687179858,absolute
2014-10-10,agriculture,P,1,0.3057196617740203,strongest
2014-10-10,agriculture,M,-1,-8.564201424031245,weakest
2014-10-10,base_metal,AL,-1,-2.6106596412908645,absolute
2014-10-10,chemical_energy,MA,1,0.8553688347580074,strongest
2014-10-10,chemical_energy,RU,-1,-7.57533477191636,weakest
2014-10-10,ferrous,RB,-1,-7.327649109670173,absolute
2014-10-17,agriculture,JD,1,1.8488997786601267,strongest
2014-10-17,agriculture,M,-1,-5.788177657900172,weakest
2014-10-17,base_metal,AL,-1,-9.361981029449769,absolute
2014-10-17,chemical_energy,RU,-1,-6.734620844345296,weakest
2014-10-17,ferrous,RB,-1,-5.138527522141857,absolute
2014-10-24,agriculture,JD,1,3.8199690537549342,strongest
2014-10-24,agriculture,M,-1,-1.8272159745203864,weakest
2014-10-24,base_metal,AL,-1,-8.009477066043509,absolute
2014-10-24,chemical_energy,RU,-1,-2.6067532378558624,weakest
2014-10-24,ferrous,RB,-1,-2.637114534249574,absolute
2014-10-31,agriculture,JD,1,6.283564539768662,strongest
2014-10-31,agriculture,P,-1,-0.27367769031268646,weakest
2014-10-31,base_metal,AL,-1,-3.3726645914168367,absolute
2014-10-31,chemical_energy,RU,1,1.8375064517553708,strongest
2014-10-31,chemical_energy,MA,-1,-5.444212275167898,weakest
2014-10-31,ferrous,RB,-1,-2.3897775293648182,absolute
2014-11-07,agriculture,M,1,7.793617682901536,strongest
2014-11-07,base_metal,AL,-1,-0.907017316467075,absolute
2014-11-07,chemical_energy,RU,1,3.3998182289025953,strongest
2014-11-07,chemical_energy,MA,-1,-5.964782510964525,weakest
2014-11-07,ferrous,RB,1,0.2697757173818732,absolute
2014-11-14,agriculture,M,1,4.901063436097,strongest
2014-11-14,agriculture,JD,-1,-0.1820938817504973,weakest
2014-11-14,base_metal,AL,1,0.35338736410344557,absolute
2014-11-14,chemical_energy,RU,1,1.0503975645497807,strongest
2014-11-14,chemical_energy,MA,-1,-6.006000198331699,weakest
2014-11-14,ferrous,RB,-1,-0.07983951880990785,absolute
2014-11-21,agriculture,C,1,4.150899296847958,strongest
2014-11-21,agriculture,CF,-1,-3.502390235937428,weakest
2014-11-21,base_metal,AL,1,0.035801238442188,absolute
2014-11-21,chemical_energy,FG,1,3.6865596172591073,strongest
2014-11-21,chemical_energy,MA,-1,-2.7439431227332336,weakest
2014-11-21,ferrous,RB,-1,-2.9568022230353574,absolute
2014-11-28,agriculture,C,1,3.486504305289749,strongest
2014-11-28,agriculture,CF,-1,-6.496654858184019,weakest
2014-11-28,base_metal,AL,-1,-0.6992519768392821,absolute
2014-11-28,chemical_energy,MA,1,1.7255320294945005,strongest
2014-11-28,chemical_energy,RU,-1,-2.8470609349048006,weakest
2014-11-28,ferrous,RB,-1,-3.358727258905995,absolute
2014-12-05,agriculture,C,1,6.050682001904584,strongest
2014-12-05,agriculture,P,-1,-3.5472183436087716,weakest
2014-12-05,base_metal,AL,-1,-2.4244215197271326,absolute
2014-12-05,chemical_energy,MA,1,2.706517181434505,strongest
2014-12-05,chemical_energy,RU,-1,-2.552315298386043,weakest
2014-12-05,ferrous,RB,-1,-0.42904529065641944,absolute
2014-12-12,agriculture,JD,1,4.59367630481603,strongest
2014-12-12,agriculture,P,-1,-4.27181243895829,weakest
2014-12-12,base_metal,AL,-1,-5.070648144035774,absolute
2014-12-12,chemical_energy,MA,1,5.3318033323598,strongest
2014-12-12,chemical_energy,RU,-1,-0.7568821178828864,weakest
2014-12-12,ferrous,RB,1,0.6045115322911538,absolute
2014-12-19,agriculture,JD,1,4.237184507891007,strongest
2014-12-19,agriculture,P,-1,-5.095323196498316,weakest
2014-12-19,base_metal,AL,-1,-3.5892120089674533,absolute
2014-12-19,chemical_energy,MA,1,0.5680749627880227,strongest
2014-12-19,chemical_energy,RU,-1,-3.2348748847405444,weakest
2014-12-19,ferrous,RB,1,1.5720413717695036,absolute
2014-12-26,agriculture,CF,1,1.2194402996834872,strongest
2014-12-26,agriculture,P,-1,-6.228503323132678,weakest
2014-12-26,base_metal,AL,-1,-6.162732499871643,absolute
2014-12-26,chemical_energy,FG,1,3.3956857602253248,strongest
2014-12-26,chemical_energy,MA,-1,-6.271263209148166,weakest
2014-12-26,ferrous,RB,1,3.567191606848843,absolute
2014-12-31,agriculture,CF,1,2.4634629947850324,strongest
2014-12-31,agriculture,P,-1,-5.7911490099495495,weakest
2014-12-31,base_metal,AL,-1,-5.774485468991665,absolute
2014-12-31,chemical_energy,FG,1,3.4658649454688573,strongest
2014-12-31,chemical_energy,MA,-1,-4.7354613336737,weakest
2014-12-31,ferrous,RB,1,1.1894637173917417,absolute
2015-01-09,agriculture,CF,1,2.6879564665499345,strongest
2015-01-09,agriculture,JD,-1,-3.2356876144185707,weakest
2015-01-09,base_metal,AL,-1,-3.3493390436516437,absolute
2015-01-09,chemical_energy,FG,1,4.803161014501317,strongest
2015-01-09,chemical_energy,MA,-1,-7.1301115220885025,weakest
2015-01-09,ferrous,RB,1,1.5562777522526179,absolute
2015-01-16,agriculture,CF,1,1.216937892467195,strongest
2015-01-16,agriculture,JD,-1,-5.615745980580165,weakest
2015-01-16,base_metal,AL,-1,-4.369915059184252,absolute
2015-01-16,chemical_energy,RU,1,4.701425202601569,strongest
2015-01-16,chemical_energy,MA,-1,-5.2345817131749515,weakest
2015-01-16,ferrous,RB,-1,-0.1350064078810158,absolute
2015-01-23,agriculture,SR,1,4.49580753747204,strongest
2015-01-23,agriculture,JD,-1,-5.039986791378151,weakest
2015-01-23,base_metal,AL,-1,-3.509002619530735,absolute
2015-01-23,chemical_energy,FG,1,1.4202626215375407,strongest
2015-01-23,chemical_energy,MA,-1,-2.71826690370714,weakest
2015-01-23,ferrous,RB,-1,-0.6288410218198942,absolute
2015-01-30,agriculture,SR,1,7.914122529889204,strongest
2015-01-30,agriculture,JD,-1,-5.01985815751471,weakest
2015-01-30,base_metal,AL,-1,-3.186813598674453,absolute
2015-01-30,chemical_energy,RU,1,2.6420733781060104,strongest
2015-01-30,chemical_energy,MA,-1,-0.8941004595950406,weakest
2015-01-30,ferrous,RB,-1,-0.27939647285510827,absolute
2015-02-06,agriculture,C,1,8.418729120241368,strongest
2015-02-06,agriculture,P,-1,-9.319617580624513,weakest
2015-02-06,base_metal,AL,-1,-2.8954546426336294,absolute
2015-02-06,chemical_energy,FG,-1,-4.218916508486066,weakest
2015-02-06,ferrous,RB,-1,-2.7581401929212537,absolute
2015-02-13,agriculture,C,1,7.14944721613125,strongest
2015-02-13,agriculture,M,-1,-3.158205225333556,weakest
2015-02-13,base_metal,AL,1,3.6861865295605574,absolute
2015-02-13,chemical_energy,MA,1,3.58510038720578,strongest
2015-02-13,chemical_energy,FG,-1,-2.4705072511351784,weakest
2015-02-13,ferrous,RB,-1,-2.168374481774707,absolute
2015-02-17,agriculture,C,1,8.095345148749654,strongest
2015-02-17,agriculture,M,-1,-1.6577629197857342,weakest
2015-02-17,base_metal,AL,1,2.7407403398019876,absolute
2015-02-17,chemical_energy,MA,1,6.776718903862192,strongest
2015-02-17,ferrous,RB,-1,-0.9114545387657979,absolute
2015-02-27,agriculture,C,1,7.396521285833154,strongest
2015-02-27,agriculture,JD,-1,-0.8582483741900185,weakest
2015-02-27,base_metal,AL,1,1.795487335446495,absolute
2015-02-27,chemical_energy,MA,1,6.911979936417064,strongest
2015-02-27,ferrous,RB,1,0.17951340879895009,absolute
2015-03-06,agriculture,M,1,8.906150294772258,strongest
2015-03-06,base_metal,AL,1,0.466096842977563,absolute
2015-03-06,chemical_energy,MA,1,7.788813484558517,strongest
2015-03-06,ferrous,RB,-1,-0.7508826647752698,absolute
2015-03-13,agriculture,C,1,5.560347925345507,strongest
2015-03-13,base_metal,AL,1,0.6880813968200078,absolute
2015-03-13,chemical_energy,MA,1,10.205194433843756,strongest
2015-03-13,ferrous,RB,-1,-3.3799111796707746,absolute
2015-03-20,agriculture,C,1,4.703898510565788,strongest
2015-03-20,agriculture,CF,-1,-0.9656117279016875,weakest
2015-03-20,base_metal,AL,-1,-2.8659512313439923,absolute
2015-03-20,chemical_energy,MA,1,5.749870366122183,strongest
2015-03-20,chemical_energy,RU,-1,-1.1209584363117306,weakest
2015-03-20,ferrous,RB,-1,-2.7388579522716374,absolute
2015-03-27,agriculture,C,1,1.6429025054362154,strongest
2015-03-27,agriculture,CF,-1,-4.985576465790666,weakest
2015-03-27,base_metal,AL,1,1.4639544085376386,absolute
2015-03-27,chemical_energy,MA,1,1.9482133102718933,strongest
2015-03-27,chemical_energy,RU,-1,-2.6776117604308327,weakest
2015-03-27,ferrous,RB,-1,-3.8375604332362223,absolute
2015-04-03,agriculture,SR,1,2.175824033067427,strongest
2015-04-03,agriculture,JD,-1,-4.999302581613705,weakest
2015-04-03,base_metal,AL,1,4.050196476641853,absolute
2015-04-03,chemical_energy,MA,1,0.6424827578459847,strongest
2015-04-03,chemical_energy,RU,-1,-2.596043115039557,weakest
2015-04-03,ferrous,RB,-1,-1.7840735472677456,absolute
2015-04-10,agriculture,SR,1,3.79631237584441,strongest
2015-04-10,agriculture,JD,-1,-6.443291090136075,weakest
2015-04-10,base_metal,AL,1,4.989359376992762,absolute
2015-04-10,chemical_energy,MA,1,0.42478331276571274,strongest
2015-04-10,chemical_energy,FG,-1,-1.733527949786784,weakest
2015-04-10,ferrous,RB,-1,-4.974780409300984,absolute
2015-04-17,agriculture,SR,1,5.953488966698378,strongest
2015-04-17,agriculture,M,-1,-5.397256890324872,weakest
2015-04-17,base_metal,AL,1,2.239632683703123,absolute
2015-04-17,chemical_energy,RU,-1,-2.3453344400507845,weakest
2015-04-17,ferrous,RB,-1,-6.961778544679981,absolute
2015-04-24,agriculture,SR,1,9.051250413238375,strongest
2015-04-24,agriculture,JD,-1,-2.857660245389578,weakest
2015-04-24,base_metal,AL,-1,-1.2688392038997922,absolute
2015-04-24,chemical_energy,MA,1,4.30503890435828,strongest
2015-04-24,chemical_energy,FG,-1,-1.038253813832503,weakest
2015-04-24,ferrous,RB,-1,-4.43227302695272,absolute
2015-04-30,agriculture,SR,1,5.717416559760154,strongest
2015-04-30,agriculture,M,-1,-3.1021355594612063,weakest
2015-04-30,base_metal,AL,-1,-1.305398385550083,absolute
2015-04-30,chemical_energy,MA,1,2.7326869337694055,strongest
2015-04-30,chemical_energy,FG,-1,-0.2383894113957313,weakest
2015-04-30,ferrous,RB,-1,-5.198628303273413,absolute
2015-05-08,agriculture,P,1,3.910225389107276,strongest
2015-05-08,agriculture,C,-1,-1.1626601636447695,weakest
2015-05-08,base_metal,AL,-1,-0.32634326384400675,absolute
2015-05-08,chemical_energy,RU,1,5.9092031527085656,strongest
2015-05-08,ferrous,RB,-1,-0.5904111057568826,absolute
2015-05-15,agriculture,P,1,4.6569035900429645,strongest
2015-05-15,agriculture,C,-1,-0.8177733223654976,weakest
2015-05-15,base_metal,AL,1,1.7585977315848638,absolute
2015-05-15,chemical_energy,RU,1,7.228357714944791,strongest
2015-05-15,ferrous,RB,1,3.0378267672546833,absolute
2015-05-22,agriculture,P,1,5.15104550365686,strongest
2015-05-22,agriculture,M,-1,-0.9162538495764494,weakest
2015-05-22,base_metal,AL,1,1.4196931116750895,absolute
2015-05-22,chemical_energy,FG,1,4.317907953923746,strongest
2015-05-22,chemical_energy,MA,-1,-0.625645513608541,weakest
2015-05-22,ferrous,RB,1,1.4915114623219732,absolute
2015-05-29,agriculture,P,1,0.7332990652998952,strongest
2015-05-29,agriculture,M,-1,-4.3347564165865435,weakest
2015-05-29,base_metal,AL,1,0.04661360158642134,absolute
2015-05-29,chemical_energy,RU,1,1.3634796475772606,strongest
2015-05-29,chemical_energy,MA,-1,-2.046630030521005,weakest
2015-05-29,ferrous,RB,1,0.793650805583149,absolute
2015-06-05,agriculture,P,1,2.689440997773589,strongest
2015-06-05,agriculture,M,-1,-7.124920913969588,weakest
2015-06-05,base_metal,AL,-1,-1.6763247236194752,absolute
2015-06-05,chemical_energy,FG,1,1.6465757735462543,strongest
2015-06-05,chemical_energy,MA,-1,-3.5345218187884204,weakest
2015-06-05,ferrous,RB,-1,-0.24835780815244596,absolute
2015-06-12,agriculture,P,1,2.276732398030057,strongest
2015-06-12,agriculture,C,-1,-5.453750278922987,weakest
2015-06-12,base_metal,AL,-1,-7.049184456632693,absolute
2015-06-12,chemical_energy,FG,1,0.07960435796908942,strongest
2015-06-12,chemical_energy,MA,-1,-3.655081779729348,weakest
2015-06-12,ferrous,RB,-1,-3.554103543162488,absolute
2015-06-19,agriculture,JD,-1,-7.408403342012018,weakest
2015-06-19,base_metal,AL,-1,-11.447315956800157,absolute
2015-06-19,chemical_energy,FG,1,0.5716988697476367,strongest
2015-06-19,chemical_energy,MA,-1,-2.276220135544491,weakest
2015-06-19,ferrous,RB,-1,-3.0644568699880366,absolute
2015-06-26,agriculture,JD,-1,-7.1181671553590045,weakest
2015-06-26,base_metal,AL,-1,-12.337287663307432,absolute
2015-06-26,chemical_energy,FG,1,1.3472803270651266,strongest
2015-06-26,chemical_energy,RU,-1,-0.4289269857488853,weakest
2015-06-26,ferrous,RB,-1,-4.1059193235730485,absolute
2015-07-03,agriculture,M,1,1.2267856601574176,strongest
2015-07-03,agriculture,JD,-1,-4.288438785193527,weakest
2015-07-03,base_metal,AL,-1,-7.4969735142588965,absolute
2015-07-03,chemical_energy,MA,1,2.1456186999509823,strongest
2015-07-03,chemical_energy,RU,-1,-4.719740632534673,weakest
2015-07-03,ferrous,RB,-1,-5.892326248305793,absolute
2015-07-10,agriculture,M,1,3.2678115575055084,strongest
2015-07-10,agriculture,SR,-1,-4.93722652789816,weakest
2015-07-10,base_metal,AL,-1,-5.2492819352278195,absolute
2015-07-10,chemical_energy,MA,1,0.8666011572163734,strongest
2015-07-10,chemical_energy,FG,-1,-4.309026248708167,weakest
2015-07-10,ferrous,RB,-1,-9.357259034158393,absolute
2015-07-17,agriculture,M,1,2.760631442683143,strongest
2015-07-17,agriculture,SR,-1,-4.613111951904443,weakest
2015-07-17,base_metal,AL,-1,-2.5765866185521547,absolute
2015-07-17,chemical_energy,RU,-1,-6.262656262882178,weakest
2015-07-17,ferrous,RB,-1,-6.483920069006511,absolute
2015-07-24,agriculture,M,1,3.2923480515716204,strongest
2015-07-24,agriculture,SR,-1,-2.869085378433603,weakest
2015-07-24,base_metal,AL,-1,-1.0365876875209779,absolute
2015-07-24,chemical_energy,RU,-1,-4.340238402381424,weakest
2015-07-24,ferrous,RB,-1,-4.593169747884716,absolute
2015-07-31,agriculture,JD,1,2.956816739323095,strongest
2015-07-31,agriculture,SR,-1,-4.360027905523185,weakest
2015-07-31,base_metal,AL,-1,-2.9143540412454363,absolute
2015-07-31,chemical_energy,FG,-1,-4.793642771542801,weakest
2015-07-31,ferrous,RB,-1,-3.7523812000549497,absolute
2015-08-07,agriculture,JD,1,3.8710496714930107,strongest
2015-08-07,agriculture,C,-1,-4.613325394351227,weakest
2015-08-07,base_metal,AL,-1,-2.67805517024897,absolute
2015-08-07,chemical_energy,RU,-1,-5.109610910059515,weakest
2015-08-07,ferrous,RB,-1,-1.2392976809948175,absolute
2015-08-14,agriculture,JD,1,0.6903527515917882,strongest
2015-08-14,agriculture,CF,-1,-6.739264484713457,weakest
2015-08-14,base_metal,AL,-1,-5.827409463890134,absolute
2015-08-14,chemical_energy,FG,1,1.4712104945357274,strongest
2015-08-14,chemical_energy,MA,-1,-8.825139818270555,weakest
2015-08-14,ferrous,RB,1,0.2815755881826057,absolute
2015-08-21,agriculture,JD,1,0.33144065447106014,strongest
2015-08-21,agriculture,P,-1,-4.049105356747521,weakest
2015-08-21,base_metal,AL,-1,-5.237095974219993,absolute
2015-08-21,chemical_energy,FG,1,4.653415020904963,strongest
2015-08-21,chemical_energy,RU,-1,-3.877778588673468,weakest
2015-08-21,ferrous,RB,1,0.9760268798405566,absolute
2015-08-28,agriculture,SR,1,0.8745336662960551,strongest
2015-08-28,agriculture,P,-1,-6.873163788562822,weakest
2015-08-28,base_metal,AL,-1,-3.4329442342959067,absolute
2015-08-28,chemical_energy,FG,1,6.56483817382806,strongest
2015-08-28,chemical_energy,MA,-1,-4.20065457799882,weakest
2015-08-28,ferrous,RB,-1,-0.8496788579460645,absolute
2015-09-02,agriculture,C,1,0.30901880308833307,strongest
2015-09-02,agriculture,JD,-1,-8.307519669993646,weakest
2015-09-02,base_metal,AL,-1,-5.548781521915668,absolute
2015-09-02,chemical_energy,FG,1,0.5841949379396854,strongest
2015-09-02,chemical_energy,RU,-1,-6.199755190310565,weakest
2015-09-02,ferrous,RB,-1,-5.726528150598485,absolute
2015-09-11,agriculture,JD,-1,-7.3859046108705915,weakest
2015-09-11,base_metal,AL,-1,-3.1939570400012705,absolute
2015-09-11,chemical_energy,RU,-1,-3.8117699736686617,weakest
2015-09-11,ferrous,RB,-1,-4.543640312965543,absolute
2015-09-18,agriculture,SR,1,2.9054219761615157,strongest
2015-09-18,agriculture,JD,-1,-4.080993932956694,weakest
2015-09-18,base_metal,AL,-1,-0.9705360598414676,absolute
2015-09-18,chemical_energy,FG,-1,-3.579131768065454,weakest
2015-09-18,ferrous,RB,-1,-3.798321874180555,absolute
2015-09-25,agriculture,SR,1,0.6991233072425744,strongest
2015-09-25,agriculture,JD,-1,-6.685385826214745,weakest
2015-09-25,base_metal,AL,1,0.576868541722194,absolute
2015-09-25,chemical_energy,FG,-1,-2.9499301969798144,weakest
2015-09-25,ferrous,RB,-1,-3.687298340275594,absolute
2015-09-30,agriculture,SR,1,5.717220798517273,strongest
2015-09-30,agriculture,JD,-1,-5.578186549599482,weakest
2015-09-30,base_metal,AL,-1,-0.7232922181774439,absolute
2015-09-30,chemical_energy,MA,1,1.0211740653489294,strongest
2015-09-30,chemical_energy,FG,-1,-1.592487660596635,weakest
2015-09-30,ferrous,RB,-1,-1.4246944429639663,absolute
2015-10-09,agriculture,P,1,5.747611573365968,strongest
2015-10-09,agriculture,C,-1,-5.222016736857807,weakest
2015-10-09,base_metal,AL,-1,-0.7893677508934154,absolute
2015-10-09,chemical_energy,RU,1,2.5874898742841625,strongest
2015-10-09,chemical_energy,FG,-1,-2.51851583849816,weakest
2015-10-09,ferrous,RB,-1,-2.0457297987363514,absolute
2015-10-16,agriculture,SR,1,6.988263391196139,strongest
2015-10-16,agriculture,C,-1,-5.091803676669278,weakest
2015-10-16,base_metal,AL,-1,-2.853045140582214,absolute
2015-10-16,chemical_energy,MA,1,3.326631302880038,strongest
2015-10-16,chemical_energy,FG,-1,-0.5338186083054849,weakest
2015-10-16,ferrous,RB,-1,-4.475992391881769,absolute
2015-10-23,agriculture,P,1,4.705148074563728,strongest
2015-10-23,agriculture,JD,-1,-7.765404935621765,weakest
2015-10-23,base_metal,AL,-1,-9.026727116794392,absolute
2015-10-23,chemical_energy,MA,1,0.4862900195583343,strongest
2015-10-23,chemical_energy,FG,-1,-1.9681936916286957,weakest
2015-10-23,ferrous,RB,-1,-6.217028986137572,absolute
2015-10-30,agriculture,P,1,4.079945986727082,strongest
2015-10-30,agriculture,JD,-1,-5.14647991281233,weakest
2015-10-30,base_metal,AL,-1,-14.869607142307114,absolute
2015-10-30,chemical_energy,FG,1,1.7616539265319058,strongest
2015-10-30,chemical_energy,MA,-1,-1.1585174604173214,weakest
2015-10-30,ferrous,RB,-1,-7.281988668046479,absolute
2015-11-06,agriculture,M,-1,-4.467192624230459,weakest
2015-11-06,base_metal,AL,-1,-12.586252622801249,absolute
2015-11-06,chemical_energy,FG,1,6.076790863467418,strongest
2015-11-06,chemical_energy,RU,-1,-3.7512804798926638,weakest
2015-11-06,ferrous,RB,-1,-6.800714512578166,absolute
2015-11-13,agriculture,C,1,2.8092273082772543,strongest
2015-11-13,agriculture,M,-1,-5.856927740953963,weakest
2015-11-13,base_metal,AL,-1,-8.580087998151093,absolute
2015-11-13,chemical_energy,FG,1,3.253876916497456,strongest
2015-11-13,chemical_energy,RU,-1,-7.681363009893229,weakest
2015-11-13,ferrous,RB,-1,-5.053705575698581,absolute
2015-11-20,agriculture,JD,1,3.0787081843329624,strongest
2015-11-20,agriculture,M,-1,-10.591559311040262,weakest
2015-11-20,base_metal,AL,-1,-6.921851513140406,absolute
2015-11-20,chemical_energy,FG,1,5.298549505824369,strongest
2015-11-20,chemical_energy,RU,-1,-3.771696140572359,weakest
2015-11-20,ferrous,RB,-1,-5.396196752708252,absolute
2015-11-27,agriculture,JD,1,2.655923743800843,strongest
2015-11-27,agriculture,M,-1,-11.009158584523519,weakest
2015-11-27,base_metal,AL,-1,-4.38717310664733,absolute
2015-11-27,chemical_energy,RU,-1,-4.885044381734954,weakest
2015-11-27,ferrous,RB,-1,-7.328414898576126,absolute
2015-12-04,agriculture,C,1,3.6484393736485057,strongest
2015-12-04,agriculture,M,-1,-3.9869721213321596,weakest
2015-12-04,base_metal,AL,1,0.34839151774483185,absolute
2015-12-04,chemical_energy,FG,1,0.9480824218381889,strongest
2015-12-04,chemical_energy,MA,-1,-0.06680834803891837,weakest
2015-12-04,ferrous,RB,-1,-6.866817019361942,absolute
2015-12-11,agriculture,P,1,1.9430078235486163,strongest
2015-12-11,agriculture,M,-1,-2.2357776156601616,weakest
2015-12-11,base_metal,AL,-1,-1.094351952403203,absolute
2015-12-11,chemical_energy,RU,1,2.480767173862208,strongest
2015-12-11,chemical_energy,MA,-1,-2.0713093879585345,weakest
2015-12-11,ferrous,RB,-1,-6.692797030159545,absolute
2015-12-11,government_bond,T,1,1.3797181273121484,absolute
2015-12-18,agriculture,P,1,3.6375690909511142,strongest
2015-12-18,agriculture,CF,-1,-3.5084168991213067,weakest
2015-12-18,base_metal,AL,1,2.889654970407287,absolute
2015-12-18,chemical_energy,RU,1,0.9819057787109168,strongest
2015-12-18,chemical_energy,MA,-1,-1.8246873668646963,weakest
2015-12-18,ferrous,RB,-1,-4.464227114015116,absolute
2015-12-18,government_bond,T,1,4.5765076393089785,absolute
2015-12-25,agriculture,C,1,5.630058700902656,strongest
2015-12-25,agriculture,CF,-1,-4.849814348311177,weakest
2015-12-25,base_metal,AL,1,4.066400935643941,absolute
2015-12-25,chemical_energy,RU,1,3.600256223397425,strongest
2015-12-25,ferrous,RB,1,0.7091654147001295,absolute
2015-12-25,government_bond,T,1,4.2290729361462045,absolute
2015-12-31,agriculture,C,1,2.810869989702457,strongest
2015-12-31,agriculture,CF,-1,-3.340297608799404,weakest
2015-12-31,base_metal,AL,1,4.671413545158736,absolute
2015-12-31,chemical_energy,FG,1,2.007338047514911,strongest
2015-12-31,ferrous,RB,1,1.7845042896644143,absolute
2015-12-31,government_bond,T,1,4.7380607613404395,absolute
2016-01-08,agriculture,P,1,2.5584703646261215,strongest
2016-01-08,agriculture,JD,-1,-1.8470789540313084,weakest
2016-01-08,base_metal,AL,1,4.111819823987842,absolute
2016-01-08,chemical_energy,MA,1,3.5710293374106623,strongest
2016-01-08,ferrous,RB,1,7.14263157423092,absolute
2016-01-08,government_bond,T,1,3.9835775744020525,absolute
2016-01-15,agriculture,M,1,3.0224326853957137,strongest
2016-01-15,base_metal,AL,1,2.2259928131606257,absolute
2016-01-15,chemical_energy,MA,1,6.2749788619642635,strongest
2016-01-15,ferrous,RB,1,5.253872134412634,absolute
2016-01-15,government_bond,T,1,3.5559003843407586,absolute
2016-01-22,agriculture,M,1,2.7129840389891005,strongest
2016-01-22,agriculture,SR,-1,-1.9152421421221424,weakest
2016-01-22,base_metal,AL,1,0.9331291243148638,absolute
2016-01-22,chemical_energy,MA,1,2.3186327418411166,strongest
2016-01-22,chemical_energy,RU,-1,-1.2201655802611466,weakest
2016-01-22,ferrous,RB,1,4.519142003108393,absolute
2016-01-22,government_bond,T,1,4.776083290458256,absolute
2016-01-29,agriculture,M,1,2.2109177611221855,strongest
2016-01-29,agriculture,SR,-1,-2.50878582850597,weakest
2016-01-29,base_metal,AL,-1,-0.41864552778096603,absolute
2016-01-29,chemical_energy,FG,1,3.4624655197283296,strongest
2016-01-29,chemical_energy,RU,-1,-0.8407375845184168,weakest
2016-01-29,ferrous,RB,1,4.368702081659644,absolute
2016-01-29,government_bond,T,1,0.45462595152140883,absolute
2016-02-05,agriculture,C,1,2.983836274193844,strongest
2016-02-05,agriculture,SR,-1,-5.857569223686152,weakest
2016-02-05,base_metal,AL,-1,-0.6010884811454393,absolute
2016-02-05,chemical_energy,FG,1,2.017778127403648,strongest
2016-02-05,chemical_energy,RU,-1,-1.35645340545166,weakest
2016-02-05,ferrous,RB,1,1.1742468876823944,absolute
2016-02-05,government_bond,T,1,0.9125893617356737,absolute
2016-02-19,agriculture,C,1,3.968969777986117,strongest
2016-02-19,agriculture,SR,-1,-2.773525882145244,weakest
2016-02-19,base_metal,AL,1,0.3059003484929219,absolute
2016-02-19,chemical_energy,FG,1,2.2951596402300107,strongest
2016-02-19,ferrous,RB,1,3.297570712318342,absolute
2016-02-19,government_bond,T,1,0.29675456219872015,absolute
2016-02-26,agriculture,P,1,5.692941703515945,strongest
2016-02-26,agriculture,SR,-1,-1.5466510811323255,weakest
2016-02-26,base_metal,AL,1,3.3040946758202576,absolute
2016-02-26,chemical_energy,MA,1,6.669620354726819,strongest
2016-02-26,ferrous,RB,1,4.570930698830996,absolute
2016-02-26,government_bond,T,-1,-0.5725473682065165,absolute
2016-03-04,agriculture,P,1,4.448314058260144,strongest
2016-03-04,agriculture,CF,-1,-6.809263898474989,weakest
2016-03-04,base_metal,AL,1,3.8689857923134063,absolute
2016-03-04,chemical_energy,FG,1,5.0307645615816385,strongest
2016-03-04,chemical_energy,RU,-1,-0.14011065737467374,weakest
2016-03-04,ferrous,RB,1,3.3288700268827265,absolute
2016-03-04,government_bond,T,-1,-0.9610555730288443,absolute
2016-03-11,agriculture,P,1,4.999232952361831,strongest
2016-03-11,agriculture,CF,-1,-4.40454563287783,weakest
2016-03-11,base_metal,AL,1,5.949684774186882,absolute
2016-03-11,chemical_energy,FG,1,8.050023793460502,strongest
2016-03-11,ferrous,RB,1,5.984636994055071,absolute
2016-03-11,government_bond,T,-1,-2.2323670111641363,absolute
2016-03-18,agriculture,P,1,3.788806981746492,strongest
2016-03-18,agriculture,M,-1,-4.664558694932047,weakest
2016-03-18,base_metal,AL,1,5.242949336518779,absolute
2016-03-18,chemical_energy,FG,1,6.832317961012874,strongest
2016-03-18,ferrous,RB,1,4.157432880927475,absolute
2016-03-18,government_bond,T,1,0.42296669242569845,absolute
2016-03-25,agriculture,JD,1,4.0235892318330215,strongest
2016-03-25,agriculture,M,-1,-1.7336809733956606,weakest
2016-03-25,base_metal,AL,1,3.8097125776458016,absolute
2016-03-25,chemical_energy,FG,1,4.570376741394761,strongest
2016-03-25,ferrous,RB,1,4.468506908970259,absolute
2016-03-25,government_bond,T,-1,-0.32111391052439064,absolute
2016-04-01,agriculture,P,1,6.5672429591550285,strongest
2016-04-01,agriculture,C,-1,-0.10417635613849512,weakest
2016-04-01,base_metal,AL,1,4.303542138904028,absolute
2016-04-01,chemical_energy,RU,1,3.7988130678646144,strongest
2016-04-01,ferrous,RB,1,4.878671857920518,absolute
2016-04-01,government_bond,T,1,1.4697064171083134,absolute
2016-04-08,agriculture,P,1,6.769748164754056,strongest
2016-04-08,agriculture,C,-1,-3.996512027415147,weakest
2016-04-08,base_metal,AL,1,4.71498464763315,absolute
2016-04-08,chemical_energy,MA,1,2.068382645629671,strongest
2016-04-08,ferrous,RB,1,3.1962434310759322,absolute
2016-04-08,government_bond,T,1,3.223312831300079,absolute
2016-04-15,agriculture,P,1,4.280457725419136,strongest
2016-04-15,agriculture,C,-1,-2.3794354049537896,weakest
2016-04-15,base_metal,AL,1,3.9339749574540295,absolute
2016-04-15,chemical_energy,RU,1,0.9449835675612791,strongest
2016-04-15,chemical_energy,MA,-1,-2.666971017232597,weakest
2016-04-15,ferrous,RB,1,2.439436961851146,absolute
2016-04-15,government_bond,T,1,1.1626873568751974,absolute
2016-04-22,agriculture,M,1,5.782843443318859,strongest
2016-04-22,agriculture,C,-1,-0.42101609652335564,weakest
2016-04-22,base_metal,AL,1,6.6372471784441185,absolute
2016-04-22,chemical_energy,RU,1,2.358962050051163,strongest
2016-04-22,chemical_energy,MA,-1,-1.2497842659205909,weakest
2016-04-22,ferrous,RB,1,4.175655494940905,absolute
2016-04-22,government_bond,T,-1,-1.078540646256362,absolute
2016-04-29,agriculture,CF,1,6.601940221409739,strongest
2016-04-29,agriculture,SR,-1,-0.10609621280530995,weakest
2016-04-29,base_metal,AL,1,8.127340406185555,absolute
2016-04-29,chemical_energy,RU,1,4.60493441510289,strongest
2016-04-29,ferrous,RB,1,5.909400725173782,absolute
2016-04-29,government_bond,T,-1,-2.4190530188130674,absolute
2016-05-06,agriculture,M,1,5.348024336383575,strongest
2016-05-06,agriculture,SR,-1,-0.8160649147167837,weakest
2016-05-06,base_metal,AL,1,4.164902170792728,absolute
2016-05-06,chemical_energy,RU,1,4.404510731153989,strongest
2016-05-06,ferrous,RB,1,4.858749704232883,absolute
2016-05-06,government_bond,T,-1,-0.8135713285523485,absolute
2016-05-13,agriculture,CF,1,4.634469332728789,strongest
2016-05-13,agriculture,P,-1,-2.012872660946356,weakest
2016-05-13,base_metal,AL,1,2.68751377786389,absolute
2016-05-13,chemical_energy,RU,1,1.9868272600825159,strongest
2016-05-13,chemical_energy,FG,-1,-1.1537948227451273,weakest
2016-05-13,ferrous,RB,1,1.4179645881289176,absolute
2016-05-13,government_bond,T,1,1.9150584279443699,absolute
2016-05-20,agriculture,M,1,4.777815034914825,strongest
2016-05-20,agriculture,P,-1,-2.8537877772857416,weakest
2016-05-20,base_metal,AL,1,0.584969700978838,absolute
2016-05-20,chemical_energy,RU,-1,-3.7250181833193987,weakest
2016-05-20,ferrous,RB,-1,-2.6920223647836248,absolute
2016-05-20,government_bond,T,1,5.473243025349506,absolute
2016-05-27,agriculture,M,1,3.0063936553928157,strongest
2016-05-27,agriculture,P,-1,-6.452112751983889,weakest
2016-05-27,base_metal,AL,1,0.27207092475907607,absolute
2016-05-27,chemical_energy,RU,-1,-9.012881222920427,weakest
2016-05-27,ferrous,RB,-1,-8.539199874042488,absolute
2016-05-27,government_bond,T,1,4.0398041145878185,absolute
2016-06-03,agriculture,M,1,3.294074439974478,strongest
2016-06-03,agriculture,P,-1,-2.0120646105629034,weakest
2016-06-03,base_metal,AL,-1,-1.2891810577331517,absolute
2016-06-03,chemical_energy,RU,-1,-6.901071874970775,weakest
2016-06-03,ferrous,RB,-1,-6.137802942150382,absolute
2016-06-03,government_bond,T,1,3.221811914439613,absolute
2016-06-08,agriculture,C,1,3.4365141815219524,strongest
2016-06-08,agriculture,JD,-1,-3.2847268123639077,weakest
2016-06-08,base_metal,AL,-1,-2.1205534002798014,absolute
2016-06-08,chemical_energy,FG,1,3.223924808789681,strongest
2016-06-08,chemical_energy,RU,-1,-8.43459532332849,weakest
2016-06-08,ferrous,RB,-1,-5.808720950141304,absolute
2016-06-08,government_bond,T,1,2.392399509075418,absolute
2016-06-17,agriculture,M,1,5.758620438525779,strongest
2016-06-17,agriculture,P,-1,-1.287667917337765,weakest
2016-06-17,base_metal,AL,-1,-0.39584833283096316,absolute
2016-06-17,chemical_energy,FG,1,3.2382633215172847,strongest
2016-06-17,chemical_energy,RU,-1,-4.97998088463143,weakest
2016-06-17,ferrous,RB,-1,-0.7442977630610432,absolute
2016-06-17,government_bond,T,-1,-1.220256526826242,absolute
2016-06-24,agriculture,SR,1,4.162785534934269,strongest
2016-06-24,agriculture,P,-1,-0.7571442254763209,weakest
2016-06-24,base_metal,AL,-1,-0.6634055773027188,absolute
2016-06-24,chemical_energy,FG,1,2.081327441171289,strongest
2016-06-24,chemical_energy,RU,-1,-0.5951925194743489,weakest
2016-06-24,ferrous,RB,1,0.3012576826079292,absolute
2016-06-24,government_bond,T,1,5.072720751956171,absolute
2016-07-01,agriculture,M,1,4.450988029531487,strongest
2016-07-01,agriculture,JD,-1,-0.6066944593496416,weakest
2016-07-01,base_metal,AL,1,1.7282869029972627,absolute
2016-07-01,chemical_energy,FG,1,4.002739120348388,strongest
2016-07-01,ferrous,RB,1,3.922723146839602,absolute
2016-07-01,government_bond,T,1,4.864626037952978,absolute
2016-07-08,agriculture,CF,1,6.775210975446911,strongest
2016-07-08,agriculture,C,-1,-2.236595380221734,weakest
2016-07-08,base_metal,AL,1,4.915892424039327,absolute
2016-07-08,chemical_energy,RU,1,5.106918052798271,strongest
2016-07-08,ferrous,RB,1,6.185520278701398,absolute
2016-07-08,government_bond,T,1,7.259765346743085,absolute
2016-07-15,agriculture,CF,1,3.2488747031796352,strongest
2016-07-15,agriculture,P,-1,-4.504582566996648,weakest
2016-07-15,base_metal,AL,1,7.02535447208114,absolute
2016-07-15,chemical_energy,FG,1,1.2363526460990153,strongest
2016-07-15,chemical_energy,MA,-1,-0.1992708979005042,weakest
2016-07-15,ferrous,RB,1,5.177063771499332,absolute
2016-07-15,government_bond,T,1,7.452147592244224,absolute
2016-07-22,agriculture,CF,1,5.497164521113758,strongest
2016-07-22,agriculture,C,-1,-3.277446235984094,weakest
2016-07-22,base_metal,AL,1,6.283730708893137,absolute
2016-07-22,chemical_energy,FG,1,3.7436470416187193,strongest
2016-07-22,ferrous,RB,1,6.813045813996101,absolute
2016-07-22,government_bond,T,1,3.386452305380854,absolute
2016-07-29,agriculture,CF,1,3.915935768939012,strongest
2016-07-29,agriculture,C,-1,-2.7312005546341394,weakest
2016-07-29,base_metal,AL,1,0.9521995721535155,absolute
2016-07-29,chemical_energy,FG,1,1.6261079002460823,strongest
2016-07-29,chemical_energy,MA,-1,-0.12067288584225588,weakest
2016-07-29,ferrous,RB,1,1.9796932792109598,absolute
2016-07-29,government_bond,T,1,3.309616923874961,absolute
2016-08-05,agriculture,M,-1,-5.724789439989044,weakest
2016-08-05,base_metal,AL,-1,-2.0765306699464365,absolute
2016-08-05,chemical_energy,MA,-1,-3.1099294789840575,weakest
2016-08-05,ferrous,RB,1,0.7382487691807658,absolute
2016-08-05,government_bond,T,1,2.031162741243126,absolute
2016-08-12,agriculture,P,1,4.355086100470379,strongest
2016-08-12,agriculture,JD,-1,-4.685389088904094,weakest
2016-08-12,base_metal,AL,-1,-1.5120889159759983,absolute
2016-08-12,chemical_energy,FG,1,4.287199591335856,strongest
2016-08-12,ferrous,RB,1,1.0522259470185507,absolute
2016-08-12,government_bond,T,1,3.9012408605719195,absolute
2016-08-19,agriculture,P,1,3.427972382368473,strongest
2016-08-19,agriculture,JD,-1,-6.888583897462538,weakest
2016-08-19,base_metal,AL,-1,-1.435295304647299,absolute
2016-08-19,chemical_energy,FG,1,3.4425986040366143,strongest
2016-08-19,chemical_energy,RU,-1,-0.4981738818217925,weakest
2016-08-19,ferrous,RB,1,0.6085900348829428,absolute
2016-08-19,government_bond,T,1,7.99279501412546,absolute
2016-08-26,agriculture,P,1,8.362137329531636,strongest
2016-08-26,agriculture,JD,-1,-2.0501951582608915,weakest
2016-08-26,base_metal,AL,1,3.7078081846421513,absolute
2016-08-26,chemical_energy,FG,1,6.4262626124132485,strongest
2016-08-26,chemical_energy,RU,-1,-0.3881313947469669,weakest
2016-08-26,ferrous,RB,1,5.4907022956254705,absolute
2016-08-26,government_bond,T,1,2.985074534276565,absolute
2016-09-02,agriculture,P,1,5.574612373463516,strongest
2016-09-02,agriculture,JD,-1,-2.6283872513220774,weakest
2016-09-02,base_metal,AL,1,1.1483226904389863,absolute
2016-09-02,chemical_energy,FG,1,5.84752741435875,strongest
2016-09-02,chemical_energy,RU,-1,-1.3137706667107172,weakest
2016-09-02,ferrous,RB,1,2.646196055524188,absolute
2016-09-02,government_bond,T,1,2.101132823528718,absolute
2016-09-09,agriculture,P,1,2.8045769332300123,strongest
2016-09-09,agriculture,CF,-1,-6.015109915601124,weakest
2016-09-09,base_metal,AL,1,0.6298354592204117,absolute
2016-09-09,chemical_energy,FG,1,1.3660464326590556,strongest
2016-09-09,chemical_energy,MA,-1,-2.1414406608190477,weakest
2016-09-09,ferrous,RB,-1,-1.5439115557024126,absolute
2016-09-09,government_bond,T,-1,-1.5023937029157308,absolute
2016-09-14,agriculture,SR,1,2.8856845017531447,strongest
2016-09-14,agriculture,CF,-1,-3.0382339550289355,weakest
2016-09-14,base_metal,AL,-1,-2.019240570974012,absolute
2016-09-14,chemical_energy,FG,1,0.0397938848478969,strongest
2016-09-14,chemical_energy,RU,-1,-0.06379021067334978,weakest
2016-09-14,ferrous,RB,-1,-3.8844679227748062,absolute
2016-09-14,government_bond,T,-1,-2.6207045590164726,absolute
2016-09-23,agriculture,SR,1,3.315673422014356,strongest
2016-09-23,agriculture,JD,-1,-4.488778448452528,weakest
2016-09-23,base_metal,AL,-1,-2.7211197024013067,absolute
2016-09-23,chemical_energy,FG,-1,-4.4327984151396285,weakest
2016-09-23,ferrous,RB,-1,-6.400464886206309,absolute
2016-09-23,government_bond,T,-1,-1.862552078430006,absolute
2016-09-30,agriculture,SR,1,4.184905153140413,strongest
2016-09-30,agriculture,M,-1,-1.6337965776960477,weakest
2016-09-30,base_metal,AL,1,1.4502044306521786,absolute
2016-09-30,chemical_energy,RU,1,3.6434191377815313,strongest
2016-09-30,chemical_energy,FG,-1,-3.1630973619405465,weakest
2016-09-30,ferrous,RB,-1,-6.488003987956139,absolute
2016-09-30,government_bond,T,1,0.9513806248570095,absolute
2016-10-14,agriculture,SR,1,8.48564712800951,strongest
2016-10-14,agriculture,C,-1,-3.380291825208642,weakest
2016-10-14,base_metal,AL,1,2.652317947606052,absolute
2016-10-14,chemical_energy,MA,1,5.897016201248591,strongest
2016-10-14,chemical_energy,FG,-1,-4.138423352948201,weakest
2016-10-14,ferrous,RB,-1,-3.5285644047483298,absolute
2016-10-14,government_bond,T,1,3.7710767450970977,absolute
2016-10-21,agriculture,SR,1,8.346695170651566,strongest
2016-10-21,agriculture,M,-1,-2.9749417216788934,weakest
2016-10-21,base_metal,AL,1,7.345171471313171,absolute
2016-10-21,chemical_energy,RU,1,5.725624240046439,strongest
2016-10-21,chemical_energy,FG,-1,-5.7992548829679,weakest
2016-10-21,ferrous,RB,1,1.7316399734822858,absolute
2016-10-21,government_bond,T,1,5.566229617522282,absolute
2016-10-28,agriculture,SR,1,6.445199051366758,strongest
2016-10-28,agriculture,M,-1,-0.5562616793088307,weakest
2016-10-28,base_metal,AL,1,6.172891821171828,absolute
2016-10-28,chemical_energy,MA,1,5.076017888612425,strongest
2016-10-28,ferrous,RB,1,7.044771330082406,absolute
2016-10-28,government_bond,T,1,6.932127999855686,absolute
2016-11-04,agriculture,C,1,5.111864582666441,strongest
2016-11-04,base_metal,AL,1,7.192024225806615,absolute
2016-11-04,chemical_energy,MA,1,8.89065725150816,strongest
2016-11-04,ferrous,RB,1,6.2795578661951925,absolute
2016-11-04,government_bond,T,1,2.0269634915885097,absolute
2016-11-11,agriculture,C,1,5.933269660447354,strongest
2016-11-11,agriculture,M,-1,-1.3213204348056713,weakest
2016-11-11,base_metal,AL,1,4.596542366309922,absolute
2016-11-11,chemical_energy,FG,1,6.4940015612884565,strongest
2016-11-11,ferrous,RB,1,10.868076120601664,absolute
2016-11-11,government_bond,T,1,1.5215866421132425,absolute
2016-11-18,agriculture,C,1,8.85128051659939,strongest
2016-11-18,base_metal,AL,1,5.074075486562303,absolute
2016-11-18,chemical_energy,FG,1,9.81819214105995,strongest
2016-11-18,ferrous,RB,1,8.707071056719455,absolute
2016-11-18,government_bond,T,-1,-3.5326827518617723,absolute
2016-11-25,agriculture,C,1,4.5481756750033595,strongest
2016-11-25,base_metal,AL,1,3.7275274607629894,absolute
2016-11-25,chemical_energy,RU,1,4.588901606350269,strongest
2016-11-25,ferrous,RB,1,2.6009905233974555,absolute
2016-11-25,government_bond,T,-1,-7.898774098901663,absolute
2016-12-02,agriculture,P,1,2.8253953484564307,strongest
2016-12-02,agriculture,JD,-1,-0.5082564170661797,weakest
2016-12-02,base_metal,AL,1,1.7059152122964827,absolute
2016-12-02,chemical_energy,RU,1,6.2737675776988535,strongest
2016-12-02,ferrous,RB,1,4.353445891003153,absolute
2016-12-02,government_bond,T,-1,-5.594368480239,absolute
2016-12-09,agriculture,C,1,4.657886282606961,strongest
2016-12-09,base_metal,AL,1,1.0109649790673845,absolute
2016-12-09,chemical_energy,RU,1,5.062567532362434,strongest
2016-12-09,ferrous,RB,1,1.964001665013248,absolute
2016-12-09,government_bond,T,-1,-8.333720129654344,absolute
2016-12-16,agriculture,SR,1,1.913496484572239,strongest
2016-12-16,agriculture,JD,-1,-2.8460718274219396,weakest
2016-12-16,base_metal,AL,-1,-1.623584272906108,absolute
2016-12-16,chemical_energy,MA,1,4.869568243438588,strongest
2016-12-16,ferrous,RB,1,0.8743820379879378,absolute
2016-12-16,government_bond,T,-1,-6.791757448785518,absolute
2016-12-23,agriculture,P,1,4.6466639714934,strongest
2016-12-23,agriculture,CF,-1,-1.144148997292814,weakest
2016-12-23,base_metal,AL,-1,-1.6647223892408471,absolute
2016-12-23,chemical_energy,MA,1,8.113497847938175,strongest
2016-12-23,ferrous,RB,1,2.8618380521594555,absolute
2016-12-23,government_bond,T,-1,-4.877697838557209,absolute
2016-12-30,agriculture,M,-1,-2.596323796165352,weakest
2016-12-30,base_metal,AL,-1,-4.610339301447267,absolute
2016-12-30,chemical_energy,MA,1,3.255488530387063,strongest
2016-12-30,ferrous,RB,-1,-1.791714893482188,absolute
2016-12-30,government_bond,T,-1,-3.1586673616338783,absolute
2017-01-06,agriculture,SR,-1,-5.116471588443528,weakest
2017-01-06,base_metal,AL,-1,-3.6809969770900426,absolute
2017-01-06,chemical_energy,MA,1,4.5062995576938665,strongest
2017-01-06,ferrous,RB,-1,-2.2291229379112028,absolute
2017-01-06,government_bond,T,-1,-0.5114678225690382,absolute
2017-01-13,agriculture,SR,-1,-3.9031612922171277,weakest
2017-01-13,base_metal,AL,-1,-3.531820352991946,absolute
2017-01-13,chemical_energy,FG,-1,-3.030922748790005,weakest
2017-01-13,ferrous,RB,-1,-5.23381944875773,absolute
2017-01-13,government_bond,T,-1,-0.5672838330323717,absolute
2017-01-20,agriculture,CF,-1,-3.043485018338172,weakest
2017-01-20,base_metal,AL,1,1.7730045101333671,absolute
2017-01-20,chemical_energy,RU,1,0.496039329453585,strongest
2017-01-20,chemical_energy,MA,-1,-3.0489096031512646,weakest
2017-01-20,ferrous,RB,-1,-2.2829949566014327,absolute
2017-01-20,government_bond,T,1,3.674803332674036,absolute
2017-01-26,agriculture,M,1,4.038655814227353,strongest
2017-01-26,base_metal,AL,1,2.635245572284244,absolute
2017-01-26,chemical_energy,RU,1,2.5836803318012334,strongest
2017-01-26,chemical_energy,MA,-1,-0.24451878200004282,weakest
2017-01-26,ferrous,RB,1,0.8508304147802743,absolute
2017-01-26,government_bond,T,1,1.1802288577340052,absolute
2017-02-03,agriculture,C,1,4.950304213987623,strongest
2017-02-03,base_metal,AL,1,3.0450949416716435,absolute
2017-02-03,chemical_energy,FG,1,2.492844207212617,strongest
2017-02-03,ferrous,RB,1,1.7726303953188562,absolute
2017-02-03,government_bond,T,1,0.3202890897134587,absolute
2017-02-10,agriculture,CF,1,5.381114913772411,strongest
2017-02-10,agriculture,JD,-1,-1.7894904792269484,weakest
2017-02-10,base_metal,AL,1,4.88515420156874,absolute
2017-02-10,chemical_energy,RU,1,2.142443265492451,strongest
2017-02-10,ferrous,RB,1,1.3257376856418668,absolute
2017-02-10,government_bond,T,-1,-6.553606129988372,absolute
2017-02-17,agriculture,C,1,5.716507945768497,strongest
2017-02-17,agriculture,JD,-1,-0.5683133492705204,weakest
2017-02-17,base_metal,AL,1,6.588040238010174,absolute
2017-02-17,chemical_energy,MA,1,5.950383757771002,strongest
2017-02-17,ferrous,RB,1,3.3491073005687837,absolute
2017-02-17,government_bond,T,-1,-3.153378587804613,absolute
2017-02-24,agriculture,C,1,2.797454359441538,strongest
2017-02-24,agriculture,P,-1,-3.833577534445259,weakest
2017-02-24,base_metal,AL,1,2.6976263145159542,absolute
2017-02-24,chemical_energy,MA,1,5.102584613647962,strongest
2017-02-24,ferrous,RB,1,2.282562359192816,absolute
2017-02-24,government_bond,T,-1,-1.8620288805436194,absolute
2017-03-03,agriculture,CF,1,3.5536864105688073,strongest
2017-03-03,agriculture,P,-1,-4.921641925984651,weakest
2017-03-03,base_metal,AL,1,1.257675734880612,absolute
2017-03-03,chemical_energy,MA,1,2.179475059821595,strongest
2017-03-03,chemical_energy,RU,-1,-1.1017825508813726,weakest
2017-03-03,ferrous,RB,1,2.785998791032106,absolute
2017-03-03,government_bond,T,-1,-0.20275890488699322,absolute
2017-03-10,agriculture,C,1,3.2044030151946576,strongest
2017-03-10,agriculture,P,-1,-2.728640879552072,weakest
2017-03-10,base_metal,AL,1,1.4863913491131073,absolute
2017-03-10,chemical_energy,FG,1,0.8956334879572987,strongest
2017-03-10,chemical_energy,RU,-1,-1.6009344373909882,weakest
2017-03-10,ferrous,RB,1,5.170961463675368,absolute
2017-03-10,government_bond,T,1,3.051661956683355,absolute
2017-03-17,agriculture,P,-1,-7.46805333546079,weakest
2017-03-17,base_metal,AL,1,0.0958598041276761,absolute
2017-03-17,chemical_energy,FG,-1,-6.403937677679182,weakest
2017-03-17,ferrous,RB,1,0.86099979584731,absolute
2017-03-17,government_bond,T,1,0.6957714861736788,absolute
2017-03-24,agriculture,C,1,1.2254815978170155,strongest
2017-03-24,agriculture,JD,-1,-3.8249262823552943,weakest
2017-03-24,base_metal,AL,-1,-1.5806913756681156,absolute
2017-03-24,chemical_energy,MA,-1,-6.920457785224211,weakest
2017-03-24,ferrous,RB,1,1.059353563235059,absolute
2017-03-24,government_bond,T,1,2.401140164513164,absolute
2017-03-31,agriculture,C,1,2.201721585953654,strongest
2017-03-31,agriculture,SR,-1,-2.5513527767256234,weakest
2017-03-31,base_metal,AL,-1,-0.4006240011484938,absolute
2017-03-31,chemical_energy,MA,-1,-8.50873794570884,weakest
2017-03-31,ferrous,RB,-1,-0.7081549447796605,absolute
2017-03-31,government_bond,T,1,3.8041468727643575,absolute
2017-04-07,agriculture,SR,-1,-4.348111450643409,weakest
2017-04-07,base_metal,AL,-1,-2.1059870122424895,absolute
2017-04-07,chemical_energy,MA,-1,-6.947942830702262,weakest
2017-04-07,ferrous,RB,-1,-0.9298532954459132,absolute
2017-04-07,government_bond,T,1,4.319472257908699,absolute
2017-04-14,agriculture,M,-1,-6.924965749113303,weakest
2017-04-14,base_metal,AL,1,1.1318437321970352,absolute
2017-04-14,chemical_energy,FG,1,1.8552064067495466,strongest
2017-04-14,chemical_energy,RU,-1,-4.578697512832918,weakest
2017-04-14,ferrous,RB,-1,-1.0373642386670687,absolute
2017-04-14,government_bond,T,1,6.506719359368306,absolute
2017-04-21,agriculture,CF,1,0.13149882334072022,strongest
2017-04-21,agriculture,JD,-1,-6.528847287751712,weakest
2017-04-21,base_metal,AL,1,2.2927573669592163,absolute
2017-04-21,chemical_energy,RU,-1,-5.92221372123973,weakest
2017-04-21,ferrous,RB,-1,-5.478222523028426,absolute
2017-04-21,government_bond,T,1,2.1958837325111036,absolute
2017-04-28,agriculture,CF,1,3.4668593738735547,strongest
2017-04-28,agriculture,JD,-1,-8.916952579315376,weakest
2017-04-28,base_metal,AL,1,2.6389287726582378,absolute
2017-04-28,chemical_energy,FG,1,3.532615729606601,strongest
2017-04-28,chemical_energy,RU,-1,-4.3473515227266235,weakest
2017-04-28,ferrous,RB,-1,-2.516942182827925,absolute
2017-04-28,government_bond,T,-1,-2.101166797584231,absolute
2017-05-05,agriculture,CF,1,3.4229893377392195,strongest
2017-05-05,agriculture,JD,-1,-5.525569922877318,weakest
2017-05-05,base_metal,AL,1,3.8778674254994563,absolute
2017-05-05,chemical_energy,FG,1,1.9265927773711635,strongest
2017-05-05,chemical_energy,RU,-1,-3.4039777692898436,weakest
2017-05-05,ferrous,RB,-1,-0.4606116616439174,absolute
2017-05-05,government_bond,T,-1,-2.3707918285200855,absolute
2017-05-12,agriculture,CF,1,2.270621703900057,strongest
2017-05-12,agriculture,JD,-1,-3.870820935931829,weakest
2017-05-12,base_metal,AL,-1,-1.4038820769589153,absolute
2017-05-12,chemical_energy,MA,-1,-9.252610052777937,weakest
2017-05-12,ferrous,RB,-1,-2.6745784023664116,absolute
2017-05-12,government_bond,T,-1,-4.508974528205807,absolute
2017-05-19,agriculture,P,1,3.0015682039169005,strongest
2017-05-19,agriculture,JD,-1,-3.4382941798123774,weakest
2017-05-19,base_metal,AL,-1,-1.9156895056372703,absolute
2017-05-19,chemical_energy,FG,1,0.9591852112663092,strongest
2017-05-19,chemical_energy,MA,-1,-6.1631453503992,weakest
2017-05-19,ferrous,RB,1,0.2768842761772893,absolute
2017-05-19,government_bond,T,-1,-5.513185579653292,absolute
2017-05-26,agriculture,P,1,4.147173420571639,strongest
2017-05-26,agriculture,JD,-1,-4.049684859133488,weakest
2017-05-26,base_metal,AL,-1,-2.5243856931362605,absolute
2017-05-26,chemical_energy,FG,1,2.114266401228493,strongest
2017-05-26,chemical_energy,RU,-1,-2.4302337728555625,weakest
2017-05-26,ferrous,RB,1,3.9178103275441134,absolute
2017-05-26,government_bond,T,-1,-2.029803296096763,absolute
2017-06-02,agriculture,P,1,4.951492360465151,strongest
2017-06-02,agriculture,JD,-1,-4.40915965149542,weakest
2017-06-02,base_metal,AL,-1,-2.932289606395267,absolute
2017-06-02,chemical_energy,FG,1,1.551111276200866,strongest
2017-06-02,chemical_energy,RU,-1,-2.2631101949043004,weakest
2017-06-02,ferrous,RB,1,3.075360457280698,absolute
2017-06-02,government_bond,T,-1,-2.159028555166026,absolute
2017-06-09,agriculture,P,1,0.02305337096671144,strongest
2017-06-09,agriculture,M,-1,-6.765320736734092,weakest
2017-06-09,base_metal,AL,-1,-1.550491083984855,absolute
2017-06-09,chemical_energy,FG,1,0.18102232834639173,strongest
2017-06-09,chemical_energy,RU,-1,-5.80462380794411,weakest
2017-06-09,ferrous,RB,-1,-1.0079032459323627,absolute
2017-06-09,government_bond,T,-1,-0.42193646857336264,absolute
2017-06-16,agriculture,C,1,2.8133019449146266,strongest
2017-06-16,agriculture,M,-1,-4.25837938052279,weakest
2017-06-16,base_metal,AL,-1,-1.7546528967051258,absolute
2017-06-16,chemical_energy,FG,1,3.3293557324180023,strongest
2017-06-16,chemical_energy,RU,-1,-2.282683824712105,weakest
2017-06-16,ferrous,RB,-1,-0.6862585661921685,absolute
2017-06-16,government_bond,T,1,3.6327220913386378,absolute
2017-06-23,agriculture,JD,1,3.9639274063074037,strongest
2017-06-23,agriculture,CF,-1,-4.750093488310362,weakest
2017-06-23,base_metal,AL,-1,-3.5513764205966667,absolute
2017-06-23,chemical_energy,FG,1,2.7024663951858297,strongest
2017-06-23,chemical_energy,RU,-1,-2.368016917718356,weakest
2017-06-23,ferrous,RB,-1,-0.21269655363107948,absolute
2017-06-23,government_bond,T,1,3.272331915537068,absolute
2017-06-30,agriculture,JD,1,4.232638040460398,strongest
2017-06-30,agriculture,CF,-1,-3.691394243911772,weakest
2017-06-30,base_metal,AL,-1,-0.6276187335892489,absolute
2017-06-30,chemical_energy,FG,-1,-3.1750358477492706,weakest
2017-06-30,ferrous,RB,-1,-1.7273612383029415,absolute
2017-06-30,government_bond,T,1,3.848199229305212,absolute
2017-07-07,agriculture,JD,1,6.2296477138196025,strongest
2017-07-07,agriculture,SR,-1,-4.172506245753891,weakest
2017-07-07,base_metal,AL,1,0.7047212051357848,absolute
2017-07-07,chemical_energy,MA,1,3.37709800308826,strongest
2017-07-07,ferrous,RB,1,4.398611340885851,absolute
2017-07-07,government_bond,T,1,1.6853971264131011,absolute
2017-07-14,agriculture,M,1,3.637958862427857,strongest
2017-07-14,agriculture,SR,-1,-10.307967551636816,weakest
2017-07-14,base_metal,AL,1,3.549250819744732,absolute
2017-07-14,chemical_energy,MA,1,3.3341244160935446,strongest
2017-07-14,ferrous,RB,1,5.760440133910518,absolute
2017-07-14,government_bond,T,1,0.5034013745324561,absolute
2017-07-21,agriculture,M,1,2.2151409922484095,strongest
2017-07-21,agriculture,SR,-1,-4.821904950331707,weakest
2017-07-21,base_metal,AL,1,5.300493592009859,absolute
2017-07-21,chemical_energy,MA,1,3.6147303828654556,strongest
2017-07-21,ferrous,RB,1,6.552297734411925,absolute
2017-07-21,government_bond,T,1,0.16778988200886163,absolute
2017-07-28,agriculture,P,1,5.732541982208576,strongest
2017-07-28,agriculture,SR,-1,-4.343543022515958,weakest
2017-07-28,base_metal,AL,1,3.8846148455875165,absolute
2017-07-28,chemical_energy,FG,1,5.113545929777483,strongest
2017-07-28,ferrous,RB,1,4.619588822122646,absolute
2017-07-28,government_bond,T,-1,-0.8712613350264294,absolute
2017-08-04,agriculture,P,1,3.688572603812659,strongest
2017-08-04,agriculture,SR,-1,-5.1361667163619975,weakest
2017-08-04,base_metal,AL,1,2.9493876114082647,absolute
2017-08-04,chemical_energy,FG,1,0.9844186488398651,strongest
2017-08-04,chemical_energy,RU,-1,-1.8465544082452607,weakest
2017-08-04,ferrous,RB,1,2.3632143285850518,absolute
2017-08-04,government_bond,T,-1,-1.3682685207893968,absolute
2017-08-11,agriculture,JD,1,2.3644521147842243,strongest
2017-08-11,agriculture,C,-1,-2.5121847177783376,weakest
2017-08-11,base_metal,AL,1,2.9597985149021273,absolute
2017-08-11,chemical_energy,FG,1,1.5205394339796259,strongest
2017-08-11,chemical_energy,MA,-1,-0.15691672044384436,weakest
2017-08-11,ferrous,RB,1,4.481157923662266,absolute
2017-08-11,government_bond,T,-1,-1.901507718672875,absolute
2017-08-18,agriculture,JD,1,5.819292297609237,strongest
2017-08-18,agriculture,M,-1,-2.0552625715241772,weakest
2017-08-18,base_metal,AL,1,5.651289145360886,absolute
2017-08-18,chemical_energy,FG,1,1.5103909846639565,strongest
2017-08-18,chemical_energy,RU,-1,-0.7970482041268889,weakest
2017-08-18,ferrous,RB,1,4.0351902574655405,absolute
2017-08-18,government_bond,T,-1,-2.991354915400465,absolute
2017-08-25,agriculture,JD,1,4.676125550208089,strongest
2017-08-25,agriculture,M,-1,-3.463412207178012,weakest
2017-08-25,base_metal,AL,1,5.543618182480836,absolute
2017-08-25,chemical_energy,MA,1,1.4207567515408488,strongest
2017-08-25,chemical_energy,RU,-1,-0.5355927733371677,weakest
2017-08-25,ferrous,RB,1,5.007074543182066,absolute
2017-08-25,government_bond,T,-1,-1.018693936422394,absolute
2017-09-01,agriculture,SR,1,8.060600454482032,strongest
2017-09-01,agriculture,M,-1,-3.1575402474052985,weakest
2017-09-01,base_metal,AL,1,6.460512959148447,absolute
2017-09-01,chemical_energy,MA,1,6.089383952004884,strongest
2017-09-01,ferrous,RB,1,4.42739436944266,absolute
2017-09-01,government_bond,T,-1,-1.4758854681693032,absolute
2017-09-08,agriculture,SR,1,4.307610860534591,strongest
2017-09-08,agriculture,M,-1,-1.8106945306601527,weakest
2017-09-08,base_metal,AL,1,5.743998666459552,absolute
2017-09-08,chemical_energy,MA,1,6.809259248039158,strongest
2017-09-08,ferrous,RB,1,2.925607048263649,absolute
2017-09-08,government_bond,T,1,0.3712602376010035,absolute
2017-09-15,agriculture,P,1,1.8927858247752662,strongest
2017-09-15,agriculture,JD,-1,-4.656657806571972,weakest
2017-09-15,base_metal,AL,-1,-1.158765757453653,absolute
2017-09-15,chemical_energy,MA,1,5.795334034797518,strongest
2017-09-15,chemical_energy,FG,-1,-1.8985138870160672,weakest
2017-09-15,ferrous,RB,1,0.5807582907984232,absolute
2017-09-15,government_bond,T,1,2.860494434053638,absolute
2017-09-22,agriculture,P,1,5.305126160210924,strongest
2017-09-22,agriculture,JD,-1,-3.7489920152218033,weakest
2017-09-22,base_metal,AL,-1,-0.6463659402308861,absolute
2017-09-22,chemical_energy,MA,1,2.237795518572349,strongest
2017-09-22,chemical_energy,FG,-1,-4.120607374316746,weakest
2017-09-22,ferrous,RB,-1,-1.0453263467035963,absolute
2017-09-22,government_bond,T,1,2.1835361474022084,absolute
2017-09-29,agriculture,M,1,2.2721375751871604,strongest
2017-09-29,agriculture,SR,-1,-5.164815192751449,weakest
2017-09-29,base_metal,AL,-1,-0.8424267251147096,absolute
2017-09-29,chemical_energy,FG,-1,-5.777239263261422,weakest
2017-09-29,ferrous,RB,-1,-5.045813891890193,absolute
2017-09-29,government_bond,T,1,2.2898769402064074,absolute
2017-10-13,agriculture,M,1,0.9029111504560837,strongest
2017-10-13,agriculture,SR,-1,-6.815292677920314,weakest
2017-10-13,base_metal,AL,-1,-1.3060468064062383,absolute
2017-10-13,chemical_energy,RU,-1,-6.4081748201998225,weakest
2017-10-13,ferrous,RB,-1,-5.083312061417671,absolute
2017-10-13,government_bond,T,1,2.179796038753477,absolute
2017-10-20,agriculture,M,1,3.690650525503835,strongest
2017-10-20,agriculture,CF,-1,-3.0007344282333075,weakest
2017-10-20,base_metal,AL,1,2.053407489822313,absolute
2017-10-20,chemical_energy,RU,-1,-7.8089405769709135,weakest
2017-10-20,ferrous,RB,-1,-1.0030482125418696,absolute
2017-10-20,government_bond,T,-1,-2.55923298997183,absolute
2017-10-27,agriculture,M,1,3.2077601168506917,strongest
2017-10-27,agriculture,P,-1,-2.619816006151614,weakest
2017-10-27,base_metal,AL,-1,-0.14144573025205584,absolute
2017-10-27,chemical_energy,FG,1,1.5918878913518035,strongest
2017-10-27,chemical_energy,RU,-1,-5.1848279752833335,weakest
2017-10-27,ferrous,RB,-1,-0.253487401099134,absolute
2017-10-27,government_bond,T,-1,-6.281921586379056,absolute
2017-11-03,agriculture,SR,1,4.11521797276129,strongest
2017-11-03,agriculture,C,-1,-4.610052277294228,weakest
2017-11-03,base_metal,AL,-1,-1.2746038655024798,absolute
2017-11-03,chemical_energy,RU,-1,-3.6206862865333687,weakest
2017-11-03,ferrous,RB,1,0.20646644197752864,absolute
2017-11-03,government_bond,T,-1,-6.7659225901360465,absolute
2017-11-10,agriculture,SR,1,4.5176963804309676,strongest
2017-11-10,agriculture,C,-1,-2.0369209100406533,weakest
2017-11-10,base_metal,AL,-1,-1.512931615681233,absolute
2017-11-10,chemical_energy,FG,1,1.6062711604019453,strongest
2017-11-10,ferrous,RB,-1,-0.7596991675312349,absolute
2017-11-10,government_bond,T,-1,-6.7580992398491,absolute
2017-11-17,agriculture,JD,1,4.491260117095627,strongest
2017-11-17,agriculture,M,-1,-3.746668732617347,weakest
2017-11-17,base_metal,AL,-1,-6.738366430544248,absolute
2017-11-17,chemical_energy,MA,1,3.721997614906402,strongest
2017-11-17,ferrous,RB,-1,-0.4361130757998208,absolute
2017-11-17,government_bond,T,-1,-5.579928926112076,absolute
2017-11-24,agriculture,SR,1,2.8691631661771297,strongest
2017-11-24,agriculture,P,-1,-1.7230332249486073,weakest
2017-11-24,base_metal,AL,-1,-6.582353462137347,absolute
2017-11-24,chemical_energy,MA,1,3.5136946405447627,strongest
2017-11-24,chemical_energy,RU,-1,-1.2281960825144793,weakest
2017-11-24,ferrous,RB,-1,-2.2996975509674775,absolute
2017-11-24,government_bond,T,-1,-3.6812754945410116,absolute
2017-12-01,agriculture,M,1,5.453016266549518,strongest
2017-12-01,agriculture,P,-1,-4.686751080763326,weakest
2017-12-01,base_metal,AL,-1,-8.652741526933886,absolute
2017-12-01,chemical_energy,FG,1,9.037936574277374,strongest
2017-12-01,ferrous,RB,1,3.205359390299839,absolute
2017-12-01,government_bond,T,-1,-2.282272171522571,absolute
2017-12-08,agriculture,C,1,4.464265181254667,strongest
2017-12-08,agriculture,P,-1,-4.475673547215459,weakest
2017-12-08,base_metal,AL,-1,-12.030499377221746,absolute
2017-12-08,chemical_energy,FG,1,6.098157985876664,strongest
2017-12-08,ferrous,RB,1,5.507063244750768,absolute
2017-12-08,government_bond,T,-1,-0.01337874388839209,absolute
2017-12-15,agriculture,M,1,4.9671411559472745,strongest
2017-12-15,agriculture,P,-1,-5.793665250644387,weakest
2017-12-15,base_metal,AL,-1,-10.623973803354827,absolute
2017-12-15,chemical_energy,MA,1,4.123325338610503,strongest
2017-12-15,chemical_energy,RU,-1,-0.48430087726690246,weakest
2017-12-15,ferrous,RB,1,1.3363175310144173,absolute
2017-12-15,government_bond,T,-1,-0.2097934367532692,absolute
2017-12-22,agriculture,C,1,6.24760823801015,strongest
2017-12-22,agriculture,P,-1,-5.260221073545708,weakest
2017-12-22,base_metal,AL,-1,-7.878442711645311,absolute
2017-12-22,chemical_energy,MA,1,3.6524983731056553,strongest
2017-12-22,chemical_energy,FG,-1,-0.2427360603893362,weakest
2017-12-22,ferrous,RB,1,2.7367561333371775,absolute
2017-12-22,government_bond,T,1,0.6913911514241056,absolute
2017-12-29,agriculture,C,1,5.04966142591191,strongest
2017-12-29,agriculture,P,-1,-5.304086767967516,weakest
2017-12-29,base_metal,AL,-1,-4.634385903228403,absolute
2017-12-29,chemical_energy,MA,1,3.0186226872850557,strongest
2017-12-29,chemical_energy,RU,-1,-0.7239212297586031,weakest
2017-12-29,ferrous,RB,1,1.6970961506956646,absolute
2017-12-29,government_bond,T,1,2.8942168777900044,absolute
2018-01-05,agriculture,C,1,3.034176847761644,strongest
2018-01-05,agriculture,JD,-1,-5.1656514662222355,weakest
2018-01-05,base_metal,AL,1,1.7417165073839604,absolute
2018-01-05,chemical_energy,MA,1,2.995342387564103,strongest
2018-01-05,ferrous,RB,-1,-2.780560087111531,absolute
2018-01-05,government_bond,T,1,0.279295300896074,absolute
2018-01-12,agriculture,C,1,5.862813887889557,strongest
2018-01-12,agriculture,SR,-1,-6.370723826683391,weakest
2018-01-12,base_metal,AL,1,5.77602235488169,absolute
2018-01-12,chemical_energy,MA,1,1.921764273401695,strongest
2018-01-12,ferrous,RB,-1,-0.3883188639622052,absolute
2018-01-12,government_bond,T,-1,-1.8612840731614502,absolute
2018-01-19,agriculture,CF,1,3.825001122078692,strongest
2018-01-19,agriculture,M,-1,-4.911676443450937,weakest
2018-01-19,base_metal,AL,1,4.116058925054817,absolute
2018-01-19,chemical_energy,FG,1,2.656199773926779,strongest
2018-01-19,ferrous,RB,1,0.05435780775948808,absolute
2018-01-19,government_bond,T,-1,-1.4235735279654205,absolute
2018-01-26,agriculture,CF,1,2.5833101608515845,strongest
2018-01-26,agriculture,SR,-1,-8.26293146472216,weakest
2018-01-26,base_metal,AL,-1,-0.0751915403171483,absolute
2018-01-26,chemical_energy,MA,-1,-2.4958891509504393,weakest
2018-01-26,ferrous,RB,1,1.0458431991123502,absolute
2018-01-26,government_bond,T,-1,-5.571480607278343,absolute
2018-02-02,agriculture,CF,1,2.7773593073999123,strongest
2018-02-02,agriculture,AP,-1,-8.88727229915161,weakest
2018-02-02,base_metal,AL,-1,-3.6690183109799333,absolute
2018-02-02,chemical_energy,FG,1,0.46644679448154514,strongest
2018-02-02,chemical_energy,RU,-1,-2.748622349069593,weakest
2018-02-02,ferrous,RB,1,4.198798187959878,absolute
2018-02-02,government_bond,T,-1,-4.864181215623363,absolute
2018-02-09,agriculture,CF,1,0.14470194683877102,strongest
2018-02-09,agriculture,AP,-1,-13.74628026353254,weakest
2018-02-09,base_metal,AL,-1,-4.896275567330686,absolute
2018-02-09,chemical_energy,FG,1,1.129445627735599,strongest
2018-02-09,chemical_energy,RU,-1,-6.010863339996908,weakest
2018-02-09,ferrous,RB,1,4.859306110480566,absolute
2018-02-09,government_bond,T,-1,-2.2343421840407625,absolute
2018-02-14,agriculture,M,1,1.4475385911404115,strongest
2018-02-14,agriculture,AP,-1,-10.48380258142411,weakest
2018-02-14,base_metal,AL,-1,-5.043715011796003,absolute
2018-02-14,chemical_energy,RU,-1,-6.2684981112574105,weakest
2018-02-14,ferrous,RB,1,2.595798849647184,absolute
2018-02-14,government_bond,T,-1,-1.1510469083817352,absolute
2018-02-23,agriculture,M,1,3.013121651926382,strongest
2018-02-23,agriculture,AP,-1,-10.059940631563931,weakest
2018-02-23,base_metal,AL,-1,-5.68750109257162,absolute
2018-02-23,chemical_energy,RU,-1,-8.645615036505944,weakest
2018-02-23,ferrous,RB,1,3.2568341181405644,absolute
2018-02-23,government_bond,T,-1,-1.108158446313388,absolute
2018-03-02,agriculture,M,1,4.7661299226148905,strongest
2018-03-02,agriculture,AP,-1,-4.94338847298342,weakest
2018-03-02,base_metal,AL,-1,-3.0606982379839285,absolute
2018-03-02,chemical_energy,FG,1,0.08832236801685422,strongest
2018-03-02,chemical_energy,RU,-1,-5.065653827280035,weakest
2018-03-02,ferrous,RB,1,0.5928421799722537,absolute
2018-03-02,government_bond,T,1,1.0269154276607022,absolute
2018-03-09,agriculture,M,1,8.850781496096076,strongest
2018-03-09,agriculture,AP,-1,-3.77974583848794,weakest
2018-03-09,base_metal,AL,-1,-2.5733325230908286,absolute
2018-03-09,chemical_energy,FG,1,0.6856894453438436,strongest
2018-03-09,chemical_energy,MA,-1,-4.755150008081977,weakest
2018-03-09,ferrous,RB,1,1.8294385620639122,absolute
2018-03-09,government_bond,T,1,2.48348589800022,absolute
2018-03-16,agriculture,M,1,8.459533747613422,strongest
2018-03-16,agriculture,SR,-1,-4.221078416363346,weakest
2018-03-16,base_metal,AL,-1,-3.161753494461884,absolute
2018-03-16,chemical_energy,MA,-1,-2.438426330565822,weakest
2018-03-16,ferrous,RB,-1,-4.109776438203614,absolute
2018-03-16,government_bond,T,1,3.2998713525524725,absolute
2018-03-23,agriculture,M,1,6.567750767818428,strongest
2018-03-23,agriculture,SR,-1,-1.4205358942279538,weakest
2018-03-23,base_metal,AL,-1,-2.2893639133925623,absolute
2018-03-23,chemical_energy,FG,1,1.2182737576353995,strongest
2018-03-23,chemical_energy,MA,-1,-1.7081626328161215,weakest
2018-03-23,ferrous,RB,-1,-2.6050870796821095,absolute
2018-03-23,government_bond,T,1,3.1340001660135397,absolute
2018-03-30,agriculture,AP,1,4.066613844903962,strongest
2018-03-30,agriculture,JD,-1,-5.525465852008621,weakest
2018-03-30,base_metal,AL,-1,-5.579781990121222,absolute
2018-03-30,chemical_energy,RU,-1,-5.733862084625807,weakest
2018-03-30,ferrous,RB,-1,-6.700958906077495,absolute
2018-03-30,government_bond,T,1,7.975612880880219,absolute
2018-04-04,agriculture,M,1,2.052691349370486,strongest
2018-04-04,agriculture,JD,-1,-5.971995385612406,weakest
2018-04-04,base_metal,AL,-1,-5.23123233110016,absolute
2018-04-04,chemical_energy,MA,1,0.17172262513802583,strongest
2018-04-04,chemical_energy,RU,-1,-7.202826292767704,weakest
2018-04-04,ferrous,RB,-1,-7.0733208213343595,absolute
2018-04-04,government_bond,T,1,4.5386415494101815,absolute
2018-04-13,agriculture,M,1,2.828393461494329,strongest
2018-04-13,agriculture,CF,-1,-5.417806182876366,weakest
2018-04-13,base_metal,AL,-1,-1.8624609706099442,absolute
2018-04-13,chemical_energy,RU,-1,-6.858071365707927,weakest
2018-04-13,ferrous,RB,-1,-3.8763618268837967,absolute
2018-04-13,government_bond,T,1,2.475135912268251,absolute
2018-04-20,agriculture,AP,1,3.61702273495929,strongest
2018-04-20,agriculture,SR,-1,-3.110435103779485,weakest
2018-04-20,base_metal,AL,1,3.9910679285957285,absolute
2018-04-20,chemical_energy,MA,1,0.6758213580215516,strongest
2018-04-20,chemical_energy,RU,-1,-5.981182257914643,weakest
2018-04-20,ferrous,RB,-1,-0.8256335640544818,absolute
2018-04-20,government_bond,T,1,4.8940387294666925,absolute
2018-04-27,agriculture,M,1,3.673884148471283,strongest
2018-04-27,agriculture,SR,-1,-2.813192063613296,weakest
2018-04-27,base_metal,AL,1,4.071949539573146,absolute
2018-04-27,chemical_energy,RU,-1,-2.778605573063233,weakest
2018-04-27,ferrous,RB,1,0.4173347098034113,absolute
2018-04-27,government_bond,T,1,4.914270920713082,absolute
2018-05-04,agriculture,AP,1,2.9173962827854933,strongest
2018-05-04,agriculture,C,-1,-2.848928069639406,weakest
2018-05-04,base_metal,AL,1,2.121481962551889,absolute
2018-05-04,chemical_energy,MA,1,2.7730390667050333,strongest
2018-05-04,ferrous,RB,1,5.925402625440074,absolute
2018-05-04,government_bond,T,1,2.028979660562305,absolute
2018-05-11,agriculture,AP,1,4.78465356566433,strongest
2018-05-11,agriculture,P,-1,-5.1575187832910885,weakest
2018-05-11,base_metal,AL,1,1.783841809236584,absolute
2018-05-11,chemical_energy,MA,1,4.849476014647933,strongest
2018-05-11,ferrous,RB,1,4.485859052854906,absolute
2018-05-11,government_bond,T,1,2.859692246649046,absolute
2018-05-18,agriculture,AP,1,8.295781618313876,strongest
2018-05-18,agriculture,M,-1,-4.198595906040222,weakest
2018-05-18,base_metal,AL,1,0.7330927315452208,absolute
2018-05-18,chemical_energy,SC,1,7.303623636630551,strongest
2018-05-18,ferrous,RB,1,3.882402414261562,absolute
2018-05-18,government_bond,T,1,0.8797746884982051,absolute
2018-05-25,agriculture,AP,1,9.855124128402156,strongest
2018-05-25,agriculture,M,-1,-7.1234418777928115,weakest
2018-05-25,base_metal,AL,-1,-0.6206122598959218,absolute
2018-05-25,chemical_energy,SC,1,7.647662409618509,strongest
2018-05-25,chemical_energy,FG,-1,-1.4685900574213118,weakest
2018-05-25,ferrous,RB,1,2.8368435371169602,absolute
2018-05-25,government_bond,T,-1,-5.090271494766469,absolute
2018-06-01,agriculture,AP,1,8.097309886808098,strongest
2018-06-01,agriculture,M,-1,-4.117338880970282,weakest
2018-06-01,base_metal,AL,1,3.160031296004818,absolute
2018-06-01,chemical_energy,SC,1,5.871596003792327,strongest
2018-06-01,ferrous,RB,-1,-0.13483613237495776,absolute
2018-06-01,government_bond,T,1,1.715027992293521,absolute
2018-06-08,agriculture,AP,1,7.444399077767602,strongest
2018-06-08,agriculture,M,-1,-4.189216591363325,weakest
2018-06-08,chemical_energy,FG,1,4.601535542971898,strongest
2018-06-08,ferrous,RB,1,1.4724392950285132,absolute
2018-06-08,government_bond,T,1,0.27814519661510045,absolute
2018-06-15,agriculture,CF,1,2.8871502059179073,strongest
2018-06-15,agriculture,M,-1,-4.16526932416415,weakest
2018-06-15,base_metal,AL,1,1.362282626142014,absolute
2018-06-15,chemical_energy,FG,1,6.89993467758463,strongest
2018-06-15,chemical_energy,RU,-1,-1.119876375795296,weakest
2018-06-15,ferrous,RB,1,3.2730395319647063,absolute
2018-06-15,government_bond,T,1,2.199283997693672,absolute
2018-06-22,agriculture,AP,1,2.14688073976099,strongest
2018-06-22,agriculture,SR,-1,-5.047295811402407,weakest
2018-06-22,base_metal,AL,-1,-2.322013820140116,absolute
2018-06-22,chemical_energy,FG,1,4.5861431168515825,strongest
2018-06-22,chemical_energy,RU,-1,-2.2643422248727494,weakest
2018-06-22,ferrous,RB,1,5.12621344499703,absolute
2018-06-22,government_bond,T,1,3.463669208976529,absolute
2018-06-29,agriculture,JD,1,1.6640318895495765,strongest
2018-06-29,agriculture,SR,-1,-6.2575736361018475,weakest
2018-06-29,base_metal,AL,-1,-3.6604330417099464,absolute
2018-06-29,chemical_energy,FG,1,3.6898870577007217,strongest
2018-06-29,chemical_energy,RU,-1,-5.125649618970845,weakest
2018-06-29,ferrous,RB,1,3.2370416701692966,absolute
2018-06-29,government_bond,T,1,2.9375875921480157,absolute
2018-07-06,agriculture,JD,1,2.504947735124431,strongest
2018-07-06,agriculture,CF,-1,-5.4151465153169625,weakest
2018-07-06,base_metal,AL,-1,-2.9036157890258463,absolute
2018-07-06,chemical_energy,SC,1,3.4000064315353815,strongest
2018-07-06,chemical_energy,RU,-1,-4.324153849543359,weakest
2018-07-06,ferrous,RB,1,1.8491216055312942,absolute
2018-07-06,government_bond,T,1,3.745299042742784,absolute
2018-07-13,agriculture,C,1,1.8123054983948534,strongest
2018-07-13,agriculture,SR,-1,-7.432045271171387,weakest
2018-07-13,base_metal,AL,-1,-7.348781886230379,absolute
2018-07-13,chemical_energy,SC,1,4.402404278902968,strongest
2018-07-13,chemical_energy,RU,-1,-5.32594278484814,weakest
2018-07-13,ferrous,RB,-1,-0.44880101821108664,absolute
2018-07-13,government_bond,T,1,3.753905362207336,absolute
2018-07-20,agriculture,C,1,2.665800725203136,strongest
2018-07-20,agriculture,SR,-1,-7.49162510666135,weakest
2018-07-20,base_metal,AL,-1,-4.345750659914421,absolute
2018-07-20,chemical_energy,SC,1,2.862454187334077,strongest
2018-07-20,chemical_energy,RU,-1,-2.350658560668523,weakest
2018-07-20,ferrous,RB,1,0.9370204886382718,absolute
2018-07-20,government_bond,T,1,3.68933570198637,absolute
2018-07-27,agriculture,C,1,3.1610447969536537,strongest
2018-07-27,agriculture,SR,-1,-5.6073246974914115,weakest
2018-07-27,base_metal,AL,-1,-2.020189099389723,absolute
2018-07-27,chemical_energy,MA,1,6.451508773377089,strongest
2018-07-27,chemical_energy,RU,-1,-1.8353370924557806,weakest
2018-07-27,ferrous,RB,1,4.551802000741888,absolute
2018-07-27,government_bond,T,1,0.14135074005585382,absolute
2018-08-03,agriculture,SR,-1,-3.807700109213412,weakest
2018-08-03,base_metal,AL,1,1.3213070515672853,absolute
2018-08-03,chemical_energy,MA,1,2.8834524575312845,strongest
2018-08-03,chemical_energy,RU,-1,-2.366226250649397,weakest
2018-08-03,ferrous,RB,1,6.554485880469657,absolute
2018-08-03,government_bond,T,-1,-1.0248147676521067,absolute
2018-08-10,agriculture,CF,1,3.4970205816121673,strongest
2018-08-10,agriculture,P,-1,-1.1258153901050392,weakest
2018-08-10,base_metal,AL,1,2.6412227265285226,absolute
2018-08-10,chemical_energy,MA,1,4.788010958834815,strongest
2018-08-10,chemical_energy,RU,-1,-1.5584551854738404,weakest
2018-08-10,ferrous,RB,1,8.672898239007699,absolute
2018-08-10,government_bond,T,1,1.7419559647614906,absolute
2018-08-17,agriculture,P,1,9.012557561570208,strongest
2018-08-17,base_metal,AL,1,3.600464564706148,absolute
2018-08-17,chemical_energy,MA,1,4.335903367987155,strongest
2018-08-17,chemical_energy,FG,-1,-0.666450181300775,weakest
2018-08-17,ferrous,RB,1,5.812642548826716,absolute
2018-08-17,government_bond,T,-1,-1.7340222393368636,absolute
2018-08-24,agriculture,AP,1,6.564211356009908,strongest
2018-08-24,agriculture,SR,-1,-1.9778887923456396,weakest
2018-08-24,base_metal,AL,1,1.865089003126051,absolute
2018-08-24,chemical_energy,MA,1,3.2777884405836457,strongest
2018-08-24,chemical_energy,RU,-1,-3.0808411040944375,weakest
2018-08-24,ferrous,RB,1,7.345951042093652,absolute
2018-08-24,government_bond,T,-1,-3.9736777233382026,absolute
2018-08-31,agriculture,AP,1,3.688282170987273,strongest
2018-08-31,agriculture,M,-1,-1.0002853373130334,weakest
2018-08-31,base_metal,AL,1,1.9958039128301606,absolute
2018-08-31,chemical_energy,MA,1,3.353471673663785,strongest
2018-08-31,ferrous,RB,1,5.282270227297663,absolute
2018-08-31,government_bond,T,-1,-3.353174035957867,absolute
2018-09-07,agriculture,C,1,3.8283750394142673,strongest
2018-09-07,agriculture,SR,-1,-1.5343048213604715,weakest
2018-09-07,base_metal,AL,1,2.556517429821703,absolute
2018-09-07,chemical_energy,SC,1,1.3572791262679702,strongest
2018-09-07,ferrous,RB,1,0.76193351498962,absolute
2018-09-07,government_bond,T,-1,-4.3982736706659376,absolute
2018-09-14,agriculture,C,1,3.0000000000000027,strongest
2018-09-14,agriculture,CF,-1,-3.682630647690082,weakest
2018-09-14,base_metal,AL,-1,-0.1742497807003478,absolute
2018-09-14,chemical_energy,MA,1,1.7447645691798477,strongest
2018-09-14,chemical_energy,FG,-1,-3.7194143259363606,weakest
2018-09-14,ferrous,RB,1,1.7572620506735965,absolute
2018-09-14,government_bond,T,-1,-3.0826283051029377,absolute
2018-09-21,agriculture,JD,1,1.461806785033052,strongest
2018-09-21,agriculture,M,-1,-2.076111582565816,weakest
2018-09-21,base_metal,AL,1,0.8375277989799621,absolute
2018-09-21,chemical_energy,SC,1,4.058692939176493,strongest
2018-09-21,chemical_energy,FG,-1,-5.225083424461955,weakest
2018-09-21,ferrous,RB,-1,-2.2666024446571145,absolute
2018-09-28,agriculture,AP,1,4.69944594290783,strongest
2018-09-28,agriculture,P,-1,-5.013237883316692,weakest
2018-09-28,base_metal,AL,-1,-0.8831524465091305,absolute
2018-09-28,chemical_energy,SC,1,3.966890968828764,strongest
2018-09-28,chemical_energy,FG,-1,-6.234988162768236,weakest
2018-09-28,ferrous,RB,-1,-1.7543377141305578,absolute
2018-09-28,government_bond,T,-1,-4.099631759101156,absolute
2018-10-12,agriculture,M,1,6.272817748651314,strongest
2018-10-12,agriculture,CF,-1,-5.070464692548755,weakest
2018-10-12,base_metal,AL,-1,-6.378782467276072,absolute
2018-10-12,chemical_energy,SC,1,5.371137655870485,strongest
2018-10-12,chemical_energy,FG,-1,-7.069531862923829,weakest
2018-10-12,ferrous,RB,-1,-2.0946479059151173,absolute
2018-10-12,government_bond,T,-1,-1.1550898345707872,absolute
2018-10-19,agriculture,JD,1,7.850635487902442,strongest
2018-10-19,agriculture,CF,-1,-4.383568924090413,weakest
2018-10-19,base_metal,AL,-1,-2.750575998650468,absolute
2018-10-19,chemical_energy,SC,1,4.531514738030654,strongest
2018-10-19,chemical_energy,FG,-1,-2.649268140168823,weakest
2018-10-19,ferrous,RB,-1,-0.49317037431337196,absolute
2018-10-19,government_bond,T,1,1.5708129565449263,absolute
2018-10-26,agriculture,M,1,8.423796204435542,strongest
2018-10-26,agriculture,CF,-1,-6.087462869346484,weakest
2018-10-26,base_metal,AL,-1,-2.653093821214496,absolute
2018-10-26,chemical_energy,MA,1,1.5605357216792133,strongest
2018-10-26,chemical_energy,FG,-1,-3.3444244176289732,weakest
2018-10-26,ferrous,RB,-1,-0.24818911876294472,absolute
2018-10-26,government_bond,T,1,4.015516195002191,absolute
2018-11-02,agriculture,JD,1,7.15348612658355,strongest
2018-11-02,agriculture,CF,-1,-6.300648035468969,weakest
2018-11-02,base_metal,AL,-1,-3.1033859810429085,absolute
2018-11-02,chemical_energy,SC,1,0.17796961477361178,strongest
2018-11-02,chemical_energy,RU,-1,-3.2323572080334464,weakest
2018-11-02,ferrous,RB,1,1.5062155686983667,absolute
2018-11-02,government_bond,T,1,7.786507751893591,absolute
2018-11-09,agriculture,JD,1,5.692378969037549,strongest
2018-11-09,agriculture,M,-1,-4.180660745124218,weakest
2018-11-09,base_metal,AL,-1,-2.6398108405388707,absolute
2018-11-09,chemical_energy,SC,-1,-4.06096890375589,weakest
2018-11-09,ferrous,RB,1,1.7761877605380723,absolute
2018-11-09,government_bond,T,1,2.952855402540195,absolute
2018-11-16,agriculture,C,1,4.717972359211596,strongest
2018-11-16,agriculture,P,-1,-8.6561710525987,weakest
2018-11-16,base_metal,AL,-1,-4.27573141696166,absolute
2018-11-16,chemical_energy,MA,-1,-9.564128493912662,weakest
2018-11-16,ferrous,RB,-1,-2.3497909308664195,absolute
2018-11-16,government_bond,T,1,3.80980792633857,absolute
2018-11-23,agriculture,AP,1,6.016103507725475,strongest
2018-11-23,agriculture,P,-1,-9.707397792060418,weakest
2018-11-23,base_metal,AL,-1,-4.611795389695665,absolute
2018-11-23,chemical_energy,SC,-1,-8.352080767636686,weakest
2018-11-23,ferrous,RB,-1,-2.4258773566853713,absolute
2018-11-23,government_bond,T,1,6.862392093469845,absolute
2018-11-30,agriculture,AP,1,2.530600791145659,strongest
2018-11-30,agriculture,P,-1,-9.657001996748784,weakest
2018-11-30,base_metal,AL,-1,-4.423753972121079,absolute
2018-11-30,chemical_energy,SC,-1,-12.451675167816,weakest
2018-11-30,ferrous,RB,-1,-9.178606847911956,absolute
2018-11-30,government_bond,T,1,4.499338310260314,absolute
2018-12-07,agriculture,P,-1,-5.985955309443947,weakest
2018-12-07,base_metal,AL,-1,-5.76568849440179,absolute
2018-12-07,chemical_energy,MA,-1,-9.62343197470844,weakest
2018-12-07,ferrous,RB,-1,-6.931868432294215,absolute
2018-12-07,government_bond,T,1,5.3746642588685765,absolute
2018-12-14,agriculture,C,-1,-7.249176238023639,weakest
2018-12-14,base_metal,AL,-1,-2.6754827326428674,absolute
2018-12-14,chemical_energy,FG,1,2.9316555639735125,strongest
2018-12-14,chemical_energy,SC,-1,-7.648089254673614,weakest
2018-12-14,ferrous,RB,-1,-2.6535736056740973,absolute
2018-12-14,government_bond,T,1,5.349112414593751,absolute
2018-12-21,agriculture,C,-1,-5.5407066954488,weakest
2018-12-21,base_metal,AL,-1,-1.723827322175673,absolute
2018-12-21,chemical_energy,FG,1,2.3055192804375673,strongest
2018-12-21,chemical_energy,SC,-1,-4.6312219722370935,weakest
2018-12-21,ferrous,RB,-1,-1.3349859633572927,absolute
2018-12-21,government_bond,T,-1,-1.4334283910332426,absolute
2018-12-28,agriculture,P,1,2.1665912505728633,strongest
2018-12-28,agriculture,C,-1,-4.679999395838537,weakest
2018-12-28,base_metal,AL,-1,-0.850480332869704,absolute
2018-12-28,chemical_energy,RU,1,2.5710978358609444,strongest
2018-12-28,chemical_energy,SC,-1,-4.535344014595333,weakest
2018-12-28,ferrous,RB,1,3.2219150246468815,absolute
2018-12-28,government_bond,T,1,0.8062542648607397,absolute
2019-01-04,agriculture,JD,1,0.9431593003631897,strongest
2019-01-04,agriculture,C,-1,-5.599192286604557,weakest
2019-01-04,base_metal,AL,1,0.48690517438342806,absolute
2019-01-04,chemical_energy,SC,-1,-5.9961808825252,weakest
2019-01-04,ferrous,RB,1,1.685956419426518,absolute
2019-01-04,government_bond,T,1,2.228140680387911,absolute
2019-01-11,agriculture,P,1,2.316118091416509,strongest
2019-01-11,agriculture,AP,-1,-4.6818041374787445,weakest
2019-01-11,base_metal,AL,-1,-4.084473874230123,absolute
2019-01-11,chemical_energy,RU,1,3.343024182094241,strongest
2019-01-11,chemical_energy,SC,-1,-2.433879253788658,weakest
2019-01-11,ferrous,RB,1,0.379002048066431,absolute
2019-01-11,government_bond,T,1,2.8767584250272518,absolute
2019-01-18,agriculture,P,1,2.6806095469091376,strongest
2019-01-18,agriculture,AP,-1,-5.52618511534566,weakest
2019-01-18,base_metal,AL,-1,-2.8893260310228284,absolute
2019-01-18,chemical_energy,FG,1,4.231298887884917,strongest
2019-01-18,chemical_energy,SC,-1,-0.41884550346909305,weakest
2019-01-18,ferrous,RB,1,4.596182215822892,absolute
2019-01-18,government_bond,T,1,2.0563880042039178,absolute
2019-01-25,agriculture,P,1,1.515653104217725,strongest
2019-01-25,agriculture,AP,-1,-3.872045426151524,weakest
2019-01-25,base_metal,AL,-1,-2.404009108862457,absolute
2019-01-25,chemical_energy,SP,1,4.595865674818482,strongest
2019-01-25,ferrous,RB,1,4.254023415102048,absolute
2019-01-25,government_bond,T,1,4.261008469846304,absolute
2019-02-01,agriculture,P,1,5.209157579933133,strongest
2019-02-01,agriculture,JD,-1,-2.4607918842120045,weakest
2019-02-01,base_metal,AL,-1,-2.8432872630349406,absolute
2019-02-01,chemical_energy,SP,1,7.302111986617085,strongest
2019-02-01,ferrous,RB,1,7.592909197887771,absolute
2019-02-01,government_bond,T,1,1.0732618112314602,absolute
2019-02-15,agriculture,SR,1,5.168900718471754,strongest
2019-02-15,agriculture,M,-1,-3.7344080879218153,weakest
2019-02-15,base_metal,AL,1,1.2302549949202684,absolute
2019-02-15,chemical_energy,FG,1,4.79190024734622,strongest
2019-02-15,chemical_energy,RU,-1,-3.0268141429619435,weakest
2019-02-15,ferrous,RB,1,7.167992779148642,absolute
2019-02-15,government_bond,T,-1,-0.1258806214511058,absolute
2019-02-22,agriculture,AP,1,4.685525134497967,strongest
2019-02-22,agriculture,JD,-1,-2.0431092829409905,weakest
2019-02-22,chemical_energy,SC,1,2.8775291651205275,strongest
2019-02-22,chemical_energy,MA,-1,-0.4522854989988886,weakest
2019-02-22,ferrous,RB,1,1.0489500418889897,absolute
2019-02-22,government_bond,T,-1,-0.3382997729760874,absolute
2019-03-01,agriculture,AP,1,6.212418055642305,strongest
2019-03-01,agriculture,C,-1,-0.91080329925589,weakest
2019-03-01,base_metal,AL,1,1.5815286221305462,absolute
2019-03-01,chemical_energy,SP,1,3.854442569242858,strongest
2019-03-01,ferrous,RB,1,1.8067249396106215,absolute
2019-03-01,government_bond,T,-1,-0.8568307335299519,absolute
2019-03-08,agriculture,SR,1,2.3482123829445376,strongest
2019-03-08,agriculture,P,-1,-2.964424784525215,weakest
2019-03-08,base_metal,AL,1,1.4149458611304373,absolute
2019-03-08,chemical_energy,RU,1,5.169056010704826,strongest
2019-03-08,chemical_energy,FG,-1,-0.4538743615896592,weakest
2019-03-08,ferrous,RB,1,1.736795105042181,absolute
2019-03-08,government_bond,T,-1,-2.123017570668787,absolute
2019-03-15,agriculture,AP,1,2.8916210906884126,strongest
2019-03-15,agriculture,P,-1,-3.6867915346987843,weakest
2019-03-15,base_metal,AL,-1,-0.6188260954695682,absolute
2019-03-15,chemical_energy,RU,1,2.6750530664382066,strongest
2019-03-15,chemical_energy,FG,-1,-4.550401984714695,weakest
2019-03-15,ferrous,RB,1,0.26992948252303295,absolute
2019-03-15,government_bond,T,1,0.6033755303621453,absolute
2019-03-22,agriculture,SR,1,2.7411200347547613,strongest
2019-03-22,agriculture,P,-1,-5.860517247439186,weakest
2019-03-22,base_metal,AL,1,3.070048346588993,absolute
2019-03-22,chemical_energy,RU,1,0.8697660333683583,strongest
2019-03-22,chemical_energy,FG,-1,-2.2670034626414486,weakest
2019-03-22,ferrous,RB,1,2.7248982684235696,absolute
2019-03-22,government_bond,T,1,0.12386250022791898,absolute
2019-03-29,agriculture,JD,1,2.4819461321574714,strongest
2019-03-29,agriculture,P,-1,-5.1073154022583,weakest
2019-03-29,base_metal,AL,1,0.9666808275722223,absolute
2019-03-29,chemical_energy,SC,1,0.1568747568961468,strongest
2019-03-29,chemical_energy,SP,-1,-6.318967505992072,weakest
2019-03-29,ferrous,RB,1,0.6641857550089223,absolute
2019-03-29,government_bond,T,1,0.9044631982240888,absolute
2019-04-04,agriculture,AP,1,3.6443050415104534,strongest
2019-04-04,agriculture,P,-1,-4.169796413852603,weakest
2019-04-04,base_metal,AL,1,0.05915258276495242,absolute
2019-04-04,chemical_energy,SC,1,1.4445710694856326,strongest
2019-04-04,chemical_energy,RU,-1,-7.237918983337146,weakest
2019-04-04,ferrous,RB,-1,-1.0869426463707348,absolute
2019-04-04,government_bond,T,1,4.75971805219328,absolute
2019-04-12,agriculture,AP,1,2.354538860653069,strongest
2019-04-12,agriculture,P,-1,-2.8298728405117064,weakest
2019-04-12,base_metal,AL,1,3.9681635675138915,absolute
2019-04-12,chemical_energy,SC,1,4.172591727101165,strongest
2019-04-12,chemical_energy,RU,-1,-4.473813134155509,weakest
2019-04-12,ferrous,RB,1,1.2201703847520597,absolute
2019-04-12,government_bond,T,-1,-4.735717560275928,absolute
2019-04-19,agriculture,AP,1,5.280894663470193,strongest
2019-04-19,agriculture,M,-1,-1.2708047256528403,weakest
2019-04-19,base_metal,AL,1,2.3575691624591997,absolute
2019-04-19,chemical_energy,SC,1,3.039734025788766,strongest
2019-04-19,chemical_energy,MA,-1,-3.3309255596123757,weakest
2019-04-19,ferrous,RB,1,5.353506264743502,absolute
2019-04-19,government_bond,T,-1,-3.124654725298541,absolute
2019-04-26,agriculture,AP,1,6.878422842295422,strongest
2019-04-26,agriculture,P,-1,-2.1151193180834427,weakest
2019-04-26,base_metal,AL,1,3.1552173599165343,absolute
2019-04-26,chemical_energy,FG,1,2.7438759626708356,strongest
2019-04-26,chemical_energy,RU,-1,-4.152855506652888,weakest
2019-04-26,ferrous,RB,1,4.1251557086964805,absolute
2019-04-26,government_bond,T,-1,-4.169252210154393,absolute
2019-04-30,agriculture,AP,1,7.002132004670833,strongest
2019-04-30,agriculture,P,-1,-1.105931345691294,weakest
2019-04-30,base_metal,AL,1,7.678900783405155,absolute
2019-04-30,chemical_energy,SC,1,7.063155440528094,strongest
2019-04-30,chemical_energy,MA,-1,-2.8442939006782737,weakest
2019-04-30,ferrous,RB,1,6.238246566809126,absolute
2019-04-30,government_bond,T,-1,-6.440464812163858,absolute
2019-05-10,agriculture,C,1,5.388890866633334,strongest
2019-05-10,agriculture,P,-1,-1.6824136124686926,weakest
2019-05-10,base_metal,AL,1,3.97075721378337,absolute
2019-05-10,chemical_energy,FG,1,3.0184967367801336,strongest
2019-05-10,chemical_energy,MA,-1,-3.4895307678334277,weakest
2019-05-10,ferrous,RB,1,5.776469632408969,absolute
2019-05-10,government_bond,T,-1,-2.351950961837768,absolute
2019-05-17,agriculture,AP,1,5.850601921811332,strongest
2019-05-17,agriculture,P,-1,-6.700092692512009,weakest
2019-05-17,base_metal,AL,1,2.9533337632868406,absolute
2019-05-17,chemical_energy,FG,1,4.348161410676994,strongest
2019-05-17,chemical_energy,SP,-1,-6.179273482901954,weakest
2019-05-17,ferrous,RB,-1,-0.22940773113279556,absolute
2019-05-17,government_bond,T,1,2.2862966243111513,absolute
2019-05-24,agriculture,AP,1,7.221928900591518,strongest
2019-05-24,agriculture,CF,-1,-5.604838347176778,weakest
2019-05-24,base_metal,AL,1,3.3951176709457407,absolute
2019-05-24,chemical_energy,FG,1,4.375367875136271,strongest
2019-05-24,chemical_energy,SP,-1,-6.857005670541067,weakest
2019-05-24,ferrous,RB,-1,-0.1796821970252688,absolute
2019-05-24,government_bond,T,1,5.092963212035257,absolute
2019-05-31,agriculture,AP,1,9.84855808219549,strongest
2019-05-31,agriculture,CF,-1,-6.846009859150444,weakest
2019-05-31,base_metal,AL,1,0.4066940221293663,absolute
2019-05-31,chemical_energy,FG,1,2.5513458328718053,strongest
2019-05-31,chemical_energy,SP,-1,-6.966179518805435,weakest
2019-05-31,ferrous,RB,1,2.2881199292579684,absolute
2019-05-31,government_bond,T,1,4.028690212412273,absolute
2019-06-06,agriculture,M,1,7.7948407136608004,strongest
2019-06-06,agriculture,CF,-1,-5.7644729191202835,weakest
2019-06-06,base_metal,AL,-1,-0.7347548540601987,absolute
2019-06-06,chemical_energy,RU,1,2.477988615039854,strongest
2019-06-06,chemical_energy,SP,-1,-6.202418316478912,weakest
2019-06-06,government_bond,T,1,4.791259164725059,absolute
2019-06-14,agriculture,M,1,3.779827437197906,strongest
2019-06-14,agriculture,CF,-1,-6.041760923740282,weakest
2019-06-14,base_metal,AL,-1,-0.5625454376889408,absolute
2019-06-14,chemical_energy,FG,1,2.625222753131173,strongest
2019-06-14,chemical_energy,SP,-1,-6.621601029162726,weakest
2019-06-14,government_bond,T,1,4.064871248036939,absolute
2019-06-21,agriculture,M,1,3.7392125509049214,strongest
2019-06-21,agriculture,CF,-1,-3.303595886357436,weakest
2019-06-21,base_metal,AL,-1,-4.539658210583678,absolute
2019-06-21,chemical_energy,FG,1,3.1241639920046413,strongest
2019-06-21,chemical_energy,SP,-1,-6.356231851327324,weakest
2019-06-21,ferrous,RB,1,0.20318835455872178,absolute
2019-06-21,government_bond,T,1,2.9800413474975187,absolute
2019-06-28,agriculture,SR,1,2.561278861274157,strongest
2019-06-28,agriculture,AP,-1,-2.8243695746675495,weakest
2019-06-28,base_metal,AL,-1,-3.0714103634283982,absolute
2019-06-28,chemical_energy,FG,1,4.447701500093164,strongest
2019-06-28,chemical_energy,SP,-1,-5.7573138040634,weakest
2019-06-28,ferrous,RB,-1,-0.39662662828811596,absolute
2019-06-28,government_bond,T,1,2.7232366886950077,absolute
2019-07-05,agriculture,SR,1,1.249351910231469,strongest
2019-07-05,agriculture,P,-1,-4.464428947560354,weakest
2019-07-05,base_metal,AL,-1,-2.925893854112864,absolute
2019-07-05,chemical_energy,FG,1,5.32737831379194,strongest
2019-07-05,chemical_energy,MA,-1,-3.5377837061602113,weakest
2019-07-05,ferrous,RB,1,4.8640382795504395,absolute
2019-07-05,government_bond,T,1,3.09930453167364,absolute
2019-07-12,agriculture,SR,1,4.52431693212897,strongest
2019-07-12,agriculture,P,-1,-4.75895066580098,weakest
2019-07-12,base_metal,AL,-1,-1.2456448314504625,absolute
2019-07-12,chemical_energy,FG,1,4.103486340065963,strongest
2019-07-12,chemical_energy,RU,-1,-5.361104034066925,weakest
2019-07-12,ferrous,RB,1,3.993958293720062,absolute
2019-07-12,government_bond,T,1,2.3772715666444286,absolute
2019-07-19,agriculture,AP,1,3.375925884627276,strongest
2019-07-19,agriculture,P,-1,-6.90525151799796,weakest
2019-07-19,base_metal,AL,-1,-1.6572778553868222,absolute
2019-07-19,chemical_energy,SC,1,2.9524229209572197,strongest
2019-07-19,chemical_energy,RU,-1,-7.822934763721334,weakest
2019-07-19,ferrous,RB,1,3.962425014117564,absolute
2019-07-19,government_bond,T,1,3.3367550192119744,absolute
2019-07-26,agriculture,JD,1,5.6897706044501755,strongest
2019-07-26,agriculture,P,-1,-4.225098995664593,weakest
2019-07-26,base_metal,AL,1,2.3367139375383466,absolute
2019-07-26,chemical_energy,FG,1,0.9675362559159424,strongest
2019-07-26,chemical_energy,RU,-1,-5.74381275583028,weakest
2019-07-26,ferrous,RB,1,2.5054000526562774,absolute
2019-07-26,government_bond,T,1,3.440012328021073,absolute
2019-08-02,agriculture,SR,1,4.322484945743982,strongest
2019-08-02,agriculture,M,-1,-3.4185797847112487,weakest
2019-08-02,base_metal,AL,1,0.5552425141423563,absolute
2019-08-02,chemical_energy,FG,1,0.426388839452818,strongest
2019-08-02,chemical_energy,MA,-1,-6.118333832867636,weakest
2019-08-02,ferrous,RB,-1,-2.4668070485374587,absolute
2019-08-02,government_bond,T,1,3.341499610342045,absolute
2019-08-09,agriculture,P,1,3.7365716230592096,strongest
2019-08-09,agriculture,CF,-1,-5.5957513145634445,weakest
2019-08-09,base_metal,AL,1,0.07049092057239845,absolute
2019-08-09,chemical_energy,RU,-1,-5.322890247710844,weakest
2019-08-09,ferrous,RB,-1,-3.34130525955338,absolute
2019-08-09,government_bond,T,1,3.566329976252469,absolute
2019-08-16,agriculture,P,1,9.985013784609006,strongest
2019-08-16,agriculture,CF,-1,-4.485577168426505,weakest
2019-08-16,base_metal,AL,1,2.0009891565305553,absolute
2019-08-16,chemical_energy,FG,1,0.3720611685273509,strongest
2019-08-16,chemical_energy,SC,-1,-6.490142885501111,weakest
2019-08-16,ferrous,RB,-1,-7.10832581851745,absolute
2019-08-16,government_bond,T,1,4.887866851963624,absolute
2019-08-23,agriculture,P,1,8.752247971485565,strongest
2019-08-23,agriculture,C,-1,-5.4790764921167066,weakest
2019-08-23,base_metal,AL,1,2.343526466996387,absolute
2019-08-23,chemical_energy,FG,1,2.1126555367577864,strongest
2019-08-23,chemical_energy,MA,-1,-2.8383433326993397,weakest
2019-08-23,ferrous,RB,-1,-5.458060703117689,absolute
2019-08-23,government_bond,T,1,5.112488521131244,absolute
2019-08-30,agriculture,P,1,6.569337813261787,strongest
2019-08-30,agriculture,CF,-1,-6.070031958513741,weakest
2019-08-30,base_metal,AL,1,3.7182123558450226,absolute
2019-08-30,chemical_energy,FG,1,0.8579038298556729,strongest
2019-08-30,chemical_energy,SC,-1,-2.076275312663812,weakest
2019-08-30,ferrous,RB,-1,-4.507434296469246,absolute
2019-08-30,government_bond,T,1,4.7334851597361185,absolute
2019-09-06,agriculture,P,1,2.963911673093145,strongest
2019-09-06,agriculture,C,-1,-7.179735357284647,weakest
2019-09-06,base_metal,AL,1,4.181048711992288,absolute
2019-09-06,chemical_energy,RU,1,2.9842463780528994,strongest
2019-09-06,chemical_energy,MA,-1,-2.797458601827809,weakest
2019-09-06,ferrous,RB,-1,-3.168825083831951,absolute
2019-09-06,government_bond,T,1,2.7157284816813654,absolute
2019-09-12,agriculture,JD,1,5.1218312306808995,strongest
2019-09-12,agriculture,C,-1,-4.453073123490588,weakest
2019-09-12,base_metal,AL,1,3.9696195021498117,absolute
2019-09-12,chemical_energy,SC,1,3.526566863574104,strongest
2019-09-12,chemical_energy,MA,-1,-2.0880170334281645,weakest
2019-09-12,ferrous,RB,1,0.4221272111243826,absolute
2019-09-12,government_bond,T,1,1.7173581484847675,absolute
2019-09-20,agriculture,JD,1,3.149400556545991,strongest
2019-09-20,agriculture,AP,-1,-4.2998220168758285,weakest
2019-09-20,base_metal,AL,1,2.979981497900871,absolute
2019-09-20,chemical_energy,UR,1,5.0376327780027195,strongest
2019-09-20,ferrous,RB,1,1.4222134364240921,absolute
2019-09-20,government_bond,T,-1,-2.0194263493947595,absolute
2019-09-27,agriculture,JD,1,4.574264428781667,strongest
2019-09-27,agriculture,C,-1,-5.76403947246282,weakest
2019-09-27,base_metal,AL,-1,-0.9988792886479987,absolute
2019-09-27,chemical_energy,MA,1,3.3080369168277994,strongest
2019-09-27,ferrous,RB,-1,-0.4195277450810723,absolute
2019-09-27,government_bond,T,-1,-0.8852306975521893,absolute
2019-09-30,agriculture,JD,1,1.4442548892935472,strongest
2019-09-30,agriculture,C,-1,-7.13381530141601,weakest
2019-09-30,base_metal,AL,-1,-0.44480096977986644,absolute
2019-09-30,chemical_energy,RU,1,4.394714328866775,strongest
2019-09-30,ferrous,RB,1,0.8077274984564605,absolute
2019-09-30,government_bond,T,-1,-1.3283896885399682,absolute
2019-10-11,agriculture,SR,1,3.099302664305145,strongest
2019-10-11,agriculture,AP,-1,-9.167843939598932,weakest
2019-10-11,base_metal,AL,-1,-2.7222664811380977,absolute
2019-10-11,chemical_energy,MA,1,3.7027573903609925,strongest
2019-10-11,chemical_energy,UR,-1,-2.679406764291292,weakest
2019-10-11,ferrous,RB,1,2.4024822485097688,absolute
2019-10-11,government_bond,T,-1,-5.631739103145607,absolute
2019-10-18,agriculture,M,1,1.939800217315967,strongest
2019-10-18,agriculture,AP,-1,-5.0557842124783035,weakest
2019-10-18,base_metal,AL,-1,-6.314021669064893,absolute
2019-10-18,chemical_energy,FG,1,2.8135720347191477,strongest
2019-10-18,chemical_energy,UR,-1,-4.578115766215572,weakest
2019-10-18,ferrous,RB,-1,-0.4650771959988827,absolute
2019-10-18,government_bond,T,-1,-5.041924897505445,absolute
2019-10-25,agriculture,M,1,5.065598882616574,strongest
2019-10-25,agriculture,CF,-1,-1.4608894595080084,weakest
2019-10-25,base_metal,AL,-1,-7.466595083514573,absolute
2019-10-25,chemical_energy,FG,1,1.7466118842569023,strongest
2019-10-25,chemical_energy,UR,-1,-7.981105586054674,weakest
2019-10-25,ferrous,RB,-1,-4.06004735527695,absolute
2019-10-25,government_bond,T,-1,-2.078495697788747,absolute
2019-11-01,agriculture,M,1,5.117853885710002,strongest
2019-11-01,agriculture,C,-1,-2.176618449854857,weakest
2019-11-01,base_metal,AL,-1,-6.414747741437838,absolute
2019-11-01,chemical_energy,FG,1,3.08578230063544,strongest
2019-11-01,chemical_energy,UR,-1,-7.057630129364449,weakest
2019-11-01,ferrous,RB,-1,-0.8245254919290269,absolute
2019-11-01,government_bond,T,-1,-4.106190249164491,absolute
2019-11-08,agriculture,P,1,6.9108215773411485,strongest
2019-11-08,base_metal,AL,-1,-1.1597836174113325,absolute
2019-11-08,chemical_energy,RU,1,3.7688155155578813,strongest
2019-11-08,chemical_energy,MA,-1,-6.804623587846037,weakest
2019-11-08,ferrous,RB,-1,-1.544901323601346,absolute
2019-11-08,government_bond,T,-1,-2.250040626596703,absolute
2019-11-15,agriculture,AP,1,6.520178452787998,strongest
2019-11-15,agriculture,M,-1,-1.400462875222421,weakest
2019-11-15,base_metal,AL,1,4.6045060554592325,absolute
2019-11-15,chemical_energy,RU,1,2.1334556281005077,strongest
2019-11-15,chemical_energy,MA,-1,-9.165269055814262,weakest
2019-11-15,ferrous,RB,1,0.14525180756275088,absolute
2019-11-15,government_bond,T,-1,-1.7472080818631437,absolute
2019-11-22,agriculture,P,1,6.244991700284478,strongest
2019-11-22,agriculture,M,-1,-3.140741228637376,weakest
2019-11-22,base_metal,AL,-1,-1.7207398119576272,absolute
2019-11-22,chemical_energy,RU,1,0.8048339569192008,strongest
2019-11-22,chemical_energy,MA,-1,-7.527348061863445,weakest
2019-11-22,ferrous,RB,1,6.178659808322807,absolute
2019-11-22,government_bond,T,-1,-0.12046545101268451,absolute
2019-11-29,agriculture,P,1,4.918121581097126,strongest
2019-11-29,agriculture,M,-1,-7.898882708000931,weakest
2019-11-29,base_metal,AL,1,1.503135827652518,absolute
2019-11-29,chemical_energy,RU,1,3.608921236995708,strongest
2019-11-29,chemical_energy,MA,-1,-4.320974041943444,weakest
2019-11-29,ferrous,RB,1,6.68625837809766,absolute
2019-11-29,government_bond,T,1,3.261675572376982,absolute
2019-12-06,agriculture,P,1,2.364676580042414,strongest
2019-12-06,agriculture,JD,-1,-7.710551860949517,weakest
2019-12-06,base_metal,AL,1,0.9160153059928404,absolute
2019-12-06,chemical_energy,SC,1,3.113567039158251,strongest
2019-12-06,chemical_energy,SP,-1,-5.719470292390015,weakest
2019-12-06,ferrous,RB,1,4.366244764937337,absolute
2019-12-06,government_bond,T,1,4.113544948282011,absolute
2019-12-13,agriculture,P,1,2.0506006447891654,strongest
2019-12-13,agriculture,M,-1,-4.637605404583054,weakest
2019-12-13,base_metal,AL,-1,-1.4764857597952465,absolute
2019-12-13,chemical_energy,RU,1,5.778884297756587,strongest
2019-12-13,chemical_energy,SP,-1,-7.14686143623921,weakest
2019-12-13,ferrous,RB,1,3.9193602888056303,absolute
2019-12-13,government_bond,T,1,2.035418972481922,absolute
2019-12-20,agriculture,AP,1,3.5761214169103006,strongest
2019-12-20,agriculture,JD,-1,-4.379881136860391,weakest
2019-12-20,base_metal,AL,1,4.859063934868033,absolute
2019-12-20,chemical_energy,RU,1,5.83174305818425,strongest
2019-12-20,chemical_energy,SP,-1,-3.377171473416246,weakest
2019-12-20,ferrous,RB,1,3.3356881911677676,absolute
2019-12-20,government_bond,T,1,0.6687010338516501,absolute
2019-12-27,agriculture,P,1,2.3180630294413564,strongest
2019-12-27,agriculture,C,-1,-4.563732936451217,weakest
2019-12-27,base_metal,AL,1,5.46572900429462,absolute
2019-12-27,chemical_energy,SC,1,4.972417894204179,strongest
2019-12-27,chemical_energy,SP,-1,-3.5080278606078372,weakest
2019-12-27,ferrous,RB,1,0.9599901142133608,absolute
2019-12-27,government_bond,T,-1,-1.1981213708038176,absolute
2020-01-03,agriculture,P,1,6.507889342033727,strongest
2020-01-03,agriculture,JD,-1,-4.80851099883047,weakest
2020-01-03,base_metal,AL,1,3.8221785774331467,absolute
2020-01-03,chemical_energy,SC,1,5.342921963892667,strongest
2020-01-03,chemical_energy,SP,-1,-0.36406518840819785,weakest
2020-01-03,ferrous,RB,1,2.685833542626444,absolute
2020-01-03,government_bond,T,1,1.1813759584857706,absolute
2020-01-10,agriculture,CF,1,6.87773432552652,strongest
2020-01-10,agriculture,JD,-1,-9.970811733445991,weakest
2020-01-10,base_metal,AL,1,2.947792282310674,absolute
2020-01-10,chemical_energy,SC,1,7.922515163855761,strongest
2020-01-10,chemical_energy,RU,-1,-2.76149677095752,weakest
2020-01-10,ferrous,RB,1,3.78012528921788,absolute
2020-01-10,government_bond,T,1,0.5252437582329541,absolute
2020-01-17,agriculture,P,1,7.408575045933254,strongest
2020-01-17,agriculture,JD,-1,-9.864987745336538,weakest
2020-01-17,base_metal,AL,1,3.4035455087592936,absolute
2020-01-17,chemical_energy,FG,1,5.196094629565434,strongest
2020-01-17,chemical_energy,RU,-1,-0.8341435059332468,weakest
2020-01-17,ferrous,RB,1,1.2987324357863357,absolute
2020-01-17,government_bond,T,1,3.0589736106656455,absolute
2020-01-23,agriculture,SR,1,7.308403857808044,strongest
2020-01-23,agriculture,AP,-1,-6.562930373221591,weakest
2020-01-23,base_metal,AL,1,2.083440871941048,absolute
2020-01-23,chemical_energy,SP,1,4.399032829899906,strongest
2020-01-23,ferrous,RB,1,2.2568679276844117,absolute
2020-01-23,government_bond,T,1,5.752058297414201,absolute
2020-02-07,agriculture,SR,1,2.413139706532394,strongest
2020-02-07,agriculture,AP,-1,-4.816457996494606,weakest
2020-02-07,base_metal,AL,-1,-0.4440205285414273,absolute
2020-02-07,chemical_energy,MA,1,1.4640558791038372,strongest
2020-02-07,chemical_energy,RU,-1,-3.492443585446824,weakest
2020-02-07,ferrous,RB,1,0.3626579613941427,absolute
2020-02-07,government_bond,T,1,6.775352659394882,absolute
2020-02-14,agriculture,SR,1,1.9528748600837633,strongest
2020-02-14,agriculture,AP,-1,-3.8825779821334474,weakest
2020-02-14,base_metal,AL,-1,-1.5279467356734167,absolute
2020-02-14,chemical_energy,SC,-1,-5.022789509600309,weakest
2020-02-14,ferrous,RB,-1,-2.517056848364886,absolute
2020-02-14,government_bond,T,1,7.791861515290277,absolute
2020-02-21,agriculture,P,-1,-5.467448137518651,weakest
2020-02-21,base_metal,AL,-1,-1.5198312803005254,absolute
2020-02-21,chemical_energy,UR,1,0.23827128982970883,strongest
2020-02-21,chemical_energy,SC,-1,-6.634842777912591,weakest
2020-02-21,ferrous,RB,-1,-1.7498531334911336,absolute
2020-02-21,government_bond,T,1,4.698279498539969,absolute
2020-02-28,agriculture,JD,1,0.6072106380583258,strongest
2020-02-28,agriculture,P,-1,-3.8397423589756174,weakest
2020-02-28,base_metal,AL,-1,-4.970741106013686,absolute
2020-02-28,chemical_energy,UR,1,1.2911797907793847,strongest
2020-02-28,chemical_energy,RU,-1,-4.540290865053823,weakest
2020-02-28,ferrous,RB,-1,-0.8793674062459683,absolute
2020-02-28,government_bond,T,1,4.895180541834927,absolute
2020-03-06,agriculture,C,1,0.7347916774172287,strongest
2020-03-06,agriculture,P,-1,-7.432326408498812,weakest
2020-03-06,base_metal,AL,-1,-6.060849858087782,absolute
2020-03-06,chemical_energy,UR,1,1.3412231551165257,strongest
2020-03-06,chemical_energy,SC,-1,-7.170083924262659,weakest
2020-03-06,ferrous,RB,-1,-1.7861446083536174,absolute
2020-03-06,government_bond,T,1,4.202669094985553,absolute
2020-03-13,agriculture,M,1,1.451697292642095,strongest
2020-03-13,agriculture,P,-1,-6.888676610164981,weakest
2020-03-13,base_metal,AL,-1,-5.585942459534628,absolute
2020-03-13,chemical_energy,UR,1,4.9722237922542645,strongest
2020-03-13,chemical_energy,SC,-1,-4.921341411190816,weakest
2020-03-13,ferrous,RB,1,2.1109587571228707,absolute
2020-03-13,government_bond,T,1,2.508762428137642,absolute
2020-03-20,agriculture,C,1,2.89107819347868,strongest
2020-03-20,agriculture,P,-1,-6.376218592922078,weakest
2020-03-20,base_metal,AL,-1,-6.253235467219933,absolute
2020-03-20,chemical_energy,SP,1,0.4420730385678044,strongest
2020-03-20,chemical_energy,SC,-1,-9.294090339743558,weakest
2020-03-20,ferrous,RB,1,3.3092787132581702,absolute
2020-03-20,government_bond,T,1,2.8512508229700493,absolute
2020-03-27,agriculture,C,1,2.7914776640382137,strongest
2020-03-27,agriculture,CF,-1,-7.588816654678497,weakest
2020-03-27,base_metal,AL,-1,-7.277401998329966,absolute
2020-03-27,chemical_energy,SC,-1,-10.823639117729385,weakest
2020-03-27,ferrous,RB,-1,-0.6671173544198494,absolute
2020-03-27,government_bond,T,1,1.3915802424209616,absolute
2020-04-03,agriculture,M,1,4.236005988362765,strongest
2020-04-03,agriculture,CF,-1,-4.652094775600067,weakest
2020-04-03,base_metal,AL,-1,-4.807179278695218,absolute
2020-04-03,chemical_energy,SP,1,2.5863539874024877,strongest
2020-04-03,chemical_energy,MA,-1,-8.892574588770362,weakest
2020-04-03,ferrous,RB,1,1.517173641673815,absolute
2020-04-03,government_bond,T,1,1.0148046218802562,absolute
2020-04-10,agriculture,C,1,2.484212931321624,strongest
2020-04-10,agriculture,CF,-1,-7.632397932415708,weakest
2020-04-10,base_metal,AL,-1,-6.116115615146577,absolute
2020-04-10,chemical_energy,MA,-1,-7.844919505613435,weakest
2020-04-10,ferrous,RB,-1,-2.5336036760070524,absolute
2020-04-10,government_bond,T,1,1.6404539460824767,absolute
2020-04-17,agriculture,C,1,2.9268128376930393,strongest
2020-04-17,agriculture,CF,-1,-3.2905439769232503,weakest
2020-04-17,base_metal,AL,-1,-3.48402265459141,absolute
2020-04-17,chemical_energy,SC,1,1.679406758428462,strongest
2020-04-17,chemical_energy,FG,-1,-5.887247239562594,weakest
2020-04-17,ferrous,RB,-1,-0.8756142674124878,absolute
2020-04-17,government_bond,T,1,2.034992621943185,absolute
2020-04-24,agriculture,C,1,6.752777206453657,strongest
2020-04-24,agriculture,SR,-1,-2.998143320902504,weakest
2020-04-24,base_metal,AL,1,2.2331708848987106,absolute
2020-04-24,chemical_energy,SC,1,1.30430715571192,strongest
2020-04-24,chemical_energy,FG,-1,-2.0198537371772174,weakest
2020-04-24,ferrous,RB,-1,-0.8824643448579438,absolute
2020-04-24,government_bond,T,1,4.42964296559615,absolute
2020-04-30,agriculture,C,1,4.954056434805291,strongest
2020-04-30,agriculture,SR,-1,-5.28894842685593,weakest
2020-04-30,base_metal,AL,1,3.03343923977719,absolute
2020-04-30,chemical_energy,RU,1,0.4709428482044429,strongest
2020-04-30,chemical_energy,FG,-1,-2.7224943869444944,weakest
2020-04-30,ferrous,RB,-1,-0.6705452144142171,absolute
2020-04-30,government_bond,T,1,3.807217557723708,absolute
2020-05-08,agriculture,C,1,4.930466962460281,strongest
2020-05-08,agriculture,SR,-1,-9.263163056016365,weakest
2020-05-08,base_metal,AL,1,6.147811944766467,absolute
2020-05-08,chemical_energy,RU,1,1.8956862854574577,strongest
2020-05-08,chemical_energy,SP,-1,-4.002214576829599,weakest
2020-05-08,ferrous,RB,1,1.078380111349996,absolute
2020-05-08,government_bond,T,1,4.125364704587065,absolute
2020-05-15,agriculture,AP,1,3.225471588659482,strongest
2020-05-15,agriculture,JD,-1,-4.537327499175271,weakest
2020-05-15,base_metal,AL,1,5.935992183255154,absolute
2020-05-15,chemical_energy,FG,1,2.73892164219914,strongest
2020-05-15,chemical_energy,SP,-1,-4.786058621387696,weakest
2020-05-15,ferrous,RB,1,5.945203122965352,absolute
2020-05-15,government_bond,T,-1,-0.4319367437341431,absolute
2020-05-22,agriculture,AP,1,3.2651487810083863,strongest
2020-05-22,agriculture,JD,-1,-5.312497141625233,weakest
2020-05-22,base_metal,AL,1,6.168448813563294,absolute
2020-05-22,chemical_energy,FG,1,5.28188492616501,strongest
2020-05-22,chemical_energy,SP,-1,-5.149753770180254,weakest
2020-05-22,ferrous,RB,1,2.3322443733659917,absolute
2020-05-22,government_bond,T,-1,-0.9711812200347186,absolute
2020-05-29,agriculture,AP,1,4.648141993659451,strongest
2020-05-29,agriculture,JD,-1,-6.375509953297933,weakest
2020-05-29,base_metal,AL,1,7.98261899136608,absolute
2020-05-29,chemical_energy,FG,1,6.690835178323509,strongest
2020-05-29,chemical_energy,SP,-1,-3.038171599165339,weakest
2020-05-29,ferrous,RB,1,3.9132180354870316,absolute
2020-05-29,government_bond,T,1,0.5579532575319315,absolute
2020-06-05,agriculture,P,1,5.453297486652695,strongest
2020-06-05,agriculture,JD,-1,-7.622136929935222,weakest
2020-06-05,base_metal,AL,1,8.289247089577772,absolute
2020-06-05,chemical_energy,FG,1,7.751723398723945,strongest
2020-06-05,chemical_energy,SP,-1,-3.10166740073665,weakest
2020-06-05,ferrous,RB,1,6.702333819394994,absolute
2020-06-05,government_bond,T,-1,-3.5421581944426372,absolute
2020-06-12,agriculture,P,1,7.713387510291619,strongest
2020-06-12,agriculture,JD,-1,-8.446740998894688,weakest
2020-06-12,base_metal,AL,1,7.114456114907046,absolute
2020-06-12,chemical_energy,FG,1,4.964735352984986,strongest
2020-06-12,chemical_energy,SP,-1,-0.6826496891025392,weakest
2020-06-12,ferrous,RB,1,3.576140831799314,absolute
2020-06-12,government_bond,T,-1,-3.814348917117783,absolute
2020-06-19,agriculture,P,1,6.1559523463759,strongest
2020-06-19,agriculture,JD,-1,-10.860708643911414,weakest
2020-06-19,base_metal,AL,1,8.22173355261976,absolute
2020-06-19,chemical_energy,FG,1,4.806083408814312,strongest
2020-06-19,chemical_energy,UR,-1,-1.9233662543427281,weakest
2020-06-19,ferrous,RB,1,3.7151629673242215,absolute
2020-06-19,government_bond,T,-1,-1.121657640194112,absolute
2020-06-24,agriculture,C,1,7.47816804319461,strongest
2020-06-24,agriculture,JD,-1,-9.557311179822733,weakest
2020-06-24,base_metal,AL,1,6.928359631567153,absolute
2020-06-24,chemical_energy,FG,1,3.0204812828524434,strongest
2020-06-24,chemical_energy,MA,-1,-1.047649148520748,weakest
2020-06-24,ferrous,RB,1,1.2725500749288055,absolute
2020-06-24,government_bond,T,-1,-2.052461603647775,absolute
2020-07-03,agriculture,P,1,5.198546043911237,strongest
2020-07-03,agriculture,AP,-1,-9.029050808494684,weakest
2020-07-03,base_metal,AL,1,5.344292041951791,absolute
2020-07-03,chemical_energy,FG,1,4.701314043152913,strongest
2020-07-03,chemical_energy,UR,-1,-2.6985243134278134,weakest
2020-07-03,ferrous,RB,1,3.2095239529084343,absolute
2020-07-03,government_bond,T,-1,-2.326413536652233,absolute
2020-07-10,agriculture,M,1,3.4568305453630077,strongest
2020-07-10,agriculture,AP,-1,-5.482215750686185,weakest
2020-07-10,base_metal,AL,1,7.634254601332905,absolute
2020-07-10,chemical_energy,FG,1,3.783723101596364,strongest
2020-07-10,chemical_energy,UR,-1,-2.146366325642645,weakest
2020-07-10,ferrous,RB,-1,-0.4057420348167254,absolute
2020-07-10,government_bond,T,-1,-1.3586223607331396,absolute
2020-07-17,agriculture,M,1,3.4935019314301408,strongest
2020-07-17,agriculture,AP,-1,-3.0889937048058114,weakest
2020-07-17,base_metal,AL,1,6.584291606419917,absolute
2020-07-17,chemical_energy,FG,1,8.829691827029615,strongest
2020-07-17,chemical_energy,SP,-1,-2.210365192839019,weakest
2020-07-17,ferrous,RB,1,2.481132450487274,absolute
2020-07-17,government_bond,T,-1,-3.817074072283382,absolute
2020-07-24,agriculture,JD,1,4.211161972550067,strongest
2020-07-24,agriculture,AP,-1,-5.559638246687024,weakest
2020-07-24,base_metal,AL,1,2.1562094760841064,absolute
2020-07-24,chemical_energy,FG,1,9.495836502878175,strongest
2020-07-24,chemical_energy,SC,-1,-1.142721156413106,weakest
2020-07-24,ferrous,RB,1,3.4365164342443504,absolute
2020-07-24,government_bond,T,-1,-2.2495981472030344,absolute
2020-07-31,agriculture,C,1,8.027204500753124,strongest
2020-07-31,agriculture,AP,-1,-2.6111092233185755,weakest
2020-07-31,base_metal,AL,1,3.590932867015419,absolute
2020-07-31,chemical_energy,FG,1,6.893468220026004,strongest
2020-07-31,chemical_energy,SC,-1,-2.484582018612593,weakest
2020-07-31,ferrous,RB,1,2.689603781154384,absolute
2020-07-31,government_bond,T,-1,-0.38992786864167867,absolute
2020-08-07,agriculture,C,1,6.999580153517402,strongest
2020-08-07,agriculture,AP,-1,-7.212494493158232,weakest
2020-08-07,base_metal,AL,1,3.805689690628013,absolute
2020-08-07,chemical_energy,FG,1,7.810810051051105,strongest
2020-08-07,chemical_energy,SC,-1,-5.240930374117409,weakest
2020-08-07,ferrous,RB,1,3.7083122654483875,absolute
2020-08-07,government_bond,T,-1,-2.6507932063569695,absolute
2020-08-14,agriculture,P,1,8.417791832745763,strongest
2020-08-14,agriculture,AP,-1,-9.760347907661293,weakest
2020-08-14,base_metal,AL,1,1.7502399067802088,absolute
2020-08-14,chemical_energy,FG,1,10.646035452602947,strongest
2020-08-14,chemical_energy,SC,-1,-4.984821760597959,weakest
2020-08-14,ferrous,RB,1,3.462706559141466,absolute
2020-08-14,government_bond,T,1,0.7548525427664228,absolute
2020-08-21,agriculture,C,1,4.353145452632883,strongest
2020-08-21,agriculture,JD,-1,-4.442663624397766,weakest
2020-08-21,base_metal,AL,1,3.3928113229095245,absolute
2020-08-21,chemical_energy,FG,1,6.787286970119523,strongest
2020-08-21,chemical_energy,SC,-1,-4.442809904820802,weakest
2020-08-21,ferrous,RB,1,1.9228406197425332,absolute
2020-08-21,government_bond,T,1,1.088351408908496,absolute
2020-08-28,agriculture,CF,1,2.7567366431375544,strongest
2020-08-28,agriculture,JD,-1,-7.982574736823999,weakest
2020-08-28,base_metal,AL,1,3.696565404662165,absolute
2020-08-28,chemical_energy,RU,1,4.639428608721776,strongest
2020-08-28,chemical_energy,SC,-1,-5.537075784190181,weakest
2020-08-28,ferrous,RB,1,1.0562359769080585,absolute
2020-08-28,government_bond,T,-1,-3.5558547153142106,absolute
2020-09-04,agriculture,SR,1,4.120087114723467,strongest
2020-09-04,agriculture,JD,-1,-7.7789125785026245,weakest
2020-09-04,base_metal,AL,1,0.14175333170874285,absolute
2020-09-04,chemical_energy,SP,1,7.545767237111431,strongest
2020-09-04,chemical_energy,SC,-1,-0.5791332394966394,weakest
2020-09-04,ferrous,RB,1,0.807283495014868,absolute
2020-09-04,government_bond,T,-1,-1.5914486858760994,absolute
2020-09-11,agriculture,M,1,3.8450857589644696,strongest
2020-09-11,agriculture,JD,-1,-6.658601735283562,weakest
2020-09-11,base_metal,AL,-1,-1.3087934908579824,absolute
2020-09-11,chemical_energy,MA,1,9.159486682741175,strongest
2020-09-11,chemical_energy,UR,-1,-4.504204328782618,weakest
2020-09-11,ferrous,RB,-1,-0.29636417314823826,absolute
2020-09-11,government_bond,T,-1,-1.7566133367400298,absolute
2020-09-18,agriculture,M,1,5.3732745128714985,strongest
2020-09-18,agriculture,JD,-1,-2.270076862702374,weakest
2020-09-18,base_metal,AL,-1,-0.4976794188557735,absolute
2020-09-18,chemical_energy,MA,1,3.511853618775118,strongest
2020-09-18,chemical_energy,SC,-1,-6.524593010201144,weakest
2020-09-18,ferrous,RB,-1,-1.840739578230589,absolute
2020-09-18,government_bond,T,-1,-3.4147166252664154,absolute
2020-09-25,agriculture,P,1,7.648486611474145,strongest
2020-09-25,agriculture,JD,-1,-3.722781208618128,weakest
2020-09-25,base_metal,AL,1,0.1909836399373138,absolute
2020-09-25,chemical_energy,MA,1,4.985222834090724,strongest
2020-09-25,chemical_energy,SC,-1,-2.7539404901907116,weakest
2020-09-25,ferrous,RB,-1,-3.109926204628096,absolute
2020-09-25,government_bond,T,-1,-1.7807895196793215,absolute
2020-09-30,agriculture,C,1,3.6232509755042033,strongest
2020-09-30,agriculture,JD,-1,-2.8802524920269628,weakest
2020-09-30,base_metal,AL,-1,-2.081041868330993,absolute
2020-09-30,chemical_energy,MA,1,1.2998738088703332,strongest
2020-09-30,chemical_energy,SC,-1,-5.203054432405967,weakest
2020-09-30,ferrous,RB,-1,-4.77886155389324,absolute
2020-09-30,government_bond,T,1,2.368570035479383,absolute
2020-10-09,agriculture,C,1,5.834202568989521,strongest
2020-10-09,agriculture,JD,-1,-2.236941980740303,weakest
2020-10-09,base_metal,AL,-1,-3.278662391125347,absolute
2020-10-09,chemical_energy,MA,1,1.009212254925795,strongest
2020-10-09,chemical_energy,SC,-1,-5.685232519864374,weakest
2020-10-09,ferrous,RB,-1,-4.243680954046009,absolute
2020-10-09,government_bond,T,1,1.7445593766516527,absolute
2020-10-16,agriculture,C,1,7.361127543392105,strongest
2020-10-16,base_metal,AL,1,1.216307268869784,absolute
2020-10-16,chemical_energy,UR,1,1.514862400049382,strongest
2020-10-16,chemical_energy,SP,-1,-3.936103592775534,weakest
2020-10-16,ferrous,RB,-1,-3.5917692100754754,absolute
2020-10-16,government_bond,T,-1,-1.2210598624674556,absolute
2020-10-23,agriculture,CF,1,8.450581959766874,strongest
2020-10-23,base_metal,AL,1,2.5526691869768454,absolute
2020-10-23,chemical_energy,RU,1,6.272630867860369,strongest
2020-10-23,chemical_energy,SP,-1,-0.6988996111857048,weakest
2020-10-23,ferrous,RB,-1,-0.20197757047191117,absolute
2020-10-23,government_bond,T,-1,-2.9137978069681054,absolute
2020-10-30,agriculture,CF,1,6.0005987953973134,strongest
2020-10-30,agriculture,SR,-1,-0.9924672079869847,weakest
2020-10-30,base_metal,AL,1,1.9710722122201856,absolute
2020-10-30,chemical_energy,RU,1,8.406010058651754,strongest
2020-10-30,chemical_energy,SC,-1,-2.6204869987424937,weakest
2020-10-30,ferrous,RB,1,1.1029962785584617,absolute
2020-10-30,government_bond,T,1,0.29258675424725966,absolute
2020-11-06,agriculture,C,1,7.069620310094382,strongest
2020-11-06,agriculture,AP,-1,-0.8544781733504456,weakest
2020-11-06,base_metal,AL,1,5.956920923270521,absolute
2020-11-06,chemical_energy,RU,1,7.408690130421942,strongest
2020-11-06,chemical_energy,SC,-1,-6.609222194722358,weakest
2020-11-06,ferrous,RB,1,4.570475054571737,absolute
2020-11-06,government_bond,T,-1,-1.0710174304418716,absolute
2020-11-13,agriculture,P,1,3.3583658641858336,strongest
2020-11-13,agriculture,AP,-1,-7.657485490772194,weakest
2020-11-13,base_metal,AL,1,3.8624912302930503,absolute
2020-11-13,chemical_energy,RU,1,3.917207055564421,strongest
2020-11-13,chemical_energy,SC,-1,-6.368354948366663,weakest
2020-11-13,ferrous,RB,1,5.32299714592409,absolute
2020-11-13,government_bond,T,1,2.974410422483762,absolute
2020-11-20,agriculture,P,1,4.757059482383391,strongest
2020-11-20,agriculture,AP,-1,-6.6476131428664615,weakest
2020-11-20,base_metal,AL,1,5.870289176662138,absolute
2020-11-20,chemical_energy,UR,1,4.433544976553008,strongest
2020-11-20,chemical_energy,SC,-1,-2.497158872438667,weakest
2020-11-20,ferrous,RB,1,5.839906206824218,absolute
2020-11-20,government_bond,T,1,0.6707496373722903,absolute
2020-11-27,agriculture,P,1,5.044306073517727,strongest
2020-11-27,agriculture,JD,-1,-5.1930480363619145,weakest
2020-11-27,base_metal,AL,1,6.887633152677339,absolute
2020-11-27,chemical_energy,FG,1,6.836752332569582,strongest
2020-11-27,chemical_energy,SC,-1,-1.428806186262408,weakest
2020-11-27,ferrous,RB,1,9.966346863940807,absolute
2020-11-27,government_bond,T,-1,-4.317091688004738,absolute
2020-12-04,agriculture,P,1,3.53558622318048,strongest
2020-12-04,agriculture,JD,-1,-8.465001514487417,weakest
2020-12-04,base_metal,AL,1,9.564641935653237,absolute
2020-12-04,chemical_energy,SC,1,7.845641343983574,strongest
2020-12-04,chemical_energy,RU,-1,-1.1729132167235736,weakest
2020-12-04,ferrous,RB,1,4.935110062715393,absolute
2020-12-04,government_bond,T,-1,-3.5567779210991612,absolute
2020-12-11,agriculture,CF,1,1.7379033389932097,strongest
2020-12-11,agriculture,JD,-1,-4.099112492448507,weakest
2020-12-11,base_metal,AL,1,5.872549060541755,absolute
2020-12-11,chemical_energy,SC,1,7.839083919770887,strongest
2020-12-11,chemical_energy,RU,-1,-0.16545470652612929,weakest
2020-12-11,ferrous,RB,1,2.4984754038544077,absolute
2020-12-11,government_bond,T,-1,-1.7728475033898883,absolute
2020-12-18,agriculture,CF,1,3.1067901573625605,strongest
2020-12-18,agriculture,AP,-1,-8.631697562269002,weakest
2020-12-18,base_metal,AL,1,2.3427841343789453,absolute
2020-12-18,chemical_energy,SP,1,7.527812508627494,strongest
2020-12-18,chemical_energy,RU,-1,-0.23702870383170452,weakest
2020-12-18,ferrous,RB,1,5.114118292701011,absolute
2020-12-18,government_bond,T,-1,-0.8799516284549174,absolute
2020-12-25,agriculture,CF,1,3.765792783293483,strongest
2020-12-25,agriculture,AP,-1,-4.7455277905750775,weakest
2020-12-25,base_metal,AL,1,3.1848403731890076,absolute
2020-12-25,chemical_energy,SP,1,6.934629259696031,strongest
2020-12-25,ferrous,RB,1,6.0289532686093485,absolute
2020-12-25,government_bond,T,1,0.17340384802265646,absolute
2020-12-31,agriculture,JD,1,5.898706809030038,strongest
2020-12-31,agriculture,AP,-1,-5.379600595236149,weakest
2020-12-31,base_metal,AL,1,0.6793661449534444,absolute
2020-12-31,chemical_energy,SP,1,6.507440305312723,strongest
2020-12-31,chemical_energy,RU,-1,-1.1480976667896634,weakest
2020-12-31,ferrous,RB,1,5.763700716359761,absolute
2020-12-31,government_bond,T,1,1.101105322148847,absolute
2021-01-08,agriculture,M,1,6.986509223119402,strongest
2021-01-08,agriculture,AP,-1,-1.5957650487246768,weakest
2021-01-08,base_metal,AL,-1,-1.7054681334346022,absolute
2021-01-08,chemical_energy,SP,1,8.517869473477337,strongest
2021-01-08,chemical_energy,RU,-1,-3.9829460749798113,weakest
2021-01-08,ferrous,RB,1,6.444706748434301,absolute
2021-01-08,government_bond,T,1,3.343365016464477,absolute
2021-01-15,agriculture,C,1,10.409251588985052,strongest
2021-01-15,agriculture,AP,-1,-0.7402523960123868,weakest
2021-01-15,base_metal,AL,-1,-3.018770581497837,absolute
2021-01-15,chemical_energy,SP,1,8.558899533475504,strongest
2021-01-15,chemical_energy,FG,-1,-3.952208133328803,weakest
2021-01-15,ferrous,RB,1,4.898394315574884,absolute
2021-01-15,government_bond,T,1,1.704438456299703,absolute
2021-01-22,agriculture,C,1,12.27160943254643,strongest
2021-01-22,agriculture,AP,-1,-4.395090690476133,weakest
2021-01-22,base_metal,AL,-1,-5.64844765841111,absolute
2021-01-22,chemical_energy,SP,1,8.15207230357485,strongest
2021-01-22,chemical_energy,FG,-1,-6.202684161117638,weakest
2021-01-22,ferrous,RB,1,1.8666054837853012,absolute
2021-01-22,government_bond,T,1,3.0773510703322753,absolute
2021-01-29,agriculture,C,1,6.277329354863655,strongest
2021-01-29,agriculture,AP,-1,-3.3726231280811043,weakest
2021-01-29,base_metal,AL,-1,-5.9759744577882685,absolute
2021-01-29,chemical_energy,SP,1,5.809420451591598,strongest
2021-01-29,chemical_energy,FG,-1,-4.046904077004765,weakest
2021-01-29,ferrous,RB,1,0.03573751663885053,absolute
2021-01-29,government_bond,T,1,3.707143150038424,absolute
2021-02-05,agriculture,JD,1,1.496039734630624,strongest
2021-02-05,agriculture,AP,-1,-4.409699709918185,weakest
2021-02-05,base_metal,AL,-1,-2.9687584146928225,absolute
2021-02-05,chemical_energy,SP,1,6.3641455385392485,strongest
2021-02-05,chemical_energy,FG,-1,-2.360264540727333,weakest
2021-02-05,ferrous,RB,-1,-1.542648058471714,absolute
2021-02-05,government_bond,T,-1,-1.1150801903773049,absolute
2021-02-10,agriculture,JD,1,1.4621475908790489,strongest
2021-02-10,agriculture,P,-1,-5.4076538732817205,weakest
2021-02-10,base_metal,AL,-1,-2.2854065941338306,absolute
2021-02-10,chemical_energy,SP,1,2.9257991720033223,strongest
2021-02-10,chemical_energy,MA,-1,-2.786491477567652,weakest
2021-02-10,ferrous,RB,-1,-2.49026831199153,absolute
2021-02-10,government_bond,T,-1,-3.042200766483502,absolute
2021-02-19,agriculture,JD,1,1.16573110962294,strongest
2021-02-19,agriculture,P,-1,-4.573115736633758,weakest
2021-02-19,base_metal,AL,1,0.8938057452405077,absolute
2021-02-19,chemical_energy,SP,1,3.147318502591386,strongest
2021-02-19,chemical_energy,RU,-1,-0.27055030568322097,weakest
2021-02-19,ferrous,RB,-1,-2.4989453088765687,absolute
2021-02-19,government_bond,T,-1,-3.093161097455354,absolute
2021-02-26,agriculture,CF,1,4.493972936987888,strongest
2021-02-26,agriculture,M,-1,-3.646815245691151,weakest
2021-02-26,base_metal,AL,1,6.325129914636904,absolute
2021-02-26,chemical_energy,FG,1,7.009063788992,strongest
2021-02-26,chemical_energy,UR,-1,-0.13940140496375844,weakest
2021-02-26,ferrous,RB,1,2.015346119035588,absolute
2021-02-26,government_bond,T,-1,-3.8017371703317937,absolute
2021-03-05,agriculture,P,1,7.679534466950408,strongest
2021-03-05,agriculture,C,-1,-1.0515577359591,weakest
2021-03-05,base_metal,AL,1,7.790561999119062,absolute
2021-03-05,chemical_energy,SP,1,8.567584754063597,strongest
2021-03-05,ferrous,RB,1,5.190630999159925,absolute
2021-03-05,government_bond,T,-1,-7.225870302107198,absolute
2021-03-12,agriculture,P,1,4.9232263356756985,strongest
2021-03-12,agriculture,AP,-1,-3.3262340323496535,weakest
2021-03-12,base_metal,AL,1,5.032775257959005,absolute
2021-03-12,chemical_energy,FG,1,9.950881779505512,strongest
2021-03-12,chemical_energy,UR,-1,-5.022952846338622,weakest
2021-03-12,ferrous,RB,1,4.974824565831192,absolute
2021-03-12,government_bond,T,-1,-1.5455120308501358,absolute
2021-03-19,agriculture,P,1,8.776078194712479,strongest
2021-03-19,agriculture,AP,-1,-4.8641717420643795,weakest
2021-03-19,base_metal,AL,1,3.9111793724209,absolute
2021-03-19,chemical_energy,SP,1,5.379956599136545,strongest
2021-03-19,chemical_energy,UR,-1,-1.7486749575096538,weakest
2021-03-19,ferrous,RB,1,4.532518545003962,absolute
2021-03-19,government_bond,T,-1,-0.1067712909562056,absolute
2021-03-26,agriculture,P,1,2.8152509111718778,strongest
2021-03-26,agriculture,AP,-1,-9.565162648377694,weakest
2021-03-26,base_metal,AL,1,2.230287944716881,absolute
2021-03-26,chemical_energy,FG,1,3.1149358761434747,strongest
2021-03-26,chemical_energy,RU,-1,-2.648981016203945,weakest
2021-03-26,ferrous,RB,1,2.2621017767221425,absolute
2021-03-26,government_bond,T,1,1.8257628249916418,absolute
2021-04-02,agriculture,AP,-1,-7.799992579762418,weakest
2021-04-02,chemical_energy,FG,1,1.8637172276613356,strongest
2021-04-02,chemical_energy,RU,-1,-5.9778417501318035,weakest
2021-04-02,ferrous,RB,1,2.431920286110695,absolute
2021-04-02,government_bond,T,1,4.694140080780367,absolute
2021-04-09,agriculture,M,1,1.1130693059151857,strongest
2021-04-09,agriculture,CF,-1,-5.491559062254999,weakest
2021-04-09,base_metal,AL,1,1.1318253252866628,absolute
2021-04-09,chemical_energy,FG,1,0.8194818028468955,strongest
2021-04-09,chemical_energy,RU,-1,-4.519603126977467,weakest
2021-04-09,ferrous,RB,1,1.5352859443264537,absolute
2021-04-09,government_bond,T,1,3.5929390421649803,absolute
2021-04-16,agriculture,M,1,4.41668301599266,strongest
2021-04-16,agriculture,AP,-1,-3.6380528253904387,weakest
2021-04-16,chemical_energy,UR,1,2.245100740571556,strongest
2021-04-16,chemical_energy,RU,-1,-6.264492192125164,weakest
2021-04-16,ferrous,RB,1,5.10730717426281,absolute
2021-04-16,government_bond,T,1,1.4531265004259908,absolute
2021-04-23,agriculture,M,1,2.8770651134716414,strongest
2021-04-23,agriculture,AP,-1,-2.2246898378834294,weakest
2021-04-23,base_metal,AL,1,1.944344256283583,absolute
2021-04-23,chemical_energy,FG,1,3.004874215826313,strongest
2021-04-23,chemical_energy,RU,-1,-5.34450478206836,weakest
2021-04-23,ferrous,RB,1,4.667439380185076,absolute
2021-04-23,government_bond,T,1,5.225190393207811,absolute
2021-04-30,agriculture,M,1,4.159040849142974,strongest
2021-04-30,agriculture,AP,-1,-1.394243725042331,weakest
2021-04-30,base_metal,AL,1,5.24300669986488,absolute
2021-04-30,chemical_energy,FG,1,4.586031615531627,strongest
2021-04-30,chemical_energy,RU,-1,-1.2003237499351798,weakest
2021-04-30,ferrous,RB,1,6.543730709331552,absolute
2021-04-30,government_bond,T,1,2.1194225549405954,absolute
2021-05-07,agriculture,C,1,6.026883481684222,strongest
2021-05-07,agriculture,AP,-1,-2.407839975659133,weakest
2021-05-07,base_metal,AL,1,5.062736960436581,absolute
2021-05-07,chemical_energy,FG,1,4.601453690333927,strongest
2021-05-07,chemical_energy,RU,-1,-2.5032826685111718,weakest
2021-05-07,ferrous,RB,1,6.188082764208289,absolute
2021-05-07,government_bond,T,1,0.9086165110877004,absolute
2021-05-14,agriculture,C,1,8.220866776601722,strongest
2021-05-14,base_metal,AL,1,8.456961126873361,absolute
2021-05-14,chemical_energy,FG,1,8.197954034372506,strongest
2021-05-14,ferrous,RB,1,5.137424607752331,absolute
2021-05-14,government_bond,T,1,3.0069160733092866,absolute
2021-05-21,agriculture,P,1,6.213196591877908,strongest
2021-05-21,agriculture,AP,-1,-3.171147476022201,weakest
2021-05-21,base_metal,AL,1,4.192334601911812,absolute
2021-05-21,chemical_energy,FG,1,8.572623299536128,strongest
2021-05-21,chemical_energy,SP,-1,-1.9934682268213737,weakest
2021-05-21,ferrous,RB,1,3.002792498353502,absolute
2021-05-21,government_bond,T,1,3.3560184734147827,absolute
2021-05-28,agriculture,AP,1,5.636285949908488,strongest
2021-05-28,agriculture,JD,-1,-3.261101327317283,weakest
2021-05-28,base_metal,AL,1,1.4947714054144514,absolute
2021-05-28,chemical_energy,UR,1,4.849668459407201,strongest
2021-05-28,chemical_energy,SP,-1,-4.629387096889348,weakest
2021-05-28,ferrous,RB,-1,-0.26336575882402685,absolute
2021-05-28,government_bond,T,1,5.677119872694229,absolute
2021-06-04,agriculture,AP,1,3.228916960189959,strongest
2021-06-04,agriculture,M,-1,-2.3532272789731827,weakest
2021-06-04,base_metal,AL,1,0.11073372205861562,absolute
2021-06-04,chemical_energy,FG,1,3.398314739396853,strongest
2021-06-04,chemical_energy,SP,-1,-5.631748144614767,weakest
2021-06-04,ferrous,RB,-1,-2.1733579722258756,absolute
2021-06-04,government_bond,T,1,5.464504087455235,absolute
2021-06-11,agriculture,AP,1,3.418023721996106,strongest
2021-06-11,agriculture,C,-1,-3.0904907611050936,weakest
2021-06-11,base_metal,AL,-1,-3.9797354025841503,absolute
2021-06-11,chemical_energy,UR,1,4.549189284837117,strongest
2021-06-11,chemical_energy,SP,-1,-6.9371849238110155,weakest
2021-06-11,ferrous,RB,-1,-2.4374276948454536,absolute
2021-06-11,government_bond,T,1,2.3167556625072656,absolute
2021-06-18,agriculture,AP,1,3.6003322739164596,strongest
2021-06-18,agriculture,LH,-1,-9.875543308654196,weakest
2021-06-18,base_metal,AL,-1,-3.667611318242902,absolute
2021-06-18,chemical_energy,SC,1,1.8813770023915921,strongest
2021-06-18,chemical_energy,SP,-1,-6.085054094161649,weakest
2021-06-18,ferrous,RB,-1,-4.090685081072485,absolute
2021-06-18,government_bond,T,-1,-0.14638282718325474,absolute
2021-06-25,agriculture,AP,1,1.5917618283102464,strongest
2021-06-25,agriculture,LH,-1,-11.023011738244993,weakest
2021-06-25,base_metal,AL,-1,-1.9499055158573146,absolute
2021-06-25,chemical_energy,SC,1,3.4136926618784407,strongest
2021-06-25,chemical_energy,SP,-1,-6.24167277511938,weakest
2021-06-25,ferrous,RB,-1,-0.7602839386986752,absolute
2021-06-25,government_bond,T,-1,-2.0987749190284473,absolute
2021-07-02,agriculture,CF,1,4.287285967317281,strongest
2021-07-02,agriculture,LH,-1,-4.645117063116981,weakest
2021-07-02,base_metal,AL,1,1.4044905247993158,absolute
2021-07-02,chemical_energy,SC,1,5.39743410542225,strongest
2021-07-02,chemical_energy,RU,-1,-2.2724545770246305,weakest
2021-07-02,ferrous,RB,1,1.6980539062354236,absolute
2021-07-02,government_bond,T,-1,-0.3849180448165682,absolute
2021-07-09,agriculture,CF,1,2.0713093879585385,strongest
2021-07-09,agriculture,C,-1,-2.9645951020165935,weakest
2021-07-09,base_metal,AL,1,1.450304618380439,absolute
2021-07-09,chemical_energy,SP,1,2.7817437197466783,strongest
2021-07-09,chemical_energy,RU,-1,-3.7168257270293883,weakest
2021-07-09,ferrous,RB,-1,-0.18350291518049022,absolute
2021-07-09,government_bond,T,1,0.389860772585401,absolute
2021-07-16,agriculture,CF,1,1.8299878215250824,strongest
2021-07-16,agriculture,C,-1,-4.955535288701688,weakest
2021-07-16,base_metal,AL,1,1.3158908810662358,absolute
2021-07-16,chemical_energy,FG,1,4.262000052615734,strongest
2021-07-16,ferrous,RB,1,2.129125752647843,absolute
2021-07-16,government_bond,T,1,5.17498276089444,absolute
2021-07-23,agriculture,P,1,10.403001046989752,strongest
2021-07-23,agriculture,AP,-1,-3.72671185278945,weakest
2021-07-23,base_metal,AL,1,4.674507509194788,absolute
2021-07-23,chemical_energy,FG,1,8.425676461223981,strongest
2021-07-23,chemical_energy,SC,-1,-0.8171650784906694,weakest
2021-07-23,ferrous,RB,1,5.290452586935518,absolute
2021-07-23,government_bond,T,1,5.723875662015231,absolute
2021-07-30,agriculture,P,1,9.699753956974124,strongest
2021-07-30,agriculture,AP,-1,-3.471982231287763,weakest
2021-07-30,base_metal,AL,1,1.6948990375957371,absolute
2021-07-30,chemical_energy,UR,1,4.833161660592732,strongest
2021-07-30,chemical_energy,SC,-1,-2.6047702564336186,weakest
2021-07-30,ferrous,RB,1,8.451454331595423,absolute
2021-07-30,government_bond,T,1,6.026159559822361,absolute
2021-08-06,agriculture,P,1,7.72577158581682,strongest
2021-08-06,agriculture,JD,-1,-2.1793106548061387,weakest
2021-08-06,base_metal,AL,1,4.392427007214427,absolute
2021-08-06,chemical_energy,UR,1,4.978429734904844,strongest
2021-08-06,chemical_energy,SC,-1,-1.590435894031953,weakest
2021-08-06,ferrous,RB,1,8.389082724364002,absolute
2021-08-06,government_bond,T,1,6.97982271924991,absolute
2021-08-13,agriculture,CF,1,4.31265641316571,strongest
2021-08-13,agriculture,LH,-1,-4.715063302716179,weakest
2021-08-13,base_metal,AL,1,4.140550159168314,absolute
2021-08-13,chemical_energy,UR,1,4.735846640185791,strongest
2021-08-13,chemical_energy,FG,-1,-1.9484782365076145,weakest
2021-08-13,ferrous,RB,-1,-0.356329677219982,absolute
2021-08-13,government_bond,T,1,5.5720384718785425,absolute
2021-08-20,agriculture,P,1,4.129552236975727,strongest
2021-08-20,agriculture,LH,-1,-5.38294718070671,weakest
2021-08-20,base_metal,AL,1,2.77271508139329,absolute
2021-08-20,chemical_energy,FG,-1,-3.779951651228443,weakest
2021-08-20,ferrous,RB,-1,-0.9329709675212084,absolute
2021-08-20,government_bond,T,1,1.758586164438633,absolute
2021-08-27,agriculture,AP,1,1.910142042239059,strongest
2021-08-27,agriculture,LH,-1,-6.53955118726935,weakest
2021-08-27,base_metal,AL,1,3.037819831625242,absolute
2021-08-27,chemical_energy,SP,1,0.448152065816726,strongest
2021-08-27,chemical_energy,FG,-1,-4.001929129371318,weakest
2021-08-27,ferrous,RB,-1,-3.885473870777335,absolute
2021-08-27,government_bond,T,1,1.720894494807923,absolute
2021-09-03,agriculture,AP,1,0.9588484528877053,strongest
2021-09-03,agriculture,LH,-1,-8.89261938378194,weakest
2021-09-03,base_metal,AL,1,3.1732194305980514,absolute
2021-09-03,chemical_energy,UR,-1,-3.899995082670285,weakest
2021-09-03,ferrous,RB,-1,-3.3669480760819104,absolute
2021-09-03,government_bond,T,-1,-0.7066003871122344,absolute
2021-09-10,agriculture,P,1,1.9607559508183516,strongest
2021-09-10,agriculture,LH,-1,-7.798667531030747,weakest
2021-09-10,base_metal,AL,1,4.058817602946232,absolute
2021-09-10,chemical_energy,SC,1,2.1424517088930464,strongest
2021-09-10,chemical_energy,RU,-1,-4.455023951714182,weakest
2021-09-10,ferrous,RB,-1,-0.22510709953456748,absolute
2021-09-10,government_bond,T,1,0.1660876105255075,absolute
2021-09-17,agriculture,LH,-1,-7.969076259694163,weakest
2021-09-17,base_metal,AL,1,6.900774322912393,absolute
2021-09-17,chemical_energy,UR,1,3.2318154861732036,strongest
2021-09-17,chemical_energy,RU,-1,-5.269778530105539,weakest
2021-09-17,ferrous,RB,1,1.1218639875294836,absolute
2021-09-17,government_bond,T,1,1.3630159755086353,absolute
2021-09-24,agriculture,P,1,1.5891135159068872,strongest
2021-09-24,agriculture,LH,-1,-8.636668424150256,weakest
2021-09-24,base_metal,AL,1,3.9840019886633447,absolute
2021-09-24,chemical_energy,SC,1,5.060886085250837,strongest
2021-09-24,chemical_energy,RU,-1,-4.721626088125797,weakest
2021-09-24,ferrous,RB,1,2.9649911417847066,absolute
2021-09-24,government_bond,T,-1,-2.205137684521224,absolute
2021-09-30,agriculture,P,1,2.203619216211653,strongest
2021-09-30,agriculture,LH,-1,-8.292511791537374,weakest
2021-09-30,base_metal,AL,1,5.27455765138312,absolute
2021-09-30,chemical_energy,SC,1,9.161048536229682,strongest
2021-09-30,chemical_energy,FG,-1,-4.859403615441632,weakest
2021-09-30,ferrous,RB,1,2.9470779288198656,absolute
2021-09-30,government_bond,T,1,0.34281824431087576,absolute
2021-10-08,agriculture,AP,1,3.081918697954584,strongest
2021-10-08,agriculture,LH,-1,-8.36458348408936,weakest
2021-10-08,base_metal,AL,1,4.143296015130712,absolute
2021-10-08,chemical_energy,SC,1,9.30608331185967,strongest
2021-10-08,chemical_energy,FG,-1,-5.573023353562061,weakest
2021-10-08,ferrous,RB,1,1.744940056453811,absolute
2021-10-08,government_bond,T,-1,-0.7740774978751681,absolute
2021-10-15,agriculture,CF,1,7.413143304728808,strongest
2021-10-15,agriculture,LH,-1,-5.433743849151609,weakest
2021-10-15,base_metal,AL,1,2.88513823554104,absolute
2021-10-15,chemical_energy,UR,1,8.130631331070461,strongest
2021-10-15,chemical_energy,FG,-1,-3.516624710391048,weakest
2021-10-15,ferrous,RB,1,4.299663996319638,absolute
2021-10-15,government_bond,T,-1,-4.4274389091532464,absolute
2021-10-22,agriculture,AP,1,7.813801824172123,strongest
2021-10-22,agriculture,M,-1,-4.875816478281274,weakest
2021-10-22,base_metal,AL,1,4.045896507435431,absolute
2021-10-22,chemical_energy,SC,1,7.312771573288613,strongest
2021-10-22,chemical_energy,SP,-1,-3.248736485741303,weakest
2021-10-22,ferrous,RB,1,0.4427334391171081,absolute
2021-10-22,government_bond,T,-1,-3.4500847782877604,absolute
2021-10-29,agriculture,AP,1,9.092546399616989,strongest
2021-10-29,agriculture,M,-1,-5.7395541918105035,weakest
2021-10-29,base_metal,AL,-1,-1.3640821988559502,absolute
2021-10-29,chemical_energy,SC,1,4.098088943653296,strongest
2021-10-29,chemical_energy,SP,-1,-5.3691888640528855,weakest
2021-10-29,ferrous,RB,-1,-3.658364023247097,absolute
2021-10-29,government_bond,T,-1,-1.594077660679034,absolute
2021-11-05,agriculture,AP,1,5.433485726477834,strongest
2021-11-05,agriculture,M,-1,-6.443313338280119,weakest
2021-11-05,base_metal,AL,-1,-4.485679266679568,absolute
2021-11-05,chemical_energy,RU,1,4.513860382119768,strongest
2021-11-05,chemical_energy,SP,-1,-6.791778157621221,weakest
2021-11-05,ferrous,RB,-1,-4.741979381147237,absolute
2021-11-05,government_bond,T,-1,-2.796731268417449,absolute
2021-11-12,agriculture,C,1,5.64817742113471,strongest
2021-11-12,agriculture,M,-1,-7.685563597207563,weakest
2021-11-12,base_metal,AL,-1,-5.212902428628467,absolute
2021-11-12,chemical_energy,FG,-1,-6.434189244903872,weakest
2021-11-12,ferrous,RB,-1,-8.142058790825883,absolute
2021-11-12,government_bond,T,1,2.269017845750141,absolute
2021-11-19,agriculture,AP,1,3.1011405362766338,strongest
2021-11-19,agriculture,CF,-1,-4.099901265472403,weakest
2021-11-19,base_metal,AL,-1,-6.881674192122395,absolute
2021-11-19,chemical_energy,MA,-1,-8.188653059743514,weakest
2021-11-19,ferrous,RB,-1,-6.630970956174449,absolute
2021-11-19,government_bond,T,1,2.561325677138127,absolute
2021-11-26,agriculture,C,1,4.721844820545383,strongest
2021-11-26,agriculture,M,-1,-1.4861741083286695,weakest
2021-11-26,base_metal,AL,-1,-4.153154538566496,absolute
2021-11-26,chemical_energy,RU,1,0.6968588995250223,strongest
2021-11-26,chemical_energy,UR,-1,-5.879235130319753,weakest
2021-11-26,ferrous,RB,-1,-3.662945912740635,absolute
2021-11-26,government_bond,T,1,3.395069241615285,absolute
2021-12-03,agriculture,AP,1,1.322734437211772,strongest
2021-12-03,agriculture,P,-1,-1.1397727850592374,weakest
2021-12-03,base_metal,AL,-1,-1.8078139864783174,absolute
2021-12-03,chemical_energy,SP,1,6.482815745874376,strongest
2021-12-03,chemical_energy,MA,-1,-2.329347308944511,weakest
2021-12-03,ferrous,RB,-1,-1.9942416592635088,absolute
2021-12-03,government_bond,T,1,5.526234766431721,absolute
2021-12-10,agriculture,M,1,6.623023034861673,strongest
2021-12-10,agriculture,SR,-1,-3.2705260426482896,weakest
2021-12-10,base_metal,AL,1,0.6387897967178926,absolute
2021-12-10,chemical_energy,SP,1,7.378072294323856,strongest
2021-12-10,chemical_energy,SC,-1,-3.048890365631591,weakest
2021-12-10,ferrous,RB,1,2.7000946956099563,absolute
2021-12-10,government_bond,T,-1,-0.6574492889789626,absolute
2021-12-17,agriculture,M,1,3.3570204203216685,strongest
2021-12-17,agriculture,JD,-1,-7.476483766936786,weakest
2021-12-17,base_metal,AL,-1,-1.2149068633679878,absolute
2021-12-17,chemical_energy,SP,1,5.297714184275905,strongest
2021-12-17,chemical_energy,SC,-1,-2.5693045786828317,weakest
2021-12-17,ferrous,RB,1,2.6183578423189227,absolute
2021-12-17,government_bond,T,1,1.5762650916929308,absolute
2021-12-24,agriculture,M,1,2.5656198451463785,strongest
2021-12-24,agriculture,JD,-1,-8.780308314536812,weakest
2021-12-24,base_metal,AL,1,1.5618762058860371,absolute
2021-12-24,chemical_energy,UR,1,3.8206328778843703,strongest
2021-12-24,chemical_energy,SC,-1,-2.0541207001691397,weakest
2021-12-24,ferrous,RB,1,4.246146164756299,absolute
2021-12-24,government_bond,T,1,1.9582650690074568,absolute
2021-12-31,agriculture,M,1,4.648703285803437,strongest
2021-12-31,agriculture,JD,-1,-6.498826823255447,weakest
2021-12-31,base_metal,AL,1,4.0289588744746325,absolute
2021-12-31,chemical_energy,SP,1,2.565077289944617,strongest
2021-12-31,chemical_energy,RU,-1,-3.118371617890998,weakest
2021-12-31,ferrous,RB,1,5.302259663572625,absolute
2021-12-31,government_bond,T,1,0.08544397246355469,absolute
2022-01-07,agriculture,CF,1,6.805162493318321,strongest
2022-01-07,agriculture,JD,-1,-3.0162717854274597,weakest
2022-01-07,base_metal,AL,1,4.84815845699551,absolute
2022-01-07,chemical_energy,SC,1,4.753775257000291,strongest
2022-01-07,chemical_energy,FG,-1,-4.383656598686426,weakest
2022-01-07,ferrous,RB,-1,-0.06395529713886763,absolute
2022-01-07,government_bond,T,1,4.078764366927544,absolute
2022-01-14,agriculture,CF,1,8.024674779911516,strongest
2022-01-14,agriculture,SR,-1,-3.152716909776394,weakest
2022-01-14,base_metal,AL,1,6.5922077715039356,absolute
2022-01-14,chemical_energy,UR,1,3.9208976520913494,strongest
2022-01-14,ferrous,RB,1,2.7701675182382983,absolute
2022-01-14,government_bond,T,1,3.273752518682014,absolute
2022-01-21,agriculture,CF,1,8.529025854618574,strongest
2022-01-21,agriculture,LH,-1,-2.541581731854274,weakest
2022-01-21,base_metal,AL,1,5.3771547972427465,absolute
2022-01-21,chemical_energy,SC,1,5.082203049741397,strongest
2022-01-21,ferrous,RB,1,1.6717557643754695,absolute
2022-01-21,government_bond,T,1,4.626261865758856,absolute
2022-01-28,agriculture,P,1,11.338312848172343,strongest
2022-01-28,agriculture,LH,-1,-3.616023418561262,weakest
2022-01-28,base_metal,AL,1,3.423657953353665,absolute
2022-01-28,chemical_energy,FG,1,7.266014506121265,strongest
2022-01-28,ferrous,RB,1,2.5468153908516187,absolute
2022-01-28,government_bond,T,1,5.259078233392663,absolute
2022-02-11,agriculture,P,1,13.687503988370782,strongest
2022-02-11,agriculture,LH,-1,-4.87122198350664,weakest
2022-02-11,base_metal,AL,1,4.856553108802276,absolute
2022-02-11,chemical_energy,FG,1,9.392406284510644,strongest
2022-02-11,chemical_energy,RU,-1,-2.9057288566016957,weakest
2022-02-11,ferrous,RB,1,7.143135550575992,absolute
2022-02-11,government_bond,T,1,2.783423232984081,absolute
2022-02-18,agriculture,P,1,7.8466618472339205,strongest
2022-02-18,agriculture,LH,-1,-0.8891105345782258,weakest
2022-02-18,base_metal,AL,1,4.152689884391395,absolute
2022-02-18,chemical_energy,FG,1,3.637777783670863,strongest
2022-02-18,chemical_energy,RU,-1,-1.7856944412250393,weakest
2022-02-18,ferrous,RB,1,4.39752847050796,absolute
2022-02-18,government_bond,T,1,1.0126001928357498,absolute
2022-02-25,agriculture,P,1,8.75681248331765,strongest
2022-02-25,agriculture,LH,-1,-2.6002096993153963,weakest
2022-02-25,base_metal,AL,1,4.752537149886044,absolute
2022-02-25,chemical_energy,SC,1,2.4224735406859517,strongest
2022-02-25,chemical_energy,RU,-1,-3.517276200587501,weakest
2022-02-25,ferrous,RB,1,1.069097428984898,absolute
2022-02-25,government_bond,T,-1,-0.5195457137372643,absolute
2022-03-04,agriculture,P,1,8.05727447658638,strongest
2022-03-04,agriculture,CF,-1,-2.824881437516547,weakest
2022-03-04,base_metal,AL,1,2.7555725494673737,absolute
2022-03-04,chemical_energy,SC,1,3.879951538315581,strongest
2022-03-04,chemical_energy,UR,-1,-3.7962146019335234,weakest
2022-03-04,ferrous,RB,-1,-0.8307143905682455,absolute
2022-03-04,government_bond,T,-1,-3.384773234503961,absolute
2022-03-11,agriculture,C,1,5.94230432463274,strongest
2022-03-11,agriculture,LH,-1,-2.380686675351106,weakest
2022-03-11,base_metal,AL,1,3.857259772810153,absolute
2022-03-11,chemical_energy,SP,1,6.039140243604862,strongest
2022-03-11,chemical_energy,FG,-1,-3.5495670106195965,weakest
2022-03-11,ferrous,RB,1,0.6423159748922325,absolute
2022-03-11,government_bond,T,-1,-5.347832349182923,absolute
2022-03-18,agriculture,P,1,5.248996897204997,strongest
2022-03-18,agriculture,LH,-1,-6.720727231584939,weakest
2022-03-18,base_metal,AL,-1,-1.0823396340299167,absolute
2022-03-18,chemical_energy,SP,1,6.729823175027292,strongest
2022-03-18,chemical_energy,RU,-1,-2.5103137426252524,weakest
2022-03-18,ferrous,RB,1,0.09638013795611709,absolute
2022-03-18,government_bond,T,-1,-0.3576573524001884,absolute
2022-03-25,agriculture,M,1,4.754534206794721,strongest
2022-03-25,agriculture,LH,-1,-6.946419221832152,weakest
2022-03-25,base_metal,AL,-1,-0.03175543432186628,absolute
2022-03-25,chemical_energy,UR,1,4.224040182481088,strongest
2022-03-25,chemical_energy,RU,-1,-3.378150827374474,weakest
2022-03-25,ferrous,RB,1,1.3274592453597145,absolute
2022-03-25,government_bond,T,1,0.8962844147976065,absolute
2022-04-01,agriculture,M,1,4.864221211739779,strongest
2022-04-01,agriculture,LH,-1,-6.312876522634888,weakest
2022-04-01,base_metal,AL,1,0.9329383715254815,absolute
2022-04-01,chemical_energy,UR,1,5.226691605225247,strongest
2022-04-01,chemical_energy,RU,-1,-1.8040345476154944,weakest
2022-04-01,ferrous,RB,1,3.336976500228328,absolute
2022-04-01,government_bond,T,1,0.5950569427617731,absolute
2022-04-08,agriculture,CF,1,2.0930465653990296,strongest
2022-04-08,agriculture,LH,-1,-4.624347135202276,weakest
2022-04-08,base_metal,AL,-1,-0.05000519318805993,absolute
2022-04-08,chemical_energy,UR,1,3.086340531240698,strongest
2022-04-08,chemical_energy,RU,-1,-1.4468923143357484,weakest
2022-04-08,ferrous,RB,1,1.7849636141224503,absolute
2022-04-08,government_bond,T,1,2.3177103613664682,absolute
2022-04-15,agriculture,AP,1,1.4364300666944203,strongest
2022-04-15,agriculture,LH,-1,-3.253003103612115,weakest
2022-04-15,base_metal,AL,-1,-0.042171209998684775,absolute
2022-04-15,chemical_energy,FG,1,1.4269942171273646,strongest
2022-04-15,chemical_energy,MA,-1,-4.881080049306268,weakest
2022-04-15,ferrous,RB,1,1.4458581016210457,absolute
2022-04-15,government_bond,T,1,3.378300123507286,absolute
2022-04-22,agriculture,AP,1,5.3273412166391765,strongest
2022-04-22,agriculture,M,-1,-1.938417848779534,weakest
2022-04-22,base_metal,AL,-1,-0.2872645076683275,absolute
2022-04-22,chemical_energy,UR,1,1.8995026696212138,strongest
2022-04-22,chemical_energy,MA,-1,-1.7475863967200673,weakest
2022-04-22,ferrous,RB,1,1.7986045029097124,absolute
2022-04-22,government_bond,T,1,1.4908101404520024,absolute
2022-04-29,agriculture,SR,1,3.2173005491818083,strongest
2022-04-29,agriculture,M,-1,-2.704755399934766,weakest
2022-04-29,base_metal,AL,-1,-3.3130182555367536,absolute
2022-04-29,chemical_energy,UR,1,1.0460685455571908,strongest
2022-04-29,chemical_energy,MA,-1,-3.486310079742418,weakest
2022-04-29,ferrous,RB,1,0.06850909413737816,absolute
2022-04-29,government_bond,T,-1,-0.24657969130937676,absolute
2022-05-06,agriculture,LH,1,3.8265557225084015,strongest
2022-05-06,agriculture,CF,-1,-4.052368349771455,weakest
2022-05-06,base_metal,AL,-1,-4.968771845155083,absolute
2022-05-06,chemical_energy,UR,1,3.481808796863503,strongest
2022-05-06,chemical_energy,MA,-1,-5.814631015775564,weakest
2022-05-06,ferrous,RB,-1,-1.389149022866186,absolute
2022-05-06,government_bond,T,-1,-0.6572154194633666,absolute
2022-05-13,agriculture,P,1,6.034843057508817,strongest
2022-05-13,agriculture,JD,-1,-2.7088182647737575,weakest
2022-05-13,base_metal,AL,-1,-5.222617745564742,absolute
2022-05-13,chemical_energy,UR,1,4.171240254682945,strongest
2022-05-13,chemical_energy,RU,-1,-5.55128375001662,weakest
2022-05-13,ferrous,RB,-1,-3.52828523610562,absolute
2022-05-13,government_bond,T,-1,-0.3261896996914777,absolute
2022-05-20,agriculture,LH,1,7.311996835380224,strongest
2022-05-20,agriculture,SR,-1,-5.749867160921067,weakest
2022-05-20,base_metal,AL,-1,-1.6899978110289535,absolute
2022-05-20,chemical_energy,UR,1,4.347660080233707,strongest
2022-05-20,chemical_energy,FG,-1,-5.518208524016817,weakest
2022-05-20,ferrous,RB,-1,-3.3622195564419117,absolute
2022-05-20,government_bond,T,1,0.3107764796539785,absolute
2022-05-27,agriculture,AP,1,3.0399463744164805,strongest
2022-05-27,agriculture,SR,-1,-1.8250958435001081,weakest
2022-05-27,base_metal,AL,-1,-2.4381805478144045,absolute
2022-05-27,chemical_energy,SP,1,1.1228043824310927,strongest
2022-05-27,chemical_energy,FG,-1,-5.186277831089123,weakest
2022-05-27,ferrous,RB,-1,-3.524537771086691,absolute
2022-05-27,government_bond,T,1,3.280953204841299,absolute
2022-06-02,agriculture,SR,1,3.053435513489469,strongest
2022-06-02,agriculture,CF,-1,-1.9362268109223615,weakest
2022-06-02,base_metal,AL,-1,-0.6047879254533315,absolute
2022-06-02,chemical_energy,SC,1,3.4743394968351913,strongest
2022-06-02,chemical_energy,FG,-1,-3.2794779665656444,weakest
2022-06-02,ferrous,RB,-1,-2.8633748811862687,absolute
2022-06-02,government_bond,T,1,6.295656917814788,absolute
2022-06-10,agriculture,SR,1,4.736315675536304,strongest
2022-06-10,agriculture,C,-1,-5.932045751428634,weakest
2022-06-10,base_metal,AL,1,0.42189862155669267,absolute
2022-06-10,chemical_energy,RU,1,2.737297086375283,strongest
2022-06-10,chemical_energy,FG,-1,-3.2729202775200767,weakest
2022-06-10,ferrous,RB,-1,-1.3403612683627293,absolute
2022-06-10,government_bond,T,1,1.8653587549211408,absolute
2022-06-17,agriculture,SR,1,7.299025904458364,strongest
2022-06-17,agriculture,C,-1,-3.795309135707948,weakest
2022-06-17,base_metal,AL,1,1.8398792501080663,absolute
2022-06-17,chemical_energy,RU,1,5.5586490716776185,strongest
2022-06-17,chemical_energy,SP,-1,-1.1486738175763256,weakest
2022-06-17,ferrous,RB,1,2.2968314342607195,absolute
2022-06-17,government_bond,T,1,0.7134667922742193,absolute
2022-06-24,agriculture,LH,1,1.7843922106889207,strongest
2022-06-24,agriculture,CF,-1,-5.967144818971591,weakest
2022-06-24,base_metal,AL,-1,-2.185582974316145,absolute
2022-06-24,chemical_energy,SC,1,2.2976776817045454,strongest
2022-06-24,chemical_energy,SP,-1,-3.1446548593702706,weakest
2022-06-24,ferrous,RB,-1,-2.479237405800322,absolute
2022-06-24,government_bond,T,1,0.08177868167959303,absolute
2022-07-01,agriculture,LH,1,3.324296573060226,strongest
2022-07-01,agriculture,P,-1,-8.286534060248274,weakest
2022-07-01,base_metal,AL,-1,-4.162838276958072,absolute
2022-07-01,chemical_energy,SP,-1,-4.457457563263425,weakest
2022-07-01,ferrous,RB,-1,-2.9559179785990812,absolute
2022-07-01,government_bond,T,-1,-5.852054214287543,absolute
2022-07-08,agriculture,LH,1,5.628688789990431,strongest
2022-07-08,agriculture,P,-1,-8.729030999581283,weakest
2022-07-08,base_metal,AL,-1,-4.916404348820513,absolute
2022-07-08,chemical_energy,MA,-1,-4.849937452937379,weakest
2022-07-08,ferrous,RB,-1,-4.896074031777991,absolute
2022-07-08,government_bond,T,-1,-2.4649764238132894,absolute
2022-07-15,agriculture,LH,1,6.216709712327446,strongest
2022-07-15,agriculture,CF,-1,-9.18593582638553,weakest
2022-07-15,base_metal,AL,-1,-6.371308848059016,absolute
2022-07-15,chemical_energy,UR,-1,-9.378786080792686,weakest
2022-07-15,ferrous,RB,-1,-5.518999972166724,absolute
2022-07-15,government_bond,T,-1,-2.722233859305832,absolute
2022-07-22,agriculture,LH,1,1.9923755789380093,strongest
2022-07-22,agriculture,CF,-1,-11.43193986457085,weakest
2022-07-22,base_metal,AL,-1,-7.748576623328343,absolute
2022-07-22,chemical_energy,MA,-1,-7.607402731737116,weakest
2022-07-22,ferrous,RB,-1,-6.080778720319336,absolute
2022-07-22,government_bond,T,1,1.0708401709165272,absolute
2022-07-29,agriculture,LH,1,1.5644831644184984,strongest
2022-07-29,agriculture,JD,-1,-7.825464662830213,weakest
2022-07-29,base_metal,AL,-1,-2.461792299317517,absolute
2022-07-29,chemical_energy,SP,1,3.0400461542362507,strongest
2022-07-29,chemical_energy,FG,-1,-9.143206668007686,weakest
2022-07-29,ferrous,RB,-1,-2.6319261680086865,absolute
2022-07-29,government_bond,T,1,3.4687164806484625,absolute
2022-08-05,agriculture,M,1,1.6146306035175235,strongest
2022-08-05,agriculture,JD,-1,-4.180413091529213,weakest
2022-08-05,base_metal,AL,-1,-0.2945583546144629,absolute
2022-08-05,chemical_energy,SP,1,4.050567228376458,strongest
2022-08-05,chemical_energy,UR,-1,-4.1485065590760195,weakest
2022-08-05,ferrous,RB,-1,-2.164209264144993,absolute
2022-08-05,government_bond,T,1,6.330154608712318,absolute
2022-08-12,agriculture,M,1,2.272317159961748,strongest
2022-08-12,agriculture,JD,-1,-6.87266748466641,weakest
2022-08-12,base_metal,AL,1,0.464368973915878,absolute
2022-08-12,chemical_energy,SP,1,4.193422571219754,strongest
2022-08-12,chemical_energy,RU,-1,-2.4131302650947104,weakest
2022-08-12,ferrous,RB,-1,-1.2611042608179046,absolute
2022-08-12,government_bond,T,1,7.787306465737947,absolute
2022-08-19,agriculture,P,1,4.062769261843195,strongest
2022-08-19,agriculture,JD,-1,-3.2261584715148732,weakest
2022-08-19,base_metal,AL,1,4.69203635853673,absolute
2022-08-19,chemical_energy,SC,1,3.983373654473339,strongest
2022-08-19,ferrous,RB,1,6.539421934204877,absolute
2022-08-19,government_bond,T,1,4.00181188717859,absolute
2022-08-26,agriculture,M,1,4.29290912499199,strongest
2022-08-26,agriculture,SR,-1,-3.6690691540803786,weakest
2022-08-26,base_metal,AL,1,1.1660476960343051,absolute
2022-08-26,chemical_energy,SC,1,2.906741511890568,strongest
2022-08-26,chemical_energy,MA,-1,-0.8879070001188478,weakest
2022-08-26,ferrous,RB,1,0.7057425347239076,absolute
2022-08-26,government_bond,T,1,5.555450077102322,absolute
2022-09-02,agriculture,AP,1,2.237202358521508,strongest
2022-09-02,agriculture,SR,-1,-4.5847649107477295,weakest
2022-09-02,base_metal,AL,1,0.3003552874551561,absolute
2022-09-02,chemical_energy,SC,1,5.7332547541174215,strongest
2022-09-02,chemical_energy,RU,-1,-3.6688099403508865,weakest
2022-09-02,ferrous,RB,1,1.1557897535956079,absolute
2022-09-02,government_bond,T,1,3.420748275735983,absolute
2022-09-09,agriculture,AP,1,4.283500068351156,strongest
2022-09-09,agriculture,SR,-1,-0.7082427546669204,weakest
2022-09-09,base_metal,AL,-1,-1.0079926776418862,absolute
2022-09-09,chemical_energy,SC,1,4.5634138526539205,strongest
2022-09-09,chemical_energy,RU,-1,-4.993320220120018,weakest
2022-09-09,ferrous,RB,-1,-2.0657784974742834,absolute
2022-09-09,government_bond,T,1,3.5859695854757847,absolute
2022-09-16,agriculture,JD,1,5.927995698508051,strongest
2022-09-16,agriculture,P,-1,-3.1503105728365806,weakest
2022-09-16,base_metal,AL,-1,-0.26205857893833734,absolute
2022-09-16,chemical_energy,MA,1,4.580077869772342,strongest
2022-09-16,chemical_energy,RU,-1,-4.7359496113208825,weakest
2022-09-16,ferrous,RB,-1,-2.0513594634336005,absolute
2022-09-16,government_bond,T,1,3.0247402168519897,absolute
2022-09-23,agriculture,C,1,5.538041580559574,strongest
2022-09-23,agriculture,AP,-1,-3.795122273303667,weakest
2022-09-23,base_metal,AL,1,1.4338912375593174,absolute
2022-09-23,chemical_energy,MA,1,8.42051473609583,strongest
2022-09-23,ferrous,RB,-1,-1.8940369093372444,absolute
2022-09-23,government_bond,T,-1,-2.5301110908501987,absolute
2022-09-30,agriculture,JD,1,4.509289276131274,strongest
2022-09-30,agriculture,AP,-1,-5.549715200417154,weakest
2022-09-30,base_metal,AL,-1,-0.8622936983459434,absolute
2022-09-30,chemical_energy,UR,1,4.082210812240638,strongest
2022-09-30,chemical_energy,SC,-1,-2.7790666639033885,weakest
2022-09-30,ferrous,RB,-1,-1.0565589540667004,absolute
2022-09-30,government_bond,T,-1,-0.1653613456737797,absolute
2022-10-14,agriculture,M,1,4.466031036862882,strongest
2022-10-14,agriculture,P,-1,-5.144212645661778,weakest
2022-10-14,base_metal,AL,1,1.57798220121395,absolute
2022-10-14,chemical_energy,UR,1,6.143539579156868,strongest
2022-10-14,chemical_energy,SC,-1,-1.1409221621283803,weakest
2022-10-14,ferrous,RB,1,3.012922842866449,absolute
2022-10-14,government_bond,T,-1,-6.517684751657074,absolute
2022-10-21,agriculture,M,1,4.358898943540671,strongest
2022-10-21,agriculture,AP,-1,-3.3078311903507442,weakest
2022-10-21,base_metal,AL,1,1.0510508396654903,absolute
2022-10-21,chemical_energy,RU,1,2.504619050819106,strongest
2022-10-21,chemical_energy,SP,-1,-0.9456004669819364,weakest
2022-10-21,ferrous,RB,1,0.6356765945737313,absolute
2022-10-21,government_bond,T,-1,-0.7650686723095774,absolute
2022-10-28,agriculture,JD,1,2.6361947076410663,strongest
2022-10-28,agriculture,CF,-1,-5.006615218597128,weakest
2022-10-28,base_metal,AL,-1,-0.33381396491548054,absolute
2022-10-28,chemical_energy,SC,1,0.18688853249524276,strongest
2022-10-28,chemical_energy,UR,-1,-3.7167546740943656,weakest
2022-10-28,ferrous,RB,-1,-0.8682780167892696,absolute
2022-10-28,government_bond,T,-1,-0.6605060886445038,absolute
2022-11-04,agriculture,C,1,1.1969104022992465,strongest
2022-11-04,agriculture,CF,-1,-4.189582083637968,weakest
2022-11-04,base_metal,AL,-1,-1.0420865330773865,absolute
2022-11-04,chemical_energy,SC,1,1.487834634308336,strongest
2022-11-04,chemical_energy,RU,-1,-7.1600291866593535,weakest
2022-11-04,ferrous,RB,-1,-4.633824381724792,absolute
2022-11-04,government_bond,T,1,1.6771297974671793,absolute
2022-11-11,agriculture,P,1,6.652330037611826,strongest
2022-11-11,agriculture,CF,-1,-0.9158999592782776,weakest
2022-11-11,base_metal,AL,1,0.6925155888555613,absolute
2022-11-11,chemical_energy,SC,1,3.6913690262473144,strongest
2022-11-11,chemical_energy,RU,-1,-4.524982443527832,weakest
2022-11-11,ferrous,RB,-1,-3.4446071531940974,absolute
2022-11-11,government_bond,T,1,4.361380912801234,absolute
2022-11-18,agriculture,P,1,3.5936171372700874,strongest
2022-11-18,agriculture,JD,-1,-6.883597258183202,weakest
2022-11-18,base_metal,AL,1,0.13207232692066406,absolute
2022-11-18,chemical_energy,SP,1,1.2816242057012306,strongest
2022-11-18,chemical_energy,FG,-1,-5.062227582989354,weakest
2022-11-18,ferrous,RB,-1,-1.8094076235711938,absolute
2022-11-18,government_bond,T,-1,-1.533181330309263,absolute
2022-11-25,agriculture,M,1,1.6609558300623384,strongest
2022-11-25,agriculture,JD,-1,-4.463746782156405,weakest
2022-11-25,base_metal,AL,1,2.7854441981509446,absolute
2022-11-25,chemical_energy,UR,1,8.087263540317245,strongest
2022-11-25,chemical_energy,FG,-1,-3.398331869164385,weakest
2022-11-25,ferrous,RB,1,1.3641426250904618,absolute
2022-11-25,government_bond,T,-1,-1.7379238174187515,absolute
2022-12-02,agriculture,M,1,4.468491471275959,strongest
2022-12-02,agriculture,LH,-1,-3.7839225401438497,weakest
2022-12-02,base_metal,AL,1,3.2229555648102264,absolute
2022-12-02,chemical_energy,UR,1,8.163663480517798,strongest
2022-12-02,chemical_energy,SC,-1,-7.140121300908358,weakest
2022-12-02,ferrous,RB,1,4.139271734568113,absolute
2022-12-02,government_bond,T,-1,-2.6750886032896686,absolute
2022-12-09,agriculture,CF,1,1.9074246564398867,strongest
2022-12-09,agriculture,AP,-1,-2.5446025788332682,weakest
2022-12-09,base_metal,AL,1,3.9949296254367885,absolute
2022-12-09,chemical_energy,SP,1,5.093100871249211,strongest
2022-12-09,chemical_energy,SC,-1,-7.976679182319258,weakest
2022-12-09,ferrous,RB,1,5.44640918977219,absolute
2022-12-09,government_bond,T,-1,-2.183110595521896,absolute
2022-12-16,agriculture,CF,1,3.446249248678522,strongest
2022-12-16,agriculture,LH,-1,-5.1718344371265665,weakest
2022-12-16,base_metal,AL,1,2.515685064070765,absolute
2022-12-16,chemical_energy,SP,1,5.639367977501808,strongest
2022-12-16,chemical_energy,SC,-1,-10.965562485237585,weakest
2022-12-16,ferrous,RB,1,6.910199209869927,absolute
2022-12-16,government_bond,T,-1,-1.1005396163960528,absolute
2022-12-23,agriculture,CF,1,3.743867966198244,strongest
2022-12-23,agriculture,LH,-1,-7.0345106702204765,weakest
2022-12-23,base_metal,AL,-1,-1.754606681093312,absolute
2022-12-23,chemical_energy,FG,1,3.2915862723418594,strongest
2022-12-23,chemical_energy,SC,-1,-4.872806514727534,weakest
2022-12-23,ferrous,RB,1,6.568361017517848,absolute
2022-12-23,government_bond,T,1,1.6128672772374482,absolute
2022-12-30,agriculture,SR,1,3.5981118389035305,strongest
2022-12-30,agriculture,C,-1,-7.650190726505187,weakest
2022-12-30,base_metal,AL,-1,-0.9141192071077736,absolute
2022-12-30,chemical_energy,FG,1,0.39547748232281227,strongest
2022-12-30,chemical_energy,MA,-1,-4.123423951990622,weakest
2022-12-30,ferrous,RB,1,3.990099484334048,absolute
2022-12-30,government_bond,T,1,2.8009797745850147,absolute
2023-01-06,agriculture,SR,1,4.70645268700432,strongest
2023-01-06,agriculture,LH,-1,-4.599814573800632,weakest
2023-01-06,base_metal,AL,-1,-1.57439455240384,absolute
2023-01-06,chemical_energy,FG,1,4.5096852217412975,strongest
2023-01-06,chemical_energy,SC,-1,-1.7091078444890095,weakest
2023-01-06,ferrous,RB,1,4.295529617116893,absolute
2023-01-06,government_bond,T,1,2.546691870440808,absolute
2023-01-13,agriculture,CF,1,3.9401970473007846,strongest
2023-01-13,agriculture,LH,-1,-3.454014894519049,weakest
2023-01-13,base_metal,AL,-1,-4.833534821673444,absolute
2023-01-13,chemical_energy,FG,1,5.256715279001512,strongest
2023-01-13,chemical_energy,RU,-1,-1.4128404303697168,weakest
2023-01-13,ferrous,RB,1,3.487981368411926,absolute
2023-01-13,government_bond,T,1,2.437272295011394,absolute
2023-01-20,agriculture,AP,1,5.348348283271503,strongest
2023-01-20,agriculture,LH,-1,-3.5063746434137832,weakest
2023-01-20,base_metal,AL,-1,-0.816278333780711,absolute
2023-01-20,chemical_energy,FG,1,1.716819507183629,strongest
2023-01-20,chemical_energy,SP,-1,-2.2080877496592306,weakest
2023-01-20,ferrous,RB,1,1.3125320065160218,absolute
2023-01-20,government_bond,T,1,0.33421199928776746,absolute
2023-02-03,agriculture,CF,1,7.79185746629953,strongest
2023-02-03,agriculture,LH,-1,-2.531503650544131,weakest
2023-02-03,base_metal,AL,1,2.892930929485314,absolute
2023-02-03,chemical_energy,FG,1,7.975906371409596,strongest
2023-02-03,ferrous,RB,1,4.1587206453183985,absolute
2023-02-03,government_bond,T,-1,-2.8643762257759495,absolute
2023-02-10,agriculture,CF,1,6.5815166234127505,strongest
2023-02-10,agriculture,LH,-1,-5.9658828035560445,weakest
2023-02-10,base_metal,AL,1,1.266873633574722,absolute
2023-02-10,chemical_energy,MA,1,2.4038374464087613,strongest
2023-02-10,chemical_energy,SC,-1,-1.6731812152888552,weakest
2023-02-10,ferrous,RB,1,0.12306038885386392,absolute
2023-02-10,government_bond,T,1,0.7643215347561308,absolute
2023-02-17,agriculture,SR,1,4.906973983990152,strongest
2023-02-17,agriculture,C,-1,-4.784990523556634,weakest
2023-02-17,base_metal,AL,1,2.818234905888685,absolute
2023-02-17,chemical_energy,SC,1,1.489671790978286,strongest
2023-02-17,chemical_energy,UR,-1,-4.063648544480949,weakest
2023-02-17,ferrous,RB,-1,-0.6877784957881982,absolute
2023-02-17,government_bond,T,1,0.6033295155549416,absolute
2023-02-24,agriculture,SR,1,5.231046683618527,strongest
2023-02-24,agriculture,M,-1,-1.9132595284375267,weakest
2023-02-24,base_metal,AL,-1,-0.07372148015963233,absolute
2023-02-24,chemical_energy,SC,1,1.8196903444610684,strongest
2023-02-24,chemical_energy,FG,-1,-3.9941885490578306,weakest
2023-02-24,ferrous,RB,-1,-0.10488938010062819,absolute
2023-02-24,government_bond,T,1,3.5625606442233857,absolute
2023-03-03,agriculture,SR,1,4.601411950463557,strongest
2023-03-03,agriculture,CF,-1,-3.3352121197025566,weakest
2023-03-03,base_metal,AL,-1,-3.784134932801828,absolute
2023-03-03,chemical_energy,FG,-1,-6.357931646677978,weakest
2023-03-03,ferrous,RB,1,0.8418513737045793,absolute
2023-03-03,government_bond,T,1,4.6520436072803335,absolute
2023-03-10,agriculture,P,1,5.2591357861539505,strongest
2023-03-10,agriculture,M,-1,-3.3027575515504117,weakest
2023-03-10,base_metal,AL,-1,-1.6454442199595307,absolute
2023-03-10,chemical_energy,SC,1,3.0098561484657287,strongest
2023-03-10,chemical_energy,SP,-1,-6.985130574576832,weakest
2023-03-10,ferrous,RB,1,4.477239723489381,absolute
2023-03-10,government_bond,T,1,1.8152972460978243,absolute
2023-03-17,agriculture,SR,1,7.370746442818252,strongest
2023-03-17,agriculture,LH,-1,-1.6721601552249319,weakest
2023-03-17,base_metal,AL,-1,-2.020942624041652,absolute
2023-03-17,chemical_energy,FG,1,3.007626098235225,strongest
2023-03-17,chemical_energy,SP,-1,-6.724017398806627,weakest
2023-03-17,ferrous,RB,1,4.530440031368741,absolute
2023-03-17,government_bond,T,1,4.417298311883641,absolute
2023-03-24,agriculture,SR,1,4.059133125164333,strongest
2023-03-24,agriculture,LH,-1,-4.889560746085048,weakest
2023-03-24,base_metal,AL,-1,-1.6348396431140422,absolute
2023-03-24,chemical_energy,UR,1,1.391158323156935,strongest
2023-03-24,chemical_energy,SP,-1,-7.708363977302561,weakest
2023-03-24,ferrous,RB,1,1.5624122719207472,absolute
2023-03-24,government_bond,T,1,3.755952375458552,absolute
2023-03-31,agriculture,SR,1,3.681177516210957,strongest
2023-03-31,agriculture,M,-1,-7.90124935559625,weakest
2023-03-31,base_metal,AL,-1,-0.6261822372419602,absolute
2023-03-31,chemical_energy,FG,1,3.620553982760512,strongest
2023-03-31,chemical_energy,SP,-1,-6.198613235598433,weakest
2023-03-31,ferrous,RB,-1,-1.76195974186151,absolute
2023-03-31,government_bond,T,1,3.8270221550261803,absolute
2023-04-07,agriculture,SR,1,5.758509000708626,strongest
2023-04-07,agriculture,LH,-1,-8.086251486874541,weakest
2023-04-07,base_metal,AL,1,0.4650029254071238,absolute
2023-04-07,chemical_energy,FG,1,4.5883448273509035,strongest
2023-04-07,chemical_energy,SP,-1,-7.104712037118326,weakest
2023-04-07,ferrous,RB,-1,-0.8840727095893612,absolute
2023-04-07,government_bond,T,1,4.433852288638098,absolute
2023-04-14,agriculture,SR,1,5.824731275801863,strongest
2023-04-14,agriculture,LH,-1,-5.452769321911794,weakest
2023-04-14,base_metal,AL,1,1.3407876547490774,absolute
2023-04-14,chemical_energy,FG,1,3.3176381669892177,strongest
2023-04-14,chemical_energy,SP,-1,-4.903627619657804,weakest
2023-04-14,ferrous,RB,-1,-4.16377851286129,absolute
2023-04-14,government_bond,T,1,2.4285522003015423,absolute
2023-04-21,agriculture,SR,1,7.664965758699952,strongest
2023-04-21,agriculture,LH,-1,-9.237316489109276,weakest
2023-04-21,base_metal,AL,1,4.264374318407822,absolute
2023-04-21,chemical_energy,FG,1,8.157687161883164,strongest
2023-04-21,chemical_energy,SP,-1,-4.4486127275705885,weakest
2023-04-21,ferrous,RB,-1,-4.430239866343027,absolute
2023-04-21,government_bond,T,1,1.9779902944337238,absolute
2023-04-28,agriculture,SR,1,8.115915352829882,strongest
2023-04-28,agriculture,C,-1,-3.410012963677803,weakest
2023-04-28,base_metal,AL,1,3.73567793731968,absolute
2023-04-28,chemical_energy,FG,1,6.581709218745248,strongest
2023-04-28,chemical_energy,SP,-1,-3.822875488277895,weakest
2023-04-28,ferrous,RB,-1,-3.7013589683034387,absolute
2023-04-28,government_bond,T,1,3.971470174132189,absolute
2023-05-05,agriculture,SR,1,6.523502285117525,strongest
2023-05-05,agriculture,M,-1,-1.2402377609306454,weakest
2023-05-05,base_metal,AL,1,1.9440671864220442,absolute
2023-05-05,chemical_energy,FG,1,7.133914333595253,strongest
2023-05-05,chemical_energy,SP,-1,-5.912495717913775,weakest
2023-05-05,ferrous,RB,-1,-6.14359708389986,absolute
2023-05-05,government_bond,T,1,4.0117590223586195,absolute
2023-05-12,agriculture,CF,1,6.853294552549543,strongest
2023-05-12,agriculture,C,-1,-4.863252842209317,weakest
2023-05-12,base_metal,AL,-1,-1.7385267773466273,absolute
2023-05-12,chemical_energy,FG,1,3.4000649644031653,strongest
2023-05-12,chemical_energy,SP,-1,-6.846509853111542,weakest
2023-05-12,ferrous,RB,-1,-7.0283487050446585,absolute
2023-05-12,government_bond,T,1,9.963137498461277,absolute
2023-05-19,agriculture,AP,1,2.739947873505158,strongest
2023-05-19,agriculture,C,-1,-8.795076744621213,weakest
2023-05-19,base_metal,AL,-1,-3.0052193844942243,absolute
2023-05-19,chemical_energy,RU,1,1.4561823180724363,strongest
2023-05-19,chemical_energy,UR,-1,-7.741144327549126,weakest
2023-05-19,ferrous,RB,-1,-5.8203497120093415,absolute
2023-05-19,government_bond,T,1,6.278695980812837,absolute
2023-05-26,agriculture,CF,1,3.5423012296215552,strongest
2023-05-26,agriculture,JD,-1,-7.910219250295308,weakest
2023-05-26,base_metal,AL,-1,-2.6253391234677452,absolute
2023-05-26,chemical_energy,RU,1,1.5399894761044985,strongest
2023-05-26,chemical_energy,UR,-1,-10.304322492621232,weakest
2023-05-26,ferrous,RB,-1,-4.289559581580861,absolute
2023-05-26,government_bond,T,1,7.041298293411866,absolute
2023-06-02,agriculture,AP,1,1.4528404913102444,strongest
2023-06-02,agriculture,JD,-1,-4.660657527086124,weakest
2023-06-02,base_metal,AL,-1,-1.6356881803086643,absolute
2023-06-02,chemical_energy,UR,-1,-9.348912648671652,weakest
2023-06-02,ferrous,RB,-1,-2.5539467359952805,absolute
2023-06-02,government_bond,T,1,5.1189717647705475,absolute
2023-06-09,agriculture,C,1,1.882844300209069,strongest
2023-06-09,agriculture,LH,-1,-4.645008397212578,weakest
2023-06-09,base_metal,AL,1,1.1178358792777787,absolute
2023-06-09,chemical_energy,RU,1,1.5302322939109272,strongest
2023-06-09,chemical_energy,UR,-1,-5.090152330766253,weakest
2023-06-09,ferrous,RB,-1,-0.32457616860436733,absolute
2023-06-09,government_bond,T,1,0.2880241863847642,absolute
2023-06-16,agriculture,C,1,7.062181179801238,strongest
2023-06-16,agriculture,LH,-1,-3.3667531216864575,weakest
2023-06-16,base_metal,AL,1,2.4420545641288496,absolute
2023-06-16,chemical_energy,SC,1,2.002027409360806,strongest
2023-06-16,chemical_energy,UR,-1,-4.401731663945012,weakest
2023-06-16,ferrous,RB,1,1.856602426928804,absolute
2023-06-16,government_bond,T,1,3.1706464933419407,absolute
2023-06-21,agriculture,C,1,4.5068220493529445,strongest
2023-06-21,agriculture,JD,-1,-3.6897389105932845,weakest
2023-06-21,base_metal,AL,1,1.006942933929899,absolute
2023-06-21,chemical_energy,SC,1,1.7555220580938014,strongest
2023-06-21,chemical_energy,MA,-1,-5.243610880167306,weakest
2023-06-21,ferrous,RB,1,0.3428448679294474,absolute
2023-06-21,government_bond,T,1,5.361566720141045,absolute
2023-06-30,agriculture,C,1,7.756642837318314,strongest
2023-06-30,agriculture,LH,-1,-2.9979179658759536,weakest
2023-06-30,base_metal,AL,1,3.1540414817136764,absolute
2023-06-30,chemical_energy,RU,1,1.8324496932775827,strongest
2023-06-30,chemical_energy,SP,-1,-1.1666165496972105,weakest
2023-06-30,ferrous,RB,1,3.7963612609737605,absolute
2023-06-30,government_bond,T,1,0.4113544151869351,absolute
2023-07-07,agriculture,M,1,7.409242060844506,strongest
2023-07-07,agriculture,LH,-1,-2.277479254321388,weakest
2023-07-07,base_metal,AL,1,0.918842883892481,absolute
2023-07-07,chemical_energy,UR,1,3.862363359644535,strongest
2023-07-07,ferrous,RB,1,4.72836874618443,absolute
2023-07-07,government_bond,T,1,2.033480159437854,absolute
2023-07-14,agriculture,C,1,8.535857869319148,strongest
2023-07-14,agriculture,SR,-1,-1.4827620982198395,weakest
2023-07-14,base_metal,AL,-1,-0.2422546244985306,absolute
2023-07-14,chemical_energy,UR,1,5.1210706217364725,strongest
2023-07-14,ferrous,RB,1,0.8956641664809666,absolute
2023-07-14,government_bond,T,1,1.1334867421245234,absolute
2023-07-21,agriculture,M,1,7.061488616012873,strongest
2023-07-21,agriculture,LH,-1,-6.34586547537568,weakest
2023-07-21,base_metal,AL,1,0.02978251953408179,absolute
2023-07-21,chemical_energy,MA,1,8.443292668155465,strongest
2023-07-21,ferrous,RB,1,0.7475984247611966,absolute
2023-07-21,government_bond,T,-1,-1.2973663505893211,absolute
2023-07-28,agriculture,M,1,4.8588280431081605,strongest
2023-07-28,agriculture,LH,-1,-3.356300901934306,weakest
2023-07-28,base_metal,AL,1,1.051031129998239,absolute
2023-07-28,chemical_energy,UR,1,6.159710933805748,strongest
2023-07-28,ferrous,RB,1,2.620979073504473,absolute
2023-07-28,government_bond,T,1,5.634519063283795,absolute
2023-08-04,agriculture,M,1,7.5435610111682925,strongest
2023-08-04,agriculture,C,-1,-0.7502677393740527,weakest
2023-08-04,base_metal,AL,1,3.364063561675594,absolute
2023-08-04,chemical_energy,SC,1,9.916612474143244,strongest
2023-08-04,ferrous,RB,1,2.4438605344717135,absolute
2023-08-04,government_bond,T,1,0.3280686975165875,absolute
2023-08-11,agriculture,M,1,8.569062272084997,strongest
2023-08-11,agriculture,C,-1,-0.8589404755815037,weakest
2023-08-11,base_metal,AL,1,6.13739221480813,absolute
2023-08-11,chemical_energy,SC,1,6.2651148086073905,strongest
2023-08-11,chemical_energy,RU,-1,-3.193914203916028,weakest
2023-08-11,ferrous,RB,1,1.222566603498729,absolute
2023-08-11,government_bond,T,1,1.5404571509910558,absolute
2023-08-18,agriculture,M,1,10.567988178958336,strongest
2023-08-18,agriculture,P,-1,-0.6084329357271399,weakest
2023-08-18,base_metal,AL,1,1.7708237119801615,absolute
2023-08-18,chemical_energy,SC,1,5.492922277722203,strongest
2023-08-18,chemical_energy,RU,-1,-2.7628463670330854,weakest
2023-08-18,ferrous,RB,-1,-1.6050131667134402,absolute
2023-08-18,government_bond,T,1,1.9371881496400318,absolute
2023-08-25,agriculture,M,1,12.186357743037084,strongest
2023-08-25,agriculture,CF,-1,-1.5965056636797414,weakest
2023-08-25,base_metal,AL,1,0.8888640465703066,absolute
2023-08-25,chemical_energy,SC,1,5.51260884745015,strongest
2023-08-25,chemical_energy,RU,-1,-2.2898822108764074,weakest
2023-08-25,ferrous,RB,-1,-2.7898842912019957,absolute
2023-08-25,government_bond,T,1,2.1865300089586475,absolute
2023-09-01,agriculture,M,1,7.695538702666616,strongest
2023-09-01,base_metal,AL,1,1.6547981212514518,absolute
2023-09-01,chemical_energy,FG,1,3.5255495065890115,strongest
2023-09-01,chemical_energy,SP,-1,-1.7991842283741344,weakest
2023-09-01,ferrous,RB,-1,-2.996633047574644,absolute
2023-09-01,government_bond,T,1,5.851996667613931,absolute
2023-09-08,agriculture,M,1,6.89236864219819,strongest
2023-09-08,agriculture,LH,-1,-2.50293562738304,weakest
2023-09-08,base_metal,AL,1,5.41214079774755,absolute
2023-09-08,chemical_energy,RU,1,4.914248128829614,strongest
2023-09-08,ferrous,RB,1,0.9868444399859676,absolute
2023-09-08,government_bond,T,1,1.2783308229221164,absolute
2023-09-15,agriculture,M,1,3.0995910325172735,strongest
2023-09-15,agriculture,LH,-1,-3.2414812444846755,weakest
2023-09-15,base_metal,AL,1,2.839651872059501,absolute
2023-09-15,chemical_energy,SC,1,5.1980823244255925,strongest
2023-09-15,chemical_energy,UR,-1,-0.05330834023789855,weakest
2023-09-15,ferrous,RB,-1,-0.3648561605008106,absolute
2023-09-15,government_bond,T,-1,-1.6461336076124862,absolute
2023-09-22,agriculture,JD,1,4.6493019606484145,strongest
2023-09-22,agriculture,P,-1,-1.3332299213561498,weakest
2023-09-22,base_metal,AL,1,4.946548513740417,absolute
2023-09-22,chemical_energy,SC,1,7.774886382129797,strongest
2023-09-22,ferrous,RB,1,1.8347034710909293,absolute
2023-09-22,government_bond,T,-1,-3.427969222246957,absolute
2023-09-28,agriculture,JD,1,4.548349275793307,strongest
2023-09-28,agriculture,P,-1,-4.097135579817092,weakest
2023-09-28,base_metal,AL,1,4.2836253644889375,absolute
2023-09-28,chemical_energy,SC,1,8.591302075284947,strongest
2023-09-28,chemical_energy,UR,-1,-0.2768644861607346,weakest
2023-09-28,ferrous,RB,1,0.6790473218952651,absolute
2023-09-28,government_bond,T,-1,-4.526571549123654,absolute
2023-10-13,agriculture,AP,1,2.8500578211701524,strongest
2023-10-13,agriculture,C,-1,-4.335245467042801,weakest
2023-10-13,base_metal,AL,1,3.3172354072286887,absolute
2023-10-13,chemical_energy,SC,1,7.9819240915005505,strongest
2023-10-13,chemical_energy,MA,-1,-2.542358582667829,weakest
2023-10-13,ferrous,RB,-1,-2.0207010646150345,absolute
2023-10-13,government_bond,T,-1,-3.3904105833209996,absolute
2023-10-20,agriculture,AP,1,1.5663542560087875,strongest
2023-10-20,agriculture,SR,-1,-4.498603426109902,weakest
2023-10-20,base_metal,AL,-1,-0.17135292208004702,absolute
2023-10-20,chemical_energy,SP,1,7.162921519131945,strongest
2023-10-20,chemical_energy,MA,-1,-2.23690156717292,weakest
2023-10-20,ferrous,RB,-1,-3.797066801039337,absolute
2023-10-20,government_bond,T,1,0.4272542321198028,absolute
2023-10-27,agriculture,AP,1,0.29298375189075343,strongest
2023-10-27,agriculture,LH,-1,-6.179925842630356,weakest
2023-10-27,base_metal,AL,-1,-1.1129625155516252,absolute
2023-10-27,chemical_energy,SP,1,4.232545162530447,strongest
2023-10-27,chemical_energy,MA,-1,-2.9907879263944914,weakest
2023-10-27,ferrous,RB,-1,-4.457379599575464,absolute
2023-10-27,government_bond,T,-1,-3.193254840901312,absolute
2023-11-03,agriculture,P,1,0.7283974471102801,strongest
2023-11-03,agriculture,LH,-1,-6.326140418566288,weakest
2023-11-03,base_metal,AL,-1,-1.1338866715497806,absolute
2023-11-03,chemical_energy,RU,1,2.038166628147391,strongest
2023-11-03,chemical_energy,MA,-1,-2.806624566741901,weakest
2023-11-03,ferrous,RB,-1,-0.8769855063734379,absolute
2023-11-03,government_bond,T,-1,-0.9859132201083358,absolute
2023-11-10,agriculture,M,1,0.7040319979034616,strongest
2023-11-10,agriculture,CF,-1,-7.672672749420709,weakest
2023-11-10,base_metal,AL,-1,-0.8023137173278483,absolute
2023-11-10,chemical_energy,UR,1,3.2911650209192413,strongest
2023-11-10,chemical_energy,SC,-1,-2.312550001669987,weakest
2023-11-10,ferrous,RB,1,2.898419538454667,absolute
2023-11-10,government_bond,T,1,1.5041224899626233,absolute
2023-11-17,agriculture,SR,1,3.551519103377365,strongest
2023-11-17,agriculture,CF,-1,-6.485125530378708,weakest
2023-11-17,base_metal,AL,1,1.8348017767177094,absolute
2023-11-17,chemical_energy,UR,1,4.320815998980906,strongest
2023-11-17,chemical_energy,SC,-1,-3.532412060438521,weakest
2023-11-17,ferrous,RB,1,6.95180081271596,absolute
2023-11-17,government_bond,T,1,3.144062602117143,absolute
2023-11-24,agriculture,C,1,2.222826290349853,strongest
2023-11-24,agriculture,LH,-1,-3.1183103154559038,weakest
2023-11-24,base_metal,AL,1,0.30360113390853055,absolute
2023-11-24,chemical_energy,FG,1,2.566024231367297,strongest
2023-11-24,chemical_energy,SC,-1,-10.210702429166222,weakest
2023-11-24,ferrous,RB,1,7.935128288954448,absolute
2023-11-24,government_bond,T,1,6.136303380610392,absolute
2023-12-01,agriculture,AP,1,3.5220540864391854,strongest
2023-12-01,agriculture,CF,-1,-4.299991421591706,weakest
2023-12-01,base_metal,AL,-1,-0.6757227875716842,absolute
2023-12-01,chemical_energy,FG,1,3.3671667589306176,strongest
2023-12-01,chemical_energy,SC,-1,-5.95192416071299,weakest
2023-12-01,ferrous,RB,1,5.821629958569965,absolute
2023-12-01,government_bond,T,1,0.6357639532057002,absolute
2023-12-08,agriculture,AP,1,4.399724615672016,strongest
2023-12-08,agriculture,LH,-1,-6.510323108388808,weakest
2023-12-08,base_metal,AL,-1,-4.5221756310450525,absolute
2023-12-08,chemical_energy,FG,1,5.026662812286012,strongest
2023-12-08,chemical_energy,SC,-1,-5.585194306704951,weakest
2023-12-08,ferrous,RB,1,2.487321357110469,absolute
2023-12-08,government_bond,T,-1,-0.07231508852697767,absolute
2023-12-15,agriculture,AP,1,0.3781612998933237,strongest
2023-12-15,agriculture,SR,-1,-7.58636589142796,weakest
2023-12-15,base_metal,AL,-1,-4.087637938273948,absolute
2023-12-15,chemical_energy,FG,1,2.014107567366136,strongest
2023-12-15,chemical_energy,RU,-1,-4.244624493231692,weakest
2023-12-15,ferrous,RB,1,2.4754233661888674,absolute
2023-12-15,government_bond,T,-1,-0.3577051388059005,absolute
2023-12-22,agriculture,AP,1,0.23576116769727934,strongest
2023-12-22,agriculture,SR,-1,-7.271112978725954,weakest
2023-12-22,base_metal,AL,-1,-0.5194081932199082,absolute
2023-12-22,chemical_energy,UR,1,0.12024294128319084,strongest
2023-12-22,chemical_energy,RU,-1,-4.518725024244237,weakest
2023-12-22,ferrous,RB,-1,-0.8521616665870072,absolute
2023-12-22,government_bond,T,1,2.3697451062844306,absolute
2023-12-29,agriculture,CF,1,4.707190293117658,strongest
2023-12-29,agriculture,SR,-1,-6.871870342749427,weakest
2023-12-29,base_metal,AL,1,2.4998781577232467,absolute
2023-12-29,chemical_energy,MA,1,3.2494410153484963,strongest
2023-12-29,chemical_energy,RU,-1,-1.3277621845548335,weakest
2023-12-29,ferrous,RB,-1,-0.13256760365702042,absolute
2023-12-29,government_bond,T,1,6.957146508796838,absolute
2024-01-05,agriculture,CF,1,5.725332569212545,strongest
2024-01-05,agriculture,SR,-1,-4.377713152991398,weakest
2024-01-05,base_metal,AL,1,6.443874155667244,absolute
2024-01-05,chemical_energy,RU,1,0.8448637440645879,strongest
2024-01-05,chemical_energy,UR,-1,-2.2254300473251662,weakest
2024-01-05,ferrous,RB,1,0.9634867743387754,absolute
2024-01-05,government_bond,T,1,6.518437440390007,absolute
2024-01-12,agriculture,CF,1,3.8948029465024603,strongest
2024-01-12,agriculture,M,-1,-4.372184020002952,weakest
2024-01-12,base_metal,AL,1,3.9306276367824564,absolute
2024-01-12,chemical_energy,RU,1,3.21602385100772,strongest
2024-01-12,chemical_energy,UR,-1,-3.445481774213351,weakest
2024-01-12,ferrous,RB,-1,-0.6616957861334618,absolute
2024-01-12,government_bond,T,1,6.327771934090794,absolute
2024-01-19,agriculture,P,1,2.9536906825887366,strongest
2024-01-19,agriculture,M,-1,-9.744583749442743,weakest
2024-01-19,base_metal,AL,1,2.2179672258238843,absolute
2024-01-19,chemical_energy,SC,1,2.3631439426836782,strongest
2024-01-19,chemical_energy,UR,-1,-4.38957245684026,weakest
2024-01-19,ferrous,RB,-1,-0.6023107061779032,absolute
2024-01-19,government_bond,T,1,2.8822125198316115,absolute
2024-01-26,agriculture,CF,1,4.757084269410072,strongest
2024-01-26,agriculture,M,-1,-9.12483143220933,weakest
2024-01-26,base_metal,AL,-1,-1.8140885609096713,absolute
2024-01-26,chemical_energy,RU,1,0.4495730502367152,strongest
2024-01-26,chemical_energy,FG,-1,-2.849480647433597,weakest
2024-01-26,ferrous,RB,-1,-1.8345776983513027,absolute
2024-01-26,government_bond,T,1,2.7834180670566044,absolute
2024-02-02,agriculture,CF,1,3.3732171678873417,strongest
2024-02-02,agriculture,M,-1,-10.289366381953315,weakest
2024-02-02,base_metal,AL,-1,-2.282910895215297,absolute
2024-02-02,chemical_energy,SC,1,1.5009192974165129,strongest
2024-02-02,chemical_energy,RU,-1,-1.3054292786734194,weakest
2024-02-02,ferrous,RB,-1,-0.5724271400570942,absolute
2024-02-02,government_bond,T,1,2.0629475527051433,absolute
2024-02-08,agriculture,SR,1,2.8601804585431942,strongest
2024-02-08,agriculture,M,-1,-5.79013035276232,weakest
2024-02-08,base_metal,AL,-1,-2.077741012053415,absolute
2024-02-08,chemical_energy,MA,1,2.022257330977893,strongest
2024-02-08,chemical_energy,SP,-1,-3.126601442535337,weakest
2024-02-08,ferrous,RB,-1,-4.296199226267737,absolute
2024-02-08,government_bond,T,1,4.411704984226941,absolute
2024-02-23,agriculture,SR,1,6.473389183932201,strongest
2024-02-23,agriculture,M,-1,-3.422905306456837,weakest
2024-02-23,base_metal,AL,-1,-1.0071302150790764,absolute
2024-02-23,chemical_energy,MA,1,6.53310792940376,strongest
2024-02-23,chemical_energy,SP,-1,-2.511537079708647,weakest
2024-02-23,ferrous,RB,-1,-2.107506553949316,absolute
2024-02-23,government_bond,T,1,1.421107757470327,absolute
2024-03-01,agriculture,C,1,5.443440204261231,strongest
2024-03-01,agriculture,P,-1,-1.1737420167235637,weakest
2024-03-01,base_metal,AL,1,0.3219784394794802,absolute
2024-03-01,chemical_energy,MA,1,4.710173304085756,strongest
2024-03-01,chemical_energy,FG,-1,-1.4112691211976292,weakest
2024-03-01,ferrous,RB,-1,-3.4960580978864537,absolute
2024-03-01,government_bond,T,1,4.935994878622394,absolute
2024-03-08,agriculture,C,1,6.668607648712757,strongest
2024-03-08,agriculture,SR,-1,-4.064952572720895,weakest
2024-03-08,base_metal,AL,1,0.7596094441172998,absolute
2024-03-08,chemical_energy,MA,1,3.40227915550448,strongest
2024-03-08,chemical_energy,FG,-1,-4.850986737817551,weakest
2024-03-08,ferrous,RB,-1,-4.946730163642467,absolute
2024-03-08,government_bond,T,1,1.8741588225805552,absolute
2024-03-15,agriculture,P,1,9.258234822271207,strongest
2024-03-15,agriculture,SR,-1,-2.7779647280152315,weakest
2024-03-15,base_metal,AL,1,2.5803526938621997,absolute
2024-03-15,chemical_energy,RU,1,4.6246475747881455,strongest
2024-03-15,chemical_energy,FG,-1,-4.274904579087749,weakest
2024-03-15,ferrous,RB,-1,-4.59042009442301,absolute
2024-03-15,government_bond,T,1,2.143067576050346,absolute
2024-03-22,agriculture,P,1,9.310685489332327,strongest
2024-03-22,agriculture,AP,-1,-1.21466514424558,weakest
2024-03-22,base_metal,AL,1,3.1901608497441076,absolute
2024-03-22,chemical_energy,SP,1,8.723749866836888,strongest
2024-03-22,chemical_energy,FG,-1,-5.246948206079329,weakest
2024-03-22,ferrous,RB,-1,-7.56356911575488,absolute
2024-03-22,government_bond,T,1,2.4991317018640027,absolute
2024-03-29,agriculture,P,1,9.444916850993463,strongest
2024-03-29,agriculture,C,-1,-4.013976911368989,weakest
2024-03-29,base_metal,AL,1,5.687712548134317,absolute
2024-03-29,chemical_energy,SP,1,6.84387239368475,strongest
2024-03-29,chemical_energy,FG,-1,-4.323485441145122,weakest
2024-03-29,ferrous,RB,-1,-3.423239802993615,absolute
2024-03-29,government_bond,T,1,0.17330419436021738,absolute
2024-04-03,agriculture,P,1,6.0457485288624495,strongest
2024-04-03,agriculture,AP,-1,-4.713138881767177,weakest
2024-04-03,base_metal,AL,1,6.491121226913986,absolute
2024-04-03,chemical_energy,SC,1,3.4437483964468467,strongest
2024-04-03,chemical_energy,FG,-1,-5.262037455541261,weakest
2024-04-03,ferrous,RB,-1,-6.668312769311253,absolute
2024-04-03,government_bond,T,-1,-0.5299342081011499,absolute
2024-04-12,agriculture,P,1,6.4713208929780395,strongest
2024-04-12,agriculture,JD,-1,-7.133922984085025,weakest
2024-04-12,base_metal,AL,1,7.906738961016447,absolute
2024-04-12,chemical_energy,SC,1,7.753011056780387,strongest
2024-04-12,chemical_energy,UR,-1,-6.0652120322750305,weakest
2024-04-12,ferrous,RB,-1,-5.283938091120714,absolute
2024-04-12,government_bond,T,-1,-0.8584641054579528,absolute
2024-04-19,agriculture,CF,1,1.93440540716357,strongest
2024-04-19,agriculture,JD,-1,-8.420494361035338,weakest
2024-04-19,base_metal,AL,1,9.458356934483694,absolute
2024-04-19,chemical_energy,SC,1,8.660865430627409,strongest
2024-04-19,chemical_energy,FG,-1,-0.26953204134375736,weakest
2024-04-19,ferrous,RB,1,0.03401186189388959,absolute
2024-04-19,government_bond,T,1,2.547221808713074,absolute
2024-04-26,agriculture,AP,-1,-8.35483130610757,weakest
2024-04-26,base_metal,AL,1,4.480336747193196,absolute
2024-04-26,chemical_energy,UR,1,4.4423824142494945,strongest
2024-04-26,chemical_energy,RU,-1,-3.8792542451825414,weakest
2024-04-26,ferrous,RB,1,1.1211196114995157,absolute
2024-04-26,government_bond,T,1,3.6636956816002506,absolute
2024-04-30,agriculture,AP,-1,-6.465344275330315,weakest
2024-04-30,base_metal,AL,1,3.089756510537775,absolute
2024-04-30,chemical_energy,UR,1,3.377245942947075,strongest
2024-04-30,chemical_energy,RU,-1,-2.0239065488878683,weakest
2024-04-30,ferrous,RB,-1,-0.2569880669465847,absolute
2024-04-30,government_bond,T,1,6.531049936292875,absolute
2024-05-10,agriculture,M,1,1.7604909997228995,strongest
2024-05-10,agriculture,AP,-1,-6.672699641152886,weakest
2024-05-10,base_metal,AL,1,3.320196518563952,absolute
2024-05-10,chemical_energy,UR,1,4.322565418063583,strongest
2024-05-10,chemical_energy,RU,-1,-3.1067229346795537,weakest
2024-05-10,ferrous,RB,1,4.617152503511455,absolute
2024-05-10,government_bond,T,1,0.019665730503957278,absolute
2024-05-17,agriculture,M,1,3.25687593464328,strongest
2024-05-17,agriculture,CF,-1,-10.02102105159148,weakest
2024-05-17,base_metal,AL,1,1.877970787161012,absolute
2024-05-17,chemical_energy,UR,1,4.753604348339453,strongest
2024-05-17,chemical_energy,RU,-1,-7.189308767445107,weakest
2024-05-17,ferrous,RB,1,1.7097224989782236,absolute
2024-05-17,government_bond,T,1,0.2218614737785481,absolute
2024-05-24,agriculture,M,1,3.60069437484518,strongest
2024-05-24,agriculture,CF,-1,-6.497720834144729,weakest
2024-05-24,base_metal,AL,1,3.794078781255204,absolute
2024-05-24,chemical_energy,FG,1,5.317696454714709,strongest
2024-05-24,chemical_energy,SC,-1,-3.7244011094533596,weakest
2024-05-24,ferrous,RB,1,2.2404376379076902,absolute
2024-05-24,government_bond,T,-1,-0.8536771099339269,absolute
2024-05-31,agriculture,M,1,4.556135629055906,strongest
2024-05-31,agriculture,CF,-1,-1.8118912413514414,weakest
2024-05-31,base_metal,AL,1,2.3651220177579138,absolute
2024-05-31,chemical_energy,FG,1,5.822071880379676,strongest
2024-05-31,chemical_energy,SC,-1,-3.460550802421161,weakest
2024-05-31,ferrous,RB,1,3.2089808630022794,absolute
2024-05-31,government_bond,T,-1,-1.5857680914834982,absolute
2024-06-07,agriculture,P,1,4.359990509389058,strongest
2024-06-07,agriculture,CF,-1,-2.799969537406053,weakest
2024-06-07,base_metal,AL,1,3.377488567605203,absolute
2024-06-07,chemical_energy,RU,1,6.387575545057098,strongest
2024-06-07,chemical_energy,SC,-1,-3.769036190170765,weakest
2024-06-07,ferrous,RB,1,1.0760826166859585,absolute
2024-06-07,government_bond,T,1,2.671534020707008,absolute
2024-06-14,agriculture,P,1,2.287554580917843,strongest
2024-06-14,agriculture,AP,-1,-3.8466195224866344,weakest
2024-06-14,base_metal,AL,1,2.1449632724441052,absolute
2024-06-14,chemical_energy,RU,1,5.134811783269793,strongest
2024-06-14,chemical_energy,SC,-1,-3.616298130153224,weakest
2024-06-14,ferrous,RB,-1,-0.0966959231127847,absolute
2024-06-14,government_bond,T,1,5.114687876019996,absolute
2024-06-21,agriculture,P,1,1.5411698549890975,strongest
2024-06-21,agriculture,AP,-1,-4.417886222535221,weakest
2024-06-21,base_metal,AL,-1,-0.7725396317528052,absolute
2024-06-21,chemical_energy,RU,1,1.5578504260643067,strongest
2024-06-21,chemical_energy,SP,-1,-5.54454174049983,weakest
2024-06-21,ferrous,RB,-1,-1.9501549318307274,absolute
2024-06-21,government_bond,T,1,6.304087998467151,absolute
2024-06-28,agriculture,P,1,0.3011761675073177,strongest
2024-06-28,agriculture,M,-1,-7.384528180840848,weakest
2024-06-28,base_metal,AL,-1,-1.4105583504942798,absolute
2024-06-28,chemical_energy,SC,1,1.4990653576951143,strongest
2024-06-28,chemical_energy,SP,-1,-6.910921944293013,weakest
2024-06-28,ferrous,RB,-1,-7.505213667176733,absolute
2024-06-28,government_bond,T,1,5.661331550799555,absolute
2024-07-05,agriculture,C,1,4.005912183428492,strongest
2024-07-05,agriculture,AP,-1,-5.697255621379321,weakest
2024-07-05,base_metal,AL,-1,-6.067334514001467,absolute
2024-07-05,chemical_energy,SC,1,1.7233283830351827,strongest
2024-07-05,chemical_energy,SP,-1,-4.461422849693353,weakest
2024-07-05,ferrous,RB,-1,-6.285824648547762,absolute
2024-07-05,government_bond,T,1,7.946527200568066,absolute
2024-07-12,agriculture,JD,1,2.1900734464063145,strongest
2024-07-12,agriculture,M,-1,-4.010013837428126,weakest
2024-07-12,base_metal,AL,-1,-6.193991517343704,absolute
2024-07-12,chemical_energy,SC,1,9.383385109307772,strongest
2024-07-12,chemical_energy,FG,-1,-6.83850301619007,weakest
2024-07-12,ferrous,RB,-1,-3.0844168805822534,absolute
2024-07-12,government_bond,T,1,2.774136137201947,absolute
2024-07-19,agriculture,P,1,0.6510950866712972,strongest
2024-07-19,agriculture,M,-1,-7.67874287943022,weakest
2024-07-19,base_metal,AL,-1,-3.234268507444892,absolute
2024-07-19,chemical_energy,SC,1,3.1710563049109055,strongest
2024-07-19,chemical_energy,FG,-1,-5.376150192960509,weakest
2024-07-19,ferrous,RB,-1,-3.012617426571599,absolute
2024-07-19,government_bond,T,1,2.547230541904138,absolute
2024-07-26,agriculture,LH,1,3.656119261390987,strongest
2024-07-26,agriculture,M,-1,-4.6739534027472756,weakest
2024-07-26,base_metal,AL,-1,-5.630122883277905,absolute
2024-07-26,chemical_energy,FG,-1,-4.630146043275432,weakest
2024-07-26,ferrous,RB,-1,-2.0731552384932836,absolute
2024-07-26,government_bond,T,1,2.799326327008579,absolute
2024-08-02,agriculture,LH,1,2.671195553450418,strongest
2024-08-02,agriculture,C,-1,-10.524434881448789,weakest
2024-08-02,base_metal,AL,-1,-6.922398643365436,absolute
2024-08-02,chemical_energy,FG,-1,-6.759574726423481,weakest
2024-08-02,ferrous,RB,-1,-3.780621696854823,absolute
2024-08-02,government_bond,T,1,2.967980337791521,absolute
2024-08-09,agriculture,LH,1,4.0098782536658435,strongest
2024-08-09,agriculture,C,-1,-10.368613771857069,weakest
2024-08-09,base_metal,AL,-1,-6.273806286845676,absolute
2024-08-09,chemical_energy,FG,-1,-5.562334616972952,weakest
2024-08-09,ferrous,RB,-1,-3.931516392944353,absolute
2024-08-09,government_bond,T,1,7.949004972243084,absolute
2024-08-16,agriculture,LH,1,8.349727992285388,strongest
2024-08-16,agriculture,M,-1,-5.0874013115583,weakest
2024-08-16,base_metal,AL,-1,-5.241222176262199,absolute
2024-08-16,chemical_energy,RU,1,0.4360014080929642,strongest
2024-08-16,chemical_energy,FG,-1,-6.454744468082433,weakest
2024-08-16,ferrous,RB,-1,-5.558824959713048,absolute
2024-08-16,government_bond,T,1,3.414767368782529,absolute
2024-08-23,agriculture,LH,1,6.071434985167052,strongest
2024-08-23,agriculture,CF,-1,-7.4842956013399515,weakest
2024-08-23,base_metal,AL,-1,-1.2634183938187689,absolute
2024-08-23,chemical_energy,RU,1,1.1526488199263467,strongest
2024-08-23,chemical_energy,FG,-1,-7.8795866092780775,weakest
2024-08-23,ferrous,RB,-1,-8.422226853189434,absolute
2024-08-23,government_bond,T,1,0.817693663086772,absolute
2024-08-30,agriculture,LH,1,2.9367920958745763,strongest
2024-08-30,agriculture,SR,-1,-8.395798324123618,weakest
2024-08-30,base_metal,AL,1,2.6905306164380693,absolute
2024-08-30,chemical_energy,RU,1,5.189846016236042,strongest
2024-08-30,chemical_energy,FG,-1,-5.845375369540188,weakest
2024-08-30,ferrous,RB,-1,-3.856112353517255,absolute
2024-08-30,government_bond,T,1,0.16438414147736444,absolute
2024-09-06,agriculture,LH,1,2.037161639105855,strongest
2024-09-06,agriculture,SR,-1,-4.404888400980795,weakest
2024-09-06,base_metal,AL,1,3.276087938277534,absolute
2024-09-06,chemical_energy,RU,1,7.487634381169522,strongest
2024-09-06,chemical_energy,FG,-1,-5.80101047236249,weakest
2024-09-06,ferrous,RB,-1,-2.5049187244989857,absolute
2024-09-06,government_bond,T,-1,-1.7095748762047642,absolute
2024-09-13,agriculture,JD,1,2.692642018233386,strongest
2024-09-13,agriculture,SR,-1,-3.061409530577966,weakest
2024-09-13,base_metal,AL,1,0.8413358442673565,absolute
2024-09-13,chemical_energy,RU,1,3.0942536945397023,strongest
2024-09-13,chemical_energy,FG,-1,-6.660789356332648,weakest
2024-09-13,ferrous,RB,-1,-4.261940374581625,absolute
2024-09-13,government_bond,T,1,1.3411120645778198,absolute
2024-09-20,agriculture,M,1,4.2420001901756965,strongest
2024-09-20,agriculture,LH,-1,-4.529601660509426,weakest
2024-09-20,base_metal,AL,1,2.2021266275431923,absolute
2024-09-20,chemical_energy,RU,1,4.443511070766675,strongest
2024-09-20,chemical_energy,FG,-1,-5.756678526978387,weakest
2024-09-20,ferrous,RB,-1,-0.11398109665618796,absolute
2024-09-20,government_bond,T,1,5.203806361229795,absolute
2024-09-27,agriculture,JD,1,6.625875956502243,strongest
2024-09-27,agriculture,C,-1,-5.885357021323228,weakest
2024-09-27,base_metal,AL,1,0.9943240093965893,absolute
2024-09-27,chemical_energy,RU,1,5.309484962764523,strongest
2024-09-27,chemical_energy,FG,-1,-8.015279247312993,weakest
2024-09-27,ferrous,RB,-1,-1.9687116484405423,absolute
2024-09-27,government_bond,T,1,8.12235630010047,absolute
2024-09-30,agriculture,SR,1,7.058836104576571,strongest
2024-09-30,agriculture,C,-1,-8.207030097862921,weakest
2024-09-30,base_metal,AL,-1,-0.861847163703398,absolute
2024-09-30,chemical_energy,RU,1,3.8225032406506476,strongest
2024-09-30,chemical_energy,UR,-1,-5.944409353910985,weakest
2024-09-30,ferrous,RB,-1,-2.202434183438469,absolute
2024-09-30,government_bond,T,1,6.632289732490268,absolute
2024-10-11,agriculture,SR,1,7.712335702518911,strongest
2024-10-11,agriculture,C,-1,-6.72284895808375,weakest
2024-10-11,base_metal,AL,1,2.140149597573112,absolute
2024-10-11,chemical_energy,RU,1,4.762491616093027,strongest
2024-10-11,chemical_energy,SC,-1,-2.6015120283263378,weakest
2024-10-11,ferrous,RB,1,0.4739503088148275,absolute
2024-10-11,government_bond,T,-1,-0.745008149773894,absolute
2024-10-18,agriculture,P,1,8.544386840049619,strongest
2024-10-18,agriculture,LH,-1,-4.889944736943076,weakest
2024-10-18,base_metal,AL,1,6.976544812099849,absolute
2024-10-18,chemical_energy,RU,1,3.479953337888589,strongest
2024-10-18,chemical_energy,UR,-1,-0.19372504567514548,weakest
2024-10-18,ferrous,RB,1,4.193054027896684,absolute
2024-10-18,government_bond,T,-1,-0.6058292173509037,absolute
2024-10-25,agriculture,P,1,7.378357014672386,strongest
2024-10-25,agriculture,LH,-1,-3.5521075140918317,weakest
2024-10-25,base_metal,AL,1,4.85210572462601,absolute
2024-10-25,chemical_energy,SC,1,3.128394039036081,strongest
2024-10-25,ferrous,RB,1,2.0553162773456655,absolute
2024-10-25,government_bond,T,-1,-1.4520453404893074,absolute
2024-11-01,agriculture,P,1,9.322677980842396,strongest
2024-11-01,agriculture,LH,-1,-3.4829869806073273,weakest
2024-11-01,base_metal,AL,1,2.5212869879201953,absolute
2024-11-01,chemical_energy,FG,1,4.650470309847408,strongest
2024-11-01,chemical_energy,RU,-1,-0.18976360608354495,weakest
2024-11-01,ferrous,RB,1,2.229762328611438,absolute
2024-11-01,government_bond,T,-1,-3.1919456051774198,absolute
2024-11-08,agriculture,P,1,8.291872406290889,strongest
2024-11-08,agriculture,CF,-1,-3.735183787630461,weakest
2024-11-08,base_metal,AL,1,1.326756557501117,absolute
2024-11-08,chemical_energy,FG,1,2.3336930647680516,strongest
2024-11-08,chemical_energy,RU,-1,-1.3954636404023737,weakest
2024-11-08,ferrous,RB,1,0.60736480733634,absolute
2024-11-08,government_bond,T,1,2.615509196113106,absolute
2024-11-15,agriculture,P,1,9.517621726032598,strongest
2024-11-15,agriculture,SR,-1,-2.184570141427092,weakest
2024-11-15,base_metal,AL,1,3.206879798892084,absolute
2024-11-15,chemical_energy,FG,1,2.8100571892962645,strongest
2024-11-15,chemical_energy,SC,-1,-1.9285356612489708,weakest
2024-11-15,ferrous,RB,-1,-1.614324022943762,absolute
2024-11-15,government_bond,T,1,3.134671620650356,absolute
2024-11-22,agriculture,P,1,7.284791835480147,strongest
2024-11-22,agriculture,CF,-1,-0.8820666318519881,weakest
2024-11-22,base_metal,AL,1,0.4629493757160384,absolute
2024-11-22,chemical_energy,MA,1,1.667064629104673,strongest
2024-11-22,chemical_energy,UR,-1,-2.8436171356412006,weakest
2024-11-22,ferrous,RB,-1,-2.084735656120024,absolute
2024-11-22,government_bond,T,1,3.4338991357412376,absolute
2024-11-29,agriculture,AP,1,5.786983383629821,strongest
2024-11-29,agriculture,C,-1,-2.0941038723132697,weakest
2024-11-29,base_metal,AL,-1,-1.2185384265159507,absolute
2024-11-29,chemical_energy,MA,1,5.048954554552338,strongest
2024-11-29,chemical_energy,FG,-1,-2.8617836924056568,weakest
2024-11-29,ferrous,RB,-1,-1.881651149029532,absolute
2024-11-29,government_bond,T,1,6.879716130588576,absolute
2024-12-06,agriculture,SR,1,3.025653755145032,strongest
2024-12-06,agriculture,C,-1,-4.801364693691821,weakest
2024-12-06,base_metal,AL,-1,-1.3595938862394141,absolute
2024-12-06,chemical_energy,MA,1,3.2236226350220814,strongest
2024-12-06,chemical_energy,FG,-1,-3.2848116684055255,weakest
2024-12-06,ferrous,RB,-1,-1.6213312572173035,absolute
2024-12-06,government_bond,T,1,5.211638104324599,absolute
2024-12-13,agriculture,AP,1,3.8470382973964856,strongest
2024-12-13,agriculture,C,-1,-5.735422525161562,weakest
2024-12-13,base_metal,AL,-1,-5.302112399976365,absolute
2024-12-13,chemical_energy,RU,1,1.4457635953533,strongest
2024-12-13,chemical_energy,FG,-1,-4.886154864873968,weakest
2024-12-13,ferrous,RB,-1,-2.8013151497840347,absolute
2024-12-13,government_bond,T,1,4.845072350351677,absolute
2024-12-20,agriculture,SR,1,4.012290779471526,strongest
2024-12-20,agriculture,M,-1,-6.0158852751574035,weakest
2024-12-20,base_metal,AL,-1,-2.048680315476316,absolute
2024-12-20,chemical_energy,MA,1,3.7470258886821006,strongest
2024-12-20,chemical_energy,UR,-1,-2.4955791997756576,weakest
2024-12-20,ferrous,RB,1,1.5217219410552163,absolute
2024-12-20,government_bond,T,1,6.234662298368835,absolute
2024-12-27,agriculture,JD,1,2.371947254145701,strongest
2024-12-27,agriculture,LH,-1,-11.808848381962802,weakest
2024-12-27,base_metal,AL,-1,-2.239609438282278,absolute
2024-12-27,chemical_energy,RU,1,0.2845996398481416,strongest
2024-12-27,chemical_energy,UR,-1,-3.3465592371883686,weakest
2024-12-27,ferrous,RB,-1,-1.465732624934101,absolute
2024-12-27,government_bond,T,1,6.99491591772864,absolute
2025-01-03,agriculture,JD,1,1.4173026568428864,strongest
2025-01-03,agriculture,LH,-1,-8.657660302672381,weakest
2025-01-03,base_metal,AL,-1,-2.806449051327472,absolute
2025-01-03,chemical_energy,MA,1,3.4348789477810633,strongest
2025-01-03,chemical_energy,UR,-1,-4.66228535826634,weakest
2025-01-03,ferrous,RB,-1,-1.6730153976167506,absolute
2025-01-03,government_bond,T,1,4.522790934129373,absolute
2025-01-10,agriculture,C,1,1.6831627675830267,strongest
2025-01-10,agriculture,AP,-1,-8.100650776417492,weakest
2025-01-10,base_metal,AL,-1,-4.297542792210293,absolute
2025-01-10,chemical_energy,SC,1,7.145052735903956,strongest
2025-01-10,chemical_energy,RU,-1,-5.325834583021212,weakest
2025-01-10,ferrous,RB,-1,-1.6675264616283045,absolute
2025-01-10,government_bond,T,1,6.196469387550739,absolute
2025-01-17,agriculture,C,1,2.2961711449819173,strongest
2025-01-17,agriculture,AP,-1,-9.068402619179945,weakest
2025-01-17,base_metal,AL,-1,-2.2547187665023003,absolute
2025-01-17,chemical_energy,SC,1,7.2104394413715776,strongest
2025-01-17,chemical_energy,RU,-1,-5.937304572105438,weakest
2025-01-17,ferrous,RB,-1,-6.914881908602771,absolute
2025-01-17,government_bond,T,1,3.4603720725072233,absolute
2025-01-24,agriculture,C,1,9.720992943249112,strongest
2025-01-24,agriculture,AP,-1,-3.95442324500441,weakest
2025-01-24,base_metal,AL,1,3.6185228935207263,absolute
2025-01-24,chemical_energy,SC,1,7.797663833879118,strongest
2025-01-24,chemical_energy,UR,-1,-0.8334692401518721,weakest
2025-01-24,ferrous,RB,1,2.5010458366129047,absolute
2025-01-24,government_bond,T,1,1.908534783805863,absolute
2025-01-27,agriculture,C,1,8.43150274931551,strongest
2025-01-27,agriculture,AP,-1,-4.3956901618512,weakest
2025-01-27,base_metal,AL,1,2.4418347830134044,absolute
2025-01-27,chemical_energy,SC,1,7.282011094200666,strongest
2025-01-27,chemical_energy,RU,-1,-0.852981054030851,weakest
2025-01-27,ferrous,RB,1,2.1801609278410594,absolute
2025-01-27,government_bond,T,1,0.6393737840867888,absolute
2025-02-07,agriculture,C,1,6.029997914437227,strongest
2025-02-07,agriculture,SR,-1,-3.7351045549984194,weakest
2025-02-07,base_metal,AL,1,1.1398478805518368,absolute
2025-02-07,chemical_energy,SC,1,5.217915273159862,strongest
2025-02-07,chemical_energy,MA,-1,-3.0733983056545817,weakest
2025-02-07,ferrous,RB,1,1.5241623074823518,absolute
2025-02-07,government_bond,T,1,2.0800924340482787,absolute
2025-02-14,agriculture,C,1,4.68852289854637,strongest
2025-02-14,agriculture,SR,-1,-2.8317416956648693,weakest
2025-02-14,base_metal,AL,1,3.104764544818445,absolute
2025-02-14,chemical_energy,SC,1,3.784452479523676,strongest
2025-02-14,chemical_energy,MA,-1,-3.6920877546975155,weakest
2025-02-14,ferrous,RB,1,1.258886645051278,absolute
2025-02-14,government_bond,T,1,1.2031154041585659,absolute
2025-02-21,agriculture,C,1,5.8313879556089665,strongest
2025-02-21,base_metal,AL,1,4.165287502476212,absolute
2025-02-21,chemical_energy,UR,1,5.704107672600882,strongest
2025-02-21,chemical_energy,MA,-1,-2.4229526603033213,weakest
2025-02-21,ferrous,RB,1,1.4705240886410214,absolute
2025-02-21,government_bond,T,-1,-1.7782973748372972,absolute
2025-02-28,agriculture,P,1,7.367753454442927,strongest
2025-02-28,agriculture,C,-1,-1.101917478858687,weakest
2025-02-28,base_metal,AL,1,2.9558440057789395,absolute
2025-02-28,chemical_energy,UR,1,3.830983667459735,strongest
2025-02-28,chemical_energy,FG,-1,-6.608182372092384,weakest
2025-02-28,ferrous,RB,1,0.9165373947678546,absolute
2025-02-28,government_bond,T,-1,-6.006376551386504,absolute
2025-03-07,agriculture,P,1,6.058715897809619,strongest
2025-03-07,agriculture,LH,-1,-0.9576718304457353,weakest
2025-03-07,base_metal,AL,1,2.9821038106709334,absolute
2025-03-07,chemical_energy,UR,1,1.784334426522972,strongest
2025-03-07,chemical_energy,SP,-1,-6.630934670603197,weakest
2025-03-07,ferrous,RB,-1,-0.5472132583561404,absolute
2025-03-07,government_bond,T,-1,-4.125489245615915,absolute
2025-03-14,agriculture,AP,1,2.890098321039156,strongest
2025-03-14,agriculture,JD,-1,-2.6071267981758197,weakest
2025-03-14,base_metal,AL,1,1.57608587729445,absolute
2025-03-14,chemical_energy,UR,1,1.7628242867351946,strongest
2025-03-14,chemical_energy,SP,-1,-12.556372726966737,weakest
2025-03-14,ferrous,RB,-1,-2.4560232063076155,absolute
2025-03-14,government_bond,T,-1,-6.803727362875785,absolute
2025-03-21,agriculture,LH,1,4.942150172240838,strongest
2025-03-21,agriculture,JD,-1,-6.145301314060426,weakest
2025-03-21,base_metal,AL,1,1.8531869446854101,absolute
2025-03-21,chemical_energy,MA,1,2.0622321188056802,strongest
2025-03-21,chemical_energy,SP,-1,-5.328368235464544,weakest
2025-03-21,ferrous,RB,1,0.128249584907151,absolute
2025-03-21,government_bond,T,-1,-4.187472622512189,absolute
2025-03-28,agriculture,LH,1,2.672100101354141,strongest
2025-03-28,agriculture,JD,-1,-4.8609411962408915,weakest
2025-03-28,base_metal,AL,-1,-1.0529694299722128,absolute
2025-03-28,chemical_energy,UR,1,1.5871856148693184,strongest
2025-03-28,chemical_energy,SP,-1,-5.210050382059926,weakest
2025-03-28,ferrous,RB,-1,-5.35658871136016,absolute
2025-03-28,government_bond,T,-1,-2.1371155823143004,absolute
2025-04-03,agriculture,LH,1,4.078885143625321,strongest
2025-04-03,agriculture,JD,-1,-5.005647212119065,weakest
2025-04-03,base_metal,AL,1,1.211822224896681,absolute
2025-04-03,chemical_energy,UR,1,3.2305989577427074,strongest
2025-04-03,chemical_energy,SP,-1,-5.12195010970854,weakest
2025-04-03,ferrous,RB,-1,-3.7905900979747575,absolute
2025-04-03,government_bond,T,-1,-0.496930824944892,absolute
2025-04-11,agriculture,SR,1,6.930401942163665,strongest
2025-04-11,agriculture,JD,-1,-8.523277587334515,weakest
2025-04-11,base_metal,AL,-1,-3.4680887214507132,absolute
2025-04-11,chemical_energy,SC,1,4.239730819286818,strongest
2025-04-11,chemical_energy,RU,-1,-5.814551530444815,weakest
2025-04-11,ferrous,RB,-1,-3.780798499970787,absolute
2025-04-11,government_bond,T,1,0.8779360613682791,absolute
2025-04-18,agriculture,AP,1,4.013498365837767,strongest
2025-04-18,agriculture,CF,-1,-4.771712044150533,weakest
2025-04-18,base_metal,AL,-1,-4.384229268145068,absolute
2025-04-18,chemical_energy,UR,1,3.4400034809240183,strongest
2025-04-18,chemical_energy,RU,-1,-5.3137289159247985,weakest
2025-04-18,ferrous,RB,-1,-4.746978500836384,absolute
2025-04-18,government_bond,T,1,4.032357575690935,absolute
2025-04-25,agriculture,JD,1,3.5999655098368604,strongest
2025-04-25,agriculture,CF,-1,-5.592587527841848,weakest
2025-04-25,base_metal,AL,-1,-4.0258119323112425,absolute
2025-04-25,chemical_energy,RU,-1,-6.293294272268406,weakest
2025-04-25,ferrous,RB,-1,-4.432589700944592,absolute
2025-04-25,government_bond,T,1,5.262799752302482,absolute
2025-04-30,agriculture,AP,1,3.7875525252069813,strongest
2025-04-30,agriculture,CF,-1,-4.053110204075201,weakest
2025-04-30,base_metal,AL,-1,-2.7068922390752723,absolute
2025-04-30,chemical_energy,RU,-1,-5.997983131122227,weakest
2025-04-30,ferrous,RB,-1,-3.5587981854168165,absolute
2025-04-30,government_bond,T,1,3.6091516413208335,absolute
2025-05-09,agriculture,C,1,4.155807754346177,strongest
2025-05-09,agriculture,CF,-1,-4.620296377201078,weakest
2025-05-09,base_metal,AL,-1,-1.722977361707325,absolute
2025-05-09,chemical_energy,RU,-1,-4.914961089999684,weakest
2025-05-09,ferrous,RB,-1,-2.885913043712284,absolute
2025-05-09,government_bond,T,1,4.181881957036499,absolute
2025-05-16,agriculture,C,1,2.8069680738195006,strongest
2025-05-16,agriculture,M,-1,-8.393457128747887,weakest
2025-05-16,base_metal,AL,1,0.022848357824824903,absolute
2025-05-16,chemical_energy,UR,1,2.4520570764066676,strongest
2025-05-16,chemical_energy,FG,-1,-9.762223506500797,weakest
2025-05-16,ferrous,RB,-1,-2.100552318107854,absolute
2025-05-16,government_bond,T,1,0.845533544540237,absolute
2025-05-23,agriculture,CF,1,3.9425952766122494,strongest
2025-05-23,agriculture,LH,-1,-6.068028394818142,weakest
2025-05-23,base_metal,AL,1,3.1109085369785077,absolute
2025-05-23,chemical_energy,UR,1,2.3709861300294968,strongest
2025-05-23,chemical_energy,FG,-1,-7.244318113925001,weakest
2025-05-23,ferrous,RB,-1,-1.0127080829964739,absolute
2025-05-23,government_bond,T,-1,-1.9449154224383685,absolute
2025-05-30,agriculture,CF,1,5.058014087475597,strongest
2025-05-30,agriculture,LH,-1,-8.01991076127587,weakest
2025-05-30,base_metal,AL,1,2.54757853200675,absolute
2025-05-30,chemical_energy,SP,1,1.4352072190476564,strongest
2025-05-30,chemical_energy,FG,-1,-5.40023661120193,weakest
2025-05-30,ferrous,RB,-1,-0.7465772949410356,absolute
2025-05-30,government_bond,T,-1,-1.5370888128732354,absolute
2025-06-06,agriculture,CF,1,3.2710200746382934,strongest
2025-06-06,agriculture,SR,-1,-5.183290890434486,weakest
2025-06-06,base_metal,AL,1,1.7280852369830002,absolute
2025-06-06,chemical_energy,SP,1,1.4690154750763895,strongest
2025-06-06,chemical_energy,FG,-1,-5.996226338075422,weakest
2025-06-06,ferrous,RB,-1,-4.393237976856373,absolute
2025-06-06,government_bond,T,-1,-2.613688030941086,absolute
2025-06-13,agriculture,CF,1,4.573899687867132,strongest
2025-06-13,agriculture,LH,-1,-4.467001878562719,weakest
2025-06-13,base_metal,AL,1,3.519430789410529,absolute
2025-06-13,chemical_energy,SP,1,1.5074246871414723,strongest
2025-06-13,chemical_energy,UR,-1,-8.312983674168036,weakest
2025-06-13,ferrous,RB,-1,-2.161906152114307,absolute
2025-06-13,government_bond,T,-1,-1.66667012850224,absolute
2025-06-20,agriculture,M,1,4.772421731478448,strongest
2025-06-20,agriculture,SR,-1,-9.214598047638315,weakest
2025-06-20,base_metal,AL,1,1.7289747729508844,absolute
2025-06-20,chemical_energy,SC,1,4.517816116770992,strongest
2025-06-20,chemical_energy,UR,-1,-11.818458339939369,weakest
2025-06-20,ferrous,RB,-1,-5.631015447853133,absolute
2025-06-20,government_bond,T,1,1.7488883879648962,absolute
2025-06-27,agriculture,M,1,5.857071766040089,strongest
2025-06-27,agriculture,SR,-1,-4.215918504422311,weakest
2025-06-27,base_metal,AL,1,1.5640660252184886,absolute
2025-06-27,chemical_energy,SC,1,7.521574406988361,strongest
2025-06-27,chemical_energy,UR,-1,-3.4093480808003176,weakest
2025-06-27,ferrous,RB,-1,-2.6297079926693585,absolute
2025-06-27,government_bond,T,1,2.4564950281227214,absolute
2025-07-04,agriculture,CF,1,6.2423883362520645,strongest
2025-07-04,agriculture,JD,-1,-1.331251443778004,weakest
2025-07-04,base_metal,AL,1,2.950218423873881,absolute
2025-07-04,chemical_energy,MA,1,3.0592911602821142,strongest
2025-07-04,chemical_energy,SP,-1,-4.089821213034265,weakest
2025-07-04,ferrous,RB,1,0.7425140987282691,absolute
2025-07-04,government_bond,T,1,4.927784191550482,absolute
2025-07-11,agriculture,CF,1,6.572502606113289,strongest
2025-07-11,agriculture,M,-1,-2.0856903646126264,weakest
2025-07-11,base_metal,AL,1,5.21367634397323,absolute
2025-07-11,chemical_energy,MA,1,2.3926853295026436,strongest
2025-07-11,chemical_energy,SP,-1,-2.2092833597407644,weakest
2025-07-11,ferrous,RB,1,4.3822935215119045,absolute
2025-07-11,government_bond,T,1,1.8157035194154005,absolute
2025-07-18,agriculture,CF,1,7.264966358742,strongest
2025-07-18,agriculture,C,-1,-8.274849183475622,weakest
2025-07-18,base_metal,AL,1,2.670080570702239,absolute
2025-07-18,chemical_energy,FG,1,4.049811581067331,strongest
2025-07-18,chemical_energy,MA,-1,-0.3745697669498309,weakest
2025-07-18,ferrous,RB,1,6.3792517481930755,absolute
2025-07-18,government_bond,T,-1,-1.6970315333523747,absolute
2025-07-25,agriculture,CF,1,8.574192462200706,strongest
2025-07-25,agriculture,C,-1,-7.331615181309833,weakest
2025-07-25,base_metal,AL,1,1.3152888783897811,absolute
2025-07-25,chemical_energy,RU,1,5.304763771656848,strongest
2025-07-25,chemical_energy,MA,-1,-3.9836380132556237,weakest
2025-07-25,ferrous,RB,1,5.633427832642067,absolute
2025-07-25,government_bond,T,-1,-2.9874435188043336,absolute
2025-08-01,agriculture,AP,1,7.441663411936095,strongest
2025-08-01,agriculture,C,-1,-6.03646484060364,weakest
2025-08-01,base_metal,AL,1,1.348847239933491,absolute
2025-08-01,chemical_energy,SP,1,10.407456393692568,strongest
2025-08-01,ferrous,RB,1,8.60423411733824,absolute
2025-08-01,government_bond,T,-1,-6.168696382343887,absolute
2025-08-08,agriculture,P,1,4.330788491906168,strongest
2025-08-08,agriculture,JD,-1,-4.971235457452932,weakest
2025-08-08,base_metal,AL,-1,-0.4983956294266387,absolute
2025-08-08,chemical_energy,SC,1,3.989232912916054,strongest
2025-08-08,chemical_energy,UR,-1,-0.7672920351939093,weakest
2025-08-08,ferrous,RB,1,1.8933785806311765,absolute
2025-08-08,government_bond,T,-1,-3.7231840371447236,absolute
2025-08-15,agriculture,AP,1,3.4662506625482306,strongest
2025-08-15,agriculture,SR,-1,-4.983439402528772,weakest
2025-08-15,base_metal,AL,1,0.19826655701224682,absolute
2025-08-15,chemical_energy,RU,1,1.067787670635255,strongest
2025-08-15,chemical_energy,SC,-1,-1.5297449040377415,weakest
2025-08-15,ferrous,RB,1,1.1781670298734643,absolute
2025-08-15,government_bond,T,-1,-1.0920424979815382,absolute
2025-08-22,agriculture,AP,1,3.8607858508567396,strongest
2025-08-22,agriculture,JD,-1,-6.000541430163773,weakest
2025-08-22,base_metal,AL,1,2.043511817453589,absolute
2025-08-22,chemical_energy,RU,1,0.6592416931836174,strongest
2025-08-22,chemical_energy,SC,-1,-3.070461506956095,weakest
2025-08-22,ferrous,RB,1,0.5907621086770385,absolute
2025-08-22,government_bond,T,-1,-2.930071689785414,absolute
2025-08-29,agriculture,P,1,4.58167522888404,strongest
2025-08-29,agriculture,JD,-1,-9.169887453667766,weakest
2025-08-29,base_metal,AL,-1,-1.3221413364884662,absolute
2025-08-29,chemical_energy,FG,-1,-8.105388236166124,weakest
2025-08-29,ferrous,RB,-1,-4.158963207241882,absolute
2025-08-29,government_bond,T,-1,-2.12916539229598,absolute
2025-09-05,agriculture,AP,1,7.616468109850491,strongest
2025-09-05,agriculture,JD,-1,-8.29762592430578,weakest
2025-09-05,base_metal,AL,1,2.5018121989940956,absolute
2025-09-05,chemical_energy,RU,1,3.602222145030424,strongest
2025-09-05,chemical_energy,MA,-1,-6.190104914686634,weakest
2025-09-05,ferrous,RB,-1,-4.057811513667414,absolute
2025-09-05,government_bond,T,-1,-2.8719934185598763,absolute
2025-09-12,agriculture,P,1,3.891346944427395,strongest
2025-09-12,agriculture,LH,-1,-7.319619718562894,weakest
2025-09-12,base_metal,AL,1,0.15078064478085873,absolute
2025-09-12,chemical_energy,RU,1,3.9401641739304383,strongest
2025-09-12,chemical_energy,SP,-1,-2.8658232742545873,weakest
2025-09-12,ferrous,RB,-1,-4.679935083136935,absolute
2025-09-12,government_bond,T,-1,-2.6724713075875735,absolute
2025-09-19,agriculture,AP,1,0.9416153185611347,strongest
2025-09-19,agriculture,LH,-1,-6.709464963730702,weakest
2025-09-19,base_metal,AL,1,3.0722373878336566,absolute
2025-09-19,chemical_energy,SP,-1,-7.4417699476196875,weakest
2025-09-19,ferrous,RB,-1,-4.796967981941483,absolute
2025-09-19,government_bond,T,-1,-2.017833268721312,absolute
2025-09-26,agriculture,JD,1,1.5444707871569836,strongest
2025-09-26,agriculture,LH,-1,-9.986008041864569,weakest
2025-09-26,base_metal,AL,1,1.1345991070715467,absolute
2025-09-26,chemical_energy,FG,1,1.6545793702233789,strongest
2025-09-26,chemical_energy,UR,-1,-5.27037962251997,weakest
2025-09-26,ferrous,RB,-1,-0.5962485038470842,absolute
2025-09-26,government_bond,T,1,0.7946007043462869,absolute
2025-09-30,agriculture,AP,1,1.1579551081704138,strongest
2025-09-30,agriculture,LH,-1,-12.235785295791393,weakest
2025-09-30,base_metal,AL,-1,-0.5295461073848293,absolute
2025-09-30,chemical_energy,FG,1,0.38515648753583465,strongest
2025-09-30,chemical_energy,UR,-1,-5.445833924016558,weakest
2025-09-30,ferrous,RB,-1,-0.9791300486523549,absolute
2025-09-30,government_bond,T,-1,-1.272801971417771,absolute
2025-10-10,agriculture,JD,1,2.9950504066422683,strongest
2025-10-10,agriculture,LH,-1,-9.288831721256255,weakest
2025-10-10,base_metal,AL,-1,-0.13618662707291634,absolute
2025-10-10,chemical_energy,FG,1,3.0820689875412914,strongest
2025-10-10,chemical_energy,UR,-1,-5.4785556864973115,weakest
2025-10-10,ferrous,RB,-1,-1.1335747980926842,absolute
2025-10-10,government_bond,T,-1,-0.8741995599648423,absolute
2025-10-17,agriculture,AP,1,3.4558602216413385,strongest
2025-10-17,agriculture,LH,-1,-8.778955945427583,weakest
2025-10-17,base_metal,AL,1,2.191240346321449,absolute
2025-10-17,chemical_energy,FG,1,2.2293372754883096,strongest
2025-10-17,chemical_energy,UR,-1,-5.73810843542312,weakest
2025-10-17,ferrous,RB,-1,-0.48110240211376865,absolute
2025-10-17,government_bond,T,-1,-1.3341511947691427,absolute
2025-10-24,agriculture,AP,1,4.004259688920548,strongest
2025-10-24,agriculture,LH,-1,-9.283296218721782,weakest
2025-10-24,base_metal,AL,-1,-0.3478367398471492,absolute
2025-10-24,chemical_energy,SC,-1,-5.884718094103494,weakest
2025-10-24,ferrous,RB,-1,-1.8470359044471047,absolute
2025-10-24,government_bond,T,1,4.224973609858842,absolute
2025-10-31,agriculture,AP,1,5.092764511721734,strongest
2025-10-31,agriculture,LH,-1,-4.589858298986077,weakest
2025-10-31,base_metal,AL,1,2.9928774737535146,absolute
2025-10-31,chemical_energy,FG,-1,-3.7494348978954033,weakest
2025-10-31,ferrous,RB,-1,-3.7362861238508693,absolute
2025-10-31,government_bond,T,-1,-0.4566094512573559,absolute
2025-11-07,agriculture,AP,1,5.771014234590137,strongest
2025-11-07,agriculture,LH,-1,-5.076055401810142,weakest
2025-11-07,base_metal,AL,1,3.1633269230645498,absolute
2025-11-07,chemical_energy,FG,-1,-7.393875273947904,weakest
2025-11-07,ferrous,RB,-1,-1.8670816582936625,absolute
2025-11-07,government_bond,T,1,7.726583005893442,absolute
2025-11-14,agriculture,JD,1,5.23959350499482,strongest
2025-11-14,agriculture,P,-1,-10.033339088169487,weakest
2025-11-14,base_metal,AL,1,3.728405269679888,absolute
2025-11-14,chemical_energy,SP,1,7.377473241330136,strongest
2025-11-14,chemical_energy,MA,-1,-5.323021474874451,weakest
2025-11-14,ferrous,RB,-1,-2.285623487723239,absolute
2025-11-14,government_bond,T,1,3.5143252062583064,absolute
2025-11-21,agriculture,M,1,8.310083066279102,strongest
2025-11-21,agriculture,P,-1,-7.529731707284326,weakest
2025-11-21,base_metal,AL,1,4.981893124693318,absolute
2025-11-21,chemical_energy,SP,1,7.544040115963401,strongest
2025-11-21,chemical_energy,MA,-1,-7.4992476088174325,weakest
2025-11-21,ferrous,RB,1,0.5564866749122165,absolute
2025-11-21,government_bond,T,1,0.9341396136009895,absolute
2025-11-28,agriculture,C,1,3.986157760494869,strongest
2025-11-28,agriculture,LH,-1,-5.084078236996206,weakest
2025-11-28,base_metal,AL,1,0.38084309516855747,absolute
2025-11-28,chemical_energy,UR,1,0.9163365332915225,strongest
2025-11-28,chemical_energy,MA,-1,-10.083938767765853,weakest
2025-11-28,ferrous,RB,1,0.3534620394513517,absolute
2025-11-28,government_bond,T,1,3.6975153773868357,absolute
2025-12-05,agriculture,C,1,7.641322239648914,strongest
2025-12-05,agriculture,SR,-1,-2.8321548353034536,weakest
2025-12-05,base_metal,AL,1,1.4158127130253244,absolute
2025-12-05,chemical_energy,UR,1,3.46566954142237,strongest
2025-12-05,chemical_energy,FG,-1,-1.6956120075253331,weakest
2025-12-05,ferrous,RB,1,0.1567449058733425,absolute
2025-12-05,government_bond,T,-1,-4.269655249213419,absolute
2025-12-12,agriculture,C,1,9.408878796550377,strongest
2025-12-12,agriculture,JD,-1,-5.859354894103487,weakest
2025-12-12,base_metal,AL,1,3.8297314723400193,absolute
2025-12-12,chemical_energy,SP,1,0.7285412570619992,strongest
2025-12-12,chemical_energy,FG,-1,-5.485737268826057,weakest
2025-12-12,ferrous,RB,1,3.9446612557872305,absolute
2025-12-12,government_bond,T,-1,-2.1520082659440654,absolute
2025-12-19,agriculture,CF,1,6.324026484784012,strongest
2025-12-19,agriculture,SR,-1,-5.422818854940965,weakest
2025-12-19,base_metal,AL,1,1.1955759438926712,absolute
2025-12-19,chemical_energy,MA,1,0.3959088026411221,strongest
2025-12-19,chemical_energy,FG,-1,-5.551391491339403,weakest
2025-12-19,ferrous,RB,-1,-0.9033190534994692,absolute
2025-12-19,government_bond,T,-1,-1.3146659407036185,absolute
2025-12-26,agriculture,CF,1,8.070689001996847,strongest
2025-12-26,agriculture,SR,-1,-4.973909151161783,weakest
2025-12-26,base_metal,AL,1,3.5173163367949285,absolute
2025-12-26,chemical_energy,MA,1,3.066705185071552,strongest
2025-12-26,chemical_energy,SC,-1,-4.128327037603619,weakest
2025-12-26,ferrous,RB,1,0.8394751979256502,absolute
2025-12-26,government_bond,T,-1,-0.4759041663774926,absolute
2025-12-31,agriculture,CF,1,8.870322618479001,strongest
2025-12-31,agriculture,AP,-1,-5.11847963810333,weakest
2025-12-31,base_metal,AL,1,3.6247622048207013,absolute
2025-12-31,chemical_energy,SP,1,3.822550508021801,strongest
2025-12-31,chemical_energy,FG,-1,-4.409297328518832,weakest
2025-12-31,ferrous,RB,1,0.0341382903410181,absolute
2025-12-31,government_bond,T,1,2.2263119473414843,absolute
2026-01-09,agriculture,CF,1,7.793132357165154,strongest
2026-01-09,agriculture,AP,-1,-5.168838405437389,weakest
2026-01-09,base_metal,AL,1,3.8522074623279234,absolute
2026-01-09,chemical_energy,RU,1,2.5698272932735096,strongest
2026-01-09,chemical_energy,SC,-1,-2.7439073588017076,weakest
2026-01-09,ferrous,RB,-1,-1.6489602108625359,absolute
2026-01-09,government_bond,T,-1,-0.9196276601777038,absolute
2026-01-16,agriculture,CF,1,5.831166543873688,strongest
2026-01-16,base_metal,AL,1,5.9435739089098485,absolute
2026-01-16,chemical_energy,UR,1,6.621743621167637,strongest
2026-01-16,chemical_energy,SC,-1,-1.4575637340252563,weakest
2026-01-16,ferrous,RB,1,0.8531541544238815,absolute
2026-01-16,government_bond,T,-1,-1.5817824002916325,absolute
2026-01-23,agriculture,LH,1,4.7805230590709265,strongest
2026-01-23,agriculture,M,-1,-1.1664336148292376,weakest
2026-01-23,base_metal,AL,1,4.489547309623006,absolute
2026-01-23,chemical_energy,UR,1,6.040222656988861,strongest
2026-01-23,chemical_energy,SP,-1,-1.9928395705731692,weakest
2026-01-23,ferrous,RB,1,2.7906031239131384,absolute
2026-01-23,government_bond,T,1,0.3661239173651968,absolute
2026-01-30,agriculture,C,1,5.344141817012914,strongest
2026-01-30,agriculture,SR,-1,-2.61303091682564,weakest
2026-01-30,base_metal,AL,1,4.29126271984766,absolute
2026-01-30,chemical_energy,RU,1,3.183333979497419,strongest
2026-01-30,chemical_energy,SP,-1,-3.4798869087462365,weakest
2026-01-30,ferrous,RB,1,0.209179873340281,absolute
2026-01-30,government_bond,T,-1,-0.2469136870784619,absolute
2026-02-06,agriculture,P,1,5.801851365420401,strongest
2026-02-06,agriculture,LH,-1,-3.8432010491049966,weakest
2026-02-06,base_metal,AL,1,2.4210218519366835,absolute
2026-02-06,chemical_energy,SC,1,3.4884790509384285,strongest
2026-02-06,chemical_energy,SP,-1,-4.061294595548562,weakest
2026-02-06,ferrous,RB,1,0.1920924834204607,absolute
2026-02-06,government_bond,T,1,4.672498795063152,absolute
2026-02-13,agriculture,P,1,2.555456741602595,strongest
2026-02-13,agriculture,LH,-1,-4.070676875155201,weakest
2026-02-13,base_metal,AL,-1,-1.4324994919791587,absolute
2026-02-13,chemical_energy,SC,1,2.841303818234624,strongest
2026-02-13,chemical_energy,SP,-1,-6.5272083139123245,weakest
2026-02-13,ferrous,RB,-1,-2.9805488241464158,absolute
2026-02-13,government_bond,T,1,9.660804253601857,absolute
2026-02-27,agriculture,M,1,2.0132636176488927,strongest
2026-02-27,agriculture,LH,-1,-6.683212735845155,weakest
2026-02-27,base_metal,AL,-1,-1.0350682561189035,absolute
2026-02-27,chemical_energy,SC,1,2.228337409680511,strongest
2026-02-27,chemical_energy,SP,-1,-4.213238428514962,weakest
2026-02-27,ferrous,RB,-1,-5.1358701920667915,absolute
2026-02-27,government_bond,T,1,8.733277860007135,absolute
2026-03-06,agriculture,SR,1,4.410011059491842,strongest
2026-03-06,agriculture,LH,-1,-4.290163440136297,weakest
2026-03-06,base_metal,AL,-1,-0.4107405547022643,absolute
2026-03-06,chemical_energy,RU,1,3.8765365759355777,strongest
2026-03-06,chemical_energy,SP,-1,-2.522812982461283,weakest
2026-03-06,ferrous,RB,-1,-2.22374503759565,absolute
2026-03-06,government_bond,T,1,2.481359512685778,absolute
2026-03-13,agriculture,C,1,7.3191347003891,strongest
2026-03-13,agriculture,LH,-1,-3.2316124281841896,weakest
2026-03-13,base_metal,AL,-1,-1.331952565682417,absolute
2026-03-13,chemical_energy,SC,1,6.7600909563700275,strongest
2026-03-13,chemical_energy,SP,-1,-1.1676685323875664,weakest
2026-03-13,ferrous,RB,-1,-3.0189344822847684,absolute
2026-03-13,government_bond,T,1,2.6964983044616306,absolute
2026-03-20,agriculture,M,1,8.840971390483531,strongest
2026-03-20,agriculture,LH,-1,-4.146027964954464,weakest
2026-03-20,base_metal,AL,1,3.581718077937562,absolute
2026-03-20,chemical_energy,SC,1,5.4371833207599956,strongest
2026-03-20,ferrous,RB,1,1.7901417425035466,absolute
2026-03-20,government_bond,T,-1,-1.3891032135070003,absolute
2026-03-27,agriculture,C,1,5.4537708317443085,strongest
2026-03-27,agriculture,LH,-1,-8.164547216178358,weakest
2026-03-27,base_metal,AL,1,0.46229410620970157,absolute
2026-03-27,chemical_energy,MA,1,5.671753993076944,strongest
2026-03-27,chemical_energy,RU,-1,-1.355681816421394,weakest
2026-03-27,ferrous,RB,1,3.4091108497191893,absolute
2026-03-27,government_bond,T,-1,-3.401609410146083,absolute
2026-04-03,agriculture,P,1,4.102267080154286,strongest
2026-04-03,agriculture,LH,-1,-9.96269249341802,weakest
2026-04-03,base_metal,AL,-1,-0.021491547994328383,absolute
2026-04-03,chemical_energy,MA,1,6.250664496485906,strongest
2026-04-03,chemical_energy,RU,-1,-2.505346945266188,weakest
2026-04-03,ferrous,RB,1,3.362079619756088,absolute
2026-04-03,government_bond,T,-1,-1.4854664247392773,absolute
2026-04-10,agriculture,P,1,3.6119318218963357,strongest
2026-04-10,agriculture,LH,-1,-9.98013985954898,weakest
2026-04-10,base_metal,AL,-1,-0.5311786867648424,absolute
2026-04-10,chemical_energy,MA,1,3.92032409300341,strongest
2026-04-10,chemical_energy,SP,-1,-2.5710010291200502,weakest
2026-04-10,ferrous,RB,1,1.6496629237094833,absolute
2026-04-10,government_bond,T,-1,-2.8604684658419264,absolute
2026-04-17,agriculture,CF,1,0.2053376693231993,strongest
2026-04-17,agriculture,LH,-1,-12.799475123809653,weakest
2026-04-17,base_metal,AL,-1,-1.9846616365032683,absolute
2026-04-17,chemical_energy,MA,1,1.8007280523008422,strongest
2026-04-17,chemical_energy,FG,-1,-7.510202484704201,weakest
2026-04-17,ferrous,RB,-1,-2.785617322165317,absolute
2026-04-17,government_bond,T,-1,-0.47016234598159,absolute
2026-04-24,agriculture,JD,1,4.0522787809426,strongest
2026-04-24,agriculture,M,-1,-9.205353262597168,weakest
2026-04-24,base_metal,AL,1,3.436822821271515,absolute
2026-04-24,chemical_energy,RU,1,2.2673302519956384,strongest
2026-04-24,chemical_energy,FG,-1,-5.316652098067346,weakest
2026-04-24,ferrous,RB,-1,-1.505898943951185,absolute
2026-04-24,government_bond,T,1,3.5576477947159546,absolute
2026-04-30,agriculture,CF,1,4.616812779331803,strongest
2026-04-30,agriculture,AP,-1,-5.603119407405727,weakest
2026-04-30,base_metal,AL,1,2.8407723779624505,absolute
2026-04-30,chemical_energy,UR,1,3.7042395610802625,strongest
2026-04-30,chemical_energy,FG,-1,-4.984379063941081,weakest
2026-04-30,ferrous,RB,1,1.3889838003660524,absolute
2026-04-30,government_bond,T,1,5.411206870543455,absolute
2026-05-08,agriculture,CF,1,4.849459982382171,strongest
2026-05-08,agriculture,AP,-1,-5.568343224390626,weakest
2026-05-08,base_metal,AL,-1,-0.6714816848555718,absolute
2026-05-08,chemical_energy,RU,1,3.2776523304500853,strongest
2026-05-08,chemical_energy,FG,-1,-6.232319766538578,weakest
2026-05-08,ferrous,RB,1,0.7164930899148052,absolute
2026-05-08,government_bond,T,1,1.6061573332990622,absolute
2026-05-15,agriculture,JD,1,6.378960025020753,strongest
2026-05-15,agriculture,AP,-1,-3.4755271259853444,weakest
2026-05-15,base_metal,AL,-1,-0.8432991932317919,absolute
2026-05-15,chemical_energy,RU,1,3.5681474322969384,strongest
2026-05-15,chemical_energy,MA,-1,-2.902836955528272,weakest
2026-05-15,ferrous,RB,1,6.831042757555659,absolute
2026-05-15,government_bond,T,1,2.5943014511392466,absolute
2026-05-22,agriculture,JD,1,7.041442206527972,strongest
2026-05-22,agriculture,AP,-1,-4.2291248087840065,weakest
2026-05-22,base_metal,AL,-1,-1.7874935030047934,absolute
2026-05-22,chemical_energy,RU,1,2.760021315226894,strongest
2026-05-22,chemical_energy,FG,-1,-1.7110233872785918,weakest
2026-05-22,ferrous,RB,1,5.543558077288894,absolute
2026-05-22,government_bond,T,1,2.9046522003995663,absolute
2026-05-29,agriculture,JD,1,8.673971545144507,strongest
2026-05-29,agriculture,C,-1,-6.058223788746509,weakest
2026-05-29,base_metal,AL,-1,-1.8769024429149694,absolute
2026-05-29,chemical_energy,MA,1,1.5182861460791106,strongest
2026-05-29,chemical_energy,UR,-1,-5.488207169599081,weakest
2026-05-29,ferrous,RB,-1,-0.33084552945387136,absolute
2026-05-29,government_bond,T,1,1.4650388342349452,absolute
2026-06-05,agriculture,JD,1,7.819842143711507,strongest
2026-06-05,agriculture,C,-1,-6.42623599142554,weakest
2026-06-05,base_metal,AL,-1,-1.7008046001729829,absolute
2026-06-05,chemical_energy,RU,1,1.4793575877187597,strongest
2026-06-05,chemical_energy,UR,-1,-8.229960675294286,weakest
2026-06-05,ferrous,RB,-1,-0.5185729343082268,absolute
2026-06-05,government_bond,T,1,7.688585298026773,absolute
2026-06-12,agriculture,JD,1,7.294806579613493,strongest
2026-06-12,agriculture,LH,-1,-4.054045055875771,weakest
2026-06-12,base_metal,AL,-1,-0.7936992852196606,absolute
2026-06-12,chemical_energy,MA,1,0.9768525456518208,strongest
2026-06-12,chemical_energy,UR,-1,-6.438768317861301,weakest
2026-06-12,ferrous,RB,-1,-3.196123516164041,absolute
2026-06-12,government_bond,T,1,7.937286165958629,absolute
2026-06-18,agriculture,JD,1,4.5403449337210375,strongest
2026-06-18,agriculture,SR,-1,-5.817294575401849,weakest
2026-06-18,base_metal,AL,-1,-2.8054681082131494,absolute
2026-06-18,chemical_energy,MA,1,2.3680130748141726,strongest
2026-06-18,chemical_energy,SP,-1,-4.853717693188673,weakest
2026-06-18,ferrous,RB,-1,-3.271286286944138,absolute
2026-06-18,government_bond,T,1,1.1107187612477647,absolute
2026-06-26,agriculture,JD,1,1.1094312684985612,strongest
2026-06-26,agriculture,LH,-1,-3.703123725198426,weakest
2026-06-26,base_metal,AL,-1,-1.598701563994925,absolute
2026-06-26,chemical_energy,RU,1,1.7380167032629337,strongest
2026-06-26,chemical_energy,SC,-1,-7.84324187098382,weakest
2026-06-26,ferrous,RB,-1,-1.4265640566508275,absolute
2026-06-26,government_bond,T,1,2.1021716754605855,absolute
2026-07-03,agriculture,C,1,1.1827016266862072,strongest
2026-07-03,agriculture,SR,-1,-4.1412741690370325,weakest
2026-07-03,base_metal,AL,-1,-4.0153588155790185,absolute
2026-07-03,chemical_energy,SP,-1,-7.671308157969798,weakest
2026-07-03,ferrous,RB,-1,-2.8280986088932614,absolute
2026-07-03,government_bond,T,1,0.8916752152392757,absolute
2026-07-10,agriculture,LH,1,1.5637785575683962,strongest
2026-07-10,agriculture,P,-1,-3.77612825724341,weakest
2026-07-10,base_metal,AL,-1,-4.388353007167135,absolute
2026-07-10,chemical_energy,SC,-1,-10.088586095779231,weakest
2026-07-10,ferrous,RB,-1,-5.599236326076157,absolute
2026-07-10,government_bond,T,-1,-1.8959832034520991,absolute
2026-07-17,agriculture,M,1,4.789090928766168,strongest
2026-07-17,agriculture,P,-1,-1.438784816128421,weakest
2026-07-17,base_metal,AL,-1,-3.028095600491735,absolute
2026-07-17,chemical_energy,SC,-1,-7.466693495212144,weakest
2026-07-17,ferrous,RB,-1,-4.143771613923763,absolute
2026-07-17,government_bond,T,1,3.5511297610341397,absolute
2026-07-24,agriculture,M,1,5.249560415350822,strongest
2026-07-24,agriculture,SR,-1,-4.446754027783028,weakest
2026-07-24,base_metal,AL,-1,-2.388817539180468,absolute
2026-07-24,chemical_energy,MA,1,1.1407428068456322,strongest
2026-07-24,chemical_energy,UR,-1,-6.202194116098827,weakest
2026-07-24,ferrous,RB,-1,-0.9393724982294553,absolute
2026-07-24,government_bond,T,1,1.0589298768006115,absolute
2026-07-31,agriculture,M,1,8.101783377361908,strongest
2026-07-31,agriculture,LH,-1,-3.654986979744789,weakest
2026-07-31,base_metal,AL,1,0.8546143691190157,absolute
2026-07-31,chemical_energy,SC,1,5.762302183223345,strongest
2026-07-31,chemical_energy,FG,-1,-3.9817464303697037,weakest
2026-07-31,ferrous,RB,-1,-0.8359287670468348,absolute
2026-07-31,government_bond,T,1,0.8525303381550584,absolute
2026-08-07,agriculture,M,1,2.568621203499592,strongest
2026-08-07,agriculture,LH,-1,-8.678406587745837,weakest
2026-08-07,base_metal,AL,1,4.655272223114446,absolute
2026-08-07,chemical_energy,SC,1,3.815778382246663,strongest
2026-08-07,chemical_energy,FG,-1,-6.803225079860156,weakest
2026-08-07,ferrous,RB,-1,-2.3960638114362816,absolute
2026-08-07,government_bond,T,1,3.793526425753589,absolute
2026-08-14,agriculture,M,1,1.3811366501561535,strongest
2026-08-14,agriculture,C,-1,-6.909393461105525,weakest
2026-08-14,base_metal,AL,1,5.480226795553897,absolute
2026-08-14,chemical_energy,SC,1,2.1261636148009657,strongest
2026-08-14,chemical_energy,FG,-1,-5.423961175995846,weakest
2026-08-14,ferrous,RB,-1,-3.1723850814690424,absolute
2026-08-14,government_bond,T,1,2.522384854853403,absolute
2026-08-21,agriculture,AP,1,5.237612073524787,strongest
2026-08-21,agriculture,C,-1,-2.996833029438048,weakest
2026-08-21,base_metal,AL,1,4.105535243061805,absolute
2026-08-21,chemical_energy,SC,1,1.909114639842206,strongest
2026-08-21,chemical_energy,FG,-1,-2.4294468214923524,weakest
2026-08-21,ferrous,RB,-1,-4.747704611953977,absolute
2026-08-21,government_bond,T,1,3.9511355678252817,absolute
2026-08-28,agriculture,CF,1,4.392251669633509,strongest
2026-08-28,agriculture,AP,-1,-1.612511340622525,weakest
2026-08-28,base_metal,AL,1,2.5979923658479236,absolute
2026-08-28,chemical_energy,RU,1,4.264228856652343,strongest
2026-08-28,chemical_energy,FG,-1,-2.873507330323641,weakest
2026-08-28,ferrous,RB,-1,-1.7629437105578802,absolute
2026-08-28,government_bond,T,1,2.1722306712084984,absolute
