signal_date,sector,instrument,direction,score,role,horizon
2014-02-14,agriculture,C,1,4.294687371933085,strongest,single_20_skip5
2014-02-14,agriculture,JD,-1,-7.771517570309395,weakest,single_20_skip5
2014-02-14,base_metal,AL,-1,-7.999276577901794,absolute,single_20_skip5
2014-02-14,chemical_energy,MA,1,2.4141914597218594,strongest,single_20_skip5
2014-02-14,chemical_energy,RU,-1,-6.531229368515947,weakest,single_20_skip5
2014-02-14,ferrous,RB,-1,-3.708329237804206,absolute,single_20_skip5
2014-02-21,agriculture,CF,1,3.7825306916194554,strongest,single_20_skip5
2014-02-21,agriculture,C,-1,-2.536825549967467,weakest,single_20_skip5
2014-02-21,base_metal,AL,-1,-3.6503043786245772,absolute,single_20_skip5
2014-02-21,chemical_energy,MA,1,3.6727363998509857,strongest,single_20_skip5
2014-02-21,chemical_energy,RU,-1,-3.6858960126019897,weakest,single_20_skip5
2014-02-21,ferrous,RB,-1,-2.5205738275182785,absolute,single_20_skip5
2014-02-28,agriculture,P,1,3.279143907278617,strongest,single_20_skip5
2014-02-28,agriculture,C,-1,-1.3706502637088065,weakest,single_20_skip5
2014-02-28,base_metal,AL,-1,-3.4025592777428897,absolute,single_20_skip5
2014-02-28,chemical_energy,FG,1,2.3669372767333687,strongest,single_20_skip5
2014-02-28,chemical_energy,RU,-1,-2.6394721365151574,weakest,single_20_skip5
2014-02-28,ferrous,RB,-1,-2.348843714865391,absolute,single_20_skip5
2014-03-07,agriculture,P,1,3.515700855332844,strongest,single_20_skip5
2014-03-07,agriculture,CF,-1,-4.917765473880718,weakest,single_20_skip5
2014-03-07,base_metal,AL,-1,-3.629383650816598,absolute,single_20_skip5
2014-03-07,chemical_energy,RU,-1,-4.546816615823294,weakest,single_20_skip5
2014-03-07,ferrous,RB,-1,-4.908957371194169,absolute,single_20_skip5
2014-03-14,agriculture,P,1,7.609786542611131,strongest,single_20_skip5
2014-03-14,agriculture,CF,-1,-2.0487632581673334,weakest,single_20_skip5
2014-03-14,base_metal,AL,-1,-2.2585195353738916,absolute,single_20_skip5
2014-03-14,chemical_energy,MA,-1,-3.546094667898313,weakest,single_20_skip5
2014-03-14,ferrous,RB,-1,-5.122075927832814,absolute,single_20_skip5
2014-03-21,agriculture,JD,1,5.314616229046389,strongest,single_20_skip5
2014-03-21,agriculture,CF,-1,-4.377189076929808,weakest,single_20_skip5
2014-03-21,base_metal,AL,-1,-5.027916288824337,absolute,single_20_skip5
2014-03-21,chemical_energy,MA,-1,-8.70182784595669,weakest,single_20_skip5
2014-03-21,ferrous,RB,-1,-5.393920058120842,absolute,single_20_skip5
2014-03-28,agriculture,JD,1,4.769262382869522,strongest,single_20_skip5
2014-03-28,agriculture,CF,-1,-3.55484339800015,weakest,single_20_skip5
2014-03-28,base_metal,AL,-1,-9.949542021838525,absolute,single_20_skip5
2014-03-28,chemical_energy,MA,-1,-9.001562710139261,weakest,single_20_skip5
2014-03-28,ferrous,RB,-1,-6.2289614478221855,absolute,single_20_skip5
2014-04-04,agriculture,JD,1,6.35813564358076,strongest,single_20_skip5
2014-04-04,agriculture,CF,-1,-0.6795961242628623,weakest,single_20_skip5
2014-04-04,base_metal,AL,-1,-3.6380864046624777,absolute,single_20_skip5
2014-04-04,chemical_energy,RU,1,1.5599783610456097,strongest,single_20_skip5
2014-04-04,chemical_energy,MA,-1,-2.66473086451889,weakest,single_20_skip5
2014-04-04,ferrous,RB,-1,-2.359577102438305,absolute,single_20_skip5
2014-04-11,agriculture,JD,1,4.657050189368556,strongest,single_20_skip5
2014-04-11,agriculture,CF,-1,-4.755419224181179,weakest,single_20_skip5
2014-04-11,base_metal,AL,-1,-1.813334006621867,absolute,single_20_skip5
2014-04-11,chemical_energy,RU,1,0.5801943923549426,strongest,single_20_skip5
2014-04-11,chemical_energy,MA,-1,-2.1072115607700006,weakest,single_20_skip5
2014-04-11,ferrous,RB,-1,-1.0905156132016665,absolute,single_20_skip5
2014-04-18,agriculture,M,1,4.650596862594248,strongest,single_20_skip5
2014-04-18,agriculture,P,-1,-3.904909532598317,weakest,single_20_skip5
2014-04-18,base_metal,AL,1,0.5317689079944103,absolute,single_20_skip5
2014-04-18,chemical_energy,RU,-1,-2.48705187940824,weakest,single_20_skip5
2014-04-18,ferrous,RB,1,2.2152232475042126,absolute,single_20_skip5
2014-04-25,agriculture,JD,1,7.70339764065767,strongest,single_20_skip5
2014-04-25,agriculture,C,-1,-0.12993892568948603,weakest,single_20_skip5
2014-04-25,base_metal,AL,1,5.509552377446556,absolute,single_20_skip5
2014-04-25,chemical_energy,MA,1,1.9099426359968648,strongest,single_20_skip5
2014-04-25,chemical_energy,RU,-1,-3.3189663095749338,weakest,single_20_skip5
2014-04-25,ferrous,RB,1,0.36271110263405637,absolute,single_20_skip5
2014-04-30,agriculture,JD,1,7.351223064203162,strongest,single_20_skip5
2014-04-30,agriculture,CF,-1,-0.12465510787991407,weakest,single_20_skip5
2014-04-30,base_metal,AL,1,6.817470917946665,absolute,single_20_skip5
2014-04-30,chemical_energy,MA,1,0.1589516280285953,strongest,single_20_skip5
2014-04-30,chemical_energy,RU,-1,-5.423072825344517,weakest,single_20_skip5
2014-04-30,ferrous,RB,-1,-0.58356227974633,absolute,single_20_skip5
2014-05-09,agriculture,JD,1,7.932483237136249,strongest,single_20_skip5
2014-05-09,agriculture,SR,-1,-1.106653160867015,weakest,single_20_skip5
2014-05-09,base_metal,AL,1,2.1332232666876063,absolute,single_20_skip5
2014-05-09,chemical_energy,RU,-1,-4.93868721195026,weakest,single_20_skip5
2014-05-09,ferrous,RB,-1,-2.7372760578130766,absolute,single_20_skip5
2014-05-16,agriculture,JD,1,7.882501918309748,strongest,single_20_skip5
2014-05-16,agriculture,SR,-1,-2.786839682190447,weakest,single_20_skip5
2014-05-16,base_metal,AL,1,0.41062793125807434,absolute,single_20_skip5
2014-05-16,chemical_energy,RU,-1,-6.019383095916185,weakest,single_20_skip5
2014-05-16,ferrous,RB,-1,-6.677416895840477,absolute,single_20_skip5
2014-05-23,agriculture,JD,1,10.561903537729654,strongest,single_20_skip5
2014-05-23,agriculture,P,-1,-3.606924947730161,weakest,single_20_skip5
2014-05-23,base_metal,AL,-1,-1.6191596870994152,absolute,single_20_skip5
2014-05-23,chemical_energy,FG,-1,-6.69719784808494,weakest,single_20_skip5
2014-05-23,ferrous,RB,-1,-6.910663111515619,absolute,single_20_skip5
2014-05-30,agriculture,M,1,6.550838108480331,strongest,single_20_skip5
2014-05-30,agriculture,P,-1,-3.551984497051326,weakest,single_20_skip5
2014-05-30,base_metal,AL,-1,-0.5942610337098221,absolute,single_20_skip5
2014-05-30,chemical_energy,RU,1,1.3520435303639011,strongest,single_20_skip5
2014-05-30,chemical_energy,FG,-1,-6.105224315877339,weakest,single_20_skip5
2014-05-30,ferrous,RB,-1,-6.8061352493028,absolute,single_20_skip5
2014-06-06,agriculture,M,1,4.23637784590872,strongest,single_20_skip5
2014-06-06,agriculture,CF,-1,-5.010709142966664,weakest,single_20_skip5
2014-06-06,base_metal,AL,-1,-0.7551055310105635,absolute,single_20_skip5
2014-06-06,chemical_energy,FG,-1,-9.04436774602541,weakest,single_20_skip5
2014-06-06,ferrous,RB,-1,-4.741649820057037,absolute,single_20_skip5
2014-06-13,agriculture,M,1,2.925317876826133,strongest,single_20_skip5
2014-06-13,agriculture,CF,-1,-5.565744217127881,weakest,single_20_skip5
2014-06-13,base_metal,AL,1,2.573931409326489,absolute,single_20_skip5
2014-06-13,chemical_energy,RU,1,0.9593225104206989,strongest,single_20_skip5
2014-06-13,chemical_energy,FG,-1,-9.94910077583764,weakest,single_20_skip5
2014-06-13,ferrous,RB,-1,-3.2478767186876065,absolute,single_20_skip5
2014-06-20,agriculture,C,1,4.097097537123553,strongest,single_20_skip5
2014-06-20,agriculture,SR,-1,-6.208964923991894,weakest,single_20_skip5
2014-06-20,base_metal,AL,1,2.049379824567557,absolute,single_20_skip5
2014-06-20,chemical_energy,RU,1,0.9947186797997019,strongest,single_20_skip5
2014-06-20,chemical_energy,FG,-1,-9.73046225875325,weakest,single_20_skip5
2014-06-20,ferrous,RB,-1,-3.512876885004024,absolute,single_20_skip5
2014-06-27,agriculture,JD,1,2.5446408716121685,strongest,single_20_skip5
2014-06-27,agriculture,CF,-1,-3.445798541462443,weakest,single_20_skip5
2014-06-27,base_metal,AL,1,2.536970020512401,absolute,single_20_skip5
2014-06-27,chemical_energy,RU,1,2.6772080121913095,strongest,single_20_skip5
2014-06-27,chemical_energy,FG,-1,-5.374651414562096,weakest,single_20_skip5
2014-06-27,ferrous,RB,-1,-1.1577410193657418,absolute,single_20_skip5
2014-07-04,agriculture,JD,1,4.958235592669839,strongest,single_20_skip5
2014-07-04,agriculture,CF,-1,-3.1367148656534343,weakest,single_20_skip5
2014-07-04,base_metal,AL,1,0.6445033866354897,absolute,single_20_skip5
2014-07-04,chemical_energy,RU,1,3.804507882805123,strongest,single_20_skip5
2014-07-04,chemical_energy,FG,-1,-3.920755294403674,weakest,single_20_skip5
2014-07-04,ferrous,RB,-1,-0.8053659712738046,absolute,single_20_skip5
2014-07-11,agriculture,JD,1,3.8350537127007915,strongest,single_20_skip5
2014-07-11,agriculture,CF,-1,-4.572004572006858,weakest,single_20_skip5
2014-07-11,base_metal,AL,1,1.5884526258889902,absolute,single_20_skip5
2014-07-11,chemical_energy,MA,1,2.530743528349155,strongest,single_20_skip5
2014-07-11,chemical_energy,FG,-1,-1.6249434379296381,weakest,single_20_skip5
2014-07-11,ferrous,RB,1,0.27516357990796425,absolute,single_20_skip5
2014-07-18,agriculture,C,1,4.85957820769486,strongest,single_20_skip5
2014-07-18,agriculture,CF,-1,-7.596837631993171,weakest,single_20_skip5
2014-07-18,base_metal,AL,1,0.7964892410667874,absolute,single_20_skip5
2014-07-18,chemical_energy,FG,-1,-2.268725753063856,weakest,single_20_skip5
2014-07-18,ferrous,RB,1,3.1549371054153266,absolute,single_20_skip5
2014-07-25,agriculture,C,1,7.605808816897604,strongest,single_20_skip5
2014-07-25,agriculture,CF,-1,-6.972360922697452,weakest,single_20_skip5
2014-07-25,base_metal,AL,1,2.7678359516163877,absolute,single_20_skip5
2014-07-25,chemical_energy,RU,-1,-3.6284233357368874,weakest,single_20_skip5
2014-07-25,ferrous,RB,-1,-0.28712326428943385,absolute,single_20_skip5
2014-08-01,agriculture,C,1,6.793154290935418,strongest,single_20_skip5
2014-08-01,agriculture,M,-1,-6.436453520649492,weakest,single_20_skip5
2014-08-01,base_metal,AL,1,6.656410661990888,absolute,single_20_skip5
2014-08-01,chemical_energy,MA,-1,-5.369425779382772,weakest,single_20_skip5
2014-08-01,ferrous,RB,-1,-2.0558871737869535,absolute,single_20_skip5
2014-08-08,agriculture,C,1,11.241863356581396,strongest,single_20_skip5
2014-08-08,agriculture,CF,-1,-4.742380123172056,weakest,single_20_skip5
2014-08-08,base_metal,AL,1,3.137212338396265,absolute,single_20_skip5
2014-08-08,chemical_energy,FG,1,0.12566860569116928,strongest,single_20_skip5
2014-08-08,chemical_energy,MA,-1,-2.3923628790157516,weakest,single_20_skip5
2014-08-08,ferrous,RB,-1,-1.1805139684639054,absolute,single_20_skip5
2014-08-15,agriculture,C,1,6.84103725127514,strongest,single_20_skip5
2014-08-15,agriculture,P,-1,-4.591534795776019,weakest,single_20_skip5
2014-08-15,base_metal,AL,1,4.245911955720485,absolute,single_20_skip5
2014-08-15,chemical_energy,FG,1,2.865028384715462,strongest,single_20_skip5
2014-08-15,ferrous,RB,-1,-1.4007613763968634,absolute,single_20_skip5
2014-08-22,agriculture,C,1,7.194651267922584,strongest,single_20_skip5
2014-08-22,agriculture,P,-1,-6.852732539293662,weakest,single_20_skip5
2014-08-22,base_metal,AL,1,1.2782823489701958,absolute,single_20_skip5
2014-08-22,chemical_energy,FG,1,1.567700233075672,strongest,single_20_skip5
2014-08-22,chemical_energy,RU,-1,-2.1766418571976436,weakest,single_20_skip5
2014-08-22,ferrous,RB,-1,-0.8635938817079267,absolute,single_20_skip5
2014-08-29,agriculture,C,1,4.244683600407679,strongest,single_20_skip5
2014-08-29,agriculture,P,-1,-8.568418629095786,weakest,single_20_skip5
2014-08-29,base_metal,AL,1,1.0110264035383456,absolute,single_20_skip5
2014-08-29,chemical_energy,FG,1,4.02027205769038,strongest,single_20_skip5
2014-08-29,chemical_energy,RU,-1,-2.9380160472631416,weakest,single_20_skip5
2014-08-29,ferrous,RB,-1,-2.5591213104572152,absolute,single_20_skip5
2014-09-05,agriculture,CF,1,0.9242115716994275,strongest,single_20_skip5
2014-09-05,agriculture,P,-1,-8.9050723235153,weakest,single_20_skip5
2014-09-05,base_metal,AL,1,4.9363876469347066,absolute,single_20_skip5
2014-09-05,chemical_energy,FG,1,2.329929490042871,strongest,single_20_skip5
2014-09-05,chemical_energy,RU,-1,-6.4708110054640935,weakest,single_20_skip5
2014-09-05,ferrous,RB,-1,-6.314133200735725,absolute,single_20_skip5
2014-09-12,agriculture,C,1,1.102488213593614,strongest,single_20_skip5
2014-09-12,agriculture,P,-1,-8.089931866792059,weakest,single_20_skip5
2014-09-12,base_metal,AL,1,7.254356225353245,absolute,single_20_skip5
2014-09-12,chemical_energy,RU,-1,-6.8754665601314136,weakest,single_20_skip5
2014-09-12,ferrous,RB,-1,-13.105749396809609,absolute,single_20_skip5
2014-09-19,agriculture,CF,-1,-6.69412583947426,weakest,single_20_skip5
2014-09-19,base_metal,AL,1,3.141742393606335,absolute,single_20_skip5
2014-09-19,chemical_energy,FG,1,1.2107180490388025,strongest,single_20_skip5
2014-09-19,chemical_energy,MA,-1,-6.75372877092064,weakest,single_20_skip5
2014-09-19,ferrous,RB,-1,-7.993284947022377,absolute,single_20_skip5
2014-09-26,agriculture,M,-1,-7.479416945436083,weakest,single_20_skip5
2014-09-26,base_metal,AL,-1,-1.0794071741769082,absolute,single_20_skip5
2014-09-26,chemical_energy,MA,1,0.11080411858324579,strongest,single_20_skip5
2014-09-26,chemical_energy,RU,-1,-8.274453018945502,weakest,single_20_skip5
2014-09-26,ferrous,RB,-1,-7.603782363594831,absolute,single_20_skip5
2014-09-30,agriculture,M,-1,-7.813667503657265,weakest,single_20_skip5
2014-09-30,base_metal,AL,-1,-1.4451293845231423,absolute,single_20_skip5
2014-09-30,chemical_energy,FG,1,0.17942286282980918,strongest,single_20_skip5
2014-09-30,chemical_energy,RU,-1,-10.745048676749937,weakest,single_20_skip5
2014-09-30,ferrous,RB,-1,-8.532558687179858,absolute,single_20_skip5
2014-10-10,agriculture,P,1,0.3057196617740203,strongest,single_20_skip5
2014-10-10,agriculture,M,-1,-8.564201424031245,weakest,single_20_skip5
2014-10-10,base_metal,AL,-1,-2.6106596412908645,absolute,single_20_skip5
2014-10-10,chemical_energy,MA,1,0.8553688347580074,strongest,single_20_skip5
2014-10-10,chemical_energy,RU,-1,-7.57533477191636,weakest,single_20_skip5
2014-10-10,ferrous,RB,-1,-7.327649109670173,absolute,single_20_skip5
2014-10-17,agriculture,JD,1,1.8488997786601267,strongest,single_20_skip5
2014-10-17,agriculture,M,-1,-5.788177657900172,weakest,single_20_skip5
2014-10-17,base_metal,AL,-1,-9.361981029449769,absolute,single_20_skip5
2014-10-17,chemical_energy,RU,-1,-6.734620844345296,weakest,single_20_skip5
2014-10-17,ferrous,RB,-1,-5.138527522141857,absolute,single_20_skip5
2014-10-24,agriculture,JD,1,3.8199690537549342,strongest,single_20_skip5
2014-10-24,agriculture,M,-1,-1.8272159745203864,weakest,single_20_skip5
2014-10-24,base_metal,AL,-1,-8.009477066043509,absolute,single_20_skip5
2014-10-24,chemical_energy,RU,-1,-2.6067532378558624,weakest,single_20_skip5
2014-10-24,ferrous,RB,-1,-2.637114534249574,absolute,single_20_skip5
2014-10-31,agriculture,JD,1,6.283564539768662,strongest,single_20_skip5
2014-10-31,agriculture,P,-1,-0.27367769031268646,weakest,single_20_skip5
2014-10-31,base_metal,AL,-1,-3.3726645914168367,absolute,single_20_skip5
2014-10-31,chemical_energy,RU,1,1.8375064517553708,strongest,single_20_skip5
2014-10-31,chemical_energy,MA,-1,-5.444212275167898,weakest,single_20_skip5
2014-10-31,ferrous,RB,-1,-2.3897775293648182,absolute,single_20_skip5
2014-11-07,agriculture,M,1,7.793617682901536,strongest,single_20_skip5
2014-11-07,base_metal,AL,-1,-0.907017316467075,absolute,single_20_skip5
2014-11-07,chemical_energy,RU,1,3.3998182289025953,strongest,single_20_skip5
2014-11-07,chemical_energy,MA,-1,-5.964782510964525,weakest,single_20_skip5
2014-11-07,ferrous,RB,1,0.2697757173818732,absolute,single_20_skip5
2014-11-14,agriculture,M,1,4.901063436097,strongest,single_20_skip5
2014-11-14,agriculture,JD,-1,-0.1820938817504973,weakest,single_20_skip5
2014-11-14,base_metal,AL,1,0.35338736410344557,absolute,single_20_skip5
2014-11-14,chemical_energy,RU,1,1.0503975645497807,strongest,single_20_skip5
2014-11-14,chemical_energy,MA,-1,-6.006000198331699,weakest,single_20_skip5
2014-11-14,ferrous,RB,-1,-0.07983951880990785,absolute,single_20_skip5
2014-11-21,agriculture,C,1,4.150899296847958,strongest,single_20_skip5
2014-11-21,agriculture,CF,-1,-3.502390235937428,weakest,single_20_skip5
2014-11-21,base_metal,AL,1,0.035801238442188,absolute,single_20_skip5
2014-11-21,chemical_energy,FG,1,3.6865596172591073,strongest,single_20_skip5
2014-11-21,chemical_energy,MA,-1,-2.7439431227332336,weakest,single_20_skip5
2014-11-21,ferrous,RB,-1,-2.9568022230353574,absolute,single_20_skip5
2014-11-28,agriculture,C,1,3.486504305289749,strongest,single_20_skip5
2014-11-28,agriculture,CF,-1,-6.496654858184019,weakest,single_20_skip5
2014-11-28,base_metal,AL,-1,-0.6992519768392821,absolute,single_20_skip5
2014-11-28,chemical_energy,MA,1,1.7255320294945005,strongest,single_20_skip5
2014-11-28,chemical_energy,RU,-1,-2.8470609349048006,weakest,single_20_skip5
2014-11-28,ferrous,RB,-1,-3.358727258905995,absolute,single_20_skip5
2014-12-05,agriculture,C,1,6.050682001904584,strongest,single_20_skip5
2014-12-05,agriculture,P,-1,-3.5472183436087716,weakest,single_20_skip5
2014-12-05,base_metal,AL,-1,-2.4244215197271326,absolute,single_20_skip5
2014-12-05,chemical_energy,MA,1,2.706517181434505,strongest,single_20_skip5
2014-12-05,chemical_energy,RU,-1,-2.552315298386043,weakest,single_20_skip5
2014-12-05,ferrous,RB,-1,-0.42904529065641944,absolute,single_20_skip5
2014-12-12,agriculture,JD,1,4.59367630481603,strongest,single_20_skip5
2014-12-12,agriculture,P,-1,-4.27181243895829,weakest,single_20_skip5
2014-12-12,base_metal,AL,-1,-5.070648144035774,absolute,single_20_skip5
2014-12-12,chemical_energy,MA,1,5.3318033323598,strongest,single_20_skip5
2014-12-12,chemical_energy,RU,-1,-0.7568821178828864,weakest,single_20_skip5
2014-12-12,ferrous,RB,1,0.6045115322911538,absolute,single_20_skip5
2014-12-19,agriculture,JD,1,4.237184507891007,strongest,single_20_skip5
2014-12-19,agriculture,P,-1,-5.095323196498316,weakest,single_20_skip5
2014-12-19,base_metal,AL,-1,-3.5892120089674533,absolute,single_20_skip5
2014-12-19,chemical_energy,MA,1,0.5680749627880227,strongest,single_20_skip5
2014-12-19,chemical_energy,RU,-1,-3.2348748847405444,weakest,single_20_skip5
2014-12-19,ferrous,RB,1,1.5720413717695036,absolute,single_20_skip5
2014-12-26,agriculture,CF,1,1.2194402996834872,strongest,single_20_skip5
2014-12-26,agriculture,P,-1,-6.228503323132678,weakest,single_20_skip5
2014-12-26,base_metal,AL,-1,-6.162732499871643,absolute,single_20_skip5
2014-12-26,chemical_energy,FG,1,3.3956857602253248,strongest,single_20_skip5
2014-12-26,chemical_energy,MA,-1,-6.271263209148166,weakest,single_20_skip5
2014-12-26,ferrous,RB,1,3.567191606848843,absolute,single_20_skip5
2014-12-31,agriculture,CF,1,2.4634629947850324,strongest,single_20_skip5
2014-12-31,agriculture,P,-1,-5.7911490099495495,weakest,single_20_skip5
2014-12-31,base_metal,AL,-1,-5.774485468991665,absolute,single_20_skip5
2014-12-31,chemical_energy,FG,1,3.4658649454688573,strongest,single_20_skip5
2014-12-31,chemical_energy,MA,-1,-4.7354613336737,weakest,single_20_skip5
2014-12-31,ferrous,RB,1,1.1894637173917417,absolute,single_20_skip5
2015-01-09,agriculture,CF,1,2.6879564665499345,strongest,single_20_skip5
2015-01-09,agriculture,JD,-1,-3.2356876144185707,weakest,single_20_skip5
2015-01-09,base_metal,AL,-1,-3.3493390436516437,absolute,single_20_skip5
2015-01-09,chemical_energy,FG,1,4.803161014501317,strongest,single_20_skip5
2015-01-09,chemical_energy,MA,-1,-7.1301115220885025,weakest,single_20_skip5
2015-01-09,ferrous,RB,1,1.5562777522526179,absolute,single_20_skip5
2015-01-16,agriculture,CF,1,1.216937892467195,strongest,single_20_skip5
2015-01-16,agriculture,JD,-1,-5.615745980580165,weakest,single_20_skip5
2015-01-16,base_metal,AL,-1,-4.369915059184252,absolute,single_20_skip5
2015-01-16,chemical_energy,RU,1,4.701425202601569,strongest,single_20_skip5
2015-01-16,chemical_energy,MA,-1,-5.2345817131749515,weakest,single_20_skip5
2015-01-16,ferrous,RB,-1,-0.1350064078810158,absolute,single_20_skip5
2015-01-23,agriculture,SR,1,4.49580753747204,strongest,single_20_skip5
2015-01-23,agriculture,JD,-1,-5.039986791378151,weakest,single_20_skip5
2015-01-23,base_metal,AL,-1,-3.509002619530735,absolute,single_20_skip5
2015-01-23,chemical_energy,FG,1,1.4202626215375407,strongest,single_20_skip5
2015-01-23,chemical_energy,MA,-1,-2.71826690370714,weakest,single_20_skip5
2015-01-23,ferrous,RB,-1,-0.6288410218198942,absolute,single_20_skip5
2015-01-30,agriculture,SR,1,7.914122529889204,strongest,single_20_skip5
2015-01-30,agriculture,JD,-1,-5.01985815751471,weakest,single_20_skip5
2015-01-30,base_metal,AL,-1,-3.186813598674453,absolute,single_20_skip5
2015-01-30,chemical_energy,RU,1,2.6420733781060104,strongest,single_20_skip5
2015-01-30,chemical_energy,MA,-1,-0.8941004595950406,weakest,single_20_skip5
2015-01-30,ferrous,RB,-1,-0.27939647285510827,absolute,single_20_skip5
2015-02-06,agriculture,C,1,8.418729120241368,strongest,single_20_skip5
2015-02-06,agriculture,P,-1,-9.319617580624513,weakest,single_20_skip5
2015-02-06,base_metal,AL,-1,-2.8954546426336294,absolute,single_20_skip5
2015-02-06,chemical_energy,FG,-1,-4.218916508486066,weakest,single_20_skip5
2015-02-06,ferrous,RB,-1,-2.7581401929212537,absolute,single_20_skip5
2015-02-13,agriculture,C,1,7.14944721613125,strongest,single_20_skip5
2015-02-13,agriculture,M,-1,-3.158205225333556,weakest,single_20_skip5
2015-02-13,base_metal,AL,1,3.6861865295605574,absolute,single_20_skip5
2015-02-13,chemical_energy,MA,1,3.58510038720578,strongest,single_20_skip5
2015-02-13,chemical_energy,FG,-1,-2.4705072511351784,weakest,single_20_skip5
2015-02-13,ferrous,RB,-1,-2.168374481774707,absolute,single_20_skip5
2015-02-17,agriculture,C,1,8.095345148749654,strongest,single_20_skip5
2015-02-17,agriculture,M,-1,-1.6577629197857342,weakest,single_20_skip5
2015-02-17,base_metal,AL,1,2.7407403398019876,absolute,single_20_skip5
2015-02-17,chemical_energy,MA,1,6.776718903862192,strongest,single_20_skip5
2015-02-17,ferrous,RB,-1,-0.9114545387657979,absolute,single_20_skip5
2015-02-27,agriculture,C,1,7.396521285833154,strongest,single_20_skip5
2015-02-27,agriculture,JD,-1,-0.8582483741900185,weakest,single_20_skip5
2015-02-27,base_metal,AL,1,1.795487335446495,absolute,single_20_skip5
2015-02-27,chemical_energy,MA,1,6.911979936417064,strongest,single_20_skip5
2015-02-27,ferrous,RB,1,0.17951340879895009,absolute,single_20_skip5
2015-03-06,agriculture,M,1,8.906150294772258,strongest,single_20_skip5
2015-03-06,base_metal,AL,1,0.466096842977563,absolute,single_20_skip5
2015-03-06,chemical_energy,MA,1,7.788813484558517,strongest,single_20_skip5
2015-03-06,ferrous,RB,-1,-0.7508826647752698,absolute,single_20_skip5
2015-03-13,agriculture,C,1,5.560347925345507,strongest,single_20_skip5
2015-03-13,base_metal,AL,1,0.6880813968200078,absolute,single_20_skip5
2015-03-13,chemical_energy,MA,1,10.205194433843756,strongest,single_20_skip5
2015-03-13,ferrous,RB,-1,-3.3799111796707746,absolute,single_20_skip5
2015-03-20,agriculture,C,1,4.703898510565788,strongest,single_20_skip5
2015-03-20,agriculture,CF,-1,-0.9656117279016875,weakest,single_20_skip5
2015-03-20,base_metal,AL,-1,-2.8659512313439923,absolute,single_20_skip5
2015-03-20,chemical_energy,MA,1,5.749870366122183,strongest,single_20_skip5
2015-03-20,chemical_energy,RU,-1,-1.1209584363117306,weakest,single_20_skip5
2015-03-20,ferrous,RB,-1,-2.7388579522716374,absolute,single_20_skip5
2015-03-27,agriculture,C,1,1.6429025054362154,strongest,single_20_skip5
2015-03-27,agriculture,CF,-1,-4.985576465790666,weakest,single_20_skip5
2015-03-27,base_metal,AL,1,1.4639544085376386,absolute,single_20_skip5
2015-03-27,chemical_energy,MA,1,1.9482133102718933,strongest,single_20_skip5
2015-03-27,chemical_energy,RU,-1,-2.6776117604308327,weakest,single_20_skip5
2015-03-27,ferrous,RB,-1,-3.8375604332362223,absolute,single_20_skip5
2015-04-03,agriculture,SR,1,2.175824033067427,strongest,single_20_skip5
2015-04-03,agriculture,JD,-1,-4.999302581613705,weakest,single_20_skip5
2015-04-03,base_metal,AL,1,4.050196476641853,absolute,single_20_skip5
2015-04-03,chemical_energy,MA,1,0.6424827578459847,strongest,single_20_skip5
2015-04-03,chemical_energy,RU,-1,-2.596043115039557,weakest,single_20_skip5
2015-04-03,ferrous,RB,-1,-1.7840735472677456,absolute,single_20_skip5
2015-04-10,agriculture,SR,1,3.79631237584441,strongest,single_20_skip5
2015-04-10,agriculture,JD,-1,-6.443291090136075,weakest,single_20_skip5
2015-04-10,base_metal,AL,1,4.989359376992762,absolute,single_20_skip5
2015-04-10,chemical_energy,MA,1,0.42478331276571274,strongest,single_20_skip5
2015-04-10,chemical_energy,FG,-1,-1.733527949786784,weakest,single_20_skip5
2015-04-10,ferrous,RB,-1,-4.974780409300984,absolute,single_20_skip5
2015-04-17,agriculture,SR,1,5.953488966698378,strongest,single_20_skip5
2015-04-17,agriculture,M,-1,-5.397256890324872,weakest,single_20_skip5
2015-04-17,base_metal,AL,1,2.239632683703123,absolute,single_20_skip5
2015-04-17,chemical_energy,RU,-1,-2.3453344400507845,weakest,single_20_skip5
2015-04-17,ferrous,RB,-1,-6.961778544679981,absolute,single_20_skip5
2015-04-24,agriculture,SR,1,9.051250413238375,strongest,single_20_skip5
2015-04-24,agriculture,JD,-1,-2.857660245389578,weakest,single_20_skip5
2015-04-24,base_metal,AL,-1,-1.2688392038997922,absolute,single_20_skip5
2015-04-24,chemical_energy,MA,1,4.30503890435828,strongest,single_20_skip5
2015-04-24,chemical_energy,FG,-1,-1.038253813832503,weakest,single_20_skip5
2015-04-24,ferrous,RB,-1,-4.43227302695272,absolute,single_20_skip5
2015-04-30,agriculture,SR,1,5.717416559760154,strongest,single_20_skip5
2015-04-30,agriculture,M,-1,-3.1021355594612063,weakest,single_20_skip5
2015-04-30,base_metal,AL,-1,-1.305398385550083,absolute,single_20_skip5
2015-04-30,chemical_energy,MA,1,2.7326869337694055,strongest,single_20_skip5
2015-04-30,chemical_energy,FG,-1,-0.2383894113957313,weakest,single_20_skip5
2015-04-30,ferrous,RB,-1,-5.198628303273413,absolute,single_20_skip5
2015-05-08,agriculture,P,1,3.910225389107276,strongest,single_20_skip5
2015-05-08,agriculture,C,-1,-1.1626601636447695,weakest,single_20_skip5
2015-05-08,base_metal,AL,-1,-0.32634326384400675,absolute,single_20_skip5
2015-05-08,chemical_energy,RU,1,5.9092031527085656,strongest,single_20_skip5
2015-05-08,ferrous,RB,-1,-0.5904111057568826,absolute,single_20_skip5
2015-05-15,agriculture,P,1,4.6569035900429645,strongest,single_20_skip5
2015-05-15,agriculture,C,-1,-0.8177733223654976,weakest,single_20_skip5
2015-05-15,base_metal,AL,1,1.7585977315848638,absolute,single_20_skip5
2015-05-15,chemical_energy,RU,1,7.228357714944791,strongest,single_20_skip5
2015-05-15,ferrous,RB,1,3.0378267672546833,absolute,single_20_skip5
2015-05-22,agriculture,P,1,5.15104550365686,strongest,single_20_skip5
2015-05-22,agriculture,M,-1,-0.9162538495764494,weakest,single_20_skip5
2015-05-22,base_metal,AL,1,1.4196931116750895,absolute,single_20_skip5
2015-05-22,chemical_energy,FG,1,4.317907953923746,strongest,single_20_skip5
2015-05-22,chemical_energy,MA,-1,-0.625645513608541,weakest,single_20_skip5
2015-05-22,ferrous,RB,1,1.4915114623219732,absolute,single_20_skip5
2015-05-29,agriculture,P,1,0.7332990652998952,strongest,single_20_skip5
2015-05-29,agriculture,M,-1,-4.3347564165865435,weakest,single_20_skip5
2015-05-29,base_metal,AL,1,0.04661360158642134,absolute,single_20_skip5
2015-05-29,chemical_energy,RU,1,1.3634796475772606,strongest,single_20_skip5
2015-05-29,chemical_energy,MA,-1,-2.046630030521005,weakest,single_20_skip5
2015-05-29,ferrous,RB,1,0.793650805583149,absolute,single_20_skip5
2015-06-05,agriculture,P,1,2.689440997773589,strongest,single_20_skip5
2015-06-05,agriculture,M,-1,-7.124920913969588,weakest,single_20_skip5
2015-06-05,base_metal,AL,-1,-1.6763247236194752,absolute,single_20_skip5
2015-06-05,chemical_energy,FG,1,1.6465757735462543,strongest,single_20_skip5
2015-06-05,chemical_energy,MA,-1,-3.5345218187884204,weakest,single_20_skip5
2015-06-05,ferrous,RB,-1,-0.24835780815244596,absolute,single_20_skip5
2015-06-12,agriculture,P,1,2.276732398030057,strongest,single_20_skip5
2015-06-12,agriculture,C,-1,-5.453750278922987,weakest,single_20_skip5
2015-06-12,base_metal,AL,-1,-7.049184456632693,absolute,single_20_skip5
2015-06-12,chemical_energy,FG,1,0.07960435796908942,strongest,single_20_skip5
2015-06-12,chemical_energy,MA,-1,-3.655081779729348,weakest,single_20_skip5
2015-06-12,ferrous,RB,-1,-3.554103543162488,absolute,single_20_skip5
2015-06-19,agriculture,JD,-1,-7.408403342012018,weakest,single_20_skip5
2015-06-19,base_metal,AL,-1,-11.447315956800157,absolute,single_20_skip5
2015-06-19,chemical_energy,FG,1,0.5716988697476367,strongest,single_20_skip5
2015-06-19,chemical_energy,MA,-1,-2.276220135544491,weakest,single_20_skip5
2015-06-19,ferrous,RB,-1,-3.0644568699880366,absolute,single_20_skip5
2015-06-26,agriculture,JD,-1,-7.1181671553590045,weakest,single_20_skip5
2015-06-26,base_metal,AL,-1,-12.337287663307432,absolute,single_20_skip5
2015-06-26,chemical_energy,FG,1,1.3472803270651266,strongest,single_20_skip5
2015-06-26,chemical_energy,RU,-1,-0.4289269857488853,weakest,single_20_skip5
2015-06-26,ferrous,RB,-1,-4.1059193235730485,absolute,single_20_skip5
2015-07-03,agriculture,M,1,1.2267856601574176,strongest,single_20_skip5
2015-07-03,agriculture,JD,-1,-4.288438785193527,weakest,single_20_skip5
2015-07-03,base_metal,AL,-1,-7.4969735142588965,absolute,single_20_skip5
2015-07-03,chemical_energy,MA,1,2.1456186999509823,strongest,single_20_skip5
2015-07-03,chemical_energy,RU,-1,-4.719740632534673,weakest,single_20_skip5
2015-07-03,ferrous,RB,-1,-5.892326248305793,absolute,single_20_skip5
2015-07-10,agriculture,M,1,3.2678115575055084,strongest,single_20_skip5
2015-07-10,agriculture,SR,-1,-4.93722652789816,weakest,single_20_skip5
2015-07-10,base_metal,AL,-1,-5.2492819352278195,absolute,single_20_skip5
2015-07-10,chemical_energy,MA,1,0.8666011572163734,strongest,single_20_skip5
2015-07-10,chemical_energy,FG,-1,-4.309026248708167,weakest,single_20_skip5
2015-07-10,ferrous,RB,-1,-9.357259034158393,absolute,single_20_skip5
2015-07-17,agriculture,M,1,2.760631442683143,strongest,single_20_skip5
2015-07-17,agriculture,SR,-1,-4.613111951904443,weakest,single_20_skip5
2015-07-17,base_metal,AL,-1,-2.5765866185521547,absolute,single_20_skip5
2015-07-17,chemical_energy,RU,-1,-6.262656262882178,weakest,single_20_skip5
2015-07-17,ferrous,RB,-1,-6.483920069006511,absolute,single_20_skip5
2015-07-24,agriculture,M,1,3.2923480515716204,strongest,single_20_skip5
2015-07-24,agriculture,SR,-1,-2.869085378433603,weakest,single_20_skip5
2015-07-24,base_metal,AL,-1,-1.0365876875209779,absolute,single_20_skip5
2015-07-24,chemical_energy,RU,-1,-4.340238402381424,weakest,single_20_skip5
2015-07-24,ferrous,RB,-1,-4.593169747884716,absolute,single_20_skip5
2015-07-31,agriculture,JD,1,2.956816739323095,strongest,single_20_skip5
2015-07-31,agriculture,SR,-1,-4.360027905523185,weakest,single_20_skip5
2015-07-31,base_metal,AL,-1,-2.9143540412454363,absolute,single_20_skip5
2015-07-31,chemical_energy,FG,-1,-4.793642771542801,weakest,single_20_skip5
2015-07-31,ferrous,RB,-1,-3.7523812000549497,absolute,single_20_skip5
2015-08-07,agriculture,JD,1,3.8710496714930107,strongest,single_20_skip5
2015-08-07,agriculture,C,-1,-4.613325394351227,weakest,single_20_skip5
2015-08-07,base_metal,AL,-1,-2.67805517024897,absolute,single_20_skip5
2015-08-07,chemical_energy,RU,-1,-5.109610910059515,weakest,single_20_skip5
2015-08-07,ferrous,RB,-1,-1.2392976809948175,absolute,single_20_skip5
2015-08-14,agriculture,JD,1,0.6903527515917882,strongest,single_20_skip5
2015-08-14,agriculture,CF,-1,-6.739264484713457,weakest,single_20_skip5
2015-08-14,base_metal,AL,-1,-5.827409463890134,absolute,single_20_skip5
2015-08-14,chemical_energy,FG,1,1.4712104945357274,strongest,single_20_skip5
2015-08-14,chemical_energy,MA,-1,-8.825139818270555,weakest,single_20_skip5
2015-08-14,ferrous,RB,1,0.2815755881826057,absolute,single_20_skip5
2015-08-21,agriculture,JD,1,0.33144065447106014,strongest,single_20_skip5
2015-08-21,agriculture,P,-1,-4.049105356747521,weakest,single_20_skip5
2015-08-21,base_metal,AL,-1,-5.237095974219993,absolute,single_20_skip5
2015-08-21,chemical_energy,FG,1,4.653415020904963,strongest,single_20_skip5
2015-08-21,chemical_energy,RU,-1,-3.877778588673468,weakest,single_20_skip5
2015-08-21,ferrous,RB,1,0.9760268798405566,absolute,single_20_skip5
2015-08-28,agriculture,SR,1,0.8745336662960551,strongest,single_20_skip5
2015-08-28,agriculture,P,-1,-6.873163788562822,weakest,single_20_skip5
2015-08-28,base_metal,AL,-1,-3.4329442342959067,absolute,single_20_skip5
2015-08-28,chemical_energy,FG,1,6.56483817382806,strongest,single_20_skip5
2015-08-28,chemical_energy,MA,-1,-4.20065457799882,weakest,single_20_skip5
2015-08-28,ferrous,RB,-1,-0.8496788579460645,absolute,single_20_skip5
2015-09-02,agriculture,C,1,0.30901880308833307,strongest,single_20_skip5
2015-09-02,agriculture,JD,-1,-8.307519669993646,weakest,single_20_skip5
2015-09-02,base_metal,AL,-1,-5.548781521915668,absolute,single_20_skip5
2015-09-02,chemical_energy,FG,1,0.5841949379396854,strongest,single_20_skip5
2015-09-02,chemical_energy,RU,-1,-6.199755190310565,weakest,single_20_skip5
2015-09-02,ferrous,RB,-1,-5.726528150598485,absolute,single_20_skip5
2015-09-11,agriculture,JD,-1,-7.3859046108705915,weakest,single_20_skip5
2015-09-11,base_metal,AL,-1,-3.1939570400012705,absolute,single_20_skip5
2015-09-11,chemical_energy,RU,-1,-3.8117699736686617,weakest,single_20_skip5
2015-09-11,ferrous,RB,-1,-4.543640312965543,absolute,single_20_skip5
2015-09-18,agriculture,SR,1,2.9054219761615157,strongest,single_20_skip5
2015-09-18,agriculture,JD,-1,-4.080993932956694,weakest,single_20_skip5
2015-09-18,base_metal,AL,-1,-0.9705360598414676,absolute,single_20_skip5
2015-09-18,chemical_energy,FG,-1,-3.579131768065454,weakest,single_20_skip5
2015-09-18,ferrous,RB,-1,-3.798321874180555,absolute,single_20_skip5
2015-09-25,agriculture,SR,1,0.6991233072425744,strongest,single_20_skip5
2015-09-25,agriculture,JD,-1,-6.685385826214745,weakest,single_20_skip5
2015-09-25,base_metal,AL,1,0.576868541722194,absolute,single_20_skip5
2015-09-25,chemical_energy,FG,-1,-2.9499301969798144,weakest,single_20_skip5
2015-09-25,ferrous,RB,-1,-3.687298340275594,absolute,single_20_skip5
2015-09-30,agriculture,SR,1,5.717220798517273,strongest,single_20_skip5
2015-09-30,agriculture,JD,-1,-5.578186549599482,weakest,single_20_skip5
2015-09-30,base_metal,AL,-1,-0.7232922181774439,absolute,single_20_skip5
2015-09-30,chemical_energy,MA,1,1.0211740653489294,strongest,single_20_skip5
2015-09-30,chemical_energy,FG,-1,-1.592487660596635,weakest,single_20_skip5
2015-09-30,ferrous,RB,-1,-1.4246944429639663,absolute,single_20_skip5
2015-10-09,agriculture,P,1,5.747611573365968,strongest,single_20_skip5
2015-10-09,agriculture,C,-1,-5.222016736857807,weakest,single_20_skip5
2015-10-09,base_metal,AL,-1,-0.7893677508934154,absolute,single_20_skip5
2015-10-09,chemical_energy,RU,1,2.5874898742841625,strongest,single_20_skip5
2015-10-09,chemical_energy,FG,-1,-2.51851583849816,weakest,single_20_skip5
2015-10-09,ferrous,RB,-1,-2.0457297987363514,absolute,single_20_skip5
2015-10-16,agriculture,SR,1,6.988263391196139,strongest,single_20_skip5
2015-10-16,agriculture,C,-1,-5.091803676669278,weakest,single_20_skip5
2015-10-16,base_metal,AL,-1,-2.853045140582214,absolute,single_20_skip5
2015-10-16,chemical_energy,MA,1,3.326631302880038,strongest,single_20_skip5
2015-10-16,chemical_energy,FG,-1,-0.5338186083054849,weakest,single_20_skip5
2015-10-16,ferrous,RB,-1,-4.475992391881769,absolute,single_20_skip5
2015-10-23,agriculture,P,1,4.705148074563728,strongest,single_20_skip5
2015-10-23,agriculture,JD,-1,-7.765404935621765,weakest,single_20_skip5
2015-10-23,base_metal,AL,-1,-9.026727116794392,absolute,single_20_skip5
2015-10-23,chemical_energy,MA,1,0.4862900195583343,strongest,single_20_skip5
2015-10-23,chemical_energy,FG,-1,-1.9681936916286957,weakest,single_20_skip5
2015-10-23,ferrous,RB,-1,-6.217028986137572,absolute,single_20_skip5
2015-10-30,agriculture,P,1,4.079945986727082,strongest,single_20_skip5
2015-10-30,agriculture,JD,-1,-5.14647991281233,weakest,single_20_skip5
2015-10-30,base_metal,AL,-1,-14.869607142307114,absolute,single_20_skip5
2015-10-30,chemical_energy,FG,1,1.7616539265319058,strongest,single_20_skip5
2015-10-30,chemical_energy,MA,-1,-1.1585174604173214,weakest,single_20_skip5
2015-10-30,ferrous,RB,-1,-7.281988668046479,absolute,single_20_skip5
2015-11-06,agriculture,M,-1,-4.467192624230459,weakest,single_20_skip5
2015-11-06,base_metal,AL,-1,-12.586252622801249,absolute,single_20_skip5
2015-11-06,chemical_energy,FG,1,6.076790863467418,strongest,single_20_skip5
2015-11-06,chemical_energy,RU,-1,-3.7512804798926638,weakest,single_20_skip5
2015-11-06,ferrous,RB,-1,-6.800714512578166,absolute,single_20_skip5
2015-11-13,agriculture,C,1,2.8092273082772543,strongest,single_20_skip5
2015-11-13,agriculture,M,-1,-5.856927740953963,weakest,single_20_skip5
2015-11-13,base_metal,AL,-1,-8.580087998151093,absolute,single_20_skip5
2015-11-13,chemical_energy,FG,1,3.253876916497456,strongest,single_20_skip5
2015-11-13,chemical_energy,RU,-1,-7.681363009893229,weakest,single_20_skip5
2015-11-13,ferrous,RB,-1,-5.053705575698581,absolute,single_20_skip5
2015-11-20,agriculture,JD,1,3.0787081843329624,strongest,single_20_skip5
2015-11-20,agriculture,M,-1,-10.591559311040262,weakest,single_20_skip5
2015-11-20,base_metal,AL,-1,-6.921851513140406,absolute,single_20_skip5
2015-11-20,chemical_energy,FG,1,5.298549505824369,strongest,single_20_skip5
2015-11-20,chemical_energy,RU,-1,-3.771696140572359,weakest,single_20_skip5
2015-11-20,ferrous,RB,-1,-5.396196752708252,absolute,single_20_skip5
2015-11-27,agriculture,JD,1,2.655923743800843,strongest,single_20_skip5
2015-11-27,agriculture,M,-1,-11.009158584523519,weakest,single_20_skip5
2015-11-27,base_metal,AL,-1,-4.38717310664733,absolute,single_20_skip5
2015-11-27,chemical_energy,RU,-1,-4.885044381734954,weakest,single_20_skip5
2015-11-27,ferrous,RB,-1,-7.328414898576126,absolute,single_20_skip5
2015-12-04,agriculture,C,1,3.6484393736485057,strongest,single_20_skip5
2015-12-04,agriculture,M,-1,-3.9869721213321596,weakest,single_20_skip5
2015-12-04,base_metal,AL,1,0.34839151774483185,absolute,single_20_skip5
2015-12-04,chemical_energy,FG,1,0.9480824218381889,strongest,single_20_skip5
2015-12-04,chemical_energy,MA,-1,-0.06680834803891837,weakest,single_20_skip5
2015-12-04,ferrous,RB,-1,-6.866817019361942,absolute,single_20_skip5
2015-12-11,agriculture,P,1,1.9430078235486163,strongest,single_20_skip5
2015-12-11,agriculture,M,-1,-2.2357776156601616,weakest,single_20_skip5
2015-12-11,base_metal,AL,-1,-1.094351952403203,absolute,single_20_skip5
2015-12-11,chemical_energy,RU,1,2.480767173862208,strongest,single_20_skip5
2015-12-11,chemical_energy,MA,-1,-2.0713093879585345,weakest,single_20_skip5
2015-12-11,ferrous,RB,-1,-6.692797030159545,absolute,single_20_skip5
2015-12-11,government_bond,T,1,1.3797181273121484,absolute,single_20_skip5
2015-12-18,agriculture,P,1,3.6375690909511142,strongest,single_20_skip5
2015-12-18,agriculture,CF,-1,-3.5084168991213067,weakest,single_20_skip5
2015-12-18,base_metal,AL,1,2.889654970407287,absolute,single_20_skip5
2015-12-18,chemical_energy,RU,1,0.9819057787109168,strongest,single_20_skip5
2015-12-18,chemical_energy,MA,-1,-1.8246873668646963,weakest,single_20_skip5
2015-12-18,ferrous,RB,-1,-4.464227114015116,absolute,single_20_skip5
2015-12-18,government_bond,T,1,4.5765076393089785,absolute,single_20_skip5
2015-12-25,agriculture,C,1,5.630058700902656,strongest,single_20_skip5
2015-12-25,agriculture,CF,-1,-4.849814348311177,weakest,single_20_skip5
2015-12-25,base_metal,AL,1,4.066400935643941,absolute,single_20_skip5
2015-12-25,chemical_energy,RU,1,3.600256223397425,strongest,single_20_skip5
2015-12-25,ferrous,RB,1,0.7091654147001295,absolute,single_20_skip5
2015-12-25,government_bond,T,1,4.2290729361462045,absolute,single_20_skip5
2015-12-31,agriculture,C,1,2.810869989702457,strongest,single_20_skip5
2015-12-31,agriculture,CF,-1,-3.340297608799404,weakest,single_20_skip5
2015-12-31,base_metal,AL,1,4.671413545158736,absolute,single_20_skip5
2015-12-31,chemical_energy,FG,1,2.007338047514911,strongest,single_20_skip5
2015-12-31,ferrous,RB,1,1.7845042896644143,absolute,single_20_skip5
2015-12-31,government_bond,T,1,4.7380607613404395,absolute,single_20_skip5
2016-01-08,agriculture,P,1,2.5584703646261215,strongest,single_20_skip5
2016-01-08,agriculture,JD,-1,-1.8470789540313084,weakest,single_20_skip5
2016-01-08,base_metal,AL,1,4.111819823987842,absolute,single_20_skip5
2016-01-08,chemical_energy,MA,1,3.5710293374106623,strongest,single_20_skip5
2016-01-08,ferrous,RB,1,7.14263157423092,absolute,single_20_skip5
2016-01-08,government_bond,T,1,3.9835775744020525,absolute,single_20_skip5
2016-01-15,agriculture,M,1,3.0224326853957137,strongest,single_20_skip5
2016-01-15,base_metal,AL,1,2.2259928131606257,absolute,single_20_skip5
2016-01-15,chemical_energy,MA,1,6.2749788619642635,strongest,single_20_skip5
2016-01-15,ferrous,RB,1,5.253872134412634,absolute,single_20_skip5
2016-01-15,government_bond,T,1,3.5559003843407586,absolute,single_20_skip5
2016-01-22,agriculture,M,1,2.7129840389891005,strongest,single_20_skip5
2016-01-22,agriculture,SR,-1,-1.9152421421221424,weakest,single_20_skip5
2016-01-22,base_metal,AL,1,0.9331291243148638,absolute,single_20_skip5
2016-01-22,chemical_energy,MA,1,2.3186327418411166,strongest,single_20_skip5
2016-01-22,chemical_energy,RU,-1,-1.2201655802611466,weakest,single_20_skip5
2016-01-22,ferrous,RB,1,4.519142003108393,absolute,single_20_skip5
2016-01-22,government_bond,T,1,4.776083290458256,absolute,single_20_skip5
2016-01-29,agriculture,M,1,2.2109177611221855,strongest,single_20_skip5
2016-01-29,agriculture,SR,-1,-2.50878582850597,weakest,single_20_skip5
2016-01-29,base_metal,AL,-1,-0.41864552778096603,absolute,single_20_skip5
2016-01-29,chemical_energy,FG,1,3.4624655197283296,strongest,single_20_skip5
2016-01-29,chemical_energy,RU,-1,-0.8407375845184168,weakest,single_20_skip5
2016-01-29,ferrous,RB,1,4.368702081659644,absolute,single_20_skip5
2016-01-29,government_bond,T,1,0.45462595152140883,absolute,single_20_skip5
2016-02-05,agriculture,C,1,2.983836274193844,strongest,single_20_skip5
2016-02-05,agriculture,SR,-1,-5.857569223686152,weakest,single_20_skip5
2016-02-05,base_metal,AL,-1,-0.6010884811454393,absolute,single_20_skip5
2016-02-05,chemical_energy,FG,1,2.017778127403648,strongest,single_20_skip5
2016-02-05,chemical_energy,RU,-1,-1.35645340545166,weakest,single_20_skip5
2016-02-05,ferrous,RB,1,1.1742468876823944,absolute,single_20_skip5
2016-02-05,government_bond,T,1,0.9125893617356737,absolute,single_20_skip5
2016-02-19,agriculture,C,1,3.968969777986117,strongest,single_20_skip5
2016-02-19,agriculture,SR,-1,-2.773525882145244,weakest,single_20_skip5
2016-02-19,base_metal,AL,1,0.3059003484929219,absolute,single_20_skip5
2016-02-19,chemical_energy,FG,1,2.2951596402300107,strongest,single_20_skip5
2016-02-19,ferrous,RB,1,3.297570712318342,absolute,single_20_skip5
2016-02-19,government_bond,T,1,0.29675456219872015,absolute,single_20_skip5
2016-02-26,agriculture,P,1,5.692941703515945,strongest,single_20_skip5
2016-02-26,agriculture,SR,-1,-1.5466510811323255,weakest,single_20_skip5
2016-02-26,base_metal,AL,1,3.3040946758202576,absolute,single_20_skip5
2016-02-26,chemical_energy,MA,1,6.669620354726819,strongest,single_20_skip5
2016-02-26,ferrous,RB,1,4.570930698830996,absolute,single_20_skip5
2016-02-26,government_bond,T,-1,-0.5725473682065165,absolute,single_20_skip5
2016-03-04,agriculture,P,1,4.448314058260144,strongest,single_20_skip5
2016-03-04,agriculture,CF,-1,-6.809263898474989,weakest,single_20_skip5
2016-03-04,base_metal,AL,1,3.8689857923134063,absolute,single_20_skip5
2016-03-04,chemical_energy,FG,1,5.0307645615816385,strongest,single_20_skip5
2016-03-04,chemical_energy,RU,-1,-0.14011065737467374,weakest,single_20_skip5
2016-03-04,ferrous,RB,1,3.3288700268827265,absolute,single_20_skip5
2016-03-04,government_bond,T,-1,-0.9610555730288443,absolute,single_20_skip5
2016-03-11,agriculture,P,1,4.999232952361831,strongest,single_20_skip5
2016-03-11,agriculture,CF,-1,-4.40454563287783,weakest,single_20_skip5
2016-03-11,base_metal,AL,1,5.949684774186882,absolute,single_20_skip5
2016-03-11,chemical_energy,FG,1,8.050023793460502,strongest,single_20_skip5
2016-03-11,ferrous,RB,1,5.984636994055071,absolute,single_20_skip5
2016-03-11,government_bond,T,-1,-2.2323670111641363,absolute,single_20_skip5
2016-03-18,agriculture,P,1,3.788806981746492,strongest,single_20_skip5
2016-03-18,agriculture,M,-1,-4.664558694932047,weakest,single_20_skip5
2016-03-18,base_metal,AL,1,5.242949336518779,absolute,single_20_skip5
2016-03-18,chemical_energy,FG,1,6.832317961012874,strongest,single_20_skip5
2016-03-18,ferrous,RB,1,4.157432880927475,absolute,single_20_skip5
2016-03-18,government_bond,T,1,0.42296669242569845,absolute,single_20_skip5
2016-03-25,agriculture,JD,1,4.0235892318330215,strongest,single_20_skip5
2016-03-25,agriculture,M,-1,-1.7336809733956606,weakest,single_20_skip5
2016-03-25,base_metal,AL,1,3.8097125776458016,absolute,single_20_skip5
2016-03-25,chemical_energy,FG,1,4.570376741394761,strongest,single_20_skip5
2016-03-25,ferrous,RB,1,4.468506908970259,absolute,single_20_skip5
2016-03-25,government_bond,T,-1,-0.32111391052439064,absolute,single_20_skip5
2016-04-01,agriculture,P,1,6.5672429591550285,strongest,single_20_skip5
2016-04-01,agriculture,C,-1,-0.10417635613849512,weakest,single_20_skip5
2016-04-01,base_metal,AL,1,4.303542138904028,absolute,single_20_skip5
2016-04-01,chemical_energy,RU,1,3.7988130678646144,strongest,single_20_skip5
2016-04-01,ferrous,RB,1,4.878671857920518,absolute,single_20_skip5
2016-04-01,government_bond,T,1,1.4697064171083134,absolute,single_20_skip5
2016-04-08,agriculture,P,1,6.769748164754056,strongest,single_20_skip5
2016-04-08,agriculture,C,-1,-3.996512027415147,weakest,single_20_skip5
2016-04-08,base_metal,AL,1,4.71498464763315,absolute,single_20_skip5
2016-04-08,chemical_energy,MA,1,2.068382645629671,strongest,single_20_skip5
2016-04-08,ferrous,RB,1,3.1962434310759322,absolute,single_20_skip5
2016-04-08,government_bond,T,1,3.223312831300079,absolute,single_20_skip5
2016-04-15,agriculture,P,1,4.280457725419136,strongest,single_20_skip5
2016-04-15,agriculture,C,-1,-2.3794354049537896,weakest,single_20_skip5
2016-04-15,base_metal,AL,1,3.9339749574540295,absolute,single_20_skip5
2016-04-15,chemical_energy,RU,1,0.9449835675612791,strongest,single_20_skip5
2016-04-15,chemical_energy,MA,-1,-2.666971017232597,weakest,single_20_skip5
2016-04-15,ferrous,RB,1,2.439436961851146,absolute,single_20_skip5
2016-04-15,government_bond,T,1,1.1626873568751974,absolute,single_20_skip5
2016-04-22,agriculture,M,1,5.782843443318859,strongest,single_20_skip5
2016-04-22,agriculture,C,-1,-0.42101609652335564,weakest,single_20_skip5
2016-04-22,base_metal,AL,1,6.6372471784441185,absolute,single_20_skip5
2016-04-22,chemical_energy,RU,1,2.358962050051163,strongest,single_20_skip5
2016-04-22,chemical_energy,MA,-1,-1.2497842659205909,weakest,single_20_skip5
2016-04-22,ferrous,RB,1,4.175655494940905,absolute,single_20_skip5
2016-04-22,government_bond,T,-1,-1.078540646256362,absolute,single_20_skip5
2016-04-29,agriculture,CF,1,6.601940221409739,strongest,single_20_skip5
2016-04-29,agriculture,SR,-1,-0.10609621280530995,weakest,single_20_skip5
2016-04-29,base_metal,AL,1,8.127340406185555,absolute,single_20_skip5
2016-04-29,chemical_energy,RU,1,4.60493441510289,strongest,single_20_skip5
2016-04-29,ferrous,RB,1,5.909400725173782,absolute,single_20_skip5
2016-04-29,government_bond,T,-1,-2.4190530188130674,absolute,single_20_skip5
2016-05-06,agriculture,M,1,5.348024336383575,strongest,single_20_skip5
2016-05-06,agriculture,SR,-1,-0.8160649147167837,weakest,single_20_skip5
2016-05-06,base_metal,AL,1,4.164902170792728,absolute,single_20_skip5
2016-05-06,chemical_energy,RU,1,4.404510731153989,strongest,single_20_skip5
2016-05-06,ferrous,RB,1,4.858749704232883,absolute,single_20_skip5
2016-05-06,government_bond,T,-1,-0.8135713285523485,absolute,single_20_skip5
2016-05-13,agriculture,CF,1,4.634469332728789,strongest,single_20_skip5
2016-05-13,agriculture,P,-1,-2.012872660946356,weakest,single_20_skip5
2016-05-13,base_metal,AL,1,2.68751377786389,absolute,single_20_skip5
2016-05-13,chemical_energy,RU,1,1.9868272600825159,strongest,single_20_skip5
2016-05-13,chemical_energy,FG,-1,-1.1537948227451273,weakest,single_20_skip5
2016-05-13,ferrous,RB,1,1.4179645881289176,absolute,single_20_skip5
2016-05-13,government_bond,T,1,1.9150584279443699,absolute,single_20_skip5
2016-05-20,agriculture,M,1,4.777815034914825,strongest,single_20_skip5
2016-05-20,agriculture,P,-1,-2.8537877772857416,weakest,single_20_skip5
2016-05-20,base_metal,AL,1,0.584969700978838,absolute,single_20_skip5
2016-05-20,chemical_energy,RU,-1,-3.7250181833193987,weakest,single_20_skip5
2016-05-20,ferrous,RB,-1,-2.6920223647836248,absolute,single_20_skip5
2016-05-20,government_bond,T,1,5.473243025349506,absolute,single_20_skip5
2016-05-27,agriculture,M,1,3.0063936553928157,strongest,single_20_skip5
2016-05-27,agriculture,P,-1,-6.452112751983889,weakest,single_20_skip5
2016-05-27,base_metal,AL,1,0.27207092475907607,absolute,single_20_skip5
2016-05-27,chemical_energy,RU,-1,-9.012881222920427,weakest,single_20_skip5
2016-05-27,ferrous,RB,-1,-8.539199874042488,absolute,single_20_skip5
2016-05-27,government_bond,T,1,4.0398041145878185,absolute,single_20_skip5
2016-06-03,agriculture,M,1,3.294074439974478,strongest,single_20_skip5
2016-06-03,agriculture,P,-1,-2.0120646105629034,weakest,single_20_skip5
2016-06-03,base_metal,AL,-1,-1.2891810577331517,absolute,single_20_skip5
2016-06-03,chemical_energy,RU,-1,-6.901071874970775,weakest,single_20_skip5
2016-06-03,ferrous,RB,-1,-6.137802942150382,absolute,single_20_skip5
2016-06-03,government_bond,T,1,3.221811914439613,absolute,single_20_skip5
2016-06-08,agriculture,C,1,3.4365141815219524,strongest,single_20_skip5
2016-06-08,agriculture,JD,-1,-3.2847268123639077,weakest,single_20_skip5
2016-06-08,base_metal,AL,-1,-2.1205534002798014,absolute,single_20_skip5
2016-06-08,chemical_energy,FG,1,3.223924808789681,strongest,single_20_skip5
2016-06-08,chemical_energy,RU,-1,-8.43459532332849,weakest,single_20_skip5
2016-06-08,ferrous,RB,-1,-5.808720950141304,absolute,single_20_skip5
2016-06-08,government_bond,T,1,2.392399509075418,absolute,single_20_skip5
2016-06-17,agriculture,M,1,5.758620438525779,strongest,single_20_skip5
2016-06-17,agriculture,P,-1,-1.287667917337765,weakest,single_20_skip5
2016-06-17,base_metal,AL,-1,-0.39584833283096316,absolute,single_20_skip5
2016-06-17,chemical_energy,FG,1,3.2382633215172847,strongest,single_20_skip5
2016-06-17,chemical_energy,RU,-1,-4.97998088463143,weakest,single_20_skip5
2016-06-17,ferrous,RB,-1,-0.7442977630610432,absolute,single_20_skip5
2016-06-17,government_bond,T,-1,-1.220256526826242,absolute,single_20_skip5
2016-06-24,agriculture,SR,1,4.162785534934269,strongest,single_20_skip5
2016-06-24,agriculture,P,-1,-0.7571442254763209,weakest,single_20_skip5
2016-06-24,base_metal,AL,-1,-0.6634055773027188,absolute,single_20_skip5
2016-06-24,chemical_energy,FG,1,2.081327441171289,strongest,single_20_skip5
2016-06-24,chemical_energy,RU,-1,-0.5951925194743489,weakest,single_20_skip5
2016-06-24,ferrous,RB,1,0.3012576826079292,absolute,single_20_skip5
2016-06-24,government_bond,T,1,5.072720751956171,absolute,single_20_skip5
2016-07-01,agriculture,M,1,4.450988029531487,strongest,single_20_skip5
2016-07-01,agriculture,JD,-1,-0.6066944593496416,weakest,single_20_skip5
2016-07-01,base_metal,AL,1,1.7282869029972627,absolute,single_20_skip5
2016-07-01,chemical_energy,FG,1,4.002739120348388,strongest,single_20_skip5
2016-07-01,ferrous,RB,1,3.922723146839602,absolute,single_20_skip5
2016-07-01,government_bond,T,1,4.864626037952978,absolute,single_20_skip5
2016-07-08,agriculture,CF,1,6.775210975446911,strongest,single_20_skip5
2016-07-08,agriculture,C,-1,-2.236595380221734,weakest,single_20_skip5
2016-07-08,base_metal,AL,1,4.915892424039327,absolute,single_20_skip5
2016-07-08,chemical_energy,RU,1,5.106918052798271,strongest,single_20_skip5
2016-07-08,ferrous,RB,1,6.185520278701398,absolute,single_20_skip5
2016-07-08,government_bond,T,1,7.259765346743085,absolute,single_20_skip5
2016-07-15,agriculture,CF,1,3.2488747031796352,strongest,single_20_skip5
2016-07-15,agriculture,P,-1,-4.504582566996648,weakest,single_20_skip5
2016-07-15,base_metal,AL,1,7.02535447208114,absolute,single_20_skip5
2016-07-15,chemical_energy,FG,1,1.2363526460990153,strongest,single_20_skip5
2016-07-15,chemical_energy,MA,-1,-0.1992708979005042,weakest,single_20_skip5
2016-07-15,ferrous,RB,1,5.177063771499332,absolute,single_20_skip5
2016-07-15,government_bond,T,1,7.452147592244224,absolute,single_20_skip5
2016-07-22,agriculture,CF,1,5.497164521113758,strongest,single_20_skip5
2016-07-22,agriculture,C,-1,-3.277446235984094,weakest,single_20_skip5
2016-07-22,base_metal,AL,1,6.283730708893137,absolute,single_20_skip5
2016-07-22,chemical_energy,FG,1,3.7436470416187193,strongest,single_20_skip5
2016-07-22,ferrous,RB,1,6.813045813996101,absolute,single_20_skip5
2016-07-22,government_bond,T,1,3.386452305380854,absolute,single_20_skip5
2016-07-29,agriculture,CF,1,3.915935768939012,strongest,single_20_skip5
2016-07-29,agriculture,C,-1,-2.7312005546341394,weakest,single_20_skip5
2016-07-29,base_metal,AL,1,0.9521995721535155,absolute,single_20_skip5
2016-07-29,chemical_energy,FG,1,1.6261079002460823,strongest,single_20_skip5
2016-07-29,chemical_energy,MA,-1,-0.12067288584225588,weakest,single_20_skip5
2016-07-29,ferrous,RB,1,1.9796932792109598,absolute,single_20_skip5
2016-07-29,government_bond,T,1,3.309616923874961,absolute,single_20_skip5
2016-08-05,agriculture,M,-1,-5.724789439989044,weakest,single_20_skip5
2016-08-05,base_metal,AL,-1,-2.0765306699464365,absolute,single_20_skip5
2016-08-05,chemical_energy,MA,-1,-3.1099294789840575,weakest,single_20_skip5
2016-08-05,ferrous,RB,1,0.7382487691807658,absolute,single_20_skip5
2016-08-05,government_bond,T,1,2.031162741243126,absolute,single_20_skip5
2016-08-12,agriculture,P,1,4.355086100470379,strongest,single_20_skip5
2016-08-12,agriculture,JD,-1,-4.685389088904094,weakest,single_20_skip5
2016-08-12,base_metal,AL,-1,-1.5120889159759983,absolute,single_20_skip5
2016-08-12,chemical_energy,FG,1,4.287199591335856,strongest,single_20_skip5
2016-08-12,ferrous,RB,1,1.0522259470185507,absolute,single_20_skip5
2016-08-12,government_bond,T,1,3.9012408605719195,absolute,single_20_skip5
2016-08-19,agriculture,P,1,3.427972382368473,strongest,single_20_skip5
2016-08-19,agriculture,JD,-1,-6.888583897462538,weakest,single_20_skip5
2016-08-19,base_metal,AL,-1,-1.435295304647299,absolute,single_20_skip5
2016-08-19,chemical_energy,FG,1,3.4425986040366143,strongest,single_20_skip5
2016-08-19,chemical_energy,RU,-1,-0.4981738818217925,weakest,single_20_skip5
2016-08-19,ferrous,RB,1,0.6085900348829428,absolute,single_20_skip5
2016-08-19,government_bond,T,1,7.99279501412546,absolute,single_20_skip5
2016-08-26,agriculture,P,1,8.362137329531636,strongest,single_20_skip5
2016-08-26,agriculture,JD,-1,-2.0501951582608915,weakest,single_20_skip5
2016-08-26,base_metal,AL,1,3.7078081846421513,absolute,single_20_skip5
2016-08-26,chemical_energy,FG,1,6.4262626124132485,strongest,single_20_skip5
2016-08-26,chemical_energy,RU,-1,-0.3881313947469669,weakest,single_20_skip5
2016-08-26,ferrous,RB,1,5.4907022956254705,absolute,single_20_skip5
2016-08-26,government_bond,T,1,2.985074534276565,absolute,single_20_skip5
2016-09-02,agriculture,P,1,5.574612373463516,strongest,single_20_skip5
2016-09-02,agriculture,JD,-1,-2.6283872513220774,weakest,single_20_skip5
2016-09-02,base_metal,AL,1,1.1483226904389863,absolute,single_20_skip5
2016-09-02,chemical_energy,FG,1,5.84752741435875,strongest,single_20_skip5
2016-09-02,chemical_energy,RU,-1,-1.3137706667107172,weakest,single_20_skip5
2016-09-02,ferrous,RB,1,2.646196055524188,absolute,single_20_skip5
2016-09-02,government_bond,T,1,2.101132823528718,absolute,single_20_skip5
2016-09-09,agriculture,P,1,2.8045769332300123,strongest,single_20_skip5
2016-09-09,agriculture,CF,-1,-6.015109915601124,weakest,single_20_skip5
2016-09-09,base_metal,AL,1,0.6298354592204117,absolute,single_20_skip5
2016-09-09,chemical_energy,FG,1,1.3660464326590556,strongest,single_20_skip5
2016-09-09,chemical_energy,MA,-1,-2.1414406608190477,weakest,single_20_skip5
2016-09-09,ferrous,RB,-1,-1.5439115557024126,absolute,single_20_skip5
2016-09-09,government_bond,T,-1,-1.5023937029157308,absolute,single_20_skip5
2016-09-14,agriculture,SR,1,2.8856845017531447,strongest,single_20_skip5
2016-09-14,agriculture,CF,-1,-3.0382339550289355,weakest,single_20_skip5
2016-09-14,base_metal,AL,-1,-2.019240570974012,absolute,single_20_skip5
2016-09-14,chemical_energy,FG,1,0.0397938848478969,strongest,single_20_skip5
2016-09-14,chemical_energy,RU,-1,-0.06379021067334978,weakest,single_20_skip5
2016-09-14,ferrous,RB,-1,-3.8844679227748062,absolute,single_20_skip5
2016-09-14,government_bond,T,-1,-2.6207045590164726,absolute,single_20_skip5
2016-09-23,agriculture,SR,1,3.315673422014356,strongest,single_20_skip5
2016-09-23,agriculture,JD,-1,-4.488778448452528,weakest,single_20_skip5
2016-09-23,base_metal,AL,-1,-2.7211197024013067,absolute,single_20_skip5
2016-09-23,chemical_energy,FG,-1,-4.4327984151396285,weakest,single_20_skip5
2016-09-23,ferrous,RB,-1,-6.400464886206309,absolute,single_20_skip5
2016-09-23,government_bond,T,-1,-1.862552078430006,absolute,single_20_skip5
2016-09-30,agriculture,SR,1,4.184905153140413,strongest,single_20_skip5
2016-09-30,agriculture,M,-1,-1.6337965776960477,weakest,single_20_skip5
2016-09-30,base_metal,AL,1,1.4502044306521786,absolute,single_20_skip5
2016-09-30,chemical_energy,RU,1,3.6434191377815313,strongest,single_20_skip5
2016-09-30,chemical_energy,FG,-1,-3.1630973619405465,weakest,single_20_skip5
2016-09-30,ferrous,RB,-1,-6.488003987956139,absolute,single_20_skip5
2016-09-30,government_bond,T,1,0.9513806248570095,absolute,single_20_skip5
2016-10-14,agriculture,SR,1,8.48564712800951,strongest,single_20_skip5
2016-10-14,agriculture,C,-1,-3.380291825208642,weakest,single_20_skip5
2016-10-14,base_metal,AL,1,2.652317947606052,absolute,single_20_skip5
2016-10-14,chemical_energy,MA,1,5.897016201248591,strongest,single_20_skip5
2016-10-14,chemical_energy,FG,-1,-4.138423352948201,weakest,single_20_skip5
2016-10-14,ferrous,RB,-1,-3.5285644047483298,absolute,single_20_skip5
2016-10-14,government_bond,T,1,3.7710767450970977,absolute,single_20_skip5
2016-10-21,agriculture,SR,1,8.346695170651566,strongest,single_20_skip5
2016-10-21,agriculture,M,-1,-2.9749417216788934,weakest,single_20_skip5
2016-10-21,base_metal,AL,1,7.345171471313171,absolute,single_20_skip5
2016-10-21,chemical_energy,RU,1,5.725624240046439,strongest,single_20_skip5
2016-10-21,chemical_energy,FG,-1,-5.7992548829679,weakest,single_20_skip5
2016-10-21,ferrous,RB,1,1.7316399734822858,absolute,single_20_skip5
2016-10-21,government_bond,T,1,5.566229617522282,absolute,single_20_skip5
2016-10-28,agriculture,SR,1,6.445199051366758,strongest,single_20_skip5
2016-10-28,agriculture,M,-1,-0.5562616793088307,weakest,single_20_skip5
2016-10-28,base_metal,AL,1,6.172891821171828,absolute,single_20_skip5
2016-10-28,chemical_energy,MA,1,5.076017888612425,strongest,single_20_skip5
2016-10-28,ferrous,RB,1,7.044771330082406,absolute,single_20_skip5
2016-10-28,government_bond,T,1,6.932127999855686,absolute,single_20_skip5
2016-11-04,agriculture,C,1,5.111864582666441,strongest,single_20_skip5
2016-11-04,base_metal,AL,1,7.192024225806615,absolute,single_20_skip5
2016-11-04,chemical_energy,MA,1,8.89065725150816,strongest,single_20_skip5
2016-11-04,ferrous,RB,1,6.2795578661951925,absolute,single_20_skip5
2016-11-04,government_bond,T,1,2.0269634915885097,absolute,single_20_skip5
2016-11-11,agriculture,C,1,5.933269660447354,strongest,single_20_skip5
2016-11-11,agriculture,M,-1,-1.3213204348056713,weakest,single_20_skip5
2016-11-11,base_metal,AL,1,4.596542366309922,absolute,single_20_skip5
2016-11-11,chemical_energy,FG,1,6.4940015612884565,strongest,single_20_skip5
2016-11-11,ferrous,RB,1,10.868076120601664,absolute,single_20_skip5
2016-11-11,government_bond,T,1,1.5215866421132425,absolute,single_20_skip5
2016-11-18,agriculture,C,1,8.85128051659939,strongest,single_20_skip5
2016-11-18,base_metal,AL,1,5.074075486562303,absolute,single_20_skip5
2016-11-18,chemical_energy,FG,1,9.81819214105995,strongest,single_20_skip5
2016-11-18,ferrous,RB,1,8.707071056719455,absolute,single_20_skip5
2016-11-18,government_bond,T,-1,-3.5326827518617723,absolute,single_20_skip5
2016-11-25,agriculture,C,1,4.5481756750033595,strongest,single_20_skip5
2016-11-25,base_metal,AL,1,3.7275274607629894,absolute,single_20_skip5
2016-11-25,chemical_energy,RU,1,4.588901606350269,strongest,single_20_skip5
2016-11-25,ferrous,RB,1,2.6009905233974555,absolute,single_20_skip5
2016-11-25,government_bond,T,-1,-7.898774098901663,absolute,single_20_skip5
2016-12-02,agriculture,P,1,2.8253953484564307,strongest,single_20_skip5
2016-12-02,agriculture,JD,-1,-0.5082564170661797,weakest,single_20_skip5
2016-12-02,base_metal,AL,1,1.7059152122964827,absolute,single_20_skip5
2016-12-02,chemical_energy,RU,1,6.2737675776988535,strongest,single_20_skip5
2016-12-02,ferrous,RB,1,4.353445891003153,absolute,single_20_skip5
2016-12-02,government_bond,T,-1,-5.594368480239,absolute,single_20_skip5
2016-12-09,agriculture,C,1,4.657886282606961,strongest,single_20_skip5
2016-12-09,base_metal,AL,1,1.0109649790673845,absolute,single_20_skip5
2016-12-09,chemical_energy,RU,1,5.062567532362434,strongest,single_20_skip5
2016-12-09,ferrous,RB,1,1.964001665013248,absolute,single_20_skip5
2016-12-09,government_bond,T,-1,-8.333720129654344,absolute,single_20_skip5
2016-12-16,agriculture,SR,1,1.913496484572239,strongest,single_20_skip5
2016-12-16,agriculture,JD,-1,-2.8460718274219396,weakest,single_20_skip5
2016-12-16,base_metal,AL,-1,-1.623584272906108,absolute,single_20_skip5
2016-12-16,chemical_energy,MA,1,4.869568243438588,strongest,single_20_skip5
2016-12-16,ferrous,RB,1,0.8743820379879378,absolute,single_20_skip5
2016-12-16,government_bond,T,-1,-6.791757448785518,absolute,single_20_skip5
2016-12-23,agriculture,P,1,4.6466639714934,strongest,single_20_skip5
2016-12-23,agriculture,CF,-1,-1.144148997292814,weakest,single_20_skip5
2016-12-23,base_metal,AL,-1,-1.6647223892408471,absolute,single_20_skip5
2016-12-23,chemical_energy,MA,1,8.113497847938175,strongest,single_20_skip5
2016-12-23,ferrous,RB,1,2.8618380521594555,absolute,single_20_skip5
2016-12-23,government_bond,T,-1,-4.877697838557209,absolute,single_20_skip5
2016-12-30,agriculture,M,-1,-2.596323796165352,weakest,single_20_skip5
2016-12-30,base_metal,AL,-1,-4.610339301447267,absolute,single_20_skip5
2016-12-30,chemical_energy,MA,1,3.255488530387063,strongest,single_20_skip5
2016-12-30,ferrous,RB,-1,-1.791714893482188,absolute,single_20_skip5
2016-12-30,government_bond,T,-1,-3.1586673616338783,absolute,single_20_skip5
2017-01-06,agriculture,SR,-1,-5.116471588443528,weakest,single_20_skip5
2017-01-06,base_metal,AL,-1,-3.6809969770900426,absolute,single_20_skip5
2017-01-06,chemical_energy,MA,1,4.5062995576938665,strongest,single_20_skip5
2017-01-06,ferrous,RB,-1,-2.2291229379112028,absolute,single_20_skip5
2017-01-06,government_bond,T,-1,-0.5114678225690382,absolute,single_20_skip5
2017-01-13,agriculture,SR,-1,-3.9031612922171277,weakest,single_20_skip5
2017-01-13,base_metal,AL,-1,-3.531820352991946,absolute,single_20_skip5
2017-01-13,chemical_energy,FG,-1,-3.030922748790005,weakest,single_20_skip5
2017-01-13,ferrous,RB,-1,-5.23381944875773,absolute,single_20_skip5
2017-01-13,government_bond,T,-1,-0.5672838330323717,absolute,single_20_skip5
2017-01-20,agriculture,CF,-1,-3.043485018338172,weakest,single_20_skip5
2017-01-20,base_metal,AL,1,1.7730045101333671,absolute,single_20_skip5
2017-01-20,chemical_energy,RU,1,0.496039329453585,strongest,single_20_skip5
2017-01-20,chemical_energy,MA,-1,-3.0489096031512646,weakest,single_20_skip5
2017-01-20,ferrous,RB,-1,-2.2829949566014327,absolute,single_20_skip5
2017-01-20,government_bond,T,1,3.674803332674036,absolute,single_20_skip5
2017-01-26,agriculture,M,1,4.038655814227353,strongest,single_20_skip5
2017-01-26,base_metal,AL,1,2.635245572284244,absolute,single_20_skip5
2017-01-26,chemical_energy,RU,1,2.5836803318012334,strongest,single_20_skip5
2017-01-26,chemical_energy,MA,-1,-0.24451878200004282,weakest,single_20_skip5
2017-01-26,ferrous,RB,1,0.8508304147802743,absolute,single_20_skip5
2017-01-26,government_bond,T,1,1.1802288577340052,absolute,single_20_skip5
2017-02-03,agriculture,C,1,4.950304213987623,strongest,single_20_skip5
2017-02-03,base_metal,AL,1,3.0450949416716435,absolute,single_20_skip5
2017-02-03,chemical_energy,FG,1,2.492844207212617,strongest,single_20_skip5
2017-02-03,ferrous,RB,1,1.7726303953188562,absolute,single_20_skip5
2017-02-03,government_bond,T,1,0.3202890897134587,absolute,single_20_skip5
2017-02-10,agriculture,CF,1,5.381114913772411,strongest,single_20_skip5
2017-02-10,agriculture,JD,-1,-1.7894904792269484,weakest,single_20_skip5
2017-02-10,base_metal,AL,1,4.88515420156874,absolute,single_20_skip5
2017-02-10,chemical_energy,RU,1,2.142443265492451,strongest,single_20_skip5
2017-02-10,ferrous,RB,1,1.3257376856418668,absolute,single_20_skip5
2017-02-10,government_bond,T,-1,-6.553606129988372,absolute,single_20_skip5
2017-02-17,agriculture,C,1,5.716507945768497,strongest,single_20_skip5
2017-02-17,agriculture,JD,-1,-0.5683133492705204,weakest,single_20_skip5
2017-02-17,base_metal,AL,1,6.588040238010174,absolute,single_20_skip5
2017-02-17,chemical_energy,MA,1,5.950383757771002,strongest,single_20_skip5
2017-02-17,ferrous,RB,1,3.3491073005687837,absolute,single_20_skip5
2017-02-17,government_bond,T,-1,-3.153378587804613,absolute,single_20_skip5
2017-02-24,agriculture,C,1,2.797454359441538,strongest,single_20_skip5
2017-02-24,agriculture,P,-1,-3.833577534445259,weakest,single_20_skip5
2017-02-24,base_metal,AL,1,2.6976263145159542,absolute,single_20_skip5
2017-02-24,chemical_energy,MA,1,5.102584613647962,strongest,single_20_skip5
2017-02-24,ferrous,RB,1,2.282562359192816,absolute,single_20_skip5
2017-02-24,government_bond,T,-1,-1.8620288805436194,absolute,single_20_skip5
2017-03-03,agriculture,CF,1,3.5536864105688073,strongest,single_20_skip5
2017-03-03,agriculture,P,-1,-4.921641925984651,weakest,single_20_skip5
2017-03-03,base_metal,AL,1,1.257675734880612,absolute,single_20_skip5
2017-03-03,chemical_energy,MA,1,2.179475059821595,strongest,single_20_skip5
2017-03-03,chemical_energy,RU,-1,-1.1017825508813726,weakest,single_20_skip5
2017-03-03,ferrous,RB,1,2.785998791032106,absolute,single_20_skip5
2017-03-03,government_bond,T,-1,-0.20275890488699322,absolute,single_20_skip5
2017-03-10,agriculture,C,1,3.2044030151946576,strongest,single_20_skip5
2017-03-10,agriculture,P,-1,-2.728640879552072,weakest,single_20_skip5
2017-03-10,base_metal,AL,1,1.4863913491131073,absolute,single_20_skip5
2017-03-10,chemical_energy,FG,1,0.8956334879572987,strongest,single_20_skip5
2017-03-10,chemical_energy,RU,-1,-1.6009344373909882,weakest,single_20_skip5
2017-03-10,ferrous,RB,1,5.170961463675368,absolute,single_20_skip5
2017-03-10,government_bond,T,1,3.051661956683355,absolute,single_20_skip5
2017-03-17,agriculture,P,-1,-7.46805333546079,weakest,single_20_skip5
2017-03-17,base_metal,AL,1,0.0958598041276761,absolute,single_20_skip5
2017-03-17,chemical_energy,FG,-1,-6.403937677679182,weakest,single_20_skip5
2017-03-17,ferrous,RB,1,0.86099979584731,absolute,single_20_skip5
2017-03-17,government_bond,T,1,0.6957714861736788,absolute,single_20_skip5
2017-03-24,agriculture,C,1,1.2254815978170155,strongest,single_20_skip5
2017-03-24,agriculture,JD,-1,-3.8249262823552943,weakest,single_20_skip5
2017-03-24,base_metal,AL,-1,-1.5806913756681156,absolute,single_20_skip5
2017-03-24,chemical_energy,MA,-1,-6.920457785224211,weakest,single_20_skip5
2017-03-24,ferrous,RB,1,1.059353563235059,absolute,single_20_skip5
2017-03-24,government_bond,T,1,2.401140164513164,absolute,single_20_skip5
2017-03-31,agriculture,C,1,2.201721585953654,strongest,single_20_skip5
2017-03-31,agriculture,SR,-1,-2.5513527767256234,weakest,single_20_skip5
2017-03-31,base_metal,AL,-1,-0.4006240011484938,absolute,single_20_skip5
2017-03-31,chemical_energy,MA,-1,-8.50873794570884,weakest,single_20_skip5
2017-03-31,ferrous,RB,-1,-0.7081549447796605,absolute,single_20_skip5
2017-03-31,government_bond,T,1,3.8041468727643575,absolute,single_20_skip5
2017-04-07,agriculture,SR,-1,-4.348111450643409,weakest,single_20_skip5
2017-04-07,base_metal,AL,-1,-2.1059870122424895,absolute,single_20_skip5
2017-04-07,chemical_energy,MA,-1,-6.947942830702262,weakest,single_20_skip5
2017-04-07,ferrous,RB,-1,-0.9298532954459132,absolute,single_20_skip5
2017-04-07,government_bond,T,1,4.319472257908699,absolute,single_20_skip5
2017-04-14,agriculture,M,-1,-6.924965749113303,weakest,single_20_skip5
2017-04-14,base_metal,AL,1,1.1318437321970352,absolute,single_20_skip5
2017-04-14,chemical_energy,FG,1,1.8552064067495466,strongest,single_20_skip5
2017-04-14,chemical_energy,RU,-1,-4.578697512832918,weakest,single_20_skip5
2017-04-14,ferrous,RB,-1,-1.0373642386670687,absolute,single_20_skip5
2017-04-14,government_bond,T,1,6.506719359368306,absolute,single_20_skip5
2017-04-21,agriculture,CF,1,0.13149882334072022,strongest,single_20_skip5
2017-04-21,agriculture,JD,-1,-6.528847287751712,weakest,single_20_skip5
2017-04-21,base_metal,AL,1,2.2927573669592163,absolute,single_20_skip5
2017-04-21,chemical_energy,RU,-1,-5.92221372123973,weakest,single_20_skip5
2017-04-21,ferrous,RB,-1,-5.478222523028426,absolute,single_20_skip5
2017-04-21,government_bond,T,1,2.1958837325111036,absolute,single_20_skip5
2017-04-28,agriculture,CF,1,3.4668593738735547,strongest,single_20_skip5
2017-04-28,agriculture,JD,-1,-8.916952579315376,weakest,single_20_skip5
2017-04-28,base_metal,AL,1,2.6389287726582378,absolute,single_20_skip5
2017-04-28,chemical_energy,FG,1,3.532615729606601,strongest,single_20_skip5
2017-04-28,chemical_energy,RU,-1,-4.3473515227266235,weakest,single_20_skip5
2017-04-28,ferrous,RB,-1,-2.516942182827925,absolute,single_20_skip5
2017-04-28,government_bond,T,-1,-2.101166797584231,absolute,single_20_skip5
2017-05-05,agriculture,CF,1,3.4229893377392195,strongest,single_20_skip5
2017-05-05,agriculture,JD,-1,-5.525569922877318,weakest,single_20_skip5
2017-05-05,base_metal,AL,1,3.8778674254994563,absolute,single_20_skip5
2017-05-05,chemical_energy,FG,1,1.9265927773711635,strongest,single_20_skip5
2017-05-05,chemical_energy,RU,-1,-3.4039777692898436,weakest,single_20_skip5
2017-05-05,ferrous,RB,-1,-0.4606116616439174,absolute,single_20_skip5
2017-05-05,government_bond,T,-1,-2.3707918285200855,absolute,single_20_skip5
2017-05-12,agriculture,CF,1,2.270621703900057,strongest,single_20_skip5
2017-05-12,agriculture,JD,-1,-3.870820935931829,weakest,single_20_skip5
2017-05-12,base_metal,AL,-1,-1.4038820769589153,absolute,single_20_skip5
2017-05-12,chemical_energy,MA,-1,-9.252610052777937,weakest,single_20_skip5
2017-05-12,ferrous,RB,-1,-2.6745784023664116,absolute,single_20_skip5
2017-05-12,government_bond,T,-1,-4.508974528205807,absolute,single_20_skip5
2017-05-19,agriculture,P,1,3.0015682039169005,strongest,single_20_skip5
2017-05-19,agriculture,JD,-1,-3.4382941798123774,weakest,single_20_skip5
2017-05-19,base_metal,AL,-1,-1.9156895056372703,absolute,single_20_skip5
2017-05-19,chemical_energy,FG,1,0.9591852112663092,strongest,single_20_skip5
2017-05-19,chemical_energy,MA,-1,-6.1631453503992,weakest,single_20_skip5
2017-05-19,ferrous,RB,1,0.2768842761772893,absolute,single_20_skip5
2017-05-19,government_bond,T,-1,-5.513185579653292,absolute,single_20_skip5
2017-05-26,agriculture,P,1,4.147173420571639,strongest,single_20_skip5
2017-05-26,agriculture,JD,-1,-4.049684859133488,weakest,single_20_skip5
2017-05-26,base_metal,AL,-1,-2.5243856931362605,absolute,single_20_skip5
2017-05-26,chemical_energy,FG,1,2.114266401228493,strongest,single_20_skip5
2017-05-26,chemical_energy,RU,-1,-2.4302337728555625,weakest,single_20_skip5
2017-05-26,ferrous,RB,1,3.9178103275441134,absolute,single_20_skip5
2017-05-26,government_bond,T,-1,-2.029803296096763,absolute,single_20_skip5
2017-06-02,agriculture,P,1,4.951492360465151,strongest,single_20_skip5
2017-06-02,agriculture,JD,-1,-4.40915965149542,weakest,single_20_skip5
2017-06-02,base_metal,AL,-1,-2.932289606395267,absolute,single_20_skip5
2017-06-02,chemical_energy,FG,1,1.551111276200866,strongest,single_20_skip5
2017-06-02,chemical_energy,RU,-1,-2.2631101949043004,weakest,single_20_skip5
2017-06-02,ferrous,RB,1,3.075360457280698,absolute,single_20_skip5
2017-06-02,government_bond,T,-1,-2.159028555166026,absolute,single_20_skip5
2017-06-09,agriculture,P,1,0.02305337096671144,strongest,single_20_skip5
2017-06-09,agriculture,M,-1,-6.765320736734092,weakest,single_20_skip5
2017-06-09,base_metal,AL,-1,-1.550491083984855,absolute,single_20_skip5
2017-06-09,chemical_energy,FG,1,0.18102232834639173,strongest,single_20_skip5
2017-06-09,chemical_energy,RU,-1,-5.80462380794411,weakest,single_20_skip5
2017-06-09,ferrous,RB,-1,-1.0079032459323627,absolute,single_20_skip5
2017-06-09,government_bond,T,-1,-0.42193646857336264,absolute,single_20_skip5
2017-06-16,agriculture,C,1,2.8133019449146266,strongest,single_20_skip5
2017-06-16,agriculture,M,-1,-4.25837938052279,weakest,single_20_skip5
2017-06-16,base_metal,AL,-1,-1.7546528967051258,absolute,single_20_skip5
2017-06-16,chemical_energy,FG,1,3.3293557324180023,strongest,single_20_skip5
2017-06-16,chemical_energy,RU,-1,-2.282683824712105,weakest,single_20_skip5
2017-06-16,ferrous,RB,-1,-0.6862585661921685,absolute,single_20_skip5
2017-06-16,government_bond,T,1,3.6327220913386378,absolute,single_20_skip5
2017-06-23,agriculture,JD,1,3.9639274063074037,strongest,single_20_skip5
2017-06-23,agriculture,CF,-1,-4.750093488310362,weakest,single_20_skip5
2017-06-23,base_metal,AL,-1,-3.5513764205966667,absolute,single_20_skip5
2017-06-23,chemical_energy,FG,1,2.7024663951858297,strongest,single_20_skip5
2017-06-23,chemical_energy,RU,-1,-2.368016917718356,weakest,single_20_skip5
2017-06-23,ferrous,RB,-1,-0.21269655363107948,absolute,single_20_skip5
2017-06-23,government_bond,T,1,3.272331915537068,absolute,single_20_skip5
2017-06-30,agriculture,JD,1,4.232638040460398,strongest,single_20_skip5
2017-06-30,agriculture,CF,-1,-3.691394243911772,weakest,single_20_skip5
2017-06-30,base_metal,AL,-1,-0.6276187335892489,absolute,single_20_skip5
2017-06-30,chemical_energy,FG,-1,-3.1750358477492706,weakest,single_20_skip5
2017-06-30,ferrous,RB,-1,-1.7273612383029415,absolute,single_20_skip5
2017-06-30,government_bond,T,1,3.848199229305212,absolute,single_20_skip5
2017-07-07,agriculture,JD,1,6.2296477138196025,strongest,single_20_skip5
2017-07-07,agriculture,SR,-1,-4.172506245753891,weakest,single_20_skip5
2017-07-07,base_metal,AL,1,0.7047212051357848,absolute,single_20_skip5
2017-07-07,chemical_energy,MA,1,3.37709800308826,strongest,single_20_skip5
2017-07-07,ferrous,RB,1,4.398611340885851,absolute,single_20_skip5
2017-07-07,government_bond,T,1,1.6853971264131011,absolute,single_20_skip5
2017-07-14,agriculture,M,1,3.637958862427857,strongest,single_20_skip5
2017-07-14,agriculture,SR,-1,-10.307967551636816,weakest,single_20_skip5
2017-07-14,base_metal,AL,1,3.549250819744732,absolute,single_20_skip5
2017-07-14,chemical_energy,MA,1,3.3341244160935446,strongest,single_20_skip5
2017-07-14,ferrous,RB,1,5.760440133910518,absolute,single_20_skip5
2017-07-14,government_bond,T,1,0.5034013745324561,absolute,single_20_skip5
2017-07-21,agriculture,M,1,2.2151409922484095,strongest,single_20_skip5
2017-07-21,agriculture,SR,-1,-4.821904950331707,weakest,single_20_skip5
2017-07-21,base_metal,AL,1,5.300493592009859,absolute,single_20_skip5
2017-07-21,chemical_energy,MA,1,3.6147303828654556,strongest,single_20_skip5
2017-07-21,ferrous,RB,1,6.552297734411925,absolute,single_20_skip5
2017-07-21,government_bond,T,1,0.16778988200886163,absolute,single_20_skip5
2017-07-28,agriculture,P,1,5.732541982208576,strongest,single_20_skip5
2017-07-28,agriculture,SR,-1,-4.343543022515958,weakest,single_20_skip5
2017-07-28,base_metal,AL,1,3.8846148455875165,absolute,single_20_skip5
2017-07-28,chemical_energy,FG,1,5.113545929777483,strongest,single_20_skip5
2017-07-28,ferrous,RB,1,4.619588822122646,absolute,single_20_skip5
2017-07-28,government_bond,T,-1,-0.8712613350264294,absolute,single_20_skip5
2017-08-04,agriculture,P,1,3.688572603812659,strongest,single_20_skip5
2017-08-04,agriculture,SR,-1,-5.1361667163619975,weakest,single_20_skip5
2017-08-04,base_metal,AL,1,2.9493876114082647,absolute,single_20_skip5
2017-08-04,chemical_energy,FG,1,0.9844186488398651,strongest,single_20_skip5
2017-08-04,chemical_energy,RU,-1,-1.8465544082452607,weakest,single_20_skip5
2017-08-04,ferrous,RB,1,2.3632143285850518,absolute,single_20_skip5
2017-08-04,government_bond,T,-1,-1.3682685207893968,absolute,single_20_skip5
2017-08-11,agriculture,JD,1,2.3644521147842243,strongest,single_20_skip5
2017-08-11,agriculture,C,-1,-2.5121847177783376,weakest,single_20_skip5
2017-08-11,base_metal,AL,1,2.9597985149021273,absolute,single_20_skip5
2017-08-11,chemical_energy,FG,1,1.5205394339796259,strongest,single_20_skip5
2017-08-11,chemical_energy,MA,-1,-0.15691672044384436,weakest,single_20_skip5
2017-08-11,ferrous,RB,1,4.481157923662266,absolute,single_20_skip5
2017-08-11,government_bond,T,-1,-1.901507718672875,absolute,single_20_skip5
2017-08-18,agriculture,JD,1,5.819292297609237,strongest,single_20_skip5
2017-08-18,agriculture,M,-1,-2.0552625715241772,weakest,single_20_skip5
2017-08-18,base_metal,AL,1,5.651289145360886,absolute,single_20_skip5
2017-08-18,chemical_energy,FG,1,1.5103909846639565,strongest,single_20_skip5
2017-08-18,chemical_energy,RU,-1,-0.7970482041268889,weakest,single_20_skip5
2017-08-18,ferrous,RB,1,4.0351902574655405,absolute,single_20_skip5
2017-08-18,government_bond,T,-1,-2.991354915400465,absolute,single_20_skip5
2017-08-25,agriculture,JD,1,4.676125550208089,strongest,single_20_skip5
2017-08-25,agriculture,M,-1,-3.463412207178012,weakest,single_20_skip5
2017-08-25,base_metal,AL,1,5.543618182480836,absolute,single_20_skip5
2017-08-25,chemical_energy,MA,1,1.4207567515408488,strongest,single_20_skip5
2017-08-25,chemical_energy,RU,-1,-0.5355927733371677,weakest,single_20_skip5
2017-08-25,ferrous,RB,1,5.007074543182066,absolute,single_20_skip5
2017-08-25,government_bond,T,-1,-1.018693936422394,absolute,single_20_skip5
2017-09-01,agriculture,SR,1,8.060600454482032,strongest,single_20_skip5
2017-09-01,agriculture,M,-1,-3.1575402474052985,weakest,single_20_skip5
2017-09-01,base_metal,AL,1,6.460512959148447,absolute,single_20_skip5
2017-09-01,chemical_energy,MA,1,6.089383952004884,strongest,single_20_skip5
2017-09-01,ferrous,RB,1,4.42739436944266,absolute,single_20_skip5
2017-09-01,government_bond,T,-1,-1.4758854681693032,absolute,single_20_skip5
2017-09-08,agriculture,SR,1,4.307610860534591,strongest,single_20_skip5
2017-09-08,agriculture,M,-1,-1.8106945306601527,weakest,single_20_skip5
2017-09-08,base_metal,AL,1,5.743998666459552,absolute,single_20_skip5
2017-09-08,chemical_energy,MA,1,6.809259248039158,strongest,single_20_skip5
2017-09-08,ferrous,RB,1,2.925607048263649,absolute,single_20_skip5
2017-09-08,government_bond,T,1,0.3712602376010035,absolute,single_20_skip5
2017-09-15,agriculture,P,1,1.8927858247752662,strongest,single_20_skip5
2017-09-15,agriculture,JD,-1,-4.656657806571972,weakest,single_20_skip5
2017-09-15,base_metal,AL,-1,-1.158765757453653,absolute,single_20_skip5
2017-09-15,chemical_energy,MA,1,5.795334034797518,strongest,single_20_skip5
2017-09-15,chemical_energy,FG,-1,-1.8985138870160672,weakest,single_20_skip5
2017-09-15,ferrous,RB,1,0.5807582907984232,absolute,single_20_skip5
2017-09-15,government_bond,T,1,2.860494434053638,absolute,single_20_skip5
2017-09-22,agriculture,P,1,5.305126160210924,strongest,single_20_skip5
2017-09-22,agriculture,JD,-1,-3.7489920152218033,weakest,single_20_skip5
2017-09-22,base_metal,AL,-1,-0.6463659402308861,absolute,single_20_skip5
2017-09-22,chemical_energy,MA,1,2.237795518572349,strongest,single_20_skip5
2017-09-22,chemical_energy,FG,-1,-4.120607374316746,weakest,single_20_skip5
2017-09-22,ferrous,RB,-1,-1.0453263467035963,absolute,single_20_skip5
2017-09-22,government_bond,T,1,2.1835361474022084,absolute,single_20_skip5
2017-09-29,agriculture,M,1,2.2721375751871604,strongest,single_20_skip5
2017-09-29,agriculture,SR,-1,-5.164815192751449,weakest,single_20_skip5
2017-09-29,base_metal,AL,-1,-0.8424267251147096,absolute,single_20_skip5
2017-09-29,chemical_energy,FG,-1,-5.777239263261422,weakest,single_20_skip5
2017-09-29,ferrous,RB,-1,-5.045813891890193,absolute,single_20_skip5
2017-09-29,government_bond,T,1,2.2898769402064074,absolute,single_20_skip5
2017-10-13,agriculture,M,1,0.9029111504560837,strongest,single_20_skip5
2017-10-13,agriculture,SR,-1,-6.815292677920314,weakest,single_20_skip5
2017-10-13,base_metal,AL,-1,-1.3060468064062383,absolute,single_20_skip5
2017-10-13,chemical_energy,RU,-1,-6.4081748201998225,weakest,single_20_skip5
2017-10-13,ferrous,RB,-1,-5.083312061417671,absolute,single_20_skip5
2017-10-13,government_bond,T,1,2.179796038753477,absolute,single_20_skip5
2017-10-20,agriculture,M,1,3.690650525503835,strongest,single_20_skip5
2017-10-20,agriculture,CF,-1,-3.0007344282333075,weakest,single_20_skip5
2017-10-20,base_metal,AL,1,2.053407489822313,absolute,single_20_skip5
2017-10-20,chemical_energy,RU,-1,-7.8089405769709135,weakest,single_20_skip5
2017-10-20,ferrous,RB,-1,-1.0030482125418696,absolute,single_20_skip5
2017-10-20,government_bond,T,-1,-2.55923298997183,absolute,single_20_skip5
2017-10-27,agriculture,M,1,3.2077601168506917,strongest,single_20_skip5
2017-10-27,agriculture,P,-1,-2.619816006151614,weakest,single_20_skip5
2017-10-27,base_metal,AL,-1,-0.14144573025205584,absolute,single_20_skip5
2017-10-27,chemical_energy,FG,1,1.5918878913518035,strongest,single_20_skip5
2017-10-27,chemical_energy,RU,-1,-5.1848279752833335,weakest,single_20_skip5
2017-10-27,ferrous,RB,-1,-0.253487401099134,absolute,single_20_skip5
2017-10-27,government_bond,T,-1,-6.281921586379056,absolute,single_20_skip5
2017-11-03,agriculture,SR,1,4.11521797276129,strongest,single_20_skip5
2017-11-03,agriculture,C,-1,-4.610052277294228,weakest,single_20_skip5
2017-11-03,base_metal,AL,-1,-1.2746038655024798,absolute,single_20_skip5
2017-11-03,chemical_energy,RU,-1,-3.6206862865333687,weakest,single_20_skip5
2017-11-03,ferrous,RB,1,0.20646644197752864,absolute,single_20_skip5
2017-11-03,government_bond,T,-1,-6.7659225901360465,absolute,single_20_skip5
2017-11-10,agriculture,SR,1,4.5176963804309676,strongest,single_20_skip5
2017-11-10,agriculture,C,-1,-2.0369209100406533,weakest,single_20_skip5
2017-11-10,base_metal,AL,-1,-1.512931615681233,absolute,single_20_skip5
2017-11-10,chemical_energy,FG,1,1.6062711604019453,strongest,single_20_skip5
2017-11-10,ferrous,RB,-1,-0.7596991675312349,absolute,single_20_skip5
2017-11-10,government_bond,T,-1,-6.7580992398491,absolute,single_20_skip5
2017-11-17,agriculture,JD,1,4.491260117095627,strongest,single_20_skip5
2017-11-17,agriculture,M,-1,-3.746668732617347,weakest,single_20_skip5
2017-11-17,base_metal,AL,-1,-6.738366430544248,absolute,single_20_skip5
2017-11-17,chemical_energy,MA,1,3.721997614906402,strongest,single_20_skip5
2017-11-17,ferrous,RB,-1,-0.4361130757998208,absolute,single_20_skip5
2017-11-17,government_bond,T,-1,-5.579928926112076,absolute,single_20_skip5
2017-11-24,agriculture,SR,1,2.8691631661771297,strongest,single_20_skip5
2017-11-24,agriculture,P,-1,-1.7230332249486073,weakest,single_20_skip5
2017-11-24,base_metal,AL,-1,-6.582353462137347,absolute,single_20_skip5
2017-11-24,chemical_energy,MA,1,3.5136946405447627,strongest,single_20_skip5
2017-11-24,chemical_energy,RU,-1,-1.2281960825144793,weakest,single_20_skip5
2017-11-24,ferrous,RB,-1,-2.2996975509674775,absolute,single_20_skip5
2017-11-24,government_bond,T,-1,-3.6812754945410116,absolute,single_20_skip5
2017-12-01,agriculture,M,1,5.453016266549518,strongest,single_20_skip5
2017-12-01,agriculture,P,-1,-4.686751080763326,weakest,single_20_skip5
2017-12-01,base_metal,AL,-1,-8.652741526933886,absolute,single_20_skip5
2017-12-01,chemical_energy,FG,1,9.037936574277374,strongest,single_20_skip5
2017-12-01,ferrous,RB,1,3.205359390299839,absolute,single_20_skip5
2017-12-01,government_bond,T,-1,-2.282272171522571,absolute,single_20_skip5
2017-12-08,agriculture,C,1,4.464265181254667,strongest,single_20_skip5
2017-12-08,agriculture,P,-1,-4.475673547215459,weakest,single_20_skip5
2017-12-08,base_metal,AL,-1,-12.030499377221746,absolute,single_20_skip5
2017-12-08,chemical_energy,FG,1,6.098157985876664,strongest,single_20_skip5
2017-12-08,ferrous,RB,1,5.507063244750768,absolute,single_20_skip5
2017-12-08,government_bond,T,-1,-0.01337874388839209,absolute,single_20_skip5
2017-12-15,agriculture,M,1,4.9671411559472745,strongest,single_20_skip5
2017-12-15,agriculture,P,-1,-5.793665250644387,weakest,single_20_skip5
2017-12-15,base_metal,AL,-1,-10.623973803354827,absolute,single_20_skip5
2017-12-15,chemical_energy,MA,1,4.123325338610503,strongest,single_20_skip5
2017-12-15,chemical_energy,RU,-1,-0.48430087726690246,weakest,single_20_skip5
2017-12-15,ferrous,RB,1,1.3363175310144173,absolute,single_20_skip5
2017-12-15,government_bond,T,-1,-0.2097934367532692,absolute,single_20_skip5
2017-12-22,agriculture,C,1,6.24760823801015,strongest,single_20_skip5
2017-12-22,agriculture,P,-1,-5.260221073545708,weakest,single_20_skip5
2017-12-22,base_metal,AL,-1,-7.878442711645311,absolute,single_20_skip5
2017-12-22,chemical_energy,MA,1,3.6524983731056553,strongest,single_20_skip5
2017-12-22,chemical_energy,FG,-1,-0.2427360603893362,weakest,single_20_skip5
2017-12-22,ferrous,RB,1,2.7367561333371775,absolute,single_20_skip5
2017-12-22,government_bond,T,1,0.6913911514241056,absolute,single_20_skip5
2017-12-29,agriculture,C,1,5.04966142591191,strongest,single_20_skip5
2017-12-29,agriculture,P,-1,-5.304086767967516,weakest,single_20_skip5
2017-12-29,base_metal,AL,-1,-4.634385903228403,absolute,single_20_skip5
2017-12-29,chemical_energy,MA,1,3.0186226872850557,strongest,single_20_skip5
2017-12-29,chemical_energy,RU,-1,-0.7239212297586031,weakest,single_20_skip5
2017-12-29,ferrous,RB,1,1.6970961506956646,absolute,single_20_skip5
2017-12-29,government_bond,T,1,2.8942168777900044,absolute,single_20_skip5
2018-01-05,agriculture,C,1,3.034176847761644,strongest,single_20_skip5
2018-01-05,agriculture,JD,-1,-5.1656514662222355,weakest,single_20_skip5
2018-01-05,base_metal,AL,1,1.7417165073839604,absolute,single_20_skip5
2018-01-05,chemical_energy,MA,1,2.995342387564103,strongest,single_20_skip5
2018-01-05,ferrous,RB,-1,-2.780560087111531,absolute,single_20_skip5
2018-01-05,government_bond,T,1,0.279295300896074,absolute,single_20_skip5
2018-01-12,agriculture,C,1,5.862813887889557,strongest,single_20_skip5
2018-01-12,agriculture,SR,-1,-6.370723826683391,weakest,single_20_skip5
2018-01-12,base_metal,AL,1,5.77602235488169,absolute,single_20_skip5
2018-01-12,chemical_energy,MA,1,1.921764273401695,strongest,single_20_skip5
2018-01-12,ferrous,RB,-1,-0.3883188639622052,absolute,single_20_skip5
2018-01-12,government_bond,T,-1,-1.8612840731614502,absolute,single_20_skip5
2018-01-19,agriculture,CF,1,3.825001122078692,strongest,single_20_skip5
2018-01-19,agriculture,M,-1,-4.911676443450937,weakest,single_20_skip5
2018-01-19,base_metal,AL,1,4.116058925054817,absolute,single_20_skip5
2018-01-19,chemical_energy,FG,1,2.656199773926779,strongest,single_20_skip5
2018-01-19,ferrous,RB,1,0.05435780775948808,absolute,single_20_skip5
2018-01-19,government_bond,T,-1,-1.4235735279654205,absolute,single_20_skip5
2018-01-26,agriculture,CF,1,2.5833101608515845,strongest,single_20_skip5
2018-01-26,agriculture,SR,-1,-8.26293146472216,weakest,single_20_skip5
2018-01-26,base_metal,AL,-1,-0.0751915403171483,absolute,single_20_skip5
2018-01-26,chemical_energy,MA,-1,-2.4958891509504393,weakest,single_20_skip5
2018-01-26,ferrous,RB,1,1.0458431991123502,absolute,single_20_skip5
2018-01-26,government_bond,T,-1,-5.571480607278343,absolute,single_20_skip5
2018-02-02,agriculture,CF,1,2.7773593073999123,strongest,single_20_skip5
2018-02-02,agriculture,AP,-1,-8.88727229915161,weakest,single_20_skip5
2018-02-02,base_metal,AL,-1,-3.6690183109799333,absolute,single_20_skip5
2018-02-02,chemical_energy,FG,1,0.46644679448154514,strongest,single_20_skip5
2018-02-02,chemical_energy,RU,-1,-2.748622349069593,weakest,single_20_skip5
2018-02-02,ferrous,RB,1,4.198798187959878,absolute,single_20_skip5
2018-02-02,government_bond,T,-1,-4.864181215623363,absolute,single_20_skip5
2018-02-09,agriculture,CF,1,0.14470194683877102,strongest,single_20_skip5
2018-02-09,agriculture,AP,-1,-13.74628026353254,weakest,single_20_skip5
2018-02-09,base_metal,AL,-1,-4.896275567330686,absolute,single_20_skip5
2018-02-09,chemical_energy,FG,1,1.129445627735599,strongest,single_20_skip5
2018-02-09,chemical_energy,RU,-1,-6.010863339996908,weakest,single_20_skip5
2018-02-09,ferrous,RB,1,4.859306110480566,absolute,single_20_skip5
2018-02-09,government_bond,T,-1,-2.2343421840407625,absolute,single_20_skip5
2018-02-14,agriculture,M,1,1.4475385911404115,strongest,single_20_skip5
2018-02-14,agriculture,AP,-1,-10.48380258142411,weakest,single_20_skip5
2018-02-14,base_metal,AL,-1,-5.043715011796003,absolute,single_20_skip5
2018-02-14,chemical_energy,RU,-1,-6.2684981112574105,weakest,single_20_skip5
2018-02-14,ferrous,RB,1,2.595798849647184,absolute,single_20_skip5
2018-02-14,government_bond,T,-1,-1.1510469083817352,absolute,single_20_skip5
2018-02-23,agriculture,M,1,3.013121651926382,strongest,single_20_skip5
2018-02-23,agriculture,AP,-1,-10.059940631563931,weakest,single_20_skip5
2018-02-23,base_metal,AL,-1,-5.68750109257162,absolute,single_20_skip5
2018-02-23,chemical_energy,RU,-1,-8.645615036505944,weakest,single_20_skip5
2018-02-23,ferrous,RB,1,3.2568341181405644,absolute,single_20_skip5
2018-02-23,government_bond,T,-1,-1.108158446313388,absolute,single_20_skip5
2018-03-02,agriculture,M,1,4.7661299226148905,strongest,single_20_skip5
2018-03-02,agriculture,AP,-1,-4.94338847298342,weakest,single_20_skip5
2018-03-02,base_metal,AL,-1,-3.0606982379839285,absolute,single_20_skip5
2018-03-02,chemical_energy,FG,1,0.08832236801685422,strongest,single_20_skip5
2018-03-02,chemical_energy,RU,-1,-5.065653827280035,weakest,single_20_skip5
2018-03-02,ferrous,RB,1,0.5928421799722537,absolute,single_20_skip5
2018-03-02,government_bond,T,1,1.0269154276607022,absolute,single_20_skip5
2018-03-09,agriculture,M,1,8.850781496096076,strongest,single_20_skip5
2018-03-09,agriculture,AP,-1,-3.77974583848794,weakest,single_20_skip5
2018-03-09,base_metal,AL,-1,-2.5733325230908286,absolute,single_20_skip5
2018-03-09,chemical_energy,FG,1,0.6856894453438436,strongest,single_20_skip5
2018-03-09,chemical_energy,MA,-1,-4.755150008081977,weakest,single_20_skip5
2018-03-09,ferrous,RB,1,1.8294385620639122,absolute,single_20_skip5
2018-03-09,government_bond,T,1,2.48348589800022,absolute,single_20_skip5
2018-03-16,agriculture,M,1,8.459533747613422,strongest,single_20_skip5
2018-03-16,agriculture,SR,-1,-4.221078416363346,weakest,single_20_skip5
2018-03-16,base_metal,AL,-1,-3.161753494461884,absolute,single_20_skip5
2018-03-16,chemical_energy,MA,-1,-2.438426330565822,weakest,single_20_skip5
2018-03-16,ferrous,RB,-1,-4.109776438203614,absolute,single_20_skip5
2018-03-16,government_bond,T,1,3.2998713525524725,absolute,single_20_skip5
2018-03-23,agriculture,M,1,6.567750767818428,strongest,single_20_skip5
2018-03-23,agriculture,SR,-1,-1.4205358942279538,weakest,single_20_skip5
2018-03-23,base_metal,AL,-1,-2.2893639133925623,absolute,single_20_skip5
2018-03-23,chemical_energy,FG,1,1.2182737576353995,strongest,single_20_skip5
2018-03-23,chemical_energy,MA,-1,-1.7081626328161215,weakest,single_20_skip5
2018-03-23,ferrous,RB,-1,-2.6050870796821095,absolute,single_20_skip5
2018-03-23,government_bond,T,1,3.1340001660135397,absolute,single_20_skip5
2018-03-30,agriculture,AP,1,4.066613844903962,strongest,single_20_skip5
2018-03-30,agriculture,JD,-1,-5.525465852008621,weakest,single_20_skip5
2018-03-30,base_metal,AL,-1,-5.579781990121222,absolute,single_20_skip5
2018-03-30,chemical_energy,RU,-1,-5.733862084625807,weakest,single_20_skip5
2018-03-30,ferrous,RB,-1,-6.700958906077495,absolute,single_20_skip5
2018-03-30,government_bond,T,1,7.975612880880219,absolute,single_20_skip5
2018-04-04,agriculture,M,1,2.052691349370486,strongest,single_20_skip5
2018-04-04,agriculture,JD,-1,-5.971995385612406,weakest,single_20_skip5
2018-04-04,base_metal,AL,-1,-5.23123233110016,absolute,single_20_skip5
2018-04-04,chemical_energy,MA,1,0.17172262513802583,strongest,single_20_skip5
2018-04-04,chemical_energy,RU,-1,-7.202826292767704,weakest,single_20_skip5
2018-04-04,ferrous,RB,-1,-7.0733208213343595,absolute,single_20_skip5
2018-04-04,government_bond,T,1,4.5386415494101815,absolute,single_20_skip5
2018-04-13,agriculture,M,1,2.828393461494329,strongest,single_20_skip5
2018-04-13,agriculture,CF,-1,-5.417806182876366,weakest,single_20_skip5
2018-04-13,base_metal,AL,-1,-1.8624609706099442,absolute,single_20_skip5
2018-04-13,chemical_energy,RU,-1,-6.858071365707927,weakest,single_20_skip5
2018-04-13,ferrous,RB,-1,-3.8763618268837967,absolute,single_20_skip5
2018-04-13,government_bond,T,1,2.475135912268251,absolute,single_20_skip5
2018-04-20,agriculture,AP,1,3.61702273495929,strongest,single_20_skip5
2018-04-20,agriculture,SR,-1,-3.110435103779485,weakest,single_20_skip5
2018-04-20,base_metal,AL,1,3.9910679285957285,absolute,single_20_skip5
2018-04-20,chemical_energy,MA,1,0.6758213580215516,strongest,single_20_skip5
2018-04-20,chemical_energy,RU,-1,-5.981182257914643,weakest,single_20_skip5
2018-04-20,ferrous,RB,-1,-0.8256335640544818,absolute,single_20_skip5
2018-04-20,government_bond,T,1,4.8940387294666925,absolute,single_20_skip5
2018-04-27,agriculture,M,1,3.673884148471283,strongest,single_20_skip5
2018-04-27,agriculture,SR,-1,-2.813192063613296,weakest,single_20_skip5
2018-04-27,base_metal,AL,1,4.071949539573146,absolute,single_20_skip5
2018-04-27,chemical_energy,RU,-1,-2.778605573063233,weakest,single_20_skip5
2018-04-27,ferrous,RB,1,0.4173347098034113,absolute,single_20_skip5
2018-04-27,government_bond,T,1,4.914270920713082,absolute,single_20_skip5
2018-05-04,agriculture,AP,1,2.9173962827854933,strongest,single_20_skip5
2018-05-04,agriculture,C,-1,-2.848928069639406,weakest,single_20_skip5
2018-05-04,base_metal,AL,1,2.121481962551889,absolute,single_20_skip5
2018-05-04,chemical_energy,MA,1,2.7730390667050333,strongest,single_20_skip5
2018-05-04,ferrous,RB,1,5.925402625440074,absolute,single_20_skip5
2018-05-04,government_bond,T,1,2.028979660562305,absolute,single_20_skip5
2018-05-11,agriculture,AP,1,4.78465356566433,strongest,single_20_skip5
2018-05-11,agriculture,P,-1,-5.1575187832910885,weakest,single_20_skip5
2018-05-11,base_metal,AL,1,1.783841809236584,absolute,single_20_skip5
2018-05-11,chemical_energy,MA,1,4.849476014647933,strongest,single_20_skip5
2018-05-11,ferrous,RB,1,4.485859052854906,absolute,single_20_skip5
2018-05-11,government_bond,T,1,2.859692246649046,absolute,single_20_skip5
2018-05-18,agriculture,AP,1,8.295781618313876,strongest,single_20_skip5
2018-05-18,agriculture,M,-1,-4.198595906040222,weakest,single_20_skip5
2018-05-18,base_metal,AL,1,0.7330927315452208,absolute,single_20_skip5
2018-05-18,chemical_energy,SC,1,7.303623636630551,strongest,single_20_skip5
2018-05-18,ferrous,RB,1,3.882402414261562,absolute,single_20_skip5
2018-05-18,government_bond,T,1,0.8797746884982051,absolute,single_20_skip5
2018-05-25,agriculture,AP,1,9.855124128402156,strongest,single_20_skip5
2018-05-25,agriculture,M,-1,-7.1234418777928115,weakest,single_20_skip5
2018-05-25,base_metal,AL,-1,-0.6206122598959218,absolute,single_20_skip5
2018-05-25,chemical_energy,SC,1,7.647662409618509,strongest,single_20_skip5
2018-05-25,chemical_energy,FG,-1,-1.4685900574213118,weakest,single_20_skip5
2018-05-25,ferrous,RB,1,2.8368435371169602,absolute,single_20_skip5
2018-05-25,government_bond,T,-1,-5.090271494766469,absolute,single_20_skip5
2018-06-01,agriculture,AP,1,8.097309886808098,strongest,single_20_skip5
2018-06-01,agriculture,M,-1,-4.117338880970282,weakest,single_20_skip5
2018-06-01,base_metal,AL,1,3.160031296004818,absolute,single_20_skip5
2018-06-01,chemical_energy,SC,1,5.871596003792327,strongest,single_20_skip5
2018-06-01,ferrous,RB,-1,-0.13483613237495776,absolute,single_20_skip5
2018-06-01,government_bond,T,1,1.715027992293521,absolute,single_20_skip5
2018-06-08,agriculture,AP,1,7.444399077767602,strongest,single_20_skip5
2018-06-08,agriculture,M,-1,-4.189216591363325,weakest,single_20_skip5
2018-06-08,chemical_energy,FG,1,4.601535542971898,strongest,single_20_skip5
2018-06-08,ferrous,RB,1,1.4724392950285132,absolute,single_20_skip5
2018-06-08,government_bond,T,1,0.27814519661510045,absolute,single_20_skip5
2018-06-15,agriculture,CF,1,2.8871502059179073,strongest,single_20_skip5
2018-06-15,agriculture,M,-1,-4.16526932416415,weakest,single_20_skip5
2018-06-15,base_metal,AL,1,1.362282626142014,absolute,single_20_skip5
2018-06-15,chemical_energy,FG,1,6.89993467758463,strongest,single_20_skip5
2018-06-15,chemical_energy,RU,-1,-1.119876375795296,weakest,single_20_skip5
2018-06-15,ferrous,RB,1,3.2730395319647063,absolute,single_20_skip5
2018-06-15,government_bond,T,1,2.199283997693672,absolute,single_20_skip5
2018-06-22,agriculture,AP,1,2.14688073976099,strongest,single_20_skip5
2018-06-22,agriculture,SR,-1,-5.047295811402407,weakest,single_20_skip5
2018-06-22,base_metal,AL,-1,-2.322013820140116,absolute,single_20_skip5
2018-06-22,chemical_energy,FG,1,4.5861431168515825,strongest,single_20_skip5
2018-06-22,chemical_energy,RU,-1,-2.2643422248727494,weakest,single_20_skip5
2018-06-22,ferrous,RB,1,5.12621344499703,absolute,single_20_skip5
2018-06-22,government_bond,T,1,3.463669208976529,absolute,single_20_skip5
2018-06-29,agriculture,JD,1,1.6640318895495765,strongest,single_20_skip5
2018-06-29,agriculture,SR,-1,-6.2575736361018475,weakest,single_20_skip5
2018-06-29,base_metal,AL,-1,-3.6604330417099464,absolute,single_20_skip5
2018-06-29,chemical_energy,FG,1,3.6898870577007217,strongest,single_20_skip5
2018-06-29,chemical_energy,RU,-1,-5.125649618970845,weakest,single_20_skip5
2018-06-29,ferrous,RB,1,3.2370416701692966,absolute,single_20_skip5
2018-06-29,government_bond,T,1,2.9375875921480157,absolute,single_20_skip5
2018-07-06,agriculture,JD,1,2.504947735124431,strongest,single_20_skip5
2018-07-06,agriculture,CF,-1,-5.4151465153169625,weakest,single_20_skip5
2018-07-06,base_metal,AL,-1,-2.9036157890258463,absolute,single_20_skip5
2018-07-06,chemical_energy,SC,1,3.4000064315353815,strongest,single_20_skip5
2018-07-06,chemical_energy,RU,-1,-4.324153849543359,weakest,single_20_skip5
2018-07-06,ferrous,RB,1,1.8491216055312942,absolute,single_20_skip5
2018-07-06,government_bond,T,1,3.745299042742784,absolute,single_20_skip5
2018-07-13,agriculture,C,1,1.8123054983948534,strongest,single_20_skip5
2018-07-13,agriculture,SR,-1,-7.432045271171387,weakest,single_20_skip5
2018-07-13,base_metal,AL,-1,-7.348781886230379,absolute,single_20_skip5
2018-07-13,chemical_energy,SC,1,4.402404278902968,strongest,single_20_skip5
2018-07-13,chemical_energy,RU,-1,-5.32594278484814,weakest,single_20_skip5
2018-07-13,ferrous,RB,-1,-0.44880101821108664,absolute,single_20_skip5
2018-07-13,government_bond,T,1,3.753905362207336,absolute,single_20_skip5
2018-07-20,agriculture,C,1,2.665800725203136,strongest,single_20_skip5
2018-07-20,agriculture,SR,-1,-7.49162510666135,weakest,single_20_skip5
2018-07-20,base_metal,AL,-1,-4.345750659914421,absolute,single_20_skip5
2018-07-20,chemical_energy,SC,1,2.862454187334077,strongest,single_20_skip5
2018-07-20,chemical_energy,RU,-1,-2.350658560668523,weakest,single_20_skip5
2018-07-20,ferrous,RB,1,0.9370204886382718,absolute,single_20_skip5
2018-07-20,government_bond,T,1,3.68933570198637,absolute,single_20_skip5
2018-07-27,agriculture,C,1,3.1610447969536537,strongest,single_20_skip5
2018-07-27,agriculture,SR,-1,-5.6073246974914115,weakest,single_20_skip5
2018-07-27,base_metal,AL,-1,-2.020189099389723,absolute,single_20_skip5
2018-07-27,chemical_energy,MA,1,6.451508773377089,strongest,single_20_skip5
2018-07-27,chemical_energy,RU,-1,-1.8353370924557806,weakest,single_20_skip5
2018-07-27,ferrous,RB,1,4.551802000741888,absolute,single_20_skip5
2018-07-27,government_bond,T,1,0.14135074005585382,absolute,single_20_skip5
2018-08-03,agriculture,SR,-1,-3.807700109213412,weakest,single_20_skip5
2018-08-03,base_metal,AL,1,1.3213070515672853,absolute,single_20_skip5
2018-08-03,chemical_energy,MA,1,2.8834524575312845,strongest,single_20_skip5
2018-08-03,chemical_energy,RU,-1,-2.366226250649397,weakest,single_20_skip5
2018-08-03,ferrous,RB,1,6.554485880469657,absolute,single_20_skip5
2018-08-03,government_bond,T,-1,-1.0248147676521067,absolute,single_20_skip5
2018-08-10,agriculture,CF,1,3.4970205816121673,strongest,single_20_skip5
2018-08-10,agriculture,P,-1,-1.1258153901050392,weakest,single_20_skip5
2018-08-10,base_metal,AL,1,2.6412227265285226,absolute,single_20_skip5
2018-08-10,chemical_energy,MA,1,4.788010958834815,strongest,single_20_skip5
2018-08-10,chemical_energy,RU,-1,-1.5584551854738404,weakest,single_20_skip5
2018-08-10,ferrous,RB,1,8.672898239007699,absolute,single_20_skip5
2018-08-10,government_bond,T,1,1.7419559647614906,absolute,single_20_skip5
2018-08-17,agriculture,P,1,9.012557561570208,strongest,single_20_skip5
2018-08-17,base_metal,AL,1,3.600464564706148,absolute,single_20_skip5
2018-08-17,chemical_energy,MA,1,4.335903367987155,strongest,single_20_skip5
2018-08-17,chemical_energy,FG,-1,-0.666450181300775,weakest,single_20_skip5
2018-08-17,ferrous,RB,1,5.812642548826716,absolute,single_20_skip5
2018-08-17,government_bond,T,-1,-1.7340222393368636,absolute,single_20_skip5
2018-08-24,agriculture,AP,1,6.564211356009908,strongest,single_20_skip5
2018-08-24,agriculture,SR,-1,-1.9778887923456396,weakest,single_20_skip5
2018-08-24,base_metal,AL,1,1.865089003126051,absolute,single_20_skip5
2018-08-24,chemical_energy,MA,1,3.2777884405836457,strongest,single_20_skip5
2018-08-24,chemical_energy,RU,-1,-3.0808411040944375,weakest,single_20_skip5
2018-08-24,ferrous,RB,1,7.345951042093652,absolute,single_20_skip5
2018-08-24,government_bond,T,-1,-3.9736777233382026,absolute,single_20_skip5
2018-08-31,agriculture,AP,1,3.688282170987273,strongest,single_20_skip5
2018-08-31,agriculture,M,-1,-1.0002853373130334,weakest,single_20_skip5
2018-08-31,base_metal,AL,1,1.9958039128301606,absolute,single_20_skip5
2018-08-31,chemical_energy,MA,1,3.353471673663785,strongest,single_20_skip5
2018-08-31,ferrous,RB,1,5.282270227297663,absolute,single_20_skip5
2018-08-31,government_bond,T,-1,-3.353174035957867,absolute,single_20_skip5
2018-09-07,agriculture,C,1,3.8283750394142673,strongest,single_20_skip5
2018-09-07,agriculture,SR,-1,-1.5343048213604715,weakest,single_20_skip5
2018-09-07,base_metal,AL,1,2.556517429821703,absolute,single_20_skip5
2018-09-07,chemical_energy,SC,1,1.3572791262679702,strongest,single_20_skip5
2018-09-07,ferrous,RB,1,0.76193351498962,absolute,single_20_skip5
2018-09-07,government_bond,T,-1,-4.3982736706659376,absolute,single_20_skip5
2018-09-14,agriculture,C,1,3.0000000000000027,strongest,single_20_skip5
2018-09-14,agriculture,CF,-1,-3.682630647690082,weakest,single_20_skip5
2018-09-14,base_metal,AL,-1,-0.1742497807003478,absolute,single_20_skip5
2018-09-14,chemical_energy,MA,1,1.7447645691798477,strongest,single_20_skip5
2018-09-14,chemical_energy,FG,-1,-3.7194143259363606,weakest,single_20_skip5
2018-09-14,ferrous,RB,1,1.7572620506735965,absolute,single_20_skip5
2018-09-14,government_bond,T,-1,-3.0826283051029377,absolute,single_20_skip5
2018-09-21,agriculture,JD,1,1.461806785033052,strongest,single_20_skip5
2018-09-21,agriculture,M,-1,-2.076111582565816,weakest,single_20_skip5
2018-09-21,base_metal,AL,1,0.8375277989799621,absolute,single_20_skip5
2018-09-21,chemical_energy,SC,1,4.058692939176493,strongest,single_20_skip5
2018-09-21,chemical_energy,FG,-1,-5.225083424461955,weakest,single_20_skip5
2018-09-21,ferrous,RB,-1,-2.2666024446571145,absolute,single_20_skip5
2018-09-28,agriculture,AP,1,4.69944594290783,strongest,single_20_skip5
2018-09-28,agriculture,P,-1,-5.013237883316692,weakest,single_20_skip5
2018-09-28,base_metal,AL,-1,-0.8831524465091305,absolute,single_20_skip5
2018-09-28,chemical_energy,SC,1,3.966890968828764,strongest,single_20_skip5
2018-09-28,chemical_energy,FG,-1,-6.234988162768236,weakest,single_20_skip5
2018-09-28,ferrous,RB,-1,-1.7543377141305578,absolute,single_20_skip5
2018-09-28,government_bond,T,-1,-4.099631759101156,absolute,single_20_skip5
2018-10-12,agriculture,M,1,6.272817748651314,strongest,single_20_skip5
2018-10-12,agriculture,CF,-1,-5.070464692548755,weakest,single_20_skip5
2018-10-12,base_metal,AL,-1,-6.378782467276072,absolute,single_20_skip5
2018-10-12,chemical_energy,SC,1,5.371137655870485,strongest,single_20_skip5
2018-10-12,chemical_energy,FG,-1,-7.069531862923829,weakest,single_20_skip5
2018-10-12,ferrous,RB,-1,-2.0946479059151173,absolute,single_20_skip5
2018-10-12,government_bond,T,-1,-1.1550898345707872,absolute,single_20_skip5
2018-10-19,agriculture,JD,1,7.850635487902442,strongest,single_20_skip5
2018-10-19,agriculture,CF,-1,-4.383568924090413,weakest,single_20_skip5
2018-10-19,base_metal,AL,-1,-2.750575998650468,absolute,single_20_skip5
2018-10-19,chemical_energy,SC,1,4.531514738030654,strongest,single_20_skip5
2018-10-19,chemical_energy,FG,-1,-2.649268140168823,weakest,single_20_skip5
2018-10-19,ferrous,RB,-1,-0.49317037431337196,absolute,single_20_skip5
2018-10-19,government_bond,T,1,1.5708129565449263,absolute,single_20_skip5
2018-10-26,agriculture,M,1,8.423796204435542,strongest,single_20_skip5
2018-10-26,agriculture,CF,-1,-6.087462869346484,weakest,single_20_skip5
2018-10-26,base_metal,AL,-1,-2.653093821214496,absolute,single_20_skip5
2018-10-26,chemical_energy,MA,1,1.5605357216792133,strongest,single_20_skip5
2018-10-26,chemical_energy,FG,-1,-3.3444244176289732,weakest,single_20_skip5
2018-10-26,ferrous,RB,-1,-0.24818911876294472,absolute,single_20_skip5
2018-10-26,government_bond,T,1,4.015516195002191,absolute,single_20_skip5
2018-11-02,agriculture,JD,1,7.15348612658355,strongest,single_20_skip5
2018-11-02,agriculture,CF,-1,-6.300648035468969,weakest,single_20_skip5
2018-11-02,base_metal,AL,-1,-3.1033859810429085,absolute,single_20_skip5
2018-11-02,chemical_energy,SC,1,0.17796961477361178,strongest,single_20_skip5
2018-11-02,chemical_energy,RU,-1,-3.2323572080334464,weakest,single_20_skip5
2018-11-02,ferrous,RB,1,1.5062155686983667,absolute,single_20_skip5
2018-11-02,government_bond,T,1,7.786507751893591,absolute,single_20_skip5
2018-11-09,agriculture,JD,1,5.692378969037549,strongest,single_20_skip5
2018-11-09,agriculture,M,-1,-4.180660745124218,weakest,single_20_skip5
2018-11-09,base_metal,AL,-1,-2.6398108405388707,absolute,single_20_skip5
2018-11-09,chemical_energy,SC,-1,-4.06096890375589,weakest,single_20_skip5
2018-11-09,ferrous,RB,1,1.7761877605380723,absolute,single_20_skip5
2018-11-09,government_bond,T,1,2.952855402540195,absolute,single_20_skip5
2018-11-16,agriculture,C,1,4.717972359211596,strongest,single_20_skip5
2018-11-16,agriculture,P,-1,-8.6561710525987,weakest,single_20_skip5
2018-11-16,base_metal,AL,-1,-4.27573141696166,absolute,single_20_skip5
2018-11-16,chemical_energy,MA,-1,-9.564128493912662,weakest,single_20_skip5
2018-11-16,ferrous,RB,-1,-2.3497909308664195,absolute,single_20_skip5
2018-11-16,government_bond,T,1,3.80980792633857,absolute,single_20_skip5
2018-11-23,agriculture,AP,1,6.016103507725475,strongest,single_20_skip5
2018-11-23,agriculture,P,-1,-9.707397792060418,weakest,single_20_skip5
2018-11-23,base_metal,AL,-1,-4.611795389695665,absolute,single_20_skip5
2018-11-23,chemical_energy,SC,-1,-8.352080767636686,weakest,single_20_skip5
2018-11-23,ferrous,RB,-1,-2.4258773566853713,absolute,single_20_skip5
2018-11-23,government_bond,T,1,6.862392093469845,absolute,single_20_skip5
2018-11-30,agriculture,AP,1,2.530600791145659,strongest,single_20_skip5
2018-11-30,agriculture,P,-1,-9.657001996748784,weakest,single_20_skip5
2018-11-30,base_metal,AL,-1,-4.423753972121079,absolute,single_20_skip5
2018-11-30,chemical_energy,SC,-1,-12.451675167816,weakest,single_20_skip5
2018-11-30,ferrous,RB,-1,-9.178606847911956,absolute,single_20_skip5
2018-11-30,government_bond,T,1,4.499338310260314,absolute,single_20_skip5
2018-12-07,agriculture,P,-1,-5.985955309443947,weakest,single_20_skip5
2018-12-07,base_metal,AL,-1,-5.76568849440179,absolute,single_20_skip5
2018-12-07,chemical_energy,MA,-1,-9.62343197470844,weakest,single_20_skip5
2018-12-07,ferrous,RB,-1,-6.931868432294215,absolute,single_20_skip5
2018-12-07,government_bond,T,1,5.3746642588685765,absolute,single_20_skip5
2018-12-14,agriculture,C,-1,-7.249176238023639,weakest,single_20_skip5
2018-12-14,base_metal,AL,-1,-2.6754827326428674,absolute,single_20_skip5
2018-12-14,chemical_energy,FG,1,2.9316555639735125,strongest,single_20_skip5
2018-12-14,chemical_energy,SC,-1,-7.648089254673614,weakest,single_20_skip5
2018-12-14,ferrous,RB,-1,-2.6535736056740973,absolute,single_20_skip5
2018-12-14,government_bond,T,1,5.349112414593751,absolute,single_20_skip5
2018-12-21,agriculture,C,-1,-5.5407066954488,weakest,single_20_skip5
2018-12-21,base_metal,AL,-1,-1.723827322175673,absolute,single_20_skip5
2018-12-21,chemical_energy,FG,1,2.3055192804375673,strongest,single_20_skip5
2018-12-21,chemical_energy,SC,-1,-4.6312219722370935,weakest,single_20_skip5
2018-12-21,ferrous,RB,-1,-1.3349859633572927,absolute,single_20_skip5
2018-12-21,government_bond,T,-1,-1.4334283910332426,absolute,single_20_skip5
2018-12-28,agriculture,P,1,2.1665912505728633,strongest,single_20_skip5
2018-12-28,agriculture,C,-1,-4.679999395838537,weakest,single_20_skip5
2018-12-28,base_metal,AL,-1,-0.850480332869704,absolute,single_20_skip5
2018-12-28,chemical_energy,RU,1,2.5710978358609444,strongest,single_20_skip5
2018-12-28,chemical_energy,SC,-1,-4.535344014595333,weakest,single_20_skip5
2018-12-28,ferrous,RB,1,3.2219150246468815,absolute,single_20_skip5
2018-12-28,government_bond,T,1,0.8062542648607397,absolute,single_20_skip5
2019-01-04,agriculture,JD,1,0.9431593003631897,strongest,single_20_skip5
2019-01-04,agriculture,C,-1,-5.599192286604557,weakest,single_20_skip5
2019-01-04,base_metal,AL,1,0.48690517438342806,absolute,single_20_skip5
2019-01-04,chemical_energy,SC,-1,-5.9961808825252,weakest,single_20_skip5
2019-01-04,ferrous,RB,1,1.685956419426518,absolute,single_20_skip5
2019-01-04,government_bond,T,1,2.228140680387911,absolute,single_20_skip5
2019-01-11,agriculture,P,1,2.316118091416509,strongest,single_20_skip5
2019-01-11,agriculture,AP,-1,-4.6818041374787445,weakest,single_20_skip5
2019-01-11,base_metal,AL,-1,-4.084473874230123,absolute,single_20_skip5
2019-01-11,chemical_energy,RU,1,3.343024182094241,strongest,single_20_skip5
2019-01-11,chemical_energy,SC,-1,-2.433879253788658,weakest,single_20_skip5
2019-01-11,ferrous,RB,1,0.379002048066431,absolute,single_20_skip5
2019-01-11,government_bond,T,1,2.8767584250272518,absolute,single_20_skip5
2019-01-18,agriculture,P,1,2.6806095469091376,strongest,single_20_skip5
2019-01-18,agriculture,AP,-1,-5.52618511534566,weakest,single_20_skip5
2019-01-18,base_metal,AL,-1,-2.8893260310228284,absolute,single_20_skip5
2019-01-18,chemical_energy,FG,1,4.231298887884917,strongest,single_20_skip5
2019-01-18,chemical_energy,SC,-1,-0.41884550346909305,weakest,single_20_skip5
2019-01-18,ferrous,RB,1,4.596182215822892,absolute,single_20_skip5
2019-01-18,government_bond,T,1,2.0563880042039178,absolute,single_20_skip5
2019-01-25,agriculture,P,1,1.515653104217725,strongest,single_20_skip5
2019-01-25,agriculture,AP,-1,-3.872045426151524,weakest,single_20_skip5
2019-01-25,base_metal,AL,-1,-2.404009108862457,absolute,single_20_skip5
2019-01-25,chemical_energy,SP,1,4.595865674818482,strongest,single_20_skip5
2019-01-25,ferrous,RB,1,4.254023415102048,absolute,single_20_skip5
2019-01-25,government_bond,T,1,4.261008469846304,absolute,single_20_skip5
2019-02-01,agriculture,P,1,5.209157579933133,strongest,single_20_skip5
2019-02-01,agriculture,JD,-1,-2.4607918842120045,weakest,single_20_skip5
2019-02-01,base_metal,AL,-1,-2.8432872630349406,absolute,single_20_skip5
2019-02-01,chemical_energy,SP,1,7.302111986617085,strongest,single_20_skip5
2019-02-01,ferrous,RB,1,7.592909197887771,absolute,single_20_skip5
2019-02-01,government_bond,T,1,1.0732618112314602,absolute,single_20_skip5
2019-02-15,agriculture,SR,1,5.168900718471754,strongest,single_20_skip5
2019-02-15,agriculture,M,-1,-3.7344080879218153,weakest,single_20_skip5
2019-02-15,base_metal,AL,1,1.2302549949202684,absolute,single_20_skip5
2019-02-15,chemical_energy,FG,1,4.79190024734622,strongest,single_20_skip5
2019-02-15,chemical_energy,RU,-1,-3.0268141429619435,weakest,single_20_skip5
2019-02-15,ferrous,RB,1,7.167992779148642,absolute,single_20_skip5
2019-02-15,government_bond,T,-1,-0.1258806214511058,absolute,single_20_skip5
2019-02-22,agriculture,AP,1,4.685525134497967,strongest,single_20_skip5
2019-02-22,agriculture,JD,-1,-2.0431092829409905,weakest,single_20_skip5
2019-02-22,chemical_energy,SC,1,2.8775291651205275,strongest,single_20_skip5
2019-02-22,chemical_energy,MA,-1,-0.4522854989988886,weakest,single_20_skip5
2019-02-22,ferrous,RB,1,1.0489500418889897,absolute,single_20_skip5
2019-02-22,government_bond,T,-1,-0.3382997729760874,absolute,single_20_skip5
2019-03-01,agriculture,AP,1,6.212418055642305,strongest,single_20_skip5
2019-03-01,agriculture,C,-1,-0.91080329925589,weakest,single_20_skip5
2019-03-01,base_metal,AL,1,1.5815286221305462,absolute,single_20_skip5
2019-03-01,chemical_energy,SP,1,3.854442569242858,strongest,single_20_skip5
2019-03-01,ferrous,RB,1,1.8067249396106215,absolute,single_20_skip5
2019-03-01,government_bond,T,-1,-0.8568307335299519,absolute,single_20_skip5
2019-03-08,agriculture,SR,1,2.3482123829445376,strongest,single_20_skip5
2019-03-08,agriculture,P,-1,-2.964424784525215,weakest,single_20_skip5
2019-03-08,base_metal,AL,1,1.4149458611304373,absolute,single_20_skip5
2019-03-08,chemical_energy,RU,1,5.169056010704826,strongest,single_20_skip5
2019-03-08,chemical_energy,FG,-1,-0.4538743615896592,weakest,single_20_skip5
2019-03-08,ferrous,RB,1,1.736795105042181,absolute,single_20_skip5
2019-03-08,government_bond,T,-1,-2.123017570668787,absolute,single_20_skip5
2019-03-15,agriculture,AP,1,2.8916210906884126,strongest,single_20_skip5
2019-03-15,agriculture,P,-1,-3.6867915346987843,weakest,single_20_skip5
2019-03-15,base_metal,AL,-1,-0.6188260954695682,absolute,single_20_skip5
2019-03-15,chemical_energy,RU,1,2.6750530664382066,strongest,single_20_skip5
2019-03-15,chemical_energy,FG,-1,-4.550401984714695,weakest,single_20_skip5
2019-03-15,ferrous,RB,1,0.26992948252303295,absolute,single_20_skip5
2019-03-15,government_bond,T,1,0.6033755303621453,absolute,single_20_skip5
2019-03-22,agriculture,SR,1,2.7411200347547613,strongest,single_20_skip5
2019-03-22,agriculture,P,-1,-5.860517247439186,weakest,single_20_skip5
2019-03-22,base_metal,AL,1,3.070048346588993,absolute,single_20_skip5
2019-03-22,chemical_energy,RU,1,0.8697660333683583,strongest,single_20_skip5
2019-03-22,chemical_energy,FG,-1,-2.2670034626414486,weakest,single_20_skip5
2019-03-22,ferrous,RB,1,2.7248982684235696,absolute,single_20_skip5
2019-03-22,government_bond,T,1,0.12386250022791898,absolute,single_20_skip5
2019-03-29,agriculture,JD,1,2.4819461321574714,strongest,single_20_skip5
2019-03-29,agriculture,P,-1,-5.1073154022583,weakest,single_20_skip5
2019-03-29,base_metal,AL,1,0.9666808275722223,absolute,single_20_skip5
2019-03-29,chemical_energy,SC,1,0.1568747568961468,strongest,single_20_skip5
2019-03-29,chemical_energy,SP,-1,-6.318967505992072,weakest,single_20_skip5
2019-03-29,ferrous,RB,1,0.6641857550089223,absolute,single_20_skip5
2019-03-29,government_bond,T,1,0.9044631982240888,absolute,single_20_skip5
2019-04-04,agriculture,AP,1,3.6443050415104534,strongest,single_20_skip5
2019-04-04,agriculture,P,-1,-4.169796413852603,weakest,single_20_skip5
2019-04-04,base_metal,AL,1,0.05915258276495242,absolute,single_20_skip5
2019-04-04,chemical_energy,SC,1,1.4445710694856326,strongest,single_20_skip5
2019-04-04,chemical_energy,RU,-1,-7.237918983337146,weakest,single_20_skip5
2019-04-04,ferrous,RB,-1,-1.0869426463707348,absolute,single_20_skip5
2019-04-04,government_bond,T,1,4.75971805219328,absolute,single_20_skip5
2019-04-12,agriculture,AP,1,2.354538860653069,strongest,single_20_skip5
2019-04-12,agriculture,P,-1,-2.8298728405117064,weakest,single_20_skip5
2019-04-12,base_metal,AL,1,3.9681635675138915,absolute,single_20_skip5
2019-04-12,chemical_energy,SC,1,4.172591727101165,strongest,single_20_skip5
2019-04-12,chemical_energy,RU,-1,-4.473813134155509,weakest,single_20_skip5
2019-04-12,ferrous,RB,1,1.2201703847520597,absolute,single_20_skip5
2019-04-12,government_bond,T,-1,-4.735717560275928,absolute,single_20_skip5
2019-04-19,agriculture,AP,1,5.280894663470193,strongest,single_20_skip5
2019-04-19,agriculture,M,-1,-1.2708047256528403,weakest,single_20_skip5
2019-04-19,base_metal,AL,1,2.3575691624591997,absolute,single_20_skip5
2019-04-19,chemical_energy,SC,1,3.039734025788766,strongest,single_20_skip5
2019-04-19,chemical_energy,MA,-1,-3.3309255596123757,weakest,single_20_skip5
2019-04-19,ferrous,RB,1,5.353506264743502,absolute,single_20_skip5
2019-04-19,government_bond,T,-1,-3.124654725298541,absolute,single_20_skip5
2019-04-26,agriculture,AP,1,6.878422842295422,strongest,single_20_skip5
2019-04-26,agriculture,P,-1,-2.1151193180834427,weakest,single_20_skip5
2019-04-26,base_metal,AL,1,3.1552173599165343,absolute,single_20_skip5
2019-04-26,chemical_energy,FG,1,2.7438759626708356,strongest,single_20_skip5
2019-04-26,chemical_energy,RU,-1,-4.152855506652888,weakest,single_20_skip5
2019-04-26,ferrous,RB,1,4.1251557086964805,absolute,single_20_skip5
2019-04-26,government_bond,T,-1,-4.169252210154393,absolute,single_20_skip5
2019-04-30,agriculture,AP,1,7.002132004670833,strongest,single_20_skip5
2019-04-30,agriculture,P,-1,-1.105931345691294,weakest,single_20_skip5
2019-04-30,base_metal,AL,1,7.678900783405155,absolute,single_20_skip5
2019-04-30,chemical_energy,SC,1,7.063155440528094,strongest,single_20_skip5
2019-04-30,chemical_energy,MA,-1,-2.8442939006782737,weakest,single_20_skip5
2019-04-30,ferrous,RB,1,6.238246566809126,absolute,single_20_skip5
2019-04-30,government_bond,T,-1,-6.440464812163858,absolute,single_20_skip5
2019-05-10,agriculture,C,1,5.388890866633334,strongest,single_20_skip5
2019-05-10,agriculture,P,-1,-1.6824136124686926,weakest,single_20_skip5
2019-05-10,base_metal,AL,1,3.97075721378337,absolute,single_20_skip5
2019-05-10,chemical_energy,FG,1,3.0184967367801336,strongest,single_20_skip5
2019-05-10,chemical_energy,MA,-1,-3.4895307678334277,weakest,single_20_skip5
2019-05-10,ferrous,RB,1,5.776469632408969,absolute,single_20_skip5
2019-05-10,government_bond,T,-1,-2.351950961837768,absolute,single_20_skip5
2019-05-17,agriculture,AP,1,5.850601921811332,strongest,single_20_skip5
2019-05-17,agriculture,P,-1,-6.700092692512009,weakest,single_20_skip5
2019-05-17,base_metal,AL,1,2.9533337632868406,absolute,single_20_skip5
2019-05-17,chemical_energy,FG,1,4.348161410676994,strongest,single_20_skip5
2019-05-17,chemical_energy,SP,-1,-6.179273482901954,weakest,single_20_skip5
2019-05-17,ferrous,RB,-1,-0.22940773113279556,absolute,single_20_skip5
2019-05-17,government_bond,T,1,2.2862966243111513,absolute,single_20_skip5
2019-05-24,agriculture,AP,1,7.221928900591518,strongest,single_20_skip5
2019-05-24,agriculture,CF,-1,-5.604838347176778,weakest,single_20_skip5
2019-05-24,base_metal,AL,1,3.3951176709457407,absolute,single_20_skip5
2019-05-24,chemical_energy,FG,1,4.375367875136271,strongest,single_20_skip5
2019-05-24,chemical_energy,SP,-1,-6.857005670541067,weakest,single_20_skip5
2019-05-24,ferrous,RB,-1,-0.1796821970252688,absolute,single_20_skip5
2019-05-24,government_bond,T,1,5.092963212035257,absolute,single_20_skip5
2019-05-31,agriculture,AP,1,9.84855808219549,strongest,single_20_skip5
2019-05-31,agriculture,CF,-1,-6.846009859150444,weakest,single_20_skip5
2019-05-31,base_metal,AL,1,0.4066940221293663,absolute,single_20_skip5
2019-05-31,chemical_energy,FG,1,2.5513458328718053,strongest,single_20_skip5
2019-05-31,chemical_energy,SP,-1,-6.966179518805435,weakest,single_20_skip5
2019-05-31,ferrous,RB,1,2.2881199292579684,absolute,single_20_skip5
2019-05-31,government_bond,T,1,4.028690212412273,absolute,single_20_skip5
2019-06-06,agriculture,M,1,7.7948407136608004,strongest,single_20_skip5
2019-06-06,agriculture,CF,-1,-5.7644729191202835,weakest,single_20_skip5
2019-06-06,base_metal,AL,-1,-0.7347548540601987,absolute,single_20_skip5
2019-06-06,chemical_energy,RU,1,2.477988615039854,strongest,single_20_skip5
2019-06-06,chemical_energy,SP,-1,-6.202418316478912,weakest,single_20_skip5
2019-06-06,government_bond,T,1,4.791259164725059,absolute,single_20_skip5
2019-06-14,agriculture,M,1,3.779827437197906,strongest,single_20_skip5
2019-06-14,agriculture,CF,-1,-6.041760923740282,weakest,single_20_skip5
2019-06-14,base_metal,AL,-1,-0.5625454376889408,absolute,single_20_skip5
2019-06-14,chemical_energy,FG,1,2.625222753131173,strongest,single_20_skip5
2019-06-14,chemical_energy,SP,-1,-6.621601029162726,weakest,single_20_skip5
2019-06-14,government_bond,T,1,4.064871248036939,absolute,single_20_skip5
2019-06-21,agriculture,M,1,3.7392125509049214,strongest,single_20_skip5
2019-06-21,agriculture,CF,-1,-3.303595886357436,weakest,single_20_skip5
2019-06-21,base_metal,AL,-1,-4.539658210583678,absolute,single_20_skip5
2019-06-21,chemical_energy,FG,1,3.1241639920046413,strongest,single_20_skip5
2019-06-21,chemical_energy,SP,-1,-6.356231851327324,weakest,single_20_skip5
2019-06-21,ferrous,RB,1,0.20318835455872178,absolute,single_20_skip5
2019-06-21,government_bond,T,1,2.9800413474975187,absolute,single_20_skip5
2019-06-28,agriculture,SR,1,2.561278861274157,strongest,single_20_skip5
2019-06-28,agriculture,AP,-1,-2.8243695746675495,weakest,single_20_skip5
2019-06-28,base_metal,AL,-1,-3.0714103634283982,absolute,single_20_skip5
2019-06-28,chemical_energy,FG,1,4.447701500093164,strongest,single_20_skip5
2019-06-28,chemical_energy,SP,-1,-5.7573138040634,weakest,single_20_skip5
2019-06-28,ferrous,RB,-1,-0.39662662828811596,absolute,single_20_skip5
2019-06-28,government_bond,T,1,2.7232366886950077,absolute,single_20_skip5
2019-07-05,agriculture,SR,1,1.249351910231469,strongest,single_20_skip5
2019-07-05,agriculture,P,-1,-4.464428947560354,weakest,single_20_skip5
2019-07-05,base_metal,AL,-1,-2.925893854112864,absolute,single_20_skip5
2019-07-05,chemical_energy,FG,1,5.32737831379194,strongest,single_20_skip5
2019-07-05,chemical_energy,MA,-1,-3.5377837061602113,weakest,single_20_skip5
2019-07-05,ferrous,RB,1,4.8640382795504395,absolute,single_20_skip5
2019-07-05,government_bond,T,1,3.09930453167364,absolute,single_20_skip5
2019-07-12,agriculture,SR,1,4.52431693212897,strongest,single_20_skip5
2019-07-12,agriculture,P,-1,-4.75895066580098,weakest,single_20_skip5
2019-07-12,base_metal,AL,-1,-1.2456448314504625,absolute,single_20_skip5
2019-07-12,chemical_energy,FG,1,4.103486340065963,strongest,single_20_skip5
2019-07-12,chemical_energy,RU,-1,-5.361104034066925,weakest,single_20_skip5
2019-07-12,ferrous,RB,1,3.993958293720062,absolute,single_20_skip5
2019-07-12,government_bond,T,1,2.3772715666444286,absolute,single_20_skip5
2019-07-19,agriculture,AP,1,3.375925884627276,strongest,single_20_skip5
2019-07-19,agriculture,P,-1,-6.90525151799796,weakest,single_20_skip5
2019-07-19,base_metal,AL,-1,-1.6572778553868222,absolute,single_20_skip5
2019-07-19,chemical_energy,SC,1,2.9524229209572197,strongest,single_20_skip5
2019-07-19,chemical_energy,RU,-1,-7.822934763721334,weakest,single_20_skip5
2019-07-19,ferrous,RB,1,3.962425014117564,absolute,single_20_skip5
2019-07-19,government_bond,T,1,3.3367550192119744,absolute,single_20_skip5
2019-07-26,agriculture,JD,1,5.6897706044501755,strongest,single_20_skip5
2019-07-26,agriculture,P,-1,-4.225098995664593,weakest,single_20_skip5
2019-07-26,base_metal,AL,1,2.3367139375383466,absolute,single_20_skip5
2019-07-26,chemical_energy,FG,1,0.9675362559159424,strongest,single_20_skip5
2019-07-26,chemical_energy,RU,-1,-5.74381275583028,weakest,single_20_skip5
2019-07-26,ferrous,RB,1,2.5054000526562774,absolute,single_20_skip5
2019-07-26,government_bond,T,1,3.440012328021073,absolute,single_20_skip5
2019-08-02,agriculture,SR,1,4.322484945743982,strongest,single_20_skip5
2019-08-02,agriculture,M,-1,-3.4185797847112487,weakest,single_20_skip5
2019-08-02,base_metal,AL,1,0.5552425141423563,absolute,single_20_skip5
2019-08-02,chemical_energy,FG,1,0.426388839452818,strongest,single_20_skip5
2019-08-02,chemical_energy,MA,-1,-6.118333832867636,weakest,single_20_skip5
2019-08-02,ferrous,RB,-1,-2.4668070485374587,absolute,single_20_skip5
2019-08-02,government_bond,T,1,3.341499610342045,absolute,single_20_skip5
2019-08-09,agriculture,P,1,3.7365716230592096,strongest,single_20_skip5
2019-08-09,agriculture,CF,-1,-5.5957513145634445,weakest,single_20_skip5
2019-08-09,base_metal,AL,1,0.07049092057239845,absolute,single_20_skip5
2019-08-09,chemical_energy,RU,-1,-5.322890247710844,weakest,single_20_skip5
2019-08-09,ferrous,RB,-1,-3.34130525955338,absolute,single_20_skip5
2019-08-09,government_bond,T,1,3.566329976252469,absolute,single_20_skip5
2019-08-16,agriculture,P,1,9.985013784609006,strongest,single_20_skip5
2019-08-16,agriculture,CF,-1,-4.485577168426505,weakest,single_20_skip5
2019-08-16,base_metal,AL,1,2.0009891565305553,absolute,single_20_skip5
2019-08-16,chemical_energy,FG,1,0.3720611685273509,strongest,single_20_skip5
2019-08-16,chemical_energy,SC,-1,-6.490142885501111,weakest,single_20_skip5
2019-08-16,ferrous,RB,-1,-7.10832581851745,absolute,single_20_skip5
2019-08-16,government_bond,T,1,4.887866851963624,absolute,single_20_skip5
2019-08-23,agriculture,P,1,8.752247971485565,strongest,single_20_skip5
2019-08-23,agriculture,C,-1,-5.4790764921167066,weakest,single_20_skip5
2019-08-23,base_metal,AL,1,2.343526466996387,absolute,single_20_skip5
2019-08-23,chemical_energy,FG,1,2.1126555367577864,strongest,single_20_skip5
2019-08-23,chemical_energy,MA,-1,-2.8383433326993397,weakest,single_20_skip5
2019-08-23,ferrous,RB,-1,-5.458060703117689,absolute,single_20_skip5
2019-08-23,government_bond,T,1,5.112488521131244,absolute,single_20_skip5
2019-08-30,agriculture,P,1,6.569337813261787,strongest,single_20_skip5
2019-08-30,agriculture,CF,-1,-6.070031958513741,weakest,single_20_skip5
2019-08-30,base_metal,AL,1,3.7182123558450226,absolute,single_20_skip5
2019-08-30,chemical_energy,FG,1,0.8579038298556729,strongest,single_20_skip5
2019-08-30,chemical_energy,SC,-1,-2.076275312663812,weakest,single_20_skip5
2019-08-30,ferrous,RB,-1,-4.507434296469246,absolute,single_20_skip5
2019-08-30,government_bond,T,1,4.7334851597361185,absolute,single_20_skip5
2019-09-06,agriculture,P,1,2.963911673093145,strongest,single_20_skip5
2019-09-06,agriculture,C,-1,-7.179735357284647,weakest,single_20_skip5
2019-09-06,base_metal,AL,1,4.181048711992288,absolute,single_20_skip5
2019-09-06,chemical_energy,RU,1,2.9842463780528994,strongest,single_20_skip5
2019-09-06,chemical_energy,MA,-1,-2.797458601827809,weakest,single_20_skip5
2019-09-06,ferrous,RB,-1,-3.168825083831951,absolute,single_20_skip5
2019-09-06,government_bond,T,1,2.7157284816813654,absolute,single_20_skip5
2019-09-12,agriculture,JD,1,5.1218312306808995,strongest,single_20_skip5
2019-09-12,agriculture,C,-1,-4.453073123490588,weakest,single_20_skip5
2019-09-12,base_metal,AL,1,3.9696195021498117,absolute,single_20_skip5
2019-09-12,chemical_energy,SC,1,3.526566863574104,strongest,single_20_skip5
2019-09-12,chemical_energy,MA,-1,-2.0880170334281645,weakest,single_20_skip5
2019-09-12,ferrous,RB,1,0.4221272111243826,absolute,single_20_skip5
2019-09-12,government_bond,T,1,1.7173581484847675,absolute,single_20_skip5
2019-09-20,agriculture,JD,1,3.149400556545991,strongest,single_20_skip5
2019-09-20,agriculture,AP,-1,-4.2998220168758285,weakest,single_20_skip5
2019-09-20,base_metal,AL,1,2.979981497900871,absolute,single_20_skip5
2019-09-20,chemical_energy,UR,1,5.0376327780027195,strongest,single_20_skip5
2019-09-20,ferrous,RB,1,1.4222134364240921,absolute,single_20_skip5
2019-09-20,government_bond,T,-1,-2.0194263493947595,absolute,single_20_skip5
2019-09-27,agriculture,JD,1,4.574264428781667,strongest,single_20_skip5
2019-09-27,agriculture,C,-1,-5.76403947246282,weakest,single_20_skip5
2019-09-27,base_metal,AL,-1,-0.9988792886479987,absolute,single_20_skip5
2019-09-27,chemical_energy,MA,1,3.3080369168277994,strongest,single_20_skip5
2019-09-27,ferrous,RB,-1,-0.4195277450810723,absolute,single_20_skip5
2019-09-27,government_bond,T,-1,-0.8852306975521893,absolute,single_20_skip5
2019-09-30,agriculture,JD,1,1.4442548892935472,strongest,single_20_skip5
2019-09-30,agriculture,C,-1,-7.13381530141601,weakest,single_20_skip5
2019-09-30,base_metal,AL,-1,-0.44480096977986644,absolute,single_20_skip5
2019-09-30,chemical_energy,RU,1,4.394714328866775,strongest,single_20_skip5
2019-09-30,ferrous,RB,1,0.8077274984564605,absolute,single_20_skip5
2019-09-30,government_bond,T,-1,-1.3283896885399682,absolute,single_20_skip5
2019-10-11,agriculture,SR,1,3.099302664305145,strongest,single_20_skip5
2019-10-11,agriculture,AP,-1,-9.167843939598932,weakest,single_20_skip5
2019-10-11,base_metal,AL,-1,-2.7222664811380977,absolute,single_20_skip5
2019-10-11,chemical_energy,MA,1,3.7027573903609925,strongest,single_20_skip5
2019-10-11,chemical_energy,UR,-1,-2.679406764291292,weakest,single_20_skip5
2019-10-11,ferrous,RB,1,2.4024822485097688,absolute,single_20_skip5
2019-10-11,government_bond,T,-1,-5.631739103145607,absolute,single_20_skip5
2019-10-18,agriculture,M,1,1.939800217315967,strongest,single_20_skip5
2019-10-18,agriculture,AP,-1,-5.0557842124783035,weakest,single_20_skip5
2019-10-18,base_metal,AL,-1,-6.314021669064893,absolute,single_20_skip5
2019-10-18,chemical_energy,FG,1,2.8135720347191477,strongest,single_20_skip5
2019-10-18,chemical_energy,UR,-1,-4.578115766215572,weakest,single_20_skip5
2019-10-18,ferrous,RB,-1,-0.4650771959988827,absolute,single_20_skip5
2019-10-18,government_bond,T,-1,-5.041924897505445,absolute,single_20_skip5
2019-10-25,agriculture,M,1,5.065598882616574,strongest,single_20_skip5
2019-10-25,agriculture,CF,-1,-1.4608894595080084,weakest,single_20_skip5
2019-10-25,base_metal,AL,-1,-7.466595083514573,absolute,single_20_skip5
2019-10-25,chemical_energy,FG,1,1.7466118842569023,strongest,single_20_skip5
2019-10-25,chemical_energy,UR,-1,-7.981105586054674,weakest,single_20_skip5
2019-10-25,ferrous,RB,-1,-4.06004735527695,absolute,single_20_skip5
2019-10-25,government_bond,T,-1,-2.078495697788747,absolute,single_20_skip5
2019-11-01,agriculture,M,1,5.117853885710002,strongest,single_20_skip5
2019-11-01,agriculture,C,-1,-2.176618449854857,weakest,single_20_skip5
2019-11-01,base_metal,AL,-1,-6.414747741437838,absolute,single_20_skip5
2019-11-01,chemical_energy,FG,1,3.08578230063544,strongest,single_20_skip5
2019-11-01,chemical_energy,UR,-1,-7.057630129364449,weakest,single_20_skip5
2019-11-01,ferrous,RB,-1,-0.8245254919290269,absolute,single_20_skip5
2019-11-01,government_bond,T,-1,-4.106190249164491,absolute,single_20_skip5
2019-11-08,agriculture,P,1,6.9108215773411485,strongest,single_20_skip5
2019-11-08,base_metal,AL,-1,-1.1597836174113325,absolute,single_20_skip5
2019-11-08,chemical_energy,RU,1,3.7688155155578813,strongest,single_20_skip5
2019-11-08,chemical_energy,MA,-1,-6.804623587846037,weakest,single_20_skip5
2019-11-08,ferrous,RB,-1,-1.544901323601346,absolute,single_20_skip5
2019-11-08,government_bond,T,-1,-2.250040626596703,absolute,single_20_skip5
2019-11-15,agriculture,AP,1,6.520178452787998,strongest,single_20_skip5
2019-11-15,agriculture,M,-1,-1.400462875222421,weakest,single_20_skip5
2019-11-15,base_metal,AL,1,4.6045060554592325,absolute,single_20_skip5
2019-11-15,chemical_energy,RU,1,2.1334556281005077,strongest,single_20_skip5
2019-11-15,chemical_energy,MA,-1,-9.165269055814262,weakest,single_20_skip5
2019-11-15,ferrous,RB,1,0.14525180756275088,absolute,single_20_skip5
2019-11-15,government_bond,T,-1,-1.7472080818631437,absolute,single_20_skip5
2019-11-22,agriculture,P,1,6.244991700284478,strongest,single_20_skip5
2019-11-22,agriculture,M,-1,-3.140741228637376,weakest,single_20_skip5
2019-11-22,base_metal,AL,-1,-1.7207398119576272,absolute,single_20_skip5
2019-11-22,chemical_energy,RU,1,0.8048339569192008,strongest,single_20_skip5
2019-11-22,chemical_energy,MA,-1,-7.527348061863445,weakest,single_20_skip5
2019-11-22,ferrous,RB,1,6.178659808322807,absolute,single_20_skip5
2019-11-22,government_bond,T,-1,-0.12046545101268451,absolute,single_20_skip5
2019-11-29,agriculture,P,1,4.918121581097126,strongest,single_20_skip5
2019-11-29,agriculture,M,-1,-7.898882708000931,weakest,single_20_skip5
2019-11-29,base_metal,AL,1,1.503135827652518,absolute,single_20_skip5
2019-11-29,chemical_energy,RU,1,3.608921236995708,strongest,single_20_skip5
2019-11-29,chemical_energy,MA,-1,-4.320974041943444,weakest,single_20_skip5
2019-11-29,ferrous,RB,1,6.68625837809766,absolute,single_20_skip5
2019-11-29,government_bond,T,1,3.261675572376982,absolute,single_20_skip5
2019-12-06,agriculture,P,1,2.364676580042414,strongest,single_20_skip5
2019-12-06,agriculture,JD,-1,-7.710551860949517,weakest,single_20_skip5
2019-12-06,base_metal,AL,1,0.9160153059928404,absolute,single_20_skip5
2019-12-06,chemical_energy,SC,1,3.113567039158251,strongest,single_20_skip5
2019-12-06,chemical_energy,SP,-1,-5.719470292390015,weakest,single_20_skip5
2019-12-06,ferrous,RB,1,4.366244764937337,absolute,single_20_skip5
2019-12-06,government_bond,T,1,4.113544948282011,absolute,single_20_skip5
2019-12-13,agriculture,P,1,2.0506006447891654,strongest,single_20_skip5
2019-12-13,agriculture,M,-1,-4.637605404583054,weakest,single_20_skip5
2019-12-13,base_metal,AL,-1,-1.4764857597952465,absolute,single_20_skip5
2019-12-13,chemical_energy,RU,1,5.778884297756587,strongest,single_20_skip5
2019-12-13,chemical_energy,SP,-1,-7.14686143623921,weakest,single_20_skip5
2019-12-13,ferrous,RB,1,3.9193602888056303,absolute,single_20_skip5
2019-12-13,government_bond,T,1,2.035418972481922,absolute,single_20_skip5
2019-12-20,agriculture,AP,1,3.5761214169103006,strongest,single_20_skip5
2019-12-20,agriculture,JD,-1,-4.379881136860391,weakest,single_20_skip5
2019-12-20,base_metal,AL,1,4.859063934868033,absolute,single_20_skip5
2019-12-20,chemical_energy,RU,1,5.83174305818425,strongest,single_20_skip5
2019-12-20,chemical_energy,SP,-1,-3.377171473416246,weakest,single_20_skip5
2019-12-20,ferrous,RB,1,3.3356881911677676,absolute,single_20_skip5
2019-12-20,government_bond,T,1,0.6687010338516501,absolute,single_20_skip5
2019-12-27,agriculture,P,1,2.3180630294413564,strongest,single_20_skip5
2019-12-27,agriculture,C,-1,-4.563732936451217,weakest,single_20_skip5
2019-12-27,base_metal,AL,1,5.46572900429462,absolute,single_20_skip5
2019-12-27,chemical_energy,SC,1,4.972417894204179,strongest,single_20_skip5
2019-12-27,chemical_energy,SP,-1,-3.5080278606078372,weakest,single_20_skip5
2019-12-27,ferrous,RB,1,0.9599901142133608,absolute,single_20_skip5
2019-12-27,government_bond,T,-1,-1.1981213708038176,absolute,single_20_skip5
2020-01-03,agriculture,P,1,6.507889342033727,strongest,single_20_skip5
2020-01-03,agriculture,JD,-1,-4.80851099883047,weakest,single_20_skip5
2020-01-03,base_metal,AL,1,3.8221785774331467,absolute,single_20_skip5
2020-01-03,chemical_energy,SC,1,5.342921963892667,strongest,single_20_skip5
2020-01-03,chemical_energy,SP,-1,-0.36406518840819785,weakest,single_20_skip5
2020-01-03,ferrous,RB,1,2.685833542626444,absolute,single_20_skip5
2020-01-03,government_bond,T,1,1.1813759584857706,absolute,single_20_skip5
2020-01-10,agriculture,CF,1,6.87773432552652,strongest,single_20_skip5
2020-01-10,agriculture,JD,-1,-9.970811733445991,weakest,single_20_skip5
2020-01-10,base_metal,AL,1,2.947792282310674,absolute,single_20_skip5
2020-01-10,chemical_energy,SC,1,7.922515163855761,strongest,single_20_skip5
2020-01-10,chemical_energy,RU,-1,-2.76149677095752,weakest,single_20_skip5
2020-01-10,ferrous,RB,1,3.78012528921788,absolute,single_20_skip5
2020-01-10,government_bond,T,1,0.5252437582329541,absolute,single_20_skip5
2020-01-17,agriculture,P,1,7.408575045933254,strongest,single_20_skip5
2020-01-17,agriculture,JD,-1,-9.864987745336538,weakest,single_20_skip5
2020-01-17,base_metal,AL,1,3.4035455087592936,absolute,single_20_skip5
2020-01-17,chemical_energy,FG,1,5.196094629565434,strongest,single_20_skip5
2020-01-17,chemical_energy,RU,-1,-0.8341435059332468,weakest,single_20_skip5
2020-01-17,ferrous,RB,1,1.2987324357863357,absolute,single_20_skip5
2020-01-17,government_bond,T,1,3.0589736106656455,absolute,single_20_skip5
2020-01-23,agriculture,SR,1,7.308403857808044,strongest,single_20_skip5
2020-01-23,agriculture,AP,-1,-6.562930373221591,weakest,single_20_skip5
2020-01-23,base_metal,AL,1,2.083440871941048,absolute,single_20_skip5
2020-01-23,chemical_energy,SP,1,4.399032829899906,strongest,single_20_skip5
2020-01-23,ferrous,RB,1,2.2568679276844117,absolute,single_20_skip5
2020-01-23,government_bond,T,1,5.752058297414201,absolute,single_20_skip5
2020-02-07,agriculture,SR,1,2.413139706532394,strongest,single_20_skip5
2020-02-07,agriculture,AP,-1,-4.816457996494606,weakest,single_20_skip5
2020-02-07,base_metal,AL,-1,-0.4440205285414273,absolute,single_20_skip5
2020-02-07,chemical_energy,MA,1,1.4640558791038372,strongest,single_20_skip5
2020-02-07,chemical_energy,RU,-1,-3.492443585446824,weakest,single_20_skip5
2020-02-07,ferrous,RB,1,0.3626579613941427,absolute,single_20_skip5
2020-02-07,government_bond,T,1,6.775352659394882,absolute,single_20_skip5
2020-02-14,agriculture,SR,1,1.9528748600837633,strongest,single_20_skip5
2020-02-14,agriculture,AP,-1,-3.8825779821334474,weakest,single_20_skip5
2020-02-14,base_metal,AL,-1,-1.5279467356734167,absolute,single_20_skip5
2020-02-14,chemical_energy,SC,-1,-5.022789509600309,weakest,single_20_skip5
2020-02-14,ferrous,RB,-1,-2.517056848364886,absolute,single_20_skip5
2020-02-14,government_bond,T,1,7.791861515290277,absolute,single_20_skip5
2020-02-21,agriculture,P,-1,-5.467448137518651,weakest,single_20_skip5
2020-02-21,base_metal,AL,-1,-1.5198312803005254,absolute,single_20_skip5
2020-02-21,chemical_energy,UR,1,0.23827128982970883,strongest,single_20_skip5
2020-02-21,chemical_energy,SC,-1,-6.634842777912591,weakest,single_20_skip5
2020-02-21,ferrous,RB,-1,-1.7498531334911336,absolute,single_20_skip5
2020-02-21,government_bond,T,1,4.698279498539969,absolute,single_20_skip5
2020-02-28,agriculture,JD,1,0.6072106380583258,strongest,single_20_skip5
2020-02-28,agriculture,P,-1,-3.8397423589756174,weakest,single_20_skip5
2020-02-28,base_metal,AL,-1,-4.970741106013686,absolute,single_20_skip5
2020-02-28,chemical_energy,UR,1,1.2911797907793847,strongest,single_20_skip5
2020-02-28,chemical_energy,RU,-1,-4.540290865053823,weakest,single_20_skip5
2020-02-28,ferrous,RB,-1,-0.8793674062459683,absolute,single_20_skip5
2020-02-28,government_bond,T,1,4.895180541834927,absolute,single_20_skip5
2020-03-06,agriculture,C,1,0.7347916774172287,strongest,single_20_skip5
2020-03-06,agriculture,P,-1,-7.432326408498812,weakest,single_20_skip5
2020-03-06,base_metal,AL,-1,-6.060849858087782,absolute,single_20_skip5
2020-03-06,chemical_energy,UR,1,1.3412231551165257,strongest,single_20_skip5
2020-03-06,chemical_energy,SC,-1,-7.170083924262659,weakest,single_20_skip5
2020-03-06,ferrous,RB,-1,-1.7861446083536174,absolute,single_20_skip5
2020-03-06,government_bond,T,1,4.202669094985553,absolute,single_20_skip5
2020-03-13,agriculture,M,1,1.451697292642095,strongest,single_20_skip5
2020-03-13,agriculture,P,-1,-6.888676610164981,weakest,single_20_skip5
2020-03-13,base_metal,AL,-1,-5.585942459534628,absolute,single_20_skip5
2020-03-13,chemical_energy,UR,1,4.9722237922542645,strongest,single_20_skip5
2020-03-13,chemical_energy,SC,-1,-4.921341411190816,weakest,single_20_skip5
2020-03-13,ferrous,RB,1,2.1109587571228707,absolute,single_20_skip5
2020-03-13,government_bond,T,1,2.508762428137642,absolute,single_20_skip5
2020-03-20,agriculture,C,1,2.89107819347868,strongest,single_20_skip5
2020-03-20,agriculture,P,-1,-6.376218592922078,weakest,single_20_skip5
2020-03-20,base_metal,AL,-1,-6.253235467219933,absolute,single_20_skip5
2020-03-20,chemical_energy,SP,1,0.4420730385678044,strongest,single_20_skip5
2020-03-20,chemical_energy,SC,-1,-9.294090339743558,weakest,single_20_skip5
2020-03-20,ferrous,RB,1,3.3092787132581702,absolute,single_20_skip5
2020-03-20,government_bond,T,1,2.8512508229700493,absolute,single_20_skip5
2020-03-27,agriculture,C,1,2.7914776640382137,strongest,single_20_skip5
2020-03-27,agriculture,CF,-1,-7.588816654678497,weakest,single_20_skip5
2020-03-27,base_metal,AL,-1,-7.277401998329966,absolute,single_20_skip5
2020-03-27,chemical_energy,SC,-1,-10.823639117729385,weakest,single_20_skip5
2020-03-27,ferrous,RB,-1,-0.6671173544198494,absolute,single_20_skip5
2020-03-27,government_bond,T,1,1.3915802424209616,absolute,single_20_skip5
2020-04-03,agriculture,M,1,4.236005988362765,strongest,single_20_skip5
2020-04-03,agriculture,CF,-1,-4.652094775600067,weakest,single_20_skip5
2020-04-03,base_metal,AL,-1,-4.807179278695218,absolute,single_20_skip5
2020-04-03,chemical_energy,SP,1,2.5863539874024877,strongest,single_20_skip5
2020-04-03,chemical_energy,MA,-1,-8.892574588770362,weakest,single_20_skip5
2020-04-03,ferrous,RB,1,1.517173641673815,absolute,single_20_skip5
2020-04-03,government_bond,T,1,1.0148046218802562,absolute,single_20_skip5
2020-04-10,agriculture,C,1,2.484212931321624,strongest,single_20_skip5
2020-04-10,agriculture,CF,-1,-7.632397932415708,weakest,single_20_skip5
2020-04-10,base_metal,AL,-1,-6.116115615146577,absolute,single_20_skip5
2020-04-10,chemical_energy,MA,-1,-7.844919505613435,weakest,single_20_skip5
2020-04-10,ferrous,RB,-1,-2.5336036760070524,absolute,single_20_skip5
2020-04-10,government_bond,T,1,1.6404539460824767,absolute,single_20_skip5
2020-04-17,agriculture,C,1,2.9268128376930393,strongest,single_20_skip5
2020-04-17,agriculture,CF,-1,-3.2905439769232503,weakest,single_20_skip5
2020-04-17,base_metal,AL,-1,-3.48402265459141,absolute,single_20_skip5
2020-04-17,chemical_energy,SC,1,1.679406758428462,strongest,single_20_skip5
2020-04-17,chemical_energy,FG,-1,-5.887247239562594,weakest,single_20_skip5
2020-04-17,ferrous,RB,-1,-0.8756142674124878,absolute,single_20_skip5
2020-04-17,government_bond,T,1,2.034992621943185,absolute,single_20_skip5
2020-04-24,agriculture,C,1,6.752777206453657,strongest,single_20_skip5
2020-04-24,agriculture,SR,-1,-2.998143320902504,weakest,single_20_skip5
2020-04-24,base_metal,AL,1,2.2331708848987106,absolute,single_20_skip5
2020-04-24,chemical_energy,SC,1,1.30430715571192,strongest,single_20_skip5
2020-04-24,chemical_energy,FG,-1,-2.0198537371772174,weakest,single_20_skip5
2020-04-24,ferrous,RB,-1,-0.8824643448579438,absolute,single_20_skip5
2020-04-24,government_bond,T,1,4.42964296559615,absolute,single_20_skip5
2020-04-30,agriculture,C,1,4.954056434805291,strongest,single_20_skip5
2020-04-30,agriculture,SR,-1,-5.28894842685593,weakest,single_20_skip5
2020-04-30,base_metal,AL,1,3.03343923977719,absolute,single_20_skip5
2020-04-30,chemical_energy,RU,1,0.4709428482044429,strongest,single_20_skip5
2020-04-30,chemical_energy,FG,-1,-2.7224943869444944,weakest,single_20_skip5
2020-04-30,ferrous,RB,-1,-0.6705452144142171,absolute,single_20_skip5
2020-04-30,government_bond,T,1,3.807217557723708,absolute,single_20_skip5
2020-05-08,agriculture,C,1,4.930466962460281,strongest,single_20_skip5
2020-05-08,agriculture,SR,-1,-9.263163056016365,weakest,single_20_skip5
2020-05-08,base_metal,AL,1,6.147811944766467,absolute,single_20_skip5
2020-05-08,chemical_energy,RU,1,1.8956862854574577,strongest,single_20_skip5
2020-05-08,chemical_energy,SP,-1,-4.002214576829599,weakest,single_20_skip5
2020-05-08,ferrous,RB,1,1.078380111349996,absolute,single_20_skip5
2020-05-08,government_bond,T,1,4.125364704587065,absolute,single_20_skip5
2020-05-15,agriculture,AP,1,3.225471588659482,strongest,single_20_skip5
2020-05-15,agriculture,JD,-1,-4.537327499175271,weakest,single_20_skip5
2020-05-15,base_metal,AL,1,5.935992183255154,absolute,single_20_skip5
2020-05-15,chemical_energy,FG,1,2.73892164219914,strongest,single_20_skip5
2020-05-15,chemical_energy,SP,-1,-4.786058621387696,weakest,single_20_skip5
2020-05-15,ferrous,RB,1,5.945203122965352,absolute,single_20_skip5
2020-05-15,government_bond,T,-1,-0.4319367437341431,absolute,single_20_skip5
2020-05-22,agriculture,AP,1,3.2651487810083863,strongest,single_20_skip5
2020-05-22,agriculture,JD,-1,-5.312497141625233,weakest,single_20_skip5
2020-05-22,base_metal,AL,1,6.168448813563294,absolute,single_20_skip5
2020-05-22,chemical_energy,FG,1,5.28188492616501,strongest,single_20_skip5
2020-05-22,chemical_energy,SP,-1,-5.149753770180254,weakest,single_20_skip5
2020-05-22,ferrous,RB,1,2.3322443733659917,absolute,single_20_skip5
2020-05-22,government_bond,T,-1,-0.9711812200347186,absolute,single_20_skip5
2020-05-29,agriculture,AP,1,4.648141993659451,strongest,single_20_skip5
2020-05-29,agriculture,JD,-1,-6.375509953297933,weakest,single_20_skip5
2020-05-29,base_metal,AL,1,7.98261899136608,absolute,single_20_skip5
2020-05-29,chemical_energy,FG,1,6.690835178323509,strongest,single_20_skip5
2020-05-29,chemical_energy,SP,-1,-3.038171599165339,weakest,single_20_skip5
2020-05-29,ferrous,RB,1,3.9132180354870316,absolute,single_20_skip5
2020-05-29,government_bond,T,1,0.5579532575319315,absolute,single_20_skip5
2020-06-05,agriculture,P,1,5.453297486652695,strongest,single_20_skip5
2020-06-05,agriculture,JD,-1,-7.622136929935222,weakest,single_20_skip5
2020-06-05,base_metal,AL,1,8.289247089577772,absolute,single_20_skip5
2020-06-05,chemical_energy,FG,1,7.751723398723945,strongest,single_20_skip5
2020-06-05,chemical_energy,SP,-1,-3.10166740073665,weakest,single_20_skip5
2020-06-05,ferrous,RB,1,6.702333819394994,absolute,single_20_skip5
2020-06-05,government_bond,T,-1,-3.5421581944426372,absolute,single_20_skip5
2020-06-12,agriculture,P,1,7.713387510291619,strongest,single_20_skip5
2020-06-12,agriculture,JD,-1,-8.446740998894688,weakest,single_20_skip5
2020-06-12,base_metal,AL,1,7.114456114907046,absolute,single_20_skip5
2020-06-12,chemical_energy,FG,1,4.964735352984986,strongest,single_20_skip5
2020-06-12,chemical_energy,SP,-1,-0.6826496891025392,weakest,single_20_skip5
2020-06-12,ferrous,RB,1,3.576140831799314,absolute,single_20_skip5
2020-06-12,government_bond,T,-1,-3.814348917117783,absolute,single_20_skip5
2020-06-19,agriculture,P,1,6.1559523463759,strongest,single_20_skip5
2020-06-19,agriculture,JD,-1,-10.860708643911414,weakest,single_20_skip5
2020-06-19,base_metal,AL,1,8.22173355261976,absolute,single_20_skip5
2020-06-19,chemical_energy,FG,1,4.806083408814312,strongest,single_20_skip5
2020-06-19,chemical_energy,UR,-1,-1.9233662543427281,weakest,single_20_skip5
2020-06-19,ferrous,RB,1,3.7151629673242215,absolute,single_20_skip5
2020-06-19,government_bond,T,-1,-1.121657640194112,absolute,single_20_skip5
2020-06-24,agriculture,C,1,7.47816804319461,strongest,single_20_skip5
2020-06-24,agriculture,JD,-1,-9.557311179822733,weakest,single_20_skip5
2020-06-24,base_metal,AL,1,6.928359631567153,absolute,single_20_skip5
2020-06-24,chemical_energy,FG,1,3.0204812828524434,strongest,single_20_skip5
2020-06-24,chemical_energy,MA,-1,-1.047649148520748,weakest,single_20_skip5
2020-06-24,ferrous,RB,1,1.2725500749288055,absolute,single_20_skip5
2020-06-24,government_bond,T,-1,-2.052461603647775,absolute,single_20_skip5
2020-07-03,agriculture,P,1,5.198546043911237,strongest,single_20_skip5
2020-07-03,agriculture,AP,-1,-9.029050808494684,weakest,single_20_skip5
2020-07-03,base_metal,AL,1,5.344292041951791,absolute,single_20_skip5
2020-07-03,chemical_energy,FG,1,4.701314043152913,strongest,single_20_skip5
2020-07-03,chemical_energy,UR,-1,-2.6985243134278134,weakest,single_20_skip5
2020-07-03,ferrous,RB,1,3.2095239529084343,absolute,single_20_skip5
2020-07-03,government_bond,T,-1,-2.326413536652233,absolute,single_20_skip5
2020-07-10,agriculture,M,1,3.4568305453630077,strongest,single_20_skip5
2020-07-10,agriculture,AP,-1,-5.482215750686185,weakest,single_20_skip5
2020-07-10,base_metal,AL,1,7.634254601332905,absolute,single_20_skip5
2020-07-10,chemical_energy,FG,1,3.783723101596364,strongest,single_20_skip5
2020-07-10,chemical_energy,UR,-1,-2.146366325642645,weakest,single_20_skip5
2020-07-10,ferrous,RB,-1,-0.4057420348167254,absolute,single_20_skip5
2020-07-10,government_bond,T,-1,-1.3586223607331396,absolute,single_20_skip5
2020-07-17,agriculture,M,1,3.4935019314301408,strongest,single_20_skip5
2020-07-17,agriculture,AP,-1,-3.0889937048058114,weakest,single_20_skip5
2020-07-17,base_metal,AL,1,6.584291606419917,absolute,single_20_skip5
2020-07-17,chemical_energy,FG,1,8.829691827029615,strongest,single_20_skip5
2020-07-17,chemical_energy,SP,-1,-2.210365192839019,weakest,single_20_skip5
2020-07-17,ferrous,RB,1,2.481132450487274,absolute,single_20_skip5
2020-07-17,government_bond,T,-1,-3.817074072283382,absolute,single_20_skip5
2020-07-24,agriculture,JD,1,4.211161972550067,strongest,single_20_skip5
2020-07-24,agriculture,AP,-1,-5.559638246687024,weakest,single_20_skip5
2020-07-24,base_metal,AL,1,2.1562094760841064,absolute,single_20_skip5
2020-07-24,chemical_energy,FG,1,9.495836502878175,strongest,single_20_skip5
2020-07-24,chemical_energy,SC,-1,-1.142721156413106,weakest,single_20_skip5
2020-07-24,ferrous,RB,1,3.4365164342443504,absolute,single_20_skip5
2020-07-24,government_bond,T,-1,-2.2495981472030344,absolute,single_20_skip5
2020-07-31,agriculture,C,1,8.027204500753124,strongest,single_20_skip5
2020-07-31,agriculture,AP,-1,-2.6111092233185755,weakest,single_20_skip5
2020-07-31,base_metal,AL,1,3.590932867015419,absolute,single_20_skip5
2020-07-31,chemical_energy,FG,1,6.893468220026004,strongest,single_20_skip5
2020-07-31,chemical_energy,SC,-1,-2.484582018612593,weakest,single_20_skip5
2020-07-31,ferrous,RB,1,2.689603781154384,absolute,single_20_skip5
2020-07-31,government_bond,T,-1,-0.38992786864167867,absolute,single_20_skip5
2020-08-07,agriculture,C,1,6.999580153517402,strongest,single_20_skip5
2020-08-07,agriculture,AP,-1,-7.212494493158232,weakest,single_20_skip5
2020-08-07,base_metal,AL,1,3.805689690628013,absolute,single_20_skip5
2020-08-07,chemical_energy,FG,1,7.810810051051105,strongest,single_20_skip5
2020-08-07,chemical_energy,SC,-1,-5.240930374117409,weakest,single_20_skip5
2020-08-07,ferrous,RB,1,3.7083122654483875,absolute,single_20_skip5
2020-08-07,government_bond,T,-1,-2.6507932063569695,absolute,single_20_skip5
2020-08-14,agriculture,P,1,8.417791832745763,strongest,single_20_skip5
2020-08-14,agriculture,AP,-1,-9.760347907661293,weakest,single_20_skip5
2020-08-14,base_metal,AL,1,1.7502399067802088,absolute,single_20_skip5
2020-08-14,chemical_energy,FG,1,10.646035452602947,strongest,single_20_skip5
2020-08-14,chemical_energy,SC,-1,-4.984821760597959,weakest,single_20_skip5
2020-08-14,ferrous,RB,1,3.462706559141466,absolute,single_20_skip5
2020-08-14,government_bond,T,1,0.7548525427664228,absolute,single_20_skip5
2020-08-21,agriculture,C,1,4.353145452632883,strongest,single_20_skip5
2020-08-21,agriculture,JD,-1,-4.442663624397766,weakest,single_20_skip5
2020-08-21,base_metal,AL,1,3.3928113229095245,absolute,single_20_skip5
2020-08-21,chemical_energy,FG,1,6.787286970119523,strongest,single_20_skip5
2020-08-21,chemical_energy,SC,-1,-4.442809904820802,weakest,single_20_skip5
2020-08-21,ferrous,RB,1,1.9228406197425332,absolute,single_20_skip5
2020-08-21,government_bond,T,1,1.088351408908496,absolute,single_20_skip5
2020-08-28,agriculture,CF,1,2.7567366431375544,strongest,single_20_skip5
2020-08-28,agriculture,JD,-1,-7.982574736823999,weakest,single_20_skip5
2020-08-28,base_metal,AL,1,3.696565404662165,absolute,single_20_skip5
2020-08-28,chemical_energy,RU,1,4.639428608721776,strongest,single_20_skip5
2020-08-28,chemical_energy,SC,-1,-5.537075784190181,weakest,single_20_skip5
2020-08-28,ferrous,RB,1,1.0562359769080585,absolute,single_20_skip5
2020-08-28,government_bond,T,-1,-3.5558547153142106,absolute,single_20_skip5
2020-09-04,agriculture,SR,1,4.120087114723467,strongest,single_20_skip5
2020-09-04,agriculture,JD,-1,-7.7789125785026245,weakest,single_20_skip5
2020-09-04,base_metal,AL,1,0.14175333170874285,absolute,single_20_skip5
2020-09-04,chemical_energy,SP,1,7.545767237111431,strongest,single_20_skip5
2020-09-04,chemical_energy,SC,-1,-0.5791332394966394,weakest,single_20_skip5
2020-09-04,ferrous,RB,1,0.807283495014868,absolute,single_20_skip5
2020-09-04,government_bond,T,-1,-1.5914486858760994,absolute,single_20_skip5
2020-09-11,agriculture,M,1,3.8450857589644696,strongest,single_20_skip5
2020-09-11,agriculture,JD,-1,-6.658601735283562,weakest,single_20_skip5
2020-09-11,base_metal,AL,-1,-1.3087934908579824,absolute,single_20_skip5
2020-09-11,chemical_energy,MA,1,9.159486682741175,strongest,single_20_skip5
2020-09-11,chemical_energy,UR,-1,-4.504204328782618,weakest,single_20_skip5
2020-09-11,ferrous,RB,-1,-0.29636417314823826,absolute,single_20_skip5
2020-09-11,government_bond,T,-1,-1.7566133367400298,absolute,single_20_skip5
2020-09-18,agriculture,M,1,5.3732745128714985,strongest,single_20_skip5
2020-09-18,agriculture,JD,-1,-2.270076862702374,weakest,single_20_skip5
2020-09-18,base_metal,AL,-1,-0.4976794188557735,absolute,single_20_skip5
2020-09-18,chemical_energy,MA,1,3.511853618775118,strongest,single_20_skip5
2020-09-18,chemical_energy,SC,-1,-6.524593010201144,weakest,single_20_skip5
2020-09-18,ferrous,RB,-1,-1.840739578230589,absolute,single_20_skip5
2020-09-18,government_bond,T,-1,-3.4147166252664154,absolute,single_20_skip5
2020-09-25,agriculture,P,1,7.648486611474145,strongest,single_20_skip5
2020-09-25,agriculture,JD,-1,-3.722781208618128,weakest,single_20_skip5
2020-09-25,base_metal,AL,1,0.1909836399373138,absolute,single_20_skip5
2020-09-25,chemical_energy,MA,1,4.985222834090724,strongest,single_20_skip5
2020-09-25,chemical_energy,SC,-1,-2.7539404901907116,weakest,single_20_skip5
2020-09-25,ferrous,RB,-1,-3.109926204628096,absolute,single_20_skip5
2020-09-25,government_bond,T,-1,-1.7807895196793215,absolute,single_20_skip5
2020-09-30,agriculture,C,1,3.6232509755042033,strongest,single_20_skip5
2020-09-30,agriculture,JD,-1,-2.8802524920269628,weakest,single_20_skip5
2020-09-30,base_metal,AL,-1,-2.081041868330993,absolute,single_20_skip5
2020-09-30,chemical_energy,MA,1,1.2998738088703332,strongest,single_20_skip5
2020-09-30,chemical_energy,SC,-1,-5.203054432405967,weakest,single_20_skip5
2020-09-30,ferrous,RB,-1,-4.77886155389324,absolute,single_20_skip5
2020-09-30,government_bond,T,1,2.368570035479383,absolute,single_20_skip5
2020-10-09,agriculture,C,1,5.834202568989521,strongest,single_20_skip5
2020-10-09,agriculture,JD,-1,-2.236941980740303,weakest,single_20_skip5
2020-10-09,base_metal,AL,-1,-3.278662391125347,absolute,single_20_skip5
2020-10-09,chemical_energy,MA,1,1.009212254925795,strongest,single_20_skip5
2020-10-09,chemical_energy,SC,-1,-5.685232519864374,weakest,single_20_skip5
2020-10-09,ferrous,RB,-1,-4.243680954046009,absolute,single_20_skip5
2020-10-09,government_bond,T,1,1.7445593766516527,absolute,single_20_skip5
2020-10-16,agriculture,C,1,7.361127543392105,strongest,single_20_skip5
2020-10-16,base_metal,AL,1,1.216307268869784,absolute,single_20_skip5
2020-10-16,chemical_energy,UR,1,1.514862400049382,strongest,single_20_skip5
2020-10-16,chemical_energy,SP,-1,-3.936103592775534,weakest,single_20_skip5
2020-10-16,ferrous,RB,-1,-3.5917692100754754,absolute,single_20_skip5
2020-10-16,government_bond,T,-1,-1.2210598624674556,absolute,single_20_skip5
2020-10-23,agriculture,CF,1,8.450581959766874,strongest,single_20_skip5
2020-10-23,base_metal,AL,1,2.5526691869768454,absolute,single_20_skip5
2020-10-23,chemical_energy,RU,1,6.272630867860369,strongest,single_20_skip5
2020-10-23,chemical_energy,SP,-1,-0.6988996111857048,weakest,single_20_skip5
2020-10-23,ferrous,RB,-1,-0.20197757047191117,absolute,single_20_skip5
2020-10-23,government_bond,T,-1,-2.9137978069681054,absolute,single_20_skip5
2020-10-30,agriculture,CF,1,6.0005987953973134,strongest,single_20_skip5
2020-10-30,agriculture,SR,-1,-0.9924672079869847,weakest,single_20_skip5
2020-10-30,base_metal,AL,1,1.9710722122201856,absolute,single_20_skip5
2020-10-30,chemical_energy,RU,1,8.406010058651754,strongest,single_20_skip5
2020-10-30,chemical_energy,SC,-1,-2.6204869987424937,weakest,single_20_skip5
2020-10-30,ferrous,RB,1,1.1029962785584617,absolute,single_20_skip5
2020-10-30,government_bond,T,1,0.29258675424725966,absolute,single_20_skip5
2020-11-06,agriculture,C,1,7.069620310094382,strongest,single_20_skip5
2020-11-06,agriculture,AP,-1,-0.8544781733504456,weakest,single_20_skip5
2020-11-06,base_metal,AL,1,5.956920923270521,absolute,single_20_skip5
2020-11-06,chemical_energy,RU,1,7.408690130421942,strongest,single_20_skip5
2020-11-06,chemical_energy,SC,-1,-6.609222194722358,weakest,single_20_skip5
2020-11-06,ferrous,RB,1,4.570475054571737,absolute,single_20_skip5
2020-11-06,government_bond,T,-1,-1.0710174304418716,absolute,single_20_skip5
2020-11-13,agriculture,P,1,3.3583658641858336,strongest,single_20_skip5
2020-11-13,agriculture,AP,-1,-7.657485490772194,weakest,single_20_skip5
2020-11-13,base_metal,AL,1,3.8624912302930503,absolute,single_20_skip5
2020-11-13,chemical_energy,RU,1,3.917207055564421,strongest,single_20_skip5
2020-11-13,chemical_energy,SC,-1,-6.368354948366663,weakest,single_20_skip5
2020-11-13,ferrous,RB,1,5.32299714592409,absolute,single_20_skip5
2020-11-13,government_bond,T,1,2.974410422483762,absolute,single_20_skip5
2020-11-20,agriculture,P,1,4.757059482383391,strongest,single_20_skip5
2020-11-20,agriculture,AP,-1,-6.6476131428664615,weakest,single_20_skip5
2020-11-20,base_metal,AL,1,5.870289176662138,absolute,single_20_skip5
2020-11-20,chemical_energy,UR,1,4.433544976553008,strongest,single_20_skip5
2020-11-20,chemical_energy,SC,-1,-2.497158872438667,weakest,single_20_skip5
2020-11-20,ferrous,RB,1,5.839906206824218,absolute,single_20_skip5
2020-11-20,government_bond,T,1,0.6707496373722903,absolute,single_20_skip5
2020-11-27,agriculture,P,1,5.044306073517727,strongest,single_20_skip5
2020-11-27,agriculture,JD,-1,-5.1930480363619145,weakest,single_20_skip5
2020-11-27,base_metal,AL,1,6.887633152677339,absolute,single_20_skip5
2020-11-27,chemical_energy,FG,1,6.836752332569582,strongest,single_20_skip5
2020-11-27,chemical_energy,SC,-1,-1.428806186262408,weakest,single_20_skip5
2020-11-27,ferrous,RB,1,9.966346863940807,absolute,single_20_skip5
2020-11-27,government_bond,T,-1,-4.317091688004738,absolute,single_20_skip5
2020-12-04,agriculture,P,1,3.53558622318048,strongest,single_20_skip5
2020-12-04,agriculture,JD,-1,-8.465001514487417,weakest,single_20_skip5
2020-12-04,base_metal,AL,1,9.564641935653237,absolute,single_20_skip5
2020-12-04,chemical_energy,SC,1,7.845641343983574,strongest,single_20_skip5
2020-12-04,chemical_energy,RU,-1,-1.1729132167235736,weakest,single_20_skip5
2020-12-04,ferrous,RB,1,4.935110062715393,absolute,single_20_skip5
2020-12-04,government_bond,T,-1,-3.5567779210991612,absolute,single_20_skip5
2020-12-11,agriculture,CF,1,1.7379033389932097,strongest,single_20_skip5
2020-12-11,agriculture,JD,-1,-4.099112492448507,weakest,single_20_skip5
2020-12-11,base_metal,AL,1,5.872549060541755,absolute,single_20_skip5
2020-12-11,chemical_energy,SC,1,7.839083919770887,strongest,single_20_skip5
2020-12-11,chemical_energy,RU,-1,-0.16545470652612929,weakest,single_20_skip5
2020-12-11,ferrous,RB,1,2.4984754038544077,absolute,single_20_skip5
2020-12-11,government_bond,T,-1,-1.7728475033898883,absolute,single_20_skip5
2020-12-18,agriculture,CF,1,3.1067901573625605,strongest,single_20_skip5
2020-12-18,agriculture,AP,-1,-8.631697562269002,weakest,single_20_skip5
2020-12-18,base_metal,AL,1,2.3427841343789453,absolute,single_20_skip5
2020-12-18,chemical_energy,SP,1,7.527812508627494,strongest,single_20_skip5
2020-12-18,chemical_energy,RU,-1,-0.23702870383170452,weakest,single_20_skip5
2020-12-18,ferrous,RB,1,5.114118292701011,absolute,single_20_skip5
2020-12-18,government_bond,T,-1,-0.8799516284549174,absolute,single_20_skip5
2020-12-25,agriculture,CF,1,3.765792783293483,strongest,single_20_skip5
2020-12-25,agriculture,AP,-1,-4.7455277905750775,weakest,single_20_skip5
2020-12-25,base_metal,AL,1,3.1848403731890076,absolute,single_20_skip5
2020-12-25,chemical_energy,SP,1,6.934629259696031,strongest,single_20_skip5
2020-12-25,ferrous,RB,1,6.0289532686093485,absolute,single_20_skip5
2020-12-25,government_bond,T,1,0.17340384802265646,absolute,single_20_skip5
2020-12-31,agriculture,JD,1,5.898706809030038,strongest,single_20_skip5
2020-12-31,agriculture,AP,-1,-5.379600595236149,weakest,single_20_skip5
2020-12-31,base_metal,AL,1,0.6793661449534444,absolute,single_20_skip5
2020-12-31,chemical_energy,SP,1,6.507440305312723,strongest,single_20_skip5
2020-12-31,chemical_energy,RU,-1,-1.1480976667896634,weakest,single_20_skip5
2020-12-31,ferrous,RB,1,5.763700716359761,absolute,single_20_skip5
2020-12-31,government_bond,T,1,1.101105322148847,absolute,single_20_skip5
2021-01-08,agriculture,M,1,6.986509223119402,strongest,single_20_skip5
2021-01-08,agriculture,AP,-1,-1.5957650487246768,weakest,single_20_skip5
2021-01-08,base_metal,AL,-1,-1.7054681334346022,absolute,single_20_skip5
2021-01-08,chemical_energy,SP,1,8.517869473477337,strongest,single_20_skip5
2021-01-08,chemical_energy,RU,-1,-3.9829460749798113,weakest,single_20_skip5
2021-01-08,ferrous,RB,1,6.444706748434301,absolute,single_20_skip5
2021-01-08,government_bond,T,1,3.343365016464477,absolute,single_20_skip5
2021-01-15,agriculture,C,1,10.409251588985052,strongest,single_20_skip5
2021-01-15,agriculture,AP,-1,-0.7402523960123868,weakest,single_20_skip5
2021-01-15,base_metal,AL,-1,-3.018770581497837,absolute,single_20_skip5
2021-01-15,chemical_energy,SP,1,8.558899533475504,strongest,single_20_skip5
2021-01-15,chemical_energy,FG,-1,-3.952208133328803,weakest,single_20_skip5
2021-01-15,ferrous,RB,1,4.898394315574884,absolute,single_20_skip5
2021-01-15,government_bond,T,1,1.704438456299703,absolute,single_20_skip5
2021-01-22,agriculture,C,1,12.27160943254643,strongest,single_20_skip5
2021-01-22,agriculture,AP,-1,-4.395090690476133,weakest,single_20_skip5
2021-01-22,base_metal,AL,-1,-5.64844765841111,absolute,single_20_skip5
2021-01-22,chemical_energy,SP,1,8.15207230357485,strongest,single_20_skip5
2021-01-22,chemical_energy,FG,-1,-6.202684161117638,weakest,single_20_skip5
2021-01-22,ferrous,RB,1,1.8666054837853012,absolute,single_20_skip5
2021-01-22,government_bond,T,1,3.0773510703322753,absolute,single_20_skip5
2021-01-29,agriculture,C,1,6.277329354863655,strongest,single_20_skip5
2021-01-29,agriculture,AP,-1,-3.3726231280811043,weakest,single_20_skip5
2021-01-29,base_metal,AL,-1,-5.9759744577882685,absolute,single_20_skip5
2021-01-29,chemical_energy,SP,1,5.809420451591598,strongest,single_20_skip5
2021-01-29,chemical_energy,FG,-1,-4.046904077004765,weakest,single_20_skip5
2021-01-29,ferrous,RB,1,0.03573751663885053,absolute,single_20_skip5
2021-01-29,government_bond,T,1,3.707143150038424,absolute,single_20_skip5
2021-02-05,agriculture,JD,1,1.496039734630624,strongest,single_20_skip5
2021-02-05,agriculture,AP,-1,-4.409699709918185,weakest,single_20_skip5
2021-02-05,base_metal,AL,-1,-2.9687584146928225,absolute,single_20_skip5
2021-02-05,chemical_energy,SP,1,6.3641455385392485,strongest,single_20_skip5
2021-02-05,chemical_energy,FG,-1,-2.360264540727333,weakest,single_20_skip5
2021-02-05,ferrous,RB,-1,-1.542648058471714,absolute,single_20_skip5
2021-02-05,government_bond,T,-1,-1.1150801903773049,absolute,single_20_skip5
2021-02-10,agriculture,JD,1,1.4621475908790489,strongest,single_20_skip5
2021-02-10,agriculture,P,-1,-5.4076538732817205,weakest,single_20_skip5
2021-02-10,base_metal,AL,-1,-2.2854065941338306,absolute,single_20_skip5
2021-02-10,chemical_energy,SP,1,2.9257991720033223,strongest,single_20_skip5
2021-02-10,chemical_energy,MA,-1,-2.786491477567652,weakest,single_20_skip5
2021-02-10,ferrous,RB,-1,-2.49026831199153,absolute,single_20_skip5
2021-02-10,government_bond,T,-1,-3.042200766483502,absolute,single_20_skip5
2021-02-19,agriculture,JD,1,1.16573110962294,strongest,single_20_skip5
2021-02-19,agriculture,P,-1,-4.573115736633758,weakest,single_20_skip5
2021-02-19,base_metal,AL,1,0.8938057452405077,absolute,single_20_skip5
2021-02-19,chemical_energy,SP,1,3.147318502591386,strongest,single_20_skip5
2021-02-19,chemical_energy,RU,-1,-0.27055030568322097,weakest,single_20_skip5
2021-02-19,ferrous,RB,-1,-2.4989453088765687,absolute,single_20_skip5
2021-02-19,government_bond,T,-1,-3.093161097455354,absolute,single_20_skip5
2021-02-26,agriculture,CF,1,4.493972936987888,strongest,single_20_skip5
2021-02-26,agriculture,M,-1,-3.646815245691151,weakest,single_20_skip5
2021-02-26,base_metal,AL,1,6.325129914636904,absolute,single_20_skip5
2021-02-26,chemical_energy,FG,1,7.009063788992,strongest,single_20_skip5
2021-02-26,chemical_energy,UR,-1,-0.13940140496375844,weakest,single_20_skip5
2021-02-26,ferrous,RB,1,2.015346119035588,absolute,single_20_skip5
2021-02-26,government_bond,T,-1,-3.8017371703317937,absolute,single_20_skip5
2021-03-05,agriculture,P,1,7.679534466950408,strongest,single_20_skip5
2021-03-05,agriculture,C,-1,-1.0515577359591,weakest,single_20_skip5
2021-03-05,base_metal,AL,1,7.790561999119062,absolute,single_20_skip5
2021-03-05,chemical_energy,SP,1,8.567584754063597,strongest,single_20_skip5
2021-03-05,ferrous,RB,1,5.190630999159925,absolute,single_20_skip5
2021-03-05,government_bond,T,-1,-7.225870302107198,absolute,single_20_skip5
2021-03-12,agriculture,P,1,4.9232263356756985,strongest,single_20_skip5
2021-03-12,agriculture,AP,-1,-3.3262340323496535,weakest,single_20_skip5
2021-03-12,base_metal,AL,1,5.032775257959005,absolute,single_20_skip5
2021-03-12,chemical_energy,FG,1,9.950881779505512,strongest,single_20_skip5
2021-03-12,chemical_energy,UR,-1,-5.022952846338622,weakest,single_20_skip5
2021-03-12,ferrous,RB,1,4.974824565831192,absolute,single_20_skip5
2021-03-12,government_bond,T,-1,-1.5455120308501358,absolute,single_20_skip5
2021-03-19,agriculture,P,1,8.776078194712479,strongest,single_20_skip5
2021-03-19,agriculture,AP,-1,-4.8641717420643795,weakest,single_20_skip5
2021-03-19,base_metal,AL,1,3.9111793724209,absolute,single_20_skip5
2021-03-19,chemical_energy,SP,1,5.379956599136545,strongest,single_20_skip5
2021-03-19,chemical_energy,UR,-1,-1.7486749575096538,weakest,single_20_skip5
2021-03-19,ferrous,RB,1,4.532518545003962,absolute,single_20_skip5
2021-03-19,government_bond,T,-1,-0.1067712909562056,absolute,single_20_skip5
2021-03-26,agriculture,P,1,2.8152509111718778,strongest,single_20_skip5
2021-03-26,agriculture,AP,-1,-9.565162648377694,weakest,single_20_skip5
2021-03-26,base_metal,AL,1,2.230287944716881,absolute,single_20_skip5
2021-03-26,chemical_energy,FG,1,3.1149358761434747,strongest,single_20_skip5
2021-03-26,chemical_energy,RU,-1,-2.648981016203945,weakest,single_20_skip5
2021-03-26,ferrous,RB,1,2.2621017767221425,absolute,single_20_skip5
2021-03-26,government_bond,T,1,1.8257628249916418,absolute,single_20_skip5
2021-04-02,agriculture,AP,-1,-7.799992579762418,weakest,single_20_skip5
2021-04-02,chemical_energy,FG,1,1.8637172276613356,strongest,single_20_skip5
2021-04-02,chemical_energy,RU,-1,-5.9778417501318035,weakest,single_20_skip5
2021-04-02,ferrous,RB,1,2.431920286110695,absolute,single_20_skip5
2021-04-02,government_bond,T,1,4.694140080780367,absolute,single_20_skip5
2021-04-09,agriculture,M,1,1.1130693059151857,strongest,single_20_skip5
2021-04-09,agriculture,CF,-1,-5.491559062254999,weakest,single_20_skip5
2021-04-09,base_metal,AL,1,1.1318253252866628,absolute,single_20_skip5
2021-04-09,chemical_energy,FG,1,0.8194818028468955,strongest,single_20_skip5
2021-04-09,chemical_energy,RU,-1,-4.519603126977467,weakest,single_20_skip5
2021-04-09,ferrous,RB,1,1.5352859443264537,absolute,single_20_skip5
2021-04-09,government_bond,T,1,3.5929390421649803,absolute,single_20_skip5
2021-04-16,agriculture,M,1,4.41668301599266,strongest,single_20_skip5
2021-04-16,agriculture,AP,-1,-3.6380528253904387,weakest,single_20_skip5
2021-04-16,chemical_energy,UR,1,2.245100740571556,strongest,single_20_skip5
2021-04-16,chemical_energy,RU,-1,-6.264492192125164,weakest,single_20_skip5
2021-04-16,ferrous,RB,1,5.10730717426281,absolute,single_20_skip5
2021-04-16,government_bond,T,1,1.4531265004259908,absolute,single_20_skip5
2021-04-23,agriculture,M,1,2.8770651134716414,strongest,single_20_skip5
2021-04-23,agriculture,AP,-1,-2.2246898378834294,weakest,single_20_skip5
2021-04-23,base_metal,AL,1,1.944344256283583,absolute,single_20_skip5
2021-04-23,chemical_energy,FG,1,3.004874215826313,strongest,single_20_skip5
2021-04-23,chemical_energy,RU,-1,-5.34450478206836,weakest,single_20_skip5
2021-04-23,ferrous,RB,1,4.667439380185076,absolute,single_20_skip5
2021-04-23,government_bond,T,1,5.225190393207811,absolute,single_20_skip5
2021-04-30,agriculture,M,1,4.159040849142974,strongest,single_20_skip5
2021-04-30,agriculture,AP,-1,-1.394243725042331,weakest,single_20_skip5
2021-04-30,base_metal,AL,1,5.24300669986488,absolute,single_20_skip5
2021-04-30,chemical_energy,FG,1,4.586031615531627,strongest,single_20_skip5
2021-04-30,chemical_energy,RU,-1,-1.2003237499351798,weakest,single_20_skip5
2021-04-30,ferrous,RB,1,6.543730709331552,absolute,single_20_skip5
2021-04-30,government_bond,T,1,2.1194225549405954,absolute,single_20_skip5
2021-05-07,agriculture,C,1,6.026883481684222,strongest,single_20_skip5
2021-05-07,agriculture,AP,-1,-2.407839975659133,weakest,single_20_skip5
2021-05-07,base_metal,AL,1,5.062736960436581,absolute,single_20_skip5
2021-05-07,chemical_energy,FG,1,4.601453690333927,strongest,single_20_skip5
2021-05-07,chemical_energy,RU,-1,-2.5032826685111718,weakest,single_20_skip5
2021-05-07,ferrous,RB,1,6.188082764208289,absolute,single_20_skip5
2021-05-07,government_bond,T,1,0.9086165110877004,absolute,single_20_skip5
2021-05-14,agriculture,C,1,8.220866776601722,strongest,single_20_skip5
2021-05-14,base_metal,AL,1,8.456961126873361,absolute,single_20_skip5
2021-05-14,chemical_energy,FG,1,8.197954034372506,strongest,single_20_skip5
2021-05-14,ferrous,RB,1,5.137424607752331,absolute,single_20_skip5
2021-05-14,government_bond,T,1,3.0069160733092866,absolute,single_20_skip5
2021-05-21,agriculture,P,1,6.213196591877908,strongest,single_20_skip5
2021-05-21,agriculture,AP,-1,-3.171147476022201,weakest,single_20_skip5
2021-05-21,base_metal,AL,1,4.192334601911812,absolute,single_20_skip5
2021-05-21,chemical_energy,FG,1,8.572623299536128,strongest,single_20_skip5
2021-05-21,chemical_energy,SP,-1,-1.9934682268213737,weakest,single_20_skip5
2021-05-21,ferrous,RB,1,3.002792498353502,absolute,single_20_skip5
2021-05-21,government_bond,T,1,3.3560184734147827,absolute,single_20_skip5
2021-05-28,agriculture,AP,1,5.636285949908488,strongest,single_20_skip5
2021-05-28,agriculture,JD,-1,-3.261101327317283,weakest,single_20_skip5
2021-05-28,base_metal,AL,1,1.4947714054144514,absolute,single_20_skip5
2021-05-28,chemical_energy,UR,1,4.849668459407201,strongest,single_20_skip5
2021-05-28,chemical_energy,SP,-1,-4.629387096889348,weakest,single_20_skip5
2021-05-28,ferrous,RB,-1,-0.26336575882402685,absolute,single_20_skip5
2021-05-28,government_bond,T,1,5.677119872694229,absolute,single_20_skip5
2021-06-04,agriculture,AP,1,3.228916960189959,strongest,single_20_skip5
2021-06-04,agriculture,M,-1,-2.3532272789731827,weakest,single_20_skip5
2021-06-04,base_metal,AL,1,0.11073372205861562,absolute,single_20_skip5
2021-06-04,chemical_energy,FG,1,3.398314739396853,strongest,single_20_skip5
2021-06-04,chemical_energy,SP,-1,-5.631748144614767,weakest,single_20_skip5
2021-06-04,ferrous,RB,-1,-2.1733579722258756,absolute,single_20_skip5
2021-06-04,government_bond,T,1,5.464504087455235,absolute,single_20_skip5
2021-06-11,agriculture,AP,1,3.418023721996106,strongest,single_20_skip5
2021-06-11,agriculture,C,-1,-3.0904907611050936,weakest,single_20_skip5
2021-06-11,base_metal,AL,-1,-3.9797354025841503,absolute,single_20_skip5
2021-06-11,chemical_energy,UR,1,4.549189284837117,strongest,single_20_skip5
2021-06-11,chemical_energy,SP,-1,-6.9371849238110155,weakest,single_20_skip5
2021-06-11,ferrous,RB,-1,-2.4374276948454536,absolute,single_20_skip5
2021-06-11,government_bond,T,1,2.3167556625072656,absolute,single_20_skip5
2021-06-18,agriculture,AP,1,3.6003322739164596,strongest,single_20_skip5
2021-06-18,agriculture,LH,-1,-9.875543308654196,weakest,single_20_skip5
2021-06-18,base_metal,AL,-1,-3.667611318242902,absolute,single_20_skip5
2021-06-18,chemical_energy,SC,1,1.8813770023915921,strongest,single_20_skip5
2021-06-18,chemical_energy,SP,-1,-6.085054094161649,weakest,single_20_skip5
2021-06-18,ferrous,RB,-1,-4.090685081072485,absolute,single_20_skip5
2021-06-18,government_bond,T,-1,-0.14638282718325474,absolute,single_20_skip5
2021-06-25,agriculture,AP,1,1.5917618283102464,strongest,single_20_skip5
2021-06-25,agriculture,LH,-1,-11.023011738244993,weakest,single_20_skip5
2021-06-25,base_metal,AL,-1,-1.9499055158573146,absolute,single_20_skip5
2021-06-25,chemical_energy,SC,1,3.4136926618784407,strongest,single_20_skip5
2021-06-25,chemical_energy,SP,-1,-6.24167277511938,weakest,single_20_skip5
2021-06-25,ferrous,RB,-1,-0.7602839386986752,absolute,single_20_skip5
2021-06-25,government_bond,T,-1,-2.0987749190284473,absolute,single_20_skip5
2021-07-02,agriculture,CF,1,4.287285967317281,strongest,single_20_skip5
2021-07-02,agriculture,LH,-1,-4.645117063116981,weakest,single_20_skip5
2021-07-02,base_metal,AL,1,1.4044905247993158,absolute,single_20_skip5
2021-07-02,chemical_energy,SC,1,5.39743410542225,strongest,single_20_skip5
2021-07-02,chemical_energy,RU,-1,-2.2724545770246305,weakest,single_20_skip5
2021-07-02,ferrous,RB,1,1.6980539062354236,absolute,single_20_skip5
2021-07-02,government_bond,T,-1,-0.3849180448165682,absolute,single_20_skip5
2021-07-09,agriculture,CF,1,2.0713093879585385,strongest,single_20_skip5
2021-07-09,agriculture,C,-1,-2.9645951020165935,weakest,single_20_skip5
2021-07-09,base_metal,AL,1,1.450304618380439,absolute,single_20_skip5
2021-07-09,chemical_energy,SP,1,2.7817437197466783,strongest,single_20_skip5
2021-07-09,chemical_energy,RU,-1,-3.7168257270293883,weakest,single_20_skip5
2021-07-09,ferrous,RB,-1,-0.18350291518049022,absolute,single_20_skip5
2021-07-09,government_bond,T,1,0.389860772585401,absolute,single_20_skip5
2021-07-16,agriculture,CF,1,1.8299878215250824,strongest,single_20_skip5
2021-07-16,agriculture,C,-1,-4.955535288701688,weakest,single_20_skip5
2021-07-16,base_metal,AL,1,1.3158908810662358,absolute,single_20_skip5
2021-07-16,chemical_energy,FG,1,4.262000052615734,strongest,single_20_skip5
2021-07-16,ferrous,RB,1,2.129125752647843,absolute,single_20_skip5
2021-07-16,government_bond,T,1,5.17498276089444,absolute,single_20_skip5
2021-07-23,agriculture,P,1,10.403001046989752,strongest,single_20_skip5
2021-07-23,agriculture,AP,-1,-3.72671185278945,weakest,single_20_skip5
2021-07-23,base_metal,AL,1,4.674507509194788,absolute,single_20_skip5
2021-07-23,chemical_energy,FG,1,8.425676461223981,strongest,single_20_skip5
2021-07-23,chemical_energy,SC,-1,-0.8171650784906694,weakest,single_20_skip5
2021-07-23,ferrous,RB,1,5.290452586935518,absolute,single_20_skip5
2021-07-23,government_bond,T,1,5.723875662015231,absolute,single_20_skip5
2021-07-30,agriculture,P,1,9.699753956974124,strongest,single_20_skip5
2021-07-30,agriculture,AP,-1,-3.471982231287763,weakest,single_20_skip5
2021-07-30,base_metal,AL,1,1.6948990375957371,absolute,single_20_skip5
2021-07-30,chemical_energy,UR,1,4.833161660592732,strongest,single_20_skip5
2021-07-30,chemical_energy,SC,-1,-2.6047702564336186,weakest,single_20_skip5
2021-07-30,ferrous,RB,1,8.451454331595423,absolute,single_20_skip5
2021-07-30,government_bond,T,1,6.026159559822361,absolute,single_20_skip5
2021-08-06,agriculture,P,1,7.72577158581682,strongest,single_20_skip5
2021-08-06,agriculture,JD,-1,-2.1793106548061387,weakest,single_20_skip5
2021-08-06,base_metal,AL,1,4.392427007214427,absolute,single_20_skip5
2021-08-06,chemical_energy,UR,1,4.978429734904844,strongest,single_20_skip5
2021-08-06,chemical_energy,SC,-1,-1.590435894031953,weakest,single_20_skip5
2021-08-06,ferrous,RB,1,8.389082724364002,absolute,single_20_skip5
2021-08-06,government_bond,T,1,6.97982271924991,absolute,single_20_skip5
2021-08-13,agriculture,CF,1,4.31265641316571,strongest,single_20_skip5
2021-08-13,agriculture,LH,-1,-4.715063302716179,weakest,single_20_skip5
2021-08-13,base_metal,AL,1,4.140550159168314,absolute,single_20_skip5
2021-08-13,chemical_energy,UR,1,4.735846640185791,strongest,single_20_skip5
2021-08-13,chemical_energy,FG,-1,-1.9484782365076145,weakest,single_20_skip5
2021-08-13,ferrous,RB,-1,-0.356329677219982,absolute,single_20_skip5
2021-08-13,government_bond,T,1,5.5720384718785425,absolute,single_20_skip5
2021-08-20,agriculture,P,1,4.129552236975727,strongest,single_20_skip5
2021-08-20,agriculture,LH,-1,-5.38294718070671,weakest,single_20_skip5
2021-08-20,base_metal,AL,1,2.77271508139329,absolute,single_20_skip5
2021-08-20,chemical_energy,FG,-1,-3.779951651228443,weakest,single_20_skip5
2021-08-20,ferrous,RB,-1,-0.9329709675212084,absolute,single_20_skip5
2021-08-20,government_bond,T,1,1.758586164438633,absolute,single_20_skip5
2021-08-27,agriculture,AP,1,1.910142042239059,strongest,single_20_skip5
2021-08-27,agriculture,LH,-1,-6.53955118726935,weakest,single_20_skip5
2021-08-27,base_metal,AL,1,3.037819831625242,absolute,single_20_skip5
2021-08-27,chemical_energy,SP,1,0.448152065816726,strongest,single_20_skip5
2021-08-27,chemical_energy,FG,-1,-4.001929129371318,weakest,single_20_skip5
2021-08-27,ferrous,RB,-1,-3.885473870777335,absolute,single_20_skip5
2021-08-27,government_bond,T,1,1.720894494807923,absolute,single_20_skip5
2021-09-03,agriculture,AP,1,0.9588484528877053,strongest,single_20_skip5
2021-09-03,agriculture,LH,-1,-8.89261938378194,weakest,single_20_skip5
2021-09-03,base_metal,AL,1,3.1732194305980514,absolute,single_20_skip5
2021-09-03,chemical_energy,UR,-1,-3.899995082670285,weakest,single_20_skip5
2021-09-03,ferrous,RB,-1,-3.3669480760819104,absolute,single_20_skip5
2021-09-03,government_bond,T,-1,-0.7066003871122344,absolute,single_20_skip5
2021-09-10,agriculture,P,1,1.9607559508183516,strongest,single_20_skip5
2021-09-10,agriculture,LH,-1,-7.798667531030747,weakest,single_20_skip5
2021-09-10,base_metal,AL,1,4.058817602946232,absolute,single_20_skip5
2021-09-10,chemical_energy,SC,1,2.1424517088930464,strongest,single_20_skip5
2021-09-10,chemical_energy,RU,-1,-4.455023951714182,weakest,single_20_skip5
2021-09-10,ferrous,RB,-1,-0.22510709953456748,absolute,single_20_skip5
2021-09-10,government_bond,T,1,0.1660876105255075,absolute,single_20_skip5
2021-09-17,agriculture,LH,-1,-7.969076259694163,weakest,single_20_skip5
2021-09-17,base_metal,AL,1,6.900774322912393,absolute,single_20_skip5
2021-09-17,chemical_energy,UR,1,3.2318154861732036,strongest,single_20_skip5
2021-09-17,chemical_energy,RU,-1,-5.269778530105539,weakest,single_20_skip5
2021-09-17,ferrous,RB,1,1.1218639875294836,absolute,single_20_skip5
2021-09-17,government_bond,T,1,1.3630159755086353,absolute,single_20_skip5
2021-09-24,agriculture,P,1,1.5891135159068872,strongest,single_20_skip5
2021-09-24,agriculture,LH,-1,-8.636668424150256,weakest,single_20_skip5
2021-09-24,base_metal,AL,1,3.9840019886633447,absolute,single_20_skip5
2021-09-24,chemical_energy,SC,1,5.060886085250837,strongest,single_20_skip5
2021-09-24,chemical_energy,RU,-1,-4.721626088125797,weakest,single_20_skip5
2021-09-24,ferrous,RB,1,2.9649911417847066,absolute,single_20_skip5
2021-09-24,government_bond,T,-1,-2.205137684521224,absolute,single_20_skip5
2021-09-30,agriculture,P,1,2.203619216211653,strongest,single_20_skip5
2021-09-30,agriculture,LH,-1,-8.292511791537374,weakest,single_20_skip5
2021-09-30,base_metal,AL,1,5.27455765138312,absolute,single_20_skip5
2021-09-30,chemical_energy,SC,1,9.161048536229682,strongest,single_20_skip5
2021-09-30,chemical_energy,FG,-1,-4.859403615441632,weakest,single_20_skip5
2021-09-30,ferrous,RB,1,2.9470779288198656,absolute,single_20_skip5
2021-09-30,government_bond,T,1,0.34281824431087576,absolute,single_20_skip5
2021-10-08,agriculture,AP,1,3.081918697954584,strongest,single_20_skip5
2021-10-08,agriculture,LH,-1,-8.36458348408936,weakest,single_20_skip5
2021-10-08,base_metal,AL,1,4.143296015130712,absolute,single_20_skip5
2021-10-08,chemical_energy,SC,1,9.30608331185967,strongest,single_20_skip5
2021-10-08,chemical_energy,FG,-1,-5.573023353562061,weakest,single_20_skip5
2021-10-08,ferrous,RB,1,1.744940056453811,absolute,single_20_skip5
2021-10-08,government_bond,T,-1,-0.7740774978751681,absolute,single_20_skip5
2021-10-15,agriculture,CF,1,7.413143304728808,strongest,single_20_skip5
2021-10-15,agriculture,LH,-1,-5.433743849151609,weakest,single_20_skip5
2021-10-15,base_metal,AL,1,2.88513823554104,absolute,single_20_skip5
2021-10-15,chemical_energy,UR,1,8.130631331070461,strongest,single_20_skip5
2021-10-15,chemical_energy,FG,-1,-3.516624710391048,weakest,single_20_skip5
2021-10-15,ferrous,RB,1,4.299663996319638,absolute,single_20_skip5
2021-10-15,government_bond,T,-1,-4.4274389091532464,absolute,single_20_skip5
2021-10-22,agriculture,AP,1,7.813801824172123,strongest,single_20_skip5
2021-10-22,agriculture,M,-1,-4.875816478281274,weakest,single_20_skip5
2021-10-22,base_metal,AL,1,4.045896507435431,absolute,single_20_skip5
2021-10-22,chemical_energy,SC,1,7.312771573288613,strongest,single_20_skip5
2021-10-22,chemical_energy,SP,-1,-3.248736485741303,weakest,single_20_skip5
2021-10-22,ferrous,RB,1,0.4427334391171081,absolute,single_20_skip5
2021-10-22,government_bond,T,-1,-3.4500847782877604,absolute,single_20_skip5
2021-10-29,agriculture,AP,1,9.092546399616989,strongest,single_20_skip5
2021-10-29,agriculture,M,-1,-5.7395541918105035,weakest,single_20_skip5
2021-10-29,base_metal,AL,-1,-1.3640821988559502,absolute,single_20_skip5
2021-10-29,chemical_energy,SC,1,4.098088943653296,strongest,single_20_skip5
2021-10-29,chemical_energy,SP,-1,-5.3691888640528855,weakest,single_20_skip5
2021-10-29,ferrous,RB,-1,-3.658364023247097,absolute,single_20_skip5
2021-10-29,government_bond,T,-1,-1.594077660679034,absolute,single_20_skip5
2021-11-05,agriculture,AP,1,5.433485726477834,strongest,single_20_skip5
2021-11-05,agriculture,M,-1,-6.443313338280119,weakest,single_20_skip5
2021-11-05,base_metal,AL,-1,-4.485679266679568,absolute,single_20_skip5
2021-11-05,chemical_energy,RU,1,4.513860382119768,strongest,single_20_skip5
2021-11-05,chemical_energy,SP,-1,-6.791778157621221,weakest,single_20_skip5
2021-11-05,ferrous,RB,-1,-4.741979381147237,absolute,single_20_skip5
2021-11-05,government_bond,T,-1,-2.796731268417449,absolute,single_20_skip5
2021-11-12,agriculture,C,1,5.64817742113471,strongest,single_20_skip5
2021-11-12,agriculture,M,-1,-7.685563597207563,weakest,single_20_skip5
2021-11-12,base_metal,AL,-1,-5.212902428628467,absolute,single_20_skip5
2021-11-12,chemical_energy,FG,-1,-6.434189244903872,weakest,single_20_skip5
2021-11-12,ferrous,RB,-1,-8.142058790825883,absolute,single_20_skip5
2021-11-12,government_bond,T,1,2.269017845750141,absolute,single_20_skip5
2021-11-19,agriculture,AP,1,3.1011405362766338,strongest,single_20_skip5
2021-11-19,agriculture,CF,-1,-4.099901265472403,weakest,single_20_skip5
2021-11-19,base_metal,AL,-1,-6.881674192122395,absolute,single_20_skip5
2021-11-19,chemical_energy,MA,-1,-8.188653059743514,weakest,single_20_skip5
2021-11-19,ferrous,RB,-1,-6.630970956174449,absolute,single_20_skip5
2021-11-19,government_bond,T,1,2.561325677138127,absolute,single_20_skip5
2021-11-26,agriculture,C,1,4.721844820545383,strongest,single_20_skip5
2021-11-26,agriculture,M,-1,-1.4861741083286695,weakest,single_20_skip5
2021-11-26,base_metal,AL,-1,-4.153154538566496,absolute,single_20_skip5
2021-11-26,chemical_energy,RU,1,0.6968588995250223,strongest,single_20_skip5
2021-11-26,chemical_energy,UR,-1,-5.879235130319753,weakest,single_20_skip5
2021-11-26,ferrous,RB,-1,-3.662945912740635,absolute,single_20_skip5
2021-11-26,government_bond,T,1,3.395069241615285,absolute,single_20_skip5
2021-12-03,agriculture,AP,1,1.322734437211772,strongest,single_20_skip5
2021-12-03,agriculture,P,-1,-1.1397727850592374,weakest,single_20_skip5
2021-12-03,base_metal,AL,-1,-1.8078139864783174,absolute,single_20_skip5
2021-12-03,chemical_energy,SP,1,6.482815745874376,strongest,single_20_skip5
2021-12-03,chemical_energy,MA,-1,-2.329347308944511,weakest,single_20_skip5
2021-12-03,ferrous,RB,-1,-1.9942416592635088,absolute,single_20_skip5
2021-12-03,government_bond,T,1,5.526234766431721,absolute,single_20_skip5
2021-12-10,agriculture,M,1,6.623023034861673,strongest,single_20_skip5
2021-12-10,agriculture,SR,-1,-3.2705260426482896,weakest,single_20_skip5
2021-12-10,base_metal,AL,1,0.6387897967178926,absolute,single_20_skip5
2021-12-10,chemical_energy,SP,1,7.378072294323856,strongest,single_20_skip5
2021-12-10,chemical_energy,SC,-1,-3.048890365631591,weakest,single_20_skip5
2021-12-10,ferrous,RB,1,2.7000946956099563,absolute,single_20_skip5
2021-12-10,government_bond,T,-1,-0.6574492889789626,absolute,single_20_skip5
2021-12-17,agriculture,M,1,3.3570204203216685,strongest,single_20_skip5
2021-12-17,agriculture,JD,-1,-7.476483766936786,weakest,single_20_skip5
2021-12-17,base_metal,AL,-1,-1.2149068633679878,absolute,single_20_skip5
2021-12-17,chemical_energy,SP,1,5.297714184275905,strongest,single_20_skip5
2021-12-17,chemical_energy,SC,-1,-2.5693045786828317,weakest,single_20_skip5
2021-12-17,ferrous,RB,1,2.6183578423189227,absolute,single_20_skip5
2021-12-17,government_bond,T,1,1.5762650916929308,absolute,single_20_skip5
2021-12-24,agriculture,M,1,2.5656198451463785,strongest,single_20_skip5
2021-12-24,agriculture,JD,-1,-8.780308314536812,weakest,single_20_skip5
2021-12-24,base_metal,AL,1,1.5618762058860371,absolute,single_20_skip5
2021-12-24,chemical_energy,UR,1,3.8206328778843703,strongest,single_20_skip5
2021-12-24,chemical_energy,SC,-1,-2.0541207001691397,weakest,single_20_skip5
2021-12-24,ferrous,RB,1,4.246146164756299,absolute,single_20_skip5
2021-12-24,government_bond,T,1,1.9582650690074568,absolute,single_20_skip5
2021-12-31,agriculture,M,1,4.648703285803437,strongest,single_20_skip5
2021-12-31,agriculture,JD,-1,-6.498826823255447,weakest,single_20_skip5
2021-12-31,base_metal,AL,1,4.0289588744746325,absolute,single_20_skip5
2021-12-31,chemical_energy,SP,1,2.565077289944617,strongest,single_20_skip5
2021-12-31,chemical_energy,RU,-1,-3.118371617890998,weakest,single_20_skip5
2021-12-31,ferrous,RB,1,5.302259663572625,absolute,single_20_skip5
2021-12-31,government_bond,T,1,0.08544397246355469,absolute,single_20_skip5
2022-01-07,agriculture,CF,1,6.805162493318321,strongest,single_20_skip5
2022-01-07,agriculture,JD,-1,-3.0162717854274597,weakest,single_20_skip5
2022-01-07,base_metal,AL,1,4.84815845699551,absolute,single_20_skip5
2022-01-07,chemical_energy,SC,1,4.753775257000291,strongest,single_20_skip5
2022-01-07,chemical_energy,FG,-1,-4.383656598686426,weakest,single_20_skip5
2022-01-07,ferrous,RB,-1,-0.06395529713886763,absolute,single_20_skip5
2022-01-07,government_bond,T,1,4.078764366927544,absolute,single_20_skip5
2022-01-14,agriculture,CF,1,8.024674779911516,strongest,single_20_skip5
2022-01-14,agriculture,SR,-1,-3.152716909776394,weakest,single_20_skip5
2022-01-14,base_metal,AL,1,6.5922077715039356,absolute,single_20_skip5
2022-01-14,chemical_energy,UR,1,3.9208976520913494,strongest,single_20_skip5
2022-01-14,ferrous,RB,1,2.7701675182382983,absolute,single_20_skip5
2022-01-14,government_bond,T,1,3.273752518682014,absolute,single_20_skip5
2022-01-21,agriculture,CF,1,8.529025854618574,strongest,single_20_skip5
2022-01-21,agriculture,LH,-1,-2.541581731854274,weakest,single_20_skip5
2022-01-21,base_metal,AL,1,5.3771547972427465,absolute,single_20_skip5
2022-01-21,chemical_energy,SC,1,5.082203049741397,strongest,single_20_skip5
2022-01-21,ferrous,RB,1,1.6717557643754695,absolute,single_20_skip5
2022-01-21,government_bond,T,1,4.626261865758856,absolute,single_20_skip5
2022-01-28,agriculture,P,1,11.338312848172343,strongest,single_20_skip5
2022-01-28,agriculture,LH,-1,-3.616023418561262,weakest,single_20_skip5
2022-01-28,base_metal,AL,1,3.423657953353665,absolute,single_20_skip5
2022-01-28,chemical_energy,FG,1,7.266014506121265,strongest,single_20_skip5
2022-01-28,ferrous,RB,1,2.5468153908516187,absolute,single_20_skip5
2022-01-28,government_bond,T,1,5.259078233392663,absolute,single_20_skip5
2022-02-11,agriculture,P,1,13.687503988370782,strongest,single_20_skip5
2022-02-11,agriculture,LH,-1,-4.87122198350664,weakest,single_20_skip5
2022-02-11,base_metal,AL,1,4.856553108802276,absolute,single_20_skip5
2022-02-11,chemical_energy,FG,1,9.392406284510644,strongest,single_20_skip5
2022-02-11,chemical_energy,RU,-1,-2.9057288566016957,weakest,single_20_skip5
2022-02-11,ferrous,RB,1,7.143135550575992,absolute,single_20_skip5
2022-02-11,government_bond,T,1,2.783423232984081,absolute,single_20_skip5
2022-02-18,agriculture,P,1,7.8466618472339205,strongest,single_20_skip5
2022-02-18,agriculture,LH,-1,-0.8891105345782258,weakest,single_20_skip5
2022-02-18,base_metal,AL,1,4.152689884391395,absolute,single_20_skip5
2022-02-18,chemical_energy,FG,1,3.637777783670863,strongest,single_20_skip5
2022-02-18,chemical_energy,RU,-1,-1.7856944412250393,weakest,single_20_skip5
2022-02-18,ferrous,RB,1,4.39752847050796,absolute,single_20_skip5
2022-02-18,government_bond,T,1,1.0126001928357498,absolute,single_20_skip5
2022-02-25,agriculture,P,1,8.75681248331765,strongest,single_20_skip5
2022-02-25,agriculture,LH,-1,-2.6002096993153963,weakest,single_20_skip5
2022-02-25,base_metal,AL,1,4.752537149886044,absolute,single_20_skip5
2022-02-25,chemical_energy,SC,1,2.4224735406859517,strongest,single_20_skip5
2022-02-25,chemical_energy,RU,-1,-3.517276200587501,weakest,single_20_skip5
2022-02-25,ferrous,RB,1,1.069097428984898,absolute,single_20_skip5
2022-02-25,government_bond,T,-1,-0.5195457137372643,absolute,single_20_skip5
2022-03-04,agriculture,P,1,8.05727447658638,strongest,single_20_skip5
2022-03-04,agriculture,CF,-1,-2.824881437516547,weakest,single_20_skip5
2022-03-04,base_metal,AL,1,2.7555725494673737,absolute,single_20_skip5
2022-03-04,chemical_energy,SC,1,3.879951538315581,strongest,single_20_skip5
2022-03-04,chemical_energy,UR,-1,-3.7962146019335234,weakest,single_20_skip5
2022-03-04,ferrous,RB,-1,-0.8307143905682455,absolute,single_20_skip5
2022-03-04,government_bond,T,-1,-3.384773234503961,absolute,single_20_skip5
2022-03-11,agriculture,C,1,5.94230432463274,strongest,single_20_skip5
2022-03-11,agriculture,LH,-1,-2.380686675351106,weakest,single_20_skip5
2022-03-11,base_metal,AL,1,3.857259772810153,absolute,single_20_skip5
2022-03-11,chemical_energy,SP,1,6.039140243604862,strongest,single_20_skip5
2022-03-11,chemical_energy,FG,-1,-3.5495670106195965,weakest,single_20_skip5
2022-03-11,ferrous,RB,1,0.6423159748922325,absolute,single_20_skip5
2022-03-11,government_bond,T,-1,-5.347832349182923,absolute,single_20_skip5
2022-03-18,agriculture,P,1,5.248996897204997,strongest,single_20_skip5
2022-03-18,agriculture,LH,-1,-6.720727231584939,weakest,single_20_skip5
2022-03-18,base_metal,AL,-1,-1.0823396340299167,absolute,single_20_skip5
2022-03-18,chemical_energy,SP,1,6.729823175027292,strongest,single_20_skip5
2022-03-18,chemical_energy,RU,-1,-2.5103137426252524,weakest,single_20_skip5
2022-03-18,ferrous,RB,1,0.09638013795611709,absolute,single_20_skip5
2022-03-18,government_bond,T,-1,-0.3576573524001884,absolute,single_20_skip5
2022-03-25,agriculture,M,1,4.754534206794721,strongest,single_20_skip5
2022-03-25,agriculture,LH,-1,-6.946419221832152,weakest,single_20_skip5
2022-03-25,base_metal,AL,-1,-0.03175543432186628,absolute,single_20_skip5
2022-03-25,chemical_energy,UR,1,4.224040182481088,strongest,single_20_skip5
2022-03-25,chemical_energy,RU,-1,-3.378150827374474,weakest,single_20_skip5
2022-03-25,ferrous,RB,1,1.3274592453597145,absolute,single_20_skip5
2022-03-25,government_bond,T,1,0.8962844147976065,absolute,single_20_skip5
2022-04-01,agriculture,M,1,4.864221211739779,strongest,single_20_skip5
2022-04-01,agriculture,LH,-1,-6.312876522634888,weakest,single_20_skip5
2022-04-01,base_metal,AL,1,0.9329383715254815,absolute,single_20_skip5
2022-04-01,chemical_energy,UR,1,5.226691605225247,strongest,single_20_skip5
2022-04-01,chemical_energy,RU,-1,-1.8040345476154944,weakest,single_20_skip5
2022-04-01,ferrous,RB,1,3.336976500228328,absolute,single_20_skip5
2022-04-01,government_bond,T,1,0.5950569427617731,absolute,single_20_skip5
2022-04-08,agriculture,CF,1,2.0930465653990296,strongest,single_20_skip5
2022-04-08,agriculture,LH,-1,-4.624347135202276,weakest,single_20_skip5
2022-04-08,base_metal,AL,-1,-0.05000519318805993,absolute,single_20_skip5
2022-04-08,chemical_energy,UR,1,3.086340531240698,strongest,single_20_skip5
2022-04-08,chemical_energy,RU,-1,-1.4468923143357484,weakest,single_20_skip5
2022-04-08,ferrous,RB,1,1.7849636141224503,absolute,single_20_skip5
2022-04-08,government_bond,T,1,2.3177103613664682,absolute,single_20_skip5
2022-04-15,agriculture,AP,1,1.4364300666944203,strongest,single_20_skip5
2022-04-15,agriculture,LH,-1,-3.253003103612115,weakest,single_20_skip5
2022-04-15,base_metal,AL,-1,-0.042171209998684775,absolute,single_20_skip5
2022-04-15,chemical_energy,FG,1,1.4269942171273646,strongest,single_20_skip5
2022-04-15,chemical_energy,MA,-1,-4.881080049306268,weakest,single_20_skip5
2022-04-15,ferrous,RB,1,1.4458581016210457,absolute,single_20_skip5
2022-04-15,government_bond,T,1,3.378300123507286,absolute,single_20_skip5
2022-04-22,agriculture,AP,1,5.3273412166391765,strongest,single_20_skip5
2022-04-22,agriculture,M,-1,-1.938417848779534,weakest,single_20_skip5
2022-04-22,base_metal,AL,-1,-0.2872645076683275,absolute,single_20_skip5
2022-04-22,chemical_energy,UR,1,1.8995026696212138,strongest,single_20_skip5
2022-04-22,chemical_energy,MA,-1,-1.7475863967200673,weakest,single_20_skip5
2022-04-22,ferrous,RB,1,1.7986045029097124,absolute,single_20_skip5
2022-04-22,government_bond,T,1,1.4908101404520024,absolute,single_20_skip5
2022-04-29,agriculture,SR,1,3.2173005491818083,strongest,single_20_skip5
2022-04-29,agriculture,M,-1,-2.704755399934766,weakest,single_20_skip5
2022-04-29,base_metal,AL,-1,-3.3130182555367536,absolute,single_20_skip5
2022-04-29,chemical_energy,UR,1,1.0460685455571908,strongest,single_20_skip5
2022-04-29,chemical_energy,MA,-1,-3.486310079742418,weakest,single_20_skip5
2022-04-29,ferrous,RB,1,0.06850909413737816,absolute,single_20_skip5
2022-04-29,government_bond,T,-1,-0.24657969130937676,absolute,single_20_skip5
2022-05-06,agriculture,LH,1,3.8265557225084015,strongest,single_20_skip5
2022-05-06,agriculture,CF,-1,-4.052368349771455,weakest,single_20_skip5
2022-05-06,base_metal,AL,-1,-4.968771845155083,absolute,single_20_skip5
2022-05-06,chemical_energy,UR,1,3.481808796863503,strongest,single_20_skip5
2022-05-06,chemical_energy,MA,-1,-5.814631015775564,weakest,single_20_skip5
2022-05-06,ferrous,RB,-1,-1.389149022866186,absolute,single_20_skip5
2022-05-06,government_bond,T,-1,-0.6572154194633666,absolute,single_20_skip5
2022-05-13,agriculture,P,1,6.034843057508817,strongest,single_20_skip5
2022-05-13,agriculture,JD,-1,-2.7088182647737575,weakest,single_20_skip5
2022-05-13,base_metal,AL,-1,-5.222617745564742,absolute,single_20_skip5
2022-05-13,chemical_energy,UR,1,4.171240254682945,strongest,single_20_skip5
2022-05-13,chemical_energy,RU,-1,-5.55128375001662,weakest,single_20_skip5
2022-05-13,ferrous,RB,-1,-3.52828523610562,absolute,single_20_skip5
2022-05-13,government_bond,T,-1,-0.3261896996914777,absolute,single_20_skip5
2022-05-20,agriculture,LH,1,7.311996835380224,strongest,single_20_skip5
2022-05-20,agriculture,SR,-1,-5.749867160921067,weakest,single_20_skip5
2022-05-20,base_metal,AL,-1,-1.6899978110289535,absolute,single_20_skip5
2022-05-20,chemical_energy,UR,1,4.347660080233707,strongest,single_20_skip5
2022-05-20,chemical_energy,FG,-1,-5.518208524016817,weakest,single_20_skip5
2022-05-20,ferrous,RB,-1,-3.3622195564419117,absolute,single_20_skip5
2022-05-20,government_bond,T,1,0.3107764796539785,absolute,single_20_skip5
2022-05-27,agriculture,AP,1,3.0399463744164805,strongest,single_20_skip5
2022-05-27,agriculture,SR,-1,-1.8250958435001081,weakest,single_20_skip5
2022-05-27,base_metal,AL,-1,-2.4381805478144045,absolute,single_20_skip5
2022-05-27,chemical_energy,SP,1,1.1228043824310927,strongest,single_20_skip5
2022-05-27,chemical_energy,FG,-1,-5.186277831089123,weakest,single_20_skip5
2022-05-27,ferrous,RB,-1,-3.524537771086691,absolute,single_20_skip5
2022-05-27,government_bond,T,1,3.280953204841299,absolute,single_20_skip5
2022-06-02,agriculture,SR,1,3.053435513489469,strongest,single_20_skip5
2022-06-02,agriculture,CF,-1,-1.9362268109223615,weakest,single_20_skip5
2022-06-02,base_metal,AL,-1,-0.6047879254533315,absolute,single_20_skip5
2022-06-02,chemical_energy,SC,1,3.4743394968351913,strongest,single_20_skip5
2022-06-02,chemical_energy,FG,-1,-3.2794779665656444,weakest,single_20_skip5
2022-06-02,ferrous,RB,-1,-2.8633748811862687,absolute,single_20_skip5
2022-06-02,government_bond,T,1,6.295656917814788,absolute,single_20_skip5
2022-06-10,agriculture,SR,1,4.736315675536304,strongest,single_20_skip5
2022-06-10,agriculture,C,-1,-5.932045751428634,weakest,single_20_skip5
2022-06-10,base_metal,AL,1,0.42189862155669267,absolute,single_20_skip5
2022-06-10,chemical_energy,RU,1,2.737297086375283,strongest,single_20_skip5
2022-06-10,chemical_energy,FG,-1,-3.2729202775200767,weakest,single_20_skip5
2022-06-10,ferrous,RB,-1,-1.3403612683627293,absolute,single_20_skip5
2022-06-10,government_bond,T,1,1.8653587549211408,absolute,single_20_skip5
2022-06-17,agriculture,SR,1,7.299025904458364,strongest,single_20_skip5
2022-06-17,agriculture,C,-1,-3.795309135707948,weakest,single_20_skip5
2022-06-17,base_metal,AL,1,1.8398792501080663,absolute,single_20_skip5
2022-06-17,chemical_energy,RU,1,5.5586490716776185,strongest,single_20_skip5
2022-06-17,chemical_energy,SP,-1,-1.1486738175763256,weakest,single_20_skip5
2022-06-17,ferrous,RB,1,2.2968314342607195,absolute,single_20_skip5
2022-06-17,government_bond,T,1,0.7134667922742193,absolute,single_20_skip5
2022-06-24,agriculture,LH,1,1.7843922106889207,strongest,single_20_skip5
2022-06-24,agriculture,CF,-1,-5.967144818971591,weakest,single_20_skip5
2022-06-24,base_metal,AL,-1,-2.185582974316145,absolute,single_20_skip5
2022-06-24,chemical_energy,SC,1,2.2976776817045454,strongest,single_20_skip5
2022-06-24,chemical_energy,SP,-1,-3.1446548593702706,weakest,single_20_skip5
2022-06-24,ferrous,RB,-1,-2.479237405800322,absolute,single_20_skip5
2022-06-24,government_bond,T,1,0.08177868167959303,absolute,single_20_skip5
2022-07-01,agriculture,LH,1,3.324296573060226,strongest,single_20_skip5
2022-07-01,agriculture,P,-1,-8.286534060248274,weakest,single_20_skip5
2022-07-01,base_metal,AL,-1,-4.162838276958072,absolute,single_20_skip5
2022-07-01,chemical_energy,SP,-1,-4.457457563263425,weakest,single_20_skip5
2022-07-01,ferrous,RB,-1,-2.9559179785990812,absolute,single_20_skip5
2022-07-01,government_bond,T,-1,-5.852054214287543,absolute,single_20_skip5
2022-07-08,agriculture,LH,1,5.628688789990431,strongest,single_20_skip5
2022-07-08,agriculture,P,-1,-8.729030999581283,weakest,single_20_skip5
2022-07-08,base_metal,AL,-1,-4.916404348820513,absolute,single_20_skip5
2022-07-08,chemical_energy,MA,-1,-4.849937452937379,weakest,single_20_skip5
2022-07-08,ferrous,RB,-1,-4.896074031777991,absolute,single_20_skip5
2022-07-08,government_bond,T,-1,-2.4649764238132894,absolute,single_20_skip5
2022-07-15,agriculture,LH,1,6.216709712327446,strongest,single_20_skip5
2022-07-15,agriculture,CF,-1,-9.18593582638553,weakest,single_20_skip5
2022-07-15,base_metal,AL,-1,-6.371308848059016,absolute,single_20_skip5
2022-07-15,chemical_energy,UR,-1,-9.378786080792686,weakest,single_20_skip5
2022-07-15,ferrous,RB,-1,-5.518999972166724,absolute,single_20_skip5
2022-07-15,government_bond,T,-1,-2.722233859305832,absolute,single_20_skip5
2022-07-22,agriculture,LH,1,1.9923755789380093,strongest,single_20_skip5
2022-07-22,agriculture,CF,-1,-11.43193986457085,weakest,single_20_skip5
2022-07-22,base_metal,AL,-1,-7.748576623328343,absolute,single_20_skip5
2022-07-22,chemical_energy,MA,-1,-7.607402731737116,weakest,single_20_skip5
2022-07-22,ferrous,RB,-1,-6.080778720319336,absolute,single_20_skip5
2022-07-22,government_bond,T,1,1.0708401709165272,absolute,single_20_skip5
2022-07-29,agriculture,LH,1,1.5644831644184984,strongest,single_20_skip5
2022-07-29,agriculture,JD,-1,-7.825464662830213,weakest,single_20_skip5
2022-07-29,base_metal,AL,-1,-2.461792299317517,absolute,single_20_skip5
2022-07-29,chemical_energy,SP,1,3.0400461542362507,strongest,single_20_skip5
2022-07-29,chemical_energy,FG,-1,-9.143206668007686,weakest,single_20_skip5
2022-07-29,ferrous,RB,-1,-2.6319261680086865,absolute,single_20_skip5
2022-07-29,government_bond,T,1,3.4687164806484625,absolute,single_20_skip5
2022-08-05,agriculture,M,1,1.6146306035175235,strongest,single_20_skip5
2022-08-05,agriculture,JD,-1,-4.180413091529213,weakest,single_20_skip5
2022-08-05,base_metal,AL,-1,-0.2945583546144629,absolute,single_20_skip5
2022-08-05,chemical_energy,SP,1,4.050567228376458,strongest,single_20_skip5
2022-08-05,chemical_energy,UR,-1,-4.1485065590760195,weakest,single_20_skip5
2022-08-05,ferrous,RB,-1,-2.164209264144993,absolute,single_20_skip5
2022-08-05,government_bond,T,1,6.330154608712318,absolute,single_20_skip5
2022-08-12,agriculture,M,1,2.272317159961748,strongest,single_20_skip5
2022-08-12,agriculture,JD,-1,-6.87266748466641,weakest,single_20_skip5
2022-08-12,base_metal,AL,1,0.464368973915878,absolute,single_20_skip5
2022-08-12,chemical_energy,SP,1,4.193422571219754,strongest,single_20_skip5
2022-08-12,chemical_energy,RU,-1,-2.4131302650947104,weakest,single_20_skip5
2022-08-12,ferrous,RB,-1,-1.2611042608179046,absolute,single_20_skip5
2022-08-12,government_bond,T,1,7.787306465737947,absolute,single_20_skip5
2022-08-19,agriculture,P,1,4.062769261843195,strongest,single_20_skip5
2022-08-19,agriculture,JD,-1,-3.2261584715148732,weakest,single_20_skip5
2022-08-19,base_metal,AL,1,4.69203635853673,absolute,single_20_skip5
2022-08-19,chemical_energy,SC,1,3.983373654473339,strongest,single_20_skip5
2022-08-19,ferrous,RB,1,6.539421934204877,absolute,single_20_skip5
2022-08-19,government_bond,T,1,4.00181188717859,absolute,single_20_skip5
2022-08-26,agriculture,M,1,4.29290912499199,strongest,single_20_skip5
2022-08-26,agriculture,SR,-1,-3.6690691540803786,weakest,single_20_skip5
2022-08-26,base_metal,AL,1,1.1660476960343051,absolute,single_20_skip5
2022-08-26,chemical_energy,SC,1,2.906741511890568,strongest,single_20_skip5
2022-08-26,chemical_energy,MA,-1,-0.8879070001188478,weakest,single_20_skip5
2022-08-26,ferrous,RB,1,0.7057425347239076,absolute,single_20_skip5
2022-08-26,government_bond,T,1,5.555450077102322,absolute,single_20_skip5
2022-09-02,agriculture,AP,1,2.237202358521508,strongest,single_20_skip5
2022-09-02,agriculture,SR,-1,-4.5847649107477295,weakest,single_20_skip5
2022-09-02,base_metal,AL,1,0.3003552874551561,absolute,single_20_skip5
2022-09-02,chemical_energy,SC,1,5.7332547541174215,strongest,single_20_skip5
2022-09-02,chemical_energy,RU,-1,-3.6688099403508865,weakest,single_20_skip5
2022-09-02,ferrous,RB,1,1.1557897535956079,absolute,single_20_skip5
2022-09-02,government_bond,T,1,3.420748275735983,absolute,single_20_skip5
2022-09-09,agriculture,AP,1,4.283500068351156,strongest,single_20_skip5
2022-09-09,agriculture,SR,-1,-0.7082427546669204,weakest,single_20_skip5
2022-09-09,base_metal,AL,-1,-1.0079926776418862,absolute,single_20_skip5
2022-09-09,chemical_energy,SC,1,4.5634138526539205,strongest,single_20_skip5
2022-09-09,chemical_energy,RU,-1,-4.993320220120018,weakest,single_20_skip5
2022-09-09,ferrous,RB,-1,-2.0657784974742834,absolute,single_20_skip5
2022-09-09,government_bond,T,1,3.5859695854757847,absolute,single_20_skip5
2022-09-16,agriculture,JD,1,5.927995698508051,strongest,single_20_skip5
2022-09-16,agriculture,P,-1,-3.1503105728365806,weakest,single_20_skip5
2022-09-16,base_metal,AL,-1,-0.26205857893833734,absolute,single_20_skip5
2022-09-16,chemical_energy,MA,1,4.580077869772342,strongest,single_20_skip5
2022-09-16,chemical_energy,RU,-1,-4.7359496113208825,weakest,single_20_skip5
2022-09-16,ferrous,RB,-1,-2.0513594634336005,absolute,single_20_skip5
2022-09-16,government_bond,T,1,3.0247402168519897,absolute,single_20_skip5
2022-09-23,agriculture,C,1,5.538041580559574,strongest,single_20_skip5
2022-09-23,agriculture,AP,-1,-3.795122273303667,weakest,single_20_skip5
2022-09-23,base_metal,AL,1,1.4338912375593174,absolute,single_20_skip5
2022-09-23,chemical_energy,MA,1,8.42051473609583,strongest,single_20_skip5
2022-09-23,ferrous,RB,-1,-1.8940369093372444,absolute,single_20_skip5
2022-09-23,government_bond,T,-1,-2.5301110908501987,absolute,single_20_skip5
2022-09-30,agriculture,JD,1,4.509289276131274,strongest,single_20_skip5
2022-09-30,agriculture,AP,-1,-5.549715200417154,weakest,single_20_skip5
2022-09-30,base_metal,AL,-1,-0.8622936983459434,absolute,single_20_skip5
2022-09-30,chemical_energy,UR,1,4.082210812240638,strongest,single_20_skip5
2022-09-30,chemical_energy,SC,-1,-2.7790666639033885,weakest,single_20_skip5
2022-09-30,ferrous,RB,-1,-1.0565589540667004,absolute,single_20_skip5
2022-09-30,government_bond,T,-1,-0.1653613456737797,absolute,single_20_skip5
2022-10-14,agriculture,M,1,4.466031036862882,strongest,single_20_skip5
2022-10-14,agriculture,P,-1,-5.144212645661778,weakest,single_20_skip5
2022-10-14,base_metal,AL,1,1.57798220121395,absolute,single_20_skip5
2022-10-14,chemical_energy,UR,1,6.143539579156868,strongest,single_20_skip5
2022-10-14,chemical_energy,SC,-1,-1.1409221621283803,weakest,single_20_skip5
2022-10-14,ferrous,RB,1,3.012922842866449,absolute,single_20_skip5
2022-10-14,government_bond,T,-1,-6.517684751657074,absolute,single_20_skip5
2022-10-21,agriculture,M,1,4.358898943540671,strongest,single_20_skip5
2022-10-21,agriculture,AP,-1,-3.3078311903507442,weakest,single_20_skip5
2022-10-21,base_metal,AL,1,1.0510508396654903,absolute,single_20_skip5
2022-10-21,chemical_energy,RU,1,2.504619050819106,strongest,single_20_skip5
2022-10-21,chemical_energy,SP,-1,-0.9456004669819364,weakest,single_20_skip5
2022-10-21,ferrous,RB,1,0.6356765945737313,absolute,single_20_skip5
2022-10-21,government_bond,T,-1,-0.7650686723095774,absolute,single_20_skip5
2022-10-28,agriculture,JD,1,2.6361947076410663,strongest,single_20_skip5
2022-10-28,agriculture,CF,-1,-5.006615218597128,weakest,single_20_skip5
2022-10-28,base_metal,AL,-1,-0.33381396491548054,absolute,single_20_skip5
2022-10-28,chemical_energy,SC,1,0.18688853249524276,strongest,single_20_skip5
2022-10-28,chemical_energy,UR,-1,-3.7167546740943656,weakest,single_20_skip5
2022-10-28,ferrous,RB,-1,-0.8682780167892696,absolute,single_20_skip5
2022-10-28,government_bond,T,-1,-0.6605060886445038,absolute,single_20_skip5
2022-11-04,agriculture,C,1,1.1969104022992465,strongest,single_20_skip5
2022-11-04,agriculture,CF,-1,-4.189582083637968,weakest,single_20_skip5
2022-11-04,base_metal,AL,-1,-1.0420865330773865,absolute,single_20_skip5
2022-11-04,chemical_energy,SC,1,1.487834634308336,strongest,single_20_skip5
2022-11-04,chemical_energy,RU,-1,-7.1600291866593535,weakest,single_20_skip5
2022-11-04,ferrous,RB,-1,-4.633824381724792,absolute,single_20_skip5
2022-11-04,government_bond,T,1,1.6771297974671793,absolute,single_20_skip5
2022-11-11,agriculture,P,1,6.652330037611826,strongest,single_20_skip5
2022-11-11,agriculture,CF,-1,-0.9158999592782776,weakest,single_20_skip5
2022-11-11,base_metal,AL,1,0.6925155888555613,absolute,single_20_skip5
2022-11-11,chemical_energy,SC,1,3.6913690262473144,strongest,single_20_skip5
2022-11-11,chemical_energy,RU,-1,-4.524982443527832,weakest,single_20_skip5
2022-11-11,ferrous,RB,-1,-3.4446071531940974,absolute,single_20_skip5
2022-11-11,government_bond,T,1,4.361380912801234,absolute,single_20_skip5
2022-11-18,agriculture,P,1,3.5936171372700874,strongest,single_20_skip5
2022-11-18,agriculture,JD,-1,-6.883597258183202,weakest,single_20_skip5
2022-11-18,base_metal,AL,1,0.13207232692066406,absolute,single_20_skip5
2022-11-18,chemical_energy,SP,1,1.2816242057012306,strongest,single_20_skip5
2022-11-18,chemical_energy,FG,-1,-5.062227582989354,weakest,single_20_skip5
2022-11-18,ferrous,RB,-1,-1.8094076235711938,absolute,single_20_skip5
2022-11-18,government_bond,T,-1,-1.533181330309263,absolute,single_20_skip5
2022-11-25,agriculture,M,1,1.6609558300623384,strongest,single_20_skip5
2022-11-25,agriculture,JD,-1,-4.463746782156405,weakest,single_20_skip5
2022-11-25,base_metal,AL,1,2.7854441981509446,absolute,single_20_skip5
2022-11-25,chemical_energy,UR,1,8.087263540317245,strongest,single_20_skip5
2022-11-25,chemical_energy,FG,-1,-3.398331869164385,weakest,single_20_skip5
2022-11-25,ferrous,RB,1,1.3641426250904618,absolute,single_20_skip5
2022-11-25,government_bond,T,-1,-1.7379238174187515,absolute,single_20_skip5
2022-12-02,agriculture,M,1,4.468491471275959,strongest,single_20_skip5
2022-12-02,agriculture,LH,-1,-3.7839225401438497,weakest,single_20_skip5
2022-12-02,base_metal,AL,1,3.2229555648102264,absolute,single_20_skip5
2022-12-02,chemical_energy,UR,1,8.163663480517798,strongest,single_20_skip5
2022-12-02,chemical_energy,SC,-1,-7.140121300908358,weakest,single_20_skip5
2022-12-02,ferrous,RB,1,4.139271734568113,absolute,single_20_skip5
2022-12-02,government_bond,T,-1,-2.6750886032896686,absolute,single_20_skip5
2022-12-09,agriculture,CF,1,1.9074246564398867,strongest,single_20_skip5
2022-12-09,agriculture,AP,-1,-2.5446025788332682,weakest,single_20_skip5
2022-12-09,base_metal,AL,1,3.9949296254367885,absolute,single_20_skip5
2022-12-09,chemical_energy,SP,1,5.093100871249211,strongest,single_20_skip5
2022-12-09,chemical_energy,SC,-1,-7.976679182319258,weakest,single_20_skip5
2022-12-09,ferrous,RB,1,5.44640918977219,absolute,single_20_skip5
2022-12-09,government_bond,T,-1,-2.183110595521896,absolute,single_20_skip5
2022-12-16,agriculture,CF,1,3.446249248678522,strongest,single_20_skip5
2022-12-16,agriculture,LH,-1,-5.1718344371265665,weakest,single_20_skip5
2022-12-16,base_metal,AL,1,2.515685064070765,absolute,single_20_skip5
2022-12-16,chemical_energy,SP,1,5.639367977501808,strongest,single_20_skip5
2022-12-16,chemical_energy,SC,-1,-10.965562485237585,weakest,single_20_skip5
2022-12-16,ferrous,RB,1,6.910199209869927,absolute,single_20_skip5
2022-12-16,government_bond,T,-1,-1.1005396163960528,absolute,single_20_skip5
2022-12-23,agriculture,CF,1,3.743867966198244,strongest,single_20_skip5
2022-12-23,agriculture,LH,-1,-7.0345106702204765,weakest,single_20_skip5
2022-12-23,base_metal,AL,-1,-1.754606681093312,absolute,single_20_skip5
2022-12-23,chemical_energy,FG,1,3.2915862723418594,strongest,single_20_skip5
2022-12-23,chemical_energy,SC,-1,-4.872806514727534,weakest,single_20_skip5
2022-12-23,ferrous,RB,1,6.568361017517848,absolute,single_20_skip5
2022-12-23,government_bond,T,1,1.6128672772374482,absolute,single_20_skip5
2022-12-30,agriculture,SR,1,3.5981118389035305,strongest,single_20_skip5
2022-12-30,agriculture,C,-1,-7.650190726505187,weakest,single_20_skip5
2022-12-30,base_metal,AL,-1,-0.9141192071077736,absolute,single_20_skip5
2022-12-30,chemical_energy,FG,1,0.39547748232281227,strongest,single_20_skip5
2022-12-30,chemical_energy,MA,-1,-4.123423951990622,weakest,single_20_skip5
2022-12-30,ferrous,RB,1,3.990099484334048,absolute,single_20_skip5
2022-12-30,government_bond,T,1,2.8009797745850147,absolute,single_20_skip5
2023-01-06,agriculture,SR,1,4.70645268700432,strongest,single_20_skip5
2023-01-06,agriculture,LH,-1,-4.599814573800632,weakest,single_20_skip5
2023-01-06,base_metal,AL,-1,-1.57439455240384,absolute,single_20_skip5
2023-01-06,chemical_energy,FG,1,4.5096852217412975,strongest,single_20_skip5
2023-01-06,chemical_energy,SC,-1,-1.7091078444890095,weakest,single_20_skip5
2023-01-06,ferrous,RB,1,4.295529617116893,absolute,single_20_skip5
2023-01-06,government_bond,T,1,2.546691870440808,absolute,single_20_skip5
2023-01-13,agriculture,CF,1,3.9401970473007846,strongest,single_20_skip5
2023-01-13,agriculture,LH,-1,-3.454014894519049,weakest,single_20_skip5
2023-01-13,base_metal,AL,-1,-4.833534821673444,absolute,single_20_skip5
2023-01-13,chemical_energy,FG,1,5.256715279001512,strongest,single_20_skip5
2023-01-13,chemical_energy,RU,-1,-1.4128404303697168,weakest,single_20_skip5
2023-01-13,ferrous,RB,1,3.487981368411926,absolute,single_20_skip5
2023-01-13,government_bond,T,1,2.437272295011394,absolute,single_20_skip5
2023-01-20,agriculture,AP,1,5.348348283271503,strongest,single_20_skip5
2023-01-20,agriculture,LH,-1,-3.5063746434137832,weakest,single_20_skip5
2023-01-20,base_metal,AL,-1,-0.816278333780711,absolute,single_20_skip5
2023-01-20,chemical_energy,FG,1,1.716819507183629,strongest,single_20_skip5
2023-01-20,chemical_energy,SP,-1,-2.2080877496592306,weakest,single_20_skip5
2023-01-20,ferrous,RB,1,1.3125320065160218,absolute,single_20_skip5
2023-01-20,government_bond,T,1,0.33421199928776746,absolute,single_20_skip5
2023-02-03,agriculture,CF,1,7.79185746629953,strongest,single_20_skip5
2023-02-03,agriculture,LH,-1,-2.531503650544131,weakest,single_20_skip5
2023-02-03,base_metal,AL,1,2.892930929485314,absolute,single_20_skip5
2023-02-03,chemical_energy,FG,1,7.975906371409596,strongest,single_20_skip5
2023-02-03,ferrous,RB,1,4.1587206453183985,absolute,single_20_skip5
2023-02-03,government_bond,T,-1,-2.8643762257759495,absolute,single_20_skip5
2023-02-10,agriculture,CF,1,6.5815166234127505,strongest,single_20_skip5
2023-02-10,agriculture,LH,-1,-5.9658828035560445,weakest,single_20_skip5
2023-02-10,base_metal,AL,1,1.266873633574722,absolute,single_20_skip5
2023-02-10,chemical_energy,MA,1,2.4038374464087613,strongest,single_20_skip5
2023-02-10,chemical_energy,SC,-1,-1.6731812152888552,weakest,single_20_skip5
2023-02-10,ferrous,RB,1,0.12306038885386392,absolute,single_20_skip5
2023-02-10,government_bond,T,1,0.7643215347561308,absolute,single_20_skip5
2023-02-17,agriculture,SR,1,4.906973983990152,strongest,single_20_skip5
2023-02-17,agriculture,C,-1,-4.784990523556634,weakest,single_20_skip5
2023-02-17,base_metal,AL,1,2.818234905888685,absolute,single_20_skip5
2023-02-17,chemical_energy,SC,1,1.489671790978286,strongest,single_20_skip5
2023-02-17,chemical_energy,UR,-1,-4.063648544480949,weakest,single_20_skip5
2023-02-17,ferrous,RB,-1,-0.6877784957881982,absolute,single_20_skip5
2023-02-17,government_bond,T,1,0.6033295155549416,absolute,single_20_skip5
2023-02-24,agriculture,SR,1,5.231046683618527,strongest,single_20_skip5
2023-02-24,agriculture,M,-1,-1.9132595284375267,weakest,single_20_skip5
2023-02-24,base_metal,AL,-1,-0.07372148015963233,absolute,single_20_skip5
2023-02-24,chemical_energy,SC,1,1.8196903444610684,strongest,single_20_skip5
2023-02-24,chemical_energy,FG,-1,-3.9941885490578306,weakest,single_20_skip5
2023-02-24,ferrous,RB,-1,-0.10488938010062819,absolute,single_20_skip5
2023-02-24,government_bond,T,1,3.5625606442233857,absolute,single_20_skip5
2023-03-03,agriculture,SR,1,4.601411950463557,strongest,single_20_skip5
2023-03-03,agriculture,CF,-1,-3.3352121197025566,weakest,single_20_skip5
2023-03-03,base_metal,AL,-1,-3.784134932801828,absolute,single_20_skip5
2023-03-03,chemical_energy,FG,-1,-6.357931646677978,weakest,single_20_skip5
2023-03-03,ferrous,RB,1,0.8418513737045793,absolute,single_20_skip5
2023-03-03,government_bond,T,1,4.6520436072803335,absolute,single_20_skip5
2023-03-10,agriculture,P,1,5.2591357861539505,strongest,single_20_skip5
2023-03-10,agriculture,M,-1,-3.3027575515504117,weakest,single_20_skip5
2023-03-10,base_metal,AL,-1,-1.6454442199595307,absolute,single_20_skip5
2023-03-10,chemical_energy,SC,1,3.0098561484657287,strongest,single_20_skip5
2023-03-10,chemical_energy,SP,-1,-6.985130574576832,weakest,single_20_skip5
2023-03-10,ferrous,RB,1,4.477239723489381,absolute,single_20_skip5
2023-03-10,government_bond,T,1,1.8152972460978243,absolute,single_20_skip5
2023-03-17,agriculture,SR,1,7.370746442818252,strongest,single_20_skip5
2023-03-17,agriculture,LH,-1,-1.6721601552249319,weakest,single_20_skip5
2023-03-17,base_metal,AL,-1,-2.020942624041652,absolute,single_20_skip5
2023-03-17,chemical_energy,FG,1,3.007626098235225,strongest,single_20_skip5
2023-03-17,chemical_energy,SP,-1,-6.724017398806627,weakest,single_20_skip5
2023-03-17,ferrous,RB,1,4.530440031368741,absolute,single_20_skip5
2023-03-17,government_bond,T,1,4.417298311883641,absolute,single_20_skip5
2023-03-24,agriculture,SR,1,4.059133125164333,strongest,single_20_skip5
2023-03-24,agriculture,LH,-1,-4.889560746085048,weakest,single_20_skip5
2023-03-24,base_metal,AL,-1,-1.6348396431140422,absolute,single_20_skip5
2023-03-24,chemical_energy,UR,1,1.391158323156935,strongest,single_20_skip5
2023-03-24,chemical_energy,SP,-1,-7.708363977302561,weakest,single_20_skip5
2023-03-24,ferrous,RB,1,1.5624122719207472,absolute,single_20_skip5
2023-03-24,government_bond,T,1,3.755952375458552,absolute,single_20_skip5
2023-03-31,agriculture,SR,1,3.681177516210957,strongest,single_20_skip5
2023-03-31,agriculture,M,-1,-7.90124935559625,weakest,single_20_skip5
2023-03-31,base_metal,AL,-1,-0.6261822372419602,absolute,single_20_skip5
2023-03-31,chemical_energy,FG,1,3.620553982760512,strongest,single_20_skip5
2023-03-31,chemical_energy,SP,-1,-6.198613235598433,weakest,single_20_skip5
2023-03-31,ferrous,RB,-1,-1.76195974186151,absolute,single_20_skip5
2023-03-31,government_bond,T,1,3.8270221550261803,absolute,single_20_skip5
2023-04-07,agriculture,SR,1,5.758509000708626,strongest,single_20_skip5
2023-04-07,agriculture,LH,-1,-8.086251486874541,weakest,single_20_skip5
2023-04-07,base_metal,AL,1,0.4650029254071238,absolute,single_20_skip5
2023-04-07,chemical_energy,FG,1,4.5883448273509035,strongest,single_20_skip5
2023-04-07,chemical_energy,SP,-1,-7.104712037118326,weakest,single_20_skip5
2023-04-07,ferrous,RB,-1,-0.8840727095893612,absolute,single_20_skip5
2023-04-07,government_bond,T,1,4.433852288638098,absolute,single_20_skip5
2023-04-14,agriculture,SR,1,5.824731275801863,strongest,single_20_skip5
2023-04-14,agriculture,LH,-1,-5.452769321911794,weakest,single_20_skip5
2023-04-14,base_metal,AL,1,1.3407876547490774,absolute,single_20_skip5
2023-04-14,chemical_energy,FG,1,3.3176381669892177,strongest,single_20_skip5
2023-04-14,chemical_energy,SP,-1,-4.903627619657804,weakest,single_20_skip5
2023-04-14,ferrous,RB,-1,-4.16377851286129,absolute,single_20_skip5
2023-04-14,government_bond,T,1,2.4285522003015423,absolute,single_20_skip5
2023-04-21,agriculture,SR,1,7.664965758699952,strongest,single_20_skip5
2023-04-21,agriculture,LH,-1,-9.237316489109276,weakest,single_20_skip5
2023-04-21,base_metal,AL,1,4.264374318407822,absolute,single_20_skip5
2023-04-21,chemical_energy,FG,1,8.157687161883164,strongest,single_20_skip5
2023-04-21,chemical_energy,SP,-1,-4.4486127275705885,weakest,single_20_skip5
2023-04-21,ferrous,RB,-1,-4.430239866343027,absolute,single_20_skip5
2023-04-21,government_bond,T,1,1.9779902944337238,absolute,single_20_skip5
2023-04-28,agriculture,SR,1,8.115915352829882,strongest,single_20_skip5
2023-04-28,agriculture,C,-1,-3.410012963677803,weakest,single_20_skip5
2023-04-28,base_metal,AL,1,3.73567793731968,absolute,single_20_skip5
2023-04-28,chemical_energy,FG,1,6.581709218745248,strongest,single_20_skip5
2023-04-28,chemical_energy,SP,-1,-3.822875488277895,weakest,single_20_skip5
2023-04-28,ferrous,RB,-1,-3.7013589683034387,absolute,single_20_skip5
2023-04-28,government_bond,T,1,3.971470174132189,absolute,single_20_skip5
2023-05-05,agriculture,SR,1,6.523502285117525,strongest,single_20_skip5
2023-05-05,agriculture,M,-1,-1.2402377609306454,weakest,single_20_skip5
2023-05-05,base_metal,AL,1,1.9440671864220442,absolute,single_20_skip5
2023-05-05,chemical_energy,FG,1,7.133914333595253,strongest,single_20_skip5
2023-05-05,chemical_energy,SP,-1,-5.912495717913775,weakest,single_20_skip5
2023-05-05,ferrous,RB,-1,-6.14359708389986,absolute,single_20_skip5
2023-05-05,government_bond,T,1,4.0117590223586195,absolute,single_20_skip5
2023-05-12,agriculture,CF,1,6.853294552549543,strongest,single_20_skip5
2023-05-12,agriculture,C,-1,-4.863252842209317,weakest,single_20_skip5
2023-05-12,base_metal,AL,-1,-1.7385267773466273,absolute,single_20_skip5
2023-05-12,chemical_energy,FG,1,3.4000649644031653,strongest,single_20_skip5
2023-05-12,chemical_energy,SP,-1,-6.846509853111542,weakest,single_20_skip5
2023-05-12,ferrous,RB,-1,-7.0283487050446585,absolute,single_20_skip5
2023-05-12,government_bond,T,1,9.963137498461277,absolute,single_20_skip5
2023-05-19,agriculture,AP,1,2.739947873505158,strongest,single_20_skip5
2023-05-19,agriculture,C,-1,-8.795076744621213,weakest,single_20_skip5
2023-05-19,base_metal,AL,-1,-3.0052193844942243,absolute,single_20_skip5
2023-05-19,chemical_energy,RU,1,1.4561823180724363,strongest,single_20_skip5
2023-05-19,chemical_energy,UR,-1,-7.741144327549126,weakest,single_20_skip5
2023-05-19,ferrous,RB,-1,-5.8203497120093415,absolute,single_20_skip5
2023-05-19,government_bond,T,1,6.278695980812837,absolute,single_20_skip5
2023-05-26,agriculture,CF,1,3.5423012296215552,strongest,single_20_skip5
2023-05-26,agriculture,JD,-1,-7.910219250295308,weakest,single_20_skip5
2023-05-26,base_metal,AL,-1,-2.6253391234677452,absolute,single_20_skip5
2023-05-26,chemical_energy,RU,1,1.5399894761044985,strongest,single_20_skip5
2023-05-26,chemical_energy,UR,-1,-10.304322492621232,weakest,single_20_skip5
2023-05-26,ferrous,RB,-1,-4.289559581580861,absolute,single_20_skip5
2023-05-26,government_bond,T,1,7.041298293411866,absolute,single_20_skip5
2023-06-02,agriculture,AP,1,1.4528404913102444,strongest,single_20_skip5
2023-06-02,agriculture,JD,-1,-4.660657527086124,weakest,single_20_skip5
2023-06-02,base_metal,AL,-1,-1.6356881803086643,absolute,single_20_skip5
2023-06-02,chemical_energy,UR,-1,-9.348912648671652,weakest,single_20_skip5
2023-06-02,ferrous,RB,-1,-2.5539467359952805,absolute,single_20_skip5
2023-06-02,government_bond,T,1,5.1189717647705475,absolute,single_20_skip5
2023-06-09,agriculture,C,1,1.882844300209069,strongest,single_20_skip5
2023-06-09,agriculture,LH,-1,-4.645008397212578,weakest,single_20_skip5
2023-06-09,base_metal,AL,1,1.1178358792777787,absolute,single_20_skip5
2023-06-09,chemical_energy,RU,1,1.5302322939109272,strongest,single_20_skip5
2023-06-09,chemical_energy,UR,-1,-5.090152330766253,weakest,single_20_skip5
2023-06-09,ferrous,RB,-1,-0.32457616860436733,absolute,single_20_skip5
2023-06-09,government_bond,T,1,0.2880241863847642,absolute,single_20_skip5
2023-06-16,agriculture,C,1,7.062181179801238,strongest,single_20_skip5
2023-06-16,agriculture,LH,-1,-3.3667531216864575,weakest,single_20_skip5
2023-06-16,base_metal,AL,1,2.4420545641288496,absolute,single_20_skip5
2023-06-16,chemical_energy,SC,1,2.002027409360806,strongest,single_20_skip5
2023-06-16,chemical_energy,UR,-1,-4.401731663945012,weakest,single_20_skip5
2023-06-16,ferrous,RB,1,1.856602426928804,absolute,single_20_skip5
2023-06-16,government_bond,T,1,3.1706464933419407,absolute,single_20_skip5
2023-06-21,agriculture,C,1,4.5068220493529445,strongest,single_20_skip5
2023-06-21,agriculture,JD,-1,-3.6897389105932845,weakest,single_20_skip5
2023-06-21,base_metal,AL,1,1.006942933929899,absolute,single_20_skip5
2023-06-21,chemical_energy,SC,1,1.7555220580938014,strongest,single_20_skip5
2023-06-21,chemical_energy,MA,-1,-5.243610880167306,weakest,single_20_skip5
2023-06-21,ferrous,RB,1,0.3428448679294474,absolute,single_20_skip5
2023-06-21,government_bond,T,1,5.361566720141045,absolute,single_20_skip5
2023-06-30,agriculture,C,1,7.756642837318314,strongest,single_20_skip5
2023-06-30,agriculture,LH,-1,-2.9979179658759536,weakest,single_20_skip5
2023-06-30,base_metal,AL,1,3.1540414817136764,absolute,single_20_skip5
2023-06-30,chemical_energy,RU,1,1.8324496932775827,strongest,single_20_skip5
2023-06-30,chemical_energy,SP,-1,-1.1666165496972105,weakest,single_20_skip5
2023-06-30,ferrous,RB,1,3.7963612609737605,absolute,single_20_skip5
2023-06-30,government_bond,T,1,0.4113544151869351,absolute,single_20_skip5
2023-07-07,agriculture,M,1,7.409242060844506,strongest,single_20_skip5
2023-07-07,agriculture,LH,-1,-2.277479254321388,weakest,single_20_skip5
2023-07-07,base_metal,AL,1,0.918842883892481,absolute,single_20_skip5
2023-07-07,chemical_energy,UR,1,3.862363359644535,strongest,single_20_skip5
2023-07-07,ferrous,RB,1,4.72836874618443,absolute,single_20_skip5
2023-07-07,government_bond,T,1,2.033480159437854,absolute,single_20_skip5
2023-07-14,agriculture,C,1,8.535857869319148,strongest,single_20_skip5
2023-07-14,agriculture,SR,-1,-1.4827620982198395,weakest,single_20_skip5
2023-07-14,base_metal,AL,-1,-0.2422546244985306,absolute,single_20_skip5
2023-07-14,chemical_energy,UR,1,5.1210706217364725,strongest,single_20_skip5
2023-07-14,ferrous,RB,1,0.8956641664809666,absolute,single_20_skip5
2023-07-14,government_bond,T,1,1.1334867421245234,absolute,single_20_skip5
2023-07-21,agriculture,M,1,7.061488616012873,strongest,single_20_skip5
2023-07-21,agriculture,LH,-1,-6.34586547537568,weakest,single_20_skip5
2023-07-21,base_metal,AL,1,0.02978251953408179,absolute,single_20_skip5
2023-07-21,chemical_energy,MA,1,8.443292668155465,strongest,single_20_skip5
2023-07-21,ferrous,RB,1,0.7475984247611966,absolute,single_20_skip5
2023-07-21,government_bond,T,-1,-1.2973663505893211,absolute,single_20_skip5
2023-07-28,agriculture,M,1,4.8588280431081605,strongest,single_20_skip5
2023-07-28,agriculture,LH,-1,-3.356300901934306,weakest,single_20_skip5
2023-07-28,base_metal,AL,1,1.051031129998239,absolute,single_20_skip5
2023-07-28,chemical_energy,UR,1,6.159710933805748,strongest,single_20_skip5
2023-07-28,ferrous,RB,1,2.620979073504473,absolute,single_20_skip5
2023-07-28,government_bond,T,1,5.634519063283795,absolute,single_20_skip5
2023-08-04,agriculture,M,1,7.5435610111682925,strongest,single_20_skip5
2023-08-04,agriculture,C,-1,-0.7502677393740527,weakest,single_20_skip5
2023-08-04,base_metal,AL,1,3.364063561675594,absolute,single_20_skip5
2023-08-04,chemical_energy,SC,1,9.916612474143244,strongest,single_20_skip5
2023-08-04,ferrous,RB,1,2.4438605344717135,absolute,single_20_skip5
2023-08-04,government_bond,T,1,0.3280686975165875,absolute,single_20_skip5
2023-08-11,agriculture,M,1,8.569062272084997,strongest,single_20_skip5
2023-08-11,agriculture,C,-1,-0.8589404755815037,weakest,single_20_skip5
2023-08-11,base_metal,AL,1,6.13739221480813,absolute,single_20_skip5
2023-08-11,chemical_energy,SC,1,6.2651148086073905,strongest,single_20_skip5
2023-08-11,chemical_energy,RU,-1,-3.193914203916028,weakest,single_20_skip5
2023-08-11,ferrous,RB,1,1.222566603498729,absolute,single_20_skip5
2023-08-11,government_bond,T,1,1.5404571509910558,absolute,single_20_skip5
2023-08-18,agriculture,M,1,10.567988178958336,strongest,single_20_skip5
2023-08-18,agriculture,P,-1,-0.6084329357271399,weakest,single_20_skip5
2023-08-18,base_metal,AL,1,1.7708237119801615,absolute,single_20_skip5
2023-08-18,chemical_energy,SC,1,5.492922277722203,strongest,single_20_skip5
2023-08-18,chemical_energy,RU,-1,-2.7628463670330854,weakest,single_20_skip5
2023-08-18,ferrous,RB,-1,-1.6050131667134402,absolute,single_20_skip5
2023-08-18,government_bond,T,1,1.9371881496400318,absolute,single_20_skip5
2023-08-25,agriculture,M,1,12.186357743037084,strongest,single_20_skip5
2023-08-25,agriculture,CF,-1,-1.5965056636797414,weakest,single_20_skip5
2023-08-25,base_metal,AL,1,0.8888640465703066,absolute,single_20_skip5
2023-08-25,chemical_energy,SC,1,5.51260884745015,strongest,single_20_skip5
2023-08-25,chemical_energy,RU,-1,-2.2898822108764074,weakest,single_20_skip5
2023-08-25,ferrous,RB,-1,-2.7898842912019957,absolute,single_20_skip5
2023-08-25,government_bond,T,1,2.1865300089586475,absolute,single_20_skip5
2023-09-01,agriculture,M,1,7.695538702666616,strongest,single_20_skip5
2023-09-01,base_metal,AL,1,1.6547981212514518,absolute,single_20_skip5
2023-09-01,chemical_energy,FG,1,3.5255495065890115,strongest,single_20_skip5
2023-09-01,chemical_energy,SP,-1,-1.7991842283741344,weakest,single_20_skip5
2023-09-01,ferrous,RB,-1,-2.996633047574644,absolute,single_20_skip5
2023-09-01,government_bond,T,1,5.851996667613931,absolute,single_20_skip5
2023-09-08,agriculture,M,1,6.89236864219819,strongest,single_20_skip5
2023-09-08,agriculture,LH,-1,-2.50293562738304,weakest,single_20_skip5
2023-09-08,base_metal,AL,1,5.41214079774755,absolute,single_20_skip5
2023-09-08,chemical_energy,RU,1,4.914248128829614,strongest,single_20_skip5
2023-09-08,ferrous,RB,1,0.9868444399859676,absolute,single_20_skip5
2023-09-08,government_bond,T,1,1.2783308229221164,absolute,single_20_skip5
2023-09-15,agriculture,M,1,3.0995910325172735,strongest,single_20_skip5
2023-09-15,agriculture,LH,-1,-3.2414812444846755,weakest,single_20_skip5
2023-09-15,base_metal,AL,1,2.839651872059501,absolute,single_20_skip5
2023-09-15,chemical_energy,SC,1,5.1980823244255925,strongest,single_20_skip5
2023-09-15,chemical_energy,UR,-1,-0.05330834023789855,weakest,single_20_skip5
2023-09-15,ferrous,RB,-1,-0.3648561605008106,absolute,single_20_skip5
2023-09-15,government_bond,T,-1,-1.6461336076124862,absolute,single_20_skip5
2023-09-22,agriculture,JD,1,4.6493019606484145,strongest,single_20_skip5
2023-09-22,agriculture,P,-1,-1.3332299213561498,weakest,single_20_skip5
2023-09-22,base_metal,AL,1,4.946548513740417,absolute,single_20_skip5
2023-09-22,chemical_energy,SC,1,7.774886382129797,strongest,single_20_skip5
2023-09-22,ferrous,RB,1,1.8347034710909293,absolute,single_20_skip5
2023-09-22,government_bond,T,-1,-3.427969222246957,absolute,single_20_skip5
2023-09-28,agriculture,JD,1,4.548349275793307,strongest,single_20_skip5
2023-09-28,agriculture,P,-1,-4.097135579817092,weakest,single_20_skip5
2023-09-28,base_metal,AL,1,4.2836253644889375,absolute,single_20_skip5
2023-09-28,chemical_energy,SC,1,8.591302075284947,strongest,single_20_skip5
2023-09-28,chemical_energy,UR,-1,-0.2768644861607346,weakest,single_20_skip5
2023-09-28,ferrous,RB,1,0.6790473218952651,absolute,single_20_skip5
2023-09-28,government_bond,T,-1,-4.526571549123654,absolute,single_20_skip5
2023-10-13,agriculture,AP,1,2.8500578211701524,strongest,single_20_skip5
2023-10-13,agriculture,C,-1,-4.335245467042801,weakest,single_20_skip5
2023-10-13,base_metal,AL,1,3.3172354072286887,absolute,single_20_skip5
2023-10-13,chemical_energy,SC,1,7.9819240915005505,strongest,single_20_skip5
2023-10-13,chemical_energy,MA,-1,-2.542358582667829,weakest,single_20_skip5
2023-10-13,ferrous,RB,-1,-2.0207010646150345,absolute,single_20_skip5
2023-10-13,government_bond,T,-1,-3.3904105833209996,absolute,single_20_skip5
2023-10-20,agriculture,AP,1,1.5663542560087875,strongest,single_20_skip5
2023-10-20,agriculture,SR,-1,-4.498603426109902,weakest,single_20_skip5
2023-10-20,base_metal,AL,-1,-0.17135292208004702,absolute,single_20_skip5
2023-10-20,chemical_energy,SP,1,7.162921519131945,strongest,single_20_skip5
2023-10-20,chemical_energy,MA,-1,-2.23690156717292,weakest,single_20_skip5
2023-10-20,ferrous,RB,-1,-3.797066801039337,absolute,single_20_skip5
2023-10-20,government_bond,T,1,0.4272542321198028,absolute,single_20_skip5
2023-10-27,agriculture,AP,1,0.29298375189075343,strongest,single_20_skip5
2023-10-27,agriculture,LH,-1,-6.179925842630356,weakest,single_20_skip5
2023-10-27,base_metal,AL,-1,-1.1129625155516252,absolute,single_20_skip5
2023-10-27,chemical_energy,SP,1,4.232545162530447,strongest,single_20_skip5
2023-10-27,chemical_energy,MA,-1,-2.9907879263944914,weakest,single_20_skip5
2023-10-27,ferrous,RB,-1,-4.457379599575464,absolute,single_20_skip5
2023-10-27,government_bond,T,-1,-3.193254840901312,absolute,single_20_skip5
2023-11-03,agriculture,P,1,0.7283974471102801,strongest,single_20_skip5
2023-11-03,agriculture,LH,-1,-6.326140418566288,weakest,single_20_skip5
2023-11-03,base_metal,AL,-1,-1.1338866715497806,absolute,single_20_skip5
2023-11-03,chemical_energy,RU,1,2.038166628147391,strongest,single_20_skip5
2023-11-03,chemical_energy,MA,-1,-2.806624566741901,weakest,single_20_skip5
2023-11-03,ferrous,RB,-1,-0.8769855063734379,absolute,single_20_skip5
2023-11-03,government_bond,T,-1,-0.9859132201083358,absolute,single_20_skip5
2023-11-10,agriculture,M,1,0.7040319979034616,strongest,single_20_skip5
2023-11-10,agriculture,CF,-1,-7.672672749420709,weakest,single_20_skip5
2023-11-10,base_metal,AL,-1,-0.8023137173278483,absolute,single_20_skip5
2023-11-10,chemical_energy,UR,1,3.2911650209192413,strongest,single_20_skip5
2023-11-10,chemical_energy,SC,-1,-2.312550001669987,weakest,single_20_skip5
2023-11-10,ferrous,RB,1,2.898419538454667,absolute,single_20_skip5
2023-11-10,government_bond,T,1,1.5041224899626233,absolute,single_20_skip5
2023-11-17,agriculture,SR,1,3.551519103377365,strongest,single_20_skip5
2023-11-17,agriculture,CF,-1,-6.485125530378708,weakest,single_20_skip5
2023-11-17,base_metal,AL,1,1.8348017767177094,absolute,single_20_skip5
2023-11-17,chemical_energy,UR,1,4.320815998980906,strongest,single_20_skip5
2023-11-17,chemical_energy,SC,-1,-3.532412060438521,weakest,single_20_skip5
2023-11-17,ferrous,RB,1,6.95180081271596,absolute,single_20_skip5
2023-11-17,government_bond,T,1,3.144062602117143,absolute,single_20_skip5
2023-11-24,agriculture,C,1,2.222826290349853,strongest,single_20_skip5
2023-11-24,agriculture,LH,-1,-3.1183103154559038,weakest,single_20_skip5
2023-11-24,base_metal,AL,1,0.30360113390853055,absolute,single_20_skip5
2023-11-24,chemical_energy,FG,1,2.566024231367297,strongest,single_20_skip5
2023-11-24,chemical_energy,SC,-1,-10.210702429166222,weakest,single_20_skip5
2023-11-24,ferrous,RB,1,7.935128288954448,absolute,single_20_skip5
2023-11-24,government_bond,T,1,6.136303380610392,absolute,single_20_skip5
2023-12-01,agriculture,AP,1,3.5220540864391854,strongest,single_20_skip5
2023-12-01,agriculture,CF,-1,-4.299991421591706,weakest,single_20_skip5
2023-12-01,base_metal,AL,-1,-0.6757227875716842,absolute,single_20_skip5
2023-12-01,chemical_energy,FG,1,3.3671667589306176,strongest,single_20_skip5
2023-12-01,chemical_energy,SC,-1,-5.95192416071299,weakest,single_20_skip5
2023-12-01,ferrous,RB,1,5.821629958569965,absolute,single_20_skip5
2023-12-01,government_bond,T,1,0.6357639532057002,absolute,single_20_skip5
2023-12-08,agriculture,AP,1,4.399724615672016,strongest,single_20_skip5
2023-12-08,agriculture,LH,-1,-6.510323108388808,weakest,single_20_skip5
2023-12-08,base_metal,AL,-1,-4.5221756310450525,absolute,single_20_skip5
2023-12-08,chemical_energy,FG,1,5.026662812286012,strongest,single_20_skip5
2023-12-08,chemical_energy,SC,-1,-5.585194306704951,weakest,single_20_skip5
2023-12-08,ferrous,RB,1,2.487321357110469,absolute,single_20_skip5
2023-12-08,government_bond,T,-1,-0.07231508852697767,absolute,single_20_skip5
2023-12-15,agriculture,AP,1,0.3781612998933237,strongest,single_20_skip5
2023-12-15,agriculture,SR,-1,-7.58636589142796,weakest,single_20_skip5
2023-12-15,base_metal,AL,-1,-4.087637938273948,absolute,single_20_skip5
2023-12-15,chemical_energy,FG,1,2.014107567366136,strongest,single_20_skip5
2023-12-15,chemical_energy,RU,-1,-4.244624493231692,weakest,single_20_skip5
2023-12-15,ferrous,RB,1,2.4754233661888674,absolute,single_20_skip5
2023-12-15,government_bond,T,-1,-0.3577051388059005,absolute,single_20_skip5
2023-12-22,agriculture,AP,1,0.23576116769727934,strongest,single_20_skip5
2023-12-22,agriculture,SR,-1,-7.271112978725954,weakest,single_20_skip5
2023-12-22,base_metal,AL,-1,-0.5194081932199082,absolute,single_20_skip5
2023-12-22,chemical_energy,UR,1,0.12024294128319084,strongest,single_20_skip5
2023-12-22,chemical_energy,RU,-1,-4.518725024244237,weakest,single_20_skip5
2023-12-22,ferrous,RB,-1,-0.8521616665870072,absolute,single_20_skip5
2023-12-22,government_bond,T,1,2.3697451062844306,absolute,single_20_skip5
2023-12-29,agriculture,CF,1,4.707190293117658,strongest,single_20_skip5
2023-12-29,agriculture,SR,-1,-6.871870342749427,weakest,single_20_skip5
2023-12-29,base_metal,AL,1,2.4998781577232467,absolute,single_20_skip5
2023-12-29,chemical_energy,MA,1,3.2494410153484963,strongest,single_20_skip5
2023-12-29,chemical_energy,RU,-1,-1.3277621845548335,weakest,single_20_skip5
2023-12-29,ferrous,RB,-1,-0.13256760365702042,absolute,single_20_skip5
2023-12-29,government_bond,T,1,6.957146508796838,absolute,single_20_skip5
2024-01-05,agriculture,CF,1,5.725332569212545,strongest,single_20_skip5
2024-01-05,agriculture,SR,-1,-4.377713152991398,weakest,single_20_skip5
2024-01-05,base_metal,AL,1,6.443874155667244,absolute,single_20_skip5
2024-01-05,chemical_energy,RU,1,0.8448637440645879,strongest,single_20_skip5
2024-01-05,chemical_energy,UR,-1,-2.2254300473251662,weakest,single_20_skip5
2024-01-05,ferrous,RB,1,0.9634867743387754,absolute,single_20_skip5
2024-01-05,government_bond,T,1,6.518437440390007,absolute,single_20_skip5
2024-01-12,agriculture,CF,1,3.8948029465024603,strongest,single_20_skip5
2024-01-12,agriculture,M,-1,-4.372184020002952,weakest,single_20_skip5
2024-01-12,base_metal,AL,1,3.9306276367824564,absolute,single_20_skip5
2024-01-12,chemical_energy,RU,1,3.21602385100772,strongest,single_20_skip5
2024-01-12,chemical_energy,UR,-1,-3.445481774213351,weakest,single_20_skip5
2024-01-12,ferrous,RB,-1,-0.6616957861334618,absolute,single_20_skip5
2024-01-12,government_bond,T,1,6.327771934090794,absolute,single_20_skip5
2024-01-19,agriculture,P,1,2.9536906825887366,strongest,single_20_skip5
2024-01-19,agriculture,M,-1,-9.744583749442743,weakest,single_20_skip5
2024-01-19,base_metal,AL,1,2.2179672258238843,absolute,single_20_skip5
2024-01-19,chemical_energy,SC,1,2.3631439426836782,strongest,single_20_skip5
2024-01-19,chemical_energy,UR,-1,-4.38957245684026,weakest,single_20_skip5
2024-01-19,ferrous,RB,-1,-0.6023107061779032,absolute,single_20_skip5
2024-01-19,government_bond,T,1,2.8822125198316115,absolute,single_20_skip5
2024-01-26,agriculture,CF,1,4.757084269410072,strongest,single_20_skip5
2024-01-26,agriculture,M,-1,-9.12483143220933,weakest,single_20_skip5
2024-01-26,base_metal,AL,-1,-1.8140885609096713,absolute,single_20_skip5
2024-01-26,chemical_energy,RU,1,0.4495730502367152,strongest,single_20_skip5
2024-01-26,chemical_energy,FG,-1,-2.849480647433597,weakest,single_20_skip5
2024-01-26,ferrous,RB,-1,-1.8345776983513027,absolute,single_20_skip5
2024-01-26,government_bond,T,1,2.7834180670566044,absolute,single_20_skip5
2024-02-02,agriculture,CF,1,3.3732171678873417,strongest,single_20_skip5
2024-02-02,agriculture,M,-1,-10.289366381953315,weakest,single_20_skip5
2024-02-02,base_metal,AL,-1,-2.282910895215297,absolute,single_20_skip5
2024-02-02,chemical_energy,SC,1,1.5009192974165129,strongest,single_20_skip5
2024-02-02,chemical_energy,RU,-1,-1.3054292786734194,weakest,single_20_skip5
2024-02-02,ferrous,RB,-1,-0.5724271400570942,absolute,single_20_skip5
2024-02-02,government_bond,T,1,2.0629475527051433,absolute,single_20_skip5
2024-02-08,agriculture,SR,1,2.8601804585431942,strongest,single_20_skip5
2024-02-08,agriculture,M,-1,-5.79013035276232,weakest,single_20_skip5
2024-02-08,base_metal,AL,-1,-2.077741012053415,absolute,single_20_skip5
2024-02-08,chemical_energy,MA,1,2.022257330977893,strongest,single_20_skip5
2024-02-08,chemical_energy,SP,-1,-3.126601442535337,weakest,single_20_skip5
2024-02-08,ferrous,RB,-1,-4.296199226267737,absolute,single_20_skip5
2024-02-08,government_bond,T,1,4.411704984226941,absolute,single_20_skip5
2024-02-23,agriculture,SR,1,6.473389183932201,strongest,single_20_skip5
2024-02-23,agriculture,M,-1,-3.422905306456837,weakest,single_20_skip5
2024-02-23,base_metal,AL,-1,-1.0071302150790764,absolute,single_20_skip5
2024-02-23,chemical_energy,MA,1,6.53310792940376,strongest,single_20_skip5
2024-02-23,chemical_energy,SP,-1,-2.511537079708647,weakest,single_20_skip5
2024-02-23,ferrous,RB,-1,-2.107506553949316,absolute,single_20_skip5
2024-02-23,government_bond,T,1,1.421107757470327,absolute,single_20_skip5
2024-03-01,agriculture,C,1,5.443440204261231,strongest,single_20_skip5
2024-03-01,agriculture,P,-1,-1.1737420167235637,weakest,single_20_skip5
2024-03-01,base_metal,AL,1,0.3219784394794802,absolute,single_20_skip5
2024-03-01,chemical_energy,MA,1,4.710173304085756,strongest,single_20_skip5
2024-03-01,chemical_energy,FG,-1,-1.4112691211976292,weakest,single_20_skip5
2024-03-01,ferrous,RB,-1,-3.4960580978864537,absolute,single_20_skip5
2024-03-01,government_bond,T,1,4.935994878622394,absolute,single_20_skip5
2024-03-08,agriculture,C,1,6.668607648712757,strongest,single_20_skip5
2024-03-08,agriculture,SR,-1,-4.064952572720895,weakest,single_20_skip5
2024-03-08,base_metal,AL,1,0.7596094441172998,absolute,single_20_skip5
2024-03-08,chemical_energy,MA,1,3.40227915550448,strongest,single_20_skip5
2024-03-08,chemical_energy,FG,-1,-4.850986737817551,weakest,single_20_skip5
2024-03-08,ferrous,RB,-1,-4.946730163642467,absolute,single_20_skip5
2024-03-08,government_bond,T,1,1.8741588225805552,absolute,single_20_skip5
2024-03-15,agriculture,P,1,9.258234822271207,strongest,single_20_skip5
2024-03-15,agriculture,SR,-1,-2.7779647280152315,weakest,single_20_skip5
2024-03-15,base_metal,AL,1,2.5803526938621997,absolute,single_20_skip5
2024-03-15,chemical_energy,RU,1,4.6246475747881455,strongest,single_20_skip5
2024-03-15,chemical_energy,FG,-1,-4.274904579087749,weakest,single_20_skip5
2024-03-15,ferrous,RB,-1,-4.59042009442301,absolute,single_20_skip5
2024-03-15,government_bond,T,1,2.143067576050346,absolute,single_20_skip5
2024-03-22,agriculture,P,1,9.310685489332327,strongest,single_20_skip5
2024-03-22,agriculture,AP,-1,-1.21466514424558,weakest,single_20_skip5
2024-03-22,base_metal,AL,1,3.1901608497441076,absolute,single_20_skip5
2024-03-22,chemical_energy,SP,1,8.723749866836888,strongest,single_20_skip5
2024-03-22,chemical_energy,FG,-1,-5.246948206079329,weakest,single_20_skip5
2024-03-22,ferrous,RB,-1,-7.56356911575488,absolute,single_20_skip5
2024-03-22,government_bond,T,1,2.4991317018640027,absolute,single_20_skip5
2024-03-29,agriculture,P,1,9.444916850993463,strongest,single_20_skip5
2024-03-29,agriculture,C,-1,-4.013976911368989,weakest,single_20_skip5
2024-03-29,base_metal,AL,1,5.687712548134317,absolute,single_20_skip5
2024-03-29,chemical_energy,SP,1,6.84387239368475,strongest,single_20_skip5
2024-03-29,chemical_energy,FG,-1,-4.323485441145122,weakest,single_20_skip5
2024-03-29,ferrous,RB,-1,-3.423239802993615,absolute,single_20_skip5
2024-03-29,government_bond,T,1,0.17330419436021738,absolute,single_20_skip5
2024-04-03,agriculture,P,1,6.0457485288624495,strongest,single_20_skip5
2024-04-03,agriculture,AP,-1,-4.713138881767177,weakest,single_20_skip5
2024-04-03,base_metal,AL,1,6.491121226913986,absolute,single_20_skip5
2024-04-03,chemical_energy,SC,1,3.4437483964468467,strongest,single_20_skip5
2024-04-03,chemical_energy,FG,-1,-5.262037455541261,weakest,single_20_skip5
2024-04-03,ferrous,RB,-1,-6.668312769311253,absolute,single_20_skip5
2024-04-03,government_bond,T,-1,-0.5299342081011499,absolute,single_20_skip5
2024-04-12,agriculture,P,1,6.4713208929780395,strongest,single_20_skip5
2024-04-12,agriculture,JD,-1,-7.133922984085025,weakest,single_20_skip5
2024-04-12,base_metal,AL,1,7.906738961016447,absolute,single_20_skip5
2024-04-12,chemical_energy,SC,1,7.753011056780387,strongest,single_20_skip5
2024-04-12,chemical_energy,UR,-1,-6.0652120322750305,weakest,single_20_skip5
2024-04-12,ferrous,RB,-1,-5.283938091120714,absolute,single_20_skip5
2024-04-12,government_bond,T,-1,-0.8584641054579528,absolute,single_20_skip5
2024-04-19,agriculture,CF,1,1.93440540716357,strongest,single_20_skip5
2024-04-19,agriculture,JD,-1,-8.420494361035338,weakest,single_20_skip5
2024-04-19,base_metal,AL,1,9.458356934483694,absolute,single_20_skip5
2024-04-19,chemical_energy,SC,1,8.660865430627409,strongest,single_20_skip5
2024-04-19,chemical_energy,FG,-1,-0.26953204134375736,weakest,single_20_skip5
2024-04-19,ferrous,RB,1,0.03401186189388959,absolute,single_20_skip5
2024-04-19,government_bond,T,1,2.547221808713074,absolute,single_20_skip5
2024-04-26,agriculture,AP,-1,-8.35483130610757,weakest,single_20_skip5
2024-04-26,base_metal,AL,1,4.480336747193196,absolute,single_20_skip5
2024-04-26,chemical_energy,UR,1,4.4423824142494945,strongest,single_20_skip5
2024-04-26,chemical_energy,RU,-1,-3.8792542451825414,weakest,single_20_skip5
2024-04-26,ferrous,RB,1,1.1211196114995157,absolute,single_20_skip5
2024-04-26,government_bond,T,1,3.6636956816002506,absolute,single_20_skip5
2024-04-30,agriculture,AP,-1,-6.465344275330315,weakest,single_20_skip5
2024-04-30,base_metal,AL,1,3.089756510537775,absolute,single_20_skip5
2024-04-30,chemical_energy,UR,1,3.377245942947075,strongest,single_20_skip5
2024-04-30,chemical_energy,RU,-1,-2.0239065488878683,weakest,single_20_skip5
2024-04-30,ferrous,RB,-1,-0.2569880669465847,absolute,single_20_skip5
2024-04-30,government_bond,T,1,6.531049936292875,absolute,single_20_skip5
2024-05-10,agriculture,M,1,1.7604909997228995,strongest,single_20_skip5
2024-05-10,agriculture,AP,-1,-6.672699641152886,weakest,single_20_skip5
2024-05-10,base_metal,AL,1,3.320196518563952,absolute,single_20_skip5
2024-05-10,chemical_energy,UR,1,4.322565418063583,strongest,single_20_skip5
2024-05-10,chemical_energy,RU,-1,-3.1067229346795537,weakest,single_20_skip5
2024-05-10,ferrous,RB,1,4.617152503511455,absolute,single_20_skip5
2024-05-10,government_bond,T,1,0.019665730503957278,absolute,single_20_skip5
2024-05-17,agriculture,M,1,3.25687593464328,strongest,single_20_skip5
2024-05-17,agriculture,CF,-1,-10.02102105159148,weakest,single_20_skip5
2024-05-17,base_metal,AL,1,1.877970787161012,absolute,single_20_skip5
2024-05-17,chemical_energy,UR,1,4.753604348339453,strongest,single_20_skip5
2024-05-17,chemical_energy,RU,-1,-7.189308767445107,weakest,single_20_skip5
2024-05-17,ferrous,RB,1,1.7097224989782236,absolute,single_20_skip5
2024-05-17,government_bond,T,1,0.2218614737785481,absolute,single_20_skip5
2024-05-24,agriculture,M,1,3.60069437484518,strongest,single_20_skip5
2024-05-24,agriculture,CF,-1,-6.497720834144729,weakest,single_20_skip5
2024-05-24,base_metal,AL,1,3.794078781255204,absolute,single_20_skip5
2024-05-24,chemical_energy,FG,1,5.317696454714709,strongest,single_20_skip5
2024-05-24,chemical_energy,SC,-1,-3.7244011094533596,weakest,single_20_skip5
2024-05-24,ferrous,RB,1,2.2404376379076902,absolute,single_20_skip5
2024-05-24,government_bond,T,-1,-0.8536771099339269,absolute,single_20_skip5
2024-05-31,agriculture,M,1,4.556135629055906,strongest,single_20_skip5
2024-05-31,agriculture,CF,-1,-1.8118912413514414,weakest,single_20_skip5
2024-05-31,base_metal,AL,1,2.3651220177579138,absolute,single_20_skip5
2024-05-31,chemical_energy,FG,1,5.822071880379676,strongest,single_20_skip5
2024-05-31,chemical_energy,SC,-1,-3.460550802421161,weakest,single_20_skip5
2024-05-31,ferrous,RB,1,3.2089808630022794,absolute,single_20_skip5
2024-05-31,government_bond,T,-1,-1.5857680914834982,absolute,single_20_skip5
2024-06-07,agriculture,P,1,4.359990509389058,strongest,single_20_skip5
2024-06-07,agriculture,CF,-1,-2.799969537406053,weakest,single_20_skip5
2024-06-07,base_metal,AL,1,3.377488567605203,absolute,single_20_skip5
2024-06-07,chemical_energy,RU,1,6.387575545057098,strongest,single_20_skip5
2024-06-07,chemical_energy,SC,-1,-3.769036190170765,weakest,single_20_skip5
2024-06-07,ferrous,RB,1,1.0760826166859585,absolute,single_20_skip5
2024-06-07,government_bond,T,1,2.671534020707008,absolute,single_20_skip5
2024-06-14,agriculture,P,1,2.287554580917843,strongest,single_20_skip5
2024-06-14,agriculture,AP,-1,-3.8466195224866344,weakest,single_20_skip5
2024-06-14,base_metal,AL,1,2.1449632724441052,absolute,single_20_skip5
2024-06-14,chemical_energy,RU,1,5.134811783269793,strongest,single_20_skip5
2024-06-14,chemical_energy,SC,-1,-3.616298130153224,weakest,single_20_skip5
2024-06-14,ferrous,RB,-1,-0.0966959231127847,absolute,single_20_skip5
2024-06-14,government_bond,T,1,5.114687876019996,absolute,single_20_skip5
2024-06-21,agriculture,P,1,1.5411698549890975,strongest,single_20_skip5
2024-06-21,agriculture,AP,-1,-4.417886222535221,weakest,single_20_skip5
2024-06-21,base_metal,AL,-1,-0.7725396317528052,absolute,single_20_skip5
2024-06-21,chemical_energy,RU,1,1.5578504260643067,strongest,single_20_skip5
2024-06-21,chemical_energy,SP,-1,-5.54454174049983,weakest,single_20_skip5
2024-06-21,ferrous,RB,-1,-1.9501549318307274,absolute,single_20_skip5
2024-06-21,government_bond,T,1,6.304087998467151,absolute,single_20_skip5
2024-06-28,agriculture,P,1,0.3011761675073177,strongest,single_20_skip5
2024-06-28,agriculture,M,-1,-7.384528180840848,weakest,single_20_skip5
2024-06-28,base_metal,AL,-1,-1.4105583504942798,absolute,single_20_skip5
2024-06-28,chemical_energy,SC,1,1.4990653576951143,strongest,single_20_skip5
2024-06-28,chemical_energy,SP,-1,-6.910921944293013,weakest,single_20_skip5
2024-06-28,ferrous,RB,-1,-7.505213667176733,absolute,single_20_skip5
2024-06-28,government_bond,T,1,5.661331550799555,absolute,single_20_skip5
2024-07-05,agriculture,C,1,4.005912183428492,strongest,single_20_skip5
2024-07-05,agriculture,AP,-1,-5.697255621379321,weakest,single_20_skip5
2024-07-05,base_metal,AL,-1,-6.067334514001467,absolute,single_20_skip5
2024-07-05,chemical_energy,SC,1,1.7233283830351827,strongest,single_20_skip5
2024-07-05,chemical_energy,SP,-1,-4.461422849693353,weakest,single_20_skip5
2024-07-05,ferrous,RB,-1,-6.285824648547762,absolute,single_20_skip5
2024-07-05,government_bond,T,1,7.946527200568066,absolute,single_20_skip5
2024-07-12,agriculture,JD,1,2.1900734464063145,strongest,single_20_skip5
2024-07-12,agriculture,M,-1,-4.010013837428126,weakest,single_20_skip5
2024-07-12,base_metal,AL,-1,-6.193991517343704,absolute,single_20_skip5
2024-07-12,chemical_energy,SC,1,9.383385109307772,strongest,single_20_skip5
2024-07-12,chemical_energy,FG,-1,-6.83850301619007,weakest,single_20_skip5
2024-07-12,ferrous,RB,-1,-3.0844168805822534,absolute,single_20_skip5
2024-07-12,government_bond,T,1,2.774136137201947,absolute,single_20_skip5
2024-07-19,agriculture,P,1,0.6510950866712972,strongest,single_20_skip5
2024-07-19,agriculture,M,-1,-7.67874287943022,weakest,single_20_skip5
2024-07-19,base_metal,AL,-1,-3.234268507444892,absolute,single_20_skip5
2024-07-19,chemical_energy,SC,1,3.1710563049109055,strongest,single_20_skip5
2024-07-19,chemical_energy,FG,-1,-5.376150192960509,weakest,single_20_skip5
2024-07-19,ferrous,RB,-1,-3.012617426571599,absolute,single_20_skip5
2024-07-19,government_bond,T,1,2.547230541904138,absolute,single_20_skip5
2024-07-26,agriculture,LH,1,3.656119261390987,strongest,single_20_skip5
2024-07-26,agriculture,M,-1,-4.6739534027472756,weakest,single_20_skip5
2024-07-26,base_metal,AL,-1,-5.630122883277905,absolute,single_20_skip5
2024-07-26,chemical_energy,FG,-1,-4.630146043275432,weakest,single_20_skip5
2024-07-26,ferrous,RB,-1,-2.0731552384932836,absolute,single_20_skip5
2024-07-26,government_bond,T,1,2.799326327008579,absolute,single_20_skip5
2024-08-02,agriculture,LH,1,2.671195553450418,strongest,single_20_skip5
2024-08-02,agriculture,C,-1,-10.524434881448789,weakest,single_20_skip5
2024-08-02,base_metal,AL,-1,-6.922398643365436,absolute,single_20_skip5
2024-08-02,chemical_energy,FG,-1,-6.759574726423481,weakest,single_20_skip5
2024-08-02,ferrous,RB,-1,-3.780621696854823,absolute,single_20_skip5
2024-08-02,government_bond,T,1,2.967980337791521,absolute,single_20_skip5
2024-08-09,agriculture,LH,1,4.0098782536658435,strongest,single_20_skip5
2024-08-09,agriculture,C,-1,-10.368613771857069,weakest,single_20_skip5
2024-08-09,base_metal,AL,-1,-6.273806286845676,absolute,single_20_skip5
2024-08-09,chemical_energy,FG,-1,-5.562334616972952,weakest,single_20_skip5
2024-08-09,ferrous,RB,-1,-3.931516392944353,absolute,single_20_skip5
2024-08-09,government_bond,T,1,7.949004972243084,absolute,single_20_skip5
2024-08-16,agriculture,LH,1,8.349727992285388,strongest,single_20_skip5
2024-08-16,agriculture,M,-1,-5.0874013115583,weakest,single_20_skip5
2024-08-16,base_metal,AL,-1,-5.241222176262199,absolute,single_20_skip5
2024-08-16,chemical_energy,RU,1,0.4360014080929642,strongest,single_20_skip5
2024-08-16,chemical_energy,FG,-1,-6.454744468082433,weakest,single_20_skip5
2024-08-16,ferrous,RB,-1,-5.558824959713048,absolute,single_20_skip5
2024-08-16,government_bond,T,1,3.414767368782529,absolute,single_20_skip5
2024-08-23,agriculture,LH,1,6.071434985167052,strongest,single_20_skip5
2024-08-23,agriculture,CF,-1,-7.4842956013399515,weakest,single_20_skip5
2024-08-23,base_metal,AL,-1,-1.2634183938187689,absolute,single_20_skip5
2024-08-23,chemical_energy,RU,1,1.1526488199263467,strongest,single_20_skip5
2024-08-23,chemical_energy,FG,-1,-7.8795866092780775,weakest,single_20_skip5
2024-08-23,ferrous,RB,-1,-8.422226853189434,absolute,single_20_skip5
2024-08-23,government_bond,T,1,0.817693663086772,absolute,single_20_skip5
2024-08-30,agriculture,LH,1,2.9367920958745763,strongest,single_20_skip5
2024-08-30,agriculture,SR,-1,-8.395798324123618,weakest,single_20_skip5
2024-08-30,base_metal,AL,1,2.6905306164380693,absolute,single_20_skip5
2024-08-30,chemical_energy,RU,1,5.189846016236042,strongest,single_20_skip5
2024-08-30,chemical_energy,FG,-1,-5.845375369540188,weakest,single_20_skip5
2024-08-30,ferrous,RB,-1,-3.856112353517255,absolute,single_20_skip5
2024-08-30,government_bond,T,1,0.16438414147736444,absolute,single_20_skip5
2024-09-06,agriculture,LH,1,2.037161639105855,strongest,single_20_skip5
2024-09-06,agriculture,SR,-1,-4.404888400980795,weakest,single_20_skip5
2024-09-06,base_metal,AL,1,3.276087938277534,absolute,single_20_skip5
2024-09-06,chemical_energy,RU,1,7.487634381169522,strongest,single_20_skip5
2024-09-06,chemical_energy,FG,-1,-5.80101047236249,weakest,single_20_skip5
2024-09-06,ferrous,RB,-1,-2.5049187244989857,absolute,single_20_skip5
2024-09-06,government_bond,T,-1,-1.7095748762047642,absolute,single_20_skip5
2024-09-13,agriculture,JD,1,2.692642018233386,strongest,single_20_skip5
2024-09-13,agriculture,SR,-1,-3.061409530577966,weakest,single_20_skip5
2024-09-13,base_metal,AL,1,0.8413358442673565,absolute,single_20_skip5
2024-09-13,chemical_energy,RU,1,3.0942536945397023,strongest,single_20_skip5
2024-09-13,chemical_energy,FG,-1,-6.660789356332648,weakest,single_20_skip5
2024-09-13,ferrous,RB,-1,-4.261940374581625,absolute,single_20_skip5
2024-09-13,government_bond,T,1,1.3411120645778198,absolute,single_20_skip5
2024-09-20,agriculture,M,1,4.2420001901756965,strongest,single_20_skip5
2024-09-20,agriculture,LH,-1,-4.529601660509426,weakest,single_20_skip5
2024-09-20,base_metal,AL,1,2.2021266275431923,absolute,single_20_skip5
2024-09-20,chemical_energy,RU,1,4.443511070766675,strongest,single_20_skip5
2024-09-20,chemical_energy,FG,-1,-5.756678526978387,weakest,single_20_skip5
2024-09-20,ferrous,RB,-1,-0.11398109665618796,absolute,single_20_skip5
2024-09-20,government_bond,T,1,5.203806361229795,absolute,single_20_skip5
2024-09-27,agriculture,JD,1,6.625875956502243,strongest,single_20_skip5
2024-09-27,agriculture,C,-1,-5.885357021323228,weakest,single_20_skip5
2024-09-27,base_metal,AL,1,0.9943240093965893,absolute,single_20_skip5
2024-09-27,chemical_energy,RU,1,5.309484962764523,strongest,single_20_skip5
2024-09-27,chemical_energy,FG,-1,-8.015279247312993,weakest,single_20_skip5
2024-09-27,ferrous,RB,-1,-1.9687116484405423,absolute,single_20_skip5
2024-09-27,government_bond,T,1,8.12235630010047,absolute,single_20_skip5
2024-09-30,agriculture,SR,1,7.058836104576571,strongest,single_20_skip5
2024-09-30,agriculture,C,-1,-8.207030097862921,weakest,single_20_skip5
2024-09-30,base_metal,AL,-1,-0.861847163703398,absolute,single_20_skip5
2024-09-30,chemical_energy,RU,1,3.8225032406506476,strongest,single_20_skip5
2024-09-30,chemical_energy,UR,-1,-5.944409353910985,weakest,single_20_skip5
2024-09-30,ferrous,RB,-1,-2.202434183438469,absolute,single_20_skip5
2024-09-30,government_bond,T,1,6.632289732490268,absolute,single_20_skip5
2024-10-11,agriculture,SR,1,7.712335702518911,strongest,single_20_skip5
2024-10-11,agriculture,C,-1,-6.72284895808375,weakest,single_20_skip5
2024-10-11,base_metal,AL,1,2.140149597573112,absolute,single_20_skip5
2024-10-11,chemical_energy,RU,1,4.762491616093027,strongest,single_20_skip5
2024-10-11,chemical_energy,SC,-1,-2.6015120283263378,weakest,single_20_skip5
2024-10-11,ferrous,RB,1,0.4739503088148275,absolute,single_20_skip5
2024-10-11,government_bond,T,-1,-0.745008149773894,absolute,single_20_skip5
2024-10-18,agriculture,P,1,8.544386840049619,strongest,single_20_skip5
2024-10-18,agriculture,LH,-1,-4.889944736943076,weakest,single_20_skip5
2024-10-18,base_metal,AL,1,6.976544812099849,absolute,single_20_skip5
2024-10-18,chemical_energy,RU,1,3.479953337888589,strongest,single_20_skip5
2024-10-18,chemical_energy,UR,-1,-0.19372504567514548,weakest,single_20_skip5
2024-10-18,ferrous,RB,1,4.193054027896684,absolute,single_20_skip5
2024-10-18,government_bond,T,-1,-0.6058292173509037,absolute,single_20_skip5
2024-10-25,agriculture,P,1,7.378357014672386,strongest,single_20_skip5
2024-10-25,agriculture,LH,-1,-3.5521075140918317,weakest,single_20_skip5
2024-10-25,base_metal,AL,1,4.85210572462601,absolute,single_20_skip5
2024-10-25,chemical_energy,SC,1,3.128394039036081,strongest,single_20_skip5
2024-10-25,ferrous,RB,1,2.0553162773456655,absolute,single_20_skip5
2024-10-25,government_bond,T,-1,-1.4520453404893074,absolute,single_20_skip5
2024-11-01,agriculture,P,1,9.322677980842396,strongest,single_20_skip5
2024-11-01,agriculture,LH,-1,-3.4829869806073273,weakest,single_20_skip5
2024-11-01,base_metal,AL,1,2.5212869879201953,absolute,single_20_skip5
2024-11-01,chemical_energy,FG,1,4.650470309847408,strongest,single_20_skip5
2024-11-01,chemical_energy,RU,-1,-0.18976360608354495,weakest,single_20_skip5
2024-11-01,ferrous,RB,1,2.229762328611438,absolute,single_20_skip5
2024-11-01,government_bond,T,-1,-3.1919456051774198,absolute,single_20_skip5
2024-11-08,agriculture,P,1,8.291872406290889,strongest,single_20_skip5
2024-11-08,agriculture,CF,-1,-3.735183787630461,weakest,single_20_skip5
2024-11-08,base_metal,AL,1,1.326756557501117,absolute,single_20_skip5
2024-11-08,chemical_energy,FG,1,2.3336930647680516,strongest,single_20_skip5
2024-11-08,chemical_energy,RU,-1,-1.3954636404023737,weakest,single_20_skip5
2024-11-08,ferrous,RB,1,0.60736480733634,absolute,single_20_skip5
2024-11-08,government_bond,T,1,2.615509196113106,absolute,single_20_skip5
2024-11-15,agriculture,P,1,9.517621726032598,strongest,single_20_skip5
2024-11-15,agriculture,SR,-1,-2.184570141427092,weakest,single_20_skip5
2024-11-15,base_metal,AL,1,3.206879798892084,absolute,single_20_skip5
2024-11-15,chemical_energy,FG,1,2.8100571892962645,strongest,single_20_skip5
2024-11-15,chemical_energy,SC,-1,-1.9285356612489708,weakest,single_20_skip5
2024-11-15,ferrous,RB,-1,-1.614324022943762,absolute,single_20_skip5
2024-11-15,government_bond,T,1,3.134671620650356,absolute,single_20_skip5
2024-11-22,agriculture,P,1,7.284791835480147,strongest,single_20_skip5
2024-11-22,agriculture,CF,-1,-0.8820666318519881,weakest,single_20_skip5
2024-11-22,base_metal,AL,1,0.4629493757160384,absolute,single_20_skip5
2024-11-22,chemical_energy,MA,1,1.667064629104673,strongest,single_20_skip5
2024-11-22,chemical_energy,UR,-1,-2.8436171356412006,weakest,single_20_skip5
2024-11-22,ferrous,RB,-1,-2.084735656120024,absolute,single_20_skip5
2024-11-22,government_bond,T,1,3.4338991357412376,absolute,single_20_skip5
2024-11-29,agriculture,AP,1,5.786983383629821,strongest,single_20_skip5
2024-11-29,agriculture,C,-1,-2.0941038723132697,weakest,single_20_skip5
2024-11-29,base_metal,AL,-1,-1.2185384265159507,absolute,single_20_skip5
2024-11-29,chemical_energy,MA,1,5.048954554552338,strongest,single_20_skip5
2024-11-29,chemical_energy,FG,-1,-2.8617836924056568,weakest,single_20_skip5
2024-11-29,ferrous,RB,-1,-1.881651149029532,absolute,single_20_skip5
2024-11-29,government_bond,T,1,6.879716130588576,absolute,single_20_skip5
2024-12-06,agriculture,SR,1,3.025653755145032,strongest,single_20_skip5
2024-12-06,agriculture,C,-1,-4.801364693691821,weakest,single_20_skip5
2024-12-06,base_metal,AL,-1,-1.3595938862394141,absolute,single_20_skip5
2024-12-06,chemical_energy,MA,1,3.2236226350220814,strongest,single_20_skip5
2024-12-06,chemical_energy,FG,-1,-3.2848116684055255,weakest,single_20_skip5
2024-12-06,ferrous,RB,-1,-1.6213312572173035,absolute,single_20_skip5
2024-12-06,government_bond,T,1,5.211638104324599,absolute,single_20_skip5
2024-12-13,agriculture,AP,1,3.8470382973964856,strongest,single_20_skip5
2024-12-13,agriculture,C,-1,-5.735422525161562,weakest,single_20_skip5
2024-12-13,base_metal,AL,-1,-5.302112399976365,absolute,single_20_skip5
2024-12-13,chemical_energy,RU,1,1.4457635953533,strongest,single_20_skip5
2024-12-13,chemical_energy,FG,-1,-4.886154864873968,weakest,single_20_skip5
2024-12-13,ferrous,RB,-1,-2.8013151497840347,absolute,single_20_skip5
2024-12-13,government_bond,T,1,4.845072350351677,absolute,single_20_skip5
2024-12-20,agriculture,SR,1,4.012290779471526,strongest,single_20_skip5
2024-12-20,agriculture,M,-1,-6.0158852751574035,weakest,single_20_skip5
2024-12-20,base_metal,AL,-1,-2.048680315476316,absolute,single_20_skip5
2024-12-20,chemical_energy,MA,1,3.7470258886821006,strongest,single_20_skip5
2024-12-20,chemical_energy,UR,-1,-2.4955791997756576,weakest,single_20_skip5
2024-12-20,ferrous,RB,1,1.5217219410552163,absolute,single_20_skip5
2024-12-20,government_bond,T,1,6.234662298368835,absolute,single_20_skip5
2024-12-27,agriculture,JD,1,2.371947254145701,strongest,single_20_skip5
2024-12-27,agriculture,LH,-1,-11.808848381962802,weakest,single_20_skip5
2024-12-27,base_metal,AL,-1,-2.239609438282278,absolute,single_20_skip5
2024-12-27,chemical_energy,RU,1,0.2845996398481416,strongest,single_20_skip5
2024-12-27,chemical_energy,UR,-1,-3.3465592371883686,weakest,single_20_skip5
2024-12-27,ferrous,RB,-1,-1.465732624934101,absolute,single_20_skip5
2024-12-27,government_bond,T,1,6.99491591772864,absolute,single_20_skip5
2025-01-03,agriculture,JD,1,1.4173026568428864,strongest,single_20_skip5
2025-01-03,agriculture,LH,-1,-8.657660302672381,weakest,single_20_skip5
2025-01-03,base_metal,AL,-1,-2.806449051327472,absolute,single_20_skip5
2025-01-03,chemical_energy,MA,1,3.4348789477810633,strongest,single_20_skip5
2025-01-03,chemical_energy,UR,-1,-4.66228535826634,weakest,single_20_skip5
2025-01-03,ferrous,RB,-1,-1.6730153976167506,absolute,single_20_skip5
2025-01-03,government_bond,T,1,4.522790934129373,absolute,single_20_skip5
2025-01-10,agriculture,C,1,1.6831627675830267,strongest,single_20_skip5
2025-01-10,agriculture,AP,-1,-8.100650776417492,weakest,single_20_skip5
2025-01-10,base_metal,AL,-1,-4.297542792210293,absolute,single_20_skip5
2025-01-10,chemical_energy,SC,1,7.145052735903956,strongest,single_20_skip5
2025-01-10,chemical_energy,RU,-1,-5.325834583021212,weakest,single_20_skip5
2025-01-10,ferrous,RB,-1,-1.6675264616283045,absolute,single_20_skip5
2025-01-10,government_bond,T,1,6.196469387550739,absolute,single_20_skip5
2025-01-17,agriculture,C,1,2.2961711449819173,strongest,single_20_skip5
2025-01-17,agriculture,AP,-1,-9.068402619179945,weakest,single_20_skip5
2025-01-17,base_metal,AL,-1,-2.2547187665023003,absolute,single_20_skip5
2025-01-17,chemical_energy,SC,1,7.2104394413715776,strongest,single_20_skip5
2025-01-17,chemical_energy,RU,-1,-5.937304572105438,weakest,single_20_skip5
2025-01-17,ferrous,RB,-1,-6.914881908602771,absolute,single_20_skip5
2025-01-17,government_bond,T,1,3.4603720725072233,absolute,single_20_skip5
2025-01-24,agriculture,C,1,9.720992943249112,strongest,single_20_skip5
2025-01-24,agriculture,AP,-1,-3.95442324500441,weakest,single_20_skip5
2025-01-24,base_metal,AL,1,3.6185228935207263,absolute,single_20_skip5
2025-01-24,chemical_energy,SC,1,7.797663833879118,strongest,single_20_skip5
2025-01-24,chemical_energy,UR,-1,-0.8334692401518721,weakest,single_20_skip5
2025-01-24,ferrous,RB,1,2.5010458366129047,absolute,single_20_skip5
2025-01-24,government_bond,T,1,1.908534783805863,absolute,single_20_skip5
2025-01-27,agriculture,C,1,8.43150274931551,strongest,single_20_skip5
2025-01-27,agriculture,AP,-1,-4.3956901618512,weakest,single_20_skip5
2025-01-27,base_metal,AL,1,2.4418347830134044,absolute,single_20_skip5
2025-01-27,chemical_energy,SC,1,7.282011094200666,strongest,single_20_skip5
2025-01-27,chemical_energy,RU,-1,-0.852981054030851,weakest,single_20_skip5
2025-01-27,ferrous,RB,1,2.1801609278410594,absolute,single_20_skip5
2025-01-27,government_bond,T,1,0.6393737840867888,absolute,single_20_skip5
2025-02-07,agriculture,C,1,6.029997914437227,strongest,single_20_skip5
2025-02-07,agriculture,SR,-1,-3.7351045549984194,weakest,single_20_skip5
2025-02-07,base_metal,AL,1,1.1398478805518368,absolute,single_20_skip5
2025-02-07,chemical_energy,SC,1,5.217915273159862,strongest,single_20_skip5
2025-02-07,chemical_energy,MA,-1,-3.0733983056545817,weakest,single_20_skip5
2025-02-07,ferrous,RB,1,1.5241623074823518,absolute,single_20_skip5
2025-02-07,government_bond,T,1,2.0800924340482787,absolute,single_20_skip5
2025-02-14,agriculture,C,1,4.68852289854637,strongest,single_20_skip5
2025-02-14,agriculture,SR,-1,-2.8317416956648693,weakest,single_20_skip5
2025-02-14,base_metal,AL,1,3.104764544818445,absolute,single_20_skip5
2025-02-14,chemical_energy,SC,1,3.784452479523676,strongest,single_20_skip5
2025-02-14,chemical_energy,MA,-1,-3.6920877546975155,weakest,single_20_skip5
2025-02-14,ferrous,RB,1,1.258886645051278,absolute,single_20_skip5
2025-02-14,government_bond,T,1,1.2031154041585659,absolute,single_20_skip5
2025-02-21,agriculture,C,1,5.8313879556089665,strongest,single_20_skip5
2025-02-21,base_metal,AL,1,4.165287502476212,absolute,single_20_skip5
2025-02-21,chemical_energy,UR,1,5.704107672600882,strongest,single_20_skip5
2025-02-21,chemical_energy,MA,-1,-2.4229526603033213,weakest,single_20_skip5
2025-02-21,ferrous,RB,1,1.4705240886410214,absolute,single_20_skip5
2025-02-21,government_bond,T,-1,-1.7782973748372972,absolute,single_20_skip5
2025-02-28,agriculture,P,1,7.367753454442927,strongest,single_20_skip5
2025-02-28,agriculture,C,-1,-1.101917478858687,weakest,single_20_skip5
2025-02-28,base_metal,AL,1,2.9558440057789395,absolute,single_20_skip5
2025-02-28,chemical_energy,UR,1,3.830983667459735,strongest,single_20_skip5
2025-02-28,chemical_energy,FG,-1,-6.608182372092384,weakest,single_20_skip5
2025-02-28,ferrous,RB,1,0.9165373947678546,absolute,single_20_skip5
2025-02-28,government_bond,T,-1,-6.006376551386504,absolute,single_20_skip5
2025-03-07,agriculture,P,1,6.058715897809619,strongest,single_20_skip5
2025-03-07,agriculture,LH,-1,-0.9576718304457353,weakest,single_20_skip5
2025-03-07,base_metal,AL,1,2.9821038106709334,absolute,single_20_skip5
2025-03-07,chemical_energy,UR,1,1.784334426522972,strongest,single_20_skip5
2025-03-07,chemical_energy,SP,-1,-6.630934670603197,weakest,single_20_skip5
2025-03-07,ferrous,RB,-1,-0.5472132583561404,absolute,single_20_skip5
2025-03-07,government_bond,T,-1,-4.125489245615915,absolute,single_20_skip5
2025-03-14,agriculture,AP,1,2.890098321039156,strongest,single_20_skip5
2025-03-14,agriculture,JD,-1,-2.6071267981758197,weakest,single_20_skip5
2025-03-14,base_metal,AL,1,1.57608587729445,absolute,single_20_skip5
2025-03-14,chemical_energy,UR,1,1.7628242867351946,strongest,single_20_skip5
2025-03-14,chemical_energy,SP,-1,-12.556372726966737,weakest,single_20_skip5
2025-03-14,ferrous,RB,-1,-2.4560232063076155,absolute,single_20_skip5
2025-03-14,government_bond,T,-1,-6.803727362875785,absolute,single_20_skip5
2025-03-21,agriculture,LH,1,4.942150172240838,strongest,single_20_skip5
2025-03-21,agriculture,JD,-1,-6.145301314060426,weakest,single_20_skip5
2025-03-21,base_metal,AL,1,1.8531869446854101,absolute,single_20_skip5
2025-03-21,chemical_energy,MA,1,2.0622321188056802,strongest,single_20_skip5
2025-03-21,chemical_energy,SP,-1,-5.328368235464544,weakest,single_20_skip5
2025-03-21,ferrous,RB,1,0.128249584907151,absolute,single_20_skip5
2025-03-21,government_bond,T,-1,-4.187472622512189,absolute,single_20_skip5
2025-03-28,agriculture,LH,1,2.672100101354141,strongest,single_20_skip5
2025-03-28,agriculture,JD,-1,-4.8609411962408915,weakest,single_20_skip5
2025-03-28,base_metal,AL,-1,-1.0529694299722128,absolute,single_20_skip5
2025-03-28,chemical_energy,UR,1,1.5871856148693184,strongest,single_20_skip5
2025-03-28,chemical_energy,SP,-1,-5.210050382059926,weakest,single_20_skip5
2025-03-28,ferrous,RB,-1,-5.35658871136016,absolute,single_20_skip5
2025-03-28,government_bond,T,-1,-2.1371155823143004,absolute,single_20_skip5
2025-04-03,agriculture,LH,1,4.078885143625321,strongest,single_20_skip5
2025-04-03,agriculture,JD,-1,-5.005647212119065,weakest,single_20_skip5
2025-04-03,base_metal,AL,1,1.211822224896681,absolute,single_20_skip5
2025-04-03,chemical_energy,UR,1,3.2305989577427074,strongest,single_20_skip5
2025-04-03,chemical_energy,SP,-1,-5.12195010970854,weakest,single_20_skip5
2025-04-03,ferrous,RB,-1,-3.7905900979747575,absolute,single_20_skip5
2025-04-03,government_bond,T,-1,-0.496930824944892,absolute,single_20_skip5
2025-04-11,agriculture,SR,1,6.930401942163665,strongest,single_20_skip5
2025-04-11,agriculture,JD,-1,-8.523277587334515,weakest,single_20_skip5
2025-04-11,base_metal,AL,-1,-3.4680887214507132,absolute,single_20_skip5
2025-04-11,chemical_energy,SC,1,4.239730819286818,strongest,single_20_skip5
2025-04-11,chemical_energy,RU,-1,-5.814551530444815,weakest,single_20_skip5
2025-04-11,ferrous,RB,-1,-3.780798499970787,absolute,single_20_skip5
2025-04-11,government_bond,T,1,0.8779360613682791,absolute,single_20_skip5
2025-04-18,agriculture,AP,1,4.013498365837767,strongest,single_20_skip5
2025-04-18,agriculture,CF,-1,-4.771712044150533,weakest,single_20_skip5
2025-04-18,base_metal,AL,-1,-4.384229268145068,absolute,single_20_skip5
2025-04-18,chemical_energy,UR,1,3.4400034809240183,strongest,single_20_skip5
2025-04-18,chemical_energy,RU,-1,-5.3137289159247985,weakest,single_20_skip5
2025-04-18,ferrous,RB,-1,-4.746978500836384,absolute,single_20_skip5
2025-04-18,government_bond,T,1,4.032357575690935,absolute,single_20_skip5
2025-04-25,agriculture,JD,1,3.5999655098368604,strongest,single_20_skip5
2025-04-25,agriculture,CF,-1,-5.592587527841848,weakest,single_20_skip5
2025-04-25,base_metal,AL,-1,-4.0258119323112425,absolute,single_20_skip5
2025-04-25,chemical_energy,RU,-1,-6.293294272268406,weakest,single_20_skip5
2025-04-25,ferrous,RB,-1,-4.432589700944592,absolute,single_20_skip5
2025-04-25,government_bond,T,1,5.262799752302482,absolute,single_20_skip5
2025-04-30,agriculture,AP,1,3.7875525252069813,strongest,single_20_skip5
2025-04-30,agriculture,CF,-1,-4.053110204075201,weakest,single_20_skip5
2025-04-30,base_metal,AL,-1,-2.7068922390752723,absolute,single_20_skip5
2025-04-30,chemical_energy,RU,-1,-5.997983131122227,weakest,single_20_skip5
2025-04-30,ferrous,RB,-1,-3.5587981854168165,absolute,single_20_skip5
2025-04-30,government_bond,T,1,3.6091516413208335,absolute,single_20_skip5
2025-05-09,agriculture,C,1,4.155807754346177,strongest,single_20_skip5
2025-05-09,agriculture,CF,-1,-4.620296377201078,weakest,single_20_skip5
2025-05-09,base_metal,AL,-1,-1.722977361707325,absolute,single_20_skip5
2025-05-09,chemical_energy,RU,-1,-4.914961089999684,weakest,single_20_skip5
2025-05-09,ferrous,RB,-1,-2.885913043712284,absolute,single_20_skip5
2025-05-09,government_bond,T,1,4.181881957036499,absolute,single_20_skip5
2025-05-16,agriculture,C,1,2.8069680738195006,strongest,single_20_skip5
2025-05-16,agriculture,M,-1,-8.393457128747887,weakest,single_20_skip5
2025-05-16,base_metal,AL,1,0.022848357824824903,absolute,single_20_skip5
2025-05-16,chemical_energy,UR,1,2.4520570764066676,strongest,single_20_skip5
2025-05-16,chemical_energy,FG,-1,-9.762223506500797,weakest,single_20_skip5
2025-05-16,ferrous,RB,-1,-2.100552318107854,absolute,single_20_skip5
2025-05-16,government_bond,T,1,0.845533544540237,absolute,single_20_skip5
2025-05-23,agriculture,CF,1,3.9425952766122494,strongest,single_20_skip5
2025-05-23,agriculture,LH,-1,-6.068028394818142,weakest,single_20_skip5
2025-05-23,base_metal,AL,1,3.1109085369785077,absolute,single_20_skip5
2025-05-23,chemical_energy,UR,1,2.3709861300294968,strongest,single_20_skip5
2025-05-23,chemical_energy,FG,-1,-7.244318113925001,weakest,single_20_skip5
2025-05-23,ferrous,RB,-1,-1.0127080829964739,absolute,single_20_skip5
2025-05-23,government_bond,T,-1,-1.9449154224383685,absolute,single_20_skip5
2025-05-30,agriculture,CF,1,5.058014087475597,strongest,single_20_skip5
2025-05-30,agriculture,LH,-1,-8.01991076127587,weakest,single_20_skip5
2025-05-30,base_metal,AL,1,2.54757853200675,absolute,single_20_skip5
2025-05-30,chemical_energy,SP,1,1.4352072190476564,strongest,single_20_skip5
2025-05-30,chemical_energy,FG,-1,-5.40023661120193,weakest,single_20_skip5
2025-05-30,ferrous,RB,-1,-0.7465772949410356,absolute,single_20_skip5
2025-05-30,government_bond,T,-1,-1.5370888128732354,absolute,single_20_skip5
2025-06-06,agriculture,CF,1,3.2710200746382934,strongest,single_20_skip5
2025-06-06,agriculture,SR,-1,-5.183290890434486,weakest,single_20_skip5
2025-06-06,base_metal,AL,1,1.7280852369830002,absolute,single_20_skip5
2025-06-06,chemical_energy,SP,1,1.4690154750763895,strongest,single_20_skip5
2025-06-06,chemical_energy,FG,-1,-5.996226338075422,weakest,single_20_skip5
2025-06-06,ferrous,RB,-1,-4.393237976856373,absolute,single_20_skip5
2025-06-06,government_bond,T,-1,-2.613688030941086,absolute,single_20_skip5
2025-06-13,agriculture,CF,1,4.573899687867132,strongest,single_20_skip5
2025-06-13,agriculture,LH,-1,-4.467001878562719,weakest,single_20_skip5
2025-06-13,base_metal,AL,1,3.519430789410529,absolute,single_20_skip5
2025-06-13,chemical_energy,SP,1,1.5074246871414723,strongest,single_20_skip5
2025-06-13,chemical_energy,UR,-1,-8.312983674168036,weakest,single_20_skip5
2025-06-13,ferrous,RB,-1,-2.161906152114307,absolute,single_20_skip5
2025-06-13,government_bond,T,-1,-1.66667012850224,absolute,single_20_skip5
2025-06-20,agriculture,M,1,4.772421731478448,strongest,single_20_skip5
2025-06-20,agriculture,SR,-1,-9.214598047638315,weakest,single_20_skip5
2025-06-20,base_metal,AL,1,1.7289747729508844,absolute,single_20_skip5
2025-06-20,chemical_energy,SC,1,4.517816116770992,strongest,single_20_skip5
2025-06-20,chemical_energy,UR,-1,-11.818458339939369,weakest,single_20_skip5
2025-06-20,ferrous,RB,-1,-5.631015447853133,absolute,single_20_skip5
2025-06-20,government_bond,T,1,1.7488883879648962,absolute,single_20_skip5
2025-06-27,agriculture,M,1,5.857071766040089,strongest,single_20_skip5
2025-06-27,agriculture,SR,-1,-4.215918504422311,weakest,single_20_skip5
2025-06-27,base_metal,AL,1,1.5640660252184886,absolute,single_20_skip5
2025-06-27,chemical_energy,SC,1,7.521574406988361,strongest,single_20_skip5
2025-06-27,chemical_energy,UR,-1,-3.4093480808003176,weakest,single_20_skip5
2025-06-27,ferrous,RB,-1,-2.6297079926693585,absolute,single_20_skip5
2025-06-27,government_bond,T,1,2.4564950281227214,absolute,single_20_skip5
2025-07-04,agriculture,CF,1,6.2423883362520645,strongest,single_20_skip5
2025-07-04,agriculture,JD,-1,-1.331251443778004,weakest,single_20_skip5
2025-07-04,base_metal,AL,1,2.950218423873881,absolute,single_20_skip5
2025-07-04,chemical_energy,MA,1,3.0592911602821142,strongest,single_20_skip5
2025-07-04,chemical_energy,SP,-1,-4.089821213034265,weakest,single_20_skip5
2025-07-04,ferrous,RB,1,0.7425140987282691,absolute,single_20_skip5
2025-07-04,government_bond,T,1,4.927784191550482,absolute,single_20_skip5
2025-07-11,agriculture,CF,1,6.572502606113289,strongest,single_20_skip5
2025-07-11,agriculture,M,-1,-2.0856903646126264,weakest,single_20_skip5
2025-07-11,base_metal,AL,1,5.21367634397323,absolute,single_20_skip5
2025-07-11,chemical_energy,MA,1,2.3926853295026436,strongest,single_20_skip5
2025-07-11,chemical_energy,SP,-1,-2.2092833597407644,weakest,single_20_skip5
2025-07-11,ferrous,RB,1,4.3822935215119045,absolute,single_20_skip5
2025-07-11,government_bond,T,1,1.8157035194154005,absolute,single_20_skip5
2025-07-18,agriculture,CF,1,7.264966358742,strongest,single_20_skip5
2025-07-18,agriculture,C,-1,-8.274849183475622,weakest,single_20_skip5
2025-07-18,base_metal,AL,1,2.670080570702239,absolute,single_20_skip5
2025-07-18,chemical_energy,FG,1,4.049811581067331,strongest,single_20_skip5
2025-07-18,chemical_energy,MA,-1,-0.3745697669498309,weakest,single_20_skip5
2025-07-18,ferrous,RB,1,6.3792517481930755,absolute,single_20_skip5
2025-07-18,government_bond,T,-1,-1.6970315333523747,absolute,single_20_skip5
2025-07-25,agriculture,CF,1,8.574192462200706,strongest,single_20_skip5
2025-07-25,agriculture,C,-1,-7.331615181309833,weakest,single_20_skip5
2025-07-25,base_metal,AL,1,1.3152888783897811,absolute,single_20_skip5
2025-07-25,chemical_energy,RU,1,5.304763771656848,strongest,single_20_skip5
2025-07-25,chemical_energy,MA,-1,-3.9836380132556237,weakest,single_20_skip5
2025-07-25,ferrous,RB,1,5.633427832642067,absolute,single_20_skip5
2025-07-25,government_bond,T,-1,-2.9874435188043336,absolute,single_20_skip5
2025-08-01,agriculture,AP,1,7.441663411936095,strongest,single_20_skip5
2025-08-01,agriculture,C,-1,-6.03646484060364,weakest,single_20_skip5
2025-08-01,base_metal,AL,1,1.348847239933491,absolute,single_20_skip5
2025-08-01,chemical_energy,SP,1,10.407456393692568,strongest,single_20_skip5
2025-08-01,ferrous,RB,1,8.60423411733824,absolute,single_20_skip5
2025-08-01,government_bond,T,-1,-6.168696382343887,absolute,single_20_skip5
2025-08-08,agriculture,P,1,4.330788491906168,strongest,single_20_skip5
2025-08-08,agriculture,JD,-1,-4.971235457452932,weakest,single_20_skip5
2025-08-08,base_metal,AL,-1,-0.4983956294266387,absolute,single_20_skip5
2025-08-08,chemical_energy,SC,1,3.989232912916054,strongest,single_20_skip5
2025-08-08,chemical_energy,UR,-1,-0.7672920351939093,weakest,single_20_skip5
2025-08-08,ferrous,RB,1,1.8933785806311765,absolute,single_20_skip5
2025-08-08,government_bond,T,-1,-3.7231840371447236,absolute,single_20_skip5
2025-08-15,agriculture,AP,1,3.4662506625482306,strongest,single_20_skip5
2025-08-15,agriculture,SR,-1,-4.983439402528772,weakest,single_20_skip5
2025-08-15,base_metal,AL,1,0.19826655701224682,absolute,single_20_skip5
2025-08-15,chemical_energy,RU,1,1.067787670635255,strongest,single_20_skip5
2025-08-15,chemical_energy,SC,-1,-1.5297449040377415,weakest,single_20_skip5
2025-08-15,ferrous,RB,1,1.1781670298734643,absolute,single_20_skip5
2025-08-15,government_bond,T,-1,-1.0920424979815382,absolute,single_20_skip5
2025-08-22,agriculture,AP,1,3.8607858508567396,strongest,single_20_skip5
2025-08-22,agriculture,JD,-1,-6.000541430163773,weakest,single_20_skip5
2025-08-22,base_metal,AL,1,2.043511817453589,absolute,single_20_skip5
2025-08-22,chemical_energy,RU,1,0.6592416931836174,strongest,single_20_skip5
2025-08-22,chemical_energy,SC,-1,-3.070461506956095,weakest,single_20_skip5
2025-08-22,ferrous,RB,1,0.5907621086770385,absolute,single_20_skip5
2025-08-22,government_bond,T,-1,-2.930071689785414,absolute,single_20_skip5
2025-08-29,agriculture,P,1,4.58167522888404,strongest,single_20_skip5
2025-08-29,agriculture,JD,-1,-9.169887453667766,weakest,single_20_skip5
2025-08-29,base_metal,AL,-1,-1.3221413364884662,absolute,single_20_skip5
2025-08-29,chemical_energy,FG,-1,-8.105388236166124,weakest,single_20_skip5
2025-08-29,ferrous,RB,-1,-4.158963207241882,absolute,single_20_skip5
2025-08-29,government_bond,T,-1,-2.12916539229598,absolute,single_20_skip5
2025-09-05,agriculture,AP,1,7.616468109850491,strongest,single_20_skip5
2025-09-05,agriculture,JD,-1,-8.29762592430578,weakest,single_20_skip5
2025-09-05,base_metal,AL,1,2.5018121989940956,absolute,single_20_skip5
2025-09-05,chemical_energy,RU,1,3.602222145030424,strongest,single_20_skip5
2025-09-05,chemical_energy,MA,-1,-6.190104914686634,weakest,single_20_skip5
2025-09-05,ferrous,RB,-1,-4.057811513667414,absolute,single_20_skip5
2025-09-05,government_bond,T,-1,-2.8719934185598763,absolute,single_20_skip5
2025-09-12,agriculture,P,1,3.891346944427395,strongest,single_20_skip5
2025-09-12,agriculture,LH,-1,-7.319619718562894,weakest,single_20_skip5
2025-09-12,base_metal,AL,1,0.15078064478085873,absolute,single_20_skip5
2025-09-12,chemical_energy,RU,1,3.9401641739304383,strongest,single_20_skip5
2025-09-12,chemical_energy,SP,-1,-2.8658232742545873,weakest,single_20_skip5
2025-09-12,ferrous,RB,-1,-4.679935083136935,absolute,single_20_skip5
2025-09-12,government_bond,T,-1,-2.6724713075875735,absolute,single_20_skip5
2025-09-19,agriculture,AP,1,0.9416153185611347,strongest,single_20_skip5
2025-09-19,agriculture,LH,-1,-6.709464963730702,weakest,single_20_skip5
2025-09-19,base_metal,AL,1,3.0722373878336566,absolute,single_20_skip5
2025-09-19,chemical_energy,SP,-1,-7.4417699476196875,weakest,single_20_skip5
2025-09-19,ferrous,RB,-1,-4.796967981941483,absolute,single_20_skip5
2025-09-19,government_bond,T,-1,-2.017833268721312,absolute,single_20_skip5
2025-09-26,agriculture,JD,1,1.5444707871569836,strongest,single_20_skip5
2025-09-26,agriculture,LH,-1,-9.986008041864569,weakest,single_20_skip5
2025-09-26,base_metal,AL,1,1.1345991070715467,absolute,single_20_skip5
2025-09-26,chemical_energy,FG,1,1.6545793702233789,strongest,single_20_skip5
2025-09-26,chemical_energy,UR,-1,-5.27037962251997,weakest,single_20_skip5
2025-09-26,ferrous,RB,-1,-0.5962485038470842,absolute,single_20_skip5
2025-09-26,government_bond,T,1,0.7946007043462869,absolute,single_20_skip5
2025-09-30,agriculture,AP,1,1.1579551081704138,strongest,single_20_skip5
2025-09-30,agriculture,LH,-1,-12.235785295791393,weakest,single_20_skip5
2025-09-30,base_metal,AL,-1,-0.5295461073848293,absolute,single_20_skip5
2025-09-30,chemical_energy,FG,1,0.38515648753583465,strongest,single_20_skip5
2025-09-30,chemical_energy,UR,-1,-5.445833924016558,weakest,single_20_skip5
2025-09-30,ferrous,RB,-1,-0.9791300486523549,absolute,single_20_skip5
2025-09-30,government_bond,T,-1,-1.272801971417771,absolute,single_20_skip5
2025-10-10,agriculture,JD,1,2.9950504066422683,strongest,single_20_skip5
2025-10-10,agriculture,LH,-1,-9.288831721256255,weakest,single_20_skip5
2025-10-10,base_metal,AL,-1,-0.13618662707291634,absolute,single_20_skip5
2025-10-10,chemical_energy,FG,1,3.0820689875412914,strongest,single_20_skip5
2025-10-10,chemical_energy,UR,-1,-5.4785556864973115,weakest,single_20_skip5
2025-10-10,ferrous,RB,-1,-1.1335747980926842,absolute,single_20_skip5
2025-10-10,government_bond,T,-1,-0.8741995599648423,absolute,single_20_skip5
2025-10-17,agriculture,AP,1,3.4558602216413385,strongest,single_20_skip5
2025-10-17,agriculture,LH,-1,-8.778955945427583,weakest,single_20_skip5
2025-10-17,base_metal,AL,1,2.191240346321449,absolute,single_20_skip5
2025-10-17,chemical_energy,FG,1,2.2293372754883096,strongest,single_20_skip5
2025-10-17,chemical_energy,UR,-1,-5.73810843542312,weakest,single_20_skip5
2025-10-17,ferrous,RB,-1,-0.48110240211376865,absolute,single_20_skip5
2025-10-17,government_bond,T,-1,-1.3341511947691427,absolute,single_20_skip5
2025-10-24,agriculture,AP,1,4.004259688920548,strongest,single_20_skip5
2025-10-24,agriculture,LH,-1,-9.283296218721782,weakest,single_20_skip5
2025-10-24,base_metal,AL,-1,-0.3478367398471492,absolute,single_20_skip5
2025-10-24,chemical_energy,SC,-1,-5.884718094103494,weakest,single_20_skip5
2025-10-24,ferrous,RB,-1,-1.8470359044471047,absolute,single_20_skip5
2025-10-24,government_bond,T,1,4.224973609858842,absolute,single_20_skip5
2025-10-31,agriculture,AP,1,5.092764511721734,strongest,single_20_skip5
2025-10-31,agriculture,LH,-1,-4.589858298986077,weakest,single_20_skip5
2025-10-31,base_metal,AL,1,2.9928774737535146,absolute,single_20_skip5
2025-10-31,chemical_energy,FG,-1,-3.7494348978954033,weakest,single_20_skip5
2025-10-31,ferrous,RB,-1,-3.7362861238508693,absolute,single_20_skip5
2025-10-31,government_bond,T,-1,-0.4566094512573559,absolute,single_20_skip5
2025-11-07,agriculture,AP,1,5.771014234590137,strongest,single_20_skip5
2025-11-07,agriculture,LH,-1,-5.076055401810142,weakest,single_20_skip5
2025-11-07,base_metal,AL,1,3.1633269230645498,absolute,single_20_skip5
2025-11-07,chemical_energy,FG,-1,-7.393875273947904,weakest,single_20_skip5
2025-11-07,ferrous,RB,-1,-1.8670816582936625,absolute,single_20_skip5
2025-11-07,government_bond,T,1,7.726583005893442,absolute,single_20_skip5
2025-11-14,agriculture,JD,1,5.23959350499482,strongest,single_20_skip5
2025-11-14,agriculture,P,-1,-10.033339088169487,weakest,single_20_skip5
2025-11-14,base_metal,AL,1,3.728405269679888,absolute,single_20_skip5
2025-11-14,chemical_energy,SP,1,7.377473241330136,strongest,single_20_skip5
2025-11-14,chemical_energy,MA,-1,-5.323021474874451,weakest,single_20_skip5
2025-11-14,ferrous,RB,-1,-2.285623487723239,absolute,single_20_skip5
2025-11-14,government_bond,T,1,3.5143252062583064,absolute,single_20_skip5
2025-11-21,agriculture,M,1,8.310083066279102,strongest,single_20_skip5
2025-11-21,agriculture,P,-1,-7.529731707284326,weakest,single_20_skip5
2025-11-21,base_metal,AL,1,4.981893124693318,absolute,single_20_skip5
2025-11-21,chemical_energy,SP,1,7.544040115963401,strongest,single_20_skip5
2025-11-21,chemical_energy,MA,-1,-7.4992476088174325,weakest,single_20_skip5
2025-11-21,ferrous,RB,1,0.5564866749122165,absolute,single_20_skip5
2025-11-21,government_bond,T,1,0.9341396136009895,absolute,single_20_skip5
2025-11-28,agriculture,C,1,3.986157760494869,strongest,single_20_skip5
2025-11-28,agriculture,LH,-1,-5.084078236996206,weakest,single_20_skip5
2025-11-28,base_metal,AL,1,0.38084309516855747,absolute,single_20_skip5
2025-11-28,chemical_energy,UR,1,0.9163365332915225,strongest,single_20_skip5
2025-11-28,chemical_energy,MA,-1,-10.083938767765853,weakest,single_20_skip5
2025-11-28,ferrous,RB,1,0.3534620394513517,absolute,single_20_skip5
2025-11-28,government_bond,T,1,3.6975153773868357,absolute,single_20_skip5
2025-12-05,agriculture,C,1,7.641322239648914,strongest,single_20_skip5
2025-12-05,agriculture,SR,-1,-2.8321548353034536,weakest,single_20_skip5
2025-12-05,base_metal,AL,1,1.4158127130253244,absolute,single_20_skip5
2025-12-05,chemical_energy,UR,1,3.46566954142237,strongest,single_20_skip5
2025-12-05,chemical_energy,FG,-1,-1.6956120075253331,weakest,single_20_skip5
2025-12-05,ferrous,RB,1,0.1567449058733425,absolute,single_20_skip5
2025-12-05,government_bond,T,-1,-4.269655249213419,absolute,single_20_skip5
2025-12-12,agriculture,C,1,9.408878796550377,strongest,single_20_skip5
2025-12-12,agriculture,JD,-1,-5.859354894103487,weakest,single_20_skip5
2025-12-12,base_metal,AL,1,3.8297314723400193,absolute,single_20_skip5
2025-12-12,chemical_energy,SP,1,0.7285412570619992,strongest,single_20_skip5
2025-12-12,chemical_energy,FG,-1,-5.485737268826057,weakest,single_20_skip5
2025-12-12,ferrous,RB,1,3.9446612557872305,absolute,single_20_skip5
2025-12-12,government_bond,T,-1,-2.1520082659440654,absolute,single_20_skip5
2025-12-19,agriculture,CF,1,6.324026484784012,strongest,single_20_skip5
2025-12-19,agriculture,SR,-1,-5.422818854940965,weakest,single_20_skip5
2025-12-19,base_metal,AL,1,1.1955759438926712,absolute,single_20_skip5
2025-12-19,chemical_energy,MA,1,0.3959088026411221,strongest,single_20_skip5
2025-12-19,chemical_energy,FG,-1,-5.551391491339403,weakest,single_20_skip5
2025-12-19,ferrous,RB,-1,-0.9033190534994692,absolute,single_20_skip5
2025-12-19,government_bond,T,-1,-1.3146659407036185,absolute,single_20_skip5
2025-12-26,agriculture,CF,1,8.070689001996847,strongest,single_20_skip5
2025-12-26,agriculture,SR,-1,-4.973909151161783,weakest,single_20_skip5
2025-12-26,base_metal,AL,1,3.5173163367949285,absolute,single_20_skip5
2025-12-26,chemical_energy,MA,1,3.066705185071552,strongest,single_20_skip5
2025-12-26,chemical_energy,SC,-1,-4.128327037603619,weakest,single_20_skip5
2025-12-26,ferrous,RB,1,0.8394751979256502,absolute,single_20_skip5
2025-12-26,government_bond,T,-1,-0.4759041663774926,absolute,single_20_skip5
2025-12-31,agriculture,CF,1,8.870322618479001,strongest,single_20_skip5
2025-12-31,agriculture,AP,-1,-5.11847963810333,weakest,single_20_skip5
2025-12-31,base_metal,AL,1,3.6247622048207013,absolute,single_20_skip5
2025-12-31,chemical_energy,SP,1,3.822550508021801,strongest,single_20_skip5
2025-12-31,chemical_energy,FG,-1,-4.409297328518832,weakest,single_20_skip5
2025-12-31,ferrous,RB,1,0.0341382903410181,absolute,single_20_skip5
2025-12-31,government_bond,T,1,2.2263119473414843,absolute,single_20_skip5
2026-01-09,agriculture,CF,1,7.793132357165154,strongest,single_20_skip5
2026-01-09,agriculture,AP,-1,-5.168838405437389,weakest,single_20_skip5
2026-01-09,base_metal,AL,1,3.8522074623279234,absolute,single_20_skip5
2026-01-09,chemical_energy,RU,1,2.5698272932735096,strongest,single_20_skip5
2026-01-09,chemical_energy,SC,-1,-2.7439073588017076,weakest,single_20_skip5
2026-01-09,ferrous,RB,-1,-1.6489602108625359,absolute,single_20_skip5
2026-01-09,government_bond,T,-1,-0.9196276601777038,absolute,single_20_skip5
2026-01-16,agriculture,CF,1,5.831166543873688,strongest,single_20_skip5
2026-01-16,base_metal,AL,1,5.9435739089098485,absolute,single_20_skip5
2026-01-16,chemical_energy,UR,1,6.621743621167637,strongest,single_20_skip5
2026-01-16,chemical_energy,SC,-1,-1.4575637340252563,weakest,single_20_skip5
2026-01-16,ferrous,RB,1,0.8531541544238815,absolute,single_20_skip5
2026-01-16,government_bond,T,-1,-1.5817824002916325,absolute,single_20_skip5
2026-01-23,agriculture,LH,1,4.7805230590709265,strongest,single_20_skip5
2026-01-23,agriculture,M,-1,-1.1664336148292376,weakest,single_20_skip5
2026-01-23,base_metal,AL,1,4.489547309623006,absolute,single_20_skip5
2026-01-23,chemical_energy,UR,1,6.040222656988861,strongest,single_20_skip5
2026-01-23,chemical_energy,SP,-1,-1.9928395705731692,weakest,single_20_skip5
2026-01-23,ferrous,RB,1,2.7906031239131384,absolute,single_20_skip5
2026-01-23,government_bond,T,1,0.3661239173651968,absolute,single_20_skip5
2026-01-30,agriculture,C,1,5.344141817012914,strongest,single_20_skip5
2026-01-30,agriculture,SR,-1,-2.61303091682564,weakest,single_20_skip5
2026-01-30,base_metal,AL,1,4.29126271984766,absolute,single_20_skip5
2026-01-30,chemical_energy,RU,1,3.183333979497419,strongest,single_20_skip5
2026-01-30,chemical_energy,SP,-1,-3.4798869087462365,weakest,single_20_skip5
2026-01-30,ferrous,RB,1,0.209179873340281,absolute,single_20_skip5
2026-01-30,government_bond,T,-1,-0.2469136870784619,absolute,single_20_skip5
2026-02-06,agriculture,P,1,5.801851365420401,strongest,single_20_skip5
2026-02-06,agriculture,LH,-1,-3.8432010491049966,weakest,single_20_skip5
2026-02-06,base_metal,AL,1,2.4210218519366835,absolute,single_20_skip5
2026-02-06,chemical_energy,SC,1,3.4884790509384285,strongest,single_20_skip5
2026-02-06,chemical_energy,SP,-1,-4.061294595548562,weakest,single_20_skip5
2026-02-06,ferrous,RB,1,0.1920924834204607,absolute,single_20_skip5
2026-02-06,government_bond,T,1,4.672498795063152,absolute,single_20_skip5
2026-02-13,agriculture,P,1,2.555456741602595,strongest,single_20_skip5
2026-02-13,agriculture,LH,-1,-4.070676875155201,weakest,single_20_skip5
2026-02-13,base_metal,AL,-1,-1.4324994919791587,absolute,single_20_skip5
2026-02-13,chemical_energy,SC,1,2.841303818234624,strongest,single_20_skip5
2026-02-13,chemical_energy,SP,-1,-6.5272083139123245,weakest,single_20_skip5
2026-02-13,ferrous,RB,-1,-2.9805488241464158,absolute,single_20_skip5
2026-02-13,government_bond,T,1,9.660804253601857,absolute,single_20_skip5
2026-02-27,agriculture,M,1,2.0132636176488927,strongest,single_20_skip5
2026-02-27,agriculture,LH,-1,-6.683212735845155,weakest,single_20_skip5
2026-02-27,base_metal,AL,-1,-1.0350682561189035,absolute,single_20_skip5
2026-02-27,chemical_energy,SC,1,2.228337409680511,strongest,single_20_skip5
2026-02-27,chemical_energy,SP,-1,-4.213238428514962,weakest,single_20_skip5
2026-02-27,ferrous,RB,-1,-5.1358701920667915,absolute,single_20_skip5
2026-02-27,government_bond,T,1,8.733277860007135,absolute,single_20_skip5
2026-03-06,agriculture,SR,1,4.410011059491842,strongest,single_20_skip5
2026-03-06,agriculture,LH,-1,-4.290163440136297,weakest,single_20_skip5
2026-03-06,base_metal,AL,-1,-0.4107405547022643,absolute,single_20_skip5
2026-03-06,chemical_energy,RU,1,3.8765365759355777,strongest,single_20_skip5
2026-03-06,chemical_energy,SP,-1,-2.522812982461283,weakest,single_20_skip5
2026-03-06,ferrous,RB,-1,-2.22374503759565,absolute,single_20_skip5
2026-03-06,government_bond,T,1,2.481359512685778,absolute,single_20_skip5
2026-03-13,agriculture,C,1,7.3191347003891,strongest,single_20_skip5
2026-03-13,agriculture,LH,-1,-3.2316124281841896,weakest,single_20_skip5
2026-03-13,base_metal,AL,-1,-1.331952565682417,absolute,single_20_skip5
2026-03-13,chemical_energy,SC,1,6.7600909563700275,strongest,single_20_skip5
2026-03-13,chemical_energy,SP,-1,-1.1676685323875664,weakest,single_20_skip5
2026-03-13,ferrous,RB,-1,-3.0189344822847684,absolute,single_20_skip5
2026-03-13,government_bond,T,1,2.6964983044616306,absolute,single_20_skip5
2026-03-20,agriculture,M,1,8.840971390483531,strongest,single_20_skip5
2026-03-20,agriculture,LH,-1,-4.146027964954464,weakest,single_20_skip5
2026-03-20,base_metal,AL,1,3.581718077937562,absolute,single_20_skip5
2026-03-20,chemical_energy,SC,1,5.4371833207599956,strongest,single_20_skip5
2026-03-20,ferrous,RB,1,1.7901417425035466,absolute,single_20_skip5
2026-03-20,government_bond,T,-1,-1.3891032135070003,absolute,single_20_skip5
2026-03-27,agriculture,C,1,5.4537708317443085,strongest,single_20_skip5
2026-03-27,agriculture,LH,-1,-8.164547216178358,weakest,single_20_skip5
2026-03-27,base_metal,AL,1,0.46229410620970157,absolute,single_20_skip5
2026-03-27,chemical_energy,MA,1,5.671753993076944,strongest,single_20_skip5
2026-03-27,chemical_energy,RU,-1,-1.355681816421394,weakest,single_20_skip5
2026-03-27,ferrous,RB,1,3.4091108497191893,absolute,single_20_skip5
2026-03-27,government_bond,T,-1,-3.401609410146083,absolute,single_20_skip5
2026-04-03,agriculture,P,1,4.102267080154286,strongest,single_20_skip5
2026-04-03,agriculture,LH,-1,-9.96269249341802,weakest,single_20_skip5
2026-04-03,base_metal,AL,-1,-0.021491547994328383,absolute,single_20_skip5
2026-04-03,chemical_energy,MA,1,6.250664496485906,strongest,single_20_skip5
2026-04-03,chemical_energy,RU,-1,-2.505346945266188,weakest,single_20_skip5
2026-04-03,ferrous,RB,1,3.362079619756088,absolute,single_20_skip5
2026-04-03,government_bond,T,-1,-1.4854664247392773,absolute,single_20_skip5
2026-04-10,agriculture,P,1,3.6119318218963357,strongest,single_20_skip5
2026-04-10,agriculture,LH,-1,-9.98013985954898,weakest,single_20_skip5
2026-04-10,base_metal,AL,-1,-0.5311786867648424,absolute,single_20_skip5
2026-04-10,chemical_energy,MA,1,3.92032409300341,strongest,single_20_skip5
2026-04-10,chemical_energy,SP,-1,-2.5710010291200502,weakest,single_20_skip5
2026-04-10,ferrous,RB,1,1.6496629237094833,absolute,single_20_skip5
2026-04-10,government_bond,T,-1,-2.8604684658419264,absolute,single_20_skip5
2026-04-17,agriculture,CF,1,0.2053376693231993,strongest,single_20_skip5
2026-04-17,agriculture,LH,-1,-12.799475123809653,weakest,single_20_skip5
2026-04-17,base_metal,AL,-1,-1.9846616365032683,absolute,single_20_skip5
2026-04-17,chemical_energy,MA,1,1.8007280523008422,strongest,single_20_skip5
2026-04-17,chemical_energy,FG,-1,-7.510202484704201,weakest,single_20_skip5
2026-04-17,ferrous,RB,-1,-2.785617322165317,absolute,single_20_skip5
2026-04-17,government_bond,T,-1,-0.47016234598159,absolute,single_20_skip5
2026-04-24,agriculture,JD,1,4.0522787809426,strongest,single_20_skip5
2026-04-24,agriculture,M,-1,-9.205353262597168,weakest,single_20_skip5
2026-04-24,base_metal,AL,1,3.436822821271515,absolute,single_20_skip5
2026-04-24,chemical_energy,RU,1,2.2673302519956384,strongest,single_20_skip5
2026-04-24,chemical_energy,FG,-1,-5.316652098067346,weakest,single_20_skip5
2026-04-24,ferrous,RB,-1,-1.505898943951185,absolute,single_20_skip5
2026-04-24,government_bond,T,1,3.5576477947159546,absolute,single_20_skip5
2026-04-30,agriculture,CF,1,4.616812779331803,strongest,single_20_skip5
2026-04-30,agriculture,AP,-1,-5.603119407405727,weakest,single_20_skip5
2026-04-30,base_metal,AL,1,2.8407723779624505,absolute,single_20_skip5
2026-04-30,chemical_energy,UR,1,3.7042395610802625,strongest,single_20_skip5
2026-04-30,chemical_energy,FG,-1,-4.984379063941081,weakest,single_20_skip5
2026-04-30,ferrous,RB,1,1.3889838003660524,absolute,single_20_skip5
2026-04-30,government_bond,T,1,5.411206870543455,absolute,single_20_skip5
2026-05-08,agriculture,CF,1,4.849459982382171,strongest,single_20_skip5
2026-05-08,agriculture,AP,-1,-5.568343224390626,weakest,single_20_skip5
2026-05-08,base_metal,AL,-1,-0.6714816848555718,absolute,single_20_skip5
2026-05-08,chemical_energy,RU,1,3.2776523304500853,strongest,single_20_skip5
2026-05-08,chemical_energy,FG,-1,-6.232319766538578,weakest,single_20_skip5
2026-05-08,ferrous,RB,1,0.7164930899148052,absolute,single_20_skip5
2026-05-08,government_bond,T,1,1.6061573332990622,absolute,single_20_skip5
2026-05-15,agriculture,JD,1,6.378960025020753,strongest,single_20_skip5
2026-05-15,agriculture,AP,-1,-3.4755271259853444,weakest,single_20_skip5
2026-05-15,base_metal,AL,-1,-0.8432991932317919,absolute,single_20_skip5
2026-05-15,chemical_energy,RU,1,3.5681474322969384,strongest,single_20_skip5
2026-05-15,chemical_energy,MA,-1,-2.902836955528272,weakest,single_20_skip5
2026-05-15,ferrous,RB,1,6.831042757555659,absolute,single_20_skip5
2026-05-15,government_bond,T,1,2.5943014511392466,absolute,single_20_skip5
2026-05-22,agriculture,JD,1,7.041442206527972,strongest,single_20_skip5
2026-05-22,agriculture,AP,-1,-4.2291248087840065,weakest,single_20_skip5
2026-05-22,base_metal,AL,-1,-1.7874935030047934,absolute,single_20_skip5
2026-05-22,chemical_energy,RU,1,2.760021315226894,strongest,single_20_skip5
2026-05-22,chemical_energy,FG,-1,-1.7110233872785918,weakest,single_20_skip5
2026-05-22,ferrous,RB,1,5.543558077288894,absolute,single_20_skip5
2026-05-22,government_bond,T,1,2.9046522003995663,absolute,single_20_skip5
2026-05-29,agriculture,JD,1,8.673971545144507,strongest,single_20_skip5
2026-05-29,agriculture,C,-1,-6.058223788746509,weakest,single_20_skip5
2026-05-29,base_metal,AL,-1,-1.8769024429149694,absolute,single_20_skip5
2026-05-29,chemical_energy,MA,1,1.5182861460791106,strongest,single_20_skip5
2026-05-29,chemical_energy,UR,-1,-5.488207169599081,weakest,single_20_skip5
2026-05-29,ferrous,RB,-1,-0.33084552945387136,absolute,single_20_skip5
2026-05-29,government_bond,T,1,1.4650388342349452,absolute,single_20_skip5
2026-06-05,agriculture,JD,1,7.819842143711507,strongest,single_20_skip5
2026-06-05,agriculture,C,-1,-6.42623599142554,weakest,single_20_skip5
2026-06-05,base_metal,AL,-1,-1.7008046001729829,absolute,single_20_skip5
2026-06-05,chemical_energy,RU,1,1.4793575877187597,strongest,single_20_skip5
2026-06-05,chemical_energy,UR,-1,-8.229960675294286,weakest,single_20_skip5
2026-06-05,ferrous,RB,-1,-0.5185729343082268,absolute,single_20_skip5
2026-06-05,government_bond,T,1,7.688585298026773,absolute,single_20_skip5
2026-06-12,agriculture,JD,1,7.294806579613493,strongest,single_20_skip5
2026-06-12,agriculture,LH,-1,-4.054045055875771,weakest,single_20_skip5
2026-06-12,base_metal,AL,-1,-0.7936992852196606,absolute,single_20_skip5
2026-06-12,chemical_energy,MA,1,0.9768525456518208,strongest,single_20_skip5
2026-06-12,chemical_energy,UR,-1,-6.438768317861301,weakest,single_20_skip5
2026-06-12,ferrous,RB,-1,-3.196123516164041,absolute,single_20_skip5
2026-06-12,government_bond,T,1,7.937286165958629,absolute,single_20_skip5
2026-06-18,agriculture,JD,1,4.5403449337210375,strongest,single_20_skip5
2026-06-18,agriculture,SR,-1,-5.817294575401849,weakest,single_20_skip5
2026-06-18,base_metal,AL,-1,-2.8054681082131494,absolute,single_20_skip5
2026-06-18,chemical_energy,MA,1,2.3680130748141726,strongest,single_20_skip5
2026-06-18,chemical_energy,SP,-1,-4.853717693188673,weakest,single_20_skip5
2026-06-18,ferrous,RB,-1,-3.271286286944138,absolute,single_20_skip5
2026-06-18,government_bond,T,1,1.1107187612477647,absolute,single_20_skip5
2026-06-26,agriculture,JD,1,1.1094312684985612,strongest,single_20_skip5
2026-06-26,agriculture,LH,-1,-3.703123725198426,weakest,single_20_skip5
2026-06-26,base_metal,AL,-1,-1.598701563994925,absolute,single_20_skip5
2026-06-26,chemical_energy,RU,1,1.7380167032629337,strongest,single_20_skip5
2026-06-26,chemical_energy,SC,-1,-7.84324187098382,weakest,single_20_skip5
2026-06-26,ferrous,RB,-1,-1.4265640566508275,absolute,single_20_skip5
2026-06-26,government_bond,T,1,2.1021716754605855,absolute,single_20_skip5
2026-07-03,agriculture,C,1,1.1827016266862072,strongest,single_20_skip5
2026-07-03,agriculture,SR,-1,-4.1412741690370325,weakest,single_20_skip5
2026-07-03,base_metal,AL,-1,-4.0153588155790185,absolute,single_20_skip5
2026-07-03,chemical_energy,SP,-1,-7.671308157969798,weakest,single_20_skip5
2026-07-03,ferrous,RB,-1,-2.8280986088932614,absolute,single_20_skip5
2026-07-03,government_bond,T,1,0.8916752152392757,absolute,single_20_skip5
2026-07-10,agriculture,LH,1,1.5637785575683962,strongest,single_20_skip5
2026-07-10,agriculture,P,-1,-3.77612825724341,weakest,single_20_skip5
2026-07-10,base_metal,AL,-1,-4.388353007167135,absolute,single_20_skip5
2026-07-10,chemical_energy,SC,-1,-10.088586095779231,weakest,single_20_skip5
2026-07-10,ferrous,RB,-1,-5.599236326076157,absolute,single_20_skip5
2026-07-10,government_bond,T,-1,-1.8959832034520991,absolute,single_20_skip5
2026-07-17,agriculture,M,1,4.789090928766168,strongest,single_20_skip5
2026-07-17,agriculture,P,-1,-1.438784816128421,weakest,single_20_skip5
2026-07-17,base_metal,AL,-1,-3.028095600491735,absolute,single_20_skip5
2026-07-17,chemical_energy,SC,-1,-7.466693495212144,weakest,single_20_skip5
2026-07-17,ferrous,RB,-1,-4.143771613923763,absolute,single_20_skip5
2026-07-17,government_bond,T,1,3.5511297610341397,absolute,single_20_skip5
2026-07-24,agriculture,M,1,5.249560415350822,strongest,single_20_skip5
2026-07-24,agriculture,SR,-1,-4.446754027783028,weakest,single_20_skip5
2026-07-24,base_metal,AL,-1,-2.388817539180468,absolute,single_20_skip5
2026-07-24,chemical_energy,MA,1,1.1407428068456322,strongest,single_20_skip5
2026-07-24,chemical_energy,UR,-1,-6.202194116098827,weakest,single_20_skip5
2026-07-24,ferrous,RB,-1,-0.9393724982294553,absolute,single_20_skip5
2026-07-24,government_bond,T,1,1.0589298768006115,absolute,single_20_skip5
2026-07-31,agriculture,M,1,8.101783377361908,strongest,single_20_skip5
2026-07-31,agriculture,LH,-1,-3.654986979744789,weakest,single_20_skip5
2026-07-31,base_metal,AL,1,0.8546143691190157,absolute,single_20_skip5
2026-07-31,chemical_energy,SC,1,5.762302183223345,strongest,single_20_skip5
2026-07-31,chemical_energy,FG,-1,-3.9817464303697037,weakest,single_20_skip5
2026-07-31,ferrous,RB,-1,-0.8359287670468348,absolute,single_20_skip5
2026-07-31,government_bond,T,1,0.8525303381550584,absolute,single_20_skip5
2026-08-07,agriculture,M,1,2.568621203499592,strongest,single_20_skip5
2026-08-07,agriculture,LH,-1,-8.678406587745837,weakest,single_20_skip5
2026-08-07,base_metal,AL,1,4.655272223114446,absolute,single_20_skip5
2026-08-07,chemical_energy,SC,1,3.815778382246663,strongest,single_20_skip5
2026-08-07,chemical_energy,FG,-1,-6.803225079860156,weakest,single_20_skip5
2026-08-07,ferrous,RB,-1,-2.3960638114362816,absolute,single_20_skip5
2026-08-07,government_bond,T,1,3.793526425753589,absolute,single_20_skip5
2026-08-14,agriculture,M,1,1.3811366501561535,strongest,single_20_skip5
2026-08-14,agriculture,C,-1,-6.909393461105525,weakest,single_20_skip5
2026-08-14,base_metal,AL,1,5.480226795553897,absolute,single_20_skip5
2026-08-14,chemical_energy,SC,1,2.1261636148009657,strongest,single_20_skip5
2026-08-14,chemical_energy,FG,-1,-5.423961175995846,weakest,single_20_skip5
2026-08-14,ferrous,RB,-1,-3.1723850814690424,absolute,single_20_skip5
2026-08-14,government_bond,T,1,2.522384854853403,absolute,single_20_skip5
2026-08-21,agriculture,AP,1,5.237612073524787,strongest,single_20_skip5
2026-08-21,agriculture,C,-1,-2.996833029438048,weakest,single_20_skip5
2026-08-21,base_metal,AL,1,4.105535243061805,absolute,single_20_skip5
2026-08-21,chemical_energy,SC,1,1.909114639842206,strongest,single_20_skip5
2026-08-21,chemical_energy,FG,-1,-2.4294468214923524,weakest,single_20_skip5
2026-08-21,ferrous,RB,-1,-4.747704611953977,absolute,single_20_skip5
2026-08-21,government_bond,T,1,3.9511355678252817,absolute,single_20_skip5
2026-08-28,agriculture,CF,1,4.392251669633509,strongest,single_20_skip5
2026-08-28,agriculture,AP,-1,-1.612511340622525,weakest,single_20_skip5
2026-08-28,base_metal,AL,1,2.5979923658479236,absolute,single_20_skip5
2026-08-28,chemical_energy,RU,1,4.264228856652343,strongest,single_20_skip5
2026-08-28,chemical_energy,FG,-1,-2.873507330323641,weakest,single_20_skip5
2026-08-28,ferrous,RB,-1,-1.7629437105578802,absolute,single_20_skip5
2026-08-28,government_bond,T,1,2.1722306712084984,absolute,single_20_skip5
2015-01-16,agriculture,C,1,1.516776621997147,strongest,single_250
2015-01-16,agriculture,CF,-1,-1.5615325659337724,weakest,single_250
2015-01-16,base_metal,AL,-1,-1.0912603156012792,absolute,single_250
2015-01-16,chemical_energy,MA,-1,-1.846038868379682,weakest,single_250
2015-01-16,ferrous,RB,-1,-2.2918530933747694,absolute,single_250
2015-01-23,agriculture,C,1,1.6017964317922122,strongest,single_250
2015-01-23,agriculture,CF,-1,-1.6474310970279629,weakest,single_250
2015-01-23,base_metal,AL,-1,-0.9883574417349624,absolute,single_250
2015-01-23,chemical_energy,MA,-1,-1.8457683394499944,weakest,single_250
2015-01-23,ferrous,RB,-1,-2.4283540635684377,absolute,single_250
2015-01-30,agriculture,C,1,1.8184005256776414,strongest,single_250
2015-01-30,agriculture,P,-1,-1.7735352585980166,weakest,single_250
2015-01-30,base_metal,AL,-1,-1.0764400035561277,absolute,single_250
2015-01-30,chemical_energy,MA,-1,-1.8021070247245277,weakest,single_250
2015-01-30,ferrous,RB,-1,-2.228996265164447,absolute,single_250
2015-02-06,agriculture,C,1,1.974449059813108,strongest,single_250
2015-02-06,agriculture,CF,-1,-1.5090248154038959,weakest,single_250
2015-02-06,base_metal,AL,-1,-0.5282634266378132,absolute,single_250
2015-02-06,chemical_energy,MA,-1,-1.567197940515612,weakest,single_250
2015-02-06,ferrous,RB,-1,-2.2939894531944387,absolute,single_250
2015-02-13,agriculture,C,1,2.3127150329911816,strongest,single_250
2015-02-13,agriculture,CF,-1,-1.6058817485956627,weakest,single_250
2015-02-13,base_metal,AL,-1,-0.5735749115525706,absolute,single_250
2015-02-13,chemical_energy,MA,-1,-1.6933922272123811,weakest,single_250
2015-02-13,ferrous,RB,-1,-2.152222532750161,absolute,single_250
2015-02-17,agriculture,C,1,2.2357315774716513,strongest,single_250
2015-02-17,agriculture,CF,-1,-1.6172223717370158,weakest,single_250
2015-02-17,base_metal,AL,-1,-0.66513841412422,absolute,single_250
2015-02-17,chemical_energy,MA,-1,-1.6720890199385465,weakest,single_250
2015-02-17,ferrous,RB,-1,-2.180605736716536,absolute,single_250
2015-02-27,agriculture,C,1,2.4666755907341247,strongest,single_250
2015-02-27,agriculture,CF,-1,-1.5665180262974514,weakest,single_250
2015-02-27,base_metal,AL,-1,-0.7613698198295709,absolute,single_250
2015-02-27,chemical_energy,MA,-1,-1.3881290279012493,weakest,single_250
2015-02-27,ferrous,RB,-1,-2.360305101871067,absolute,single_250
2015-03-06,agriculture,C,1,2.4229807607597853,strongest,single_250
2015-03-06,agriculture,P,-1,-1.730000453412611,weakest,single_250
2015-03-06,base_metal,AL,-1,-0.6826771700555531,absolute,single_250
2015-03-06,chemical_energy,RU,-1,-0.8735177315392003,weakest,single_250
2015-03-06,ferrous,RB,-1,-2.2210522592586055,absolute,single_250
2015-03-13,agriculture,C,1,2.4178298045353075,strongest,single_250
2015-03-13,agriculture,P,-1,-2.045973129416332,weakest,single_250
2015-03-13,base_metal,AL,-1,-0.5041921897475055,absolute,single_250
2015-03-13,chemical_energy,FG,-1,-0.9195555756387704,weakest,single_250
2015-03-13,ferrous,RB,-1,-2.208922956226856,absolute,single_250
2015-03-20,agriculture,C,1,2.240252871119758,strongest,single_250
2015-03-20,agriculture,P,-1,-2.1746907446868797,weakest,single_250
2015-03-20,base_metal,AL,-1,-0.33875879439772916,absolute,single_250
2015-03-20,chemical_energy,RU,-1,-1.1511920364640436,weakest,single_250
2015-03-20,ferrous,RB,-1,-1.9281008080520925,absolute,single_250
2015-03-27,agriculture,C,1,2.090410188351692,strongest,single_250
2015-03-27,agriculture,P,-1,-2.0014029391437216,weakest,single_250
2015-03-27,base_metal,AL,-1,-0.05215698668870266,absolute,single_250
2015-03-27,chemical_energy,RU,-1,-0.9455299977572698,weakest,single_250
2015-03-27,ferrous,RB,-1,-1.8903540754633783,absolute,single_250
2015-04-03,agriculture,C,1,1.9560270778733453,strongest,single_250
2015-04-03,agriculture,P,-1,-1.9458779379092068,weakest,single_250
2015-04-03,base_metal,AL,-1,-0.049001601023912725,absolute,single_250
2015-04-03,chemical_energy,RU,-1,-1.0384982774690894,weakest,single_250
2015-04-03,ferrous,RB,-1,-2.2966143323955124,absolute,single_250
2015-04-10,agriculture,C,1,2.0659138874879015,strongest,single_250
2015-04-10,agriculture,P,-1,-2.0000740028247166,weakest,single_250
2015-04-10,base_metal,AL,-1,-0.18536751559324519,absolute,single_250
2015-04-10,chemical_energy,RU,-1,-1.2419896253703941,weakest,single_250
2015-04-10,ferrous,RB,-1,-2.6049032829477725,absolute,single_250
2015-04-17,agriculture,C,1,1.8906994542846558,strongest,single_250
2015-04-17,agriculture,P,-1,-1.8580138123087295,weakest,single_250
2015-04-17,base_metal,AL,-1,-0.2599684732560481,absolute,single_250
2015-04-17,chemical_energy,RU,-1,-1.0024909219333373,weakest,single_250
2015-04-17,ferrous,RB,-1,-2.619176720527027,absolute,single_250
2015-04-24,agriculture,C,1,1.7534909040444961,strongest,single_250
2015-04-24,agriculture,P,-1,-1.7485917955703103,weakest,single_250
2015-04-24,base_metal,AL,-1,-0.32316652741370167,absolute,single_250
2015-04-24,chemical_energy,RU,-1,-0.6837899160850702,weakest,single_250
2015-04-24,ferrous,RB,-1,-2.301398365304306,absolute,single_250
2015-04-30,agriculture,C,1,1.638511332913454,strongest,single_250
2015-04-30,agriculture,P,-1,-1.7167145999222002,weakest,single_250
2015-04-30,base_metal,AL,-1,-0.2874423792290248,absolute,single_250
2015-04-30,chemical_energy,FG,-1,-0.3391122559223533,weakest,single_250
2015-04-30,ferrous,RB,-1,-2.1404956766213554,absolute,single_250
2015-05-08,agriculture,C,1,1.5962771344410467,strongest,single_250
2015-05-08,agriculture,P,-1,-1.4733377908119027,weakest,single_250
2015-05-08,base_metal,AL,-1,-0.2827005525065958,absolute,single_250
2015-05-08,chemical_energy,MA,-1,-0.3555880285900914,weakest,single_250
2015-05-08,ferrous,RB,-1,-2.046639098563361,absolute,single_250
2015-05-15,agriculture,C,1,1.7251894608021905,strongest,single_250
2015-05-15,agriculture,CF,-1,-1.3213532133918595,weakest,single_250
2015-05-15,base_metal,AL,-1,-0.11164005567269077,absolute,single_250
2015-05-15,chemical_energy,MA,-1,-0.1965217432758134,weakest,single_250
2015-05-15,ferrous,RB,-1,-1.9846589580254808,absolute,single_250
2015-05-22,agriculture,C,1,1.681192403196644,strongest,single_250
2015-05-22,agriculture,CF,-1,-1.4210736793296292,weakest,single_250
2015-05-22,base_metal,AL,-1,-0.2338695346297269,absolute,single_250
2015-05-22,chemical_energy,RU,-1,-0.2676837026611574,weakest,single_250
2015-05-22,ferrous,RB,-1,-1.9189520471701083,absolute,single_250
2015-05-29,agriculture,C,1,1.3166357417867558,strongest,single_250
2015-05-29,agriculture,M,-1,-1.779025271534093,weakest,single_250
2015-05-29,base_metal,AL,-1,-0.27608350264570736,absolute,single_250
2015-05-29,chemical_energy,FG,1,0.14397484639585903,strongest,single_250
2015-05-29,chemical_energy,MA,-1,-0.12035358697984047,weakest,single_250
2015-05-29,ferrous,RB,-1,-1.7871411011735672,absolute,single_250
2015-06-05,agriculture,SR,1,0.41064584710994895,strongest,single_250
2015-06-05,agriculture,M,-1,-1.802131436237925,weakest,single_250
2015-06-05,base_metal,AL,-1,-0.5798105407294455,absolute,single_250
2015-06-05,chemical_energy,FG,1,0.29277334364271823,strongest,single_250
2015-06-05,chemical_energy,MA,-1,-0.25102707975697536,weakest,single_250
2015-06-05,ferrous,RB,-1,-1.9219114460867652,absolute,single_250
2015-06-12,agriculture,C,1,0.46679630405517575,strongest,single_250
2015-06-12,agriculture,M,-1,-1.7234601344611344,weakest,single_250
2015-06-12,base_metal,AL,-1,-0.787554158823854,absolute,single_250
2015-06-12,chemical_energy,FG,1,0.48872276141554283,strongest,single_250
2015-06-12,chemical_energy,RU,-1,-0.2982867636155279,weakest,single_250
2015-06-12,ferrous,RB,-1,-1.9439988671797162,absolute,single_250
2015-06-19,agriculture,C,1,0.4895866852794039,strongest,single_250
2015-06-19,agriculture,M,-1,-1.7037867173970023,weakest,single_250
2015-06-19,base_metal,AL,-1,-0.8874457015943593,absolute,single_250
2015-06-19,chemical_energy,FG,1,0.5323953798890272,strongest,single_250
2015-06-19,chemical_energy,RU,-1,-0.3989059739472083,weakest,single_250
2015-06-19,ferrous,RB,-1,-1.942818151093771,absolute,single_250
2015-06-26,agriculture,C,1,0.4184211349549159,strongest,single_250
2015-06-26,agriculture,M,-1,-1.5738636650641769,weakest,single_250
2015-06-26,base_metal,AL,-1,-0.8509620344332973,absolute,single_250
2015-06-26,chemical_energy,FG,1,0.5958270021261322,strongest,single_250
2015-06-26,chemical_energy,RU,-1,-0.5346747410155838,weakest,single_250
2015-06-26,ferrous,RB,-1,-1.9766704254275547,absolute,single_250
2015-07-03,agriculture,C,1,0.46702144003960594,strongest,single_250
2015-07-03,agriculture,M,-1,-1.303528553671517,weakest,single_250
2015-07-03,base_metal,AL,-1,-0.9477759887635074,absolute,single_250
2015-07-03,chemical_energy,FG,1,0.3506471469983443,strongest,single_250
2015-07-03,chemical_energy,RU,-1,-0.8103964879843113,weakest,single_250
2015-07-03,ferrous,RB,-1,-2.4531716398995944,absolute,single_250
2015-07-10,agriculture,C,1,0.1986612961306722,strongest,single_250
2015-07-10,agriculture,P,-1,-1.153740813304543,weakest,single_250
2015-07-10,base_metal,AL,-1,-1.1211461300238719,absolute,single_250
2015-07-10,chemical_energy,FG,1,0.2179683315238314,strongest,single_250
2015-07-10,chemical_energy,RU,-1,-0.9229306363605342,weakest,single_250
2015-07-10,ferrous,RB,-1,-2.4610494229210698,absolute,single_250
2015-07-17,agriculture,SR,1,0.14198785518161852,strongest,single_250
2015-07-17,agriculture,P,-1,-1.3047436192683655,weakest,single_250
2015-07-17,base_metal,AL,-1,-1.0345073039115618,absolute,single_250
2015-07-17,chemical_energy,FG,1,0.30619286657100014,strongest,single_250
2015-07-17,chemical_energy,RU,-1,-0.6871254281049862,weakest,single_250
2015-07-17,ferrous,RB,-1,-2.502150387317918,absolute,single_250
2015-07-24,agriculture,SR,1,0.04469037934754717,strongest,single_250
2015-07-24,agriculture,P,-1,-1.1327147058606277,weakest,single_250
2015-07-24,base_metal,AL,-1,-1.3325899310189415,absolute,single_250
2015-07-24,chemical_energy,FG,1,0.1602211072809326,strongest,single_250
2015-07-24,chemical_energy,RU,-1,-0.8994729890385068,weakest,single_250
2015-07-24,ferrous,RB,-1,-2.501611785180452,absolute,single_250
2015-07-31,agriculture,SR,1,0.1367050325883965,strongest,single_250
2015-07-31,agriculture,P,-1,-1.1685289178541214,weakest,single_250
2015-07-31,base_metal,AL,-1,-1.5524100926929914,absolute,single_250
2015-07-31,chemical_energy,FG,1,0.2641256911987723,strongest,single_250
2015-07-31,chemical_energy,RU,-1,-0.9825869666768179,weakest,single_250
2015-07-31,ferrous,RB,-1,-2.2068622462259793,absolute,single_250
2015-08-07,agriculture,P,-1,-1.3751721588347026,weakest,single_250
2015-08-07,base_metal,AL,-1,-1.8158290516295736,absolute,single_250
2015-08-07,chemical_energy,FG,1,0.32484093649947476,strongest,single_250
2015-08-07,chemical_energy,RU,-1,-1.1563161074650625,weakest,single_250
2015-08-07,ferrous,RB,-1,-2.364357981247075,absolute,single_250
2015-08-14,agriculture,SR,1,0.24321913194370165,strongest,single_250
2015-08-14,agriculture,P,-1,-1.3159560727966366,weakest,single_250
2015-08-14,base_metal,AL,-1,-1.6772412479391758,absolute,single_250
2015-08-14,chemical_energy,FG,1,0.37969789584715147,strongest,single_250
2015-08-14,chemical_energy,RU,-1,-1.044919567161459,weakest,single_250
2015-08-14,ferrous,RB,-1,-2.3864625395999126,absolute,single_250
2015-08-21,agriculture,SR,1,0.39976000908474235,strongest,single_250
2015-08-21,agriculture,CF,-1,-1.3706796323960007,weakest,single_250
2015-08-21,base_metal,AL,-1,-1.7725239958225107,absolute,single_250
2015-08-21,chemical_energy,FG,1,0.5838550703002315,strongest,single_250
2015-08-21,chemical_energy,MA,-1,-0.9933598881816319,weakest,single_250
2015-08-21,ferrous,RB,-1,-2.34970596225882,absolute,single_250
2015-08-28,agriculture,SR,1,0.47338994855009325,strongest,single_250
2015-08-28,agriculture,CF,-1,-1.2680014895095812,weakest,single_250
2015-08-28,base_metal,AL,-1,-1.9870325993442484,absolute,single_250
2015-08-28,chemical_energy,FG,1,0.11429043849294446,strongest,single_250
2015-08-28,chemical_energy,RU,-1,-1.0562489342273498,weakest,single_250
2015-08-28,ferrous,RB,-1,-2.328398670991631,absolute,single_250
2015-09-02,agriculture,SR,1,0.360169952375916,strongest,single_250
2015-09-02,agriculture,C,-1,-1.2850082342568798,weakest,single_250
2015-09-02,base_metal,AL,-1,-2.070384426763485,absolute,single_250
2015-09-02,chemical_energy,RU,-1,-1.095035808134348,weakest,single_250
2015-09-02,ferrous,RB,-1,-2.3625284784312743,absolute,single_250
2015-09-11,agriculture,SR,1,0.5471116862428531,strongest,single_250
2015-09-11,agriculture,C,-1,-1.211744981240132,weakest,single_250
2015-09-11,base_metal,AL,-1,-2.3228831701955888,absolute,single_250
2015-09-11,chemical_energy,FG,1,0.2294066408129061,strongest,single_250
2015-09-11,chemical_energy,MA,-1,-0.9108268752548969,weakest,single_250
2015-09-11,ferrous,RB,-1,-2.228260359179484,absolute,single_250
2015-09-18,agriculture,SR,1,0.6369809621828251,strongest,single_250
2015-09-18,agriculture,C,-1,-1.5120404041692448,weakest,single_250
2015-09-18,base_metal,AL,-1,-2.1589846083240207,absolute,single_250
2015-09-18,chemical_energy,FG,1,0.3438530813228509,strongest,single_250
2015-09-18,chemical_energy,MA,-1,-0.9600827408650726,weakest,single_250
2015-09-18,ferrous,RB,-1,-2.0283575447409317,absolute,single_250
2015-09-25,agriculture,SR,1,0.8330954031519369,strongest,single_250
2015-09-25,agriculture,C,-1,-1.4911069293098638,weakest,single_250
2015-09-25,base_metal,AL,-1,-2.1959917098290753,absolute,single_250
2015-09-25,chemical_energy,MA,-1,-1.0373698758794834,weakest,single_250
2015-09-25,ferrous,RB,-1,-2.1696754755636185,absolute,single_250
2015-09-30,agriculture,SR,1,1.067754318981684,strongest,single_250
2015-09-30,agriculture,C,-1,-1.6226687880403525,weakest,single_250
2015-09-30,base_metal,AL,-1,-2.0368411137108735,absolute,single_250
2015-09-30,chemical_energy,MA,-1,-1.1183904104527413,weakest,single_250
2015-09-30,ferrous,RB,-1,-1.9678577942366162,absolute,single_250
2015-10-09,agriculture,SR,1,1.1070710598883036,strongest,single_250
2015-10-09,agriculture,C,-1,-1.5964951338634503,weakest,single_250
2015-10-09,base_metal,AL,-1,-2.149830553798724,absolute,single_250
2015-10-09,chemical_energy,MA,-1,-0.8212402009543203,weakest,single_250
2015-10-09,ferrous,RB,-1,-1.8870948019713898,absolute,single_250
2015-10-16,agriculture,SR,1,0.6684257235862964,strongest,single_250
2015-10-16,agriculture,C,-1,-1.5098656045952235,weakest,single_250
2015-10-16,base_metal,AL,-1,-2.3271029792216615,absolute,single_250
2015-10-16,chemical_energy,FG,1,0.09431891825161262,strongest,single_250
2015-10-16,chemical_energy,MA,-1,-0.8739379274023616,weakest,single_250
2015-10-16,ferrous,RB,-1,-1.7487779493475213,absolute,single_250
2015-10-23,agriculture,SR,1,0.5769309597471062,strongest,single_250
2015-10-23,agriculture,JD,-1,-1.6090106492979732,weakest,single_250
2015-10-23,base_metal,AL,-1,-2.6149294971927413,absolute,single_250
2015-10-23,chemical_energy,FG,1,0.34659087635354086,strongest,single_250
2015-10-23,chemical_energy,MA,-1,-0.8423904258604042,weakest,single_250
2015-10-23,ferrous,RB,-1,-2.201197046497518,absolute,single_250
2015-10-30,agriculture,SR,1,0.4607370138766319,strongest,single_250
2015-10-30,agriculture,JD,-1,-1.6999272526549114,weakest,single_250
2015-10-30,base_metal,AL,-1,-2.77571343041822,absolute,single_250
2015-10-30,chemical_energy,FG,1,0.42763935632838496,strongest,single_250
2015-10-30,chemical_energy,MA,-1,-0.8658769399692208,weakest,single_250
2015-10-30,ferrous,RB,-1,-2.090977873086018,absolute,single_250
2015-11-06,agriculture,SR,1,0.4526038470458325,strongest,single_250
2015-11-06,agriculture,JD,-1,-1.5608697603504291,weakest,single_250
2015-11-06,base_metal,AL,-1,-2.638493130721609,absolute,single_250
2015-11-06,chemical_energy,FG,1,0.3031237251266444,strongest,single_250
2015-11-06,chemical_energy,RU,-1,-0.9716378848948969,weakest,single_250
2015-11-06,ferrous,RB,-1,-2.168024362501878,absolute,single_250
2015-11-13,agriculture,SR,1,0.5953012771900186,strongest,single_250
2015-11-13,agriculture,JD,-1,-1.2967424418409894,weakest,single_250
2015-11-13,base_metal,AL,-1,-2.907884714744164,absolute,single_250
2015-11-13,chemical_energy,FG,1,0.45260896441362103,strongest,single_250
2015-11-13,chemical_energy,MA,-1,-0.5873941518355045,weakest,single_250
2015-11-13,ferrous,RB,-1,-2.0841100903036,absolute,single_250
2015-11-20,agriculture,SR,1,0.23214352376325822,strongest,single_250
2015-11-20,agriculture,P,-1,-1.5507542202071771,weakest,single_250
2015-11-20,base_metal,AL,-1,-2.9850452930387252,absolute,single_250
2015-11-20,chemical_energy,FG,1,0.09421787670586289,strongest,single_250
2015-11-20,chemical_energy,RU,-1,-0.9126155870048999,weakest,single_250
2015-11-20,ferrous,RB,-1,-2.338147283317364,absolute,single_250
2015-11-27,agriculture,SR,1,0.6136807750440159,strongest,single_250
2015-11-27,agriculture,JD,-1,-1.571013825136753,weakest,single_250
2015-11-27,base_metal,AL,-1,-2.502870558983444,absolute,single_250
2015-11-27,chemical_energy,FG,1,0.4117560933386419,strongest,single_250
2015-11-27,chemical_energy,MA,-1,-0.8025761970965833,weakest,single_250
2015-11-27,ferrous,RB,-1,-2.196905158745782,absolute,single_250
2015-12-04,agriculture,SR,1,0.5765089197168709,strongest,single_250
2015-12-04,agriculture,JD,-1,-1.3522013829657282,weakest,single_250
2015-12-04,base_metal,AL,-1,-2.549714698965285,absolute,single_250
2015-12-04,chemical_energy,FG,1,0.44081163078580476,strongest,single_250
2015-12-04,chemical_energy,MA,-1,-1.009518848803628,weakest,single_250
2015-12-04,ferrous,RB,-1,-2.2037624926659607,absolute,single_250
2015-12-11,agriculture,SR,1,0.7713674928094745,strongest,single_250
2015-12-11,agriculture,JD,-1,-1.758465166820108,weakest,single_250
2015-12-11,base_metal,AL,-1,-1.9647407794426839,absolute,single_250
2015-12-11,chemical_energy,FG,1,0.40858243952377754,strongest,single_250
2015-12-11,chemical_energy,MA,-1,-1.1644854347227123,weakest,single_250
2015-12-11,ferrous,RB,-1,-2.4612039698117845,absolute,single_250
2015-12-18,agriculture,SR,1,0.6192266789825178,strongest,single_250
2015-12-18,agriculture,JD,-1,-1.8672650723492585,weakest,single_250
2015-12-18,base_metal,AL,-1,-1.931238602417902,absolute,single_250
2015-12-18,chemical_energy,FG,1,0.43161012840504287,strongest,single_250
2015-12-18,chemical_energy,MA,-1,-0.820539923064942,weakest,single_250
2015-12-18,ferrous,RB,-1,-2.404256663444869,absolute,single_250
2015-12-25,agriculture,SR,1,0.9094553313266883,strongest,single_250
2015-12-25,agriculture,JD,-1,-1.61898564116456,weakest,single_250
2015-12-25,base_metal,AL,-1,-1.7057045427182909,absolute,single_250
2015-12-25,chemical_energy,FG,1,0.3681697160569567,strongest,single_250
2015-12-25,chemical_energy,MA,-1,-0.4210513500548798,weakest,single_250
2015-12-25,ferrous,RB,-1,-2.2749420389081663,absolute,single_250
2015-12-31,agriculture,SR,1,0.9239022554048428,strongest,single_250
2015-12-31,agriculture,JD,-1,-1.569819457253103,weakest,single_250
2015-12-31,base_metal,AL,-1,-1.6502992127298477,absolute,single_250
2015-12-31,chemical_energy,FG,1,0.4380635673928104,strongest,single_250
2015-12-31,chemical_energy,RU,-1,-0.3023965856963798,weakest,single_250
2015-12-31,ferrous,RB,-1,-1.995667004479307,absolute,single_250
2016-01-08,agriculture,SR,1,0.7298692587382601,strongest,single_250
2016-01-08,agriculture,CF,-1,-1.737396922556791,weakest,single_250
2016-01-08,base_metal,AL,-1,-1.6198187378365494,absolute,single_250
2016-01-08,chemical_energy,FG,1,0.11359026139505929,strongest,single_250
2016-01-08,chemical_energy,RU,-1,-0.7727494961780205,weakest,single_250
2016-01-08,ferrous,RB,-1,-2.501500133971404,absolute,single_250
2016-01-15,agriculture,SR,1,0.4957867826158911,strongest,single_250
2016-01-15,agriculture,CF,-1,-1.689409982677876,weakest,single_250
2016-01-15,base_metal,AL,-1,-1.4956571832897116,absolute,single_250
2016-01-15,chemical_energy,FG,1,0.13764783158890717,strongest,single_250
2016-01-15,chemical_energy,RU,-1,-0.8283991925564879,weakest,single_250
2016-01-15,ferrous,RB,-1,-2.414701856585432,absolute,single_250
2016-01-22,agriculture,SR,1,0.5220707106826148,strongest,single_250
2016-01-22,agriculture,CF,-1,-1.4194675383788025,weakest,single_250
2016-01-22,base_metal,AL,-1,-1.4182058236143351,absolute,single_250
2016-01-22,chemical_energy,FG,1,0.41842457138997774,strongest,single_250
2016-01-22,chemical_energy,RU,-1,-0.49083237463646884,weakest,single_250
2016-01-22,ferrous,RB,-1,-2.1453772602026957,absolute,single_250
2016-01-29,agriculture,SR,1,0.11004832372020293,strongest,single_250
2016-01-29,agriculture,CF,-1,-1.5056710789966399,weakest,single_250
2016-01-29,base_metal,AL,-1,-1.454553120762631,absolute,single_250
2016-01-29,chemical_energy,FG,1,0.4061437401399193,strongest,single_250
2016-01-29,chemical_energy,RU,-1,-0.718337022861721,weakest,single_250
2016-01-29,ferrous,RB,-1,-2.0490688553867455,absolute,single_250
2016-02-05,agriculture,SR,1,0.16882082089505338,strongest,single_250
2016-02-05,agriculture,CF,-1,-1.8035560303780842,weakest,single_250
2016-02-05,base_metal,AL,-1,-1.3824088952128164,absolute,single_250
2016-02-05,chemical_energy,FG,1,0.4725615610614353,strongest,single_250
2016-02-05,chemical_energy,RU,-1,-0.7033298473997166,weakest,single_250
2016-02-05,ferrous,RB,-1,-2.059331900548387,absolute,single_250
2016-02-19,agriculture,SR,1,0.08794989100573636,strongest,single_250
2016-02-19,agriculture,CF,-1,-1.834265463552471,weakest,single_250
2016-02-19,base_metal,AL,-1,-1.4862239253820049,absolute,single_250
2016-02-19,chemical_energy,FG,1,0.6479242724452318,strongest,single_250
2016-02-19,chemical_energy,RU,-1,-0.6363556552405067,weakest,single_250
2016-02-19,ferrous,RB,-1,-1.8119079311039887,absolute,single_250
2016-02-26,agriculture,CF,-1,-2.128290106395634,weakest,single_250
2016-02-26,base_metal,AL,-1,-1.201749943529849,absolute,single_250
2016-02-26,chemical_energy,FG,1,0.6702821108469232,strongest,single_250
2016-02-26,chemical_energy,RU,-1,-0.806606550213363,weakest,single_250
2016-02-26,ferrous,RB,-1,-1.7628991912959504,absolute,single_250
2016-03-04,agriculture,SR,1,0.095688855316415,strongest,single_250
2016-03-04,agriculture,CF,-1,-2.202456360446365,weakest,single_250
2016-03-04,base_metal,AL,-1,-1.1002183311044194,absolute,single_250
2016-03-04,chemical_energy,FG,1,0.5805305081143184,strongest,single_250
2016-03-04,chemical_energy,RU,-1,-0.7200928809601013,weakest,single_250
2016-03-04,ferrous,RB,-1,-1.6302355674434577,absolute,single_250
2016-03-11,agriculture,SR,1,0.01522655472745872,strongest,single_250
2016-03-11,agriculture,CF,-1,-2.0223046215311995,weakest,single_250
2016-03-11,base_metal,AL,-1,-1.1039466872292167,absolute,single_250
2016-03-11,chemical_energy,FG,1,0.8361124161544504,strongest,single_250
2016-03-11,chemical_energy,MA,-1,-0.6328074646656158,weakest,single_250
2016-03-11,ferrous,RB,-1,-1.1142434406116857,absolute,single_250
2016-03-18,agriculture,SR,1,0.17882049474182918,strongest,single_250
2016-03-18,agriculture,CF,-1,-1.8021114323017404,weakest,single_250
2016-03-18,base_metal,AL,-1,-1.1524123475073853,absolute,single_250
2016-03-18,chemical_energy,FG,1,0.930350022362235,strongest,single_250
2016-03-18,chemical_energy,MA,-1,-0.541260423366574,weakest,single_250
2016-03-18,ferrous,RB,-1,-0.8367195111179331,absolute,single_250
2016-03-25,agriculture,SR,1,0.2811399412839153,strongest,single_250
2016-03-25,agriculture,CF,-1,-1.6356341199594313,weakest,single_250
2016-03-25,base_metal,AL,-1,-1.102364426693442,absolute,single_250
2016-03-25,chemical_energy,FG,1,0.6586137641790306,strongest,single_250
2016-03-25,chemical_energy,MA,-1,-0.37822425266007986,weakest,single_250
2016-03-25,ferrous,RB,-1,-0.6348502510875745,absolute,single_250
2016-04-01,agriculture,P,1,0.31810341723969837,strongest,single_250
2016-04-01,agriculture,C,-1,-1.8176524675013903,weakest,single_250
2016-04-01,base_metal,AL,-1,-0.9774464781425188,absolute,single_250
2016-04-01,chemical_energy,FG,1,0.6194187335137536,strongest,single_250
2016-04-01,chemical_energy,MA,-1,-0.7130959990164182,weakest,single_250
2016-04-01,ferrous,RB,-1,-0.6295962949746647,absolute,single_250
2016-04-01,government_bond,T,1,0.816231807819879,absolute,single_250
2016-04-08,agriculture,P,1,0.2954562717742224,strongest,single_250
2016-04-08,agriculture,C,-1,-1.7445693259216135,weakest,single_250
2016-04-08,base_metal,AL,-1,-1.163844432053878,absolute,single_250
2016-04-08,chemical_energy,FG,1,0.7854775596586583,strongest,single_250
2016-04-08,chemical_energy,MA,-1,-0.7549728313711873,weakest,single_250
2016-04-08,ferrous,RB,-1,-0.39990496779702356,absolute,single_250
2016-04-08,government_bond,T,1,0.8424623471763119,absolute,single_250
2016-04-15,agriculture,P,1,0.3533466708312935,strongest,single_250
2016-04-15,agriculture,C,-1,-1.5698731045349361,weakest,single_250
2016-04-15,base_metal,AL,-1,-0.8790816425504221,absolute,single_250
2016-04-15,chemical_energy,FG,1,1.205458708993447,strongest,single_250
2016-04-15,chemical_energy,MA,-1,-0.6064685118178859,weakest,single_250
2016-04-15,ferrous,RB,1,0.05712076287710535,absolute,single_250
2016-04-15,government_bond,T,1,0.9889146291324213,absolute,single_250
2016-04-22,agriculture,P,1,0.421520387286919,strongest,single_250
2016-04-22,agriculture,C,-1,-1.1475088698168232,weakest,single_250
2016-04-22,base_metal,AL,-1,-0.2862849190856749,absolute,single_250
2016-04-22,chemical_energy,FG,1,1.2605657397771393,strongest,single_250
2016-04-22,chemical_energy,MA,-1,-0.7904473005314882,weakest,single_250
2016-04-22,ferrous,RB,1,0.6084799448137763,absolute,single_250
2016-04-22,government_bond,T,1,0.780343552516986,absolute,single_250
2016-04-29,agriculture,P,1,0.03734593207445976,strongest,single_250
2016-04-29,agriculture,C,-1,-1.3221688060229966,weakest,single_250
2016-04-29,base_metal,AL,-1,-0.3499100831123137,absolute,single_250
2016-04-29,chemical_energy,FG,1,0.9808906182546523,strongest,single_250
2016-04-29,chemical_energy,MA,-1,-0.6981376361688142,weakest,single_250
2016-04-29,ferrous,RB,1,0.5132935355921316,absolute,single_250
2016-04-29,government_bond,T,1,0.5676228978936229,absolute,single_250
2016-05-06,agriculture,C,-1,-1.2248123111404232,weakest,single_250
2016-05-06,base_metal,AL,-1,-0.5979804087756481,absolute,single_250
2016-05-06,chemical_energy,FG,1,0.5930809737460473,strongest,single_250
2016-05-06,chemical_energy,MA,-1,-0.9702909407646897,weakest,single_250
2016-05-06,ferrous,RB,1,0.021794544888299277,absolute,single_250
2016-05-06,government_bond,T,1,0.5875092267068782,absolute,single_250
2016-05-13,agriculture,M,1,0.1308532255602708,strongest,single_250
2016-05-13,agriculture,C,-1,-1.1745621918909048,weakest,single_250
2016-05-13,base_metal,AL,-1,-0.832728939878154,absolute,single_250
2016-05-13,chemical_energy,FG,1,0.5382949199083477,strongest,single_250
2016-05-13,chemical_energy,RU,-1,-1.1571643398103035,weakest,single_250
2016-05-13,ferrous,RB,-1,-0.6259049583525542,absolute,single_250
2016-05-13,government_bond,T,1,0.8904838474160568,absolute,single_250
2016-05-20,agriculture,M,1,0.43750540762049034,strongest,single_250
2016-05-20,agriculture,C,-1,-1.198952108233908,weakest,single_250
2016-05-20,base_metal,AL,-1,-0.5423399270127301,absolute,single_250
2016-05-20,chemical_energy,FG,1,0.6519418463441009,strongest,single_250
2016-05-20,chemical_energy,RU,-1,-1.1390385455608867,weakest,single_250
2016-05-20,ferrous,RB,-1,-0.4890081306137664,absolute,single_250
2016-05-20,government_bond,T,1,0.8520038824799406,absolute,single_250
2016-05-27,agriculture,M,1,0.5902150525241313,strongest,single_250
2016-05-27,agriculture,C,-1,-1.1010286138643395,weakest,single_250
2016-05-27,base_metal,AL,-1,-0.6092953356284292,absolute,single_250
2016-05-27,chemical_energy,FG,1,0.7358555944493143,strongest,single_250
2016-05-27,chemical_energy,RU,-1,-1.1158760793493478,weakest,single_250
2016-05-27,ferrous,RB,-1,-0.4915970183088846,absolute,single_250
2016-05-27,government_bond,T,1,0.9477773315198765,absolute,single_250
2016-06-03,agriculture,M,1,0.9533633726737163,strongest,single_250
2016-06-03,agriculture,C,-1,-0.7556807199979839,weakest,single_250
2016-06-03,base_metal,AL,-1,-0.6073723601074584,absolute,single_250
2016-06-03,chemical_energy,FG,1,0.7964222419469208,strongest,single_250
2016-06-03,chemical_energy,RU,-1,-1.4014768506863673,weakest,single_250
2016-06-03,ferrous,RB,-1,-0.5821562190426883,absolute,single_250
2016-06-03,government_bond,T,1,1.3476923422375016,absolute,single_250
2016-06-08,agriculture,M,1,1.1681717445654054,strongest,single_250
2016-06-08,agriculture,C,-1,-0.773082053331601,weakest,single_250
2016-06-08,base_metal,AL,-1,-0.609080979308098,absolute,single_250
2016-06-08,chemical_energy,FG,1,0.7427846732230229,strongest,single_250
2016-06-08,chemical_energy,RU,-1,-1.4354573712610477,weakest,single_250
2016-06-08,ferrous,RB,-1,-0.4277959984826114,absolute,single_250
2016-06-08,government_bond,T,1,1.379792250332921,absolute,single_250
2016-06-17,agriculture,M,1,1.1692878873416128,strongest,single_250
2016-06-17,agriculture,C,-1,-0.5595781272664361,weakest,single_250
2016-06-17,base_metal,AL,-1,-0.4360878798611288,absolute,single_250
2016-06-17,chemical_energy,FG,1,0.6635747715540534,strongest,single_250
2016-06-17,chemical_energy,RU,-1,-1.1434570904896157,weakest,single_250
2016-06-17,ferrous,RB,-1,-0.39908174949020425,absolute,single_250
2016-06-17,government_bond,T,1,1.454025597884277,absolute,single_250
2016-06-24,agriculture,M,1,1.2275788157003003,strongest,single_250
2016-06-24,agriculture,C,-1,-0.6929160047107651,weakest,single_250
2016-06-24,base_metal,AL,-1,-0.20167577305031284,absolute,single_250
2016-06-24,chemical_energy,FG,1,0.8147692587833791,strongest,single_250
2016-06-24,chemical_energy,RU,-1,-1.1032956000278147,weakest,single_250
2016-06-24,ferrous,RB,-1,-0.16330807867605945,absolute,single_250
2016-06-24,government_bond,T,1,1.7003236667028159,absolute,single_250
2016-07-01,agriculture,M,1,1.4763737885825592,strongest,single_250
2016-07-01,agriculture,C,-1,-0.6849488205672163,weakest,single_250
2016-07-01,base_metal,AL,1,0.07405758142120165,absolute,single_250
2016-07-01,chemical_energy,FG,1,1.298266264753413,strongest,single_250
2016-07-01,chemical_energy,RU,-1,-0.8560248723547271,weakest,single_250
2016-07-01,ferrous,RB,1,0.19329477874305262,absolute,single_250
2016-07-01,government_bond,T,1,1.8693108001330352,absolute,single_250
2016-07-08,agriculture,CF,1,0.6799445662867819,strongest,single_250
2016-07-08,agriculture,C,-1,-0.7352590547672047,weakest,single_250
2016-07-08,base_metal,AL,1,0.22527550592905338,absolute,single_250
2016-07-08,chemical_energy,FG,1,1.0914671247414671,strongest,single_250
2016-07-08,chemical_energy,RU,-1,-0.8909944669955709,weakest,single_250
2016-07-08,ferrous,RB,1,0.5216003624308313,absolute,single_250
2016-07-08,government_bond,T,1,1.9411099107430039,absolute,single_250
2016-07-15,agriculture,CF,1,1.4924314875996725,strongest,single_250
2016-07-15,agriculture,C,-1,-0.5438899251758976,weakest,single_250
2016-07-15,base_metal,AL,1,0.5423373616295197,absolute,single_250
2016-07-15,chemical_energy,FG,1,1.578868218463038,strongest,single_250
2016-07-15,chemical_energy,MA,-1,-0.33535337819708605,weakest,single_250
2016-07-15,ferrous,RB,1,1.0102363760191035,absolute,single_250
2016-07-15,government_bond,T,1,1.6744414344571135,absolute,single_250
2016-07-22,agriculture,CF,1,1.1573259630315322,strongest,single_250
2016-07-22,agriculture,C,-1,-0.6662124606671951,weakest,single_250
2016-07-22,base_metal,AL,1,0.04592112415457471,absolute,single_250
2016-07-22,chemical_energy,FG,1,1.2650814040471177,strongest,single_250
2016-07-22,chemical_energy,MA,-1,-0.6550415494432028,weakest,single_250
2016-07-22,ferrous,RB,1,0.5003308868350536,absolute,single_250
2016-07-22,government_bond,T,1,1.8796166155901584,absolute,single_250
2016-07-29,agriculture,CF,1,0.8884065143419554,strongest,single_250
2016-07-29,agriculture,C,-1,-0.837293007324618,weakest,single_250
2016-07-29,base_metal,AL,1,0.16073681811309637,absolute,single_250
2016-07-29,chemical_energy,FG,1,1.361056570254233,strongest,single_250
2016-07-29,chemical_energy,MA,-1,-0.6695068500394272,weakest,single_250
2016-07-29,ferrous,RB,1,0.6576192722991387,absolute,single_250
2016-07-29,government_bond,T,1,1.858815085048985,absolute,single_250
2016-08-05,agriculture,CF,1,1.0547951537223483,strongest,single_250
2016-08-05,agriculture,JD,-1,-0.7101323682632316,weakest,single_250
2016-08-05,base_metal,AL,1,0.1917798897610625,absolute,single_250
2016-08-05,chemical_energy,FG,1,1.7585859229860996,strongest,single_250
2016-08-05,chemical_energy,RU,-1,-0.3542668970072464,weakest,single_250
2016-08-05,ferrous,RB,1,0.7165253943773072,absolute,single_250
2016-08-05,government_bond,T,1,1.838552763315952,absolute,single_250
2016-08-12,agriculture,CF,1,0.9551724676766514,strongest,single_250
2016-08-12,agriculture,C,-1,-0.6008606999358644,weakest,single_250
2016-08-12,base_metal,AL,1,0.379368525370865,absolute,single_250
2016-08-12,chemical_energy,FG,1,1.7427628413000422,strongest,single_250
2016-08-12,chemical_energy,RU,-1,-0.11282016525252375,weakest,single_250
2016-08-12,ferrous,RB,1,0.7877486651140674,absolute,single_250
2016-08-12,government_bond,T,1,2.09805381628535,absolute,single_250
2016-08-19,agriculture,CF,1,0.9835915360615679,strongest,single_250
2016-08-19,agriculture,C,-1,-0.5581268820369637,weakest,single_250
2016-08-19,base_metal,AL,1,0.540920940680101,absolute,single_250
2016-08-19,chemical_energy,FG,1,1.6751186348770704,strongest,single_250
2016-08-19,chemical_energy,MA,-1,-0.14200309212995577,weakest,single_250
2016-08-19,ferrous,RB,1,0.8903617928073759,absolute,single_250
2016-08-19,government_bond,T,1,2.0910710994268475,absolute,single_250
2016-08-26,agriculture,CF,1,0.6450357905536283,strongest,single_250
2016-08-26,agriculture,C,-1,-0.6956516078919449,weakest,single_250
2016-08-26,base_metal,AL,1,0.45893310294819895,absolute,single_250
2016-08-26,chemical_energy,FG,1,1.7409795006972757,strongest,single_250
2016-08-26,chemical_energy,RU,-1,-0.28223908891180993,weakest,single_250
2016-08-26,ferrous,RB,1,0.8307390834677455,absolute,single_250
2016-08-26,government_bond,T,1,2.1416172452275912,absolute,single_250
2016-09-02,agriculture,P,1,0.9611452271127263,strongest,single_250
2016-09-02,agriculture,C,-1,-0.6260912653461205,weakest,single_250
2016-09-02,base_metal,AL,1,0.4933206231875485,absolute,single_250
2016-09-02,chemical_energy,FG,1,1.7806703571253473,strongest,single_250
2016-09-02,ferrous,RB,1,0.8497779337500945,absolute,single_250
2016-09-02,government_bond,T,1,1.8646375290578996,absolute,single_250
2016-09-09,agriculture,P,1,1.0177690506310695,strongest,single_250
2016-09-09,agriculture,C,-1,-0.4542283329390922,weakest,single_250
2016-09-09,base_metal,AL,1,0.4078360963445068,absolute,single_250
2016-09-09,chemical_energy,FG,1,1.7297189436041163,strongest,single_250
2016-09-09,ferrous,RB,1,0.7270763196568327,absolute,single_250
2016-09-09,government_bond,T,1,1.7618633535187063,absolute,single_250
2016-09-14,agriculture,CF,1,0.7779549478483845,strongest,single_250
2016-09-14,agriculture,C,-1,-0.41027463470583886,weakest,single_250
2016-09-14,base_metal,AL,1,0.20995855383078643,absolute,single_250
2016-09-14,chemical_energy,FG,1,1.3928897993945974,strongest,single_250
2016-09-14,chemical_energy,RU,-1,-0.07512932404164357,weakest,single_250
2016-09-14,ferrous,RB,1,0.602591137593112,absolute,single_250
2016-09-14,government_bond,T,1,1.9039164853323356,absolute,single_250
2016-09-23,agriculture,P,1,1.0347688230832512,strongest,single_250
2016-09-23,agriculture,C,-1,-0.524562089211803,weakest,single_250
2016-09-23,base_metal,AL,1,0.586208702935993,absolute,single_250
2016-09-23,chemical_energy,FG,1,1.450762121118896,strongest,single_250
2016-09-23,ferrous,RB,1,0.7060422810383884,absolute,single_250
2016-09-23,government_bond,T,1,1.8691736724648411,absolute,single_250
2016-09-30,agriculture,CF,1,1.0752462673483154,strongest,single_250
2016-09-30,agriculture,C,-1,-0.3187294753461849,weakest,single_250
2016-09-30,base_metal,AL,1,0.6548102189870264,absolute,single_250
2016-09-30,chemical_energy,FG,1,1.2342178263134205,strongest,single_250
2016-09-30,ferrous,RB,1,0.6706110157583144,absolute,single_250
2016-09-30,government_bond,T,1,1.9436384429676066,absolute,single_250
2016-10-14,agriculture,CF,1,1.0893590425991617,strongest,single_250
2016-10-14,base_metal,AL,1,1.0060881804229158,absolute,single_250
2016-10-14,chemical_energy,FG,1,1.3331615118929159,strongest,single_250
2016-10-14,ferrous,RB,1,0.9880479909945991,absolute,single_250
2016-10-14,government_bond,T,1,1.754586287443838,absolute,single_250
2016-10-21,agriculture,CF,1,1.0259262399700027,strongest,single_250
2016-10-21,base_metal,AL,1,1.0643621491675068,absolute,single_250
2016-10-21,chemical_energy,FG,1,1.5665281858313205,strongest,single_250
2016-10-21,ferrous,RB,1,1.0939665811224342,absolute,single_250
2016-10-21,government_bond,T,1,1.5620062184615564,absolute,single_250
2016-10-28,agriculture,CF,1,1.2108038732797186,strongest,single_250
2016-10-28,base_metal,AL,1,1.8598662755488145,absolute,single_250
2016-10-28,chemical_energy,FG,1,1.378532398125699,strongest,single_250
2016-10-28,ferrous,RB,1,1.2605834529144746,absolute,single_250
2016-10-28,government_bond,T,1,1.4639258151051566,absolute,single_250
2016-11-04,agriculture,CF,1,1.1923203658521178,strongest,single_250
2016-11-04,base_metal,AL,1,1.9204253684127555,absolute,single_250
2016-11-04,chemical_energy,FG,1,1.6003271017228233,strongest,single_250
2016-11-04,ferrous,RB,1,1.4466912873145545,absolute,single_250
2016-11-04,government_bond,T,1,1.348191265625355,absolute,single_250
2016-11-11,agriculture,CF,1,1.4487274850173077,strongest,single_250
2016-11-11,base_metal,AL,1,2.148282980915172,absolute,single_250
2016-11-11,chemical_energy,FG,1,1.9070722072498973,strongest,single_250
2016-11-11,ferrous,RB,1,1.886837201447619,absolute,single_250
2016-11-11,government_bond,T,1,1.4153169961200482,absolute,single_250
2016-11-18,agriculture,P,1,1.3293451275111225,strongest,single_250
2016-11-18,base_metal,AL,1,2.087138475534833,absolute,single_250
2016-11-18,chemical_energy,FG,1,1.5922944438119673,strongest,single_250
2016-11-18,ferrous,RB,1,1.382576832730141,absolute,single_250
2016-11-18,government_bond,T,1,1.4336608124686705,absolute,single_250
2016-11-25,agriculture,P,1,1.613812384089518,strongest,single_250
2016-11-25,base_metal,AL,1,2.2520672751485207,absolute,single_250
2016-11-25,chemical_energy,FG,1,1.7802769548318516,strongest,single_250
2016-11-25,ferrous,RB,1,1.8038085307890706,absolute,single_250
2016-11-25,government_bond,T,1,1.6560142327446268,absolute,single_250
2016-12-02,agriculture,P,1,1.5893627612136452,strongest,single_250
2016-12-02,base_metal,AL,1,2.0400805578876895,absolute,single_250
2016-12-02,chemical_energy,MA,1,1.455248380258988,strongest,single_250
2016-12-02,ferrous,RB,1,1.6126417705255283,absolute,single_250
2016-12-02,government_bond,T,1,0.9136447064099921,absolute,single_250
2016-12-09,agriculture,P,1,1.3981926094540793,strongest,single_250
2016-12-09,base_metal,AL,1,1.9099791377597684,absolute,single_250
2016-12-09,chemical_energy,MA,1,1.8868484497858646,strongest,single_250
2016-12-09,ferrous,RB,1,1.8360310217346933,absolute,single_250
2016-12-09,government_bond,T,1,0.671521034986322,absolute,single_250
2016-12-16,agriculture,P,1,1.5141450683187476,strongest,single_250
2016-12-16,base_metal,AL,1,1.6121716766962029,absolute,single_250
2016-12-16,chemical_energy,MA,1,2.1515692634271018,strongest,single_250
2016-12-16,ferrous,RB,1,1.7394865185725195,absolute,single_250
2016-12-16,government_bond,T,-1,-0.004989278761439911,absolute,single_250
2016-12-23,agriculture,P,1,1.2254703188387306,strongest,single_250
2016-12-23,base_metal,AL,1,1.503740766281538,absolute,single_250
2016-12-23,chemical_energy,MA,1,1.5868953217650006,strongest,single_250
2016-12-23,ferrous,RB,1,1.3706319637811593,absolute,single_250
2016-12-23,government_bond,T,1,0.15636585954145849,absolute,single_250
2016-12-30,agriculture,P,1,1.2641369237242084,strongest,single_250
2016-12-30,base_metal,AL,1,1.3938867170160403,absolute,single_250
2016-12-30,chemical_energy,MA,1,1.464558654449833,strongest,single_250
2016-12-30,ferrous,RB,1,1.1954513863647693,absolute,single_250
2016-12-30,government_bond,T,1,0.13616594704033835,absolute,single_250
2017-01-06,agriculture,P,1,1.0989329452721583,strongest,single_250
2017-01-06,base_metal,AL,1,1.3165423261495774,absolute,single_250
2017-01-06,chemical_energy,FG,1,1.2969944340690942,strongest,single_250
2017-01-06,ferrous,RB,1,1.1738035333619252,absolute,single_250
2017-01-06,government_bond,T,1,0.06495750719712712,absolute,single_250
2017-01-13,agriculture,P,1,1.3347716204172018,strongest,single_250
2017-01-13,base_metal,AL,1,1.6808224019755986,absolute,single_250
2017-01-13,chemical_energy,RU,1,1.6135623307550495,strongest,single_250
2017-01-13,ferrous,RB,1,1.4406750172618121,absolute,single_250
2017-01-13,government_bond,T,1,0.16570648567655719,absolute,single_250
2017-01-20,agriculture,P,1,1.4224029787311405,strongest,single_250
2017-01-20,base_metal,AL,1,1.7020368064693612,absolute,single_250
2017-01-20,chemical_energy,FG,1,1.5778477820386783,strongest,single_250
2017-01-20,ferrous,RB,1,1.4436948529627003,absolute,single_250
2017-01-20,government_bond,T,-1,-0.08505286716945636,absolute,single_250
2017-01-26,agriculture,P,1,1.2889525490200997,strongest,single_250
2017-01-26,base_metal,AL,1,1.7836296936303964,absolute,single_250
2017-01-26,chemical_energy,RU,1,1.6322686742097978,strongest,single_250
2017-01-26,ferrous,RB,1,1.5078877973159421,absolute,single_250
2017-01-26,government_bond,T,-1,-0.2564230809376178,absolute,single_250
2017-02-03,agriculture,CF,1,1.3079545124414291,strongest,single_250
2017-02-03,agriculture,JD,-1,-0.02743956104818042,weakest,single_250
2017-02-03,base_metal,AL,1,1.8035226029117766,absolute,single_250
2017-02-03,chemical_energy,MA,1,1.6237334293279626,strongest,single_250
2017-02-03,ferrous,RB,1,1.243080723487502,absolute,single_250
2017-02-03,government_bond,T,-1,-0.44545583208666645,absolute,single_250
2017-02-10,agriculture,P,1,1.313525520879002,strongest,single_250
2017-02-10,agriculture,JD,-1,-0.02998085955545701,weakest,single_250
2017-02-10,base_metal,AL,1,1.7660338393521857,absolute,single_250
2017-02-10,chemical_energy,FG,1,1.6550111619392445,strongest,single_250
2017-02-10,ferrous,RB,1,1.385610614659443,absolute,single_250
2017-02-10,government_bond,T,-1,-0.1590730612333043,absolute,single_250
2017-02-17,agriculture,CF,1,1.203921321531834,strongest,single_250
2017-02-17,agriculture,JD,-1,-0.02395242411334653,weakest,single_250
2017-02-17,base_metal,AL,1,1.858159784091783,absolute,single_250
2017-02-17,chemical_energy,MA,1,1.7984237038180428,strongest,single_250
2017-02-17,ferrous,RB,1,1.5417955172243019,absolute,single_250
2017-02-17,government_bond,T,-1,-0.060994486734356715,absolute,single_250
2017-02-24,agriculture,CF,1,1.3467626711346143,strongest,single_250
2017-02-24,base_metal,AL,1,1.603608005869647,absolute,single_250
2017-02-24,chemical_energy,MA,1,1.483262595921527,strongest,single_250
2017-02-24,ferrous,RB,1,1.5267637635701272,absolute,single_250
2017-02-24,government_bond,T,-1,-0.0307497231951466,absolute,single_250
2017-03-03,agriculture,CF,1,1.4136065684344945,strongest,single_250
2017-03-03,base_metal,AL,1,1.6985120141229368,absolute,single_250
2017-03-03,chemical_energy,MA,1,1.3614389382591632,strongest,single_250
2017-03-03,ferrous,RB,1,1.5069516916442682,absolute,single_250
2017-03-03,government_bond,T,-1,-0.11366364354413643,absolute,single_250
2017-03-10,agriculture,CF,1,1.3352573011244688,strongest,single_250
2017-03-10,base_metal,AL,1,1.491512018544224,absolute,single_250
2017-03-10,chemical_energy,MA,1,1.1572687552611292,strongest,single_250
2017-03-10,ferrous,RB,1,1.2927403701876639,absolute,single_250
2017-03-10,government_bond,T,-1,-0.09599443659295305,absolute,single_250
2017-03-17,agriculture,CF,1,1.2118031994134457,strongest,single_250
2017-03-17,agriculture,JD,-1,-0.054438519769143094,weakest,single_250
2017-03-17,base_metal,AL,1,1.3965603166810907,absolute,single_250
2017-03-17,chemical_energy,FG,1,0.8660962847270346,strongest,single_250
2017-03-17,ferrous,RB,1,1.3405253486617232,absolute,single_250
2017-03-17,government_bond,T,1,0.22271032093664103,absolute,single_250
2017-03-24,agriculture,CF,1,1.2657989346127505,strongest,single_250
2017-03-24,base_metal,AL,1,1.4052612532807665,absolute,single_250
2017-03-24,chemical_energy,FG,1,0.8605635334038745,strongest,single_250
2017-03-24,ferrous,RB,1,1.2359099642232219,absolute,single_250
2017-03-24,government_bond,T,1,0.25884906175408023,absolute,single_250
2017-03-31,agriculture,CF,1,1.0500976887438107,strongest,single_250
2017-03-31,agriculture,JD,-1,-0.21012081200527533,weakest,single_250
2017-03-31,base_metal,AL,1,1.429004566859299,absolute,single_250
2017-03-31,chemical_energy,FG,1,1.1561451579068789,strongest,single_250
2017-03-31,ferrous,RB,1,1.0763248965101762,absolute,single_250
2017-03-31,government_bond,T,1,0.23190050748942576,absolute,single_250
2017-04-07,agriculture,CF,1,1.1297562956342928,strongest,single_250
2017-04-07,agriculture,JD,-1,-0.37845311946039184,weakest,single_250
2017-04-07,base_metal,AL,1,1.339822813643149,absolute,single_250
2017-04-07,chemical_energy,FG,1,1.1927312925920324,strongest,single_250
2017-04-07,ferrous,RB,1,1.0248026132031125,absolute,single_250
2017-04-07,government_bond,T,1,0.30012413533062315,absolute,single_250
2017-04-14,agriculture,CF,1,1.203772092029862,strongest,single_250
2017-04-14,agriculture,JD,-1,-0.6123820012281129,weakest,single_250
2017-04-14,base_metal,AL,1,1.320401674659433,absolute,single_250
2017-04-14,chemical_energy,FG,1,0.9710112066852649,strongest,single_250
2017-04-14,ferrous,RB,1,0.884383798263759,absolute,single_250
2017-04-14,government_bond,T,1,0.1641043125989712,absolute,single_250
2017-04-21,agriculture,CF,1,1.15973006531066,strongest,single_250
2017-04-21,agriculture,JD,-1,-0.7682978129247043,weakest,single_250
2017-04-21,base_metal,AL,1,1.386483811596117,absolute,single_250
2017-04-21,chemical_energy,FG,1,0.978961607083625,strongest,single_250
2017-04-21,chemical_energy,RU,-1,-0.053691514018994024,weakest,single_250
2017-04-21,ferrous,RB,1,0.7405626577222071,absolute,single_250
2017-04-21,government_bond,T,1,0.011724115408324435,absolute,single_250
2017-04-28,agriculture,CF,1,0.7871677599047138,strongest,single_250
2017-04-28,agriculture,JD,-1,-0.7866319224963378,weakest,single_250
2017-04-28,base_metal,AL,1,1.154117177083791,absolute,single_250
2017-04-28,chemical_energy,FG,1,0.9662730291495891,strongest,single_250
2017-04-28,chemical_energy,RU,-1,-0.11146315121833707,weakest,single_250
2017-04-28,ferrous,RB,1,0.7751708876452729,absolute,single_250
2017-04-28,government_bond,T,1,0.05923146337813677,absolute,single_250
2017-05-05,agriculture,SR,1,0.651884597413325,strongest,single_250
2017-05-05,agriculture,JD,-1,-1.1347497330084326,weakest,single_250
2017-05-05,base_metal,AL,1,0.8236340678854459,absolute,single_250
2017-05-05,chemical_energy,FG,1,0.7242042609056428,strongest,single_250
2017-05-05,chemical_energy,RU,-1,-0.3438189195521748,weakest,single_250
2017-05-05,ferrous,RB,1,0.4850318592505634,absolute,single_250
2017-05-05,government_bond,T,1,0.031032112837932432,absolute,single_250
2017-05-12,agriculture,SR,1,0.6690763468132483,strongest,single_250
2017-05-12,agriculture,JD,-1,-1.2878554451303565,weakest,single_250
2017-05-12,base_metal,AL,1,0.8015232575826172,absolute,single_250
2017-05-12,chemical_energy,FG,1,1.0313797819586883,strongest,single_250
2017-05-12,chemical_energy,RU,-1,-0.34376190597338113,weakest,single_250
2017-05-12,ferrous,RB,1,0.6649266033785161,absolute,single_250
2017-05-12,government_bond,T,-1,-0.2051537785276346,absolute,single_250
2017-05-19,agriculture,CF,1,0.772813641856779,strongest,single_250
2017-05-19,agriculture,JD,-1,-1.2266261788514612,weakest,single_250
2017-05-19,base_metal,AL,1,1.2063178787436737,absolute,single_250
2017-05-19,chemical_energy,FG,1,1.2862032457111094,strongest,single_250
2017-05-19,chemical_energy,RU,-1,-0.13226596349574493,weakest,single_250
2017-05-19,ferrous,RB,1,1.2087506747095382,absolute,single_250
2017-05-19,government_bond,T,-1,-0.2594426290501742,absolute,single_250
2017-05-26,agriculture,CF,1,0.6936217538051341,strongest,single_250
2017-05-26,agriculture,JD,-1,-1.2577546045395973,weakest,single_250
2017-05-26,base_metal,AL,1,1.0312000483030348,absolute,single_250
2017-05-26,chemical_energy,FG,1,1.2086847090773722,strongest,single_250
2017-05-26,chemical_energy,RU,-1,-0.09602190158706847,weakest,single_250
2017-05-26,ferrous,RB,1,1.2327729866143058,absolute,single_250
2017-05-26,government_bond,T,-1,-0.2836132123583345,absolute,single_250
2017-06-02,agriculture,SR,1,0.6963296796589993,strongest,single_250
2017-06-02,agriculture,JD,-1,-0.9562100524133257,weakest,single_250
2017-06-02,base_metal,AL,1,0.9087374429759952,absolute,single_250
2017-06-02,chemical_energy,FG,1,1.079087079707248,strongest,single_250
2017-06-02,chemical_energy,RU,-1,-0.18389475870239502,weakest,single_250
2017-06-02,ferrous,RB,1,1.0792578839572253,absolute,single_250
2017-06-02,government_bond,T,-1,-0.2076465546543446,absolute,single_250
2017-06-09,agriculture,SR,1,0.7553594557500882,strongest,single_250
2017-06-09,agriculture,JD,-1,-1.1057464201382043,weakest,single_250
2017-06-09,base_metal,AL,1,0.9152177960460328,absolute,single_250
2017-06-09,chemical_energy,FG,1,1.1521621911787985,strongest,single_250
2017-06-09,chemical_energy,RU,-1,-0.12239942659676743,weakest,single_250
2017-06-09,ferrous,RB,1,1.1022404681798987,absolute,single_250
2017-06-09,government_bond,T,-1,-0.16923884716315604,absolute,single_250
2017-06-16,agriculture,CF,1,0.5460290243943731,strongest,single_250
2017-06-16,agriculture,JD,-1,-0.769823247453426,weakest,single_250
2017-06-16,base_metal,AL,1,0.9586692371920754,absolute,single_250
2017-06-16,chemical_energy,FG,1,1.0856137551431428,strongest,single_250
2017-06-16,chemical_energy,RU,-1,-0.05579060960943867,weakest,single_250
2017-06-16,ferrous,RB,1,1.194360901630386,absolute,single_250
2017-06-16,government_bond,T,-1,-0.07826936983971895,absolute,single_250
2017-06-23,agriculture,CF,1,0.4795123308460365,strongest,single_250
2017-06-23,agriculture,JD,-1,-0.8209882353323281,weakest,single_250
2017-06-23,base_metal,AL,1,1.10695641520832,absolute,single_250
2017-06-23,chemical_energy,FG,1,0.8826310657113178,strongest,single_250
2017-06-23,chemical_energy,RU,-1,-0.06284210932028553,weakest,single_250
2017-06-23,ferrous,RB,1,1.1357481486542251,absolute,single_250
2017-06-23,government_bond,T,-1,-0.1438977095464927,absolute,single_250
2017-06-30,agriculture,P,1,0.5198627014939201,strongest,single_250
2017-06-30,agriculture,M,-1,-0.749107325320624,weakest,single_250
2017-06-30,base_metal,AL,1,0.9757771558785902,absolute,single_250
2017-06-30,chemical_energy,FG,1,1.123091656702537,strongest,single_250
2017-06-30,chemical_energy,RU,-1,-0.033755906347216556,weakest,single_250
2017-06-30,ferrous,RB,1,1.3348326669077293,absolute,single_250
2017-06-30,government_bond,T,-1,-0.2516032885206012,absolute,single_250
2017-07-07,agriculture,P,1,0.4487605635816574,strongest,single_250
2017-07-07,agriculture,JD,-1,-0.8109896483340864,weakest,single_250
2017-07-07,base_metal,AL,1,0.9797135099732508,absolute,single_250
2017-07-07,chemical_energy,FG,1,1.0402412518265023,strongest,single_250
2017-07-07,chemical_energy,RU,-1,-0.1782727334006384,weakest,single_250
2017-07-07,ferrous,RB,1,1.2514589175055355,absolute,single_250
2017-07-07,government_bond,T,-1,-0.3395679605239937,absolute,single_250
2017-07-14,agriculture,C,1,0.5092283537571409,strongest,single_250
2017-07-14,agriculture,JD,-1,-1.05818035392816,weakest,single_250
2017-07-14,base_metal,AL,1,0.9395279516018881,absolute,single_250
2017-07-14,chemical_energy,FG,1,0.8119586984594181,strongest,single_250
2017-07-14,chemical_energy,RU,-1,-0.17253121215438202,weakest,single_250
2017-07-14,ferrous,RB,1,1.2309379208280815,absolute,single_250
2017-07-14,government_bond,T,-1,-0.3112778518106047,absolute,single_250
2017-07-21,agriculture,P,1,0.7953891595092076,strongest,single_250
2017-07-21,agriculture,JD,-1,-0.9770270798562181,weakest,single_250
2017-07-21,base_metal,AL,1,0.9579210086644298,absolute,single_250
2017-07-21,chemical_energy,FG,1,1.0647079426608612,strongest,single_250
2017-07-21,ferrous,RB,1,1.0596261798201052,absolute,single_250
2017-07-21,government_bond,T,-1,-0.354119196106334,absolute,single_250
2017-07-28,agriculture,C,1,0.7486315628199045,strongest,single_250
2017-07-28,agriculture,JD,-1,-0.8536500891392149,weakest,single_250
2017-07-28,base_metal,AL,1,1.0257204200563972,absolute,single_250
2017-07-28,chemical_energy,FG,1,1.040516389981554,strongest,single_250
2017-07-28,chemical_energy,RU,-1,-0.24384395356234695,weakest,single_250
2017-07-28,ferrous,RB,1,1.329514025222092,absolute,single_250
2017-07-28,government_bond,T,-1,-0.45673284113729645,absolute,single_250
2017-08-04,agriculture,P,1,0.8056528042255394,strongest,single_250
2017-08-04,agriculture,JD,-1,-0.3523395863866357,weakest,single_250
2017-08-04,base_metal,AL,1,1.1968215297393872,absolute,single_250
2017-08-04,chemical_energy,FG,1,1.0184587012014465,strongest,single_250
2017-08-04,chemical_energy,RU,-1,-0.15515243045779478,weakest,single_250
2017-08-04,ferrous,RB,1,1.525739162815791,absolute,single_250
2017-08-04,government_bond,T,-1,-0.5729552174696074,absolute,single_250
2017-08-11,agriculture,C,1,1.0314025599018537,strongest,single_250
2017-08-11,agriculture,M,-1,-0.16839490363029358,weakest,single_250
2017-08-11,base_metal,AL,1,1.562564363197521,absolute,single_250
2017-08-11,chemical_energy,FG,1,0.8363636011657233,strongest,single_250
2017-08-11,chemical_energy,RU,-1,-0.08558880962082907,weakest,single_250
2017-08-11,ferrous,RB,1,1.4944254194265636,absolute,single_250
2017-08-11,government_bond,T,-1,-0.5904698088524125,absolute,single_250
2017-08-18,agriculture,C,1,1.0923975649038706,strongest,single_250
2017-08-18,agriculture,M,-1,-0.3058220242462646,weakest,single_250
2017-08-18,base_metal,AL,1,1.5877404436147797,absolute,single_250
2017-08-18,chemical_energy,MA,1,0.7993446171889743,strongest,single_250
2017-08-18,ferrous,RB,1,1.4525335404550492,absolute,single_250
2017-08-18,government_bond,T,-1,-0.6340417279947753,absolute,single_250
2017-08-25,agriculture,C,1,0.8969017343379819,strongest,single_250
2017-08-25,agriculture,M,-1,-0.4319703406567116,weakest,single_250
2017-08-25,base_metal,AL,1,1.6331255206193809,absolute,single_250
2017-08-25,chemical_energy,MA,1,0.8807527119676981,strongest,single_250
2017-08-25,chemical_energy,RU,-1,-0.03004729423992416,weakest,single_250
2017-08-25,ferrous,RB,1,1.4150352721743242,absolute,single_250
2017-08-25,government_bond,T,-1,-0.747870001639764,absolute,single_250
2017-09-01,agriculture,C,1,0.8648535812880663,strongest,single_250
2017-09-01,agriculture,M,-1,-0.4077596648518943,weakest,single_250
2017-09-01,base_metal,AL,1,1.6609934341115105,absolute,single_250
2017-09-01,chemical_energy,MA,1,1.2367825744767404,strongest,single_250
2017-09-01,ferrous,RB,1,1.5107431564986742,absolute,single_250
2017-09-01,government_bond,T,-1,-0.633839926407871,absolute,single_250
2017-09-08,agriculture,C,1,0.8149221401535429,strongest,single_250
2017-09-08,agriculture,SR,-1,-0.32702304283334227,weakest,single_250
2017-09-08,base_metal,AL,1,1.357485124712052,absolute,single_250
2017-09-08,chemical_energy,MA,1,1.2400444886124693,strongest,single_250
2017-09-08,ferrous,RB,1,1.531919250905867,absolute,single_250
2017-09-08,government_bond,T,-1,-0.48044571845396944,absolute,single_250
2017-09-15,agriculture,C,1,0.99244110659526,strongest,single_250
2017-09-15,agriculture,JD,-1,-0.28082229389355,weakest,single_250
2017-09-15,base_metal,AL,1,1.5229212159798184,absolute,single_250
2017-09-15,chemical_energy,MA,1,0.9616744455909788,strongest,single_250
2017-09-15,chemical_energy,RU,-1,-0.10192704685680382,weakest,single_250
2017-09-15,ferrous,RB,1,1.429509249459119,absolute,single_250
2017-09-15,government_bond,T,-1,-0.4428119761983711,absolute,single_250
2017-09-22,agriculture,C,1,1.0004996264816894,strongest,single_250
2017-09-22,agriculture,SR,-1,-0.3937038898478343,weakest,single_250
2017-09-22,base_metal,AL,1,1.519199597809871,absolute,single_250
2017-09-22,chemical_energy,MA,1,0.7834129376669877,strongest,single_250
2017-09-22,chemical_energy,RU,-1,-0.2557431784187937,weakest,single_250
2017-09-22,ferrous,RB,1,1.358664034723403,absolute,single_250
2017-09-22,government_bond,T,-1,-0.5458566807927133,absolute,single_250
2017-09-29,agriculture,C,1,0.9911986157529968,strongest,single_250
2017-09-29,agriculture,SR,-1,-0.6367551657429922,weakest,single_250
2017-09-29,base_metal,AL,1,1.3977229140106124,absolute,single_250
2017-09-29,chemical_energy,MA,1,0.8049813483948143,strongest,single_250
2017-09-29,chemical_energy,RU,-1,-0.5696010480001568,weakest,single_250
2017-09-29,ferrous,RB,1,1.446563400627009,absolute,single_250
2017-09-29,government_bond,T,-1,-0.5503498571927355,absolute,single_250
2017-10-13,agriculture,C,1,1.1137479188406203,strongest,single_250
2017-10-13,agriculture,SR,-1,-0.7310509972305189,weakest,single_250
2017-10-13,base_metal,AL,1,1.3873278439426422,absolute,single_250
2017-10-13,chemical_energy,FG,1,0.8157971797810488,strongest,single_250
2017-10-13,chemical_energy,RU,-1,-0.535045429857697,weakest,single_250
2017-10-13,ferrous,RB,1,1.5200231139602312,absolute,single_250
2017-10-13,government_bond,T,-1,-0.6883660014604336,absolute,single_250
2017-10-20,agriculture,C,1,0.8763367636660022,strongest,single_250
2017-10-20,agriculture,SR,-1,-0.866005341340714,weakest,single_250
2017-10-20,base_metal,AL,1,1.1286003272195333,absolute,single_250
2017-10-20,chemical_energy,FG,1,1.023567766128864,strongest,single_250
2017-10-20,chemical_energy,RU,-1,-0.6238588032863828,weakest,single_250
2017-10-20,ferrous,RB,1,1.4049943611820814,absolute,single_250
2017-10-20,government_bond,T,-1,-0.8328374446691111,absolute,single_250
2017-10-27,agriculture,C,1,0.6439424020056969,strongest,single_250
2017-10-27,agriculture,SR,-1,-0.5832255300909883,weakest,single_250
2017-10-27,base_metal,AL,1,1.1701986341744726,absolute,single_250
2017-10-27,chemical_energy,FG,1,0.6851483838600525,strongest,single_250
2017-10-27,chemical_energy,RU,-1,-0.64768611368387,weakest,single_250
2017-10-27,ferrous,RB,1,1.1379516663811031,absolute,single_250
2017-10-27,government_bond,T,-1,-1.0674053758431985,absolute,single_250
2017-11-03,agriculture,C,1,0.46282733812801413,strongest,single_250
2017-11-03,agriculture,SR,-1,-0.7922659450337115,weakest,single_250
2017-11-03,base_metal,AL,1,0.8245423345545,absolute,single_250
2017-11-03,chemical_energy,FG,1,0.7970062326677517,strongest,single_250
2017-11-03,chemical_energy,RU,-1,-0.6472735860104024,weakest,single_250
2017-11-03,ferrous,RB,1,1.1426696322777723,absolute,single_250
2017-11-03,government_bond,T,-1,-1.0604858090540448,absolute,single_250
2017-11-10,agriculture,C,1,0.5719497275453462,strongest,single_250
2017-11-10,agriculture,SR,-1,-0.688977251387824,weakest,single_250
2017-11-10,base_metal,AL,1,0.5090128876181241,absolute,single_250
2017-11-10,chemical_energy,FG,1,0.7210222971550508,strongest,single_250
2017-11-10,chemical_energy,RU,-1,-0.5775474590047321,weakest,single_250
2017-11-10,ferrous,RB,1,1.1289587296828514,absolute,single_250
2017-11-10,government_bond,T,-1,-1.1052293439525112,absolute,single_250
2017-11-17,agriculture,C,1,0.0358117419500816,strongest,single_250
2017-11-17,agriculture,SR,-1,-0.768747891074013,weakest,single_250
2017-11-17,base_metal,AL,1,0.2477219518995564,absolute,single_250
2017-11-17,chemical_energy,FG,1,0.6798691533704716,strongest,single_250
2017-11-17,chemical_energy,RU,-1,-0.9800200129639379,weakest,single_250
2017-11-17,ferrous,RB,1,0.7800984728530889,absolute,single_250
2017-11-17,government_bond,T,-1,-0.984017765505024,absolute,single_250
2017-11-24,agriculture,C,1,0.22721666454791128,strongest,single_250
2017-11-24,agriculture,CF,-1,-0.7116533808500982,weakest,single_250
2017-11-24,base_metal,AL,1,0.351095057049569,absolute,single_250
2017-11-24,chemical_energy,FG,1,0.8426118477312597,strongest,single_250
2017-11-24,chemical_energy,RU,-1,-1.0104125122751046,weakest,single_250
2017-11-24,ferrous,RB,1,1.0809105997636133,absolute,single_250
2017-11-24,government_bond,T,-1,-0.9108136509680292,absolute,single_250
2017-12-01,agriculture,C,1,0.3287881811866695,strongest,single_250
2017-12-01,agriculture,SR,-1,-0.8456956929230975,weakest,single_250
2017-12-01,base_metal,AL,-1,-0.13125422299651032,absolute,single_250
2017-12-01,chemical_energy,FG,1,0.7083034889306424,strongest,single_250
2017-12-01,chemical_energy,RU,-1,-1.1726890982874685,weakest,single_250
2017-12-01,ferrous,RB,1,1.1138681862441153,absolute,single_250
2017-12-01,government_bond,T,-1,-0.8501756996896042,absolute,single_250
2017-12-08,agriculture,C,1,0.28996350674691707,strongest,single_250
2017-12-08,agriculture,SR,-1,-1.0234634372810607,weakest,single_250
2017-12-08,base_metal,AL,-1,-0.07467664199073742,absolute,single_250
2017-12-08,chemical_energy,FG,1,0.762112897485681,strongest,single_250
2017-12-08,chemical_energy,RU,-1,-1.2459432965890216,weakest,single_250
2017-12-08,ferrous,RB,1,0.9644976243298943,absolute,single_250
2017-12-08,government_bond,T,-1,-0.6381215472809334,absolute,single_250
2017-12-15,agriculture,C,1,0.5191929356660634,strongest,single_250
2017-12-15,agriculture,SR,-1,-1.2568617023583726,weakest,single_250
2017-12-15,base_metal,AL,1,0.06527518958157581,absolute,single_250
2017-12-15,chemical_energy,FG,1,0.47028067824114406,strongest,single_250
2017-12-15,chemical_energy,RU,-1,-1.287949900411217,weakest,single_250
2017-12-15,ferrous,RB,1,0.7340627888162927,absolute,single_250
2017-12-15,government_bond,T,-1,-0.525712911334417,absolute,single_250
2017-12-22,agriculture,C,1,0.6513956603880918,strongest,single_250
2017-12-22,agriculture,P,-1,-1.104917755039887,weakest,single_250
2017-12-22,base_metal,AL,1,0.17279643684848664,absolute,single_250
2017-12-22,chemical_energy,FG,1,0.5072839170661587,strongest,single_250
2017-12-22,chemical_energy,RU,-1,-1.5989309714758229,weakest,single_250
2017-12-22,ferrous,RB,1,0.8243070062134763,absolute,single_250
2017-12-22,government_bond,T,1,0.14814553733490882,absolute,single_250
2017-12-29,agriculture,C,1,0.9359461232381205,strongest,single_250
2017-12-29,agriculture,SR,-1,-0.8536570992356018,weakest,single_250
2017-12-29,base_metal,AL,1,0.47191465783508946,absolute,single_250
2017-12-29,chemical_energy,FG,1,0.8359630233164261,strongest,single_250
2017-12-29,chemical_energy,RU,-1,-1.3554438354356546,weakest,single_250
2017-12-29,ferrous,RB,1,1.0412997756257736,absolute,single_250
2017-12-29,government_bond,T,-1,-0.3979217784944365,absolute,single_250
2018-01-05,agriculture,C,1,0.914366103673522,strongest,single_250
2018-01-05,agriculture,SR,-1,-0.9024357052997835,weakest,single_250
2018-01-05,base_metal,AL,1,0.48017933076258246,absolute,single_250
2018-01-05,chemical_energy,FG,1,0.6721436193860442,strongest,single_250
2018-01-05,chemical_energy,RU,-1,-1.2364208432410666,weakest,single_250
2018-01-05,ferrous,RB,1,1.0781696389162958,absolute,single_250
2018-01-05,government_bond,T,-1,-0.4860446671578852,absolute,single_250
2018-01-12,agriculture,C,1,0.768198981047083,strongest,single_250
2018-01-12,agriculture,SR,-1,-1.100888997590081,weakest,single_250
2018-01-12,base_metal,AL,1,0.4725737580308688,absolute,single_250
2018-01-12,chemical_energy,FG,1,0.9454531906940543,strongest,single_250
2018-01-12,chemical_energy,RU,-1,-1.2748032714658013,weakest,single_250
2018-01-12,ferrous,RB,1,1.1184040209127377,absolute,single_250
2018-01-12,government_bond,T,-1,-0.7359455085270967,absolute,single_250
2018-01-19,agriculture,C,1,0.7312802927712589,strongest,single_250
2018-01-19,agriculture,SR,-1,-1.2716094162878588,weakest,single_250
2018-01-19,base_metal,AL,1,0.09371507663437766,absolute,single_250
2018-01-19,chemical_energy,FG,1,0.772521725575672,strongest,single_250
2018-01-19,chemical_energy,RU,-1,-1.7446136314700273,weakest,single_250
2018-01-19,ferrous,RB,1,1.0139784606922688,absolute,single_250
2018-01-19,government_bond,T,-1,-0.9001593270847338,absolute,single_250
2018-01-26,agriculture,C,1,0.4445918170591308,strongest,single_250
2018-01-26,agriculture,SR,-1,-1.4548183253014193,weakest,single_250
2018-01-26,base_metal,AL,1,0.01308133414309184,absolute,single_250
2018-01-26,chemical_energy,FG,1,0.6376506063706893,strongest,single_250
2018-01-26,chemical_energy,RU,-1,-1.9939313074823286,weakest,single_250
2018-01-26,ferrous,RB,1,1.0033112192512827,absolute,single_250
2018-01-26,government_bond,T,-1,-0.6953701151685706,absolute,single_250
2018-02-02,agriculture,C,1,0.47756776765807685,strongest,single_250
2018-02-02,agriculture,SR,-1,-1.4000134148556356,weakest,single_250
2018-02-02,base_metal,AL,-1,-0.2582141239473125,absolute,single_250
2018-02-02,chemical_energy,FG,1,0.5740762648376684,strongest,single_250
2018-02-02,chemical_energy,RU,-1,-2.3280397280993363,weakest,single_250
2018-02-02,ferrous,RB,1,0.92264109518287,absolute,single_250
2018-02-02,government_bond,T,-1,-0.3933229178323413,absolute,single_250
2018-02-09,agriculture,C,1,0.36185979486023034,strongest,single_250
2018-02-09,agriculture,SR,-1,-1.4046294542631952,weakest,single_250
2018-02-09,base_metal,AL,-1,-0.2979429679594677,absolute,single_250
2018-02-09,chemical_energy,FG,1,0.5235117064725046,strongest,single_250
2018-02-09,chemical_energy,RU,-1,-2.3394878150976197,weakest,single_250
2018-02-09,ferrous,RB,1,1.0463628605019382,absolute,single_250
2018-02-09,government_bond,T,-1,-0.46389131161548974,absolute,single_250
2018-02-14,agriculture,C,1,0.45385191418363735,strongest,single_250
2018-02-14,agriculture,SR,-1,-1.3997870025727428,weakest,single_250
2018-02-14,base_metal,AL,-1,-0.5943760499887466,absolute,single_250
2018-02-14,chemical_energy,FG,1,0.3025490688531527,strongest,single_250
2018-02-14,chemical_energy,RU,-1,-2.682780480168659,weakest,single_250
2018-02-14,ferrous,RB,1,0.8698361609148269,absolute,single_250
2018-02-14,government_bond,T,-1,-0.4866253715224116,absolute,single_250
2018-02-23,agriculture,C,1,0.4718503823561789,strongest,single_250
2018-02-23,agriculture,SR,-1,-1.2214449019091722,weakest,single_250
2018-02-23,base_metal,AL,-1,-0.47394986370583125,absolute,single_250
2018-02-23,chemical_energy,FG,1,0.45511202691671676,strongest,single_250
2018-02-23,chemical_energy,RU,-1,-2.3365128648252433,weakest,single_250
2018-02-23,ferrous,RB,1,0.9388980993973113,absolute,single_250
2018-02-23,government_bond,T,-1,-0.7057043556691537,absolute,single_250
2018-03-02,agriculture,M,1,0.6959964804950987,strongest,single_250
2018-03-02,agriculture,SR,-1,-1.3283514761700266,weakest,single_250
2018-03-02,base_metal,AL,-1,-0.28919053757569063,absolute,single_250
2018-03-02,chemical_energy,FG,1,0.5709202360297537,strongest,single_250
2018-03-02,chemical_energy,RU,-1,-2.0525680027456343,weakest,single_250
2018-03-02,ferrous,RB,1,0.9181782574942716,absolute,single_250
2018-03-02,government_bond,T,-1,-0.6181724259252757,absolute,single_250
2018-03-09,agriculture,M,1,0.4745340282655052,strongest,single_250
2018-03-09,agriculture,SR,-1,-1.5017229370776712,weakest,single_250
2018-03-09,base_metal,AL,-1,-0.545690764982398,absolute,single_250
2018-03-09,chemical_energy,FG,1,0.49783396922717477,strongest,single_250
2018-03-09,chemical_energy,RU,-1,-2.1649456534145313,weakest,single_250
2018-03-09,ferrous,RB,1,0.5521141724175196,absolute,single_250
2018-03-09,government_bond,T,-1,-0.4135464085037097,absolute,single_250
2018-03-16,agriculture,M,1,0.5500036395349931,strongest,single_250
2018-03-16,agriculture,SR,-1,-1.3401872401982722,weakest,single_250
2018-03-16,base_metal,AL,-1,-0.3705569899074768,absolute,single_250
2018-03-16,chemical_energy,FG,1,0.8768127434146494,strongest,single_250
2018-03-16,chemical_energy,RU,-1,-1.9287265669866271,weakest,single_250
2018-03-16,ferrous,RB,1,0.7358732417167821,absolute,single_250
2018-03-16,government_bond,T,-1,-0.290212451174622,absolute,single_250
2018-03-23,agriculture,M,1,0.6222234659292605,strongest,single_250
2018-03-23,agriculture,SR,-1,-1.3281738046399036,weakest,single_250
2018-03-23,base_metal,AL,-1,-0.5781884602112354,absolute,single_250
2018-03-23,chemical_energy,FG,1,0.46833805594546996,strongest,single_250
2018-03-23,chemical_energy,RU,-1,-2.2446118900561802,weakest,single_250
2018-03-23,ferrous,RB,1,0.15555955974462285,absolute,single_250
2018-03-23,government_bond,T,-1,-0.4824534617005301,absolute,single_250
2018-03-30,agriculture,M,1,0.9764374866813319,strongest,single_250
2018-03-30,agriculture,SR,-1,-1.2666750150275956,weakest,single_250
2018-03-30,base_metal,AL,-1,-0.5278015369707868,absolute,single_250
2018-03-30,chemical_energy,FG,1,0.7555337679242047,strongest,single_250
2018-03-30,chemical_energy,RU,-1,-2.035541155864377,weakest,single_250
2018-03-30,ferrous,RB,1,0.5722254523684658,absolute,single_250
2018-03-30,government_bond,T,-1,-0.6727771878909614,absolute,single_250
2018-04-04,agriculture,M,1,1.1674634424400263,strongest,single_250
2018-04-04,agriculture,SR,-1,-1.2092519320487354,weakest,single_250
2018-04-04,base_metal,AL,-1,-0.3579945161500789,absolute,single_250
2018-04-04,chemical_energy,MA,1,0.5061946869223644,strongest,single_250
2018-04-04,chemical_energy,RU,-1,-1.945530823707904,weakest,single_250
2018-04-04,ferrous,RB,1,0.5769613192786339,absolute,single_250
2018-04-04,government_bond,T,-1,-0.7701492685057134,absolute,single_250
2018-04-13,agriculture,M,1,1.2388337219194665,strongest,single_250
2018-04-13,agriculture,SR,-1,-1.1116648502035273,weakest,single_250
2018-04-13,base_metal,AL,-1,-0.3277485715835676,absolute,single_250
2018-04-13,chemical_energy,MA,1,0.4691995659927926,strongest,single_250
2018-04-13,chemical_energy,RU,-1,-2.076073332195968,weakest,single_250
2018-04-13,ferrous,RB,1,0.6013339587357523,absolute,single_250
2018-04-13,government_bond,T,-1,-0.6461671510432269,absolute,single_250
2018-04-20,agriculture,M,1,1.0677526175852068,strongest,single_250
2018-04-20,agriculture,SR,-1,-1.381342111596171,weakest,single_250
2018-04-20,base_metal,AL,-1,-0.14370409120193053,absolute,single_250
2018-04-20,chemical_energy,MA,1,0.7116926709671857,strongest,single_250
2018-04-20,chemical_energy,RU,-1,-1.691513564615344,weakest,single_250
2018-04-20,ferrous,RB,1,0.8404497216633807,absolute,single_250
2018-04-20,government_bond,T,-1,-0.32155518561234164,absolute,single_250
2018-04-27,agriculture,M,1,0.9174864662863716,strongest,single_250
2018-04-27,agriculture,SR,-1,-1.563301125766728,weakest,single_250
2018-04-27,base_metal,AL,-1,-0.4033206679255544,absolute,single_250
2018-04-27,chemical_energy,MA,1,0.8838071404489986,strongest,single_250
2018-04-27,chemical_energy,RU,-1,-1.7229685749201944,weakest,single_250
2018-04-27,ferrous,RB,1,1.0024754240285747,absolute,single_250
2018-04-27,government_bond,T,-1,-0.29421123271755906,absolute,single_250
2018-05-04,agriculture,M,1,0.9773357530045316,strongest,single_250
2018-05-04,agriculture,SR,-1,-1.3897353034981297,weakest,single_250
2018-05-04,base_metal,AL,-1,-0.3783899885279521,absolute,single_250
2018-05-04,chemical_energy,MA,1,1.0788592892884161,strongest,single_250
2018-05-04,chemical_energy,RU,-1,-1.6101850889828453,weakest,single_250
2018-05-04,ferrous,RB,1,1.0052934076673083,absolute,single_250
2018-05-04,government_bond,T,-1,-0.12832071222654576,absolute,single_250
2018-05-11,agriculture,M,1,0.6800069725120976,strongest,single_250
2018-05-11,agriculture,SR,-1,-1.3977834806532172,weakest,single_250
2018-05-11,base_metal,AL,-1,-0.2175312240828936,absolute,single_250
2018-05-11,chemical_energy,MA,1,1.0788983299664665,strongest,single_250
2018-05-11,chemical_energy,RU,-1,-1.7111933859547115,weakest,single_250
2018-05-11,ferrous,RB,1,0.8414132031212316,absolute,single_250
2018-05-11,government_bond,T,-1,-0.25276984867713387,absolute,single_250
2018-05-18,agriculture,C,1,0.7423936235690649,strongest,single_250
2018-05-18,agriculture,SR,-1,-1.2582399529998827,weakest,single_250
2018-05-18,base_metal,AL,-1,-0.0816603514252187,absolute,single_250
2018-05-18,chemical_energy,MA,1,1.3922606782181017,strongest,single_250
2018-05-18,chemical_energy,RU,-1,-1.3005519190310855,weakest,single_250
2018-05-18,ferrous,RB,1,0.8696592152078214,absolute,single_250
2018-05-18,government_bond,T,1,0.09835182781954667,absolute,single_250
2018-05-25,agriculture,C,1,0.6779694348060991,strongest,single_250
2018-05-25,agriculture,SR,-1,-1.4191203896873248,weakest,single_250
2018-05-25,base_metal,AL,-1,-0.1667468722939874,absolute,single_250
2018-05-25,chemical_energy,MA,1,1.0991778193978903,strongest,single_250
2018-05-25,chemical_energy,RU,-1,-1.3940432804428076,weakest,single_250
2018-05-25,ferrous,RB,1,0.7810827236041343,absolute,single_250
2018-05-25,government_bond,T,1,0.16285024160884545,absolute,single_250
2018-06-01,agriculture,M,1,0.843306998008246,strongest,single_250
2018-06-01,agriculture,SR,-1,-1.3498106349021601,weakest,single_250
2018-06-01,base_metal,AL,-1,-0.20681389486043192,absolute,single_250
2018-06-01,chemical_energy,MA,1,1.1459330749784955,strongest,single_250
2018-06-01,chemical_energy,RU,-1,-1.42684653129308,weakest,single_250
2018-06-01,ferrous,RB,1,0.8208849372739271,absolute,single_250
2018-06-01,government_bond,T,1,0.14137295774677316,absolute,single_250
2018-06-08,agriculture,M,1,0.7787799082820122,strongest,single_250
2018-06-08,agriculture,SR,-1,-1.5663644937223524,weakest,single_250
2018-06-08,base_metal,AL,-1,-0.05711502867551028,absolute,single_250
2018-06-08,chemical_energy,MA,1,1.4291684553205517,strongest,single_250
2018-06-08,chemical_energy,RU,-1,-1.200718028769667,weakest,single_250
2018-06-08,ferrous,RB,1,1.1262070202082044,absolute,single_250
2018-06-08,government_bond,T,-1,-0.04195468663138628,absolute,single_250
2018-06-15,agriculture,M,1,0.7435955173498592,strongest,single_250
2018-06-15,agriculture,SR,-1,-1.7655258901636142,weakest,single_250
2018-06-15,base_metal,AL,-1,-0.16883556648839979,absolute,single_250
2018-06-15,chemical_energy,MA,1,1.3028927297484363,strongest,single_250
2018-06-15,chemical_energy,RU,-1,-1.3703090201163817,weakest,single_250
2018-06-15,ferrous,RB,1,1.2366287774901505,absolute,single_250
2018-06-15,government_bond,T,1,0.022942537921271353,absolute,single_250
2018-06-22,agriculture,M,1,0.8287770916675015,strongest,single_250
2018-06-22,agriculture,SR,-1,-1.7340167709165506,weakest,single_250
2018-06-22,base_metal,AL,-1,-0.2094528631046353,absolute,single_250
2018-06-22,chemical_energy,MA,1,1.203375016706841,strongest,single_250
2018-06-22,chemical_energy,RU,-1,-1.551710550322615,weakest,single_250
2018-06-22,ferrous,RB,1,1.00202484523613,absolute,single_250
2018-06-22,government_bond,T,1,0.017006623920120537,absolute,single_250
2018-06-29,agriculture,M,1,1.1690129755078653,strongest,single_250
2018-06-29,agriculture,SR,-1,-1.5750057211196953,weakest,single_250
2018-06-29,base_metal,AL,-1,-0.307346375719447,absolute,single_250
2018-06-29,chemical_energy,MA,1,1.3502107779327046,strongest,single_250
2018-06-29,chemical_energy,RU,-1,-1.4159018257050076,weakest,single_250
2018-06-29,ferrous,RB,1,1.1283370460945024,absolute,single_250
2018-06-29,government_bond,T,1,0.16701800865441002,absolute,single_250
2018-07-06,agriculture,M,1,1.0386731068060868,strongest,single_250
2018-07-06,agriculture,SR,-1,-1.7012453841091841,weakest,single_250
2018-07-06,base_metal,AL,-1,-0.4510241781594076,absolute,single_250
2018-07-06,chemical_energy,MA,1,1.398501743443247,strongest,single_250
2018-07-06,chemical_energy,RU,-1,-1.7800963672392682,weakest,single_250
2018-07-06,ferrous,RB,1,0.8353257881270565,absolute,single_250
2018-07-06,government_bond,T,1,0.03458583189322975,absolute,single_250
2018-07-13,agriculture,M,1,0.6197215493335452,strongest,single_250
2018-07-13,agriculture,SR,-1,-1.5619752818341037,weakest,single_250
2018-07-13,base_metal,AL,-1,-0.515710247916021,absolute,single_250
2018-07-13,chemical_energy,MA,1,1.1646984267884473,strongest,single_250
2018-07-13,chemical_energy,RU,-1,-1.660230337843642,weakest,single_250
2018-07-13,ferrous,RB,1,0.8955777426601218,absolute,single_250
2018-07-13,government_bond,T,1,0.15476871549300125,absolute,single_250
2018-07-20,agriculture,M,1,0.7015492268662417,strongest,single_250
2018-07-20,agriculture,SR,-1,-1.626313474367038,weakest,single_250
2018-07-20,base_metal,AL,-1,-0.551907844797918,absolute,single_250
2018-07-20,chemical_energy,MA,1,1.2518631417025892,strongest,single_250
2018-07-20,chemical_energy,RU,-1,-1.775250865334596,weakest,single_250
2018-07-20,ferrous,RB,1,0.684295288096925,absolute,single_250
2018-07-20,government_bond,T,1,0.036638580796096984,absolute,single_250
2018-07-27,agriculture,M,1,0.7671161825693241,strongest,single_250
2018-07-27,agriculture,SR,-1,-1.6014016166186007,weakest,single_250
2018-07-27,base_metal,AL,-1,-0.45912012516011624,absolute,single_250
2018-07-27,chemical_energy,MA,1,1.129036911469858,strongest,single_250
2018-07-27,chemical_energy,RU,-1,-2.0150256461335156,weakest,single_250
2018-07-27,ferrous,RB,1,1.0219789710573606,absolute,single_250
2018-07-27,government_bond,T,1,0.039422811494075075,absolute,single_250
2018-08-03,agriculture,M,1,0.8173236801089715,strongest,single_250
2018-08-03,agriculture,SR,-1,-1.3554980251363207,weakest,single_250
2018-08-03,base_metal,AL,-1,-0.46788432312420436,absolute,single_250
2018-08-03,chemical_energy,MA,1,1.6975164536941216,strongest,single_250
2018-08-03,chemical_energy,RU,-1,-1.9155861782032104,weakest,single_250
2018-08-03,ferrous,RB,1,1.0072151064476849,absolute,single_250
2018-08-03,government_bond,T,1,0.29515032836848526,absolute,single_250
2018-08-10,agriculture,M,1,1.19397087274221,strongest,single_250
2018-08-10,agriculture,SR,-1,-1.387185284123249,weakest,single_250
2018-08-10,base_metal,AL,-1,-0.4671678601806793,absolute,single_250
2018-08-10,chemical_energy,MA,1,1.5959892194284637,strongest,single_250
2018-08-10,chemical_energy,RU,-1,-1.6149053906204371,weakest,single_250
2018-08-10,ferrous,RB,1,0.8177640528631817,absolute,single_250
2018-08-10,government_bond,T,1,0.1667762721737962,absolute,single_250
2018-08-17,agriculture,M,1,0.9173688689521872,strongest,single_250
2018-08-17,agriculture,SR,-1,-1.8298339675190567,weakest,single_250
2018-08-17,base_metal,AL,-1,-1.1527028928083083,absolute,single_250
2018-08-17,chemical_energy,MA,1,1.3910382450132188,strongest,single_250
2018-08-17,chemical_energy,RU,-1,-2.187774993405267,weakest,single_250
2018-08-17,ferrous,RB,1,0.7522001009806953,absolute,single_250
2018-08-17,government_bond,T,-1,-0.0305864524303634,absolute,single_250
2018-08-24,agriculture,M,1,0.9369223283399207,strongest,single_250
2018-08-24,agriculture,SR,-1,-1.6643649142275183,weakest,single_250
2018-08-24,base_metal,AL,-1,-1.1992254693796218,absolute,single_250
2018-08-24,chemical_energy,MA,1,1.4132843362830412,strongest,single_250
2018-08-24,chemical_energy,RU,-1,-1.9389833764537443,weakest,single_250
2018-08-24,ferrous,RB,1,0.9645788355081091,absolute,single_250
2018-08-24,government_bond,T,-1,-0.11572418223916514,absolute,single_250
2018-08-31,agriculture,M,1,0.8695026757109838,strongest,single_250
2018-08-31,agriculture,SR,-1,-1.8224199304689739,weakest,single_250
2018-08-31,base_metal,AL,-1,-1.1401924188255994,absolute,single_250
2018-08-31,chemical_energy,MA,1,1.2859934630804377,strongest,single_250
2018-08-31,chemical_energy,RU,-1,-1.9697058825284832,weakest,single_250
2018-08-31,ferrous,RB,1,0.6435193397822597,absolute,single_250
2018-08-31,government_bond,T,1,0.08899491648978813,absolute,single_250
2018-09-07,agriculture,C,1,1.0895895062572687,strongest,single_250
2018-09-07,agriculture,SR,-1,-2.093159811710382,weakest,single_250
2018-09-07,base_metal,AL,-1,-1.2759534052173382,absolute,single_250
2018-09-07,chemical_energy,MA,1,1.2018114736839496,strongest,single_250
2018-09-07,chemical_energy,RU,-1,-2.1193232599715057,weakest,single_250
2018-09-07,ferrous,RB,1,0.6803951090808449,absolute,single_250
2018-09-07,government_bond,T,-1,-0.07506252383162164,absolute,single_250
2018-09-14,agriculture,M,1,0.8532612632669435,strongest,single_250
2018-09-14,agriculture,SR,-1,-1.7260966867252523,weakest,single_250
2018-09-14,base_metal,AL,-1,-1.1450316790330268,absolute,single_250
2018-09-14,chemical_energy,MA,1,1.023013961846449,strongest,single_250
2018-09-14,chemical_energy,RU,-1,-2.313963528028767,weakest,single_250
2018-09-14,ferrous,RB,1,0.5297627846770259,absolute,single_250
2018-09-14,government_bond,T,-1,-0.17090206287852036,absolute,single_250
2018-09-21,agriculture,M,1,1.0568653494592024,strongest,single_250
2018-09-21,agriculture,P,-1,-1.9718286254323147,weakest,single_250
2018-09-21,base_metal,AL,-1,-1.343204968239176,absolute,single_250
2018-09-21,chemical_energy,MA,1,1.217209742263825,strongest,single_250
2018-09-21,chemical_energy,RU,-1,-1.9950506030133606,weakest,single_250
2018-09-21,ferrous,RB,1,0.7370935266500559,absolute,single_250
2018-09-21,government_bond,T,-1,-0.3644030242912136,absolute,single_250
2018-09-28,agriculture,M,1,1.3396577960780685,strongest,single_250
2018-09-28,agriculture,P,-1,-1.7719056142940477,weakest,single_250
2018-09-28,base_metal,AL,-1,-1.80236311273166,absolute,single_250
2018-09-28,chemical_energy,MA,1,1.1187192852679513,strongest,single_250
2018-09-28,chemical_energy,RU,-1,-1.6852756616522953,weakest,single_250
2018-09-28,ferrous,RB,1,0.5877380842453221,absolute,single_250
2018-09-28,government_bond,T,-1,-0.12215534728781614,absolute,single_250
2018-10-12,agriculture,M,1,1.3583612333239208,strongest,single_250
2018-10-12,agriculture,P,-1,-1.483244016021568,weakest,single_250
2018-10-12,base_metal,AL,-1,-1.5585557718584582,absolute,single_250
2018-10-12,chemical_energy,MA,1,1.6708841594273158,strongest,single_250
2018-10-12,chemical_energy,RU,-1,-1.5647162909722048,weakest,single_250
2018-10-12,ferrous,RB,1,0.8622308945553381,absolute,single_250
2018-10-12,government_bond,T,-1,-0.04011177947059208,absolute,single_250
2018-10-19,agriculture,M,1,1.401719729979387,strongest,single_250
2018-10-19,agriculture,P,-1,-1.4171542186944952,weakest,single_250
2018-10-19,base_metal,AL,-1,-1.5339141517621822,absolute,single_250
2018-10-19,chemical_energy,MA,1,1.6321497004519823,strongest,single_250
2018-10-19,chemical_energy,RU,-1,-1.2841414709775023,weakest,single_250
2018-10-19,ferrous,RB,1,0.9887098136862514,absolute,single_250
2018-10-19,government_bond,T,1,0.0909967358972336,absolute,single_250
2018-10-26,agriculture,M,1,1.1800380654375244,strongest,single_250
2018-10-26,agriculture,P,-1,-1.5924971948202904,weakest,single_250
2018-10-26,base_metal,AL,-1,-1.4312432496230085,absolute,single_250
2018-10-26,chemical_energy,MA,1,1.2535477079959318,strongest,single_250
2018-10-26,chemical_energy,RU,-1,-1.4466228652609845,weakest,single_250
2018-10-26,ferrous,RB,1,1.0253283843056524,absolute,single_250
2018-10-26,government_bond,T,1,0.3930081244221866,absolute,single_250
2018-11-02,agriculture,C,1,0.9312022421274865,strongest,single_250
2018-11-02,agriculture,P,-1,-2.0509372802534056,weakest,single_250
2018-11-02,base_metal,AL,-1,-1.6163452831879555,absolute,single_250
2018-11-02,chemical_energy,MA,1,0.7262415848270833,strongest,single_250
2018-11-02,chemical_energy,RU,-1,-1.5797470617500935,weakest,single_250
2018-11-02,ferrous,RB,1,0.8342135303816268,absolute,single_250
2018-11-02,government_bond,T,1,0.5072321824856907,absolute,single_250
2018-11-09,agriculture,C,1,1.272522625497635,strongest,single_250
2018-11-09,agriculture,P,-1,-2.149491345726685,weakest,single_250
2018-11-09,base_metal,AL,-1,-1.6073246581855631,absolute,single_250
2018-11-09,chemical_energy,MA,1,0.6259277276855951,strongest,single_250
2018-11-09,chemical_energy,RU,-1,-1.6283559706792279,weakest,single_250
2018-11-09,ferrous,RB,1,0.8427824087799312,absolute,single_250
2018-11-09,government_bond,T,1,0.8526022840924065,absolute,single_250
2018-11-16,agriculture,C,1,0.9097341265895984,strongest,single_250
2018-11-16,agriculture,P,-1,-2.245894209395169,weakest,single_250
2018-11-16,base_metal,AL,-1,-1.492732673158651,absolute,single_250
2018-11-16,chemical_energy,MA,1,0.3058302273435512,strongest,single_250
2018-11-16,chemical_energy,RU,-1,-1.7474124093297556,weakest,single_250
2018-11-16,ferrous,RB,1,0.6005477291231174,absolute,single_250
2018-11-16,government_bond,T,1,1.133962461273227,absolute,single_250
2018-11-23,agriculture,C,1,0.6871693433529755,strongest,single_250
2018-11-23,agriculture,P,-1,-2.239666230830907,weakest,single_250
2018-11-23,base_metal,AL,-1,-1.3199425477365516,absolute,single_250
2018-11-23,chemical_energy,RU,-1,-1.7977310098160557,weakest,single_250
2018-11-23,ferrous,RB,1,0.33682395402173426,absolute,single_250
2018-11-23,government_bond,T,1,1.2284055911012968,absolute,single_250
2018-11-30,agriculture,C,1,0.6670578209072789,strongest,single_250
2018-11-30,agriculture,P,-1,-2.083326503080906,weakest,single_250
2018-11-30,base_metal,AL,-1,-1.2065755429036793,absolute,single_250
2018-11-30,chemical_energy,RU,-1,-1.7578931820119055,weakest,single_250
2018-11-30,ferrous,RB,1,0.16705474545783333,absolute,single_250
2018-11-30,government_bond,T,1,1.3557306540861005,absolute,single_250
2018-12-07,agriculture,M,1,0.39822948867347957,strongest,single_250
2018-12-07,agriculture,SR,-1,-2.134222798439007,weakest,single_250
2018-12-07,base_metal,AL,-1,-0.9846816500223663,absolute,single_250
2018-12-07,chemical_energy,RU,-1,-1.9195427570754642,weakest,single_250
2018-12-07,ferrous,RB,1,0.16659744200682897,absolute,single_250
2018-12-07,government_bond,T,1,1.255042761076702,absolute,single_250
2018-12-14,agriculture,JD,1,0.20869622435586416,strongest,single_250
2018-12-14,agriculture,SR,-1,-2.2065422389717884,weakest,single_250
2018-12-14,base_metal,AL,-1,-0.7678752699351671,absolute,single_250
2018-12-14,chemical_energy,RU,-1,-2.0377117714396844,weakest,single_250
2018-12-14,ferrous,RB,1,0.26989609546240056,absolute,single_250
2018-12-14,government_bond,T,1,1.0487080028433542,absolute,single_250
2018-12-21,agriculture,JD,1,0.28200527424430133,strongest,single_250
2018-12-21,agriculture,SR,-1,-2.107848427309616,weakest,single_250
2018-12-21,base_metal,AL,-1,-0.6410935498659124,absolute,single_250
2018-12-21,chemical_energy,RU,-1,-1.94633024108122,weakest,single_250
2018-12-21,ferrous,RB,1,0.44503935925137783,absolute,single_250
2018-12-21,government_bond,T,1,1.2974949138495642,absolute,single_250
2018-12-28,agriculture,JD,1,0.3793567430306275,strongest,single_250
2018-12-28,agriculture,SR,-1,-2.306778863719317,weakest,single_250
2018-12-28,base_metal,AL,-1,-0.9526033613185205,absolute,single_250
2018-12-28,chemical_energy,RU,-1,-2.0911825079571558,weakest,single_250
2018-12-28,ferrous,RB,1,0.3566524245273411,absolute,single_250
2018-12-28,government_bond,T,1,1.4053461787806119,absolute,single_250
2019-01-04,agriculture,AP,1,0.516247398103564,strongest,single_250
2019-01-04,agriculture,SR,-1,-2.2960990233009317,weakest,single_250
2019-01-04,base_metal,AL,-1,-1.070178697799249,absolute,single_250
2019-01-04,chemical_energy,RU,-1,-1.7299193776276944,weakest,single_250
2019-01-04,ferrous,RB,1,0.4820930953229455,absolute,single_250
2019-01-04,government_bond,T,1,1.4032360872322693,absolute,single_250
2019-01-11,agriculture,AP,1,0.4572963018504362,strongest,single_250
2019-01-11,agriculture,SR,-1,-2.0574390838945655,weakest,single_250
2019-01-11,base_metal,AL,-1,-1.3070385905249906,absolute,single_250
2019-01-11,chemical_energy,RU,-1,-1.9295687780859463,weakest,single_250
2019-01-11,ferrous,RB,1,0.44421916935791017,absolute,single_250
2019-01-11,government_bond,T,1,1.5574215455027192,absolute,single_250
2019-01-18,agriculture,AP,1,0.49053248963797197,strongest,single_250
2019-01-18,agriculture,P,-1,-1.7152743317016532,weakest,single_250
2019-01-18,base_metal,AL,-1,-1.2083645244806702,absolute,single_250
2019-01-18,chemical_energy,RU,-1,-1.8239861972952258,weakest,single_250
2019-01-18,ferrous,RB,1,0.6209205368034567,absolute,single_250
2019-01-18,government_bond,T,1,1.5482081623497688,absolute,single_250
2019-01-25,agriculture,AP,1,0.7605540581107191,strongest,single_250
2019-01-25,agriculture,SR,-1,-1.3772323364065677,weakest,single_250
2019-01-25,base_metal,AL,-1,-1.031045164479641,absolute,single_250
2019-01-25,chemical_energy,RU,-1,-1.8970296014999035,weakest,single_250
2019-01-25,ferrous,RB,1,0.7487814761572679,absolute,single_250
2019-01-25,government_bond,T,1,1.6216214558989444,absolute,single_250
2019-02-01,agriculture,AP,1,0.702913813082419,strongest,single_250
2019-02-01,agriculture,P,-1,-1.2919795161317202,weakest,single_250
2019-02-01,base_metal,AL,-1,-0.9708829678832233,absolute,single_250
2019-02-01,chemical_energy,FG,1,0.14918367029177565,strongest,single_250
2019-02-01,chemical_energy,RU,-1,-1.8172177602357422,weakest,single_250
2019-02-01,ferrous,RB,1,0.6564810981370187,absolute,single_250
2019-02-01,government_bond,T,1,1.7724291672805823,absolute,single_250
2019-02-15,agriculture,AP,1,0.9020170244024559,strongest,single_250
2019-02-15,agriculture,SR,-1,-1.3226408685772624,weakest,single_250
2019-02-15,base_metal,AL,-1,-0.9649045831489246,absolute,single_250
2019-02-15,chemical_energy,RU,-1,-1.590354272727582,weakest,single_250
2019-02-15,ferrous,RB,1,0.4530744969520401,absolute,single_250
2019-02-15,government_bond,T,1,1.764870271458518,absolute,single_250
2019-02-22,agriculture,AP,1,1.0426262288753092,strongest,single_250
2019-02-22,agriculture,P,-1,-1.2424880524405042,weakest,single_250
2019-02-22,base_metal,AL,-1,-0.6466343601701361,absolute,single_250
2019-02-22,chemical_energy,RU,-1,-0.9748341372080352,weakest,single_250
2019-02-22,ferrous,RB,1,0.5811698510228603,absolute,single_250
2019-02-22,government_bond,T,1,1.6551529788514936,absolute,single_250
2019-03-01,agriculture,AP,1,1.1022609533604404,strongest,single_250
2019-03-01,agriculture,P,-1,-1.4815525873284894,weakest,single_250
2019-03-01,base_metal,AL,-1,-0.7269443756347312,absolute,single_250
2019-03-01,chemical_energy,FG,1,0.024009396220861155,strongest,single_250
2019-03-01,chemical_energy,RU,-1,-0.8348780557340744,weakest,single_250
2019-03-01,ferrous,RB,1,0.7020536675874126,absolute,single_250
2019-03-01,government_bond,T,1,1.456704559359394,absolute,single_250
2019-03-08,agriculture,AP,1,1.0953380355502864,strongest,single_250
2019-03-08,agriculture,P,-1,-1.7436512989788076,weakest,single_250
2019-03-08,base_metal,AL,-1,-0.7826230558112237,absolute,single_250
2019-03-08,chemical_energy,RU,-1,-1.2330275274876363,weakest,single_250
2019-03-08,ferrous,RB,1,0.5193011943918575,absolute,single_250
2019-03-08,government_bond,T,1,1.5675608653509987,absolute,single_250
2019-03-15,agriculture,AP,1,1.0111191296047006,strongest,single_250
2019-03-15,agriculture,P,-1,-1.906652263272131,weakest,single_250
2019-03-15,base_metal,AL,-1,-0.736706293621705,absolute,single_250
2019-03-15,chemical_energy,RU,-1,-1.336728133554159,weakest,single_250
2019-03-15,ferrous,RB,1,0.5835040456864246,absolute,single_250
2019-03-15,government_bond,T,1,1.4466566881408627,absolute,single_250
2019-03-22,agriculture,AP,1,1.0836129328970572,strongest,single_250
2019-03-22,agriculture,P,-1,-1.6679967912130247,weakest,single_250
2019-03-22,base_metal,AL,-1,-0.36791468965464524,absolute,single_250
2019-03-22,chemical_energy,RU,-1,-1.246050923129128,weakest,single_250
2019-03-22,ferrous,RB,1,0.9255709734206197,absolute,single_250
2019-03-22,government_bond,T,1,1.5699504282305576,absolute,single_250
2019-03-29,agriculture,AP,1,1.22533230303015,strongest,single_250
2019-03-29,agriculture,P,-1,-1.9137773049738307,weakest,single_250
2019-03-29,base_metal,AL,-1,-0.460533875399859,absolute,single_250
2019-03-29,chemical_energy,RU,-1,-1.2923004438019459,weakest,single_250
2019-03-29,ferrous,RB,1,0.9670320887651108,absolute,single_250
2019-03-29,government_bond,T,1,1.4509606157994799,absolute,single_250
2019-04-04,agriculture,AP,1,1.0811318138585688,strongest,single_250
2019-04-04,agriculture,P,-1,-1.656057889417729,weakest,single_250
2019-04-04,base_metal,AL,-1,-0.2588981776501339,absolute,single_250
2019-04-04,chemical_energy,SC,1,0.18866338263449486,strongest,single_250
2019-04-04,chemical_energy,RU,-1,-0.8100949025552213,weakest,single_250
2019-04-04,ferrous,RB,1,1.5244618289563148,absolute,single_250
2019-04-04,government_bond,T,1,0.8595578756133359,absolute,single_250
2019-04-12,agriculture,JD,1,1.2806311849108443,strongest,single_250
2019-04-12,agriculture,P,-1,-1.6849026818874986,weakest,single_250
2019-04-12,base_metal,AL,-1,-0.3987608927220054,absolute,single_250
2019-04-12,chemical_energy,SC,1,0.3485189941237546,strongest,single_250
2019-04-12,chemical_energy,RU,-1,-0.8258267810730983,weakest,single_250
2019-04-12,ferrous,RB,1,1.5454284018388675,absolute,single_250
2019-04-12,government_bond,T,1,0.9483306885155453,absolute,single_250
2019-04-19,agriculture,AP,1,1.3930152298608296,strongest,single_250
2019-04-19,agriculture,P,-1,-1.7908097672787322,weakest,single_250
2019-04-19,base_metal,AL,-1,-0.47974913710692607,absolute,single_250
2019-04-19,chemical_energy,SC,1,0.34572966154241225,strongest,single_250
2019-04-19,chemical_energy,RU,-1,-0.961250459186996,weakest,single_250
2019-04-19,ferrous,RB,1,1.4090404111477242,absolute,single_250
2019-04-19,government_bond,T,1,0.8521661695978288,absolute,single_250
2019-04-26,agriculture,AP,1,1.2801361507375268,strongest,single_250
2019-04-26,agriculture,P,-1,-1.7849334224585525,weakest,single_250
2019-04-26,base_metal,AL,-1,-0.7550302658378124,absolute,single_250
2019-04-26,chemical_energy,SC,1,0.42623686336246736,strongest,single_250
2019-04-26,chemical_energy,RU,-1,-0.9333364944083965,weakest,single_250
2019-04-26,ferrous,RB,1,1.3599220242141665,absolute,single_250
2019-04-26,government_bond,T,1,0.4080139640284327,absolute,single_250
2019-04-30,agriculture,AP,1,1.2795518406210762,strongest,single_250
2019-04-30,agriculture,P,-1,-1.817977631624651,weakest,single_250
2019-04-30,base_metal,AL,-1,-0.831746896467442,absolute,single_250
2019-04-30,chemical_energy,SC,1,0.282422393859987,strongest,single_250
2019-04-30,chemical_energy,RU,-1,-0.9219245315193382,weakest,single_250
2019-04-30,ferrous,RB,1,1.4680081191616725,absolute,single_250
2019-04-30,government_bond,T,1,0.5720503306907115,absolute,single_250
2019-05-10,agriculture,JD,1,1.3191004564569198,strongest,single_250
2019-05-10,agriculture,P,-1,-1.8914323914695834,weakest,single_250
2019-05-10,base_metal,AL,-1,-0.5757308177609858,absolute,single_250
2019-05-10,chemical_energy,SC,1,0.21990275873418355,strongest,single_250
2019-05-10,chemical_energy,RU,-1,-0.7944066276514349,weakest,single_250
2019-05-10,ferrous,RB,1,1.1903871475604326,absolute,single_250
2019-05-10,government_bond,T,1,0.8821004828228352,absolute,single_250
2019-05-17,agriculture,AP,1,1.4019323466758513,strongest,single_250
2019-05-17,agriculture,P,-1,-1.7634213467959579,weakest,single_250
2019-05-17,base_metal,AL,-1,-0.616817893562678,absolute,single_250
2019-05-17,chemical_energy,FG,1,0.40401258650489086,strongest,single_250
2019-05-17,chemical_energy,MA,-1,-0.8184098154615363,weakest,single_250
2019-05-17,ferrous,RB,1,1.1790911298697981,absolute,single_250
2019-05-17,government_bond,T,1,1.1201845381641278,absolute,single_250
2019-05-24,agriculture,JD,1,1.3848771579403705,strongest,single_250
2019-05-24,agriculture,P,-1,-2.0748073772981446,weakest,single_250
2019-05-24,base_metal,AL,-1,-0.6393409721966797,absolute,single_250
2019-05-24,chemical_energy,FG,1,0.44255575245817164,strongest,single_250
2019-05-24,chemical_energy,MA,-1,-0.9060040217168708,weakest,single_250
2019-05-24,ferrous,RB,1,1.2637322136605311,absolute,single_250
2019-05-24,government_bond,T,1,1.0890584900425666,absolute,single_250
2019-05-31,agriculture,JD,1,1.3951035419461477,strongest,single_250
2019-05-31,agriculture,CF,-1,-2.038819323859476,weakest,single_250
2019-05-31,base_metal,AL,-1,-0.6266683473318887,absolute,single_250
2019-05-31,chemical_energy,FG,1,0.24193679663222054,strongest,single_250
2019-05-31,chemical_energy,RU,-1,-0.9090722261387962,weakest,single_250
2019-05-31,ferrous,RB,1,1.2229224679919484,absolute,single_250
2019-05-31,government_bond,T,1,0.9502324330227465,absolute,single_250
2019-06-06,agriculture,JD,1,1.2600874858543125,strongest,single_250
2019-06-06,agriculture,CF,-1,-2.211517627242216,weakest,single_250
2019-06-06,base_metal,AL,-1,-0.8958318516524312,absolute,single_250
2019-06-06,chemical_energy,FG,1,0.11959737547239528,strongest,single_250
2019-06-06,chemical_energy,MA,-1,-0.9778642622109985,weakest,single_250
2019-06-06,ferrous,RB,1,1.2002548290844903,absolute,single_250
2019-06-06,government_bond,T,1,1.0506365219318115,absolute,single_250
2019-06-14,agriculture,JD,1,1.4829316814593616,strongest,single_250
2019-06-14,agriculture,CF,-1,-2.3049860118374608,weakest,single_250
2019-06-14,base_metal,AL,-1,-0.7807569855681192,absolute,single_250
2019-06-14,chemical_energy,FG,1,0.35188634683045833,strongest,single_250
2019-06-14,chemical_energy,MA,-1,-0.9610519850544702,weakest,single_250
2019-06-14,ferrous,RB,1,1.0357287759786185,absolute,single_250
2019-06-14,government_bond,T,1,1.1582851557022835,absolute,single_250
2019-06-21,agriculture,JD,1,1.3772639761412684,strongest,single_250
2019-06-21,agriculture,CF,-1,-2.02029706313998,weakest,single_250
2019-06-21,base_metal,AL,-1,-1.0446906504901396,absolute,single_250
2019-06-21,chemical_energy,FG,1,0.45550676008660124,strongest,single_250
2019-06-21,chemical_energy,MA,-1,-0.9813637968234813,weakest,single_250
2019-06-21,ferrous,RB,1,1.0558627698550644,absolute,single_250
2019-06-21,government_bond,T,1,1.1092907592893766,absolute,single_250
2019-06-28,agriculture,JD,1,1.0822263631501992,strongest,single_250
2019-06-28,agriculture,CF,-1,-1.7063129429059516,weakest,single_250
2019-06-28,base_metal,AL,-1,-0.4557945403641551,absolute,single_250
2019-06-28,chemical_energy,FG,1,0.43246367934172025,strongest,single_250
2019-06-28,chemical_energy,MA,-1,-1.0647956294876895,weakest,single_250
2019-06-28,ferrous,RB,1,1.3659695262798954,absolute,single_250
2019-06-28,government_bond,T,1,0.9117716686699636,absolute,single_250
2019-07-05,agriculture,JD,1,1.3529284894702973,strongest,single_250
2019-07-05,agriculture,P,-1,-1.8746394497468342,weakest,single_250
2019-07-05,base_metal,AL,-1,-0.43388676763176065,absolute,single_250
2019-07-05,chemical_energy,FG,1,0.5736823807349201,strongest,single_250
2019-07-05,chemical_energy,MA,-1,-0.9301133661955383,weakest,single_250
2019-07-05,ferrous,RB,1,1.3838119637894828,absolute,single_250
2019-07-05,government_bond,T,1,1.1033133942273354,absolute,single_250
2019-07-12,agriculture,JD,1,1.4968909410447284,strongest,single_250
2019-07-12,agriculture,P,-1,-2.1566727536854544,weakest,single_250
2019-07-12,base_metal,AL,-1,-0.4433843389124376,absolute,single_250
2019-07-12,chemical_energy,FG,1,0.40975588162682475,strongest,single_250
2019-07-12,chemical_energy,MA,-1,-1.2063912522060987,weakest,single_250
2019-07-12,ferrous,RB,1,1.2673530304203955,absolute,single_250
2019-07-12,government_bond,T,1,1.0407068137915898,absolute,single_250
2019-07-19,agriculture,JD,1,1.7109405956395103,strongest,single_250
2019-07-19,agriculture,CF,-1,-1.8887125195256265,weakest,single_250
2019-07-19,base_metal,AL,-1,-0.3891209255231607,absolute,single_250
2019-07-19,chemical_energy,FG,1,0.4132726191496715,strongest,single_250
2019-07-19,chemical_energy,MA,-1,-1.3906548606023923,weakest,single_250
2019-07-19,ferrous,RB,1,1.166857658296067,absolute,single_250
2019-07-19,government_bond,T,1,1.1163484121187273,absolute,single_250
2019-07-26,agriculture,JD,1,1.3638002383557684,strongest,single_250
2019-07-26,agriculture,CF,-1,-1.7903118554887998,weakest,single_250
2019-07-26,base_metal,AL,-1,-0.3551436586648512,absolute,single_250
2019-07-26,chemical_energy,FG,1,0.36051807248156886,strongest,single_250
2019-07-26,chemical_energy,MA,-1,-1.5055163105883218,weakest,single_250
2019-07-26,ferrous,RB,1,0.993182162405402,absolute,single_250
2019-07-26,government_bond,T,1,0.9529419715853463,absolute,single_250
2019-08-02,agriculture,JD,1,1.321102341680288,strongest,single_250
2019-08-02,agriculture,CF,-1,-2.0533068937130854,weakest,single_250
2019-08-02,base_metal,AL,-1,-0.6136385886013593,absolute,single_250
2019-08-02,chemical_energy,FG,1,0.15638077881091794,strongest,single_250
2019-08-02,chemical_energy,MA,-1,-1.5314251512775114,weakest,single_250
2019-08-02,ferrous,RB,1,0.7805924995702808,absolute,single_250
2019-08-02,government_bond,T,1,1.385869330425932,absolute,single_250
2019-08-09,agriculture,JD,1,1.0515959863871926,strongest,single_250
2019-08-09,agriculture,CF,-1,-2.440342943425915,weakest,single_250
2019-08-09,base_metal,AL,-1,-0.6710265474137244,absolute,single_250
2019-08-09,chemical_energy,FG,1,0.31693923387785555,strongest,single_250
2019-08-09,chemical_energy,MA,-1,-1.5059735976447228,weakest,single_250
2019-08-09,ferrous,RB,1,0.2621202112513172,absolute,single_250
2019-08-09,government_bond,T,1,1.3684695140945382,absolute,single_250
2019-08-16,agriculture,JD,1,0.9706929916853793,strongest,single_250
2019-08-16,agriculture,CF,-1,-2.4663111854101962,weakest,single_250
2019-08-16,base_metal,AL,-1,-0.3922396068355922,absolute,single_250
2019-08-16,chemical_energy,FG,1,0.5855815228317539,strongest,single_250
2019-08-16,chemical_energy,MA,-1,-2.0465462632384277,weakest,single_250
2019-08-16,ferrous,RB,1,0.33376861664989055,absolute,single_250
2019-08-16,government_bond,T,1,1.3463787096997673,absolute,single_250
2019-08-23,agriculture,JD,1,0.9077556368120061,strongest,single_250
2019-08-23,agriculture,CF,-1,-2.3532140576949123,weakest,single_250
2019-08-23,base_metal,AL,-1,-0.4755830457250925,absolute,single_250
2019-08-23,chemical_energy,FG,1,0.2478973261106788,strongest,single_250
2019-08-23,chemical_energy,MA,-1,-2.1136851157941816,weakest,single_250
2019-08-23,ferrous,RB,1,0.21295604960425818,absolute,single_250
2019-08-23,government_bond,T,1,1.5113893505032046,absolute,single_250
2019-08-30,agriculture,JD,1,1.030837669729544,strongest,single_250
2019-08-30,agriculture,CF,-1,-2.4440602755518395,weakest,single_250
2019-08-30,base_metal,AL,-1,-0.5116864414769351,absolute,single_250
2019-08-30,chemical_energy,FG,1,0.28669286314271025,strongest,single_250
2019-08-30,chemical_energy,MA,-1,-2.14018450788746,weakest,single_250
2019-08-30,ferrous,RB,-1,-0.13261226047823124,absolute,single_250
2019-08-30,government_bond,T,1,1.7960931718681474,absolute,single_250
2019-09-06,agriculture,JD,1,0.9891160372358749,strongest,single_250
2019-09-06,agriculture,CF,-1,-2.297678332567223,weakest,single_250
2019-09-06,base_metal,AL,-1,-0.6266810512501514,absolute,single_250
2019-09-06,chemical_energy,FG,1,0.29526599711957646,strongest,single_250
2019-09-06,chemical_energy,MA,-1,-1.9893090226016723,weakest,single_250
2019-09-06,ferrous,RB,1,0.04912996428257595,absolute,single_250
2019-09-06,government_bond,T,1,1.7975305215652964,absolute,single_250
2019-09-12,agriculture,JD,1,1.1818668708251414,strongest,single_250
2019-09-12,agriculture,CF,-1,-2.252233946661178,weakest,single_250
2019-09-12,base_metal,AL,-1,-0.4771253409739573,absolute,single_250
2019-09-12,chemical_energy,FG,1,0.7236791288009923,strongest,single_250
2019-09-12,chemical_energy,MA,-1,-1.7937123765418863,weakest,single_250
2019-09-12,ferrous,RB,1,0.44288567501148834,absolute,single_250
2019-09-12,government_bond,T,1,1.5365067808940667,absolute,single_250
2019-09-20,agriculture,JD,1,1.2516171251352235,strongest,single_250
2019-09-20,agriculture,CF,-1,-2.173734867311162,weakest,single_250
2019-09-20,base_metal,AL,-1,-0.4282484846023184,absolute,single_250
2019-09-20,chemical_energy,FG,1,0.9832178801524436,strongest,single_250
2019-09-20,chemical_energy,MA,-1,-1.947413587191158,weakest,single_250
2019-09-20,ferrous,RB,-1,-0.016726688462170652,absolute,single_250
2019-09-20,government_bond,T,1,1.7129199540433102,absolute,single_250
2019-09-27,agriculture,JD,1,0.9573261897523894,strongest,single_250
2019-09-27,agriculture,CF,-1,-2.429268621617857,weakest,single_250
2019-09-27,base_metal,AL,-1,-0.47541371689259243,absolute,single_250
2019-09-27,chemical_energy,FG,1,1.0454759572323007,strongest,single_250
2019-09-27,chemical_energy,MA,-1,-1.7195745205267667,weakest,single_250
2019-09-27,ferrous,RB,1,0.2897414982841951,absolute,single_250
2019-09-27,government_bond,T,1,1.5116263554153833,absolute,single_250
2019-09-30,agriculture,SR,1,0.873519057994737,strongest,single_250
2019-09-30,agriculture,CF,-1,-2.4459572013407205,weakest,single_250
2019-09-30,base_metal,AL,-1,-0.47541371689259243,absolute,single_250
2019-09-30,chemical_energy,FG,1,1.0950796419082698,strongest,single_250
2019-09-30,chemical_energy,MA,-1,-1.5928967727738632,weakest,single_250
2019-09-30,ferrous,RB,1,0.24696673579843426,absolute,single_250
2019-09-30,government_bond,T,1,1.6238652269527758,absolute,single_250
2019-10-11,agriculture,JD,1,1.0337970159437089,strongest,single_250
2019-10-11,agriculture,CF,-1,-2.1782050242630575,weakest,single_250
2019-10-11,base_metal,AL,-1,-0.738966969592437,absolute,single_250
2019-10-11,chemical_energy,FG,1,1.0307051624145762,strongest,single_250
2019-10-11,chemical_energy,MA,-1,-1.8464600552178596,weakest,single_250
2019-10-11,ferrous,RB,1,0.30508294486701754,absolute,single_250
2019-10-11,government_bond,T,1,1.6339564610844532,absolute,single_250
2019-10-18,agriculture,JD,1,0.8522116453449788,strongest,single_250
2019-10-18,agriculture,CF,-1,-1.869233953539245,weakest,single_250
2019-10-18,base_metal,AL,-1,-0.6628708116916968,absolute,single_250
2019-10-18,chemical_energy,FG,1,1.2579436050453427,strongest,single_250
2019-10-18,chemical_energy,MA,-1,-2.218074951756063,weakest,single_250
2019-10-18,ferrous,RB,1,0.20519437497762938,absolute,single_250
2019-10-18,government_bond,T,1,1.4423575844120153,absolute,single_250
2019-10-25,agriculture,JD,1,1.0148336581387067,strongest,single_250
2019-10-25,agriculture,CF,-1,-1.8000262666230846,weakest,single_250
2019-10-25,base_metal,AL,-1,-0.4307538765880237,absolute,single_250
2019-10-25,chemical_energy,FG,1,1.47209945228959,strongest,single_250
2019-10-25,chemical_energy,MA,-1,-2.376413401160189,weakest,single_250
2019-10-25,ferrous,RB,1,0.1470628176812647,absolute,single_250
2019-10-25,government_bond,T,1,1.184157990664249,absolute,single_250
2019-11-01,agriculture,JD,1,1.088120975506194,strongest,single_250
2019-11-01,agriculture,CF,-1,-1.6210166270031572,weakest,single_250
2019-11-01,base_metal,AL,-1,-0.33452642043300795,absolute,single_250
2019-11-01,chemical_energy,FG,1,1.4070659088806288,strongest,single_250
2019-11-01,chemical_energy,MA,-1,-2.3087648739472635,weakest,single_250
2019-11-01,ferrous,RB,1,0.16557496951025497,absolute,single_250
2019-11-01,government_bond,T,1,1.0876625282139112,absolute,single_250
2019-11-08,agriculture,JD,1,0.7858656236268579,strongest,single_250
2019-11-08,agriculture,CF,-1,-1.4885112940197678,weakest,single_250
2019-11-08,base_metal,AL,-1,-0.10038159692981992,absolute,single_250
2019-11-08,chemical_energy,FG,1,1.3925913446837055,strongest,single_250
2019-11-08,chemical_energy,MA,-1,-2.0284247826977264,weakest,single_250
2019-11-08,ferrous,RB,1,0.16939763283318812,absolute,single_250
2019-11-08,government_bond,T,1,0.9970895068766008,absolute,single_250
2019-11-15,agriculture,SR,1,0.8061030566605429,strongest,single_250
2019-11-15,agriculture,CF,-1,-1.5053748308220865,weakest,single_250
2019-11-15,base_metal,AL,-1,-0.21941235842358905,absolute,single_250
2019-11-15,chemical_energy,FG,1,1.410199042870196,strongest,single_250
2019-11-15,chemical_energy,MA,-1,-1.9525616384176476,weakest,single_250
2019-11-15,ferrous,RB,1,0.645873225762569,absolute,single_250
2019-11-15,government_bond,T,1,1.0988775954447734,absolute,single_250
2019-11-22,agriculture,SR,1,0.8643932723687996,strongest,single_250
2019-11-22,agriculture,CF,-1,-1.5476427849917207,weakest,single_250
2019-11-22,base_metal,AL,1,0.021757780096774947,absolute,single_250
2019-11-22,chemical_energy,FG,1,1.4887220539842072,strongest,single_250
2019-11-22,chemical_energy,MA,-1,-1.807182294391298,weakest,single_250
2019-11-22,ferrous,RB,1,0.9312326886552024,absolute,single_250
2019-11-22,government_bond,T,1,1.1785563574787847,absolute,single_250
2019-11-29,agriculture,SR,1,0.841624984474192,strongest,single_250
2019-11-29,agriculture,CF,-1,-1.5402877773673453,weakest,single_250
2019-11-29,base_metal,AL,1,0.14889886726171686,absolute,single_250
2019-11-29,chemical_energy,FG,1,1.437282107451631,strongest,single_250
2019-11-29,chemical_energy,MA,-1,-1.6176780287530204,weakest,single_250
2019-11-29,ferrous,RB,1,1.0670658211786934,absolute,single_250
2019-11-29,government_bond,T,1,0.9436769797342278,absolute,single_250
2019-12-06,agriculture,P,1,0.941816882419246,strongest,single_250
2019-12-06,agriculture,CF,-1,-1.3140109246010572,weakest,single_250
2019-12-06,base_metal,AL,1,0.06554015351091097,absolute,single_250
2019-12-06,chemical_energy,FG,1,1.3597956726688432,strongest,single_250
2019-12-06,chemical_energy,SP,-1,-1.3498310830549172,weakest,single_250
2019-12-06,ferrous,RB,1,1.3259877164933054,absolute,single_250
2019-12-06,government_bond,T,1,0.8706390156539128,absolute,single_250
2019-12-13,agriculture,SR,1,0.9862770001337926,strongest,single_250
2019-12-13,agriculture,CF,-1,-1.386269241959165,weakest,single_250
2019-12-13,base_metal,AL,1,0.21491444822677544,absolute,single_250
2019-12-13,chemical_energy,FG,1,1.4498836416549354,strongest,single_250
2019-12-13,chemical_energy,MA,-1,-1.2529280017967985,weakest,single_250
2019-12-13,ferrous,RB,1,1.2735810491471125,absolute,single_250
2019-12-13,government_bond,T,1,0.7488804028691959,absolute,single_250
2019-12-20,agriculture,P,1,1.0868466931830043,strongest,single_250
2019-12-20,agriculture,CF,-1,-1.4481896985590037,weakest,single_250
2019-12-20,base_metal,AL,1,0.5856167922174804,absolute,single_250
2019-12-20,chemical_energy,FG,1,1.4900768785974634,strongest,single_250
2019-12-20,chemical_energy,MA,-1,-1.0574580195927072,weakest,single_250
2019-12-20,ferrous,RB,1,1.3458031318765806,absolute,single_250
2019-12-20,government_bond,T,1,0.7288279952227432,absolute,single_250
2019-12-27,agriculture,P,1,1.2987632922926382,strongest,single_250
2019-12-27,agriculture,CF,-1,-1.2722045560561375,weakest,single_250
2019-12-27,base_metal,AL,1,0.4391199959601507,absolute,single_250
2019-12-27,chemical_energy,FG,1,1.502144164442378,strongest,single_250
2019-12-27,chemical_energy,MA,-1,-1.0521026639036701,weakest,single_250
2019-12-27,ferrous,RB,1,1.2459570255990857,absolute,single_250
2019-12-27,government_bond,T,1,1.1001704908346632,absolute,single_250
2020-01-03,agriculture,P,1,1.286363457068529,strongest,single_250
2020-01-03,agriculture,CF,-1,-1.0397567363146665,weakest,single_250
2020-01-03,base_metal,AL,1,0.4451012065401125,absolute,single_250
2020-01-03,chemical_energy,FG,1,1.702867003820804,strongest,single_250
2020-01-03,chemical_energy,MA,-1,-0.8679377847587679,weakest,single_250
2020-01-03,ferrous,RB,1,1.233396116522143,absolute,single_250
2020-01-03,government_bond,T,1,0.9284739747238856,absolute,single_250
2020-01-10,agriculture,SR,1,1.60903678970099,strongest,single_250
2020-01-10,agriculture,CF,-1,-0.8736967694918306,weakest,single_250
2020-01-10,base_metal,AL,1,0.8574512893389625,absolute,single_250
2020-01-10,chemical_energy,FG,1,1.701322262999313,strongest,single_250
2020-01-10,chemical_energy,SP,-1,-0.8930773931268822,weakest,single_250
2020-01-10,ferrous,RB,1,1.3740394143778545,absolute,single_250
2020-01-10,government_bond,T,1,0.6981566425667501,absolute,single_250
2020-01-17,agriculture,SR,1,1.5640109801237732,strongest,single_250
2020-01-17,agriculture,CF,-1,-1.0713493378756112,weakest,single_250
2020-01-17,base_metal,AL,1,0.9493960255110819,absolute,single_250
2020-01-17,chemical_energy,FG,1,1.5687758982407662,strongest,single_250
2020-01-17,chemical_energy,SP,-1,-1.21096378032293,weakest,single_250
2020-01-17,ferrous,RB,1,1.2258726776436388,absolute,single_250
2020-01-17,government_bond,T,1,0.6673779056385893,absolute,single_250
2020-01-23,agriculture,SR,1,1.2522026115205045,strongest,single_250
2020-01-23,agriculture,CF,-1,-1.292792394376049,weakest,single_250
2020-01-23,base_metal,AL,1,0.9309326281227552,absolute,single_250
2020-01-23,chemical_energy,FG,1,1.4106885085009029,strongest,single_250
2020-01-23,chemical_energy,SP,-1,-1.2646520345547312,weakest,single_250
2020-01-23,ferrous,RB,1,1.0670026271886268,absolute,single_250
2020-01-23,government_bond,T,1,1.1787823208055186,absolute,single_250
2020-02-07,agriculture,SR,1,1.1346499964681567,strongest,single_250
2020-02-07,agriculture,CF,-1,-1.3428382112610069,weakest,single_250
2020-02-07,base_metal,AL,1,0.4981061065939804,absolute,single_250
2020-02-07,chemical_energy,FG,1,0.876803277620614,strongest,single_250
2020-02-07,chemical_energy,SP,-1,-1.6328046347730787,weakest,single_250
2020-02-07,ferrous,RB,1,0.5943117132390066,absolute,single_250
2020-02-07,government_bond,T,1,1.4899832661762191,absolute,single_250
2020-02-14,agriculture,SR,1,0.9836245110774384,strongest,single_250
2020-02-14,agriculture,CF,-1,-1.4264214710748637,weakest,single_250
2020-02-14,base_metal,AL,1,0.472662221249017,absolute,single_250
2020-02-14,chemical_energy,FG,1,0.7888991579098905,strongest,single_250
2020-02-14,chemical_energy,SP,-1,-1.4694968237108685,weakest,single_250
2020-02-14,ferrous,RB,1,0.6340386404647187,absolute,single_250
2020-02-14,government_bond,T,1,1.2664637112736996,absolute,single_250
2020-02-21,agriculture,SR,1,0.9355596981405735,strongest,single_250
2020-02-21,agriculture,CF,-1,-1.2791609868349534,weakest,single_250
2020-02-21,base_metal,AL,1,0.40238950493185605,absolute,single_250
2020-02-21,chemical_energy,FG,1,0.7863718676349338,strongest,single_250
2020-02-21,chemical_energy,SP,-1,-1.6027241463100215,weakest,single_250
2020-02-21,ferrous,RB,1,0.6039334710864727,absolute,single_250
2020-02-21,government_bond,T,1,1.2723328344589824,absolute,single_250
2020-02-28,agriculture,SR,1,0.9397299025096991,strongest,single_250
2020-02-28,agriculture,CF,-1,-1.7094306897405718,weakest,single_250
2020-02-28,base_metal,AL,-1,-0.03176952022917587,absolute,single_250
2020-02-28,chemical_energy,FG,1,0.6382984844293897,strongest,single_250
2020-02-28,chemical_energy,SP,-1,-1.8450893980700886,weakest,single_250
2020-02-28,ferrous,RB,1,0.5809310110680334,absolute,single_250
2020-02-28,government_bond,T,1,1.6622328077153086,absolute,single_250
2020-03-06,agriculture,SR,1,0.840806057275912,strongest,single_250
2020-03-06,agriculture,CF,-1,-1.511191660608258,weakest,single_250
2020-03-06,base_metal,AL,-1,-0.2025707056906985,absolute,single_250
2020-03-06,chemical_energy,FG,1,0.6186600124278752,strongest,single_250
2020-03-06,chemical_energy,SP,-1,-1.8268569057436168,weakest,single_250
2020-03-06,ferrous,RB,1,0.6144908750056652,absolute,single_250
2020-03-06,government_bond,T,1,1.9470508272776355,absolute,single_250
2020-03-13,agriculture,SR,1,0.7257493651820555,strongest,single_250
2020-03-13,agriculture,CF,-1,-1.7778270653024846,weakest,single_250
2020-03-13,base_metal,AL,-1,-0.3032811625788333,absolute,single_250
2020-03-13,chemical_energy,FG,1,0.7404209617328219,strongest,single_250
2020-03-13,chemical_energy,MA,-1,-1.9358960398368548,weakest,single_250
2020-03-13,ferrous,RB,1,0.7136835713771885,absolute,single_250
2020-03-13,government_bond,T,1,1.6733756722333988,absolute,single_250
2020-03-20,agriculture,SR,1,0.7123098675794284,strongest,single_250
2020-03-20,agriculture,CF,-1,-2.0015391594263336,weakest,single_250
2020-03-20,base_metal,AL,-1,-0.8768684105021086,absolute,single_250
2020-03-20,chemical_energy,FG,1,0.6589488572127206,strongest,single_250
2020-03-20,chemical_energy,MA,-1,-2.0393530786846092,weakest,single_250
2020-03-20,ferrous,RB,1,0.526841233008422,absolute,single_250
2020-03-20,government_bond,T,1,1.4274691361124412,absolute,single_250
2020-03-27,agriculture,M,1,0.749862700779912,strongest,single_250
2020-03-27,agriculture,CF,-1,-2.080816174984146,weakest,single_250
2020-03-27,base_metal,AL,-1,-1.0709101602187583,absolute,single_250
2020-03-27,chemical_energy,FG,1,0.5382883664502028,strongest,single_250
2020-03-27,chemical_energy,MA,-1,-2.0103010013467,weakest,single_250
2020-03-27,ferrous,RB,1,0.5162019815242489,absolute,single_250
2020-03-27,government_bond,T,1,1.7207389945456473,absolute,single_250
2020-04-03,agriculture,SR,1,0.4968919124448594,strongest,single_250
2020-04-03,agriculture,CF,-1,-2.1403251276901667,weakest,single_250
2020-04-03,base_metal,AL,-1,-1.129445228060078,absolute,single_250
2020-04-03,chemical_energy,FG,1,0.15264572538425156,strongest,single_250
2020-04-03,chemical_energy,MA,-1,-1.9711931147518025,weakest,single_250
2020-04-03,ferrous,RB,1,0.4325691105515547,absolute,single_250
2020-04-03,government_bond,T,1,1.4890204853032012,absolute,single_250
2020-04-10,agriculture,M,1,0.5619786389449595,strongest,single_250
2020-04-10,agriculture,CF,-1,-1.8484895097626979,weakest,single_250
2020-04-10,base_metal,AL,-1,-1.0889677193849745,absolute,single_250
2020-04-10,chemical_energy,FG,1,0.23918675285528948,strongest,single_250
2020-04-10,chemical_energy,MA,-1,-1.6762047472046746,weakest,single_250
2020-04-10,ferrous,RB,1,0.5705928576162462,absolute,single_250
2020-04-10,government_bond,T,1,1.8287413650641993,absolute,single_250
2020-04-17,agriculture,SR,1,0.4409984558669509,strongest,single_250
2020-04-17,agriculture,CF,-1,-1.9688953011075507,weakest,single_250
2020-04-17,base_metal,AL,-1,-0.6874600878623107,absolute,single_250
2020-04-17,chemical_energy,FG,1,0.33758013181218505,strongest,single_250
2020-04-17,chemical_energy,MA,-1,-1.954240002674375,weakest,single_250
2020-04-17,ferrous,RB,1,0.23075516811042343,absolute,single_250
2020-04-17,government_bond,T,1,2.155912188473635,absolute,single_250
2020-04-24,agriculture,M,1,0.30507824487178814,strongest,single_250
2020-04-24,agriculture,CF,-1,-1.957440666503553,weakest,single_250
2020-04-24,base_metal,AL,-1,-0.7879013755318998,absolute,single_250
2020-04-24,chemical_energy,FG,1,0.08203575478561344,strongest,single_250
2020-04-24,chemical_energy,SP,-1,-1.86697708969185,weakest,single_250
2020-04-24,ferrous,RB,1,0.14552754746000024,absolute,single_250
2020-04-24,government_bond,T,1,2.5086978813960856,absolute,single_250
2020-04-30,agriculture,M,1,0.2879343548207287,strongest,single_250
2020-04-30,agriculture,CF,-1,-1.8800057949663116,weakest,single_250
2020-04-30,base_metal,AL,-1,-0.7603715713601662,absolute,single_250
2020-04-30,chemical_energy,FG,1,0.1271737964485581,strongest,single_250
2020-04-30,chemical_energy,SP,-1,-1.8922900264684006,weakest,single_250
2020-04-30,ferrous,RB,1,0.18962079794638845,absolute,single_250
2020-04-30,government_bond,T,1,2.3595192413820163,absolute,single_250
2020-05-08,agriculture,M,1,0.4290961396320671,strongest,single_250
2020-05-08,agriculture,CF,-1,-1.7872204870433708,weakest,single_250
2020-05-08,base_metal,AL,-1,-0.829092704510761,absolute,single_250
2020-05-08,chemical_energy,FG,1,0.30531966129829996,strongest,single_250
2020-05-08,chemical_energy,SP,-1,-1.835702671068285,weakest,single_250
2020-05-08,ferrous,RB,1,0.39413065370117395,absolute,single_250
2020-05-08,government_bond,T,1,2.1574859513921885,absolute,single_250
2020-05-15,agriculture,M,1,0.2530795196441717,strongest,single_250
2020-05-15,agriculture,CF,-1,-1.780337703962765,weakest,single_250
2020-05-15,base_metal,AL,-1,-0.5991157642226221,absolute,single_250
2020-05-15,chemical_energy,FG,1,0.49237258314891386,strongest,single_250
2020-05-15,chemical_energy,MA,-1,-1.6906157133266162,weakest,single_250
2020-05-15,ferrous,RB,1,0.3368434793883606,absolute,single_250
2020-05-15,government_bond,T,1,1.8811393454113203,absolute,single_250
2020-05-22,agriculture,M,1,0.2232061011307943,strongest,single_250
2020-05-22,agriculture,CF,-1,-1.2910709107988558,weakest,single_250
2020-05-22,base_metal,AL,-1,-0.5921918137723595,absolute,single_250
2020-05-22,chemical_energy,FG,1,0.46093349302720765,strongest,single_250
2020-05-22,chemical_energy,MA,-1,-1.6861059316898221,weakest,single_250
2020-05-22,ferrous,RB,1,0.5432875926280113,absolute,single_250
2020-05-22,government_bond,T,1,1.8582076171153359,absolute,single_250
2020-05-29,agriculture,M,1,0.07246958719220804,strongest,single_250
2020-05-29,agriculture,CF,-1,-1.374499861802059,weakest,single_250
2020-05-29,base_metal,AL,-1,-0.3740582684615004,absolute,single_250
2020-05-29,chemical_energy,FG,1,0.5279295939729557,strongest,single_250
2020-05-29,chemical_energy,MA,-1,-1.9694814325510515,weakest,single_250
2020-05-29,ferrous,RB,1,0.2875490678485804,absolute,single_250
2020-05-29,government_bond,T,1,1.6504976342332958,absolute,single_250
2020-06-05,agriculture,SR,1,0.3706328211486624,strongest,single_250
2020-06-05,agriculture,JD,-1,-1.4875698065951766,weakest,single_250
2020-06-05,base_metal,AL,-1,-0.3890245236194458,absolute,single_250
2020-06-05,chemical_energy,FG,1,0.636827455006455,strongest,single_250
2020-06-05,chemical_energy,MA,-1,-1.7035169721483128,weakest,single_250
2020-06-05,ferrous,RB,1,0.4288986343257917,absolute,single_250
2020-06-05,government_bond,T,1,1.3712728317299356,absolute,single_250
2020-06-12,agriculture,SR,1,0.2670143123835348,strongest,single_250
2020-06-12,agriculture,JD,-1,-1.8504789976329674,weakest,single_250
2020-06-12,base_metal,AL,-1,-0.005751635407541594,absolute,single_250
2020-06-12,chemical_energy,FG,1,0.7744319122644004,strongest,single_250
2020-06-12,chemical_energy,MA,-1,-1.605725755570113,weakest,single_250
2020-06-12,ferrous,RB,1,0.606362048605809,absolute,single_250
2020-06-12,government_bond,T,1,1.3668463618721338,absolute,single_250
2020-06-19,agriculture,P,1,0.34824467559007716,strongest,single_250
2020-06-19,agriculture,JD,-1,-1.6917272293319159,weakest,single_250
2020-06-19,base_metal,AL,1,0.11975348300250496,absolute,single_250
2020-06-19,chemical_energy,FG,1,0.4686150145209747,strongest,single_250
2020-06-19,chemical_energy,MA,-1,-1.4960151873658163,weakest,single_250
2020-06-19,ferrous,RB,1,0.5962293047040412,absolute,single_250
2020-06-19,government_bond,T,1,1.2985939508350675,absolute,single_250
2020-06-24,agriculture,P,1,0.29840592096549295,strongest,single_250
2020-06-24,agriculture,JD,-1,-1.69472806955487,weakest,single_250
2020-06-24,base_metal,AL,1,0.17688950851763163,absolute,single_250
2020-06-24,chemical_energy,FG,1,0.5586158294448226,strongest,single_250
2020-06-24,chemical_energy,MA,-1,-1.563133552754949,weakest,single_250
2020-06-24,ferrous,RB,1,0.6670862241146418,absolute,single_250
2020-06-24,government_bond,T,1,1.1400288193838957,absolute,single_250
2020-07-03,agriculture,SR,1,0.33003550848960234,strongest,single_250
2020-07-03,agriculture,JD,-1,-1.5192573085468515,weakest,single_250
2020-07-03,base_metal,AL,1,0.4187267075590612,absolute,single_250
2020-07-03,chemical_energy,FG,1,0.4576879833323292,strongest,single_250
2020-07-03,chemical_energy,MA,-1,-1.6013895381596297,weakest,single_250
2020-07-03,ferrous,RB,1,0.3740431556502987,absolute,single_250
2020-07-03,government_bond,T,1,1.183937117661237,absolute,single_250
2020-07-10,agriculture,SR,1,0.41157539700547935,strongest,single_250
2020-07-10,agriculture,JD,-1,-1.6783641639776357,weakest,single_250
2020-07-10,base_metal,AL,1,0.6426879759825167,absolute,single_250
2020-07-10,chemical_energy,FG,1,0.5981093411753876,strongest,single_250
2020-07-10,chemical_energy,MA,-1,-1.4822829099330044,weakest,single_250
2020-07-10,ferrous,RB,1,0.1825469627316648,absolute,single_250
2020-07-10,government_bond,T,1,0.7227168387123072,absolute,single_250
2020-07-17,agriculture,P,1,0.6279817680219091,strongest,single_250
2020-07-17,agriculture,JD,-1,-1.7265649687033457,weakest,single_250
2020-07-17,base_metal,AL,1,0.4747605201478215,absolute,single_250
2020-07-17,chemical_energy,FG,1,1.049355446522698,strongest,single_250
2020-07-17,chemical_energy,MA,-1,-1.4757395184792976,weakest,single_250
2020-07-17,ferrous,RB,1,0.40509485211968355,absolute,single_250
2020-07-17,government_bond,T,1,0.7833641223788146,absolute,single_250
2020-07-24,agriculture,C,1,0.878966364566493,strongest,single_250
2020-07-24,agriculture,AP,-1,-1.529682499027337,weakest,single_250
2020-07-24,base_metal,AL,1,0.55558912550184,absolute,single_250
2020-07-24,chemical_energy,FG,1,1.0742838974064228,strongest,single_250
2020-07-24,chemical_energy,MA,-1,-1.450064145347213,weakest,single_250
2020-07-24,ferrous,RB,1,0.3804124116972956,absolute,single_250
2020-07-24,government_bond,T,1,0.9725144145757478,absolute,single_250
2020-07-31,agriculture,C,1,1.152993243732176,strongest,single_250
2020-07-31,agriculture,JD,-1,-1.6692108031841333,weakest,single_250
2020-07-31,base_metal,AL,1,0.8131497237559706,absolute,single_250
2020-07-31,chemical_energy,FG,1,1.2471969731905919,strongest,single_250
2020-07-31,chemical_energy,SC,-1,-1.3435367233924826,weakest,single_250
2020-07-31,ferrous,RB,1,0.5509888239123993,absolute,single_250
2020-07-31,government_bond,T,1,0.5908851189021183,absolute,single_250
2020-08-07,agriculture,P,1,0.8477625854300199,strongest,single_250
2020-08-07,agriculture,AP,-1,-1.699960178421368,weakest,single_250
2020-08-07,base_metal,AL,1,0.7328006208470544,absolute,single_250
2020-08-07,chemical_energy,FG,1,1.9272376035453607,strongest,single_250
2020-08-07,chemical_energy,SC,-1,-1.4081244107868154,weakest,single_250
2020-08-07,ferrous,RB,1,0.741071171793017,absolute,single_250
2020-08-07,government_bond,T,1,0.6573761107042888,absolute,single_250
2020-08-14,agriculture,C,1,1.0267693184960016,strongest,single_250
2020-08-14,agriculture,JD,-1,-1.871791797025226,weakest,single_250
2020-08-14,base_metal,AL,1,0.6494874895504915,absolute,single_250
2020-08-14,chemical_energy,FG,1,1.8910859428410305,strongest,single_250
2020-08-14,chemical_energy,SC,-1,-1.36848490038824,weakest,single_250
2020-08-14,ferrous,RB,1,0.883147500867887,absolute,single_250
2020-08-14,government_bond,T,1,0.5829699817613095,absolute,single_250
2020-08-21,agriculture,C,1,1.3408308724281066,strongest,single_250
2020-08-21,agriculture,JD,-1,-1.8354428313820073,weakest,single_250
2020-08-21,base_metal,AL,1,0.6479353033770495,absolute,single_250
2020-08-21,chemical_energy,FG,1,1.393864495878109,strongest,single_250
2020-08-21,chemical_energy,SC,-1,-1.3040256483833967,weakest,single_250
2020-08-21,ferrous,RB,1,0.9874090071602953,absolute,single_250
2020-08-21,government_bond,T,1,0.42450311669414603,absolute,single_250
2020-08-28,agriculture,C,1,1.3208029217251633,strongest,single_250
2020-08-28,agriculture,JD,-1,-1.8802569226956336,weakest,single_250
2020-08-28,base_metal,AL,1,0.5348155754629602,absolute,single_250
2020-08-28,chemical_energy,FG,1,1.5317361157654616,strongest,single_250
2020-08-28,chemical_energy,SC,-1,-1.3121436123994545,weakest,single_250
2020-08-28,ferrous,RB,1,0.9131458504210158,absolute,single_250
2020-08-28,government_bond,T,1,0.266033588936755,absolute,single_250
2020-09-04,agriculture,C,1,1.2892382504079933,strongest,single_250
2020-09-04,agriculture,JD,-1,-2.359846397005623,weakest,single_250
2020-09-04,base_metal,AL,1,0.45254843532676814,absolute,single_250
2020-09-04,chemical_energy,FG,1,1.3842242212838476,strongest,single_250
2020-09-04,chemical_energy,SC,-1,-1.3609354449059539,weakest,single_250
2020-09-04,ferrous,RB,1,1.1275579672887197,absolute,single_250
2020-09-04,government_bond,T,1,0.2686803120835905,absolute,single_250
2020-09-11,agriculture,C,1,1.8990156369024993,strongest,single_250
2020-09-11,agriculture,JD,-1,-2.3032936320865267,weakest,single_250
2020-09-11,base_metal,AL,1,0.3599042059123631,absolute,single_250
2020-09-11,chemical_energy,FG,1,1.3026470503236978,strongest,single_250
2020-09-11,chemical_energy,SC,-1,-1.699267248797183,weakest,single_250
2020-09-11,ferrous,RB,1,0.9554053187089802,absolute,single_250
2020-09-11,government_bond,T,1,0.321843961243004,absolute,single_250
2020-09-18,agriculture,C,1,2.142650015715399,strongest,single_250
2020-09-18,agriculture,JD,-1,-2.3033722421922795,weakest,single_250
2020-09-18,base_metal,AL,1,0.5273391255202364,absolute,single_250
2020-09-18,chemical_energy,FG,1,1.0290560008638625,strongest,single_250
2020-09-18,chemical_energy,SC,-1,-1.6907515535394455,weakest,single_250
2020-09-18,ferrous,RB,1,0.7243228923843423,absolute,single_250
2020-09-18,government_bond,T,1,0.24991397382003788,absolute,single_250
2020-09-25,agriculture,C,1,1.9267848073570262,strongest,single_250
2020-09-25,agriculture,JD,-1,-2.417023487222953,weakest,single_250
2020-09-25,base_metal,AL,1,0.3145150672657412,absolute,single_250
2020-09-25,chemical_energy,FG,1,0.9336322401301161,strongest,single_250
2020-09-25,chemical_energy,SC,-1,-2.200308193366159,weakest,single_250
2020-09-25,ferrous,RB,1,0.5389110916432156,absolute,single_250
2020-09-25,government_bond,T,1,0.4611503552105112,absolute,single_250
2020-09-30,agriculture,C,1,2.146250104839953,strongest,single_250
2020-09-30,agriculture,JD,-1,-2.3684931588428504,weakest,single_250
2020-09-30,base_metal,AL,1,0.41905307712259765,absolute,single_250
2020-09-30,chemical_energy,FG,1,1.1870810289146947,strongest,single_250
2020-09-30,chemical_energy,SC,-1,-2.1159268310660306,weakest,single_250
2020-09-30,ferrous,RB,1,0.841137319658295,absolute,single_250
2020-09-30,government_bond,T,1,0.3560689160844664,absolute,single_250
2020-10-09,agriculture,C,1,2.3289547480672197,strongest,single_250
2020-10-09,agriculture,JD,-1,-2.2277517027178355,weakest,single_250
2020-10-09,base_metal,AL,1,0.5539044884582912,absolute,single_250
2020-10-09,chemical_energy,FG,1,1.2040879870598993,strongest,single_250
2020-10-09,chemical_energy,SC,-1,-2.0534949864850787,weakest,single_250
2020-10-09,ferrous,RB,1,0.7715761167972741,absolute,single_250
2020-10-09,government_bond,T,1,0.2937241197960598,absolute,single_250
2020-10-16,agriculture,C,1,2.6024582674282697,strongest,single_250
2020-10-16,agriculture,JD,-1,-2.2481132164952653,weakest,single_250
2020-10-16,base_metal,AL,1,0.7908553636513685,absolute,single_250
2020-10-16,chemical_energy,FG,1,1.065392064509629,strongest,single_250
2020-10-16,chemical_energy,SC,-1,-1.9491679932829364,weakest,single_250
2020-10-16,ferrous,RB,1,0.8407984063900523,absolute,single_250
2020-10-16,government_bond,T,1,0.36067449056536105,absolute,single_250
2020-10-23,agriculture,C,1,2.4988042662760264,strongest,single_250
2020-10-23,agriculture,JD,-1,-2.294729807704972,weakest,single_250
2020-10-23,base_metal,AL,1,0.9205759855878486,absolute,single_250
2020-10-23,chemical_energy,FG,1,1.0202726409735807,strongest,single_250
2020-10-23,chemical_energy,SC,-1,-2.2378299036198626,weakest,single_250
2020-10-23,ferrous,RB,1,1.0160093727135586,absolute,single_250
2020-10-23,government_bond,T,1,0.49091963061348587,absolute,single_250
2020-10-30,agriculture,C,1,2.652359311339028,strongest,single_250
2020-10-30,agriculture,JD,-1,-2.613629017457352,weakest,single_250
2020-10-30,base_metal,AL,1,0.8143333892458137,absolute,single_250
2020-10-30,chemical_energy,FG,1,0.9515498533778286,strongest,single_250
2020-10-30,chemical_energy,SC,-1,-2.385474170917612,weakest,single_250
2020-10-30,ferrous,RB,1,1.2638138071659866,absolute,single_250
2020-10-30,government_bond,T,1,0.6074650518249612,absolute,single_250
2020-11-06,agriculture,C,1,2.259035634834935,strongest,single_250
2020-11-06,agriculture,JD,-1,-2.9262719537599735,weakest,single_250
2020-11-06,base_metal,AL,1,0.9888456401455877,absolute,single_250
2020-11-06,chemical_energy,FG,1,1.0411892325314607,strongest,single_250
2020-11-06,chemical_energy,SC,-1,-2.402865360698308,weakest,single_250
2020-11-06,ferrous,RB,1,1.3323498976698807,absolute,single_250
2020-11-06,government_bond,T,1,0.6888559703205347,absolute,single_250
2020-11-13,agriculture,C,1,2.21912836967726,strongest,single_250
2020-11-13,agriculture,JD,-1,-3.0478793095996273,weakest,single_250
2020-11-13,base_metal,AL,1,1.242295773823618,absolute,single_250
2020-11-13,chemical_energy,FG,1,1.2814764676420793,strongest,single_250
2020-11-13,chemical_energy,SC,-1,-2.19650267754333,weakest,single_250
2020-11-13,ferrous,RB,1,1.3261493842593166,absolute,single_250
2020-11-13,government_bond,T,1,0.5907113507389612,absolute,single_250
2020-11-20,agriculture,C,1,2.42913285450918,strongest,single_250
2020-11-20,agriculture,JD,-1,-2.8500961821463613,weakest,single_250
2020-11-20,base_metal,AL,1,1.4380802398984875,absolute,single_250
2020-11-20,chemical_energy,FG,1,1.417161298873068,strongest,single_250
2020-11-20,chemical_energy,SC,-1,-2.185930677401925,weakest,single_250
2020-11-20,ferrous,RB,1,1.5629117690126226,absolute,single_250
2020-11-20,government_bond,T,1,0.3580588432756258,absolute,single_250
2020-11-27,agriculture,C,1,2.3127951236739754,strongest,single_250
2020-11-27,agriculture,JD,-1,-2.874669364822933,weakest,single_250
2020-11-27,base_metal,AL,1,1.5870766519821868,absolute,single_250
2020-11-27,chemical_energy,FG,1,1.3077984016177715,strongest,single_250
2020-11-27,chemical_energy,SC,-1,-1.9927254682088755,weakest,single_250
2020-11-27,ferrous,RB,1,1.1793442535047838,absolute,single_250
2020-11-27,government_bond,T,1,0.28084705474783594,absolute,single_250
2020-12-04,agriculture,C,1,2.3367875864170875,strongest,single_250
2020-12-04,agriculture,JD,-1,-2.6869434419041203,weakest,single_250
2020-12-04,base_metal,AL,1,1.5934344128782274,absolute,single_250
2020-12-04,chemical_energy,FG,1,1.483165982908298,strongest,single_250
2020-12-04,chemical_energy,SC,-1,-2.002284022199904,weakest,single_250
2020-12-04,ferrous,RB,1,0.9195962726014765,absolute,single_250
2020-12-04,government_bond,T,1,0.37447565312813896,absolute,single_250
2020-12-11,agriculture,C,1,2.2290044451244575,strongest,single_250
2020-12-11,agriculture,JD,-1,-2.4319797424406335,weakest,single_250
2020-12-11,base_metal,AL,1,1.3943633976610565,absolute,single_250
2020-12-11,chemical_energy,FG,1,1.7050767817383747,strongest,single_250
2020-12-11,chemical_energy,SC,-1,-1.9703329193809542,weakest,single_250
2020-12-11,ferrous,RB,1,1.3494814148132754,absolute,single_250
2020-12-11,government_bond,T,1,0.3763845906600276,absolute,single_250
2020-12-18,agriculture,C,1,2.2396277754826452,strongest,single_250
2020-12-18,agriculture,JD,-1,-2.065196979803881,weakest,single_250
2020-12-18,base_metal,AL,1,1.6626546571205771,absolute,single_250
2020-12-18,chemical_energy,FG,1,1.7982519237948538,strongest,single_250
2020-12-18,chemical_energy,SC,-1,-2.0008072058347053,weakest,single_250
2020-12-18,ferrous,RB,1,1.6489998239154524,absolute,single_250
2020-12-18,government_bond,T,1,0.3478799826665089,absolute,single_250
2020-12-25,agriculture,C,1,2.450887784394913,strongest,single_250
2020-12-25,agriculture,AP,-1,-1.9922555822427117,weakest,single_250
2020-12-25,base_metal,AL,1,1.2879553224437204,absolute,single_250
2020-12-25,chemical_energy,FG,1,1.6444411140541086,strongest,single_250
2020-12-25,chemical_energy,SC,-1,-2.0615753673676274,weakest,single_250
2020-12-25,ferrous,RB,1,1.665125712361703,absolute,single_250
2020-12-25,government_bond,T,1,0.5062791188092041,absolute,single_250
2020-12-31,agriculture,C,1,2.685535875804178,strongest,single_250
2020-12-31,agriculture,AP,-1,-1.9313281004466147,weakest,single_250
2020-12-31,base_metal,AL,1,0.9988093568586883,absolute,single_250
2020-12-31,chemical_energy,FG,1,1.4540060785908935,strongest,single_250
2020-12-31,chemical_energy,SC,-1,-2.1956808324513184,weakest,single_250
2020-12-31,ferrous,RB,1,1.6479011803391759,absolute,single_250
2020-12-31,government_bond,T,1,0.508652041764041,absolute,single_250
2021-01-08,agriculture,C,1,2.8935121021085273,strongest,single_250
2021-01-08,agriculture,AP,-1,-2.045078202336897,weakest,single_250
2021-01-08,base_metal,AL,1,0.9927144734672377,absolute,single_250
2021-01-08,chemical_energy,SP,1,1.5370187180017625,strongest,single_250
2021-01-08,chemical_energy,SC,-1,-1.9623200860232948,weakest,single_250
2021-01-08,ferrous,RB,1,1.7393581709668495,absolute,single_250
2021-01-08,government_bond,T,1,0.4250444639129714,absolute,single_250
2021-01-15,agriculture,C,1,2.974263198455807,strongest,single_250
2021-01-15,agriculture,AP,-1,-1.9338721289846463,weakest,single_250
2021-01-15,base_metal,AL,1,0.7850525641933452,absolute,single_250
2021-01-15,chemical_energy,SP,1,1.7061507578410269,strongest,single_250
2021-01-15,chemical_energy,SC,-1,-2.2321616355778526,weakest,single_250
2021-01-15,ferrous,RB,1,1.484185261122193,absolute,single_250
2021-01-15,government_bond,T,1,0.4229878148732078,absolute,single_250
2021-01-22,agriculture,C,1,2.7630690960182664,strongest,single_250
2021-01-22,agriculture,AP,-1,-1.8100718496945274,weakest,single_250
2021-01-22,base_metal,AL,1,0.8222238541278484,absolute,single_250
2021-01-22,chemical_energy,SP,1,1.4730843856290778,strongest,single_250
2021-01-22,chemical_energy,SC,-1,-2.0306456789824323,weakest,single_250
2021-01-22,ferrous,RB,1,1.410683504076987,absolute,single_250
2021-01-22,government_bond,T,1,0.449758060130058,absolute,single_250
2021-01-29,agriculture,C,1,2.2472040566361113,strongest,single_250
2021-01-29,agriculture,AP,-1,-1.8767318097184722,weakest,single_250
2021-01-29,base_metal,AL,1,0.7677489033874327,absolute,single_250
2021-01-29,chemical_energy,SP,1,1.8235206914356754,strongest,single_250
2021-01-29,chemical_energy,SC,-1,-1.9284962713631328,weakest,single_250
2021-01-29,ferrous,RB,1,1.245432362807879,absolute,single_250
2021-01-29,government_bond,T,1,0.2087805941308432,absolute,single_250
2021-02-05,agriculture,C,1,2.5484801964581334,strongest,single_250
2021-02-05,agriculture,AP,-1,-1.7385865820611268,weakest,single_250
2021-02-05,base_metal,AL,1,1.210492621457287,absolute,single_250
2021-02-05,chemical_energy,SP,1,2.001764026206017,strongest,single_250
2021-02-05,chemical_energy,SC,-1,-1.2673471690204674,weakest,single_250
2021-02-05,ferrous,RB,1,1.8112041233439806,absolute,single_250
2021-02-05,government_bond,T,-1,-0.3693011986441289,absolute,single_250
2021-02-10,agriculture,C,1,2.350924247730898,strongest,single_250
2021-02-10,agriculture,AP,-1,-1.6802249089458186,weakest,single_250
2021-02-10,base_metal,AL,1,1.2927918143460382,absolute,single_250
2021-02-10,chemical_energy,SP,1,2.2419350598826244,strongest,single_250
2021-02-10,chemical_energy,SC,-1,-1.248446415794077,weakest,single_250
2021-02-10,ferrous,RB,1,1.9529992903251836,absolute,single_250
2021-02-10,government_bond,T,-1,-0.4914986761612684,absolute,single_250
2021-02-19,agriculture,C,1,2.511154117891656,strongest,single_250
2021-02-19,agriculture,AP,-1,-1.585334697342096,weakest,single_250
2021-02-19,base_metal,AL,1,1.4592157183188519,absolute,single_250
2021-02-19,chemical_energy,SP,1,2.378633740931444,strongest,single_250
2021-02-19,chemical_energy,SC,-1,-1.026860262483041,weakest,single_250
2021-02-19,ferrous,RB,1,2.016303725104412,absolute,single_250
2021-02-19,government_bond,T,-1,-0.4136860677226824,absolute,single_250
2021-02-26,agriculture,C,1,2.4002056853838334,strongest,single_250
2021-02-26,agriculture,AP,-1,-1.7111609491998427,weakest,single_250
2021-02-26,base_metal,AL,1,1.7612921880201815,absolute,single_250
2021-02-26,chemical_energy,SP,1,2.703412116568138,strongest,single_250
2021-02-26,chemical_energy,SC,-1,-0.9348998636212948,weakest,single_250
2021-02-26,ferrous,RB,1,2.224060898652398,absolute,single_250
2021-02-26,government_bond,T,-1,-0.4580954624009837,absolute,single_250
2021-03-05,agriculture,C,1,2.459345117404989,strongest,single_250
2021-03-05,agriculture,AP,-1,-2.0951368855768004,weakest,single_250
2021-03-05,base_metal,AL,1,1.6454425029026098,absolute,single_250
2021-03-05,chemical_energy,SP,1,2.3576226553353785,strongest,single_250
2021-03-05,chemical_energy,SC,-1,-0.7326885358834146,weakest,single_250
2021-03-05,ferrous,RB,1,2.0189262677782724,absolute,single_250
2021-03-05,government_bond,T,-1,-0.38978558271569913,absolute,single_250
2021-03-12,agriculture,P,1,2.1055102199113467,strongest,single_250
2021-03-12,agriculture,AP,-1,-1.996579619264244,weakest,single_250
2021-03-12,base_metal,AL,1,1.7395876435734683,absolute,single_250
2021-03-12,chemical_energy,SP,1,2.4564729155342397,strongest,single_250
2021-03-12,chemical_energy,SC,-1,-0.5672968417044619,weakest,single_250
2021-03-12,ferrous,RB,1,2.116151660187375,absolute,single_250
2021-03-12,government_bond,T,-1,-0.5187542372072362,absolute,single_250
2021-03-19,agriculture,P,1,1.9797173567634376,strongest,single_250
2021-03-19,agriculture,AP,-1,-2.0699752738242356,weakest,single_250
2021-03-19,base_metal,AL,1,1.8952799369412145,absolute,single_250
2021-03-19,chemical_energy,SP,1,2.0515340020392223,strongest,single_250
2021-03-19,chemical_energy,SC,-1,-0.38482793070923327,weakest,single_250
2021-03-19,ferrous,RB,1,2.0337431034465774,absolute,single_250
2021-03-19,government_bond,T,-1,-0.5941277061660292,absolute,single_250
2021-03-26,agriculture,C,1,1.998704634027338,strongest,single_250
2021-03-26,agriculture,AP,-1,-2.1545793576949324,weakest,single_250
2021-03-26,base_metal,AL,1,1.945480774173292,absolute,single_250
2021-03-26,chemical_energy,FG,1,2.2272777893711795,strongest,single_250
2021-03-26,ferrous,RB,1,2.132339812111073,absolute,single_250
2021-03-26,government_bond,T,-1,-0.35018476027632095,absolute,single_250
2021-04-02,agriculture,P,1,1.889071857933965,strongest,single_250
2021-04-02,agriculture,AP,-1,-2.073892659962162,weakest,single_250
2021-04-02,base_metal,AL,1,2.520623718677804,absolute,single_250
2021-04-02,chemical_energy,FG,1,2.3132501366222797,strongest,single_250
2021-04-02,ferrous,RB,1,2.572394086237804,absolute,single_250
2021-04-02,government_bond,T,-1,-0.5631260645312323,absolute,single_250
2021-04-09,agriculture,P,1,1.8300909540006185,strongest,single_250
2021-04-09,agriculture,AP,-1,-2.06928592398098,weakest,single_250
2021-04-09,base_metal,AL,1,2.50041938665081,absolute,single_250
2021-04-09,chemical_energy,FG,1,2.1884345989698444,strongest,single_250
2021-04-09,ferrous,RB,1,2.6490764868130166,absolute,single_250
2021-04-09,government_bond,T,-1,-0.68854057122097,absolute,single_250
2021-04-16,agriculture,P,1,2.033495070653371,strongest,single_250
2021-04-16,agriculture,AP,-1,-2.1340231845522406,weakest,single_250
2021-04-16,base_metal,AL,1,2.5942390656120917,absolute,single_250
2021-04-16,chemical_energy,FG,1,2.650994122109401,strongest,single_250
2021-04-16,chemical_energy,SC,-1,-0.01337940071288376,weakest,single_250
2021-04-16,ferrous,RB,1,2.72919439558364,absolute,single_250
2021-04-16,government_bond,T,-1,-0.7394294431545294,absolute,single_250
2021-04-23,agriculture,P,1,2.36562776348945,strongest,single_250
2021-04-23,agriculture,AP,-1,-2.0926196117009725,weakest,single_250
2021-04-23,base_metal,AL,1,2.652282853334096,absolute,single_250
2021-04-23,chemical_energy,FG,1,2.798515147104833,strongest,single_250
2021-04-23,chemical_energy,SC,-1,-0.021281564291610114,weakest,single_250
2021-04-23,ferrous,RB,1,2.719044552149549,absolute,single_250
2021-04-23,government_bond,T,-1,-0.684694453795667,absolute,single_250
2021-04-30,agriculture,P,1,2.330242816433122,strongest,single_250
2021-04-30,agriculture,AP,-1,-1.9521515660323268,weakest,single_250
2021-04-30,base_metal,AL,1,2.752410756178453,absolute,single_250
2021-04-30,chemical_energy,FG,1,3.1192717731230526,strongest,single_250
2021-04-30,ferrous,RB,1,2.8559400529038186,absolute,single_250
2021-04-30,government_bond,T,-1,-0.6462987358150157,absolute,single_250
2021-05-07,agriculture,P,1,2.5759945984863495,strongest,single_250
2021-05-07,agriculture,AP,-1,-2.194831439664798,weakest,single_250
2021-05-07,base_metal,AL,1,2.943912500363697,absolute,single_250
2021-05-07,chemical_energy,FG,1,3.346255941449089,strongest,single_250
2021-05-07,ferrous,RB,1,3.070834922368654,absolute,single_250
2021-05-07,government_bond,T,-1,-0.9354750525827665,absolute,single_250
2021-05-14,agriculture,P,1,2.6025057479499476,strongest,single_250
2021-05-14,agriculture,AP,-1,-2.8861351621520903,weakest,single_250
2021-05-14,base_metal,AL,1,2.537677838535499,absolute,single_250
2021-05-14,chemical_energy,FG,1,3.323724420562429,strongest,single_250
2021-05-14,ferrous,RB,1,2.5317742373478267,absolute,single_250
2021-05-14,government_bond,T,-1,-0.791354153120445,absolute,single_250
2021-05-21,agriculture,P,1,2.3232485383195005,strongest,single_250
2021-05-21,agriculture,AP,-1,-2.664166807154021,weakest,single_250
2021-05-21,base_metal,AL,1,2.308704870967232,absolute,single_250
2021-05-21,chemical_energy,FG,1,2.6192503522942903,strongest,single_250
2021-05-21,ferrous,RB,1,1.7722145096642394,absolute,single_250
2021-05-21,government_bond,T,-1,-0.3085283254965159,absolute,single_250
2021-05-28,agriculture,P,1,2.172277414917894,strongest,single_250
2021-05-28,agriculture,AP,-1,-2.5633165088256473,weakest,single_250
2021-05-28,base_metal,AL,1,2.107753663655438,absolute,single_250
2021-05-28,chemical_energy,FG,1,2.6526838194734434,strongest,single_250
2021-05-28,ferrous,RB,1,1.4239595149099602,absolute,single_250
2021-05-28,government_bond,T,-1,-0.2705418044858236,absolute,single_250
2021-06-04,agriculture,P,1,2.2561408006621377,strongest,single_250
2021-06-04,agriculture,AP,-1,-2.403046681424978,weakest,single_250
2021-06-04,base_metal,AL,1,1.9498244211844138,absolute,single_250
2021-06-04,chemical_energy,FG,1,2.6495622086852966,strongest,single_250
2021-06-04,ferrous,RB,1,1.6640908551152536,absolute,single_250
2021-06-04,government_bond,T,-1,-0.38605079790136704,absolute,single_250
2021-06-11,agriculture,C,1,1.8800368802247398,strongest,single_250
2021-06-11,agriculture,AP,-1,-2.359923746958662,weakest,single_250
2021-06-11,base_metal,AL,1,2.1460689113731424,absolute,single_250
2021-06-11,chemical_energy,FG,1,2.649554352214127,strongest,single_250
2021-06-11,ferrous,RB,1,1.6351023917861782,absolute,single_250
2021-06-11,government_bond,T,-1,-0.34006319752710995,absolute,single_250
2021-06-18,agriculture,C,1,1.4540028471057693,strongest,single_250
2021-06-18,agriculture,AP,-1,-2.188553038710911,weakest,single_250
2021-06-18,base_metal,AL,1,1.7718959641899839,absolute,single_250
2021-06-18,chemical_energy,FG,1,2.439683176756258,strongest,single_250
2021-06-18,ferrous,RB,1,1.3899525894031561,absolute,single_250
2021-06-18,government_bond,T,-1,-0.20183535996218133,absolute,single_250
2021-06-25,agriculture,P,1,1.6047286340934328,strongest,single_250
2021-06-25,agriculture,AP,-1,-2.1252852410489296,weakest,single_250
2021-06-25,base_metal,AL,1,1.8715465102391966,absolute,single_250
2021-06-25,chemical_energy,FG,1,2.748157078983582,strongest,single_250
2021-06-25,ferrous,RB,1,1.4093705414690363,absolute,single_250
2021-06-25,government_bond,T,-1,-0.3091291886481605,absolute,single_250
2021-07-02,agriculture,P,1,1.7288729236048943,strongest,single_250
2021-07-02,agriculture,AP,-1,-1.9875621637717809,weakest,single_250
2021-07-02,base_metal,AL,1,1.7800799154171765,absolute,single_250
2021-07-02,chemical_energy,FG,1,2.7083567270665054,strongest,single_250
2021-07-02,ferrous,RB,1,1.412554062766361,absolute,single_250
2021-07-02,government_bond,T,-1,-0.017820254443834525,absolute,single_250
2021-07-09,agriculture,P,1,1.9104672146744752,strongest,single_250
2021-07-09,agriculture,AP,-1,-1.9918693954177462,weakest,single_250
2021-07-09,base_metal,AL,1,1.6705375148047206,absolute,single_250
2021-07-09,chemical_energy,FG,1,2.7359016130868565,strongest,single_250
2021-07-09,ferrous,RB,1,1.698106496300511,absolute,single_250
2021-07-09,government_bond,T,1,0.08957391379014057,absolute,single_250
2021-07-16,agriculture,P,1,1.9726650702512811,strongest,single_250
2021-07-16,agriculture,AP,-1,-2.136084965315398,weakest,single_250
2021-07-16,base_metal,AL,1,1.7976766750747455,absolute,single_250
2021-07-16,chemical_energy,FG,1,2.913884859645674,strongest,single_250
2021-07-16,ferrous,RB,1,1.6881043333146448,absolute,single_250
2021-07-16,government_bond,T,1,0.8055354494872656,absolute,single_250
2021-07-23,agriculture,P,1,1.9993926458374416,strongest,single_250
2021-07-23,agriculture,AP,-1,-2.059204724523502,weakest,single_250
2021-07-23,base_metal,AL,1,1.6692396537839995,absolute,single_250
2021-07-23,chemical_energy,FG,1,2.7156306571601254,strongest,single_250
2021-07-23,ferrous,RB,1,1.7414632290933825,absolute,single_250
2021-07-23,government_bond,T,1,0.7651311841260817,absolute,single_250
2021-07-30,agriculture,P,1,1.999746366281252,strongest,single_250
2021-07-30,agriculture,AP,-1,-1.938011671662329,weakest,single_250
2021-07-30,base_metal,AL,1,1.8998800727338336,absolute,single_250
2021-07-30,chemical_energy,FG,1,2.2681848227313255,strongest,single_250
2021-07-30,ferrous,RB,1,1.7608133672979163,absolute,single_250
2021-07-30,government_bond,T,1,0.7143387011958484,absolute,single_250
2021-08-06,agriculture,P,1,1.8570658864998975,strongest,single_250
2021-08-06,agriculture,AP,-1,-1.6949279605687448,weakest,single_250
2021-08-06,base_metal,AL,1,1.7548330709388122,absolute,single_250
2021-08-06,chemical_energy,FG,1,1.9368509304146984,strongest,single_250
2021-08-06,ferrous,RB,1,1.3938479784527507,absolute,single_250
2021-08-06,government_bond,T,1,0.9522694969773327,absolute,single_250
2021-08-13,agriculture,P,1,1.9142325212778577,strongest,single_250
2021-08-13,agriculture,AP,-1,-1.5228110453224628,weakest,single_250
2021-08-13,base_metal,AL,1,1.7715789935950648,absolute,single_250
2021-08-13,chemical_energy,FG,1,1.6670986598465063,strongest,single_250
2021-08-13,ferrous,RB,1,1.3569448622132756,absolute,single_250
2021-08-13,government_bond,T,1,0.8260651317326931,absolute,single_250
2021-08-20,agriculture,P,1,1.842842328517322,strongest,single_250
2021-08-20,agriculture,AP,-1,-1.6453482116033187,weakest,single_250
2021-08-20,base_metal,AL,1,1.8714462969380306,absolute,single_250
2021-08-20,chemical_energy,FG,1,1.4116145906963073,strongest,single_250
2021-08-20,ferrous,RB,1,1.0555936316113401,absolute,single_250
2021-08-20,government_bond,T,1,0.846208584767291,absolute,single_250
2021-08-27,agriculture,P,1,1.8256667076400772,strongest,single_250
2021-08-27,agriculture,AP,-1,-1.5656054435184041,weakest,single_250
2021-08-27,base_metal,AL,1,1.955719052702924,absolute,single_250
2021-08-27,chemical_energy,FG,1,1.3236339876841372,strongest,single_250
2021-08-27,chemical_energy,RU,-1,-0.06679272323529281,weakest,single_250
2021-08-27,ferrous,RB,1,1.1424296691542966,absolute,single_250
2021-08-27,government_bond,T,1,0.8939793277631635,absolute,single_250
2021-09-03,agriculture,P,1,1.9123220631562068,strongest,single_250
2021-09-03,agriculture,AP,-1,-1.6659422754495563,weakest,single_250
2021-09-03,base_metal,AL,1,1.9768933503313053,absolute,single_250
2021-09-03,chemical_energy,FG,1,1.6600245759265555,strongest,single_250
2021-09-03,chemical_energy,RU,-1,-0.10711140416768185,weakest,single_250
2021-09-03,ferrous,RB,1,1.2663653325258586,absolute,single_250
2021-09-03,government_bond,T,1,1.2659154126894872,absolute,single_250
2021-09-10,agriculture,P,1,1.6771705252130182,strongest,single_250
2021-09-10,agriculture,AP,-1,-1.5841917441479392,weakest,single_250
2021-09-10,base_metal,AL,1,2.3626440970647984,absolute,single_250
2021-09-10,chemical_energy,UR,1,1.760969695010987,strongest,single_250
2021-09-10,chemical_energy,RU,-1,-0.2592749968289202,weakest,single_250
2021-09-10,ferrous,RB,1,1.3780370765460779,absolute,single_250
2021-09-10,government_bond,T,1,1.1770497320208058,absolute,single_250
2021-09-17,agriculture,P,1,1.6902338211785832,strongest,single_250
2021-09-17,agriculture,AP,-1,-1.7650078003318597,weakest,single_250
2021-09-17,base_metal,AL,1,2.201534681901148,absolute,single_250
2021-09-17,chemical_energy,UR,1,1.975803504999434,strongest,single_250
2021-09-17,chemical_energy,RU,-1,-0.013379733021199736,weakest,single_250
2021-09-17,ferrous,RB,1,1.339761227179507,absolute,single_250
2021-09-17,government_bond,T,1,0.9149554841202882,absolute,single_250
2021-09-24,agriculture,P,1,1.8003412856198164,strongest,single_250
2021-09-24,agriculture,AP,-1,-1.2611180166480798,weakest,single_250
2021-09-24,base_metal,AL,1,2.252749642907399,absolute,single_250
2021-09-24,chemical_energy,UR,1,1.906208722076528,strongest,single_250
2021-09-24,chemical_energy,RU,-1,-0.15611814435540494,weakest,single_250
2021-09-24,ferrous,RB,1,1.3106536666233894,absolute,single_250
2021-09-24,government_bond,T,1,1.16681910611496,absolute,single_250
2021-09-30,agriculture,CF,1,1.9432949930434562,strongest,single_250
2021-09-30,agriculture,AP,-1,-1.0214770456586637,weakest,single_250
2021-09-30,base_metal,AL,1,2.0776955591308535,absolute,single_250
2021-09-30,chemical_energy,UR,1,2.1887863716052567,strongest,single_250
2021-09-30,chemical_energy,RU,-1,-0.008419229662477185,weakest,single_250
2021-09-30,ferrous,RB,1,1.5207196562507588,absolute,single_250
2021-09-30,government_bond,T,1,1.0948320585529225,absolute,single_250
2021-10-08,agriculture,CF,1,2.141883456065695,strongest,single_250
2021-10-08,agriculture,AP,-1,-1.0127233155537452,weakest,single_250
2021-10-08,base_metal,AL,1,2.1159141350796884,absolute,single_250
2021-10-08,chemical_energy,UR,1,2.4171115273332653,strongest,single_250
2021-10-08,ferrous,RB,1,1.598950049290397,absolute,single_250
2021-10-08,government_bond,T,1,0.8363748093397373,absolute,single_250
2021-10-15,agriculture,CF,1,2.3514516437311714,strongest,single_250
2021-10-15,agriculture,AP,-1,-0.6092052497802729,weakest,single_250
2021-10-15,base_metal,AL,1,2.571029672398569,absolute,single_250
2021-10-15,chemical_energy,UR,1,2.1368016031535033,strongest,single_250
2021-10-15,ferrous,RB,1,1.3998067234696008,absolute,single_250
2021-10-15,government_bond,T,1,0.7025111194821855,absolute,single_250
2021-10-22,agriculture,P,1,1.996198944386142,strongest,single_250
2021-10-22,agriculture,AP,-1,-0.7140387122650488,weakest,single_250
2021-10-22,base_metal,AL,1,1.5874451235705482,absolute,single_250
2021-10-22,chemical_energy,UR,1,1.5443508751030754,strongest,single_250
2021-10-22,chemical_energy,RU,-1,-0.030957374670820523,weakest,single_250
2021-10-22,ferrous,RB,1,0.8709552757286696,absolute,single_250
2021-10-22,government_bond,T,1,0.9181810584126496,absolute,single_250
2021-10-29,agriculture,P,1,2.246578805401217,strongest,single_250
2021-10-29,agriculture,AP,-1,-0.5794980178226036,weakest,single_250
2021-10-29,base_metal,AL,1,1.157273936513891,absolute,single_250
2021-10-29,chemical_energy,SC,1,1.4758301913196576,strongest,single_250
2021-10-29,chemical_energy,RU,-1,-0.35843595171254683,weakest,single_250
2021-10-29,ferrous,RB,1,0.6965776457649246,absolute,single_250
2021-10-29,government_bond,T,1,0.8568340710112109,absolute,single_250
2021-11-05,agriculture,P,1,1.947336465798911,strongest,single_250
2021-11-05,agriculture,M,-1,-0.3395894569371566,weakest,single_250
2021-11-05,base_metal,AL,1,0.8888460496619927,absolute,single_250
2021-11-05,chemical_energy,SC,1,1.4409663733776363,strongest,single_250
2021-11-05,chemical_energy,RU,-1,-0.8314628628696441,weakest,single_250
2021-11-05,ferrous,RB,1,0.42411181636137724,absolute,single_250
2021-11-05,government_bond,T,1,1.058438327219236,absolute,single_250
2021-11-12,agriculture,P,1,1.8578346587667462,strongest,single_250
2021-11-12,agriculture,M,-1,-0.1149382467608192,weakest,single_250
2021-11-12,base_metal,AL,1,0.9716460738034108,absolute,single_250
2021-11-12,chemical_energy,SC,1,1.6615003575503193,strongest,single_250
2021-11-12,chemical_energy,RU,-1,-0.5930319272999838,weakest,single_250
2021-11-12,ferrous,RB,1,0.3616174576926405,absolute,single_250
2021-11-12,government_bond,T,1,0.8969431099065664,absolute,single_250
2021-11-19,agriculture,P,1,2.0324750618548455,strongest,single_250
2021-11-19,base_metal,AL,1,0.8905190945865552,absolute,single_250
2021-11-19,chemical_energy,SC,1,1.4727141956097496,strongest,single_250
2021-11-19,chemical_energy,RU,-1,-0.14994973109823773,weakest,single_250
2021-11-19,ferrous,RB,1,0.3091287645270884,absolute,single_250
2021-11-19,government_bond,T,1,1.0348995072365323,absolute,single_250
2021-11-26,agriculture,P,1,1.6474831485172197,strongest,single_250
2021-11-26,agriculture,M,-1,-0.025646332696615842,weakest,single_250
2021-11-26,base_metal,AL,1,0.7509828838820793,absolute,single_250
2021-11-26,chemical_energy,SC,1,1.354095816855952,strongest,single_250
2021-11-26,chemical_energy,RU,-1,-0.25207478344423245,weakest,single_250
2021-11-26,ferrous,RB,1,0.2704885084791968,absolute,single_250
2021-11-26,government_bond,T,1,1.4327852773136116,absolute,single_250
2021-12-03,agriculture,P,1,1.6918737669139041,strongest,single_250
2021-12-03,agriculture,M,-1,-0.06551196638653829,weakest,single_250
2021-12-03,base_metal,AL,1,0.6587088178636936,absolute,single_250
2021-12-03,chemical_energy,SP,1,1.2506647605777998,strongest,single_250
2021-12-03,chemical_energy,RU,-1,-0.45358255124181845,weakest,single_250
2021-12-03,ferrous,RB,1,0.4453837183606802,absolute,single_250
2021-12-03,government_bond,T,1,1.2810690879866953,absolute,single_250
2021-12-10,agriculture,P,1,1.5841784139117212,strongest,single_250
2021-12-10,base_metal,AL,1,0.46852385739042485,absolute,single_250
2021-12-10,chemical_energy,SP,1,1.0898367974466987,strongest,single_250
2021-12-10,chemical_energy,RU,-1,-0.6414758126478322,weakest,single_250
2021-12-10,ferrous,RB,1,0.4171327243086967,absolute,single_250
2021-12-10,government_bond,T,1,1.2705623653390454,absolute,single_250
2021-12-17,agriculture,P,1,1.5640758043437717,strongest,single_250
2021-12-17,base_metal,AL,1,0.7347489651994092,absolute,single_250
2021-12-17,chemical_energy,SC,1,1.001254934226241,strongest,single_250
2021-12-17,chemical_energy,RU,-1,-0.42823797707947536,weakest,single_250
2021-12-17,ferrous,RB,1,0.4726655828314915,absolute,single_250
2021-12-17,government_bond,T,1,1.280862098936733,absolute,single_250
2021-12-24,agriculture,P,1,1.5906604808336784,strongest,single_250
2021-12-24,agriculture,JD,-1,-0.35882630019409906,weakest,single_250
2021-12-24,base_metal,AL,1,0.7869043016646835,absolute,single_250
2021-12-24,chemical_energy,SC,1,1.022380627632119,strongest,single_250
2021-12-24,chemical_energy,RU,-1,-0.4995645381110585,weakest,single_250
2021-12-24,ferrous,RB,1,0.3855955402988128,absolute,single_250
2021-12-24,government_bond,T,1,1.44686525842514,absolute,single_250
2021-12-31,agriculture,P,1,1.6570387155175073,strongest,single_250
2021-12-31,agriculture,JD,-1,-0.41653693986911644,weakest,single_250
2021-12-31,base_metal,AL,1,0.8996686503606239,absolute,single_250
2021-12-31,chemical_energy,SC,1,1.1828802629076007,strongest,single_250
2021-12-31,chemical_energy,FG,-1,-0.2697745048768316,weakest,single_250
2021-12-31,ferrous,RB,1,0.08268473236411283,absolute,single_250
2021-12-31,government_bond,T,1,1.489150532859761,absolute,single_250
2022-01-07,agriculture,P,1,1.683753910365687,strongest,single_250
2022-01-07,agriculture,JD,-1,-0.4079307771940913,weakest,single_250
2022-01-07,base_metal,AL,1,1.0597003585475449,absolute,single_250
2022-01-07,chemical_energy,SC,1,1.2374491085057486,strongest,single_250
2022-01-07,chemical_energy,RU,-1,-0.20804435448198697,weakest,single_250
2022-01-07,ferrous,RB,1,0.2867627292853267,absolute,single_250
2022-01-07,government_bond,T,1,1.2905834700022785,absolute,single_250
2022-01-14,agriculture,P,1,1.6877939107148021,strongest,single_250
2022-01-14,agriculture,JD,-1,-0.42557841156217896,weakest,single_250
2022-01-14,base_metal,AL,1,1.100710738392616,absolute,single_250
2022-01-14,chemical_energy,SC,1,1.2737251148438447,strongest,single_250
2022-01-14,chemical_energy,RU,-1,-0.24214638974031216,weakest,single_250
2022-01-14,ferrous,RB,1,0.2778763661433525,absolute,single_250
2022-01-14,government_bond,T,1,1.3275366871810288,absolute,single_250
2022-01-21,agriculture,P,1,1.8368208526949463,strongest,single_250
2022-01-21,agriculture,LH,-1,-2.018120007371412,weakest,single_250
2022-01-21,base_metal,AL,1,1.2293612781744796,absolute,single_250
2022-01-21,chemical_energy,SC,1,1.1827462334418233,strongest,single_250
2022-01-21,chemical_energy,RU,-1,-0.3313705160524768,weakest,single_250
2022-01-21,ferrous,RB,1,0.3491939069568795,absolute,single_250
2022-01-21,government_bond,T,1,1.602509061794866,absolute,single_250
2022-01-28,agriculture,P,1,2.164545697061974,strongest,single_250
2022-01-28,agriculture,LH,-1,-2.0272880030596894,weakest,single_250
2022-01-28,base_metal,AL,1,1.3615658653106588,absolute,single_250
2022-01-28,chemical_energy,SC,1,1.231766383281704,strongest,single_250
2022-01-28,chemical_energy,RU,-1,-0.5960912622501278,weakest,single_250
2022-01-28,ferrous,RB,1,0.443826024037548,absolute,single_250
2022-01-28,government_bond,T,1,1.6440832500459444,absolute,single_250
2022-02-11,agriculture,P,1,2.217164788614602,strongest,single_250
2022-02-11,agriculture,LH,-1,-2.0784727382367456,weakest,single_250
2022-02-11,base_metal,AL,1,1.4596796100328877,absolute,single_250
2022-02-11,chemical_energy,SC,1,1.3163345088988063,strongest,single_250
2022-02-11,chemical_energy,RU,-1,-0.340746651596981,weakest,single_250
2022-02-11,ferrous,RB,1,0.47973619360438646,absolute,single_250
2022-02-11,government_bond,T,1,1.353942857350622,absolute,single_250
2022-02-18,agriculture,P,1,2.3377682740456245,strongest,single_250
2022-02-18,agriculture,LH,-1,-2.139463348441352,weakest,single_250
2022-02-18,base_metal,AL,1,1.4765194968177817,absolute,single_250
2022-02-18,chemical_energy,SC,1,1.2871355952009518,strongest,single_250
2022-02-18,chemical_energy,RU,-1,-0.5263660297314746,weakest,single_250
2022-02-18,ferrous,RB,1,0.4909229190501344,absolute,single_250
2022-02-18,government_bond,T,1,1.3829065383331605,absolute,single_250
2022-02-25,agriculture,P,1,2.545606917511804,strongest,single_250
2022-02-25,agriculture,LH,-1,-2.3985773864403686,weakest,single_250
2022-02-25,base_metal,AL,1,1.2344392294946234,absolute,single_250
2022-02-25,chemical_energy,SC,1,1.3685282015037943,strongest,single_250
2022-02-25,chemical_energy,RU,-1,-0.7023111069698977,weakest,single_250
2022-02-25,ferrous,RB,1,0.23165325048367139,absolute,single_250
2022-02-25,government_bond,T,1,1.5211773679244558,absolute,single_250
2022-03-04,agriculture,P,1,2.3075556264015313,strongest,single_250
2022-03-04,agriculture,LH,-1,-2.9427253574242354,weakest,single_250
2022-03-04,base_metal,AL,1,1.2696033784429053,absolute,single_250
2022-03-04,chemical_energy,SC,1,1.5347810029509876,strongest,single_250
2022-03-04,chemical_energy,RU,-1,-1.100424878221774,weakest,single_250
2022-03-04,ferrous,RB,1,0.32246091535909976,absolute,single_250
2022-03-04,government_bond,T,1,1.504105085068373,absolute,single_250
2022-03-11,agriculture,P,1,2.4220235799478416,strongest,single_250
2022-03-11,agriculture,LH,-1,-3.033230009096921,weakest,single_250
2022-03-11,base_metal,AL,1,0.9150400438006098,absolute,single_250
2022-03-11,chemical_energy,SC,1,1.322754300838776,strongest,single_250
2022-03-11,chemical_energy,RU,-1,-0.9658779363087567,weakest,single_250
2022-03-11,ferrous,RB,1,0.22254958188142793,absolute,single_250
2022-03-11,government_bond,T,1,1.5542362570662773,absolute,single_250
2022-03-18,agriculture,P,1,1.7869778438505677,strongest,single_250
2022-03-18,agriculture,LH,-1,-2.990374785998117,weakest,single_250
2022-03-18,base_metal,AL,1,1.0435534372523272,absolute,single_250
2022-03-18,chemical_energy,UR,1,1.149475005522876,strongest,single_250
2022-03-18,chemical_energy,RU,-1,-0.9525929991081895,weakest,single_250
2022-03-18,ferrous,RB,1,0.3265248134289233,absolute,single_250
2022-03-18,government_bond,T,1,1.5585575405784444,absolute,single_250
2022-03-25,agriculture,P,1,1.8535585714354275,strongest,single_250
2022-03-25,agriculture,LH,-1,-3.0870846566870203,weakest,single_250
2022-03-25,base_metal,AL,1,0.9789207442311058,absolute,single_250
2022-03-25,chemical_energy,SC,1,1.3518523695698814,strongest,single_250
2022-03-25,chemical_energy,RU,-1,-0.977651339954744,weakest,single_250
2022-03-25,ferrous,RB,1,0.29799532267383666,absolute,single_250
2022-03-25,government_bond,T,1,1.6018252577906094,absolute,single_250
2022-04-01,agriculture,CF,1,1.731238570579862,strongest,single_250
2022-04-01,agriculture,LH,-1,-2.984710403479862,weakest,single_250
2022-04-01,base_metal,AL,1,0.9901082637601974,absolute,single_250
2022-04-01,chemical_energy,SC,1,1.1337522262194155,strongest,single_250
2022-04-01,chemical_energy,RU,-1,-0.7617111508081884,weakest,single_250
2022-04-01,ferrous,RB,1,0.3924161497087408,absolute,single_250
2022-04-01,government_bond,T,1,1.5126176278222683,absolute,single_250
2022-04-08,agriculture,P,1,1.9841630270097472,strongest,single_250
2022-04-08,agriculture,LH,-1,-2.882606712116164,weakest,single_250
2022-04-08,base_metal,AL,1,0.7736475353590778,absolute,single_250
2022-04-08,chemical_energy,SC,1,1.0362758323608003,strongest,single_250
2022-04-08,chemical_energy,RU,-1,-0.7354612088465069,weakest,single_250
2022-04-08,ferrous,RB,1,0.17906137341972334,absolute,single_250
2022-04-08,government_bond,T,1,1.5153856909717702,absolute,single_250
2022-04-15,agriculture,P,1,2.214328570103987,strongest,single_250
2022-04-15,agriculture,LH,-1,-3.0388588127770113,weakest,single_250
2022-04-15,base_metal,AL,1,0.7510576707321895,absolute,single_250
2022-04-15,chemical_energy,SC,1,1.1950142945101576,strongest,single_250
2022-04-15,chemical_energy,RU,-1,-0.8129733887699959,weakest,single_250
2022-04-15,ferrous,RB,1,0.06335703958588357,absolute,single_250
2022-04-15,government_bond,T,1,1.4745724533481726,absolute,single_250
2022-04-22,agriculture,P,1,2.1961809597225868,strongest,single_250
2022-04-22,agriculture,LH,-1,-2.7806936019658113,weakest,single_250
2022-04-22,base_metal,AL,1,0.7830856421924939,absolute,single_250
2022-04-22,chemical_energy,SC,1,1.2206381669693251,strongest,single_250
2022-04-22,chemical_energy,RU,-1,-0.6283584079125811,weakest,single_250
2022-04-22,ferrous,RB,1,0.0951246194035991,absolute,single_250
2022-04-22,government_bond,T,1,1.2717608524220014,absolute,single_250
2022-04-29,agriculture,P,1,2.4207905729432917,strongest,single_250
2022-04-29,agriculture,LH,-1,-2.709408722754118,weakest,single_250
2022-04-29,base_metal,AL,1,0.4425876596920279,absolute,single_250
2022-04-29,chemical_energy,UR,1,1.1065883360349926,strongest,single_250
2022-04-29,chemical_energy,RU,-1,-0.7127305786913689,weakest,single_250
2022-04-29,ferrous,RB,1,0.005884022097116826,absolute,single_250
2022-04-29,government_bond,T,1,1.2043836397322214,absolute,single_250
2022-05-06,agriculture,P,1,2.08246625784879,strongest,single_250
2022-05-06,agriculture,LH,-1,-2.719328258789197,weakest,single_250
2022-05-06,base_metal,AL,1,0.3225184954488605,absolute,single_250
2022-05-06,chemical_energy,SC,1,1.223284535989362,strongest,single_250
2022-05-06,chemical_energy,RU,-1,-0.8438710414989182,weakest,single_250
2022-05-06,ferrous,RB,-1,-0.15927347175907727,absolute,single_250
2022-05-06,government_bond,T,1,1.234923439451896,absolute,single_250
2022-05-13,agriculture,P,1,2.12437473922706,strongest,single_250
2022-05-13,agriculture,LH,-1,-2.4998950616605873,weakest,single_250
2022-05-13,base_metal,AL,1,0.2891882726720704,absolute,single_250
2022-05-13,chemical_energy,SC,1,1.1660805751649184,strongest,single_250
2022-05-13,chemical_energy,RU,-1,-0.8282286482828156,weakest,single_250
2022-05-13,ferrous,RB,-1,-0.2961333313803297,absolute,single_250
2022-05-13,government_bond,T,1,1.3692192852431457,absolute,single_250
2022-05-20,agriculture,P,1,2.005007525943999,strongest,single_250
2022-05-20,agriculture,LH,-1,-2.3236583062492095,weakest,single_250
2022-05-20,base_metal,AL,1,0.040567691216884076,absolute,single_250
2022-05-20,chemical_energy,SC,1,1.082518034744444,strongest,single_250
2022-05-20,chemical_energy,FG,-1,-1.0126153902612653,weakest,single_250
2022-05-20,ferrous,RB,-1,-0.7205258959581216,absolute,single_250
2022-05-20,government_bond,T,1,1.2973179562100257,absolute,single_250
2022-05-27,agriculture,P,1,2.0694520885490744,strongest,single_250
2022-05-27,agriculture,LH,-1,-2.3713935384113594,weakest,single_250
2022-05-27,base_metal,AL,1,0.16229921859558538,absolute,single_250
2022-05-27,chemical_energy,SC,1,1.2166103895912672,strongest,single_250
2022-05-27,chemical_energy,FG,-1,-1.1823687836099739,weakest,single_250
2022-05-27,ferrous,RB,-1,-0.5180941852478368,absolute,single_250
2022-05-27,government_bond,T,1,1.4273018081416915,absolute,single_250
2022-06-02,agriculture,P,1,2.1951223276171072,strongest,single_250
2022-06-02,agriculture,LH,-1,-2.1646585802315497,weakest,single_250
2022-06-02,base_metal,AL,1,0.3209919740936977,absolute,single_250
2022-06-02,chemical_energy,SC,1,1.2501597403552898,strongest,single_250
2022-06-02,chemical_energy,FG,-1,-0.947953172105954,weakest,single_250
2022-06-02,ferrous,RB,-1,-0.08944346137206628,absolute,single_250
2022-06-02,government_bond,T,1,0.9943304890173907,absolute,single_250
2022-06-10,agriculture,P,1,2.011040998272846,strongest,single_250
2022-06-10,agriculture,LH,-1,-1.981073012123363,weakest,single_250
2022-06-10,base_metal,AL,1,0.31929850095795553,absolute,single_250
2022-06-10,chemical_energy,SC,1,1.3317410568244432,strongest,single_250
2022-06-10,chemical_energy,FG,-1,-1.054902335071309,weakest,single_250
2022-06-10,ferrous,RB,1,0.027067770697569764,absolute,single_250
2022-06-10,government_bond,T,1,1.1206681068819115,absolute,single_250
2022-06-17,agriculture,P,1,1.6879926622963086,strongest,single_250
2022-06-17,agriculture,LH,-1,-1.3400745774350715,weakest,single_250
2022-06-17,base_metal,AL,1,0.24482996059439188,absolute,single_250
2022-06-17,chemical_energy,SC,1,1.165947760845248,strongest,single_250
2022-06-17,chemical_energy,FG,-1,-1.1892626768153403,weakest,single_250
2022-06-17,ferrous,RB,-1,-0.4025332638775381,absolute,single_250
2022-06-17,government_bond,T,1,1.2031902763465956,absolute,single_250
2022-06-24,agriculture,AP,1,1.4069263262761984,strongest,single_250
2022-06-24,agriculture,LH,-1,-1.3091108298045333,weakest,single_250
2022-06-24,base_metal,AL,-1,-0.06573182836961051,absolute,single_250
2022-06-24,chemical_energy,SC,1,0.8715138782917717,strongest,single_250
2022-06-24,chemical_energy,FG,-1,-1.3032074990416638,weakest,single_250
2022-06-24,ferrous,RB,-1,-0.6165184343591928,absolute,single_250
2022-06-24,government_bond,T,1,1.2137228432240448,absolute,single_250
2022-07-01,agriculture,AP,1,1.5773710254059279,strongest,single_250
2022-07-01,agriculture,JD,-1,-0.9878408742634719,weakest,single_250
2022-07-01,base_metal,AL,1,0.10221164080551773,absolute,single_250
2022-07-01,chemical_energy,SC,1,0.9370417218831631,strongest,single_250
2022-07-01,chemical_energy,FG,-1,-1.2297023024290912,weakest,single_250
2022-07-01,ferrous,RB,-1,-0.29004039199680953,absolute,single_250
2022-07-01,government_bond,T,1,0.9669753604367688,absolute,single_250
2022-07-08,agriculture,AP,1,1.4800184691778104,strongest,single_250
2022-07-08,agriculture,JD,-1,-1.2184352778370362,weakest,single_250
2022-07-08,base_metal,AL,-1,-0.10655312557059304,absolute,single_250
2022-07-08,chemical_energy,SC,1,0.7981439955696902,strongest,single_250
2022-07-08,chemical_energy,FG,-1,-1.5566541310958635,weakest,single_250
2022-07-08,ferrous,RB,-1,-0.4546204711695486,absolute,single_250
2022-07-08,government_bond,T,1,0.9997483881846135,absolute,single_250
2022-07-15,agriculture,AP,1,1.2774208880049427,strongest,single_250
2022-07-15,agriculture,JD,-1,-1.099431935741421,weakest,single_250
2022-07-15,base_metal,AL,-1,-0.3829275041018045,absolute,single_250
2022-07-15,chemical_energy,SC,1,0.593776780803186,strongest,single_250
2022-07-15,chemical_energy,FG,-1,-1.5828608366445527,weakest,single_250
2022-07-15,ferrous,RB,-1,-0.9379935711859352,absolute,single_250
2022-07-15,government_bond,T,1,1.1414978631065877,absolute,single_250
2022-07-22,agriculture,AP,1,1.5322196133770274,strongest,single_250
2022-07-22,agriculture,JD,-1,-1.075277526271302,weakest,single_250
2022-07-22,base_metal,AL,-1,-0.19521891360390906,absolute,single_250
2022-07-22,chemical_energy,SC,1,0.8380242564492216,strongest,single_250
2022-07-22,chemical_energy,FG,-1,-1.8885913021468483,weakest,single_250
2022-07-22,ferrous,RB,-1,-0.894186703492263,absolute,single_250
2022-07-22,government_bond,T,1,0.87533049016216,absolute,single_250
2022-07-29,agriculture,AP,1,1.471518301878416,strongest,single_250
2022-07-29,agriculture,JD,-1,-1.0829697752568614,weakest,single_250
2022-07-29,base_metal,AL,-1,-0.09704981366195961,absolute,single_250
2022-07-29,chemical_energy,SC,1,0.9762760489527725,strongest,single_250
2022-07-29,chemical_energy,FG,-1,-1.9176187169365326,weakest,single_250
2022-07-29,ferrous,RB,-1,-0.8945206459861131,absolute,single_250
2022-07-29,government_bond,T,1,0.992169793933454,absolute,single_250
2022-08-05,agriculture,AP,1,1.4575928747486515,strongest,single_250
2022-08-05,agriculture,JD,-1,-1.4396272694173187,weakest,single_250
2022-08-05,base_metal,AL,-1,-0.18385478704266234,absolute,single_250
2022-08-05,chemical_energy,SP,1,0.9102959426662841,strongest,single_250
2022-08-05,chemical_energy,FG,-1,-1.7334642005365148,weakest,single_250
2022-08-05,ferrous,RB,-1,-0.9435541843874659,absolute,single_250
2022-08-05,government_bond,T,1,0.8616390693488295,absolute,single_250
2022-08-12,agriculture,AP,1,1.4249580203459775,strongest,single_250
2022-08-12,agriculture,JD,-1,-1.2774123444014742,weakest,single_250
2022-08-12,base_metal,AL,-1,-0.21868973193193936,absolute,single_250
2022-08-12,chemical_energy,SC,1,0.9823408890963632,strongest,single_250
2022-08-12,chemical_energy,FG,-1,-1.5985026892057133,weakest,single_250
2022-08-12,ferrous,RB,-1,-0.7098515192645117,absolute,single_250
2022-08-12,government_bond,T,1,0.6910154187531196,absolute,single_250
2022-08-19,agriculture,AP,1,1.6317574821538428,strongest,single_250
2022-08-19,agriculture,JD,-1,-1.0493116211983804,weakest,single_250
2022-08-19,base_metal,AL,-1,-0.2602059343646146,absolute,single_250
2022-08-19,chemical_energy,SC,1,1.1422852387998228,strongest,single_250
2022-08-19,chemical_energy,FG,-1,-1.7263782109490693,weakest,single_250
2022-08-19,ferrous,RB,-1,-0.8065445512118021,absolute,single_250
2022-08-19,government_bond,T,1,1.1592328962377607,absolute,single_250
2022-08-26,agriculture,AP,1,1.6000567391730043,strongest,single_250
2022-08-26,agriculture,JD,-1,-0.9250326213468162,weakest,single_250
2022-08-26,base_metal,AL,-1,-0.22579822293071455,absolute,single_250
2022-08-26,chemical_energy,SC,1,1.2867511355261043,strongest,single_250
2022-08-26,chemical_energy,FG,-1,-1.706176166963766,weakest,single_250
2022-08-26,ferrous,RB,-1,-0.6625192936549443,absolute,single_250
2022-08-26,government_bond,T,1,1.1300528900901576,absolute,single_250
2022-09-02,agriculture,AP,1,1.6609289814871206,strongest,single_250
2022-09-02,agriculture,JD,-1,-0.8099648254926997,weakest,single_250
2022-09-02,base_metal,AL,-1,-0.39031897086419554,absolute,single_250
2022-09-02,chemical_energy,SC,1,1.193137595572347,strongest,single_250
2022-09-02,chemical_energy,FG,-1,-1.8081429732651753,weakest,single_250
2022-09-02,ferrous,RB,-1,-0.6815520562911844,absolute,single_250
2022-09-02,government_bond,T,1,1.115628499766057,absolute,single_250
2022-09-09,agriculture,AP,1,1.376472762565858,strongest,single_250
2022-09-09,agriculture,JD,-1,-0.6955010829528553,weakest,single_250
2022-09-09,base_metal,AL,-1,-0.4354359776864674,absolute,single_250
2022-09-09,chemical_energy,SC,1,0.9722166730140045,strongest,single_250
2022-09-09,chemical_energy,FG,-1,-1.5849773019004425,weakest,single_250
2022-09-09,ferrous,RB,-1,-0.7572200834931523,absolute,single_250
2022-09-09,government_bond,T,1,0.9283842327184603,absolute,single_250
2022-09-16,agriculture,AP,1,1.340128148816129,strongest,single_250
2022-09-16,agriculture,JD,-1,-0.7408439737441246,weakest,single_250
2022-09-16,base_metal,AL,-1,-0.4346960386478133,absolute,single_250
2022-09-16,chemical_energy,SC,1,1.0289058171141277,strongest,single_250
2022-09-16,chemical_energy,FG,-1,-1.7573005353528572,weakest,single_250
2022-09-16,ferrous,RB,-1,-0.8705964812606878,absolute,single_250
2022-09-16,government_bond,T,1,0.8642883209532405,absolute,single_250
2022-09-23,agriculture,AP,1,1.2825960917548327,strongest,single_250
2022-09-23,agriculture,JD,-1,-0.6556601138894089,weakest,single_250
2022-09-23,base_metal,AL,-1,-0.7051482292923167,absolute,single_250
2022-09-23,chemical_energy,SC,1,0.9995502219447765,strongest,single_250
2022-09-23,chemical_energy,FG,-1,-1.5003295463649873,weakest,single_250
2022-09-23,ferrous,RB,-1,-0.9870579302742407,absolute,single_250
2022-09-23,government_bond,T,1,0.973769188905128,absolute,single_250
2022-09-30,agriculture,AP,1,1.2801935861934182,strongest,single_250
2022-09-30,agriculture,JD,-1,-0.7629446472416821,weakest,single_250
2022-09-30,base_metal,AL,-1,-0.7647804778359698,absolute,single_250
2022-09-30,chemical_energy,SP,1,0.9111696064387456,strongest,single_250
2022-09-30,chemical_energy,FG,-1,-1.255279509379689,weakest,single_250
2022-09-30,ferrous,RB,-1,-0.8551877059823721,absolute,single_250
2022-09-30,government_bond,T,1,0.7914192486922932,absolute,single_250
2022-10-14,agriculture,M,1,1.401311532790017,strongest,single_250
2022-10-14,agriculture,CF,-1,-0.6080459000825799,weakest,single_250
2022-10-14,base_metal,AL,-1,-0.6799321971857285,absolute,single_250
2022-10-14,chemical_energy,SC,1,0.8897995256200949,strongest,single_250
2022-10-14,chemical_energy,FG,-1,-1.1397541100050215,weakest,single_250
2022-10-14,ferrous,RB,-1,-1.0045577068560076,absolute,single_250
2022-10-14,government_bond,T,1,1.1076776869962617,absolute,single_250
2022-10-21,agriculture,M,1,1.442156780503774,strongest,single_250
2022-10-21,agriculture,CF,-1,-1.4178632140201963,weakest,single_250
2022-10-21,base_metal,AL,-1,-0.8854154600645446,absolute,single_250
2022-10-21,chemical_energy,SP,1,0.9949622212230825,strongest,single_250
2022-10-21,chemical_energy,FG,-1,-1.369470903251151,weakest,single_250
2022-10-21,ferrous,RB,-1,-1.0601756128977062,absolute,single_250
2022-10-21,government_bond,T,1,1.255200324261916,absolute,single_250
2022-10-28,agriculture,M,1,1.562261482890674,strongest,single_250
2022-10-28,agriculture,CF,-1,-1.6524567435564992,weakest,single_250
2022-10-28,base_metal,AL,-1,-1.114799483876736,absolute,single_250
2022-10-28,chemical_energy,SP,1,1.1531959687803923,strongest,single_250
2022-10-28,chemical_energy,RU,-1,-1.6533071137360487,weakest,single_250
2022-10-28,ferrous,RB,-1,-1.1618012736763534,absolute,single_250
2022-10-28,government_bond,T,1,1.5332513149753682,absolute,single_250
2022-11-04,agriculture,M,1,1.6543486727774546,strongest,single_250
2022-11-04,agriculture,CF,-1,-1.4526716824674333,weakest,single_250
2022-11-04,base_metal,AL,-1,-0.5098797243153568,absolute,single_250
2022-11-04,chemical_energy,SP,1,1.254147714249972,strongest,single_250
2022-11-04,chemical_energy,RU,-1,-1.3651387821831977,weakest,single_250
2022-11-04,ferrous,RB,-1,-0.6818549905697474,absolute,single_250
2022-11-04,government_bond,T,1,1.3560530384099962,absolute,single_250
2022-11-11,agriculture,M,1,1.8460451496145234,strongest,single_250
2022-11-11,agriculture,CF,-1,-1.5379597519093844,weakest,single_250
2022-11-11,base_metal,AL,-1,-0.2140532010419719,absolute,single_250
2022-11-11,chemical_energy,SP,1,1.3217478586774438,strongest,single_250
2022-11-11,chemical_energy,RU,-1,-1.1119828024518061,weakest,single_250
2022-11-11,ferrous,RB,-1,-0.10884869666028547,absolute,single_250
2022-11-11,government_bond,T,1,1.05304047315712,absolute,single_250
2022-11-18,agriculture,M,1,1.765947776617426,strongest,single_250
2022-11-18,agriculture,CF,-1,-1.4425504001869198,weakest,single_250
2022-11-18,base_metal,AL,1,0.09932333942429682,absolute,single_250
2022-11-18,chemical_energy,SP,1,1.315350937176673,strongest,single_250
2022-11-18,chemical_energy,RU,-1,-0.9206116626766101,weakest,single_250
2022-11-18,ferrous,RB,-1,-0.06866656781816954,absolute,single_250
2022-11-18,government_bond,T,1,0.6401933147268608,absolute,single_250
2022-11-25,agriculture,M,1,1.864612100699101,strongest,single_250
2022-11-25,agriculture,CF,-1,-1.5366516479072994,weakest,single_250
2022-11-25,base_metal,AL,1,0.11398133635893923,absolute,single_250
2022-11-25,chemical_energy,SP,1,1.5146462175736275,strongest,single_250
2022-11-25,chemical_energy,RU,-1,-1.1905651451786812,weakest,single_250
2022-11-25,ferrous,RB,1,0.053166530498515586,absolute,single_250
2022-11-25,government_bond,T,1,0.7459349434670706,absolute,single_250
2022-12-02,agriculture,M,1,1.7730414518082342,strongest,single_250
2022-12-02,agriculture,CF,-1,-1.4390348511293325,weakest,single_250
2022-12-02,base_metal,AL,1,0.097622195885481,absolute,single_250
2022-12-02,chemical_energy,SP,1,1.398627378354427,strongest,single_250
2022-12-02,chemical_energy,RU,-1,-1.3925541477834853,weakest,single_250
2022-12-02,ferrous,RB,-1,-0.02674166717324565,absolute,single_250
2022-12-02,government_bond,T,1,0.6961941546420584,absolute,single_250
2022-12-09,agriculture,M,1,1.9811961644989085,strongest,single_250
2022-12-09,agriculture,CF,-1,-1.0426717160831462,weakest,single_250
2022-12-09,base_metal,AL,1,0.15115027659096045,absolute,single_250
2022-12-09,chemical_energy,SP,1,1.1957594414296682,strongest,single_250
2022-12-09,chemical_energy,RU,-1,-1.0926447132694972,weakest,single_250
2022-12-09,ferrous,RB,1,0.034818752886756864,absolute,single_250
2022-12-09,government_bond,T,1,0.5959904420371295,absolute,single_250
2022-12-16,agriculture,M,1,1.8135779630488893,strongest,single_250
2022-12-16,agriculture,CF,-1,-1.251451135850556,weakest,single_250
2022-12-16,base_metal,AL,1,0.06438961160419097,absolute,single_250
2022-12-16,chemical_energy,SP,1,0.8312456711713027,strongest,single_250
2022-12-16,chemical_energy,RU,-1,-0.9934650372927093,weakest,single_250
2022-12-16,ferrous,RB,-1,-0.12171769970656743,absolute,single_250
2022-12-16,government_bond,T,1,0.846438479503885,absolute,single_250
2022-12-23,agriculture,M,1,1.8226471329727452,strongest,single_250
2022-12-23,agriculture,CF,-1,-1.2352042241726564,weakest,single_250
2022-12-23,base_metal,AL,-1,-0.03871059371812781,absolute,single_250
2022-12-23,chemical_energy,SP,1,0.9812584701878603,strongest,single_250
2022-12-23,chemical_energy,RU,-1,-1.2933317042626815,weakest,single_250
2022-12-23,ferrous,RB,-1,-0.10086870154685013,absolute,single_250
2022-12-23,government_bond,T,1,0.9083519578232429,absolute,single_250
2022-12-30,agriculture,M,1,1.8848433399410742,strongest,single_250
2022-12-30,agriculture,CF,-1,-1.218666495440943,weakest,single_250
2022-12-30,base_metal,AL,-1,-0.10341025111856966,absolute,single_250
2022-12-30,chemical_energy,SP,1,1.2032586776383334,strongest,single_250
2022-12-30,chemical_energy,RU,-1,-1.0709973617319566,weakest,single_250
2022-12-30,ferrous,RB,-1,-0.09336534286626127,absolute,single_250
2022-12-30,government_bond,T,1,0.8127881503413499,absolute,single_250
2023-01-06,agriculture,M,1,1.6488587857662502,strongest,single_250
2023-01-06,agriculture,CF,-1,-1.250910167091334,weakest,single_250
2023-01-06,base_metal,AL,-1,-0.294314910798114,absolute,single_250
2023-01-06,chemical_energy,SP,1,0.9950900465967081,strongest,single_250
2023-01-06,chemical_energy,RU,-1,-1.058479982834828,weakest,single_250
2023-01-06,ferrous,RB,1,0.05125689803950617,absolute,single_250
2023-01-06,government_bond,T,1,0.729967157719225,absolute,single_250
2023-01-13,agriculture,M,1,1.755412698897153,strongest,single_250
2023-01-13,agriculture,CF,-1,-1.4186012941795816,weakest,single_250
2023-01-13,base_metal,AL,-1,-0.2700908921355202,absolute,single_250
2023-01-13,chemical_energy,SP,1,0.7096676166809142,strongest,single_250
2023-01-13,chemical_energy,RU,-1,-1.118021390164758,weakest,single_250
2023-01-13,ferrous,RB,1,0.032195138874524215,absolute,single_250
2023-01-13,government_bond,T,1,0.5141566624010814,absolute,single_250
2023-01-20,agriculture,M,1,1.6936534066336184,strongest,single_250
2023-01-20,agriculture,CF,-1,-1.422167018672154,weakest,single_250
2023-01-20,base_metal,AL,-1,-0.35135160502700336,absolute,single_250
2023-01-20,chemical_energy,SP,1,0.8719472814499637,strongest,single_250
2023-01-20,chemical_energy,RU,-1,-1.0980985065925604,weakest,single_250
2023-01-20,ferrous,RB,-1,-0.1316959211796407,absolute,single_250
2023-01-20,government_bond,T,1,0.4202710274699938,absolute,single_250
2023-02-03,agriculture,M,1,1.8265500984568286,strongest,single_250
2023-02-03,agriculture,CF,-1,-1.4664875762554466,weakest,single_250
2023-02-03,base_metal,AL,-1,-0.3861381270473825,absolute,single_250
2023-02-03,chemical_energy,SP,1,0.91218532030199,strongest,single_250
2023-02-03,chemical_energy,RU,-1,-1.306815098498606,weakest,single_250
2023-02-03,ferrous,RB,-1,-0.24934277597706,absolute,single_250
2023-02-03,government_bond,T,1,0.5211895847653385,absolute,single_250
2023-02-10,agriculture,M,1,1.6846073985757128,strongest,single_250
2023-02-10,agriculture,CF,-1,-1.6571257362354324,weakest,single_250
2023-02-10,base_metal,AL,-1,-0.4314605752213688,absolute,single_250
2023-02-10,chemical_energy,SP,1,0.8879145698491391,strongest,single_250
2023-02-10,chemical_energy,FG,-1,-1.3285134290719223,weakest,single_250
2023-02-10,ferrous,RB,-1,-0.3423279962180898,absolute,single_250
2023-02-10,government_bond,T,1,0.3992699419611845,absolute,single_250
2023-02-17,agriculture,M,1,1.231193426166356,strongest,single_250
2023-02-17,agriculture,CF,-1,-1.7861540276673957,weakest,single_250
2023-02-17,base_metal,AL,-1,-0.8198153023445883,absolute,single_250
2023-02-17,chemical_energy,SP,1,0.6089421653573475,strongest,single_250
2023-02-17,chemical_energy,FG,-1,-1.774088148926246,weakest,single_250
2023-02-17,ferrous,RB,-1,-0.43008036403714717,absolute,single_250
2023-02-17,government_bond,T,1,0.579750056359522,absolute,single_250
2023-02-24,agriculture,M,1,1.2830447777123795,strongest,single_250
2023-02-24,agriculture,CF,-1,-1.6616808666845835,weakest,single_250
2023-02-24,base_metal,AL,-1,-0.809230898553973,absolute,single_250
2023-02-24,chemical_energy,SP,1,0.5447705931950536,strongest,single_250
2023-02-24,chemical_energy,FG,-1,-1.6668492076384176,weakest,single_250
2023-02-24,ferrous,RB,-1,-0.21932131008271719,absolute,single_250
2023-02-24,government_bond,T,1,0.7819197026729189,absolute,single_250
2023-03-03,agriculture,M,1,0.9646885537070069,strongest,single_250
2023-03-03,agriculture,CF,-1,-1.5117657973323138,weakest,single_250
2023-03-03,base_metal,AL,-1,-0.8350070206196745,absolute,single_250
2023-03-03,chemical_energy,SP,1,0.412892204462812,strongest,single_250
2023-03-03,chemical_energy,FG,-1,-1.300428529582327,weakest,single_250
2023-03-03,ferrous,RB,-1,-0.18561250095612508,absolute,single_250
2023-03-03,government_bond,T,1,0.959911311669862,absolute,single_250
2023-03-10,agriculture,M,1,0.998417830161298,strongest,single_250
2023-03-10,agriculture,CF,-1,-1.532395778139615,weakest,single_250
2023-03-10,base_metal,AL,-1,-0.9110156786585618,absolute,single_250
2023-03-10,chemical_energy,UR,1,0.19610175498289462,strongest,single_250
2023-03-10,chemical_energy,RU,-1,-1.2025657467735118,weakest,single_250
2023-03-10,ferrous,RB,-1,-0.24578074533161143,absolute,single_250
2023-03-10,government_bond,T,1,1.0786267867007426,absolute,single_250
2023-03-17,agriculture,M,1,0.6187663440888551,strongest,single_250
2023-03-17,agriculture,CF,-1,-1.7906993380804084,weakest,single_250
2023-03-17,base_metal,AL,-1,-1.049721458535134,absolute,single_250
2023-03-17,chemical_energy,RU,-1,-1.2987754751600378,weakest,single_250
2023-03-17,ferrous,RB,-1,-0.4110261404499366,absolute,single_250
2023-03-17,government_bond,T,1,1.1342687822727855,absolute,single_250
2023-03-24,agriculture,AP,1,0.8743521912053702,strongest,single_250
2023-03-24,agriculture,CF,-1,-1.7012411164764085,weakest,single_250
2023-03-24,base_metal,AL,-1,-0.6564927003616854,absolute,single_250
2023-03-24,chemical_energy,RU,-1,-1.2131781993486022,weakest,single_250
2023-03-24,ferrous,RB,-1,-0.3725461740654452,absolute,single_250
2023-03-24,government_bond,T,1,1.0400154498290677,absolute,single_250
2023-03-31,agriculture,SR,1,0.9558323268421276,strongest,single_250
2023-03-31,agriculture,CF,-1,-1.7326990428768334,weakest,single_250
2023-03-31,base_metal,AL,-1,-0.9502611072950667,absolute,single_250
2023-03-31,chemical_energy,RU,-1,-1.147059321654945,weakest,single_250
2023-03-31,ferrous,RB,-1,-0.4850848547100134,absolute,single_250
2023-03-31,government_bond,T,1,1.2022209156980475,absolute,single_250
2023-04-07,agriculture,SR,1,1.2704413795635467,strongest,single_250
2023-04-07,agriculture,CF,-1,-1.7087191522371725,weakest,single_250
2023-04-07,base_metal,AL,-1,-0.9774662453341701,absolute,single_250
2023-04-07,chemical_energy,RU,-1,-1.3009504396096432,weakest,single_250
2023-04-07,ferrous,RB,-1,-0.7454703513485849,absolute,single_250
2023-04-07,government_bond,T,1,1.0939687004407814,absolute,single_250
2023-04-14,agriculture,SR,1,1.2124718528831513,strongest,single_250
2023-04-14,agriculture,CF,-1,-1.682844168653621,weakest,single_250
2023-04-14,base_metal,AL,-1,-0.8433305324242628,absolute,single_250
2023-04-14,chemical_energy,RU,-1,-1.4181033028783256,weakest,single_250
2023-04-14,ferrous,RB,-1,-0.9244931908174374,absolute,single_250
2023-04-14,government_bond,T,1,1.0688813678631486,absolute,single_250
2023-04-21,agriculture,SR,1,1.3817146513724505,strongest,single_250
2023-04-21,agriculture,CF,-1,-1.6154924524261218,weakest,single_250
2023-04-21,base_metal,AL,-1,-0.4938363883597987,absolute,single_250
2023-04-21,chemical_energy,RU,-1,-1.09810744184904,weakest,single_250
2023-04-21,ferrous,RB,-1,-0.8302919534659292,absolute,single_250
2023-04-21,government_bond,T,1,1.13866915663937,absolute,single_250
2023-04-28,agriculture,SR,1,1.4884952582724962,strongest,single_250
2023-04-28,agriculture,CF,-1,-1.4415799124609558,weakest,single_250
2023-04-28,base_metal,AL,-1,-0.7438957291918488,absolute,single_250
2023-04-28,chemical_energy,RU,-1,-1.1481920130481604,weakest,single_250
2023-04-28,ferrous,RB,-1,-1.1786974344746357,absolute,single_250
2023-04-28,government_bond,T,1,1.4875341205434827,absolute,single_250
2023-05-05,agriculture,SR,1,1.3271821982672571,strongest,single_250
2023-05-05,agriculture,CF,-1,-1.3186824570057392,weakest,single_250
2023-05-05,base_metal,AL,-1,-0.8154442312438253,absolute,single_250
2023-05-05,chemical_energy,RU,-1,-1.0036805548507255,weakest,single_250
2023-05-05,ferrous,RB,-1,-1.0783680563651254,absolute,single_250
2023-05-05,government_bond,T,1,1.6748966200699444,absolute,single_250
2023-05-12,agriculture,SR,1,1.3073711924711535,strongest,single_250
2023-05-12,agriculture,P,-1,-1.6758393762119443,weakest,single_250
2023-05-12,base_metal,AL,-1,-0.695936604252713,absolute,single_250
2023-05-12,chemical_energy,UR,-1,-0.9063480887060625,weakest,single_250
2023-05-12,ferrous,RB,-1,-1.0783719313651758,absolute,single_250
2023-05-12,government_bond,T,1,1.6295261213477439,absolute,single_250
2023-05-19,agriculture,SR,1,1.5572308577372729,strongest,single_250
2023-05-19,agriculture,P,-1,-1.475683562429002,weakest,single_250
2023-05-19,base_metal,AL,-1,-0.36929396828809335,absolute,single_250
2023-05-19,chemical_energy,UR,-1,-1.006491588428234,weakest,single_250
2023-05-19,ferrous,RB,-1,-0.7897584191474407,absolute,single_250
2023-05-19,government_bond,T,1,1.521322482053423,absolute,single_250
2023-05-26,agriculture,SR,1,1.362112095755204,strongest,single_250
2023-05-26,agriculture,P,-1,-1.4460520736805134,weakest,single_250
2023-05-26,base_metal,AL,-1,-0.4206780107763199,absolute,single_250
2023-05-26,chemical_energy,UR,-1,-1.2127870411401687,weakest,single_250
2023-05-26,ferrous,RB,-1,-0.7916385107729441,absolute,single_250
2023-05-26,government_bond,T,1,1.46010099180374,absolute,single_250
2023-06-02,agriculture,SR,1,1.0909071123550567,strongest,single_250
2023-06-02,agriculture,P,-1,-1.686023271440656,weakest,single_250
2023-06-02,base_metal,AL,-1,-0.3779587447067554,absolute,single_250
2023-06-02,chemical_energy,MA,-1,-1.0919547457998906,weakest,single_250
2023-06-02,ferrous,RB,-1,-0.7008340597092468,absolute,single_250
2023-06-02,government_bond,T,1,1.3318988278126993,absolute,single_250
2023-06-09,agriculture,SR,1,1.3166434685349517,strongest,single_250
2023-06-09,agriculture,P,-1,-1.6475869621844919,weakest,single_250
2023-06-09,base_metal,AL,-1,-0.33761305191905305,absolute,single_250
2023-06-09,chemical_energy,MA,-1,-1.3957626887879897,weakest,single_250
2023-06-09,ferrous,RB,-1,-0.762386131400327,absolute,single_250
2023-06-09,government_bond,T,1,1.6383483417121434,absolute,single_250
2023-06-16,agriculture,SR,1,1.257922762690523,strongest,single_250
2023-06-16,agriculture,P,-1,-1.359390507551711,weakest,single_250
2023-06-16,base_metal,AL,-1,-0.4315325152215039,absolute,single_250
2023-06-16,chemical_energy,MA,-1,-1.396519723959168,weakest,single_250
2023-06-16,ferrous,RB,-1,-0.7531514814152858,absolute,single_250
2023-06-16,government_bond,T,1,1.478295603227773,absolute,single_250
2023-06-21,agriculture,SR,1,1.360092848186168,strongest,single_250
2023-06-21,agriculture,LH,-1,-1.4711345280597403,weakest,single_250
2023-06-21,base_metal,AL,-1,-0.27550304370631934,absolute,single_250
2023-06-21,chemical_energy,MA,-1,-1.4398601546834808,weakest,single_250
2023-06-21,ferrous,RB,-1,-0.6928186978157849,absolute,single_250
2023-06-21,government_bond,T,1,1.5620277687258062,absolute,single_250
2023-06-30,agriculture,SR,1,1.142951454602061,strongest,single_250
2023-06-30,agriculture,LH,-1,-1.5941997043341314,weakest,single_250
2023-06-30,base_metal,AL,-1,-0.2605081387308268,absolute,single_250
2023-06-30,chemical_energy,MA,-1,-0.943406403792558,weakest,single_250
2023-06-30,ferrous,RB,-1,-0.25030994195422546,absolute,single_250
2023-06-30,government_bond,T,1,1.7493886668401666,absolute,single_250
2023-07-07,agriculture,M,1,1.2337311753324491,strongest,single_250
2023-07-07,agriculture,LH,-1,-1.7538240069109243,weakest,single_250
2023-07-07,base_metal,AL,-1,-0.24538769561741108,absolute,single_250
2023-07-07,chemical_energy,MA,-1,-0.8582857015904533,weakest,single_250
2023-07-07,ferrous,RB,-1,-0.4504419667741733,absolute,single_250
2023-07-07,government_bond,T,1,1.951058865829258,absolute,single_250
2023-07-14,agriculture,SR,1,1.5001102881191137,strongest,single_250
2023-07-14,agriculture,LH,-1,-2.2652233592457147,weakest,single_250
2023-07-14,base_metal,AL,1,0.17497722256420908,absolute,single_250
2023-07-14,chemical_energy,FG,1,0.07346890593958592,strongest,single_250
2023-07-14,chemical_energy,RU,-1,-0.6381934034899777,weakest,single_250
2023-07-14,ferrous,RB,-1,-0.21366909716148347,absolute,single_250
2023-07-14,government_bond,T,1,1.9008462285144023,absolute,single_250
2023-07-21,agriculture,M,1,1.4085075954004636,strongest,single_250
2023-07-21,agriculture,LH,-1,-2.4163479682709563,weakest,single_250
2023-07-21,base_metal,AL,1,0.4585957897872753,absolute,single_250
2023-07-21,chemical_energy,UR,1,0.5789994799898265,strongest,single_250
2023-07-21,chemical_energy,RU,-1,-0.6997665283188514,weakest,single_250
2023-07-21,ferrous,RB,1,0.21872402462449902,absolute,single_250
2023-07-21,government_bond,T,1,1.8796680541533113,absolute,single_250
2023-07-28,agriculture,M,1,1.6542903778892155,strongest,single_250
2023-07-28,agriculture,LH,-1,-1.962720925322793,weakest,single_250
2023-07-28,base_metal,AL,1,0.3867643121709932,absolute,single_250
2023-07-28,chemical_energy,UR,1,0.9741444607936565,strongest,single_250
2023-07-28,chemical_energy,RU,-1,-0.34016020017251236,weakest,single_250
2023-07-28,ferrous,RB,1,0.4378589299727989,absolute,single_250
2023-07-28,government_bond,T,1,1.6128670508533909,absolute,single_250
2023-08-04,agriculture,M,1,1.784782621571113,strongest,single_250
2023-08-04,agriculture,LH,-1,-1.606321702744382,weakest,single_250
2023-08-04,base_metal,AL,1,0.4001932535783973,absolute,single_250
2023-08-04,chemical_energy,UR,1,0.8258481299565916,strongest,single_250
2023-08-04,chemical_energy,RU,-1,-0.549630001743294,weakest,single_250
2023-08-04,ferrous,RB,1,0.15324923631589887,absolute,single_250
2023-08-04,government_bond,T,1,1.5502542987129637,absolute,single_250
2023-08-11,agriculture,M,1,1.892166905125913,strongest,single_250
2023-08-11,agriculture,LH,-1,-1.7746690418180553,weakest,single_250
2023-08-11,base_metal,AL,1,0.36711034671986453,absolute,single_250
2023-08-11,chemical_energy,UR,1,0.8146200907124175,strongest,single_250
2023-08-11,chemical_energy,SP,-1,-0.7768342930724726,weakest,single_250
2023-08-11,ferrous,RB,-1,-0.17351280171288663,absolute,single_250
2023-08-11,government_bond,T,1,1.4570127094836274,absolute,single_250
2023-08-18,agriculture,M,1,2.051823466848707,strongest,single_250
2023-08-18,agriculture,LH,-1,-1.7228133922852804,weakest,single_250
2023-08-18,base_metal,AL,1,0.20615107712891664,absolute,single_250
2023-08-18,chemical_energy,UR,1,0.7349921649924339,strongest,single_250
2023-08-18,chemical_energy,SP,-1,-0.7469459743642193,weakest,single_250
2023-08-18,ferrous,RB,-1,-0.14514534722262776,absolute,single_250
2023-08-18,government_bond,T,1,1.6759631862612145,absolute,single_250
2023-08-25,agriculture,M,1,2.0946905928319675,strongest,single_250
2023-08-25,agriculture,LH,-1,-1.7064455647335317,weakest,single_250
2023-08-25,base_metal,AL,1,0.3907706464631311,absolute,single_250
2023-08-25,chemical_energy,UR,1,0.910413973155347,strongest,single_250
2023-08-25,chemical_energy,SP,-1,-0.4504970161422162,weakest,single_250
2023-08-25,ferrous,RB,-1,-0.20663039802690483,absolute,single_250
2023-08-25,government_bond,T,1,1.4358815504989075,absolute,single_250
2023-09-01,agriculture,SR,1,1.953494101885544,strongest,single_250
2023-09-01,agriculture,LH,-1,-1.9858914924256568,weakest,single_250
2023-09-01,base_metal,AL,1,0.5014977419445255,absolute,single_250
2023-09-01,chemical_energy,FG,1,1.0514015603576823,strongest,single_250
2023-09-01,chemical_energy,SP,-1,-0.4642564068670344,weakest,single_250
2023-09-01,ferrous,RB,1,0.0026618820564552606,absolute,single_250
2023-09-01,government_bond,T,1,1.3046576928550306,absolute,single_250
2023-09-08,agriculture,SR,1,2.0579354212175005,strongest,single_250
2023-09-08,agriculture,LH,-1,-2.1269134011020845,weakest,single_250
2023-09-08,base_metal,AL,1,0.477555435087993,absolute,single_250
2023-09-08,chemical_energy,FG,1,0.8744495618269292,strongest,single_250
2023-09-08,chemical_energy,SP,-1,-0.5839184305771502,weakest,single_250
2023-09-08,ferrous,RB,1,0.10188465430896437,absolute,single_250
2023-09-08,government_bond,T,1,1.111323532188873,absolute,single_250
2023-09-15,agriculture,M,1,1.904155706023476,strongest,single_250
2023-09-15,agriculture,LH,-1,-1.8555595805623508,weakest,single_250
2023-09-15,base_metal,AL,1,0.5645105028129974,absolute,single_250
2023-09-15,chemical_energy,FG,1,0.7979182239162411,strongest,single_250
2023-09-15,chemical_energy,SP,-1,-0.5993750581758512,weakest,single_250
2023-09-15,ferrous,RB,1,0.2038293573588237,absolute,single_250
2023-09-15,government_bond,T,1,1.055426084091218,absolute,single_250
2023-09-22,agriculture,SR,1,1.691699212490661,strongest,single_250
2023-09-22,agriculture,LH,-1,-2.0166212765121316,weakest,single_250
2023-09-22,base_metal,AL,1,0.6314669110693908,absolute,single_250
2023-09-22,chemical_energy,FG,1,0.8070189688355265,strongest,single_250
2023-09-22,chemical_energy,MA,-1,-0.47514186501584726,weakest,single_250
2023-09-22,ferrous,RB,1,0.07768309048284562,absolute,single_250
2023-09-22,government_bond,T,1,1.1635488748268865,absolute,single_250
2023-09-28,agriculture,SR,1,1.758797733882362,strongest,single_250
2023-09-28,agriculture,LH,-1,-1.9446210947679456,weakest,single_250
2023-09-28,base_metal,AL,1,0.6362606062008201,absolute,single_250
2023-09-28,chemical_energy,FG,1,0.685827324366836,strongest,single_250
2023-09-28,chemical_energy,MA,-1,-0.4894118840064454,weakest,single_250
2023-09-28,ferrous,RB,1,0.06797725935030845,absolute,single_250
2023-09-28,government_bond,T,1,1.1604136978284438,absolute,single_250
2023-10-13,agriculture,SR,1,1.6216496903815274,strongest,single_250
2023-10-13,agriculture,LH,-1,-2.088692852656412,weakest,single_250
2023-10-13,base_metal,AL,1,0.6016612191056869,absolute,single_250
2023-10-13,chemical_energy,FG,1,0.506990948211293,strongest,single_250
2023-10-13,chemical_energy,MA,-1,-0.6907571625164995,weakest,single_250
2023-10-13,ferrous,RB,-1,-0.2721821486956882,absolute,single_250
2023-10-13,government_bond,T,1,1.2922845241404806,absolute,single_250
2023-10-20,agriculture,SR,1,1.6355505415160647,strongest,single_250
2023-10-20,agriculture,LH,-1,-2.540082234055817,weakest,single_250
2023-10-20,base_metal,AL,1,0.49676867504245587,absolute,single_250
2023-10-20,chemical_energy,UR,1,0.5477142433451411,strongest,single_250
2023-10-20,chemical_energy,MA,-1,-0.7824590375858337,weakest,single_250
2023-10-20,ferrous,RB,-1,-0.20183849533031215,absolute,single_250
2023-10-20,government_bond,T,1,1.2816808698455824,absolute,single_250
2023-10-27,agriculture,M,1,1.5170546303260684,strongest,single_250
2023-10-27,agriculture,LH,-1,-2.629906953697137,weakest,single_250
2023-10-27,base_metal,AL,1,0.5961131549422338,absolute,single_250
2023-10-27,chemical_energy,UR,1,0.773130769592733,strongest,single_250
2023-10-27,chemical_energy,MA,-1,-0.5797753461896519,weakest,single_250
2023-10-27,ferrous,RB,1,0.0906457452285063,absolute,single_250
2023-10-27,government_bond,T,1,1.175246887909473,absolute,single_250
2023-11-03,agriculture,SR,1,1.7363124679295125,strongest,single_250
2023-11-03,agriculture,LH,-1,-2.447891961815014,weakest,single_250
2023-11-03,base_metal,AL,1,0.6219175130236362,absolute,single_250
2023-11-03,chemical_energy,UR,1,1.0409762573578385,strongest,single_250
2023-11-03,chemical_energy,SP,-1,-0.4763269155049515,weakest,single_250
2023-11-03,ferrous,RB,1,0.3502204222409438,absolute,single_250
2023-11-03,government_bond,T,1,1.392437407842927,absolute,single_250
2023-11-10,agriculture,SR,1,1.8713997538070801,strongest,single_250
2023-11-10,agriculture,LH,-1,-2.2952880576482464,weakest,single_250
2023-11-10,base_metal,AL,1,0.8115332650019511,absolute,single_250
2023-11-10,chemical_energy,FG,1,1.080085050651822,strongest,single_250
2023-11-10,chemical_energy,SP,-1,-0.5807002188849689,weakest,single_250
2023-11-10,ferrous,RB,1,0.5892181568494609,absolute,single_250
2023-11-10,government_bond,T,1,1.2921261094333145,absolute,single_250
2023-11-17,agriculture,SR,1,1.6546698937312407,strongest,single_250
2023-11-17,agriculture,LH,-1,-2.3247091948143064,weakest,single_250
2023-11-17,base_metal,AL,1,0.5121036560691316,absolute,single_250
2023-11-17,chemical_energy,FG,1,0.9688977317477528,strongest,single_250
2023-11-17,chemical_energy,SC,-1,-0.6071913141723709,weakest,single_250
2023-11-17,ferrous,RB,1,0.5360579105528488,absolute,single_250
2023-11-17,government_bond,T,1,1.317820945435392,absolute,single_250
2023-11-24,agriculture,SR,1,1.4932072635515161,strongest,single_250
2023-11-24,agriculture,LH,-1,-2.438418374784024,weakest,single_250
2023-11-24,base_metal,AL,1,0.3075233296695437,absolute,single_250
2023-11-24,chemical_energy,FG,1,0.9277068613493211,strongest,single_250
2023-11-24,chemical_energy,SP,-1,-0.635720317479237,weakest,single_250
2023-11-24,ferrous,RB,1,0.43312335979625294,absolute,single_250
2023-11-24,government_bond,T,1,1.6482011672774912,absolute,single_250
2023-12-01,agriculture,SR,1,1.2940059710520118,strongest,single_250
2023-12-01,agriculture,LH,-1,-2.4890421049530858,weakest,single_250
2023-12-01,base_metal,AL,1,0.2305900272370022,absolute,single_250
2023-12-01,chemical_energy,FG,1,1.3434586921851606,strongest,single_250
2023-12-01,chemical_energy,SP,-1,-1.028159318239341,weakest,single_250
2023-12-01,ferrous,RB,1,0.378722433600216,absolute,single_250
2023-12-01,government_bond,T,1,1.732986898534135,absolute,single_250
2023-12-08,agriculture,M,1,1.2247062905898596,strongest,single_250
2023-12-08,agriculture,LH,-1,-2.3822795917065993,weakest,single_250
2023-12-08,base_metal,AL,1,0.14376784204300652,absolute,single_250
2023-12-08,chemical_energy,FG,1,1.1371123895814532,strongest,single_250
2023-12-08,chemical_energy,SP,-1,-0.810598634820641,weakest,single_250
2023-12-08,ferrous,RB,1,0.37101540339111244,absolute,single_250
2023-12-08,government_bond,T,1,2.0622113238460864,absolute,single_250
2023-12-15,agriculture,M,1,1.2001729890561366,strongest,single_250
2023-12-15,agriculture,LH,-1,-2.5267729660300775,weakest,single_250
2023-12-15,base_metal,AL,1,0.1826276071031118,absolute,single_250
2023-12-15,chemical_energy,FG,1,0.8613979935167572,strongest,single_250
2023-12-15,chemical_energy,SP,-1,-1.1155508598446482,weakest,single_250
2023-12-15,ferrous,RB,1,0.10132270056221243,absolute,single_250
2023-12-15,government_bond,T,1,2.2118329129623144,absolute,single_250
2023-12-22,agriculture,M,1,0.9536559320581671,strongest,single_250
2023-12-22,agriculture,LH,-1,-1.9984381020899025,weakest,single_250
2023-12-22,base_metal,AL,1,0.5562020457985022,absolute,single_250
2023-12-22,chemical_energy,FG,1,0.9600971553130822,strongest,single_250
2023-12-22,chemical_energy,SP,-1,-1.0628474409593756,weakest,single_250
2023-12-22,ferrous,RB,1,0.0455784053858745,absolute,single_250
2023-12-22,government_bond,T,1,2.178312058130269,absolute,single_250
2023-12-29,agriculture,M,1,1.1061406224795836,strongest,single_250
2023-12-29,agriculture,LH,-1,-1.9480775101249175,weakest,single_250
2023-12-29,base_metal,AL,1,0.7553031263748025,absolute,single_250
2023-12-29,chemical_energy,FG,1,0.9986721439172107,strongest,single_250
2023-12-29,chemical_energy,SP,-1,-0.8758695503575213,weakest,single_250
2023-12-29,ferrous,RB,1,0.04100826931206799,absolute,single_250
2023-12-29,government_bond,T,1,2.120502503414779,absolute,single_250
2024-01-05,agriculture,SR,1,0.882460841886645,strongest,single_250
2024-01-05,agriculture,LH,-1,-2.411763307146556,weakest,single_250
2024-01-05,base_metal,AL,1,0.566670208610366,absolute,single_250
2024-01-05,chemical_energy,FG,1,0.867608750912647,strongest,single_250
2024-01-05,chemical_energy,SP,-1,-0.9035639235345357,weakest,single_250
2024-01-05,ferrous,RB,-1,-0.0917542484856206,absolute,single_250
2024-01-05,government_bond,T,1,2.079693080880607,absolute,single_250
2024-01-12,agriculture,SR,1,0.8331845598718974,strongest,single_250
2024-01-12,agriculture,LH,-1,-2.103023266051518,weakest,single_250
2024-01-12,base_metal,AL,1,0.6745274721658242,absolute,single_250
2024-01-12,chemical_energy,FG,1,0.4355044361145908,strongest,single_250
2024-01-12,chemical_energy,SP,-1,-0.9298826617167965,weakest,single_250
2024-01-12,ferrous,RB,-1,-0.2909799567262287,absolute,single_250
2024-01-12,government_bond,T,1,1.949659227954552,absolute,single_250
2024-01-19,agriculture,SR,1,1.1309205308523729,strongest,single_250
2024-01-19,agriculture,LH,-1,-2.008472422935887,weakest,single_250
2024-01-19,base_metal,AL,1,0.5751628056526792,absolute,single_250
2024-01-19,chemical_energy,FG,1,0.5018456573371869,strongest,single_250
2024-01-19,chemical_energy,SP,-1,-0.7153423926093347,weakest,single_250
2024-01-19,ferrous,RB,-1,-0.36464275804953666,absolute,single_250
2024-01-19,government_bond,T,1,2.22465082124672,absolute,single_250
2024-01-26,agriculture,SR,1,1.1701367249699912,strongest,single_250
2024-01-26,agriculture,LH,-1,-1.8166165302764699,weakest,single_250
2024-01-26,base_metal,AL,1,0.5582820763315044,absolute,single_250
2024-01-26,chemical_energy,FG,1,0.62867843069933,strongest,single_250
2024-01-26,chemical_energy,SP,-1,-0.7990132262719162,weakest,single_250
2024-01-26,ferrous,RB,-1,-0.2731040247447911,absolute,single_250
2024-01-26,government_bond,T,1,2.403865278785365,absolute,single_250
2024-02-02,agriculture,SR,1,0.9773006589490241,strongest,single_250
2024-02-02,agriculture,LH,-1,-1.8737238087588717,weakest,single_250
2024-02-02,base_metal,AL,1,0.3422896042794002,absolute,single_250
2024-02-02,chemical_energy,FG,1,0.6013736160582185,strongest,single_250
2024-02-02,chemical_energy,SP,-1,-1.26702562917581,weakest,single_250
2024-02-02,ferrous,RB,-1,-0.5330790137469366,absolute,single_250
2024-02-02,government_bond,T,1,2.454711602158215,absolute,single_250
2024-02-08,agriculture,SR,1,1.0447119984541466,strongest,single_250
2024-02-08,agriculture,LH,-1,-1.9238278001811173,weakest,single_250
2024-02-08,base_metal,AL,1,0.3264362485824972,absolute,single_250
2024-02-08,chemical_energy,FG,1,0.7570687621094537,strongest,single_250
2024-02-08,chemical_energy,SP,-1,-1.3071211846947515,weakest,single_250
2024-02-08,ferrous,RB,-1,-0.34927243110899187,absolute,single_250
2024-02-08,government_bond,T,1,2.2577588118522085,absolute,single_250
2024-02-23,agriculture,CF,1,0.7958034943843211,strongest,single_250
2024-02-23,agriculture,LH,-1,-1.9653981740301294,weakest,single_250
2024-02-23,base_metal,AL,1,0.5287548115233104,absolute,single_250
2024-02-23,chemical_energy,FG,1,0.6177221110007934,strongest,single_250
2024-02-23,chemical_energy,SP,-1,-0.9080904647397593,weakest,single_250
2024-02-23,ferrous,RB,-1,-0.36278059065188106,absolute,single_250
2024-02-23,government_bond,T,1,2.3603979873843444,absolute,single_250
2024-03-01,agriculture,CF,1,0.7088244542675299,strongest,single_250
2024-03-01,agriculture,LH,-1,-2.057286063764267,weakest,single_250
2024-03-01,base_metal,AL,1,0.48711081797616923,absolute,single_250
2024-03-01,chemical_energy,FG,1,0.514393667338905,strongest,single_250
2024-03-01,chemical_energy,SP,-1,-0.8354781544582024,weakest,single_250
2024-03-01,ferrous,RB,-1,-0.6965286354604425,absolute,single_250
2024-03-01,government_bond,T,1,2.357973013216739,absolute,single_250
2024-03-08,agriculture,M,1,0.8524744610077009,strongest,single_250
2024-03-08,agriculture,LH,-1,-1.912109549428239,weakest,single_250
2024-03-08,base_metal,AL,1,0.7807210704573286,absolute,single_250
2024-03-08,chemical_energy,SC,1,0.5464771227907887,strongest,single_250
2024-03-08,chemical_energy,SP,-1,-0.626382595287049,weakest,single_250
2024-03-08,ferrous,RB,-1,-0.8217378021586415,absolute,single_250
2024-03-08,government_bond,T,1,2.4130115419635763,absolute,single_250
2024-03-15,agriculture,M,1,1.0031360554858315,strongest,single_250
2024-03-15,agriculture,LH,-1,-1.802063263982655,weakest,single_250
2024-03-15,base_metal,AL,1,0.7319560163633619,absolute,single_250
2024-03-15,chemical_energy,RU,1,0.5241215013092129,strongest,single_250
2024-03-15,chemical_energy,SP,-1,-0.5254577643813483,weakest,single_250
2024-03-15,ferrous,RB,-1,-1.1491693360776418,absolute,single_250
2024-03-15,government_bond,T,1,2.182160774896081,absolute,single_250
2024-03-22,agriculture,M,1,0.988620229643162,strongest,single_250
2024-03-22,agriculture,LH,-1,-1.3946875772823437,weakest,single_250
2024-03-22,base_metal,AL,1,0.8553284714779021,absolute,single_250
2024-03-22,chemical_energy,SC,1,0.6149343715406994,strongest,single_250
2024-03-22,chemical_energy,SP,-1,-0.17030588123385038,weakest,single_250
2024-03-22,ferrous,RB,-1,-1.212401099675,absolute,single_250
2024-03-22,government_bond,T,1,2.0376236234719944,absolute,single_250
2024-03-29,agriculture,M,1,1.220797071982385,strongest,single_250
2024-03-29,agriculture,LH,-1,-1.6023400100302343,weakest,single_250
2024-03-29,base_metal,AL,1,1.1865026206931235,absolute,single_250
2024-03-29,chemical_energy,SC,1,1.1497818350562619,strongest,single_250
2024-03-29,chemical_energy,MA,-1,-0.07987065287471219,weakest,single_250
2024-03-29,ferrous,RB,-1,-1.2661010661298961,absolute,single_250
2024-03-29,government_bond,T,1,2.0477417136481435,absolute,single_250
2024-04-03,agriculture,M,1,1.264805148185,strongest,single_250
2024-04-03,agriculture,LH,-1,-1.5511091938933483,weakest,single_250
2024-04-03,base_metal,AL,1,1.1775807256789466,absolute,single_250
2024-04-03,chemical_energy,SC,1,1.0943091863156096,strongest,single_250
2024-04-03,chemical_energy,MA,-1,-0.019962669323072408,weakest,single_250
2024-04-03,ferrous,RB,-1,-1.066289586835372,absolute,single_250
2024-04-03,government_bond,T,1,2.0551410279052926,absolute,single_250
2024-04-12,agriculture,M,1,1.329755974038435,strongest,single_250
2024-04-12,agriculture,LH,-1,-1.4958423719091893,weakest,single_250
2024-04-12,base_metal,AL,1,1.3096955183126713,absolute,single_250
2024-04-12,chemical_energy,SC,1,1.061914664133906,strongest,single_250
2024-04-12,ferrous,RB,-1,-0.949782016923997,absolute,single_250
2024-04-12,government_bond,T,1,2.208703515592971,absolute,single_250
2024-04-19,agriculture,M,1,1.3416359878699107,strongest,single_250
2024-04-19,agriculture,LH,-1,-1.33467180976483,weakest,single_250
2024-04-19,base_metal,AL,1,1.1026350739920086,absolute,single_250
2024-04-19,chemical_energy,UR,1,0.7337342782058055,strongest,single_250
2024-04-19,ferrous,RB,-1,-0.6792030706902198,absolute,single_250
2024-04-19,government_bond,T,1,2.2211587934983643,absolute,single_250
2024-04-26,agriculture,M,1,1.4464495676910707,strongest,single_250
2024-04-26,agriculture,LH,-1,-1.3554397566287975,weakest,single_250
2024-04-26,base_metal,AL,1,1.1948976656557286,absolute,single_250
2024-04-26,chemical_energy,UR,1,0.6565612579483638,strongest,single_250
2024-04-26,ferrous,RB,-1,-0.5222672380167045,absolute,single_250
2024-04-26,government_bond,T,1,1.915180160857899,absolute,single_250
2024-04-30,agriculture,M,1,1.4000209636894285,strongest,single_250
2024-04-30,agriculture,LH,-1,-1.616932243281333,weakest,single_250
2024-04-30,base_metal,AL,1,1.0575173899428434,absolute,single_250
2024-04-30,chemical_energy,UR,1,0.5577388223170642,strongest,single_250
2024-04-30,chemical_energy,FG,-1,-0.07292449862030338,weakest,single_250
2024-04-30,ferrous,RB,-1,-0.6538784662682933,absolute,single_250
2024-04-30,government_bond,T,1,1.852521734647233,absolute,single_250
2024-05-10,agriculture,M,1,1.835334124671445,strongest,single_250
2024-05-10,agriculture,LH,-1,-1.4728879796510486,weakest,single_250
2024-05-10,base_metal,AL,1,1.206188734438012,absolute,single_250
2024-05-10,chemical_energy,UR,1,0.7616759066666647,strongest,single_250
2024-05-10,chemical_energy,FG,-1,-0.06454367679147649,weakest,single_250
2024-05-10,ferrous,RB,-1,-0.23036180601571835,absolute,single_250
2024-05-10,government_bond,T,1,1.800394861118585,absolute,single_250
2024-05-17,agriculture,M,1,1.8057724754451,strongest,single_250
2024-05-17,agriculture,LH,-1,-1.3893244803306424,weakest,single_250
2024-05-17,base_metal,AL,1,1.5121667663355962,absolute,single_250
2024-05-17,chemical_energy,SC,1,0.9640936789193217,strongest,single_250
2024-05-17,ferrous,RB,-1,-0.042877528735669274,absolute,single_250
2024-05-17,government_bond,T,1,1.4773305866274704,absolute,single_250
2024-05-24,agriculture,M,1,1.7781290289386869,strongest,single_250
2024-05-24,agriculture,LH,-1,-1.3072185477745462,weakest,single_250
2024-05-24,base_metal,AL,1,1.6018458587130542,absolute,single_250
2024-05-24,chemical_energy,UR,1,1.0874218592546896,strongest,single_250
2024-05-24,ferrous,RB,1,0.14298418228273158,absolute,single_250
2024-05-24,government_bond,T,1,1.5432305148496415,absolute,single_250
2024-05-31,agriculture,M,1,1.7733132223553212,strongest,single_250
2024-05-31,agriculture,LH,-1,-1.267928846624124,weakest,single_250
2024-05-31,base_metal,AL,1,1.6367398113887937,absolute,single_250
2024-05-31,chemical_energy,UR,1,1.1614152852959256,strongest,single_250
2024-05-31,ferrous,RB,-1,-0.09938904712691754,absolute,single_250
2024-05-31,government_bond,T,1,1.5678756888550476,absolute,single_250
2024-06-07,agriculture,M,1,1.777471520435592,strongest,single_250
2024-06-07,agriculture,LH,-1,-1.3743638436156367,weakest,single_250
2024-06-07,base_metal,AL,1,1.5864142165688047,absolute,single_250
2024-06-07,chemical_energy,UR,1,1.279378645820572,strongest,single_250
2024-06-07,ferrous,RB,1,0.07010186318617424,absolute,single_250
2024-06-07,government_bond,T,1,1.7024631519586815,absolute,single_250
2024-06-14,agriculture,M,1,1.7308052950933834,strongest,single_250
2024-06-14,agriculture,LH,-1,-1.2081906116925063,weakest,single_250
2024-06-14,base_metal,AL,1,1.248141716874737,absolute,single_250
2024-06-14,chemical_energy,UR,1,1.1065741378932483,strongest,single_250
2024-06-14,ferrous,RB,-1,-0.05174117934043584,absolute,single_250
2024-06-14,government_bond,T,1,1.6049523535744739,absolute,single_250
2024-06-21,agriculture,M,1,1.4953726082343386,strongest,single_250
2024-06-21,agriculture,LH,-1,-1.2828835713827607,weakest,single_250
2024-06-21,base_metal,AL,1,1.2285816742255478,absolute,single_250
2024-06-21,chemical_energy,UR,1,1.2124126165267006,strongest,single_250
2024-06-21,ferrous,RB,-1,-0.3677555177427468,absolute,single_250
2024-06-21,government_bond,T,1,1.7123823796001658,absolute,single_250
2024-06-28,agriculture,M,1,1.3882535396909599,strongest,single_250
2024-06-28,agriculture,LH,-1,-1.4051517334769255,weakest,single_250
2024-06-28,base_metal,AL,1,1.0667737541829214,absolute,single_250
2024-06-28,chemical_energy,UR,1,1.2191519241761712,strongest,single_250
2024-06-28,ferrous,RB,-1,-0.5959387924364565,absolute,single_250
2024-06-28,government_bond,T,1,1.8382952882253631,absolute,single_250
2024-07-05,agriculture,M,1,1.0439006865835865,strongest,single_250
2024-07-05,agriculture,AP,-1,-1.156510131784769,weakest,single_250
2024-07-05,base_metal,AL,1,1.1974574267524274,absolute,single_250
2024-07-05,chemical_energy,UR,1,1.1439965722943424,strongest,single_250
2024-07-05,ferrous,RB,-1,-0.4153306521105334,absolute,single_250
2024-07-05,government_bond,T,1,1.7856725313609394,absolute,single_250
2024-07-12,agriculture,M,1,0.5258729815838369,strongest,single_250
2024-07-12,agriculture,LH,-1,-1.1606770479861819,weakest,single_250
2024-07-12,base_metal,AL,1,0.9853752580472348,absolute,single_250
2024-07-12,chemical_energy,UR,1,0.868656707507539,strongest,single_250
2024-07-12,ferrous,RB,-1,-0.6459286079287042,absolute,single_250
2024-07-12,government_bond,T,1,1.7551874620711934,absolute,single_250
2024-07-19,agriculture,P,1,0.48096215200443343,strongest,single_250
2024-07-19,agriculture,C,-1,-1.2762046079047131,weakest,single_250
2024-07-19,base_metal,AL,1,0.8577755105338396,absolute,single_250
2024-07-19,chemical_energy,UR,1,0.6780280547427424,strongest,single_250
2024-07-19,ferrous,RB,-1,-0.5269029029620543,absolute,single_250
2024-07-19,government_bond,T,1,1.8105437206741886,absolute,single_250
2024-07-26,agriculture,P,1,0.4658664188701207,strongest,single_250
2024-07-26,agriculture,C,-1,-1.3255231845801498,weakest,single_250
2024-07-26,base_metal,AL,1,0.5978107912285776,absolute,single_250
2024-07-26,chemical_energy,UR,1,0.6502910734489401,strongest,single_250
2024-07-26,chemical_energy,FG,-1,-0.1569718172832989,weakest,single_250
2024-07-26,ferrous,RB,-1,-0.7815560985999442,absolute,single_250
2024-07-26,government_bond,T,1,1.9350898383074264,absolute,single_250
2024-08-02,agriculture,P,1,0.5441120161625894,strongest,single_250
2024-08-02,agriculture,AP,-1,-1.291500177554388,weakest,single_250
2024-08-02,base_metal,AL,1,0.54679986911119,absolute,single_250
2024-08-02,chemical_energy,UR,1,0.6261229010402068,strongest,single_250
2024-08-02,chemical_energy,FG,-1,-0.14111629776879317,weakest,single_250
2024-08-02,ferrous,RB,-1,-0.9608265931440442,absolute,single_250
2024-08-02,government_bond,T,1,1.9793774347404525,absolute,single_250
2024-08-09,agriculture,P,1,0.431303748108145,strongest,single_250
2024-08-09,agriculture,CF,-1,-1.6254840292502502,weakest,single_250
2024-08-09,base_metal,AL,1,0.44876786080931963,absolute,single_250
2024-08-09,chemical_energy,RU,1,0.3814581412998087,strongest,single_250
2024-08-09,chemical_energy,FG,-1,-0.4017521854580827,weakest,single_250
2024-08-09,ferrous,RB,-1,-1.237449850809755,absolute,single_250
2024-08-09,government_bond,T,1,2.0290526686108836,absolute,single_250
2024-08-16,agriculture,P,1,0.3689173082092249,strongest,single_250
2024-08-16,agriculture,CF,-1,-1.749075552530483,weakest,single_250
2024-08-16,base_metal,AL,1,0.5057948494433907,absolute,single_250
2024-08-16,chemical_energy,RU,1,0.5509631597797234,strongest,single_250
2024-08-16,chemical_energy,FG,-1,-0.7577041852247497,weakest,single_250
2024-08-16,ferrous,RB,-1,-1.3809794916626121,absolute,single_250
2024-08-16,government_bond,T,1,1.6830957081021714,absolute,single_250
2024-08-23,agriculture,P,1,0.6315102698769792,strongest,single_250
2024-08-23,agriculture,CF,-1,-1.5578701689625987,weakest,single_250
2024-08-23,base_metal,AL,1,0.7838777757957145,absolute,single_250
2024-08-23,chemical_energy,RU,1,0.6762468112200417,strongest,single_250
2024-08-23,chemical_energy,FG,-1,-0.7605687159760426,weakest,single_250
2024-08-23,ferrous,RB,-1,-1.06674819794337,absolute,single_250
2024-08-23,government_bond,T,1,1.7128368945534873,absolute,single_250
2024-08-30,agriculture,P,1,0.5308209598020524,strongest,single_250
2024-08-30,agriculture,CF,-1,-1.4295127275458746,weakest,single_250
2024-08-30,base_metal,AL,1,0.6930036365632506,absolute,single_250
2024-08-30,chemical_energy,RU,1,0.7174434239820913,strongest,single_250
2024-08-30,chemical_energy,FG,-1,-0.911641983849196,weakest,single_250
2024-08-30,ferrous,RB,-1,-0.9779395999040266,absolute,single_250
2024-08-30,government_bond,T,1,1.3590766225238964,absolute,single_250
2024-09-06,agriculture,P,1,0.388536351136994,strongest,single_250
2024-09-06,agriculture,CF,-1,-1.8252482467698627,weakest,single_250
2024-09-06,base_metal,AL,1,0.3954824157825101,absolute,single_250
2024-09-06,chemical_energy,RU,1,0.6014353401376215,strongest,single_250
2024-09-06,chemical_energy,FG,-1,-1.0002137723841573,weakest,single_250
2024-09-06,ferrous,RB,-1,-1.3497492302237197,absolute,single_250
2024-09-06,government_bond,T,1,1.709052310540907,absolute,single_250
2024-09-13,agriculture,P,1,0.2959104060338758,strongest,single_250
2024-09-13,agriculture,C,-1,-1.8983147120489683,weakest,single_250
2024-09-13,base_metal,AL,1,0.4258820672455508,absolute,single_250
2024-09-13,chemical_energy,RU,1,0.46989492558100654,strongest,single_250
2024-09-13,chemical_energy,FG,-1,-1.6080632714302425,weakest,single_250
2024-09-13,ferrous,RB,-1,-1.28201715294032,absolute,single_250
2024-09-13,government_bond,T,1,2.1572345810232596,absolute,single_250
2024-09-20,agriculture,P,1,0.6601594079668023,strongest,single_250
2024-09-20,agriculture,C,-1,-2.058949868117226,weakest,single_250
2024-09-20,base_metal,AL,1,0.4519693603755626,absolute,single_250
2024-09-20,chemical_energy,RU,1,0.6400714159228704,strongest,single_250
2024-09-20,chemical_energy,FG,-1,-1.5649295870873374,weakest,single_250
2024-09-20,ferrous,RB,-1,-1.2839436226276344,absolute,single_250
2024-09-20,government_bond,T,1,2.3836372210399186,absolute,single_250
2024-09-27,agriculture,P,1,1.002832946352923,strongest,single_250
2024-09-27,agriculture,C,-1,-1.926770102452706,weakest,single_250
2024-09-27,base_metal,AL,1,0.5514224452395159,absolute,single_250
2024-09-27,chemical_energy,RU,1,0.8360976067721096,strongest,single_250
2024-09-27,chemical_energy,FG,-1,-1.1753764521118668,weakest,single_250
2024-09-27,ferrous,RB,-1,-0.9530943783907952,absolute,single_250
2024-09-27,government_bond,T,1,1.453878713713091,absolute,single_250
2024-09-30,agriculture,P,1,0.968210080311438,strongest,single_250
2024-09-30,agriculture,C,-1,-1.8328610685630413,weakest,single_250
2024-09-30,base_metal,AL,1,0.5430543965424705,absolute,single_250
2024-09-30,chemical_energy,RU,1,1.126282765251773,strongest,single_250
2024-09-30,chemical_energy,FG,-1,-0.9773834839160298,weakest,single_250
2024-09-30,ferrous,RB,-1,-0.6192324705116858,absolute,single_250
2024-09-30,government_bond,T,1,1.447125156399428,absolute,single_250
2024-10-11,agriculture,P,1,1.348206009856819,strongest,single_250
2024-10-11,agriculture,C,-1,-1.8219502638401817,weakest,single_250
2024-10-11,base_metal,AL,1,0.6607526543075952,absolute,single_250
2024-10-11,chemical_energy,RU,1,0.7355767428500586,strongest,single_250
2024-10-11,chemical_energy,FG,-1,-1.122938692552264,weakest,single_250
2024-10-11,ferrous,RB,-1,-0.6529914805647652,absolute,single_250
2024-10-11,government_bond,T,1,1.625019914162977,absolute,single_250
2024-10-18,agriculture,P,1,1.1411273307537997,strongest,single_250
2024-10-18,agriculture,C,-1,-1.7845354702041896,weakest,single_250
2024-10-18,base_metal,AL,1,0.4610099201040061,absolute,single_250
2024-10-18,chemical_energy,RU,1,0.7959060986303689,strongest,single_250
2024-10-18,chemical_energy,FG,-1,-0.9710115265354133,weakest,single_250
2024-10-18,ferrous,RB,-1,-0.7298391984426332,absolute,single_250
2024-10-18,government_bond,T,1,1.746260903483504,absolute,single_250
2024-10-25,agriculture,P,1,1.5735370973596847,strongest,single_250
2024-10-25,agriculture,C,-1,-1.4699641924003202,weakest,single_250
2024-10-25,base_metal,AL,1,0.7115175246617095,absolute,single_250
2024-10-25,chemical_energy,RU,1,0.3740020266246099,strongest,single_250
2024-10-25,chemical_energy,SP,-1,-0.6927747736211752,weakest,single_250
2024-10-25,ferrous,RB,-1,-0.5611038917297422,absolute,single_250
2024-10-25,government_bond,T,1,1.6496770726433163,absolute,single_250
2024-11-01,agriculture,P,1,1.8215575334492895,strongest,single_250
2024-11-01,agriculture,C,-1,-1.2813413149269315,weakest,single_250
2024-11-01,base_metal,AL,1,0.7300227743444202,absolute,single_250
2024-11-01,chemical_energy,RU,1,0.4927276287069106,strongest,single_250
2024-11-01,chemical_energy,SC,-1,-0.8708962861997489,weakest,single_250
2024-11-01,ferrous,RB,-1,-0.5175194393827012,absolute,single_250
2024-11-01,government_bond,T,1,1.8923775839397867,absolute,single_250
2024-11-08,agriculture,P,1,2.0616796969548186,strongest,single_250
2024-11-08,agriculture,C,-1,-1.4761369680015284,weakest,single_250
2024-11-08,base_metal,AL,1,1.0410206262773352,absolute,single_250
2024-11-08,chemical_energy,RU,1,0.6550113026177905,strongest,single_250
2024-11-08,chemical_energy,SC,-1,-0.6783128119984912,weakest,single_250
2024-11-08,ferrous,RB,-1,-0.7300390666846032,absolute,single_250
2024-11-08,government_bond,T,1,1.9201182643532417,absolute,single_250
2024-11-15,agriculture,P,1,1.9479620291776696,strongest,single_250
2024-11-15,agriculture,C,-1,-1.701446796976524,weakest,single_250
2024-11-15,base_metal,AL,1,0.5440693357723964,absolute,single_250
2024-11-15,chemical_energy,RU,1,0.5110996021007941,strongest,single_250
2024-11-15,chemical_energy,FG,-1,-0.9277607113836661,weakest,single_250
2024-11-15,ferrous,RB,-1,-1.0529625178097188,absolute,single_250
2024-11-15,government_bond,T,1,1.8645151950763208,absolute,single_250
2024-11-22,agriculture,P,1,1.5490207820521262,strongest,single_250
2024-11-22,agriculture,C,-1,-1.5405399485756122,weakest,single_250
2024-11-22,base_metal,AL,1,0.42651955250957374,absolute,single_250
2024-11-22,chemical_energy,MA,1,0.382722438462291,strongest,single_250
2024-11-22,chemical_energy,FG,-1,-1.0978279398003468,weakest,single_250
2024-11-22,ferrous,RB,-1,-1.0931659958104818,absolute,single_250
2024-11-22,government_bond,T,1,1.8563575092289317,absolute,single_250
2024-11-29,agriculture,P,1,1.8443774458767557,strongest,single_250
2024-11-29,agriculture,C,-1,-1.7442032454228886,weakest,single_250
2024-11-29,base_metal,AL,1,0.5007410283046524,absolute,single_250
2024-11-29,chemical_energy,RU,1,0.6243651673785114,strongest,single_250
2024-11-29,chemical_energy,FG,-1,-1.0019349541342728,weakest,single_250
2024-11-29,ferrous,RB,-1,-1.1175305607291048,absolute,single_250
2024-11-29,government_bond,T,1,1.90597113288278,absolute,single_250
2024-12-06,agriculture,P,1,1.948182229787565,strongest,single_250
2024-12-06,agriculture,C,-1,-1.9690398787706669,weakest,single_250
2024-12-06,base_metal,AL,1,0.48739362033479977,absolute,single_250
2024-12-06,chemical_energy,RU,1,0.9002334635817411,strongest,single_250
2024-12-06,chemical_energy,FG,-1,-1.1376593000027762,weakest,single_250
2024-12-06,ferrous,RB,-1,-1.3002764523609824,absolute,single_250
2024-12-06,government_bond,T,1,2.22331902617407,absolute,single_250
2024-12-13,agriculture,P,1,1.8876837432707783,strongest,single_250
2024-12-13,agriculture,C,-1,-1.6961322395856282,weakest,single_250
2024-12-13,base_metal,AL,1,0.597246612353526,absolute,single_250
2024-12-13,chemical_energy,RU,1,0.9143741337823365,strongest,single_250
2024-12-13,chemical_energy,FG,-1,-1.5369307239075127,weakest,single_250
2024-12-13,ferrous,RB,-1,-1.1359629152844775,absolute,single_250
2024-12-13,government_bond,T,1,2.397899372217319,absolute,single_250
2024-12-20,agriculture,P,1,1.6252148182801833,strongest,single_250
2024-12-20,agriculture,C,-1,-1.871572026552616,weakest,single_250
2024-12-20,base_metal,AL,1,0.4666467673257247,absolute,single_250
2024-12-20,chemical_energy,RU,1,0.6545247795560611,strongest,single_250
2024-12-20,chemical_energy,FG,-1,-1.425523441749205,weakest,single_250
2024-12-20,ferrous,RB,-1,-1.3982420201937413,absolute,single_250
2024-12-20,government_bond,T,1,2.4863854838972363,absolute,single_250
2024-12-27,agriculture,P,1,1.708284397590964,strongest,single_250
2024-12-27,agriculture,C,-1,-1.4475056559257242,weakest,single_250
2024-12-27,base_metal,AL,1,0.30660759537758503,absolute,single_250
2024-12-27,chemical_energy,RU,1,0.6751257051974646,strongest,single_250
2024-12-27,chemical_energy,FG,-1,-1.2381036461010555,weakest,single_250
2024-12-27,ferrous,RB,-1,-1.2390252061973583,absolute,single_250
2024-12-27,government_bond,T,1,2.2941649186572337,absolute,single_250
2025-01-03,agriculture,P,1,1.4925307376209072,strongest,single_250
2025-01-03,agriculture,C,-1,-1.2979749908387128,weakest,single_250
2025-01-03,base_metal,AL,1,0.21139532908053923,absolute,single_250
2025-01-03,chemical_energy,MA,1,0.500765723987486,strongest,single_250
2025-01-03,chemical_energy,FG,-1,-1.4076998563460013,weakest,single_250
2025-01-03,ferrous,RB,-1,-1.3460147507046065,absolute,single_250
2025-01-03,government_bond,T,1,2.4407224140898953,absolute,single_250
2025-01-10,agriculture,P,1,1.4268399625582715,strongest,single_250
2025-01-10,agriculture,C,-1,-1.3926377380345554,weakest,single_250
2025-01-10,base_metal,AL,1,0.12677649177592484,absolute,single_250
2025-01-10,chemical_energy,SC,1,0.3677550815041395,strongest,single_250
2025-01-10,chemical_energy,FG,-1,-1.4673858960979667,weakest,single_250
2025-01-10,ferrous,RB,-1,-1.4688286505590216,absolute,single_250
2025-01-10,government_bond,T,1,2.2600782361599614,absolute,single_250
2025-01-17,agriculture,P,1,1.449947204964631,strongest,single_250
2025-01-17,agriculture,CF,-1,-1.2361313073610765,weakest,single_250
2025-01-17,base_metal,AL,1,0.3626188812643089,absolute,single_250
2025-01-17,chemical_energy,SC,1,0.8252969924441025,strongest,single_250
2025-01-17,chemical_energy,FG,-1,-1.165088354692121,weakest,single_250
2025-01-17,ferrous,RB,-1,-1.1755910516307666,absolute,single_250
2025-01-17,government_bond,T,1,2.147489714431037,absolute,single_250
2025-01-24,agriculture,P,1,1.20288126286712,strongest,single_250
2025-01-24,agriculture,CF,-1,-1.2187464089446358,weakest,single_250
2025-01-24,base_metal,AL,1,0.39847010079018996,absolute,single_250
2025-01-24,chemical_energy,SC,1,0.5353561291471786,strongest,single_250
2025-01-24,chemical_energy,FG,-1,-1.0173767983920563,weakest,single_250
2025-01-24,ferrous,RB,-1,-1.0534098884489878,absolute,single_250
2025-01-24,government_bond,T,1,2.2485770670397778,absolute,single_250
2025-01-27,agriculture,P,1,1.325232851540925,strongest,single_250
2025-01-27,agriculture,CF,-1,-1.117110972169096,weakest,single_250
2025-01-27,base_metal,AL,1,0.3926168498716421,absolute,single_250
2025-01-27,chemical_energy,SC,1,0.5942734904274669,strongest,single_250
2025-01-27,chemical_energy,FG,-1,-1.0712279586838973,weakest,single_250
2025-01-27,ferrous,RB,-1,-1.036157452379738,absolute,single_250
2025-01-27,government_bond,T,1,2.3014368508183303,absolute,single_250
2025-02-07,agriculture,P,1,1.4959374749672814,strongest,single_250
2025-02-07,agriculture,CF,-1,-1.4236981187192286,weakest,single_250
2025-02-07,base_metal,AL,1,0.5612126143532834,absolute,single_250
2025-02-07,chemical_energy,SC,1,0.5957705981703874,strongest,single_250
2025-02-07,chemical_energy,FG,-1,-1.1627128275656227,weakest,single_250
2025-02-07,ferrous,RB,-1,-1.1092532078169899,absolute,single_250
2025-02-07,government_bond,T,1,2.315425756193424,absolute,single_250
2025-02-14,agriculture,P,1,1.5206299441315774,strongest,single_250
2025-02-14,agriculture,CF,-1,-1.4171278206804638,weakest,single_250
2025-02-14,base_metal,AL,1,0.5811477136297867,absolute,single_250
2025-02-14,chemical_energy,RU,1,0.664482443862231,strongest,single_250
2025-02-14,chemical_energy,FG,-1,-1.5412110198111761,weakest,single_250
2025-02-14,ferrous,RB,-1,-1.3310655036416876,absolute,single_250
2025-02-14,government_bond,T,1,2.004763675731498,absolute,single_250
2025-02-21,agriculture,P,1,1.9094866724916075,strongest,single_250
2025-02-21,agriculture,CF,-1,-1.3674252303967935,weakest,single_250
2025-02-21,base_metal,AL,1,0.5997726424264129,absolute,single_250
2025-02-21,chemical_energy,RU,1,0.7402941253319328,strongest,single_250
2025-02-21,chemical_energy,FG,-1,-1.3889826979634057,weakest,single_250
2025-02-21,ferrous,RB,-1,-1.023265406156647,absolute,single_250
2025-02-21,government_bond,T,1,1.602943823020416,absolute,single_250
2025-02-28,agriculture,P,1,1.7249135646740394,strongest,single_250
2025-02-28,agriculture,CF,-1,-1.5294285158542313,weakest,single_250
2025-02-28,base_metal,AL,1,0.5253363682312987,absolute,single_250
2025-02-28,chemical_energy,RU,1,0.7088071189502138,strongest,single_250
2025-02-28,chemical_energy,FG,-1,-1.499893037596043,weakest,single_250
2025-02-28,ferrous,RB,-1,-1.0438947566569015,absolute,single_250
2025-02-28,government_bond,T,1,1.7205359018375108,absolute,single_250
2025-03-07,agriculture,P,1,1.6357305434168696,strongest,single_250
2025-03-07,agriculture,CF,-1,-1.703612443209064,weakest,single_250
2025-03-07,base_metal,AL,1,0.6232193016470503,absolute,single_250
2025-03-07,chemical_energy,RU,1,0.49949234717603774,strongest,single_250
2025-03-07,chemical_energy,FG,-1,-1.4150584194016027,weakest,single_250
2025-03-07,ferrous,RB,-1,-1.0669835989899,absolute,single_250
2025-03-07,government_bond,T,1,1.3171349905357719,absolute,single_250
2025-03-14,agriculture,P,1,1.4958007916945084,strongest,single_250
2025-03-14,agriculture,CF,-1,-1.5737755886620952,weakest,single_250
2025-03-14,base_metal,AL,1,0.6272190227388607,absolute,single_250
2025-03-14,chemical_energy,RU,1,0.41702478019509454,strongest,single_250
2025-03-14,chemical_energy,FG,-1,-1.3770992526754908,weakest,single_250
2025-03-14,ferrous,RB,-1,-1.0089692755905635,absolute,single_250
2025-03-14,government_bond,T,1,1.3308394756779574,absolute,single_250
2025-03-21,agriculture,P,1,1.3301364139766476,strongest,single_250
2025-03-21,agriculture,CF,-1,-1.6280022912290975,weakest,single_250
2025-03-21,base_metal,AL,1,0.42234601298255253,absolute,single_250
2025-03-21,chemical_energy,RU,1,0.26581798268516477,strongest,single_250
2025-03-21,chemical_energy,FG,-1,-1.2841473185377767,weakest,single_250
2025-03-21,ferrous,RB,-1,-1.0667863597404903,absolute,single_250
2025-03-21,government_bond,T,1,1.1193903034943822,absolute,single_250
2025-03-28,agriculture,P,1,1.1859464612539805,strongest,single_250
2025-03-28,agriculture,CF,-1,-1.5620096005119115,weakest,single_250
2025-03-28,base_metal,AL,1,0.3395854957901528,absolute,single_250
2025-03-28,chemical_energy,RU,1,0.04955533292497204,strongest,single_250
2025-03-28,chemical_energy,FG,-1,-1.190379892341726,weakest,single_250
2025-03-28,ferrous,RB,-1,-0.7006738470657573,absolute,single_250
2025-03-28,government_bond,T,1,1.334358690590213,absolute,single_250
2025-04-03,agriculture,P,1,1.1391405548341205,strongest,single_250
2025-04-03,agriculture,CF,-1,-1.6507854982928396,weakest,single_250
2025-04-03,base_metal,AL,1,0.20527165829640162,absolute,single_250
2025-04-03,chemical_energy,UR,1,0.13720307549766514,strongest,single_250
2025-04-03,chemical_energy,FG,-1,-1.0886632606589501,weakest,single_250
2025-04-03,ferrous,RB,-1,-0.9591486170657975,absolute,single_250
2025-04-03,government_bond,T,1,1.473064420348731,absolute,single_250
2025-04-11,agriculture,P,1,0.9573741564322612,strongest,single_250
2025-04-11,agriculture,CF,-1,-1.8813989367644977,weakest,single_250
2025-04-11,base_metal,AL,-1,-0.06274603679237664,absolute,single_250
2025-04-11,chemical_energy,UR,1,0.1752123859961737,strongest,single_250
2025-04-11,chemical_energy,SP,-1,-1.0544914279422037,weakest,single_250
2025-04-11,ferrous,RB,-1,-0.8934505415396721,absolute,single_250
2025-04-11,government_bond,T,1,1.6193272735215223,absolute,single_250
2025-04-18,agriculture,P,1,0.9172616694173775,strongest,single_250
2025-04-18,agriculture,CF,-1,-2.0929861575267124,weakest,single_250
2025-04-18,base_metal,AL,-1,-0.3073290568463647,absolute,single_250
2025-04-18,chemical_energy,FG,-1,-1.3615794933989591,weakest,single_250
2025-04-18,ferrous,RB,-1,-1.0612667189504261,absolute,single_250
2025-04-18,government_bond,T,1,1.585434913953467,absolute,single_250
2025-04-25,agriculture,P,1,1.1321529752221975,strongest,single_250
2025-04-25,agriculture,CF,-1,-2.026180661579973,weakest,single_250
2025-04-25,base_metal,AL,-1,-0.35261052781856683,absolute,single_250
2025-04-25,chemical_energy,FG,-1,-1.32499801469241,weakest,single_250
2025-04-25,ferrous,RB,-1,-1.1045068851665145,absolute,single_250
2025-04-25,government_bond,T,1,1.3993961284376526,absolute,single_250
2025-04-30,agriculture,P,1,1.1207576535522497,strongest,single_250
2025-04-30,agriculture,CF,-1,-1.9232658623222354,weakest,single_250
2025-04-30,base_metal,AL,-1,-0.32102006195327437,absolute,single_250
2025-04-30,chemical_energy,FG,-1,-1.504096158997541,weakest,single_250
2025-04-30,ferrous,RB,-1,-1.2260336411715844,absolute,single_250
2025-04-30,government_bond,T,1,1.4053424587381904,absolute,single_250
2025-05-09,agriculture,P,1,0.9506480949207509,strongest,single_250
2025-05-09,agriculture,CF,-1,-1.735317937037522,weakest,single_250
2025-05-09,base_metal,AL,-1,-0.36422590537147115,absolute,single_250
2025-05-09,chemical_energy,FG,-1,-1.7068791252277753,weakest,single_250
2025-05-09,ferrous,RB,-1,-1.3430951065984036,absolute,single_250
2025-05-09,government_bond,T,1,1.4731730223187913,absolute,single_250
2025-05-16,agriculture,P,1,1.0491987261166371,strongest,single_250
2025-05-16,agriculture,CF,-1,-1.3363949233874133,weakest,single_250
2025-05-16,base_metal,AL,-1,-0.3308009529420568,absolute,single_250
2025-05-16,chemical_energy,FG,-1,-1.889023738572133,weakest,single_250
2025-05-16,ferrous,RB,-1,-1.3329650405662021,absolute,single_250
2025-05-16,government_bond,T,1,1.404005939517926,absolute,single_250
2025-05-23,agriculture,P,1,1.0442315585382438,strongest,single_250
2025-05-23,agriculture,M,-1,-1.282518024511309,weakest,single_250
2025-05-23,base_metal,AL,-1,-0.26074530590902467,absolute,single_250
2025-05-23,chemical_energy,FG,-1,-1.9370379207460398,weakest,single_250
2025-05-23,ferrous,RB,-1,-1.3163500243789412,absolute,single_250
2025-05-23,government_bond,T,1,1.3532365035420229,absolute,single_250
2025-05-30,agriculture,P,1,0.9624239157285673,strongest,single_250
2025-05-30,agriculture,CF,-1,-1.3228870843023643,weakest,single_250
2025-05-30,base_metal,AL,-1,-0.4153175530380286,absolute,single_250
2025-05-30,chemical_energy,FG,-1,-2.0472171806793957,weakest,single_250
2025-05-30,ferrous,RB,-1,-1.5515195792816154,absolute,single_250
2025-05-30,government_bond,T,1,1.310915508073068,absolute,single_250
2025-06-06,agriculture,P,1,1.0259545457889772,strongest,single_250
2025-06-06,agriculture,CF,-1,-1.402796275102501,weakest,single_250
2025-06-06,base_metal,AL,-1,-0.3916456420281886,absolute,single_250
2025-06-06,chemical_energy,FG,-1,-2.1949623969107344,weakest,single_250
2025-06-06,ferrous,RB,-1,-1.6166571767891658,absolute,single_250
2025-06-06,government_bond,T,1,1.3649440453981196,absolute,single_250
2025-06-13,agriculture,P,1,0.877436550994081,strongest,single_250
2025-06-13,agriculture,CF,-1,-1.10772381844972,weakest,single_250
2025-06-13,base_metal,AL,-1,-0.5142927666222582,absolute,single_250
2025-06-13,chemical_energy,FG,-1,-2.2320126334493495,weakest,single_250
2025-06-13,ferrous,RB,-1,-1.493055475881217,absolute,single_250
2025-06-13,government_bond,T,1,1.3827203681299993,absolute,single_250
2025-06-20,agriculture,P,1,1.1418591369247466,strongest,single_250
2025-06-20,agriculture,C,-1,-1.1361346858941168,weakest,single_250
2025-06-20,base_metal,AL,-1,-0.388557494116221,absolute,single_250
2025-06-20,chemical_energy,SC,1,0.35662439369945076,strongest,single_250
2025-06-20,chemical_energy,FG,-1,-2.2395843180495207,weakest,single_250
2025-06-20,ferrous,RB,-1,-1.3754467108434758,absolute,single_250
2025-06-20,government_bond,T,1,1.3150596695241572,absolute,single_250
2025-06-27,agriculture,P,1,1.2189944177236054,strongest,single_250
2025-06-27,agriculture,C,-1,-1.1476378111975103,weakest,single_250
2025-06-27,base_metal,AL,1,0.07779062532108957,absolute,single_250
2025-06-27,chemical_energy,FG,-1,-1.9428358768016567,weakest,single_250
2025-06-27,ferrous,RB,-1,-1.307058416829643,absolute,single_250
2025-06-27,government_bond,T,1,1.2575922100732566,absolute,single_250
2025-07-04,agriculture,P,1,1.2054775437056524,strongest,single_250
2025-07-04,agriculture,C,-1,-1.4145704617175163,weakest,single_250
2025-07-04,base_metal,AL,1,0.07210539217193741,absolute,single_250
2025-07-04,chemical_energy,FG,-1,-1.768524691506335,weakest,single_250
2025-07-04,ferrous,RB,-1,-1.0411252019566766,absolute,single_250
2025-07-04,government_bond,T,1,1.1824688715857987,absolute,single_250
2025-07-11,agriculture,P,1,1.19601841929669,strongest,single_250
2025-07-11,agriculture,C,-1,-1.569319896713387,weakest,single_250
2025-07-11,base_metal,AL,1,0.11165146502128374,absolute,single_250
2025-07-11,chemical_energy,FG,-1,-1.6650760664758102,weakest,single_250
2025-07-11,ferrous,RB,-1,-0.9873553336574749,absolute,single_250
2025-07-11,government_bond,T,1,1.1276514314208226,absolute,single_250
2025-07-18,agriculture,P,1,1.323656586633439,strongest,single_250
2025-07-18,agriculture,C,-1,-1.425679113889813,weakest,single_250
2025-07-18,base_metal,AL,1,0.043675451075896043,absolute,single_250
2025-07-18,chemical_energy,FG,-1,-1.5524880169756958,weakest,single_250
2025-07-18,ferrous,RB,-1,-0.8761643513851758,absolute,single_250
2025-07-18,government_bond,T,1,1.1548896485898221,absolute,single_250
2025-07-25,agriculture,P,1,1.4107046463517559,strongest,single_250
2025-07-25,agriculture,C,-1,-1.1202633792167926,weakest,single_250
2025-07-25,base_metal,AL,1,0.3055126702309009,absolute,single_250
2025-07-25,chemical_energy,MA,1,0.008770945780415578,strongest,single_250
2025-07-25,chemical_energy,FG,-1,-0.7479274309726656,weakest,single_250
2025-07-25,ferrous,RB,-1,-0.5951767122798064,absolute,single_250
2025-07-25,government_bond,T,1,0.8042739515409613,absolute,single_250
2025-08-01,agriculture,P,1,1.2729858464059862,strongest,single_250
2025-08-01,agriculture,C,-1,-1.2701379550008367,weakest,single_250
2025-08-01,base_metal,AL,1,0.41479434531515563,absolute,single_250
2025-08-01,chemical_energy,SC,1,0.06038747396412459,strongest,single_250
2025-08-01,chemical_energy,FG,-1,-1.1894449507592253,weakest,single_250
2025-08-01,ferrous,RB,-1,-0.6560090667382845,absolute,single_250
2025-08-01,government_bond,T,1,0.7628842789208503,absolute,single_250
2025-08-08,agriculture,P,1,1.3470253799364886,strongest,single_250
2025-08-08,agriculture,C,-1,-1.1894518654057193,weakest,single_250
2025-08-08,base_metal,AL,1,0.5888555694273157,absolute,single_250
2025-08-08,chemical_energy,FG,-1,-1.0974467205390026,weakest,single_250
2025-08-08,ferrous,RB,-1,-0.5063269341662967,absolute,single_250
2025-08-08,government_bond,T,1,0.7541303614332736,absolute,single_250
2025-08-15,agriculture,P,1,1.5726012732600079,strongest,single_250
2025-08-15,agriculture,JD,-1,-1.1379619607502884,weakest,single_250
2025-08-15,base_metal,AL,1,0.7560000365934176,absolute,single_250
2025-08-15,chemical_energy,SC,1,0.134892283169782,strongest,single_250
2025-08-15,chemical_energy,FG,-1,-1.1669330294521132,weakest,single_250
2025-08-15,ferrous,RB,-1,-0.5539494229317935,absolute,single_250
2025-08-15,government_bond,T,1,0.452085183194322,absolute,single_250
2025-08-22,agriculture,P,1,1.7435516059456708,strongest,single_250
2025-08-22,agriculture,LH,-1,-1.2822149873293796,weakest,single_250
2025-08-22,base_metal,AL,1,0.5853439623289145,absolute,single_250
2025-08-22,chemical_energy,SC,1,0.04115888790908592,strongest,single_250
2025-08-22,chemical_energy,FG,-1,-1.142414966632354,weakest,single_250
2025-08-22,ferrous,RB,-1,-0.4371286214296539,absolute,single_250
2025-08-22,government_bond,T,1,0.705081025729299,absolute,single_250
2025-08-29,agriculture,P,1,1.5800189890707153,strongest,single_250
2025-08-29,agriculture,JD,-1,-1.4576576163219748,weakest,single_250
2025-08-29,base_metal,AL,1,0.47072970745520043,absolute,single_250
2025-08-29,chemical_energy,SC,1,0.0381435629616245,strongest,single_250
2025-08-29,chemical_energy,FG,-1,-0.9770216650450565,weakest,single_250
2025-08-29,ferrous,RB,-1,-0.38421182695183387,absolute,single_250
2025-08-29,government_bond,T,1,0.5923543901836725,absolute,single_250
2025-09-05,agriculture,P,1,1.4374935582324675,strongest,single_250
2025-09-05,agriculture,JD,-1,-1.5562947760370378,weakest,single_250
2025-09-05,base_metal,AL,1,0.3224957020986795,absolute,single_250
2025-09-05,chemical_energy,SP,-1,-1.0395098919963608,weakest,single_250
2025-09-05,ferrous,RB,-1,-0.6030400444047146,absolute,single_250
2025-09-05,government_bond,T,1,0.5648569092414851,absolute,single_250
2025-09-12,agriculture,P,1,1.3980690824012891,strongest,single_250
2025-09-12,agriculture,JD,-1,-1.42952289461974,weakest,single_250
2025-09-12,base_metal,AL,1,0.6586119272504548,absolute,single_250
2025-09-12,chemical_energy,SC,1,0.09105548402107096,strongest,single_250
2025-09-12,chemical_energy,SP,-1,-1.1632173866371,weakest,single_250
2025-09-12,ferrous,RB,-1,-0.4869308739546947,absolute,single_250
2025-09-12,government_bond,T,1,0.47708136258735656,absolute,single_250
2025-09-19,agriculture,P,1,1.410571111475075,strongest,single_250
2025-09-19,agriculture,LH,-1,-1.5676881592516003,weakest,single_250
2025-09-19,base_metal,AL,1,0.652006628024304,absolute,single_250
2025-09-19,chemical_energy,SC,1,0.3341568043686785,strongest,single_250
2025-09-19,chemical_energy,SP,-1,-0.9658954172536769,weakest,single_250
2025-09-19,ferrous,RB,-1,-0.16962049799484682,absolute,single_250
2025-09-19,government_bond,T,1,0.39533553656590104,absolute,single_250
2025-09-26,agriculture,P,1,1.3269335904751305,strongest,single_250
2025-09-26,agriculture,JD,-1,-1.608597918494548,weakest,single_250
2025-09-26,base_metal,AL,1,0.3587031564807594,absolute,single_250
2025-09-26,chemical_energy,SC,1,0.32204939977141894,strongest,single_250
2025-09-26,chemical_energy,RU,-1,-0.9379312027071606,weakest,single_250
2025-09-26,ferrous,RB,-1,-0.3920335846929504,absolute,single_250
2025-09-26,government_bond,T,1,0.17618339647202938,absolute,single_250
2025-09-30,agriculture,P,1,1.2096029205433985,strongest,single_250
2025-09-30,agriculture,JD,-1,-1.7681872109236707,weakest,single_250
2025-09-30,base_metal,AL,1,0.2710855864575644,absolute,single_250
2025-09-30,chemical_energy,SC,1,0.20242881835771298,strongest,single_250
2025-09-30,chemical_energy,SP,-1,-1.1837280993450936,weakest,single_250
2025-09-30,ferrous,RB,-1,-0.49206084088767565,absolute,single_250
2025-09-30,government_bond,T,1,0.2109058022679922,absolute,single_250
2025-10-10,agriculture,P,1,1.257109752039372,strongest,single_250
2025-10-10,agriculture,JD,-1,-1.961340888373277,weakest,single_250
2025-10-10,base_metal,AL,1,0.43584650769325817,absolute,single_250
2025-10-10,chemical_energy,SC,1,0.06330446500433214,strongest,single_250
2025-10-10,chemical_energy,SP,-1,-1.233886031687454,weakest,single_250
2025-10-10,ferrous,RB,-1,-0.5462906202424885,absolute,single_250
2025-10-10,government_bond,T,1,0.35313453601273026,absolute,single_250
2025-10-17,agriculture,AP,1,1.122437301667258,strongest,single_250
2025-10-17,agriculture,LH,-1,-2.085910090816016,weakest,single_250
2025-10-17,base_metal,AL,1,0.1260431609209379,absolute,single_250
2025-10-17,chemical_energy,RU,-1,-1.5770460210951536,weakest,single_250
2025-10-17,ferrous,RB,-1,-1.2522176609231639,absolute,single_250
2025-10-17,government_bond,T,1,0.9584800289611882,absolute,single_250
2025-10-24,agriculture,AP,1,1.1796954557555899,strongest,single_250
2025-10-24,agriculture,LH,-1,-1.7086162756637366,weakest,single_250
2025-10-24,base_metal,AL,1,0.2724898750890307,absolute,single_250
2025-10-24,chemical_energy,FG,-1,-1.3006304447863308,weakest,single_250
2025-10-24,ferrous,RB,-1,-1.2039566390135097,absolute,single_250
2025-10-24,government_bond,T,1,0.5634182789564887,absolute,single_250
2025-10-31,agriculture,AP,1,1.460028004777995,strongest,single_250
2025-10-31,agriculture,LH,-1,-1.837710281440451,weakest,single_250
2025-10-31,base_metal,AL,1,0.22429719583314708,absolute,single_250
2025-10-31,chemical_energy,RU,-1,-1.3866513640050773,weakest,single_250
2025-10-31,ferrous,RB,-1,-0.8858223698433246,absolute,single_250
2025-10-31,government_bond,T,1,0.8610078323711963,absolute,single_250
2025-11-07,agriculture,AP,1,1.1616070558804243,strongest,single_250
2025-11-07,agriculture,LH,-1,-1.7305172755654061,weakest,single_250
2025-11-07,base_metal,AL,1,0.37358985452285376,absolute,single_250
2025-11-07,chemical_energy,SC,1,0.06370128722270356,strongest,single_250
2025-11-07,chemical_energy,FG,-1,-1.6047796116088162,weakest,single_250
2025-11-07,ferrous,RB,-1,-1.1993584088657452,absolute,single_250
2025-11-07,government_bond,T,1,0.8054494855118073,absolute,single_250
2025-11-14,agriculture,AP,1,1.177402556500332,strongest,single_250
2025-11-14,agriculture,JD,-1,-1.8911038693039752,weakest,single_250
2025-11-14,base_metal,AL,1,0.3690143198318355,absolute,single_250
2025-11-14,chemical_energy,FG,-1,-1.8146103766179726,weakest,single_250
2025-11-14,ferrous,RB,-1,-1.1881334035639444,absolute,single_250
2025-11-14,government_bond,T,1,0.6669674313128875,absolute,single_250
2025-11-21,agriculture,AP,1,0.985265110428889,strongest,single_250
2025-11-21,agriculture,LH,-1,-2.252449999304495,weakest,single_250
2025-11-21,base_metal,AL,1,0.2026174895537793,absolute,single_250
2025-11-21,chemical_energy,FG,-1,-1.7533151542277625,weakest,single_250
2025-11-21,ferrous,RB,-1,-1.0099926141372138,absolute,single_250
2025-11-21,government_bond,T,1,0.5093243543830296,absolute,single_250
2025-11-28,agriculture,AP,1,0.932865764975996,strongest,single_250
2025-11-28,agriculture,LH,-1,-2.0814840044205134,weakest,single_250
2025-11-28,base_metal,AL,1,0.4941738017705057,absolute,single_250
2025-11-28,chemical_energy,FG,-1,-1.4546810528421854,weakest,single_250
2025-11-28,ferrous,RB,-1,-0.8704525068915321,absolute,single_250
2025-11-28,government_bond,T,1,0.4107239457617883,absolute,single_250
2025-12-05,agriculture,AP,1,0.9715773937636172,strongest,single_250
2025-12-05,agriculture,LH,-1,-2.069281591633819,weakest,single_250
2025-12-05,base_metal,AL,1,0.849692632611267,absolute,single_250
2025-12-05,chemical_energy,FG,-1,-1.5724723047518276,weakest,single_250
2025-12-05,ferrous,RB,-1,-0.8109900456303514,absolute,single_250
2025-12-05,government_bond,T,1,0.3091904362269506,absolute,single_250
2025-12-12,agriculture,AP,1,0.6708485113316283,strongest,single_250
2025-12-12,agriculture,JD,-1,-2.1735138466413226,weakest,single_250
2025-12-12,base_metal,AL,1,0.8092207949152398,absolute,single_250
2025-12-12,chemical_energy,FG,-1,-1.8273182806024924,weakest,single_250
2025-12-12,ferrous,RB,-1,-1.111240907764771,absolute,single_250
2025-12-12,government_bond,T,1,0.26092074974751844,absolute,single_250
2025-12-19,agriculture,AP,1,0.5983494137694684,strongest,single_250
2025-12-19,agriculture,JD,-1,-2.3791917511709144,weakest,single_250
2025-12-19,base_metal,AL,1,0.8535553417985347,absolute,single_250
2025-12-19,chemical_energy,FG,-1,-1.6537741601710976,weakest,single_250
2025-12-19,ferrous,RB,-1,-0.9797416503950229,absolute,single_250
2025-12-19,government_bond,T,-1,-0.011264550239378257,absolute,single_250
2025-12-26,agriculture,AP,1,0.9170299275068529,strongest,single_250
2025-12-26,agriculture,JD,-1,-2.1955642478081843,weakest,single_250
2025-12-26,base_metal,AL,1,1.1403267847133085,absolute,single_250
2025-12-26,chemical_energy,FG,-1,-1.5632912424154328,weakest,single_250
2025-12-26,ferrous,RB,-1,-0.9093192256329272,absolute,single_250
2025-12-26,government_bond,T,-1,-0.10543837107321441,absolute,single_250
2025-12-31,agriculture,AP,1,1.0373874143504676,strongest,single_250
2025-12-31,agriculture,JD,-1,-2.2387569971310053,weakest,single_250
2025-12-31,base_metal,AL,1,1.3399548711639193,absolute,single_250
2025-12-31,chemical_energy,FG,-1,-1.487655580288522,weakest,single_250
2025-12-31,ferrous,RB,-1,-0.7191833253798892,absolute,single_250
2025-12-31,government_bond,T,-1,-0.3778334755802574,absolute,single_250
2026-01-09,agriculture,AP,1,1.5244174826245607,strongest,single_250
2026-01-09,agriculture,JD,-1,-2.078833891737057,weakest,single_250
2026-01-09,base_metal,AL,1,1.7751236528432384,absolute,single_250
2026-01-09,chemical_energy,UR,1,0.0555916783552341,strongest,single_250
2026-01-09,chemical_energy,FG,-1,-1.2366824469909927,weakest,single_250
2026-01-09,ferrous,RB,-1,-0.6388690553184597,absolute,single_250
2026-01-09,government_bond,T,-1,-0.40360134085229554,absolute,single_250
2026-01-16,agriculture,AP,1,1.5174546570175123,strongest,single_250
2026-01-16,agriculture,JD,-1,-1.7206978469592307,weakest,single_250
2026-01-16,base_metal,AL,1,1.6426093333734417,absolute,single_250
2026-01-16,chemical_energy,UR,1,0.2834577131702022,strongest,single_250
2026-01-16,chemical_energy,FG,-1,-1.3330198174623376,weakest,single_250
2026-01-16,ferrous,RB,-1,-0.5671840721696102,absolute,single_250
2026-01-16,government_bond,T,-1,-0.5329500057054947,absolute,single_250
2026-01-23,agriculture,AP,1,1.587743672562834,strongest,single_250
2026-01-23,agriculture,JD,-1,-1.7739450971970068,weakest,single_250
2026-01-23,base_metal,AL,1,1.5277752561222764,absolute,single_250
2026-01-23,chemical_energy,UR,1,0.1908106835228113,strongest,single_250
2026-01-23,chemical_energy,FG,-1,-1.5150952079968167,weakest,single_250
2026-01-23,ferrous,RB,-1,-0.6089080619614344,absolute,single_250
2026-01-23,government_bond,T,-1,-0.3009408344941256,absolute,single_250
2026-01-30,agriculture,AP,1,1.6026630776404225,strongest,single_250
2026-01-30,agriculture,JD,-1,-1.9419149790126633,weakest,single_250
2026-01-30,base_metal,AL,1,1.3275507775218842,absolute,single_250
2026-01-30,chemical_energy,UR,1,0.05611617126046002,strongest,single_250
2026-01-30,chemical_energy,FG,-1,-1.6907218397507044,weakest,single_250
2026-01-30,ferrous,RB,-1,-0.877735943486806,absolute,single_250
2026-01-30,government_bond,T,-1,-0.2781191690584281,absolute,single_250
2026-02-06,agriculture,AP,1,1.4010113686493253,strongest,single_250
2026-02-06,agriculture,JD,-1,-2.176155707425434,weakest,single_250
2026-02-06,base_metal,AL,1,0.8508519286331294,absolute,single_250
2026-02-06,chemical_energy,SP,-1,-1.5097388344318092,weakest,single_250
2026-02-06,ferrous,RB,-1,-1.0526610164688686,absolute,single_250
2026-02-06,government_bond,T,-1,-0.3512471236741228,absolute,single_250
2026-02-13,agriculture,AP,1,1.6905520995035577,strongest,single_250
2026-02-13,agriculture,JD,-1,-1.9376929699805545,weakest,single_250
2026-02-13,base_metal,AL,1,0.6915902821827823,absolute,single_250
2026-02-13,chemical_energy,UR,1,0.18052154369530157,strongest,single_250
2026-02-13,chemical_energy,FG,-1,-1.4871475889462726,weakest,single_250
2026-02-13,ferrous,RB,-1,-0.8817542721153615,absolute,single_250
2026-02-13,government_bond,T,-1,-0.30500071426748065,absolute,single_250
2026-02-27,agriculture,AP,1,1.5502804722588737,strongest,single_250
2026-02-27,agriculture,JD,-1,-1.784926293956978,weakest,single_250
2026-02-27,base_metal,AL,1,0.8560414150742192,absolute,single_250
2026-02-27,chemical_energy,UR,1,0.006005871775156186,strongest,single_250
2026-02-27,chemical_energy,SP,-1,-1.3839697595604477,weakest,single_250
2026-02-27,ferrous,RB,-1,-0.8850518882666354,absolute,single_250
2026-02-27,government_bond,T,-1,-0.1264519370042773,absolute,single_250
2026-03-06,agriculture,AP,1,1.6909034417831639,strongest,single_250
2026-03-06,agriculture,JD,-1,-1.875760713875265,weakest,single_250
2026-03-06,base_metal,AL,1,1.0353434548369926,absolute,single_250
2026-03-06,chemical_energy,SC,1,0.7740344117417421,strongest,single_250
2026-03-06,chemical_energy,FG,-1,-1.2308787940327341,weakest,single_250
2026-03-06,ferrous,RB,-1,-0.9570697546553752,absolute,single_250
2026-03-06,government_bond,T,1,0.28890148830704476,absolute,single_250
2026-03-13,agriculture,AP,1,1.6178969390821791,strongest,single_250
2026-03-13,agriculture,JD,-1,-1.871883166799238,weakest,single_250
2026-03-13,base_metal,AL,1,1.097069777765988,absolute,single_250
2026-03-13,chemical_energy,SC,1,0.977347656919144,strongest,single_250
2026-03-13,chemical_energy,SP,-1,-1.1897887829061713,weakest,single_250
2026-03-13,ferrous,RB,-1,-0.749609724558649,absolute,single_250
2026-03-13,government_bond,T,-1,-0.08043271648565949,absolute,single_250
2026-03-20,agriculture,AP,1,1.818301899079505,strongest,single_250
2026-03-20,agriculture,LH,-1,-2.364845385746316,weakest,single_250
2026-03-20,base_metal,AL,1,0.7532262303212645,absolute,single_250
2026-03-20,chemical_energy,SC,1,1.0593833777862542,strongest,single_250
2026-03-20,chemical_energy,SP,-1,-1.2051063912289468,weakest,single_250
2026-03-20,ferrous,RB,-1,-0.6219180018521742,absolute,single_250
2026-03-20,government_bond,T,1,0.2590722117519739,absolute,single_250
2026-03-27,agriculture,AP,1,1.2731283409225655,strongest,single_250
2026-03-27,agriculture,LH,-1,-2.6361926136115748,weakest,single_250
2026-03-27,base_metal,AL,1,0.7239238447958589,absolute,single_250
2026-03-27,chemical_energy,MA,1,0.8532628208923875,strongest,single_250
2026-03-27,chemical_energy,SP,-1,-1.1851358580050184,weakest,single_250
2026-03-27,ferrous,RB,-1,-0.6170839148616437,absolute,single_250
2026-03-27,government_bond,T,1,0.5470280897755778,absolute,single_250
2026-04-03,agriculture,AP,1,1.3466738061225938,strongest,single_250
2026-04-03,agriculture,LH,-1,-2.8442500119404923,weakest,single_250
2026-04-03,base_metal,AL,1,0.935972841608912,absolute,single_250
2026-04-03,chemical_energy,MA,1,0.8395364420279485,strongest,single_250
2026-04-03,chemical_energy,FG,-1,-1.4563802598037157,weakest,single_250
2026-04-03,ferrous,RB,-1,-0.6566585306456336,absolute,single_250
2026-04-03,government_bond,T,1,0.32931393474279175,absolute,single_250
2026-04-10,agriculture,CF,1,1.0287053905189276,strongest,single_250
2026-04-10,agriculture,LH,-1,-2.856688004953877,weakest,single_250
2026-04-10,base_metal,AL,1,0.9654525504251086,absolute,single_250
2026-04-10,chemical_energy,MA,1,0.532466626164552,strongest,single_250
2026-04-10,chemical_energy,FG,-1,-1.3925929894932607,weakest,single_250
2026-04-10,ferrous,RB,-1,-0.69266489572481,absolute,single_250
2026-04-10,government_bond,T,1,0.1981701516661842,absolute,single_250
2026-04-17,agriculture,CF,1,1.4955511401744013,strongest,single_250
2026-04-17,agriculture,LH,-1,-2.5152376350477947,weakest,single_250
2026-04-17,base_metal,AL,1,1.3996053992840287,absolute,single_250
2026-04-17,chemical_energy,MA,1,0.7796096646800954,strongest,single_250
2026-04-17,chemical_energy,FG,-1,-1.3407854448206837,weakest,single_250
2026-04-17,ferrous,RB,-1,-0.34717941262905627,absolute,single_250
2026-04-17,government_bond,T,-1,-0.20428448212156014,absolute,single_250
2026-04-24,agriculture,CF,1,1.8857840458413346,strongest,single_250
2026-04-24,agriculture,LH,-1,-2.6123186700389716,weakest,single_250
2026-04-24,base_metal,AL,1,1.2243643563343942,absolute,single_250
2026-04-24,chemical_energy,MA,1,0.758922349218523,strongest,single_250
2026-04-24,chemical_energy,FG,-1,-1.2642855552683965,weakest,single_250
2026-04-24,ferrous,RB,-1,-0.15924438709068123,absolute,single_250
2026-04-24,government_bond,T,-1,-0.14298894764590298,absolute,single_250
2026-04-30,agriculture,CF,1,2.166381266696767,strongest,single_250
2026-04-30,agriculture,LH,-1,-2.628264602523936,weakest,single_250
2026-04-30,base_metal,AL,1,1.1097838605384334,absolute,single_250
2026-04-30,chemical_energy,MA,1,0.8728000548758383,strongest,single_250
2026-04-30,chemical_energy,FG,-1,-1.1467910261610563,weakest,single_250
2026-04-30,ferrous,RB,1,0.019619632294633465,absolute,single_250
2026-04-30,government_bond,T,-1,-0.18622090163247887,absolute,single_250
2026-05-08,agriculture,CF,1,1.901945256928791,strongest,single_250
2026-05-08,agriculture,LH,-1,-2.645371999432746,weakest,single_250
2026-05-08,base_metal,AL,1,1.0669107362448187,absolute,single_250
2026-05-08,chemical_energy,RU,1,0.731202344874535,strongest,single_250
2026-05-08,chemical_energy,FG,-1,-1.2397569062206282,weakest,single_250
2026-05-08,ferrous,RB,-1,-0.009928771013238096,absolute,single_250
2026-05-08,government_bond,T,-1,-0.0726692566444621,absolute,single_250
2026-05-15,agriculture,CF,1,1.866930222489373,strongest,single_250
2026-05-15,agriculture,LH,-1,-2.6023790979698327,weakest,single_250
2026-05-15,base_metal,AL,1,1.0259124140068094,absolute,single_250
2026-05-15,chemical_energy,MA,1,0.7732268315050489,strongest,single_250
2026-05-15,chemical_energy,FG,-1,-1.0957225637798973,weakest,single_250
2026-05-15,ferrous,RB,1,0.014920655626906042,absolute,single_250
2026-05-15,government_bond,T,-1,-0.07620793084234277,absolute,single_250
2026-05-22,agriculture,CF,1,1.4636500492725641,strongest,single_250
2026-05-22,agriculture,LH,-1,-2.372314521518962,weakest,single_250
2026-05-22,base_metal,AL,1,1.0528608276821407,absolute,single_250
2026-05-22,chemical_energy,MA,1,0.7731539933361027,strongest,single_250
2026-05-22,chemical_energy,FG,-1,-1.0432445975299944,weakest,single_250
2026-05-22,ferrous,RB,-1,-0.11159629023625034,absolute,single_250
2026-05-22,government_bond,T,1,0.241559224428794,absolute,single_250
2026-05-29,agriculture,CF,1,1.4912156415712365,strongest,single_250
2026-05-29,agriculture,LH,-1,-2.5141128893798563,weakest,single_250
2026-05-29,base_metal,AL,1,0.9366691724144262,absolute,single_250
2026-05-29,chemical_energy,MA,1,0.6401175071353576,strongest,single_250
2026-05-29,chemical_energy,SP,-1,-1.1584640323043975,weakest,single_250
2026-05-29,ferrous,RB,-1,-0.1026799697299246,absolute,single_250
2026-05-29,government_bond,T,1,0.4311807142642433,absolute,single_250
2026-06-05,agriculture,CF,1,1.3395383444855309,strongest,single_250
2026-06-05,agriculture,LH,-1,-2.5820131223151046,weakest,single_250
2026-06-05,base_metal,AL,1,0.9233106386190484,absolute,single_250
2026-06-05,chemical_energy,RU,1,0.8145826924348565,strongest,single_250
2026-06-05,chemical_energy,SP,-1,-1.269139526094938,weakest,single_250
2026-06-05,ferrous,RB,1,0.07798202954878207,absolute,single_250
2026-06-05,government_bond,T,1,0.44332605917494233,absolute,single_250
2026-06-12,agriculture,CF,1,1.3198734485423471,strongest,single_250
2026-06-12,agriculture,LH,-1,-2.3370840677753493,weakest,single_250
2026-06-12,base_metal,AL,1,0.9619799735367993,absolute,single_250
2026-06-12,chemical_energy,RU,1,1.06807662372277,strongest,single_250
2026-06-12,chemical_energy,SP,-1,-1.1401799708035283,weakest,single_250
2026-06-12,ferrous,RB,1,0.3025903454479964,absolute,single_250
2026-06-12,government_bond,T,1,0.31785889454690774,absolute,single_250
2026-06-18,agriculture,CF,1,1.3219263729975688,strongest,single_250
2026-06-18,agriculture,LH,-1,-2.5257008095238946,weakest,single_250
2026-06-18,base_metal,AL,1,0.8739282132952004,absolute,single_250
2026-06-18,chemical_energy,RU,1,1.037858699972639,strongest,single_250
2026-06-18,chemical_energy,SP,-1,-1.3064403886280607,weakest,single_250
2026-06-18,ferrous,RB,1,0.050656800381856985,absolute,single_250
2026-06-18,government_bond,T,1,0.27458828679961306,absolute,single_250
2026-06-26,agriculture,CF,1,1.1009443091658622,strongest,single_250
2026-06-26,agriculture,LH,-1,-2.523766325585675,weakest,single_250
2026-06-26,base_metal,AL,1,0.5214856120191357,absolute,single_250
2026-06-26,chemical_energy,RU,1,0.5215768095129772,strongest,single_250
2026-06-26,chemical_energy,SP,-1,-1.471804091108873,weakest,single_250
2026-06-26,ferrous,RB,-1,-0.06857851647561548,absolute,single_250
2026-06-26,government_bond,T,1,0.33770303146272035,absolute,single_250
2026-07-03,agriculture,CF,1,1.445885412750299,strongest,single_250
2026-07-03,agriculture,LH,-1,-2.3891623302897904,weakest,single_250
2026-07-03,base_metal,AL,1,0.4641413567795189,absolute,single_250
2026-07-03,chemical_energy,RU,1,0.5814525229722296,strongest,single_250
2026-07-03,chemical_energy,SP,-1,-1.3588423889781167,weakest,single_250
2026-07-03,ferrous,RB,-1,-0.15983431736906023,absolute,single_250
2026-07-03,government_bond,T,1,0.1737184230780033,absolute,single_250
2026-07-10,agriculture,CF,1,1.1724142156867519,strongest,single_250
2026-07-10,agriculture,LH,-1,-2.271300368228912,weakest,single_250
2026-07-10,base_metal,AL,1,0.4642308238961236,absolute,single_250
2026-07-10,chemical_energy,RU,1,0.6239057451336628,strongest,single_250
2026-07-10,chemical_energy,FG,-1,-1.107986026461379,weakest,single_250
2026-07-10,ferrous,RB,-1,-0.10144033742887422,absolute,single_250
2026-07-10,government_bond,T,1,0.40947769003390216,absolute,single_250
2026-07-17,agriculture,CF,1,0.9337187080087284,strongest,single_250
2026-07-17,agriculture,LH,-1,-2.7518650247827554,weakest,single_250
2026-07-17,base_metal,AL,1,0.5337233498282277,absolute,single_250
2026-07-17,chemical_energy,RU,1,0.5923648685488626,strongest,single_250
2026-07-17,chemical_energy,FG,-1,-1.3486209861030203,weakest,single_250
2026-07-17,ferrous,RB,-1,-0.2010786505788451,absolute,single_250
2026-07-17,government_bond,T,1,0.2831352392486007,absolute,single_250
2026-07-24,agriculture,CF,1,1.007533738509814,strongest,single_250
2026-07-24,agriculture,LH,-1,-3.0414248640002266,weakest,single_250
2026-07-24,base_metal,AL,1,0.5412939562638486,absolute,single_250
2026-07-24,chemical_energy,MA,1,0.4517696410355308,strongest,single_250
2026-07-24,chemical_energy,FG,-1,-1.573524466525623,weakest,single_250
2026-07-24,ferrous,RB,-1,-0.4940921106486647,absolute,single_250
2026-07-24,government_bond,T,1,0.5538678559064709,absolute,single_250
2026-07-31,agriculture,CF,1,0.6953976197483106,strongest,single_250
2026-07-31,agriculture,LH,-1,-3.261031238871932,weakest,single_250
2026-07-31,base_metal,AL,1,0.5276082582758744,absolute,single_250
2026-07-31,chemical_energy,MA,1,0.3098317487922933,strongest,single_250
2026-07-31,chemical_energy,FG,-1,-1.9479108864599448,weakest,single_250
2026-07-31,ferrous,RB,-1,-0.9162335761634068,absolute,single_250
2026-07-31,government_bond,T,1,0.5990439174758253,absolute,single_250
2026-08-07,agriculture,CF,1,1.0078622121920553,strongest,single_250
2026-08-07,agriculture,LH,-1,-2.9869381286561945,weakest,single_250
2026-08-07,base_metal,AL,1,0.6772315848949204,absolute,single_250
2026-08-07,chemical_energy,RU,1,0.26628929574866494,strongest,single_250
2026-08-07,chemical_energy,FG,-1,-2.5330916784128106,weakest,single_250
2026-08-07,ferrous,RB,-1,-1.0525895980912514,absolute,single_250
2026-08-07,government_bond,T,1,0.8372670273614425,absolute,single_250
2026-08-14,agriculture,CF,1,1.233684874405722,strongest,single_250
2026-08-14,agriculture,LH,-1,-2.7542917226987833,weakest,single_250
2026-08-14,base_metal,AL,1,0.6601852651553167,absolute,single_250
2026-08-14,chemical_energy,RU,1,0.49663801107571287,strongest,single_250
2026-08-14,chemical_energy,FG,-1,-2.1872301006763606,weakest,single_250
2026-08-14,ferrous,RB,-1,-1.0007389966160318,absolute,single_250
2026-08-14,government_bond,T,1,0.8779719682068086,absolute,single_250
2026-08-21,agriculture,CF,1,1.4076167773282702,strongest,single_250
2026-08-21,agriculture,LH,-1,-2.8695375966499546,weakest,single_250
2026-08-21,base_metal,AL,1,0.5712835655423305,absolute,single_250
2026-08-21,chemical_energy,MA,1,0.5839225620495191,strongest,single_250
2026-08-21,chemical_energy,FG,-1,-2.10595116201436,weakest,single_250
2026-08-21,ferrous,RB,-1,-1.0817085068100847,absolute,single_250
2026-08-21,government_bond,T,1,0.8163753212895266,absolute,single_250
2026-08-28,agriculture,CF,1,1.3290050052403974,strongest,single_250
2026-08-28,agriculture,LH,-1,-2.8018903609562402,weakest,single_250
2026-08-28,base_metal,AL,1,0.6447219240090561,absolute,single_250
2026-08-28,chemical_energy,RU,1,0.7002026633105094,strongest,single_250
2026-08-28,chemical_energy,FG,-1,-1.9398739518573422,weakest,single_250
2026-08-28,ferrous,RB,-1,-0.5535053501036391,absolute,single_250
2026-08-28,government_bond,T,1,1.0096938052260935,absolute,single_250
