date,equity,nominal_annual_risk,exante_vol_before_scaling,diversification_multiplier,trailing_realized_volatility,realized_vol_multiplier
2015-01-05,10000000.0,2750000.0,0.0442293395672942,3.0,,1.0
2015-01-06,10000000.0,2750000.0,0.0448356515728385,3.0,,1.0
2015-01-07,10000000.0,2750000.0,0.045450300819312645,3.0,,1.0
2015-01-08,10000000.0,2750000.0,0.045644852776638246,3.0,,1.0
2015-01-09,10000000.0,2750000.0,0.04555605076092938,3.0,,1.0
2015-01-12,9969209.9505,2741532.7363875,0.04457110117841042,3.0,,1.0
2015-01-13,9980854.9505,2744735.1113875,0.044836224785918,3.0,,1.0
2015-01-14,10035134.9505,2759662.1113875,0.04549489848895034,3.0,,1.0
2015-01-15,9967349.9505,2741021.2363875,0.04391659942213638,3.0,,1.0
2015-01-16,9962659.9505,2739731.4863875,0.08567608341143101,3.0,,1.0
2015-01-19,9840669.9988,2706184.2496700003,0.08827988144783133,3.0,,1.0
2015-01-20,9909719.9988,2725172.9996700003,0.09051646964726184,3.0,,1.0
2015-01-21,9918419.9988,2727565.4996700003,0.09133399291247765,3.0,,1.0
2015-01-22,9939039.9988,2733235.9996700003,0.09262554215979389,2.96894348564871,,1.0
2015-01-23,9920709.9988,2728195.2496700003,0.09990839638587616,2.752521409090259,,1.0
2015-01-26,10058726.6159,2766149.8193725003,0.10152162664015273,2.7087824446977,,1.0
2015-01-27,10019931.6159,2755481.1943725003,0.10212358556264818,2.692815753431415,,1.0
2015-01-28,9879277.915900001,2716801.4268725007,0.10374331495366124,2.6507732100408936,,1.0
2015-01-29,9807459.70305,2697051.4183387505,0.1049253701628246,2.6209104582928924,,1.0
2015-01-30,9887491.54855,2719060.1758512505,0.10670413605858732,2.5772196857393386,,1.0
2015-02-02,9805806.44795,2696596.77318625,0.1077456562801122,2.552307067350053,,1.0
2015-02-03,9599711.44795,2639920.64818625,0.09856918557102769,2.7899185572740537,,1.0
2015-02-04,9454111.44795,2599880.64818625,0.10069321849331501,2.7310677334070634,,1.0
2015-02-05,9436686.86505,2595088.88788875,0.10368255040488066,2.6523267312206755,,1.0
2015-02-06,9233446.86505,2539197.88788875,0.12540469870431456,2.192900288755597,,1.0
2015-02-09,9273449.61505,2550198.64413875,0.1263375994110034,2.1767074986549795,,1.0
2015-02-10,9330399.61505,2565859.89413875,0.12775761313679515,2.152513601718174,,1.0
2015-02-11,9386229.61505,2581213.14413875,0.12962981473974702,2.12142554204916,,1.0
2015-02-12,9453899.61505,2599822.39413875,0.13108537348071805,2.097869447200004,,1.0
2015-02-13,9232349.61505,2538896.14413875,0.08928155843028249,3.0,,1.0
2015-02-16,9015056.6165,2479140.5695375,0.0912158657464031,3.0,,1.0
2015-02-17,9074356.6165,2495448.0695375,0.07965500374097288,3.0,,1.0
2015-02-25,9243123.2877,2541858.9041175,0.07640660394348371,3.0,,1.0
2015-02-26,9142438.2877,2514170.5291175,0.07729299678819379,3.0,,1.0
2015-02-27,9219163.2877,2535269.9041175,0.032588578521905415,3.0,,1.0
2015-03-02,9301744.7856,2557979.81604,0.03348146139477804,3.0,,1.0
2015-03-03,9332754.7856,2566507.56604,0.0333715185241344,3.0,,1.0
2015-03-04,9421294.7856,2590856.06604,0.03272251042656066,3.0,,1.0
2015-03-05,9431554.7856,2593677.56604,0.03219969672402683,3.0,,1.0
2015-03-06,9438754.7856,2595657.56604,0.08110285377078323,3.0,,1.0
2015-03-09,9468094.824,2603726.0766,0.08345050999358757,3.0,,1.0
2015-03-10,9673481.234199999,2660207.3394049997,0.08205898673507488,3.0,,1.0
2015-03-11,9733641.234199999,2676751.3394049997,0.08166345248700677,3.0,,1.0
2015-03-12,9636251.234199999,2649969.0894049997,0.08089856695583761,3.0,,1.0
2015-03-13,9602911.234199999,2640800.5894049997,0.0930467487290457,2.95550359100463,,1.0
2015-03-16,9463235.148599999,2602389.665865,0.09254633580326103,2.9714844743784,,1.0
2015-03-17,9366007.40785,2575652.03715875,0.09423885171471778,2.9181170504123597,,1.0
2015-03-18,9357989.67385,2573447.1603087503,0.09315033290084511,2.9522170392319134,,1.0
2015-03-19,9257429.67385,2545793.1603087503,0.09329079642753726,2.9477720260819473,,1.0
2015-03-20,9177874.97895,2523915.61921125,0.136947891705669,2.008063041897974,,1.0
2015-03-23,9049140.85455,2488513.73500125,0.12227509554151982,2.2490270711472955,,1.0
2015-03-24,8877832.52395,2441403.94408625,0.12503786868391203,2.1993337130144384,,1.0
2015-03-25,8979725.658,2469424.55595,0.12554847849230852,2.1903889501683396,,1.0
2015-03-26,9002050.658,2475563.93095,0.1271910280155245,2.162102188264682,,1.0
2015-03-27,9176495.658,2523536.30595,0.09344249920930406,2.9429863533938776,,1.0
2015-03-30,9148952.5863,2515961.9612325,0.09383780686753843,2.930588524816979,,1.0
2015-03-31,9264992.5863,2547872.9612325,0.10001861175641626,2.749488271940133,,1.0
2015-04-01,9408812.5863,2587423.4612325,0.09768524246565254,2.815164226026196,,1.0
2015-04-02,9543322.5863,2624413.7112325,0.09571311399279848,2.873169501315057,,1.0
2015-04-03,9549812.5863,2626198.4612325,0.08915180889924895,3.0,,1.0
2015-04-07,9572550.84475,2632451.4823062504,0.0914665295363757,3.0,,1.0
2015-04-08,9687790.84475,2664142.4823062504,0.08839377982334047,3.0,,1.0
2015-04-09,9830240.84475,2703316.2323062504,0.08850470962199168,3.0,0.16988967781489522,1.35
2015-04-10,9929335.84475,2730567.3573062504,0.0848070472210541,3.0,0.16900921098849384,1.35
2015-04-13,9776174.57465,2688448.0080287503,0.07665833729362458,3.0,0.17281743333106636,1.35
2015-04-14,9539059.57465,2623241.3830287503,0.07872342069524804,3.0,0.18402963522680094,1.35
2015-04-15,9465704.57465,2603068.7580287503,0.07910461496722271,3.0,0.182342789537347,1.35
2015-04-16,9418549.57465,2590101.1330287503,0.07966960985787873,3.0,0.1798915149765973,1.35
2015-04-17,9536596.42695,2622564.01741125,0.1098968717999365,2.502346022192771,0.1806139790912831,1.35
2015-04-20,9560327.69345,2629090.11569875,0.10972142744615253,2.5063472687225152,0.17782432189085262,1.35
2015-04-21,9411127.69345,2588060.11569875,0.09888110834329474,2.7811176938395246,0.18043500327411238,1.35
2015-04-22,9187777.69345,2526638.86569875,0.09705475859820825,2.8334520014464997,0.18922126135182785,1.35
2015-04-23,9035707.69345,2484819.61569875,0.09898732015151161,2.778133599122398,0.19115061295139904,1.35
2015-04-24,8813837.69345,2423805.36569875,0.11274589369107772,2.4391132217506426,0.1987816643073732,1.35
2015-04-27,8540920.1577,2348753.0433675004,0.10560407772898955,2.604066111023943,0.21141238524265601,1.3007752581967187
2015-04-28,8356728.2807,2298100.2771925,0.10787716837071847,2.5491955726439364,0.2142878400326758,1.2833206025972659
2015-04-29,8457197.5716,2325729.33219,0.10620091659476656,2.5894315116819966,0.2154160348072414,1.2765994891980792
2015-04-30,8490507.5716,2334889.58219,0.11067475066648928,2.48475825194035,0.21292182089553116,1.291553861616312
2015-05-04,8219264.828399999,2260297.8278099997,0.11014026353852109,2.496816251976916,0.2245590705726963,1.2246220974225779
2015-05-05,8104377.480399999,2228703.80711,0.11199510394079033,2.455464483031216,0.2227485736448609,1.234575806705035
2015-05-06,7951958.186449999,2186788.50127375,0.10543801368220884,2.608167494778995,0.2229357014253031,1.2335395284013835
2015-05-07,8053138.945849999,2214613.21010875,0.10411322247953199,2.6413551847755294,0.22471423454393363,1.2237765024459768
2015-05-08,8067223.945849999,2218486.58510875,0.0836037294398914,3.0,0.22174925179632524,1.2401394718237206
2015-05-11,8000436.892249999,2200120.1453687497,0.08462594306636172,3.0,0.2185507127283844,1.2582891932353064
2015-05-12,8140626.892249999,2238672.3953687497,0.08227021659113581,3.0,0.22338651925896738,1.2310501140008283
2015-05-13,8191216.892249999,2252584.6453687497,0.08402828254994046,3.0,0.22147745046235118,1.2416613945388861
2015-05-14,8282831.892249999,2277778.7703687497,0.08637452725728481,3.0,0.22158812294382405,1.2410412451109427
2015-05-15,8283551.892249999,2277976.7703687497,0.034669663330512204,3.0,0.218206544040199,1.260273843800662
2015-05-18,8293654.159649999,2280754.89390375,0.03546454044068762,3.0,0.21500717303518593,1.279027095319263
2015-05-19,8317689.159649999,2287364.51890375,0.034175191330689414,3.0,0.21212696503220982,1.2963934121163871
2015-05-20,8264404.159649999,2272711.14390375,0.03344321938649808,3.0,0.20907601557573438,1.3153110807221489
2015-05-21,8226754.159649999,2262357.39390375,0.03357486827006651,3.0,0.20584713888495865,1.335942784969621
2015-05-22,8213314.159649999,2258661.39390375,0.038077716122312,3.0,0.20260041518518235,1.35
2015-05-25,8203482.159649999,2255957.5939037497,0.04032715587596161,3.0,0.1994236781350711,1.35
2015-05-26,8102132.159649999,2228086.3439037497,0.039233541092707776,3.0,0.19820463564134974,1.35
2015-05-27,8085972.159649999,2223642.3439037497,0.03917871911128665,3.0,0.1950789707775342,1.35
2015-05-28,8043282.159649999,2211902.5939037497,0.04200421652535977,3.0,0.19212470528808315,1.35
2015-05-29,8118697.159649999,2232641.7189037497,0.04588588810862539,3.0,0.19210838272765898,1.35
2015-06-01,8081154.559649999,2222317.50390375,0.04650415964415402,3.0,0.18917014889574987,1.35
2015-06-02,8121154.559649999,2233317.50390375,0.0463294547638197,3.0,0.18733063880986617,1.35
2015-06-03,8010244.559649999,2202817.25390375,0.04696286192365178,3.0,0.18708608812908042,1.35
2015-06-04,7909414.559649999,2175089.00390375,0.04707156424700533,3.0,0.18621515804735192,1.35
2015-06-05,7812555.809649999,2148452.84765375,0.12466173704755328,2.205969582271254,0.1851038852258763,1.35
2015-06-08,7829158.109499999,2153018.4801125,0.1270090447012069,2.1652001292265983,0.18278713570469085,1.35
2015-06-09,7763013.109499999,2134828.6051125,0.12763618493752693,2.154561421078216,0.18052800846784267,1.35
2015-06-10,7746253.109499999,2130219.6051125,0.12735778666174513,2.159271193447983,0.17770199700727352,1.35
2015-06-11,7810196.157749999,2147803.94338125,0.12685733016268189,2.1677895920349255,0.17777693718700324,1.35
2015-06-12,8063256.157749999,2217395.44338125,0.11655648922744712,2.359370995323717,0.20061577847576453,1.35
2015-06-15,8165910.552999999,2245625.402075,0.1155502105082712,2.379917775920583,0.20151563774955414,1.35
2015-06-16,8245950.552999999,2267636.402075,0.11488173287505012,2.3937661203204588,0.20072158251802905,1.35
2015-06-17,8270185.552999999,2274301.027075,0.11357338719544431,2.4213418899514068,0.19784808155235856,1.35
2015-06-18,8295025.552999999,2281132.027075,0.11476649342890588,2.3961697511508757,0.19501591766654644,1.35
2015-06-19,8188310.552999999,2251785.402075,0.1262949942793273,2.1774418025767597,0.19491246387308656,1.35
2015-06-23,8118864.7847,2232687.8157925,0.1273294207372527,2.159752227000774,0.19294535340701752,1.35
2015-06-24,8080628.2127,2222172.7584925,0.12859859606149837,2.13843703136922,0.19013926656277844,1.35
2015-06-25,8079197.45335,2221779.2996712504,0.12796662022339067,2.1489979146119036,0.18717202534197996,1.35
2015-06-26,8033849.92235,2209308.72864625,0.12945480871650442,2.12429343279343,0.18459911551715324,1.35
2015-06-29,8122203.35375,2233605.92228125,0.1298797297494182,2.1173434879374002,0.18499344137563056,1.35
2015-06-30,8512233.35375,2340864.1722812504,0.12775780191250766,2.1525104211508603,0.22776087955470417,1.2074066474350345
2015-07-01,8522783.35375,2343765.4222812504,0.12360264743315269,2.2248714385242168,0.2241815324528621,1.2266844507266599
2015-07-02,8399638.35375,2309900.5472812504,0.11385241625683885,2.4154076746129785,0.22451435374914389,1.2248660070405348
2015-07-03,8338048.35375,2292963.29728125,0.10879876372785804,2.5276022500390414,0.22191245651309724,1.2392274157163843
2015-07-06,8694143.0135,2390889.3287125,0.09101429616790771,3.0,0.24902309082912996,1.104315262831166
2015-07-07,8936268.0135,2457473.7037125,0.08973331521716212,3.0,0.25616993881069156,1.0735061314248266
2015-07-08,9359318.0135,2573812.4537125,0.07560693609346399,3.0,0.2820639466734833,0.9749562226693919
2015-07-09,9114993.0135,2506623.0787125,0.062196793106553364,3.0,0.2894841158160518,0.9499657666009713
2015-07-10,8785073.0135,2415895.0787125,0.06361794830545368,3.0,0.3045499785796235,0.9029716609489179
2015-07-13,8864832.6879,2437828.9891725,0.0660210321175667,3.0,0.30054741041669986,0.9149970702416663
2015-07-14,8777692.6879,2413865.4891725,0.0681877267752099,3.0,0.29748011133081437,0.9244315486159839
2015-07-15,8832332.6879,2428891.4891725,0.0697380564877064,3.0,0.29313770519190196,0.9381256492404205
2015-07-16,8876272.6879,2440974.9891725,0.07011798664398002,3.0,0.2887023441206551,0.9525381611902376
2015-07-17,8844203.1879,2432155.8766725,0.0816074643839624,3.0,0.28449488539749046,0.9666254618805383
2015-07-20,8736260.3382,2402471.593005,0.08765445279363915,3.0,0.2825023986405985,0.9734430621591178
2015-07-21,8666816.0729,2383374.4200475,0.0826956562066989,3.0,0.27912034448336004,0.9852381076306472
2015-07-22,8789187.5729,2417026.5825475,0.08854538607864428,3.0,0.27731195982964335,0.9916629638654474
2015-07-23,8914607.5729,2451517.0825475,0.08900446926608041,3.0,0.2754452106513914,0.9983836689324221
2015-07-24,8937600.5729,2457840.1575475,0.085702034086056,3.0,0.271126139675663,1.0142880370331357
2015-07-27,8906235.3447,2449214.7197925,0.0876176724251882,3.0,0.2672073700922305,1.029163229685917
2015-07-28,8991285.3447,2472603.4697925,0.08728085237732705,3.0,0.2640073996881141,1.0416374704832974
2015-07-29,8826725.3447,2427349.4697925,0.08831800483978647,3.0,0.2656478026826191,1.0352052500451299
2015-07-30,8894285.3447,2445928.4697925,0.09608951983118558,2.861914602998667,0.26213746193058957,1.0490679125931885
2015-07-31,8941615.3447,2458944.2197925,0.0937175544054715,2.9343488713993238,0.2582735986401916,1.0647623351665552
2015-08-03,8996229.004999999,2473962.976375,0.09499701988784273,2.8948276516955582,0.2545650833594688,1.0802738394867581
2015-08-04,9128359.004999999,2510298.726375,0.09586771249546831,2.868536161358803,0.25327221275995915,1.0857882789559452
2015-08-05,9056925.754999999,2490654.582625,0.09781790022728652,2.811346383034382,0.25072332698477656,1.096826543055156
2015-08-06,9149770.754999999,2516186.957625,0.10030742792054137,2.74157164330683,0.24797043134792945,1.1090031924578343
2015-08-07,9262145.754999999,2547090.082625,0.11827314138199145,2.325126370929995,0.2458077865653395,1.1187603283140943
2015-08-10,9246530.305,2542795.833875,0.12056106201410743,2.2810018044451277,0.24216709239432674,1.1355795590600337
2015-08-11,9068093.805,2493725.796375,0.1210341096441154,2.2720867762699353,0.24561527981353998,1.1196371830318033
2015-08-12,9087553.805,2499077.296375,0.12178053558632553,2.258160539990918,0.24175714509458462,1.1375051599505344
2015-08-13,8878308.805,2441534.921375,0.12390903735713597,2.2193699980686894,0.2474430428321942,1.111366869936585
2015-08-14,8961298.805,2464357.171375,0.07234251769246787,3.0,0.2447621688161521,1.1235396439331293
2015-08-17,8988073.088,2471720.0992,0.07383028316388907,3.0,0.24097925563028244,1.1411770663858023
2015-08-18,9038078.088,2485471.4742,0.07518336784371654,3.0,0.23753371153398464,1.1577304047667987
2015-08-19,9158413.088,2518563.5992,0.07769667109791081,3.0,0.236261724113772,1.1639634013149485
2015-08-20,9173283.088,2522652.8492,0.07742485832880447,3.0,0.23254087376736587,1.1825877986298026
2015-08-21,9136378.088,2512503.9742,0.07951029033593886,3.0,0.22938780845006715,1.1988431375587325
2015-08-24,9301487.088,2557908.9492,0.07378292887014476,3.0,0.23055688449637746,1.1927642091482238
2015-08-25,9455317.088,2600212.1992,0.07440969433256726,3.0,0.23059692253244682,1.1925571121241019
2015-08-26,9407297.088,2587006.6992,0.07565121856633743,3.0,0.2278873905210778,1.2067363594413738
2015-08-27,9439957.088,2595988.1992,0.07644156135995717,3.0,0.22433311621705984,1.2258555697764926
2015-08-28,9358267.088,2573523.4492,0.10688097619287486,2.572955541720929,0.2228179520169488,1.234191399349555
2015-08-31,9243404.9017,2541936.3479675,0.10940753965564223,2.5135379231226325,0.22276080608393167,1.234508012582724
2015-09-01,9282624.9017,2552721.8479675,0.11088157695245289,2.4801234574605906,0.21940346223928595,1.2533986346126085
2015-09-02,9303999.9017,2558599.9729675,0.12412795162567149,2.215455877571462,0.21596216722211012,1.27337118133831
2015-09-07,9338610.9017,2568117.9979675002,0.12504881791519928,2.1991411401144854,0.2126557353899162,1.2931699184871366
2015-09-08,9283105.9017,2552854.1229675002,0.12524709367516945,2.1956597309412813,0.21033250693345498,1.3074536314398828
2015-09-09,8992240.9017,2472866.2479675002,0.12224673379562437,2.2495488546937623,0.22605396980813175,1.2165236480182688
2015-09-10,9085500.9017,2498512.7479675002,0.12531459427398353,2.1944770407088376,0.22426862837943254,1.2262080612306452
2015-09-11,9005735.9017,2476577.3729675002,0.13392255278205384,2.0534256126937502,0.22226712874933863,1.2372499773015506
2015-09-14,9121370.5517,2508376.9017175003,0.13689388738672864,2.0088552180793737,0.22154351914580545,1.241291106416943
2015-09-15,9293310.5517,2555660.4017175003,0.13548417364744816,2.029757370153024,0.22385023975720328,1.2284999127017946
2015-09-16,9341920.5517,2569028.1517175003,0.13526328406471683,2.0330720335640087,0.22060446558380864,1.2465749470312797
2015-09-17,9292840.5517,2555531.1517175003,0.1393154683134913,1.973937304515159,0.2179109308493491,1.2619835036642517
2015-09-18,9319700.5517,2562917.6517175003,0.12650774030201084,2.173780033881681,0.21453308688002004,1.2818535546164809
2015-09-21,9439776.4419,2595938.5215225,0.12391985233248674,2.219176304876101,0.21363991567658752,1.2872126406204947
2015-09-22,9637321.9419,2650263.5340225003,0.12708571062055612,2.163893947298893,0.2170664846001204,1.2668929545093277
2015-09-23,9773511.9419,2687715.7840225003,0.12836997351593274,2.142245514803882,0.21622250982994473,1.2718379793865253
2015-09-24,9821796.9419,2700994.1590225003,0.13073395413379477,2.103508624229032,0.2129206417351203,1.291561014277368
2015-09-25,9767126.9419,2685959.9090225003,0.10889101137298884,2.525460977288853,0.21080627682411315,1.304515236182683
2015-09-28,9895497.2343,2721261.7394325,0.10952656437105135,2.5108064110215484,0.20964130373880246,1.3117644047025658
2015-09-29,10165137.2343,2795412.7394325,0.11072589428539466,2.4836105571763625,0.21735577465014755,1.2652067811063945
2015-09-30,10254492.2343,2819985.3644325,0.13724767958913456,2.003676862321036,0.21444329869514434,1.2823902713366855
2015-10-08,10345018.4343,2844880.0694325003,0.13074946173875482,2.103259136542117,0.21155892444756766,1.2998742582856886
2015-10-09,10277158.4343,2826218.5694325003,0.11918739541932179,2.307290960025619,0.2102175059469993,1.3081688832771798
2015-10-12,10169631.5843,2796648.6856825002,0.12141186984199386,2.2650174184607046,0.21051791729357278,1.3063021121214367
2015-10-13,10465151.5843,2877916.6856825002,0.12443473379561906,2.2099938788126523,0.21949581101382717,1.2528712904806933
2015-10-14,10556076.5843,2902921.0606825002,0.12004071246120185,2.2908894354395164,0.21645694404548163,1.270460512194136
2015-10-15,10630971.5843,2923517.1856825002,0.12269165367168826,2.2413912582503377,0.21322099223437269,1.2897416765499328
2015-10-16,10765676.5843,2960561.0606825002,0.10878773453009462,2.527858505261226,0.21121335218084825,1.3020010201084988
2015-10-19,10800935.470900001,2970257.2544975006,0.10936441718789233,2.514529012919616,0.20790942412408733,1.3226913650430332
2015-10-20,11131495.470900001,3061161.2544975006,0.11184322195828805,2.4587989793656098,0.21730908847975608,1.265478595137627
2015-10-21,11352425.470900001,3121917.0044975006,0.10921755079851495,2.5179103357419295,0.21776047922331962,1.2628554133460537
2015-10-22,11461655.470900001,3151955.2544975006,0.10997735812166579,2.5005146940861493,0.21462041801713294,1.281331955928103
2015-10-23,11861913.970900001,3262026.3419975005,0.11621729024053717,2.366257201753949,0.22632219650331825,1.2150818799426422
2015-10-26,11897914.520900002,3271926.4932475006,0.11527597741361338,2.38557942574013,0.22298587887460541,1.2332619508818512
2015-10-27,11777899.520900002,3238922.3682475006,0.11474690843462622,2.3965787292358596,0.2243050696790842,1.2260088476530897
2015-10-28,11957164.520900002,3288220.2432475006,0.11221734668098879,2.450601516909586,0.2222525229720311,1.2373312857042653
2015-10-29,12127854.520900002,3335159.9932475006,0.11277024771002347,2.4385864674797277,0.21987326083951558,1.2507205239509371
2015-10-30,12116704.520900002,3332093.7432475006,0.12205534122112409,2.253076327907605,0.2174099874980848,1.2648912920912732
2015-11-02,12053172.146500003,3314622.340287501,0.12293976431923816,2.2368677988181793,0.21639685561967295,1.2708132898350644
2015-11-03,11941152.146500003,3283816.840287501,0.12339511590192474,2.228613328736381,0.2171842569054932,1.2662059576429847
2015-11-04,11856667.146500003,3260583.465287501,0.11920774052925814,2.3068971761318173,0.21660654900423956,1.2695830355277833
2015-11-05,11544066.069200002,3174618.169030001,0.12017640761785131,2.2883027164072995,0.23048770700848878,1.1931221997443529
2015-11-06,11380484.918600002,3129633.3526150007,0.13220548185160236,2.080095289155114,0.23249817849756527,1.182804965514514
2015-11-09,11240926.579000002,3091254.809225001,0.13253046233204055,2.0749946477287438,0.23302840107728415,1.1801136630929203
2015-11-10,11451991.579000002,3149297.684225001,0.12760544359442422,2.15508047504657,0.23350227490904352,1.1777187186168578
2015-11-11,11781016.579000002,3239779.559225001,0.12587953527807164,2.1846283384548317,0.24029011535518086,1.144449906287295
2015-11-12,11838221.579000002,3255510.934225001,0.12660290200101837,2.172146101341247,0.23651037414521048,1.1627396937402756
2015-11-13,11926286.579000002,3279728.809225001,0.11724593849233604,2.345497025621709,0.23294519310790804,1.1805351994218263
2015-11-16,11992927.033100002,3298054.934102501,0.1156849404006482,2.377146057625139,0.22929883262574374,1.1993083298808096
2015-11-17,12150907.033100002,3341499.434102501,0.11723702927756305,2.345675267401456,0.2269831705976017,1.2115435663180645
2015-11-18,12277053.533100002,3376189.721602501,0.11643727870989586,2.361786560515246,0.22395862522999962,1.2279053763505747
2015-11-19,12540353.533100002,3448597.221602501,0.11670108078066092,2.356447756613849,0.225181275375787,1.221238309184787
2015-11-20,12668778.533100002,3483914.096602501,0.11903074894898236,2.310327393788537,0.2220377558685976,1.238528100431467
2015-11-23,12954320.775600001,3562438.213290001,0.12048762808617766,2.282392012923591,0.22357828175700428,1.2299942455899333
2015-11-24,13225227.275600001,3636937.5007900004,0.11979964615378379,2.295499267560352,0.22387869400187893,1.228343774408886
2015-11-25,13027963.775600001,3582690.0382900005,0.12189755735667171,2.2559927037368865,0.22833669950520766,1.2043618069101858
2015-11-26,12518533.775600001,3442596.7882900005,0.11974768846699986,2.296495268681405,0.2573218736733694,1.0687004414909176
2015-11-27,12173977.525600001,3347843.8195400005,0.13063605776887285,2.1050849566093177,0.2685078249413524,1.024178718292719
2015-11-30,12466845.070700001,3428382.3944425005,0.1318378024293179,2.085896419180952,0.27040467070893176,1.0169942674400574
2015-12-01,12466217.370700002,3428209.776942501,0.131694685347197,2.0881632335807327,0.2664021684097632,1.032273879907059
2015-12-02,12152587.370700002,3341961.526942501,0.12604906758232134,2.1816900773216776,0.27449781595473444,1.0018294646298693
2015-12-03,12250697.370700002,3368941.776942501,0.12580007693544346,2.1860082020547664,0.27052910408338104,1.0165264877203044
2015-12-04,12284967.370700002,3378366.026942501,0.09086756739417803,3.0,0.26627160482241646,1.03278004495975
2015-12-07,11941085.635200001,3283798.5496800006,0.08958421985550172,3.0,0.27612994117985984,0.9959079367669013
2015-12-08,12094825.635200001,3326077.0496800006,0.08899178085113946,3.0,0.2733814049484389,1.00592064793824
2015-12-09,12074115.635200001,3320381.7996800006,0.08950269961241866,3.0,0.26934339836953464,1.0210014489484707
2015-12-10,12135905.635200001,3337374.0496800006,0.092266992854051,2.9804807926817145,0.26520448637171484,1.0369357010595803
2015-12-11,12133845.635200001,3336807.5496800006,0.11232305183922582,2.4482953008935575,0.2611372826054751,1.0530859372365786
2015-12-14,12093314.185200002,3325661.400930001,0.11401522522333443,2.4119585736144153,0.2575317209012416,1.0678296212894767
2015-12-15,11986724.185200002,3296349.150930001,0.11690719342198588,2.352293233209059,0.2553509205657599,1.0769493189635082
2015-12-16,12070504.185200002,3319388.650930001,0.11755953599853143,2.339240263788004,0.2517233210557928,1.0924692986195272
2015-12-17,11912494.185200002,3275935.900930001,0.11939612960387241,2.3032572405184637,0.2513389048868339,1.0941402013501236
2015-12-18,11765564.185200002,3235530.150930001,0.09394218509411849,2.9273323770836703,0.25041149376515703,1.0981924026933956
2015-12-21,11419999.485200003,3140499.858430001,0.08880584004347103,3.0,0.2607338366117543,1.054715427708329
2015-12-22,11450859.485200003,3148986.358430001,0.08825826217613741,3.0,0.25672011406100503,1.0712055072344315
2015-12-23,11597639.4852,3189350.8584300005,0.09007683596051587,3.0,0.2550681554910631,1.078143210274774
2015-12-24,11571539.4852,3182173.3584300005,0.09221302655961283,2.9822250744825207,0.2511849598586453,1.094810772726029
2015-12-25,11534039.4852,3171860.8584300005,0.05139489981646373,3.0,0.2474605134883501,1.1112884076875014
2015-12-28,11435404.545,3144736.249875,0.05066888681180587,3.0,0.2448586189899862,1.1230970799980151
2015-12-29,11391534.545,3132671.999875,0.050424121642783586,3.0,0.24126424003682773,1.1398290934372317
2015-12-30,11469964.545,3154240.249875,0.050328000857167016,3.0,0.2382205194495495,1.1543925797636407
2015-12-31,11460254.545000002,3151569.9998750007,0.059186769494414496,3.0,0.23449001641990944,1.1727578180025708
2016-01-04,11410215.594999999,3137809.288625,0.05915623310661101,3.0,0.2311548638138448,1.1896786226460927
2016-01-05,11356245.594999999,3122967.538625,0.05946015728054975,3.0,0.22791266650807482,1.206602529878509
2016-01-06,11405185.595,3136426.0386250005,0.05931889055014475,3.0,0.22465050565469266,1.224123663548298
2016-01-07,11343805.594999999,3119546.538625,0.059209478587436984,3.0,0.22163708975888927,1.2407670588851454
2016-01-08,11552440.594999997,3176921.1636249996,0.05588905725343466,3.0,0.22412650355152253,1.2269856337484988
2016-01-11,11475883.994999997,3155868.0986249996,0.05342062608300255,3.0,0.22148693491269164,1.2416082244688735
2016-01-12,11479653.995,3156904.848625,0.05415808070277631,3.0,0.21799878261173697,1.261474934425593
2016-01-13,11488413.995000001,3159313.8486250006,0.054574315983386606,3.0,0.21456977978029085,1.2816343488891437
2016-01-14,11391913.995000001,3132776.3486250006,0.05557110627847664,3.0,0.21257263391247352,1.2936754601875557
2016-01-15,11521103.995,3168303.598625,0.0672326592965621,3.0,0.21158528252907535,1.2997123274025943
2016-01-18,11557572.045,3178332.312375,0.06492414224254452,3.0,0.20839793181140384,1.319590830915106
2016-01-19,11754762.045,3232559.562375,0.06487856705397212,3.0,0.21025840994183378,1.307914390088256
2016-01-20,11669082.045,3208997.562375,0.06544381166772424,3.0,0.20822388548460824,1.3206938260708223
2016-01-21,11637942.045,3200434.062375,0.06581019023493838,3.0,0.20516187373056996,1.3404049933816913
2016-01-22,11702867.045,3218288.437375,0.04358727619647855,3.0,0.20240294316221977,1.35
2016-01-25,11527973.945,3170192.834875,0.04133054961964405,3.0,0.20396402564889735,1.3482769773988657
2016-01-26,11549708.945,3176169.959875,0.044339086590413565,3.0,0.20080154395251623,1.35
2016-01-27,11492343.944999997,3160394.5848749992,0.044596682185632605,3.0,0.19818861879704822,1.35
2016-01-28,11583263.944999998,3185397.5848749997,0.04427773780256172,3.0,0.19625612766138004,1.35
2016-01-29,11643008.945,3201827.459875,0.07269180591102856,3.0,0.19361769398231388,1.35
2016-02-01,11714295.945,3221431.3848750005,0.07222120491631327,3.0,0.19119781016144494,1.35
2016-02-02,11634380.944999998,3199454.759875,0.07366432292066641,3.0,0.1893574274519947,1.35
2016-02-03,11666520.944999998,3208293.259875,0.0743525929521342,3.0,0.18648229433338573,1.35
2016-02-04,11568899.344999999,3181447.319875,0.07151534631215936,3.0,0.18522241138659332,1.35
2016-02-05,11627201.344999997,3197480.3698749994,0.07365842633740197,3.0,0.18278531484826205,1.35
2016-02-15,11860753.194999998,3261707.128625,0.07264272751234567,3.0,0.18804394364941113,1.35
2016-02-16,11497893.194999995,3161920.628624999,0.07160957991043852,3.0,0.20497917354105655,1.3415997110795188
2016-02-17,11403248.194999998,3135893.253625,0.07194415258234593,3.0,0.2030671301563124,1.35
2016-02-18,11573458.194999997,3182701.0036249994,0.07379707411961241,3.0,0.20425807951365038,1.346335971897856
2016-02-19,11554033.194999995,3177359.128624999,0.05908698390127028,3.0,0.20111459092902756,1.35
2016-02-22,11441994.844999997,3146548.5823749993,0.05750099664891569,3.0,0.1998604307558572,1.35
2016-02-23,11317074.044999994,3112195.3623749986,0.05816997204557694,3.0,0.19900612132050738,1.35
2016-02-24,11331784.044999994,3116240.6123749986,0.05822610931240546,3.0,0.19593159091152962,1.35
2016-02-25,11519234.044999994,3167789.3623749986,0.0579681901836647,3.0,0.19851903338458898,1.35
2016-02-26,11545174.044999996,3174922.862374999,0.05588472851443159,3.0,0.19548042069633378,1.35
2016-02-29,11632349.945,3198896.2348750005,0.05606606201663574,3.0,0.19348351665866742,1.35
2016-03-01,11822879.945,3251291.9848750005,0.05522519426957193,3.0,0.1955376060350936,1.35
2016-03-02,11884334.444999997,3268191.9723749994,0.05580837210849685,3.0,0.19282283546145562,1.35
2016-03-03,11775804.445,3238346.2223750004,0.05519530936496289,3.0,0.19190132100260165,1.35
2016-03-04,11596264.444999997,3188972.7223749994,0.0579537217454326,3.0,0.19406184503585067,1.35
2016-03-07,11653994.395000001,3204848.4586250004,0.05145989151663721,3.0,0.19145788898490207,1.35
2016-03-08,11923134.395,3278861.958625,0.05168269928191063,3.0,0.19875217804213005,1.35
2016-03-09,11786354.395,3241247.458625,0.051473332020593246,3.0,0.19873431302537353,1.35
2016-03-10,11839024.394999998,3255731.7086249995,0.050922934149015185,3.0,0.19588303500941315,1.35
2016-03-11,11829754.395,3253182.458625,0.061055364001572125,3.0,0.19285069487327658,1.35
2016-03-14,11891623.145,3270196.364875,0.06205617156923894,3.0,0.19021659992570306,1.35
2016-03-15,11662668.144999998,3207233.7398749995,0.06201168036181833,3.0,0.19546743411850712,1.35
2016-03-16,11576759.394999998,3183608.8336249995,0.06332819881728308,3.0,0.1935672056686792,1.35
2016-03-17,11617699.394999998,3194867.3336249995,0.06273702196375128,3.0,0.19076533946718313,1.35
2016-03-18,11643584.394999998,3201985.7086249995,0.057120680568001854,3.0,0.18784904026973803,1.35
2016-03-21,11527141.844999997,3169964.0073749996,0.0556976083598771,3.0,0.18707057500472352,1.35
2016-03-22,11396141.844999997,3133939.0073749996,0.056023837805252955,3.0,0.18677982434234727,1.35
2016-03-23,11471121.844999997,3154558.5073749996,0.056340646159760574,3.0,0.1848756012738261,1.35
2016-03-24,11433476.844999997,3144206.1323749996,0.05570589030846141,3.0,0.18216285184072167,1.35
2016-03-25,11400121.844999999,3135033.507375,0.0622103057513672,3.0,0.17943963655170153,1.35
2016-03-28,11436090.845,3144924.9823750006,0.062076837004586154,3.0,0.1768911227036372,1.35
2016-03-29,11439585.845000003,3145886.107375001,0.06267039648745187,3.0,0.17411318334692963,1.35
2016-03-30,11491035.845,3160034.8573750006,0.0654647665530037,3.0,0.17188487459983368,1.35
2016-03-31,11504855.845000003,3163835.357375001,0.06554693856060399,3.0,0.16921812907267844,1.35
2016-04-01,11552990.845000003,3177072.482375001,0.09312117845130242,2.953141321593249,0.16697602383694526,1.35
2016-04-05,11370299.544999994,3126832.374874999,0.09348721965767849,2.9415785495275784,0.17017881151047087,1.35
2016-04-06,11270449.544999992,3099373.6248749983,0.09379763961195293,2.9318434998758316,0.16909954645342287,1.35
2016-04-07,11180849.544999992,3074733.6248749983,0.09483334874095067,2.899823781939805,0.16765439238659924,1.35
2016-04-08,11207120.044999996,3081958.012374999,0.09068285043150394,3.0,0.16526663410943773,1.35
2016-04-11,11254963.544999996,3095114.9748749994,0.0899989249299642,3.0,0.16328188806013458,1.35
2016-04-12,11172923.544999998,3072553.974875,0.09051700111018543,3.0,0.16176380337103416,1.35
2016-04-13,11214273.544999994,3083925.224874999,0.0901366326714161,3.0,0.1597253886536886,1.35
2016-04-14,10996983.544999994,3024170.474874999,0.0908403886939129,3.0,0.16555729499509125,1.35
2016-04-15,11302403.545000002,3108160.974875001,0.09683687388335939,2.8398273196142125,0.18196729525489883,1.35
2016-04-18,11317488.750599999,3112309.406415,0.09484734750862618,2.899395789376074,0.17916710951222778,1.35
2016-04-19,11837408.750599999,3255287.406415,0.09876616516839128,2.7843543336034062,0.21842541075584207,1.259011023710046
2016-04-20,12087178.750599999,3323974.156415,0.09505858491210845,2.8929528064642045,0.22208402214884393,1.2382700805719875
2016-04-21,12373048.750599997,3402588.4064149996,0.09097321948326974,3.0,0.2269549540261412,1.2116941935901735
2016-04-22,12254988.7506,3370121.9064150006,0.045004438849532376,3.0,0.2258434375596647,1.217657696727844
2016-04-25,12134381.268149998,3336954.8487412496,0.04555171820746358,3.0,0.22473120727637463,1.2236840772265545
2016-04-26,11892901.268149998,3270547.8487412496,0.045112348454748055,3.0,0.22919322593050243,1.1998609421527469
2016-04-27,11628481.268149998,3197832.3487412496,0.04583139898563874,3.0,0.23466492184555227,1.1718837133271875
2016-04-28,11552731.268149998,3177001.0987412496,0.04574535869375829,3.0,0.2317382212893795,1.1866838300126505
2016-04-29,11685171.268149998,3213422.0987412496,0.05073290677413731,3.0,0.23029205911762576,1.1941358336612853
2016-05-03,11380907.357349997,3129749.5232712496,0.04959745979426254,3.0,0.23832357407848892,1.1538934033837214
2016-05-04,11187877.357349997,3076666.2732712496,0.04993445707495483,3.0,0.23904815865365955,1.1503958095675133
2016-05-05,11004957.357349997,3026363.2732712496,0.048701384294374504,3.0,0.23916464370391485,1.1498355097187745
2016-05-06,10836692.357349997,2980090.3982712496,0.04607147547826845,3.0,0.23854506926612756,1.1528219838960592
2016-05-09,10719901.956649998,2947973.0380787496,0.04528409221584541,3.0,0.23609952260357395,1.1647630497827919
2016-05-10,10419231.956649998,2865288.7880787496,0.04637410332408761,3.0,0.24332642581964892,1.1301690684587922
2016-05-11,10412691.956649998,2863490.2880787496,0.045997863055573844,3.0,0.23958087931115815,1.14783784411627
2016-05-12,10426531.956649998,2867296.2880787496,0.0455315760916336,3.0,0.23609721558968405,1.1647744312153412
2016-05-13,10223491.956649998,2811460.2880787496,0.06611834545333269,3.0,0.23700455119366093,1.1603152708037758
2016-05-16,9969461.089249998,2741601.7995437495,0.06772724160816122,3.0,0.24089049945705737,1.141597533401367
2016-05-17,9944791.089249995,2734817.5495437486,0.06775884717003285,3.0,0.23713158983694885,1.159693654435031
2016-05-18,9889951.089249996,2719736.549543749,0.0681627081941855,3.0,0.23344083873259996,1.1780286666764632
2016-05-19,9922561.089249998,2728704.2995437495,0.06811564125029743,3.0,0.23064637042656502,1.1923014417760225
2016-05-20,10073891.089249995,2770320.0495437486,0.09052508047318866,3.0,0.2330741749337463,1.179881898447872
2016-05-23,10272771.945649998,2825012.2850537496,0.0944641303011868,2.9111579085436734,0.23807206676617212,1.1551124150574856
2016-05-24,10375331.945649993,2853216.285053748,0.09606934235356308,2.862515691925111,0.23684862968896106,1.1610791261960893
2016-05-25,10361011.945649995,2849278.2850537486,0.09710939444045259,2.831857840166327,0.2331252998930942,1.1796231474066032
2016-05-26,10353721.945649995,2847273.5350537486,0.0953018237858056,2.8855691221405455,0.22948218838519865,1.198350085185684
2016-05-27,10220071.945649995,2810519.7850537486,0.09606340058987797,2.8626927457425055,0.22791599425196155,1.2065849125796193
2016-05-30,10173245.945649993,2797642.6350537483,0.09794495287392253,2.8076995488883196,0.22441636267317153,1.2254008429879772
2016-05-31,10267725.945649995,2823624.6350537487,0.09768404981578975,2.8151985970953133,0.22325494272938215,1.2317756401628273
2016-06-01,10380445.945649989,2854622.6350537473,0.09717011627090241,2.8300882056508225,0.22269383081535848,1.2348792914160698
2016-06-02,10326125.945649993,2839684.6350537483,0.10519890301375329,2.6140956998767146,0.2194195548610874,1.2533067081195206
2016-06-03,10302295.94564999,2833131.385053748,0.12264396896837731,2.2422627244793945,0.21597019652936536,1.2733238401373979
2016-06-06,10336535.845649993,2842547.3575537484,0.12178890900033268,2.2580052835455553,0.2130348613787738,1.290868537760366
2016-06-07,10345705.84564999,2845069.1075537475,0.12249630552601605,2.2449656650387295,0.20979193460075315,1.3108225562786378
2016-06-08,10379195.845649991,2854278.857553748,0.11204258483845056,2.454423917446307,0.2069086156880893,1.3290891685948794
2016-06-13,10401081.627249993,2860297.4474937483,0.11136580452062327,2.4693396791209294,0.2038777402995946,1.3488475965835827
2016-06-14,10502711.627249993,2888245.6974937483,0.11010286461144402,2.4976643520627957,0.20299664679177848,1.35
2016-06-15,10704821.627249992,2943825.947493748,0.1098814921187296,2.5026962657446976,0.2075213102446724,1.3251651103964632
2016-06-16,10791611.627249992,2967693.197493748,0.1112464075740197,2.471989936547156,0.20558045976305117,1.337675770921812
2016-06-17,10670391.627249992,2934357.697493748,0.07994327344484616,3.0,0.2047421172805583,1.3431530534734448
2016-06-20,10507171.04474999,2889472.0373062477,0.08214717942610945,3.0,0.20576477166222273,1.336477560169686
2016-06-21,10425721.04474999,2867073.2873062473,0.0828326121477001,3.0,0.203440265794696,1.35
2016-06-22,10255451.04474999,2820249.0373062473,0.07952197532129274,3.0,0.20471152268393886,1.3433537907125137
2016-06-23,10157336.04474999,2793267.4123062473,0.08545112760217181,3.0,0.20272947470525535,1.35
2016-06-24,10233591.04474999,2814237.5373062473,0.10117993683305025,2.7179301411677868,0.2012020633929118,1.35
2016-06-27,10447918.559949992,2873177.603986248,0.0967940791378679,2.8410828683881157,0.20764254727639414,1.3243913812805717
2016-06-28,10283783.559949996,2828040.4789862493,0.0978869348390304,2.8093636852785533,0.2085566353451215,1.3185866733270193
2016-06-29,10194858.55994999,2803586.1039862474,0.09871151213781555,2.785895930923034,0.20630349571189513,1.3329875921445375
2016-06-30,10479518.559949994,2881867.6039862484,0.10042826124674252,2.7382730377493205,0.21893299951162531,1.2560920492271315
2016-07-01,10599818.559949992,2914950.103986248,0.10182725347430874,2.7006522381494182,0.21807647982741638,1.2610254907710927
2016-07-04,10445106.322449993,2872404.2386737484,0.10433896360418105,2.635640517220743,0.2183607352143411,1.2593839260069457
2016-07-05,10044441.822449995,2762221.501173749,0.10242448221308291,2.68490495688221,0.23921534833315447,1.1495917879692585
2016-07-06,10132091.822449997,2786325.2511737496,0.10755464348123159,2.5568398638966046,0.237269291636795,1.1590206136787482
2016-07-07,10312031.822449993,2835808.751173748,0.10749484783973035,2.5582621448984404,0.23959933350765775,1.147749436419909
2016-07-08,10180316.822449995,2799587.126173749,0.10955865226757606,2.510071037825156,0.23813849593522865,1.1547901943363132
2016-07-11,10124476.722449996,2784231.098673749,0.11076966189388425,2.48262922625372,0.234683971345387,1.1717885905180951
2016-07-12,10282966.722449992,2827815.848673748,0.10673880151060063,2.576382684723032,0.23580980995848227,1.1661940614277995
2016-07-13,10468416.722449992,2878814.598673748,0.10571748300869764,2.601272676699795,0.23797922712871425,1.1555630435393531
2016-07-14,10448356.722449994,2873298.0986737483,0.10741032300958493,2.560275328242519,0.23427651161287247,1.1738265953627507
2016-07-15,10675016.722449994,2935629.5986737483,0.10018804088924432,2.7448385811237337,0.2385896060255299,1.1526067902998847
2016-07-18,10425509.122449998,2867015.0086737494,0.09693271732022916,2.8370194048259645,0.24396157531661214,1.1272266939705828
2016-07-19,10067709.122449992,2768620.008673748,0.09427408862139687,2.9170263433083434,0.2580554457362924,1.0656624556608787
2016-07-20,10147389.122449998,2790532.0086737494,0.09372936494538868,2.9339791234073602,0.25532033174759916,1.0770783435760827
2016-07-21,10254109.122449992,2819880.008673748,0.09358905199595008,2.9383778779156797,0.25338574711981315,1.0853017706239279
2016-07-22,10282749.122449996,2827756.008673749,0.09920184670535916,2.7721258135121367,0.24959280686035665,1.1017945727653053
2016-07-25,10062727.799449995,2767250.144848749,0.10093830117910148,2.724436579451138,0.25235418814209565,1.0897382049595823
2016-07-26,10250972.799449999,2819017.51984875,0.10123254628405345,2.716517662495259,0.25455593930760667,1.0803126446312794
2016-07-27,10347472.799449995,2845555.019848749,0.1021078780833856,2.6932299951960945,0.2521196060044608,1.0907521408514909
2016-07-28,10655537.79945,2930272.8948487504,0.103201759474802,2.664683251520966,0.26195506518506784,1.0497983683030374
2016-07-29,10557612.799449993,2903343.5198487486,0.10168185007306926,2.704514127175923,0.259258427716117,1.0607176878397169
2016-08-01,10544133.699449994,2899636.7673487486,0.10191756593324446,2.6982591026567864,0.25521159110311414,1.0775372654954793
2016-08-02,10735423.699449996,2952241.517348749,0.10151168745683578,2.7090476662299006,0.25610070733942675,1.073796331360869
2016-08-03,10688115.69945,2939231.81734875,0.10221226968008766,2.6904793412837575,0.25248062503286,1.089192487400604
2016-08-04,10594375.699449996,2913453.317348749,0.10304726267802931,2.6686783603290483,0.24987516025507903,1.1005495693100222
2016-08-05,10894855.699449996,2996085.317348749,0.08608699634218663,3.0,0.258032011088345,1.0657592398713875
2016-08-08,11106611.699449992,3054318.217348748,0.08539298955652143,3.0,0.2589938575569294,1.0618012434505415
2016-08-09,11279961.699449997,3101989.4673487497,0.0904224196977507,3.0,0.25780998613131356,1.066677067582366
2016-08-10,11203863.09944999,3081062.3523487477,0.09103061187260594,3.0,0.2549700555674369,1.0785580266984152
2016-08-11,11217733.099449992,3084876.602348748,0.09104819309103024,3.0,0.25096177430240013,1.0957844108506927
2016-08-12,11332063.099449996,3116317.352348749,0.09135866018133194,3.0,0.24808552025272737,1.1084887167935258
2016-08-15,11276781.93615,3101115.03244125,0.09228742827776792,2.9798208177640553,0.24496362503434546,1.1226156534932208
2016-08-16,11443711.93615,3147020.78244125,0.09089791619535369,3.0,0.2437507694201956,1.1282015669289425
2016-08-17,11407371.936149994,3137027.2824412487,0.09062603555934327,3.0,0.2404033706653521,1.1439107498322365
2016-08-18,11379271.936149998,3129299.7824412496,0.09175435147209311,2.9971330578652795,0.2369686707184752,1.1604909592741355
2016-08-19,11171920.97545,3072278.2682487504,0.09030148730489403,3.0,0.2399525474217008,1.1460599312442623
2016-08-22,11466463.87544999,3153277.565748748,0.08871925444307754,3.0,0.24619513218259823,1.1170001517172068
2016-08-23,11368703.875449998,3126393.5657487498,0.08471887940712101,3.0,0.24414181511434382,1.1263945091552783
2016-08-24,11369448.875449996,3126598.4407487493,0.08477905014188639,3.0,0.24034752854422325,1.1441765249913973
2016-08-25,11230998.875449996,3088524.6907487493,0.08596226576595857,3.0,0.23973436157044153,1.1471029776396753
2016-08-26,11401278.875449996,3135351.6907487493,0.09717074109416293,2.8300700077352743,0.23907312845798517,1.1502756573845925
2016-08-29,11083637.475449992,3048000.305748748,0.09990986891303263,2.752480840900472,0.249358423317702,1.1028302005648658
2016-08-30,10649407.475449994,2928587.0557487486,0.09755244700735918,2.8189964315221587,0.2695519836223584,1.0202113755737532
2016-08-31,10614202.475449992,2918905.680748748,0.09974988804047692,2.7568953249191557,0.2654302650364458,1.0360536691708468
2016-09-01,10427807.475449996,2867647.055748749,0.10152969240701579,2.7085672524011044,0.265538665137402,1.0356307239011777
2016-09-02,10604152.475449992,2916141.930748748,0.1161378747156474,2.3678752575188025,0.2660836813146909,1.0335094532714466
2016-09-05,10642663.526149997,2926732.4696912495,0.1147892246696996,2.3956952474528785,0.2621410745166664,1.0490534553085311
2016-09-06,10531963.526149996,2896289.969691249,0.11590269160203122,2.372680014578545,0.25953061365997065,1.0596052470337733
2016-09-07,10370663.526149997,2851932.4696912495,0.11603620350703693,2.3699499956780543,0.2586864820054099,1.0630628932293762
2016-09-08,10271418.52615,2824640.09469125,0.1171908196806914,2.346600192312757,0.25570026366060017,1.0754779680830406
2016-09-09,10352338.52615,2846893.09469125,0.06974103369090143,3.0,0.2529875317033653,1.0870100915583656
2016-09-12,10175845.304449998,2798357.4587237495,0.0696135922623376,3.0,0.252940021177226,1.0872142681102939
2016-09-13,10046395.304449998,2762758.7087237495,0.06976005174935539,3.0,0.2508809888381731,1.0961372612309994
2016-09-14,9801755.304449998,2695482.7087237495,0.03286795936748968,3.0,0.25469855224520105,1.0797077469653402
2016-09-19,9690028.754449997,2664757.9074737495,0.02919578600900681,3.0,0.2518731810357273,1.0918192991773596
2016-09-20,9607778.754449997,2642139.1574737495,0.030018318114177073,3.0,0.24839339699538737,1.107114775700365
2016-09-21,9674678.754449997,2660536.6574737495,0.028724609406558854,3.0,0.24607500234024768,1.1175454531531723
2016-09-22,9654358.754449997,2654948.6574737495,0.029261826777872705,3.0,0.24220663607912785,1.1353941595149306
2016-09-23,9642178.754449997,2651599.1574737495,0.02873000706791313,3.0,0.23842786326764465,1.1533886863352951
2016-09-26,9706586.504449997,2669311.2887237496,0.028764841652653986,3.0,0.23612091014277803,1.1646575469902793
2016-09-27,9803101.504449997,2695852.9137237496,0.02824474526927248,3.0,0.23493149208653308,1.1705540094161084
2016-09-28,9860421.504449997,2711615.9137237496,0.02894387611330245,3.0,0.23226644394003645,1.1839850618757308
2016-09-29,9874926.504449997,2715604.7887237496,0.02950891503157095,3.0,0.22878686219925184,1.2019920958595116
2016-09-30,9841691.504449997,2706465.1637237496,0.10051039346402389,2.736035453870071,0.22523306576974916,1.220957496006055
2016-10-10,9967324.754449997,2741014.3074737494,0.09593430819384635,2.8665448803188402,0.2253270388004642,1.2204482935735164
2016-10-11,10060844.754449992,2766732.307473748,0.09488928944081818,2.8981142299681326,0.22375355766993466,1.2290307374940626
2016-10-12,9966029.754449993,2740658.1824737485,0.0969895281073567,2.8353576449573543,0.2214931669277467,1.2415732901128629
2016-10-13,10145314.754449993,2789961.5574737485,0.09652938720570925,2.848873363444859,0.22445925772884529,1.225166664019756
2016-10-14,10291729.754449992,2830225.682473748,0.10568139420803598,2.602160976970619,0.22485580687516502,1.223005995805454
2016-10-17,10257413.254449992,2820788.644973748,0.10518275979376113,2.6144969055690392,0.2214937995313047,1.2415697440827596
2016-10-18,10208083.254449993,2807222.8949737484,0.106357475097651,2.585619861204035,0.21837725578408096,1.2592886517078703
2016-10-19,10292623.254449995,2830471.394973749,0.10448052041504377,2.632069584909952,0.21628592752729298,1.2714650608292486
2016-10-20,10280753.254449992,2827207.144973748,0.10307434333582034,2.6679772201316774,0.2128995718994043,1.291688835005917
2016-10-21,10309748.254449993,2835180.7699737484,0.13769196925605454,1.9972116128908355,0.20970860072279165,1.3113434501597547
2016-10-24,10284323.038449993,2828188.835573748,0.13580423510297543,2.024973667363742,0.20651575650037943,1.3316175223632138
2016-10-25,10690773.038449995,2939962.585573749,0.12867898162851119,2.1371011529599233,0.23129916616527457,1.1889364088908954
2016-10-26,10992803.038449995,3023020.835573749,0.12686050292873965,2.167735375875607,0.23986534692741365,1.146476569136177
2016-10-27,10991513.038449995,3022666.085573749,0.1251860819499787,2.1967298258434456,0.23615882691379422,1.164470553964871
2016-10-28,11233098.03844999,3089101.9605737473,0.13209604323345403,2.0818186015912006,0.23906863752509477,1.1502972654501098
2016-10-31,11401038.038449991,3135285.4605737478,0.1317222127835949,2.0877268471931516,0.23783246338757977,1.1562761285108956
2016-11-01,11617258.038449988,3194745.960573747,0.13129498546695964,2.0945202059465076,0.2383140418239074,1.1539395576329499
2016-11-02,11576738.038449988,3183602.960573747,0.127051597652804,2.164474946245832,0.2353472343234545,1.1684862190564258
2016-11-03,11574428.038449993,3182967.710573748,0.12385950353374234,2.220257567277293,0.23183412230536926,1.1861929437538672
2016-11-04,11875521.538449991,3265768.423073748,0.13874588350731576,1.982040785992039,0.236937763672432,1.1606423380453161
2016-11-07,11989518.638449991,3297117.625573748,0.12426285345105818,2.213050741735226,0.23376249204844984,1.1764077187498636
2016-11-08,12286858.63844999,3378886.1255737473,0.12188501791162665,2.2562247986819033,0.23726309582870267,1.1590508799503414
2016-11-09,12624393.638449987,3471708.250573747,0.11968551316887735,2.2976882725311336,0.24202225347472467,1.136259149941017
2016-11-10,12924450.138449984,3554223.788073746,0.11394830805606976,2.4133750179483373,0.24366462774248687,1.1286004150369722
2016-11-11,13194490.138449987,3628484.788073747,0.10616954705002384,2.5901966019543106,0.24341873255467003,1.129740497429618
2016-11-14,13054647.40334999,3590028.0359212477,0.09896804338170252,2.7786747176497455,0.24421405614425956,1.1260613100728114
2016-11-15,12530286.753349992,3445828.8571712477,0.09544546822896949,2.881226370436856,0.27240391853170265,1.0095302647711186
2016-11-16,11891401.753349992,3270135.4821712477,0.09504610094256771,2.8933327855939166,0.3093389293600604,0.8889925382780032
2016-11-17,11761206.753349984,3234331.857171246,0.09653550836638933,2.8486927209858304,0.3068283628983754,0.8962665556804563
2016-11-18,11744846.75334999,3229832.8571712472,0.09524440834933054,2.8873086070457274,0.3021681250733426,0.9100893746924884
2016-11-21,11769804.744249986,3236696.3046687464,0.09658930967116719,2.8471059678987447,0.2974092869824597,0.9246516905715142
2016-11-22,12336694.744249986,3392591.0546687464,0.09250795428894865,2.972717342132952,0.3195281959042717,0.8606439228993363
2016-11-23,12533794.744249986,3446793.5546687464,0.09472550100755005,2.9031253155164762,0.3163803907303651,0.8692068410597814
2016-11-24,12568250.244249986,3456268.8171687466,0.09660878165943051,2.8465321192998996,0.31141656535377116,0.883061566386484
2016-11-25,12573665.244249986,3457757.9421687466,0.09258518736762894,2.970237548994255,0.3066678566447726,0.8967356507745939
2016-11-28,12928897.040149987,3555446.6860412466,0.09442802305495471,2.912271072750904,0.30940135066620217,0.8888131852297049
2016-11-29,12781752.606449986,3514981.9667737465,0.08665906942538587,3.0,0.30775991061661195,0.893553677764671
2016-11-30,12154902.606449986,3342598.2167737465,0.08572157875639627,3.0,0.33711293834810546,0.8157503575731433
2016-12-01,12263389.411099985,3372432.0880524963,0.0893757742015859,3.0,0.33229546544227123,0.8275767459961774
2016-12-02,12275927.973349985,3375880.192671246,0.07977982809641351,3.0,0.32709306016206185,0.840739329240884
2016-12-05,12346720.623349985,3395348.171421246,0.08163081147300905,3.0,0.32206335128712293,0.8538692741690891
2016-12-06,12549970.623349985,3451241.921421246,0.08325368324136252,3.0,0.3193029658073344,0.8612510043703554
2016-12-07,12708370.623349985,3494801.921421246,0.08384768200358962,3.0,0.3153863873174667,0.8719463206355387
2016-12-08,12749545.623349985,3506125.046421246,0.08463719877850852,3.0,0.31041974083709434,0.885897266901971
2016-12-09,12717475.623349985,3497305.796421246,0.09547480540894947,2.880341036801134,0.3059758252844016,0.8987638149007039
2016-12-12,13045688.601949984,3587564.365536246,0.09702982586218516,2.8341800838702125,0.3076515653443066,0.8938683594612472
2016-12-13,13006758.601949984,3576858.615536246,0.09891377866099063,2.7801991160656554,0.30341753682057504,0.9063418116225114
2016-12-14,12948498.601949984,3560837.115536246,0.09773714613335599,2.813669222802765,0.29950884191127924,0.918169888558618
2016-12-15,12909008.601949984,3549977.365536246,0.09883465455924269,2.7824248612632294,0.2953480642139808,0.9311047991185122
2016-12-16,13043118.601949984,3586857.615536246,0.07389515417574445,3.0,0.2913746005706389,0.9438022376055762
2016-12-19,12842400.211849984,3531660.058258746,0.06888384373596508,3.0,0.2915563448155202,0.9432139100728676
2016-12-20,12416960.211849986,3414664.0582587463,0.06943544783205846,3.0,0.30397969994853835,0.9046656735517392
2016-12-21,12197060.211849984,3354191.558258746,0.07287815098701193,3.0,0.304064335231906,0.9044138629091801
2016-12-22,12037570.211849986,3310331.8082587463,0.07089539854466283,3.0,0.3018865682526109,0.9109381765202853
2016-12-23,11741180.211849984,3228824.558258746,0.07103122835808802,3.0,0.3053875400406246,0.9004951543321569
2016-12-26,11687048.711849984,3213938.3957587457,0.07371363972667865,3.0,0.30084220024784125,0.9141004811607155
2016-12-27,11849113.711849984,3258506.2707587457,0.07057414316983333,3.0,0.2986921593271949,0.9206803440017925
2016-12-28,12207318.711849984,3357012.6457587457,0.07399200852943959,3.0,0.3056345740903649,0.8997673146713194
2016-12-29,12087773.711849984,3324137.7707587457,0.07548069526030621,3.0,0.3023612016452085,0.9095082256045728
2016-12-30,11857093.711849984,3260700.7707587457,0.045435379413182805,3.0,0.30271082949770456,0.9084577530850622
2017-01-03,11727607.359449985,3225092.023848746,0.046045214772047295,3.0,0.29954507237074157,0.9180588344302237
2017-01-04,11613637.359449985,3193750.273848746,0.047241926534340006,3.0,0.2960268614772837,0.9289697516895871
2017-01-05,11563097.359449985,3179851.773848746,0.04833156276318673,3.0,0.29156657242421846,0.9431808238973476
2017-01-06,11557707.359449985,3178369.523848746,0.04692043820968875,3.0,0.28697485371826287,0.9582721149149216
2017-01-09,11496809.609449985,3161622.642598746,0.04689254731945271,3.0,0.28275759020275054,0.972564520028665
2017-01-10,11617809.609449985,3194897.642598746,0.047048737495565304,3.0,0.28006013928329737,0.9819319546999914
2017-01-11,11685999.609449985,3213649.892598746,0.04758754585397161,3.0,0.2761962365445246,0.9956688890497184
2017-01-12,11712289.609449985,3220879.642598746,0.04871948200103197,3.0,0.27193019226905507,1.0112889551003135
2017-01-13,11800669.609449985,3245184.142598746,0.039249804972519405,3.0,0.26849253643129484,1.0242370371079956
2017-01-16,11837666.109449985,3255358.180098746,0.038422242940512136,3.0,0.26439556795679364,1.0401082065223548
2017-01-17,11891296.109449985,3270106.430098746,0.03969162525251811,3.0,0.2605064227770965,1.0556361607840472
2017-01-18,11855736.109449985,3260327.430098746,0.03999887355176669,3.0,0.25657415314006343,1.0718148988681566
2017-01-19,11774176.109449985,3237898.430098746,0.04162899944694877,3.0,0.2533151486405915,1.0856042422878365
2017-01-20,11670216.109449985,3209309.430098746,0.06998572211452089,3.0,0.25054563053171497,1.0976044539926213
2017-01-23,11695562.359449985,3216279.648848746,0.06668153027082326,3.0,0.24669099157171165,1.1147549338868303
2017-01-24,11722292.359449985,3223630.398848746,0.06772121650510231,3.0,0.2429014538213043,1.1321463732461219
2017-01-25,11954377.359449985,3287453.773848746,0.06550675189442312,3.0,0.24540228030691402,1.120608983975493
2017-01-26,11781937.359449985,3240032.773848746,0.11178932277120032,2.4599844885261866,0.24510283456199344,1.1219780484849706
2017-02-03,11341566.311949985,3118930.735786246,0.10840474309261931,2.5367893706001805,0.26280669933100037,1.046396460592667
2017-02-06,11287737.914799985,3104127.926569996,0.10930288729955578,2.5159445170586783,0.2588666837025325,1.0623228762647825
2017-02-07,11193722.914799985,3078273.801569996,0.11064551977050681,2.4854146880089294,0.2555583556246698,1.0760751661897667
2017-02-08,11324942.914799985,3114359.301569996,0.11333180136288179,2.426503388219041,0.2541884863387716,1.0818743364854524
2017-02-09,11485111.414799985,3158405.639069996,0.11614575060165806,2.367714691027828,0.25372533362431315,1.083849200518494
2017-02-10,11542516.414799985,3174192.014069996,0.10888632003876371,2.5255697860126007,0.25020717818942295,1.0990891707823318
2017-02-13,11843360.714799985,3256924.1965699964,0.10777426017631438,2.5516296706663635,0.25703651156723156,1.0698869134320237
2017-02-14,12009740.714799985,3302678.6965699964,0.10651659589475847,2.5817573091775117,0.25580697577678757,1.0750293230469208
2017-02-15,12098370.714799985,3327051.9465699964,0.10748342625597858,2.5585339952326245,0.2524293706228807,1.0894136420077636
2017-02-16,12003730.714799985,3301025.9465699964,0.11052031681892518,2.488230290278265,0.24968598082029653,1.101383422074956
2017-02-17,11856675.714799985,3260585.8215699964,0.11283292723241205,2.4372318147304464,0.24842442374415566,1.1069765035792685
2017-02-20,11673353.242499985,3210172.141687496,0.11525196170924108,2.3860765224436964,0.24846305336865152,1.1068043971591015
2017-02-21,11929983.242499983,3280745.3916874956,0.11456013004696186,2.4004861018163015,0.25216535720411376,1.0905542420618979
2017-02-22,11541693.242499983,3173965.6416874956,0.11424767187121916,2.407051237857889,0.26478266426795954,1.0385876309549502
2017-02-23,11324513.242499983,3114241.1416874956,0.11366936820556661,2.4192973387753267,0.26558205059454365,1.0354615433700167
2017-02-24,11033128.242499983,3034110.2666874956,0.12880628378252615,2.1349890077125764,0.27029847672032853,1.01739382084841
2017-02-27,11334576.868849985,3117008.638933746,0.12855237152207993,2.1392059651950217,0.278120530854687,0.9887799334874798
2017-02-28,11309496.868849985,3110111.638933746,0.12877801480213807,2.135457674374976,0.2737653000123808,1.0045100675197456
2017-03-01,11354831.868849985,3122578.763933746,0.12669579653986424,2.170553463575033,0.2698041105874365,1.0192580068600536
2017-03-02,11493966.868849985,3160840.888933746,0.1303803433866549,2.1092136502851675,0.26802055611259723,1.0260407037006172
2017-03-03,11308926.868849985,3109954.888933746,0.13030757789710215,2.1103914633203815,0.26741124262266797,1.0283786025707238
2017-03-06,11429234.718849985,3143039.547683746,0.11836095171474378,2.323401392232505,0.2651390869307804,1.0371914725337874
2017-03-07,11310484.718849985,3110383.297683746,0.12301051668079356,2.235581212243925,0.2624124033602162,1.0479687563491604
2017-03-08,11185809.718849985,3076097.672683746,0.11463771082154003,2.398861579049679,0.2598407771034064,1.058340430880719
2017-03-09,10879364.718849987,2991825.2976837466,0.1173497455839632,2.3434222088128753,0.2660007487593504,1.0338316763491187
2017-03-10,10846924.718849985,2982904.297683746,0.10791247679950423,2.5483614884582413,0.2618273100344021,1.050310603442655
2017-03-13,10905975.925649986,2999143.3795537464,0.10483501903745415,2.6231692665763857,0.2585315747287458,1.0636998606012942
2017-03-14,11028875.925649986,3032940.8795537464,0.10566227702883077,2.60263177865232,0.25702823007754194,1.0699213853553606
2017-03-15,11024945.925649986,3031860.1295537464,0.1065882532763279,2.580021639786779,0.2529951671758055,1.0869772852574036
2017-03-16,11042415.925649986,3036664.3795537464,0.10849199108186827,2.5347493142833417,0.24914121678089507,1.1037916710579696
2017-03-17,10957950.925649986,3013436.5045537464,0.08675030512770526,3.0,0.24586984869687606,1.1184779323593983
2017-03-20,10927312.402249986,3005010.9106187467,0.08786633495184623,3.0,0.24202790210823222,1.1362326310502127
2017-03-21,10761887.402249986,2959519.0356187467,0.08764978963887413,3.0,0.24123944299602598,1.1399462566514473
2017-03-22,10647802.402249986,2928145.6606187467,0.09052751007575764,3.0,0.23867511032983685,1.1521938740070718
2017-03-23,10712317.402249986,2945887.2856187467,0.09411191378218851,2.9220529999682796,0.23602918732399442,1.1651101421728443
2017-03-24,10930983.035799986,3006020.334844996,0.08392124253001951,3.0,0.2404798058952647,1.143547163871921
2017-03-27,10736478.035799986,2952531.459844996,0.08915106333668868,3.0,0.24115446474021396,1.140347952073981
2017-03-28,10769993.035799984,2961748.0848449958,0.08479147655262223,3.0,0.23774021123705397,1.1567248071711091
2017-03-29,10889073.035799986,2994495.084844996,0.0856825976513156,3.0,0.23662471817360092,1.162177823697374
2017-03-30,10825583.035799984,2977035.3348449958,0.08665288210937884,3.0,0.2332575688666805,1.178954240739676
2017-03-31,10912853.035799984,3001034.5848449958,0.05793805309159262,3.0,0.23106717619234732,1.1901300934715267
2017-04-05,10837221.129199984,2980235.8105299957,0.05819351507859636,3.0,0.22802002972265464,1.2060344011641788
2017-04-06,10799191.129199985,2969777.560529996,0.05863301496204189,3.0,0.22451961798130235,1.2248372880400216
2017-04-07,10876551.129199985,2991051.560529996,0.06661926084978118,3.0,0.22223328933510614,1.237438373084272
2017-04-10,10865302.629199984,2987958.223029996,0.0638953384999516,3.0,0.21873333525141586,1.2572386357292558
2017-04-11,10902752.629199985,2998256.9730299963,0.06383711549875763,3.0,0.21564826145323446,1.275224748610536
2017-04-12,10828030.129199984,2977708.285529996,0.06487144491151023,3.0,0.21290142583110297,1.29167758706398
2017-04-13,10933491.629199985,3006710.1980299964,0.06533890220710506,3.0,0.2116995560525569,1.2990107543339773
2017-04-14,10847211.629199982,2982983.1980299954,0.09276415942261572,2.9645070004585796,0.20931620285486166,1.313801780508521
2017-04-17,10958175.629199985,3013498.2980299965,0.09146333951116245,3.0,0.20836112365877427,1.3198239439827457
2017-04-18,10955985.629199984,3012896.0480299955,0.09353462078930408,2.9400878271529485,0.20508279323190332,1.3409218572961203
2017-04-19,10910940.629199984,3000508.6730299955,0.09043870815738092,3.0,0.20209017736143106,1.35
2017-04-20,11005710.629199982,3026570.423029995,0.09483036824679966,2.8999149226574974,0.20061866064839837,1.35
2017-04-21,11146040.629199982,3065161.173029995,0.08964733734274745,3.0,0.2008311378973839,1.35
2017-04-24,10809460.629199985,2972601.6730299965,0.087110813015213,3.0,0.21480523535542428,1.2802295043925507
2017-04-25,11004910.629199982,3026350.423029995,0.08707084643986007,3.0,0.21795726755053532,1.2617152118418755
2017-04-26,11066560.629199982,3043304.173029995,0.08672490298170449,3.0,0.2151637113018958,1.2780965634774166
2017-04-27,11210380.629199984,3082854.6730299955,0.09534732110113095,2.8841922019845625,0.21492121664447714,1.2795386341726571
2017-04-28,10837030.629199985,2980183.4230299965,0.07754941859059582,3.0,0.231244610584034,1.1892169045819356
2017-05-02,10507323.129199982,2889513.860529995,0.07811516950910875,3.0,0.24208599352640592,1.1359599784941872
2017-05-03,10568193.129199982,2906253.110529995,0.07768750682625722,3.0,0.23919144627592445,1.1497066650233296
2017-05-04,10629943.129199982,2923234.360529995,0.07805074102179646,3.0,0.23630845996038347,1.1637331987441462
2017-05-05,10651053.129199982,2929039.610529995,0.07415850575442527,3.0,0.23276260800472606,1.1814612422387722
2017-05-08,10612518.629199982,2918442.6230299952,0.06848999272150508,3.0,0.2291989360062813,1.1998310497936322
2017-05-09,10655548.629199982,2930275.8730299952,0.07158192530762403,3.0,0.2260700044115712,1.2164373629123721
2017-05-10,10700587.129199982,2942661.460529995,0.07424976967356312,3.0,0.2229982290778957,1.2331936497304627
2017-05-11,10688667.129199982,2939383.460529995,0.07254632453519438,3.0,0.21948698484539259,1.2529216718417768
2017-05-12,10777012.129199982,2963678.335529995,0.06635036340366925,3.0,0.21753653482223598,1.2641554680675657
2017-05-15,10939209.629199984,3008282.6480299956,0.06474728139779999,3.0,0.2185141578694243,1.2584996902778698
2017-05-16,11027759.62919998,3032633.8980299947,0.06491924459461908,3.0,0.216290349393885,1.2714390668406534
2017-05-17,10871519.629199984,2989667.8980299956,0.0657560554244502,3.0,0.21656932013635546,1.2698012803792138
2017-05-18,10791159.62919998,2967568.8980299947,0.06645356911287784,3.0,0.21406452072779747,1.2846594057951695
2017-05-19,10738569.629199984,2953106.6480299956,0.08675735719805495,3.0,0.21103734307499453,1.3030869134012726
2017-05-22,10958698.947199984,3013642.2104799957,0.086595087947881,3.0,0.21592289479764135,1.2736027842611344
2017-05-23,10968328.947199984,3016290.4604799957,0.08721435858282035,3.0,0.21253704979277593,1.2938920544353354
2017-05-24,10766008.947199984,2960652.4604799957,0.08713482627596085,3.0,0.2154073046005264,1.2766512282858211
2017-05-25,10749338.947199984,2956068.2104799957,0.08937713490695758,3.0,0.2120324044827717,1.2969715674867266
2017-05-26,10816038.947199984,2974410.7104799957,0.09683254025678613,2.8399544127494654,0.20955118713966517,1.312328523420454
2017-05-31,10571747.497799981,2907230.561894995,0.08699572470796012,3.0,0.21531319938483773,1.2772092040139245
2017-06-01,10167737.497799983,2796127.8118949956,0.08940996412269105,3.0,0.2357996729493704,1.1662441960173817
2017-06-02,10010427.497799983,2752867.5618949956,0.08920916471042384,3.0,0.23499136618262034,1.170255760742663
2017-06-05,9811328.143749986,2698115.2395312465,0.09118321249416482,3.0,0.23621594165246243,1.164188996205004
2017-06-06,9747548.143749984,2680575.739531246,0.09178758287074242,2.9960479554980974,0.2326781174611126,1.181890256809219
2017-06-07,9777938.143749984,2688932.989531246,0.09438628609066635,2.9135588589198043,0.2297088501004066,1.1971676314595476
2017-06-08,9743188.143749982,2679376.739531245,0.10177842325122771,2.7019479297807143,0.22609476100731735,1.2163041672208401
2017-06-09,9776708.143749982,2688594.739531245,0.07515403448095796,3.0,0.2232800815968223,1.2316369558506726
2017-06-12,9694840.723799981,2666081.199044995,0.07564124919982988,3.0,0.22029041249828743,1.248352104302941
2017-06-13,9642555.723799985,2651702.824044996,0.07611547258494862,3.0,0.2169169909112888,1.267766065003479
2017-06-14,9537195.723799985,2622728.824044996,0.07719598959158797,3.0,0.2145962254064485,1.281476407514372
2017-06-15,9594320.723799985,2638438.199044996,0.07702001616030688,3.0,0.21282547488578302,1.2921385475473939
2017-06-16,9586855.723799985,2636385.324044996,0.04092734751447301,3.0,0.20957329108289957,1.312190110576734
2017-06-19,9496236.173799982,2611464.9477949953,0.040296587606745676,3.0,0.20704730534570004,1.3281988845053627
2017-06-20,9419421.173799982,2590340.8227949953,0.04088433070534533,3.0,0.20423565899652368,1.346483769539387
2017-06-21,9439096.173799982,2595751.4477949953,0.04228596546621434,3.0,0.20159472984379703,1.35
2017-06-22,9372571.173799982,2577457.0727949953,0.04025647240393267,3.0,0.19870763163052196,1.35
2017-06-23,9421661.173799982,2590956.8227949953,0.029683260991924303,3.0,0.19702683410092448,1.35
2017-06-26,9451648.373799982,2599203.3027949953,0.030491000816217157,3.0,0.19470130287487525,1.35
2017-06-27,9446508.373799982,2597789.8027949953,0.030503519168232813,3.0,0.19174390559605878,1.35
2017-06-28,9452358.373799982,2599398.5527949953,0.030486174121597848,3.0,0.18896305503965458,1.35
2017-06-29,9514528.373799982,2616495.3027949953,0.027063178858613365,3.0,0.18776676605110873,1.35
2017-06-30,9594638.373799982,2638525.5527949953,0.043816376987716545,3.0,0.1872471890257354,1.35
2017-07-03,9505221.373799982,2613935.877794995,0.03881761518526802,3.0,0.18540370713092216,1.35
2017-07-04,9421481.373799982,2590907.377794995,0.038834395656687594,3.0,0.1833857226466606,1.35
2017-07-05,9401041.373799982,2585286.377794995,0.03930535228744078,3.0,0.18049977393865965,1.35
2017-07-06,9492880.123799982,2610542.034044995,0.04066265773509855,3.0,0.18090050377882813,1.35
2017-07-07,9473960.123799982,2605339.034044995,0.13604416872884356,2.0214023325624217,0.17805173194475343,1.35
2017-07-10,9423814.763999982,2591549.060099995,0.1402411924805594,1.960907456189245,0.17547387775572082,1.35
2017-07-11,9513489.763999982,2616209.685099995,0.13756231232366595,1.9990940494876341,0.1757602726266709,1.35
2017-07-12,9645749.763999982,2652581.185099995,0.14082108504644472,1.952832559906077,0.17844981484068348,1.35
2017-07-13,9668579.763999982,2658859.435099995,0.14079917130092573,1.9531364954716317,0.17594169163471868,1.35
2017-07-14,9700369.763999982,2667601.685099995,0.13852436147947533,1.9852103778925976,0.17362506276992115,1.35
2017-07-17,9804682.513999982,2696287.6913499953,0.13516107712283204,2.034609414588231,0.17403731850091753,1.35
2017-07-18,9803682.013999982,2696012.553849995,0.13374942667152867,2.0560835798972397,0.17130475066860282,1.35
2017-07-19,9902517.013999982,2723192.178849995,0.1349348233110967,2.0380209737702653,0.17125351539167477,1.35
2017-07-20,9868272.013999982,2713774.803849995,0.12756508641199868,2.1557622679910144,0.16877789828103293,1.35
2017-07-21,9667547.013999982,2658575.428849995,0.14953769118297452,1.8390012432618719,0.17510689030664675,1.35
2017-07-24,9616447.816799982,2644523.149619995,0.15173276684740047,1.8123969246311242,0.17274787566799912,1.35
2017-07-25,9718787.816799982,2672666.649619995,0.1548838887136126,1.7755236021255096,0.17319681228523598,1.35
2017-07-26,9793617.816799982,2693244.899619995,0.15000871600026436,1.8332268106308929,0.17211686774947854,1.35
2017-07-27,9638728.316799982,2650650.2871199953,0.1553483099407781,1.7702155891160678,0.17464486693530357,1.35
2017-07-28,9643598.316799982,2651989.5371199953,0.16719246577741298,1.6448109591619613,0.17194847563995183,1.35
2017-07-31,9839937.066799982,2705982.6933699953,0.15953255349359052,1.723786111221799,0.17938071464610197,1.35
2017-08-01,9991677.066799982,2747711.1933699953,0.15970628442835505,1.7219109503694343,0.18191914617969296,1.35
2017-08-02,10093357.06679998,2775673.1933699944,0.15121097606014725,1.8186510474650541,0.18121113273479966,1.35
2017-08-03,10116417.666799981,2782014.858369995,0.15076512549037072,1.8240292581294877,0.1784282340595018,1.35
2017-08-04,10100737.66679998,2777702.8583699944,0.15025266814459515,1.8302503602488756,0.17571394567921883,1.35
2017-08-07,10500888.76679998,2887744.410869995,0.13388008244980448,2.054077014055511,0.20442766398556128,1.3452191089921335
2017-08-08,10744008.766799979,2954602.4108699947,0.13797380612206164,1.993131940976645,0.2098926117726045,1.3101938066211316
2017-08-09,11216672.79874998,3084585.0196562447,0.13446106208191883,2.0452017538910967,0.2368824719851465,1.1609132482256588
2017-08-10,11267972.798749981,3098692.519656245,0.1367816649061701,2.010503382808254,0.23316557693897644,1.179419379182084
2017-08-11,11049337.29874998,3038567.7571562445,0.12512307559820013,2.19783600015628,0.2383317240338577,1.153853945020484
2017-08-14,10841543.298749978,2981424.407156244,0.11927369017431814,2.3056216303703554,0.24228686179022246,1.1350182092750094
2017-08-15,10577343.298749981,2908769.4071562453,0.12045265288316515,2.283054739082753,0.24975532138009107,1.101077640630088
2017-08-16,10712418.29874998,2945915.032156245,0.12060720186755775,2.280129177542693,0.2478319279644529,1.1096229701261247
2017-08-17,10969333.29874998,3016566.657156245,0.12426431220820737,2.21302476240509,0.2516195492572567,1.0929198498755717
2017-08-18,10935958.29874998,3007388.532156245,0.13203942543535166,2.082711274252279,0.24813762728388403,1.1082559425192853
2017-08-21,11193357.37854998,3078173.2791012446,0.13800015369073232,1.9927514038592569,0.25126594535092556,1.094457904416481
2017-08-22,11270527.378549978,3099395.029101244,0.13868792129248977,1.9828691456124075,0.2475472470831352,1.1108990434769215
2017-08-23,11015287.37854998,3029204.0291012446,0.13817161533152242,1.9902785339823819,0.2539863771333442,1.0827352360541114
2017-08-24,11196507.378549978,3079039.529101244,0.1449925673459376,1.8966489457620117,0.2530683973193007,1.0866627477512645
2017-08-25,11294407.378549984,3105962.0291012456,0.13551965236013402,2.0292259846506004,0.2496409974937372,1.101581882626867
2017-08-28,11210498.714999983,3082887.1466249954,0.13647442237443416,2.015029594670158,0.24739920534847776,1.1115637967092287
2017-08-29,11223368.71499998,3086426.3966249945,0.13535773736535056,2.031653345813061,0.2435371417238713,1.129191211054789
2017-08-30,11160548.71499998,3069150.8966249945,0.13733880429431974,2.0023474167626336,0.2407775182443374,1.1421332107964255
2017-08-31,11128808.71499998,3060422.3966249945,0.13876182857730102,1.9818130304243133,0.237420153371606,1.1582841477217594
2017-09-01,11430188.714999981,3143301.896624995,0.16303130462816356,1.6867926109480076,0.24377079483013125,1.1281088868403226
2017-09-04,11686877.799949983,3213891.394986246,0.1679543110689454,1.6373500522240971,0.24601354331310626,1.1178246380119086
2017-09-05,11617797.799949978,3194894.394986244,0.17045195717691583,1.6133578314655048,0.24356510094575312,1.1290615894156695
2017-09-06,11530552.799949983,3170902.019986246,0.165918659944693,1.657438651515556,0.2415923837495368,1.1382809165254875
2017-09-07,11203902.799949981,3081073.2699862453,0.16123420851051104,1.7055933882794634,0.2531954078609104,1.0861176445627627
2017-09-08,10875797.799949978,2990844.394986244,0.12576507655032101,2.1866165675171936,0.26393115399845885,1.0419383836801843
2017-09-11,10741167.549949983,2953821.0762362457,0.12418293670390841,2.2144749294799446,0.2624151250725673,1.0479578870461546
2017-09-12,11094962.549949983,3051114.7012362457,0.11876737800938683,2.3154506280189606,0.27357967799204397,1.0051916210238296
2017-09-13,11171482.549949983,3072157.7012362457,0.11699855925547627,2.3504562940772136,0.2696816745231266,1.0197207522026766
2017-09-14,10989177.549949983,3022023.8262362457,0.11647398790765935,2.361042194399836,0.2701446751635424,1.0179730540071474
2017-09-15,10713392.549949983,2946182.9512362457,0.06664970334989008,3.0,0.2757543010573548,0.997264590055486
2017-09-18,10573768.474599984,2907786.330514996,0.06829799203264034,3.0,0.2739520917203522,1.0038251515915328
2017-09-19,10641998.474599984,2926549.580514996,0.06827853578685511,3.0,0.2702506011123673,1.0175740548516226
2017-09-20,10575788.474599984,2908341.830514996,0.07044143918167518,3.0,0.26658034805879666,1.0315839183289923
2017-09-21,10452728.474599984,2874500.330514996,0.06612977701721266,3.0,0.26434894291187744,1.0402916575750152
2017-09-22,10143238.474599984,2789390.580514996,0.03755571761854241,3.0,0.2725684906033193,1.0089207281124046
2017-09-25,10115566.041599983,2781780.6614399957,0.038152043448369415,3.0,0.2683033202151237,1.0249593623347895
2017-09-26,10193001.041599983,2803075.2864399957,0.03868918705123208,3.0,0.2652762132269788,1.0366553286279807
2017-09-27,10214376.041599983,2808953.4114399957,0.039638972262390056,3.0,0.26125087055104296,1.0526280713245346
2017-09-28,10103491.041599983,2778460.0364399957,0.03850332899607888,3.0,0.2585940069587735,1.0634430520419682
2017-09-29,10139771.041599983,2788437.0364399957,0.055337810916754694,3.0,0.25488781407201744,1.0789060316641892
2017-10-09,10238930.391599983,2815705.8576899953,0.053592426921404174,3.0,0.25271659226603527,1.0881754835887743
2017-10-10,10088660.391599983,2774381.6076899953,0.04518298019302622,3.0,0.25171026587942336,1.0925259605094262
2017-10-11,9893230.391599983,2720638.3576899953,0.046188478820445224,3.0,0.25282926088656515,1.0876905585836523
2017-10-12,9811600.391599983,2698190.1076899953,0.04673400956570098,3.0,0.2494908183696757,1.102244971566556
2017-10-13,9792040.391599983,2692811.1076899953,0.054673959684087836,3.0,0.2455615953819022,1.1198819569986693
2017-10-16,9796757.891599983,2694108.4201899953,0.05454625654363292,3.0,0.24179459962075928,1.1373289578481962
2017-10-17,9826867.891599983,2702388.6701899953,0.055386926123656845,3.0,0.23839589168739755,1.1535433687783534
2017-10-18,9754877.891599983,2682591.4201899953,0.055684226886038676,3.0,0.23514795047949427,1.1694764910314666
2017-10-19,9790287.891599983,2692329.1701899953,0.055512247372289,3.0,0.23196700259510056,1.1855134433926957
2017-10-20,9835667.891599983,2704808.6701899953,0.11614805093299471,2.3676677980472207,0.22901215310933726,1.2008096350620605
2017-10-23,9767298.041599983,2686006.9614399956,0.1261443701843121,2.1800418012963396,0.22590041323737317,1.2173505840869518
2017-10-24,9744388.041599987,2679706.7114399965,0.12751820024972765,2.156554903233018,0.22234886991828,1.236795132356962
2017-10-25,9906398.041599989,2724259.461439997,0.11163945248804408,2.4632868925029068,0.224760415903653,1.2235250539751759
2017-10-26,9886363.041599989,2718749.836439997,0.11181503387639176,2.459418831854082,0.2212326679236487,1.2430352288429092
2017-10-27,9975078.041599985,2743146.461439996,0.08679661285286994,3.0,0.21959041201985516,1.2523315452185353
2017-10-30,10346520.44159999,2845293.121439997,0.0766691092125581,3.0,0.2408088399596676,1.141984654907432
2017-10-31,10202520.44159999,2805693.121439997,0.07769839091006202,3.0,0.24029469001155454,1.1444281186021077
2017-11-01,10111530.441599984,2780670.8714399957,0.07786662465766168,3.0,0.23776579157556804,1.1566003594448868
2017-11-02,10198380.44159999,2804554.621439997,0.0776943891630859,3.0,0.23536403570093978,1.168402807085713
2017-11-03,10233750.441599984,2814281.3714399957,0.08703240526319371,3.0,0.23187575172957137,1.1859799825931043
2017-11-06,10180547.854449987,2799650.6599737466,0.08536050212839146,3.0,0.22867664889830255,1.2025714095639841
2017-11-07,10366577.854449986,2850808.909973746,0.08482442705083333,3.0,0.23087377993646224,1.1911270308637107
2017-11-08,10312867.854449984,2836038.6599737457,0.08630167128612817,3.0,0.22776510228119723,1.2073842623199005
2017-11-09,10477337.854449982,2881267.9099737452,0.09494916272326559,2.8962867297893107,0.22842103275562334,1.2039171554495565
2017-11-10,10566917.730399983,2905902.3758599954,0.08459221574865242,3.0,0.22588333611956557,1.2174426176105164
2017-11-13,10878199.814949982,2991504.949111245,0.08411816414460768,3.0,0.23607371954778145,1.164890359362258
2017-11-14,10894699.814949986,2996042.4491112465,0.07650197078840454,3.0,0.2323574990291011,1.1835210877595057
2017-11-15,10876999.814949986,2991174.9491112465,0.07741882226216229,3.0,0.22889990056392004,1.201398512286407
2017-11-16,10796599.814949982,2969064.949111245,0.07757530765725883,3.0,0.2267184674524367,1.2129580933132071
2017-11-17,10917249.814949984,3002243.6991112456,0.07953073341509476,3.0,0.22478983713623776,1.2233649149953854
2017-11-20,11015668.46494998,3029308.827861245,0.07817288535367149,3.0,0.22217520523688186,1.2377618812450142
2017-11-21,11108938.464949986,3054958.077861246,0.07747303010175939,3.0,0.21942399023619175,1.2532813741286233
2017-11-22,11418483.464949982,3140082.9528612453,0.07632531047241949,3.0,0.22750939290144168,1.2087413029102123
2017-11-23,11388355.214949984,3131797.684111246,0.07670823410069669,3.0,0.22447057393306807,1.2251048998609442
2017-11-24,11184485.214949988,3075733.434111247,0.0796155685456394,3.0,0.22832778029347994,1.2044088531256696
2017-11-27,11269135.564949986,3099012.2803612463,0.0787093920205873,3.0,0.22523766289934125,1.2209325761069434
2017-11-28,11232315.564949984,3088886.780361246,0.07889664219403891,3.0,0.2222354003158486,1.2374266188427252
2017-11-29,11017113.914949985,3029706.326611246,0.07277798445343665,3.0,0.22663505456253952,1.2134045217798126
2017-11-30,10891869.914949983,2995264.226611246,0.07208364583424262,3.0,0.225915445362606,1.2172695831336842
2017-12-01,10691099.914949983,2940052.476611246,0.12161065581461224,2.2613149987384342,0.2288967506320141,1.201415045170754
2017-12-04,10853268.130549986,2984648.7359012463,0.11923176680128457,2.3064323156288014,0.22897969475697197,1.2009798523483568
2017-12-05,10990398.130549982,3022359.4859012454,0.12010346855264305,2.2896924070054117,0.22771862248199978,1.2076307023231605
2017-12-06,10989854.730549982,3022210.0509012453,0.12365340625150967,2.2239581450805574,0.2241634447246805,1.2267834317845956
2017-12-07,10979724.730549984,3019424.300901246,0.1199600679582476,2.2924295115914277,0.22071601898250376,1.2459449081572977
2017-12-08,10929114.730549982,3005506.5509012453,0.12010996895300174,2.2895684879213127,0.21783781260466653,1.2624070941213121
2017-12-11,11038939.280549984,3035708.302151246,0.12291030757121625,2.2374038877143034,0.21588150652200663,1.2738469562790777
2017-12-12,11041549.280549983,3036426.0521512455,0.12283589063787152,2.2387593607369896,0.21250163698112484,1.2941076779772125
2017-12-13,11162979.280549984,3069819.302151246,0.12828508140125122,2.14366313679026,0.21090760421569535,1.3038885014252846
2017-12-14,11096519.28054998,3051542.802151245,0.12647088611195506,2.1744134832467563,0.2086365248331654,1.3180817702935845
2017-12-15,10868166.78054998,2988745.864651245,0.09978252096004799,2.755993708658729,0.21421269123802605,1.28377080933281
2017-12-18,11032225.210549986,3033861.9329012465,0.10594951802487398,2.5955757527413925,0.2146473031538097,1.2811714657460356
2017-12-19,11067355.210549986,3043522.6829012465,0.10489109677909854,2.621766846228638,0.21134732002516282,1.3011757138309525
2017-12-20,11017755.210549984,3029882.682901246,0.1065828506078792,2.580152420690374,0.20860993687030963,1.3182497637730668
2017-12-21,11175775.210549984,3073338.182901246,0.11107569636668375,2.475789114948858,0.20866851858356514,1.3178796776183141
2017-12-22,11241545.210549982,3091424.9329012455,0.10328565887526013,2.6625187174544944,0.20576208815594685,1.3364949902315233
2017-12-25,10946162.918799981,3010194.802669995,0.10151798462244653,2.70887962386908,0.2168211365438482,1.2683265311838554
2017-12-26,10756592.918799978,2958063.052669994,0.1004563518261961,2.7375073352831834,0.2192030722392976,1.2545444604890872
2017-12-27,10739772.91879998,2953437.5526699945,0.09960933760383275,2.7607853502021342,0.21580088230284003,1.2743228714611279
2017-12-28,10684152.918799978,2938142.052669994,0.10280945040010747,2.674851377278762,0.21290119391136889,1.2916789941275904
2017-12-29,10778882.918799978,2964192.802669994,0.06784062467945119,3.0,0.21103342896652372,1.303111082195529
2018-01-02,10847350.818799982,2983021.4751699953,0.06746500340010535,3.0,0.20842174123621804,1.3194400851316392
2018-01-03,10973470.818799982,3017704.4751699953,0.06675977073207245,3.0,0.20752246208701713,1.325157755138278
2018-01-04,10946670.818799982,3010334.4751699953,0.06729373734467457,3.0,0.2044433104658813,1.3451161565195533
2018-01-05,10998490.818799982,3024584.9751699953,0.08041465423415968,3.0,0.20154976899528745,1.35
2018-01-08,10957511.886999981,3013315.7689249953,0.07770504721849084,3.0,0.19876579543020453,1.35
2018-01-09,10914731.886999981,3001551.2689249953,0.08055400624727235,3.0,0.1960379714562603,1.35
2018-01-10,10928921.83699998,3005453.505174995,0.08111757059662013,3.0,0.1929645826911131,1.35
2018-01-11,10975231.83699998,3018188.755174995,0.08113311988194559,3.0,0.19021181989786354,1.35
2018-01-12,10885601.83699998,2993540.505174995,0.10331510983774453,2.661759740969981,0.18880342031895567,1.35
2018-01-15,11078626.636999978,3046622.3251749943,0.108304002344468,2.539149006934614,0.1920398911241975,1.35
2018-01-16,10699111.636999976,2942255.700174994,0.10236674087332322,2.686419413706909,0.2128280905183098,1.2921226673146395
2018-01-17,10483752.036999976,2883031.8101749937,0.09950384027213036,2.763712428062173,0.21668569812034805,1.2691192929921198
2018-01-18,10554401.136999978,2902460.312674994,0.10081940687180252,2.727649452943894,0.21431519415299405,1.2831568059690843
2018-01-19,10650881.136999974,2928992.312674993,0.1373812361862228,2.0017289670274363,0.21267843008793944,1.2930319256461105
2018-01-22,10433287.302899975,2869154.008297493,0.13739922291603726,2.0014669236379063,0.2167011167290038,1.2690289932557295
2018-01-23,10380427.302899973,2854617.5082974927,0.14020360037248192,1.9614332247488768,0.21359897840359038,1.2874593411228485
2018-01-24,10381987.302899975,2855046.508297493,0.14758974055488042,1.8632731446380097,0.21026198179455757,1.3078921717226872
2018-01-25,10533027.302899977,2896582.508297494,0.14309444401675797,1.9218076696799942,0.2114421243815204,1.3005923053619983
2018-01-26,10472637.302899973,2879975.2582974927,0.10384992617644476,2.6480519546327375,0.20861479808973388,1.3182190454279812
2018-01-29,10423455.845449975,2866450.357498743,0.10563603368056741,2.603278355107235,0.20563093177447328,1.3373474390594484
2018-01-30,10468385.84544998,2878806.107498745,0.11126516192313525,2.471573269178154,0.20289638344749944,1.35
2018-01-31,10401685.845449973,2860463.6074987426,0.1128345914436318,2.437195867699671,0.20033266888103668,1.35
2018-02-01,10421755.845449977,2865982.8574987436,0.10928709807607236,2.5163080074518818,0.19732839340332115,1.35
2018-02-02,10521245.84544998,2893342.607498745,0.12122575634789998,2.2684948173125083,0.19632655701392165,1.35
2018-02-05,10712354.345449977,2945897.444998744,0.12229989525228045,2.248571018255817,0.20005086575544737,1.35
2018-02-06,10672874.34544998,2935040.444998745,0.11930175909233874,2.305079171440816,0.19718949512684789,1.35
2018-02-07,10763596.611049978,2959989.0680387444,0.12103899356102547,2.271995097690154,0.19551174877709815,1.35
2018-02-08,10787759.111049978,2966633.7555387444,0.12228909528805271,2.248769600856363,0.1925092721249876,1.35
2018-02-09,10687869.111049976,2939164.005538744,0.12457467575708009,2.2075112644583434,0.1913590444031388,1.35
2018-02-12,10553771.938999979,2902287.2832249943,0.12547783396625362,2.1916221479720424,0.19158520693442846,1.35
2018-02-13,10448352.713299977,2873296.996157494,0.12778253713341584,2.152093753725336,0.1904722241747671,1.35
2018-02-14,10671628.987299977,2934697.971507494,0.1277991209745078,2.1518144874787875,0.19723439165449663,1.35
2018-02-22,10840691.80209998,2981190.245577495,0.12355336404412026,2.2257589028640203,0.19904717316329215,1.35
2018-02-23,10645121.802099975,2927408.495577493,0.11531488616719526,2.3847744999832634,0.20262782577898694,1.35
2018-02-26,10721147.902099976,2948315.673077494,0.11026988276317186,2.4938813129113533,0.20043657139604582,1.35
2018-02-27,10659395.246549977,2931333.692801244,0.1142002609700791,2.4080505391493903,0.19797289197023799,1.35
2018-02-28,10671525.246549979,2934669.4428012446,0.11541240728187177,2.382759414491437,0.194880833568224,1.35
2018-03-01,10667175.246549979,2933473.1928012446,0.11730347166038647,2.3443466430062005,0.1918155972514491,1.35
2018-03-02,10697709.618199978,2941870.1450049942,0.10759972893235557,2.5557685203174025,0.18896044418274927,1.35
2018-03-05,10675780.52919998,2935839.6455299947,0.10512727511100418,2.6158767999039902,0.186081630615594,1.35
2018-03-06,10627155.52919998,2922467.7705299947,0.10559271292826192,2.6043463831337568,0.1835975975703752,1.35
2018-03-07,10687420.52919998,2939040.6455299947,0.10230400803232019,2.688066726702645,0.18141948635634522,1.35
2018-03-08,10523660.52919998,2894006.6455299947,0.10038733305515246,2.7393894391926517,0.18363887852692615,1.35
2018-03-09,10246365.52919998,2817750.5205299947,0.09617473935719663,2.859378687564097,0.19464923089906858,1.35
2018-03-12,10197888.41519998,2804419.3141799946,0.09833252138048354,2.7966332617052205,0.19183385638947,1.35
2018-03-13,10322683.41519998,2838737.9391799946,0.09774623892180125,2.813407482818904,0.19255073298805028,1.35
2018-03-14,10293318.41519998,2830662.5641799946,0.09841918155965006,2.794170766735421,0.18959559778271526,1.35
2018-03-15,10247718.41519998,2818122.5641799946,0.0995313233087751,2.7629492993564457,0.18685951260543732,1.35
2018-03-16,10321091.85194998,2838300.259286245,0.10240546421776554,2.6854035778326404,0.18533824366058757,1.35
2018-03-19,10176625.15494998,2798571.9176112446,0.10201040845147849,2.6958033417815837,0.18607669757855377,1.35
2018-03-20,10086927.90494998,2773905.1738612447,0.10383091684501393,2.648536759147435,0.18436138088437798,1.35
2018-03-21,10227369.65494998,2812526.655111245,0.1051070253028816,2.616380771956455,0.18644473476758935,1.35
2018-03-22,10129969.65494998,2785741.655111245,0.10880637116151096,2.5274255272404327,0.18504356446242962,1.35
2018-03-23,10379919.65494998,2854477.905111245,0.09410805198391836,2.922172908721916,0.1959077325922569,1.35
2018-03-26,10668365.15494998,2933800.4176112446,0.09642921753111593,2.8518327436522295,0.20822226515260828,1.3207041033697797
2018-03-27,10566935.15494998,2905907.1676112446,0.0955604051836571,2.877760924846214,0.20680776868962614,1.3297372808693455
2018-03-28,10535845.15494998,2897357.4176112446,0.09980698442346017,2.755318193296298,0.203730843396172,1.3498201618163386
2018-03-29,10574715.15494998,2908046.6676112446,0.10012006402314416,2.7467021988362883,0.20077985961029082,1.35
2018-03-30,10859116.15494998,2986256.9426112445,0.11136415187903835,2.469376324067909,0.21117937624210292,1.3022104946684332
2018-04-02,10744625.15494998,2954771.9176112446,0.10398279957761045,2.6446681673996104,0.21031828800887875,1.3075420240601743
2018-04-03,10548985.15494998,2900970.9176112446,0.10588828072499261,2.597076825850212,0.21354541474085503,1.2877822749494403
2018-04-04,10667020.15494998,2933430.5426112446,0.09199726437231295,2.989219319468837,0.2124628111687124,1.2943441653966825
2018-04-09,10608891.15494998,2917445.0676112445,0.08589051557295489,3.0,0.20974716062435045,1.3111023728827254
2018-04-10,10258917.15494998,2821202.217611245,0.08851965498721288,3.0,0.2261861572676869,1.215812688636568
2018-04-11,10115477.15494998,2781756.217611245,0.08966450558766886,3.0,0.22561421759201217,1.2188948149415577
2018-04-12,10261887.15494998,2822018.967611245,0.09060108612396521,3.0,0.22633187037006725,1.2150299449669073
2018-04-13,10056863.15494998,2765637.367611245,0.10511558228135873,2.6161677843720486,0.2291090519255016,1.200301767602882
2018-04-16,10035363.20494998,2759724.8813612447,0.10378544137971141,2.649697263355847,0.22551139104846835,1.2194505950295667
2018-04-17,9873748.20494998,2715280.7563612447,0.0991777323114258,2.7727998371295546,0.225715287059777,1.2183490253682763
2018-04-18,9930518.20494998,2730892.5063612447,0.10289458014186001,2.672638341308741,0.2231626569606607,1.2322850236026597
2018-04-19,9367928.20494998,2576180.2563612447,0.08487401109250171,3.0,0.26784157745709203,1.0267263305826921
2018-04-20,9512063.20494998,2615817.3813612447,0.04899510417208975,3.0,0.2687194404025065,1.0233721817375254
2018-04-23,9594566.504949981,2638505.788861245,0.049659360601936584,3.0,0.2663884584862693,1.0323270068180321
2018-04-24,9711196.504949981,2670579.038861245,0.049575107234868424,3.0,0.2652982250452452,1.0365693172394963
2018-04-25,9633896.504949981,2649321.538861245,0.04784981944594809,3.0,0.26165994113630486,1.0509824270607246
2018-04-26,9614516.504949981,2643992.038861245,0.0491539824391338,3.0,0.2575392133951222,1.0677985553139402
2018-04-27,9661486.504949981,2656908.788861245,0.07160573860718114,3.0,0.25423062039652633,1.081695035676975
2018-05-02,9810317.732499981,2697837.376437495,0.06896282158983853,3.0,0.254819006274858,1.0791973645143802
2018-05-03,9837547.732499981,2705325.626437495,0.07002859502861286,3.0,0.251069016089439,1.0953163567663644
2018-05-04,9765787.732499981,2685591.626437495,0.08348365503299736,3.0,0.2476924477588201,1.11024781937546
2018-05-07,9751773.83249998,2681737.8039374948,0.08595925674801229,3.0,0.24379154338511144,1.1280128760068981
2018-05-08,9677243.83249998,2661242.0539374948,0.08757942287674385,3.0,0.24057805669264493,1.1430801452990849
2018-05-09,9584433.83249998,2635719.3039374948,0.08894679591337647,3.0,0.23782992033837283,1.1562884922500223
2018-05-10,9588863.83249998,2636937.5539374948,0.08974324508053938,3.0,0.23417341880407716,1.1743433623014263
2018-05-11,9650353.83249998,2653847.3039374948,0.08606998103693578,3.0,0.2316127720861293,1.1873265775591013
2018-05-14,9639825.645999981,2650952.052649995,0.08834926347268647,3.0,0.22796835929496143,1.2063077562627267
2018-05-15,9666975.645999981,2658418.302649995,0.09014613678732548,3.0,0.22470196588147914,1.2238433202896453
2018-05-16,9751895.645999981,2681771.302649995,0.0900946735029647,3.0,0.22296640747687213,1.2333696502174896
2018-05-17,9728295.645999981,2675281.302649995,0.09252376636155547,2.972209312420135,0.21948746805885033,1.2529189134673755
2018-05-18,9569845.645999981,2631707.552649995,0.08094894839672376,3.0,0.2201278638924971,1.2492739226066383
2018-05-21,9483332.36854998,2607916.4013512447,0.0825902682879425,3.0,0.21765466897651176,1.2634693355908515
2018-05-22,9473032.368549982,2605083.901351245,0.08325958730897853,3.0,0.21423636163903825,1.2836289689391802
2018-05-23,9402482.368549984,2585682.6513512456,0.08495538917703238,3.0,0.2114499589498889,1.3005441162803522
2018-05-24,9452992.368549982,2599572.901351245,0.08338014883896488,3.0,0.20912034066509666,1.3150322877505671
2018-05-25,9641832.368549982,2651503.901351245,0.07725227528992328,3.0,0.21452195384995765,1.2819200788761338
2018-05-28,9630390.579499982,2648357.4093624954,0.07845608160237365,3.0,0.2111437459170055,1.3024302415667788
2018-05-29,9705420.579499982,2668990.6593624954,0.07930320089557051,3.0,0.20927524893662186,1.3140588836823346
2018-05-30,9821790.579499982,2700992.4093624954,0.08086111634771398,3.0,0.209028293722879,1.3156113706050891
2018-05-31,9925460.579499982,2729501.6593624954,0.0802722325817857,3.0,0.20797954631719476,1.3222454076353773
2018-06-01,10022470.579499982,2756179.4093624954,0.05237991838795312,3.0,0.20652134971241953,1.3315814582024417
2018-06-04,9898493.94319998,2722085.8343799943,0.05315829672679069,3.0,0.20628909787300828,1.3330806273111449
2018-06-05,9865153.943199977,2712917.334379994,0.05286260677155307,3.0,0.2032400044279515,1.35
2018-06-06,9898673.943199981,2722135.334379995,0.058591840590451055,3.0,0.20029453871535258,1.35
2018-06-07,9934053.94319998,2731864.8343799943,,1.0,0.19740826124947994,1.35
2018-06-08,10191643.943199977,2802702.084379994,,1.0,0.20728303365737635,1.3266884179944745
2018-06-11,10226407.509699978,2812262.065167494,,1.0,0.20414743788895082,1.347065644534763
2018-06-12,10284587.509699978,2828261.565167494,,1.0,0.20137664777145292,1.35
2018-06-13,10394567.509699978,2858506.065167494,,1.0,0.2000203422514558,1.35
2018-06-14,10428807.509699978,2867922.065167494,,1.0,0.19694545748178047,1.35
2018-06-15,10490847.509699978,2884983.065167494,0.10190543850903243,2.698580213416434,0.1942570644757653,1.35
2018-06-19,10505677.541149981,2889061.323816245,0.08606827845221997,3.0,0.1911980421264446,1.35
2018-06-20,10268427.541149978,2823817.573816244,0.08334972857066965,3.0,0.19981150538262418,1.35
2018-06-21,10449182.541149981,2873525.198816245,0.08245658376514796,3.0,0.2021626759726974,1.35
2018-06-22,10319192.541149981,2837777.948816245,,1.0,0.20262826097271386,1.35
2018-06-25,10185908.80804998,2801124.922213745,,1.0,0.20310256705684962,1.35
2018-06-26,10144403.80804998,2789711.047213745,,1.0,0.20030032125208874,1.35
2018-06-27,10182193.808049982,2800103.2972137453,,1.0,0.19737526540741687,1.35
2018-06-28,10284883.80804998,2828343.047213745,,1.0,0.19612385773862698,1.35
2018-06-29,10425273.808049982,2866950.2972137453,0.104578071765664,2.6296143671133403,0.1963650434215488,1.35
2018-07-02,10560903.192849984,2904248.378033746,0.10386838961249778,2.647581242242646,0.1960865329606189,1.35
2018-07-03,10504639.192849984,2888775.778033746,0.10522980713731109,2.6133279864436236,0.19393023264500195,1.35
2018-07-04,10504734.310649984,2888801.9354287456,0.10751485214929545,2.5577861523553436,0.19090878654706905,1.35
2018-07-05,10641939.310649984,2926533.3104287456,0.11218446378484807,2.451319823816301,0.19076309922441123,1.35
2018-07-06,10587319.31064998,2911512.8104287446,0.10443981318173644,2.633095479800128,0.18869465991368167,1.35
2018-07-09,10515081.397949982,2891647.3844362455,0.10813659474263919,2.5430798949651514,0.18712821937741086,1.35
2018-07-10,10646607.89794998,2927817.1719362447,0.11039910111000215,2.4909623106984253,0.1868804165260581,1.35
2018-07-11,11057857.897949982,3040910.9219362456,0.10888181442084918,2.5256742961416134,0.21099857429012447,1.3033263420153407
2018-07-12,11053317.89794998,3039662.4219362447,0.10665941142411993,2.578300370573877,0.20785110740475782,1.3230624721401179
2018-07-13,11207077.897949984,3081946.421936246,0.11410616111183897,2.410036384717772,0.2070037963439809,1.3284780514026369
2018-07-16,11266873.028199984,3098390.0827549957,0.11938828492067918,2.303408581358785,0.20385503760972917,1.3489978134681886
2018-07-17,11118253.02819998,3057519.5827549947,0.11986410409424192,2.2942648433244375,0.20564097928330294,1.3372820969751562
2018-07-18,11110178.028199984,3055298.9577549957,0.11992936268219835,2.2930164377569855,0.20259981267688623,1.35
2018-07-19,11244593.028199982,3092263.082754995,0.12086971888140077,2.2751769636349883,0.2012344674616072,1.35
2018-07-20,11070178.02819998,3044298.9577549947,0.11022707565705621,2.494849821250754,0.2044445324994783,1.3451081163087684
2018-07-23,10989520.671099983,3022118.184552496,0.11198575715538847,2.455669426054041,0.20292179372909397,1.35
2018-07-24,10796102.114199985,2968928.081404996,0.11176078211594524,2.460612701463593,0.20692018707828144,1.3290148432736668
2018-07-25,10681009.626199983,2937277.6472049956,0.11168123911988569,2.4623652295332943,0.20632977767003183,1.3328177983101763
2018-07-26,10735946.569449987,2952385.3065987467,0.11418485881742671,2.408375355962957,0.20343214606818172,1.35
2018-07-27,10849416.569449987,2983589.5565987467,0.11493607878789763,2.392634261583636,0.20199965090203864,1.35
2018-07-30,10960387.028199984,3014106.4327549958,0.1151544545415647,2.388096935501001,0.20037266579554247,1.35
2018-07-31,11147583.142749984,3065585.364256246,0.11446403623106141,2.402501336270151,0.2018942381914012,1.35
2018-08-01,11329363.142749988,3115574.864256247,0.11425096448849183,2.4069818686537214,0.20264236619711953,1.35
2018-08-02,11392273.142749984,3132875.114256246,0.1146736638588306,2.398109476457818,0.19963294237844176,1.35
2018-08-03,11639823.142749984,3200951.364256246,0.08950931118329729,3.0,0.2035887186722607,1.35
2018-08-06,11746798.567149986,3230369.605966246,0.0881502661926868,3.0,0.20107863160382286,1.35
2018-08-07,11946338.567149986,3285243.105966246,0.09156259365946574,3.0,0.2015086103580652,1.35
2018-08-08,11922228.567149986,3278612.855966246,0.09199586631194424,2.9892647466084625,0.19899521826807276,1.35
2018-08-09,11780489.067149986,3239634.4934662464,0.09047946186312729,3.0,0.20056270769153114,1.35
2018-08-10,11774101.567149986,3237877.9309662464,0.09598040256187844,2.8651682287194813,0.19766899689875012,1.35
2018-08-13,11784615.101749985,3240769.152981246,0.08472182525444513,3.0,0.1946458189989491,1.35
2018-08-14,12402340.101749983,3410643.5279812454,0.08646675814602377,3.0,0.23594849304888527,1.165508609300691
2018-08-15,12356739.601749983,3398103.3904812457,0.08754780827620331,3.0,0.23334496129776994,1.1785126984125205
2018-08-16,12322010.101749983,3388552.7779812454,0.08562483459285901,3.0,0.23050779840825664,1.1930182054532594
2018-08-17,12260435.101749988,3371619.652981247,0.09678701228120551,2.8412903086729604,0.22826276954772315,1.2047518767290935
2018-08-20,12763915.887899986,3510076.8691724963,0.09820963676777858,2.8001325435125146,0.24753976959760948,1.1109326006363696
2018-08-21,12751465.887899982,3506653.1191724953,0.09923967100747091,2.7710692428564943,0.24419090834246962,1.126168053784876
2018-08-22,12703535.887899987,3493472.3691724967,0.09980108359129558,2.7554811040547147,0.2415022701896024,1.1387056518520455
2018-08-23,12495035.887899984,3436134.869172496,0.09821738670592162,2.7999115963387777,0.24469796726955081,1.1238344276765877
2018-08-24,12194805.887899986,3353571.6191724963,0.08477589773325825,3.0,0.2530041616859998,1.0869386423030423
2018-08-27,12005192.588599984,3301427.961864996,0.0809337695273131,3.0,0.25428176630202676,1.081477464936927
2018-08-28,11903602.588599987,3273490.7118649967,0.08271030912040507,3.0,0.2520835114416325,1.090908320132924
2018-08-29,11958732.588599987,3288651.4618649967,0.0857620838693432,3.0,0.24822000249136764,1.1078881526059274
2018-08-30,11559152.588599984,3178766.961864996,0.08415594663196077,3.0,0.2635621157335918,1.0433973002325176
2018-08-31,11478242.588599984,3156516.711864996,0.06380486829683057,3.0,0.2603635812296568,1.0562153074605045
2018-09-03,11404345.607949983,3136195.042186246,0.06495482094364884,3.0,0.2570415407918986,1.0698659802332908
2018-09-04,11452895.607949983,3149546.292186246,0.066169452846446,3.0,0.2532076014311346,1.0860653410312107
2018-09-05,11471275.607949983,3154600.792186246,0.06779606651122283,3.0,0.24923448978918467,1.1033785903091067
2018-09-06,11539465.607949983,3173353.042186246,0.06764890795829412,3.0,0.24574940279355958,1.119026117149966
2018-09-07,11868185.607949983,3263751.042186246,,1.0,0.25384080726338487,1.0833561513010017
2018-09-10,12025211.509549985,3306933.165126246,,1.0,0.2518995825217609,1.0917048660699686
2018-09-11,12029391.509549985,3308082.665126246,,1.0,0.24797793610289384,1.108969629805669
2018-09-12,11855241.509549985,3260191.415126246,,1.0,0.2483469487119877,1.1073218391699362
2018-09-13,11754871.509549987,3232589.6651262464,,1.0,0.2460012688920617,1.117880412725278
2018-09-14,11723101.509549987,3223852.9151262464,0.1062032603871662,2.5893743656972656,0.24236756289773423,1.1346402823550892
2018-09-17,11772844.586549984,3237532.261301246,0.11022694021249493,2.494852886870092,0.23871574136696216,1.1519977628004867
2018-09-18,12062564.586549988,3317205.261301247,0.11110867605921554,2.4750542419697124,0.24386337622743498,1.1276806064701
2018-09-19,12286854.586549986,3378885.0113012465,0.11338490734527738,2.4253668891096387,0.24448889551801042,1.1247954612308435
2018-09-20,12325164.586549984,3389420.261301246,0.10843671384684148,2.536041440617763,0.24064654383612558,1.142754828788517
2018-09-21,12081834.586549988,3322504.511301247,,1.0,0.24476988357911308,1.1235042317251263
2018-09-25,12089457.678749986,3324600.8616562462,,1.0,0.24093470592108637,1.1413880742032703
2018-09-26,12045967.678749986,3312641.1116562462,0.04186682232020109,3.0,0.23759898543964356,1.1574123495988466
2018-09-27,12017947.678749986,3304935.6116562462,0.04203556835351345,3.0,0.23410431295575637,1.1746900197091736
2018-09-28,12030657.678749986,3308430.8616562462,0.1011307471073054,2.719252135141547,0.23041957065408405,1.1934750126448332
2018-10-08,12178428.928749984,3349067.955406246,0.10072316226772876,2.7302558200965934,0.22880384966134135,1.2019028543751988
2018-10-09,11959678.928749982,3288911.7054062453,0.10081665790467804,2.7277238277429507,0.23178867201093928,1.1864255384621272
2018-10-10,11982658.928749982,3295231.2054062453,0.09960448165548379,2.760919944859326,0.22814888135583739,1.2053532691711526
2018-10-11,12156708.928749984,3343094.955406246,0.09202129023736563,2.9884388633396397,0.2276206771957692,1.2081503463917798
2018-10-12,12152268.928749982,3341873.9554062453,0.09791762537414464,2.808483140284715,0.22410080569743906,1.2271263333666034
2018-10-15,12185063.328749986,3350892.4154062467,0.09817362351183277,2.801159722569011,0.2205961954745308,1.2466216808881931
2018-10-16,12101423.328749986,3327891.4154062467,0.09991897191996602,2.752230079191287,0.21838184131904048,1.2592622094354649
2018-10-17,11962868.328749986,3289788.7904062467,0.10073284905112867,2.729993270223292,0.21784758774058263,1.2623504480916063
2018-10-18,12058323.32874998,3316038.915406245,0.09627219815352618,2.856484065747153,0.21532383626378687,1.2771461105825073
2018-10-19,12265698.328749983,3373067.0404062453,0.11533671758027762,2.384323099958105,0.21661465526321705,1.2695355245739797
2018-10-22,12149044.078749983,3340987.1216562456,0.11225509458156586,2.4497774557588725,0.21544059366372204,1.2764539649813784
2018-10-23,12160269.078749979,3344073.9966562446,0.11740139776066828,2.3423911916330717,0.2120497379328144,1.2968655499453186
2018-10-24,12183109.078749983,3350354.9966562456,0.11829552215965933,2.3246864714696653,0.20871740045069867,1.3175710286069706
2018-10-25,12331064.078749985,3391042.621656246,0.11826009922069824,2.3253827944689283,0.20764799445052093,1.3243566388767987
2018-10-26,12365379.07874998,3400479.246656245,0.11707784329514691,2.3488645866728164,0.20440368470945305,1.3453769211200628
2018-10-29,12562418.22874998,3454665.0129062445,0.11683280878450159,2.353790881696923,0.20507824223588603,1.3409516143779323
2018-10-30,12405403.228749977,3411485.887906244,0.11639409425068617,2.362662828989529,0.2058981886388902,1.3356115554872725
2018-10-31,12582538.228749987,3460198.012906247,0.11637374051885074,2.363076057999994,0.20568796607866685,1.3369766119172197
2018-11-01,12675488.228749985,3485759.2629062464,0.11918020921159658,2.307430082722507,0.20299628324915794,1.35
2018-11-02,12150638.228749987,3341425.512906247,0.11273696600373373,2.4393063761436715,0.2337990083567944,1.1762239794461826
2018-11-05,11995386.247749982,3298731.2181312456,0.11256323033873973,2.4430713224241583,0.23321905967515275,1.1791489099692078
2018-11-06,12089956.24774998,3324737.968131245,0.11280574773435659,2.4378190431181803,0.23048635442300813,1.1931292014593482
2018-11-07,12054831.24774998,3315078.593131245,0.1131514592138961,2.4303707783401465,0.22707196983142408,1.2110697775870674
2018-11-08,12068436.24774998,3318819.968131245,0.11627158214229763,2.36515230061499,0.2235018917845627,1.2304146412553736
2018-11-09,12262966.24774998,3372315.718131245,0.10965156214203584,2.5079442064289252,0.224209460006821,1.2265316547822462
2018-11-12,12078250.94014998,3321519.0085412445,0.11105559938718998,2.4762371417331765,0.22518739523566977,1.2212051199055742
2018-11-13,12175725.94014998,3348324.6335412445,0.11506113911892206,2.3900336995253655,0.2226308679984705,1.2352285308517474
2018-11-14,12626075.940149978,3472170.883541244,0.11163468117201272,2.4633921744826344,0.2412094759516088,1.1400878796949514
2018-11-15,12685303.540149981,3488458.4735412453,0.11460278735469963,2.399592595849047,0.23753733166819377,1.1577127606372895
2018-11-16,12874343.540149983,3540444.473541246,0.11672888892040684,2.3558863837683957,0.23654336723581948,1.1625775147008945
2018-11-19,12741214.380849982,3503833.954733745,0.11918376483484037,2.307361244890048,0.23550307983504862,1.1677129666101007
2018-11-20,12744424.38084998,3504716.7047337447,0.11788225431996831,2.3328362830046188,0.23184508800973,1.1861368397352412
2018-11-21,12947709.380849982,3560620.079733745,0.12228351168993001,2.2488722821217944,0.23150265780981924,1.187891329636112
2018-11-22,12738814.380849985,3503173.954733746,0.11937071721063605,2.3037475724867074,0.23361497517966728,1.1771505648921032
2018-11-23,12639569.380849985,3475881.579733746,0.13202021577343898,2.0830143201093527,0.2314818134873423,1.1879982960952453
2018-11-26,12583856.080849983,3460560.4222337455,0.13290960160369666,2.069075497043333,0.22842968462632493,1.203871556579246
2018-11-27,12799261.08084998,3519796.7972337445,0.13140409508188475,2.0927810493929675,0.22909528843299176,1.2003738788387828
2018-11-28,12875231.080849987,3540688.5472337464,0.13377228628180982,2.0557322270823306,0.22577942360330544,1.2180029322918955
2018-11-29,12906131.080849983,3549186.0472337455,0.1324312464516205,2.076549208501654,0.22222730433213214,1.237471699647654
2018-11-30,12827056.080849985,3527440.422233746,0.13292671605191425,2.0688091014946863,0.219881779622905,1.250672067834007
2018-12-03,12525769.080849983,3444586.4972337456,0.1349578891428823,2.0376726529032525,0.22749996229676578,1.2087914091223984
2018-12-04,12630972.83084998,3473517.5284837447,0.13507306513248316,2.0359351416973688,0.22488451111113653,1.2228498914453771
2018-12-05,12650692.830849985,3478940.528483746,0.13498975907905547,2.0371915756879666,0.22134577977765957,1.242400014476155
2018-12-06,12777382.830849981,3513780.278483745,0.1352571937045168,2.033163578720742,0.2192496833564636,1.2542777521502535
2018-12-07,12924197.830849981,3554154.403483745,0.14094382870804278,1.9511318978686685,0.21760395092719906,1.2637638187553093
2018-12-10,12821184.730849987,3525825.8009837465,0.14183615391921783,1.9388568598428373,0.215880978466875,1.2738500721692638
2018-12-11,12944454.730849987,3559725.0509837465,0.14149699586453518,1.9435041593623406,0.21369398778756865,1.2868869304520403
2018-12-12,13045199.73084998,3587429.9259837447,0.14218195387675403,1.9341413766079987,0.21100842911416504,1.3032654721637336
2018-12-13,12671080.230849981,3484547.0634837453,0.13616678764931095,2.0195820489519467,0.22445209999171925,1.225205734364462
2018-12-14,12518200.23084998,3442505.0634837444,0.12230360619278517,2.248502792031512,0.22386431164567017,1.2284226904164466
2018-12-17,12349760.330849985,3396184.090983746,0.11884437213735569,2.3139505477143314,0.22375395016607336,1.2290285815999722
2018-12-18,12253580.330849988,3369734.590983747,0.1194473526882344,2.3022695255353915,0.22132099772927333,1.2425391301388786
2018-12-19,12408280.330849987,3412277.0909837466,0.11889174889739088,2.313028469598322,0.22072074302204028,1.2459182414610648
2018-12-20,12592910.330849985,3463050.340983746,0.11856755874157276,2.3193528054278656,0.22103126007845114,1.2441679059441348
2018-12-21,12666230.330849983,3483213.3409837456,0.09842333925013812,2.7940527327679967,0.21801628044055954,1.2613736893606744
2018-12-24,12729769.980849987,3500686.7447337466,0.0989612495241826,2.7788654783789872,0.2148938198750808,1.2797017622929283
2018-12-25,12818639.980849987,3525125.9947337466,0.0995176267228965,2.7633295633720074,0.21216519210502083,1.2961598331543294
2018-12-26,12682809.980849987,3487772.7447337466,0.10031782465877663,2.7412875123178897,0.21138296550203833,1.300956296770982
2018-12-27,12819899.980849987,3525472.4947337466,0.09717277834756353,2.830010674557349,0.20990688421923148,1.3101047210666221
2018-12-28,12952189.980849987,3561852.2447337466,0.10642710142582562,2.583928306942206,0.2081805127493444,1.320968982006055
2019-01-02,13352971.521349985,3672067.168371246,0.11128180769460827,2.471203565947501,0.22078164821414026,1.2455745403860397
2019-01-03,13590461.521349989,3737376.918371247,0.10934596026631443,2.5149534498597994,0.2215209431339311,1.24141761094677
2019-01-04,13519976.521349993,3717993.543371248,0.0845912957066314,3.0,0.21916849768690205,1.2547423690098807
2019-01-07,13555028.728049994,3727632.9002137487,0.08469196231806529,3.0,0.215716819751146,1.2748194615387152
2019-01-08,14014138.728049986,3853888.1502137464,0.08683541659720533,3.0,0.22950889832522073,1.1982106227982372
2019-01-09,13927518.728049986,3830067.6502137464,0.0855932711802104,3.0,0.22751252751730391,1.2087246491474382
2019-01-10,13773123.728049986,3787609.0252137464,0.08772871327002679,3.0,0.22745567926670474,1.2090267470417693
2019-01-11,13790018.728049988,3792255.150213747,0.11024410634637731,2.4944644127820688,0.2239161054875429,1.2281385450199296
2019-01-14,13907924.47804999,3824679.2314637476,0.11068456782323602,2.484537866554051,0.22098113621016205,1.2444501133276094
2019-01-15,13861714.478049984,3811971.481463746,0.11347041243396078,2.423539265445507,0.21819607479859932,1.2603343128598083
2019-01-16,13911514.478049988,3825666.481463747,0.10997734798203368,2.500514924627252,0.21477304188223897,1.2804214047998805
2019-01-17,13928884.47804999,3830443.2314637476,0.11157585273229408,2.464690999582252,0.21143244324139898,1.300651857321745
2019-01-18,13922494.478049986,3828685.9814637466,0.11511080049011649,2.3890025855880634,0.2082898200920655,1.320275757492364
2019-01-21,13693260.478049988,3765646.631463747,0.1147621228914319,2.3962610055598006,0.21177932290607143,1.2985214808811543
2019-01-22,14039970.47804999,3860991.8814637475,0.11580790659581834,2.3746219760260296,0.21830776863641002,1.2596894820450044
2019-01-23,13860670.478049982,3811684.3814637456,0.11319725659352346,2.4293874982102177,0.2191694256089411,1.2547370566671836
2019-01-24,13753000.478049984,3782075.131463746,0.11741365736439695,2.342146613715719,0.21751727547928806,1.2642673985045636
2019-01-25,13890615.47804999,3819919.2564637475,0.11484315631768546,2.3945702018088033,0.21526422016566282,1.2774998083209825
2019-01-28,13917316.136349982,3827261.9374962454,0.11476748295180265,2.3961490914241628,0.21187542199324644,1.29793251814156
2019-01-29,14143851.136349984,3889559.062496246,0.1142185599146996,2.407664745601545,0.21219481767319304,1.2959788698682309
2019-01-30,14251841.136349985,3919256.3124962463,0.11712656038814621,2.3478876105357855,0.20931725003432408,1.3137952077762594
2019-01-31,14259841.136349991,3921456.3124962477,0.11705036318069982,2.3494160336389642,0.2061138784813245,1.334213891981646
2019-02-01,14330661.13634999,3940931.8124962472,0.1135321547161311,2.4222212701555197,0.20296440251362394,1.35
2019-02-11,15116544.202699985,4157049.6557424963,0.10854863267978136,2.5334266605757296,0.24679975675641394,1.1142636589849604
2019-02-12,14772534.202699987,4062446.9057424967,0.1094132928491909,2.5134057557251706,0.2544206369231929,1.0808871612212017
2019-02-13,14451959.202699991,3974288.7807424976,0.10922717545387028,2.5176884677031706,0.26010698429732254,1.0572572695151223
2019-02-14,13973744.202699985,3842779.6557424963,0.11197739047599412,2.455852907725644,0.2747963974193613,1.0007409215788519
2019-02-15,13797802.702699983,3794395.7432424957,0.07619995801304912,3.0,0.2733613987330926,1.0059942672026907
2019-02-18,13612794.023899987,3743518.3565724967,0.07579385983689503,3.0,0.2721172210661109,1.0105938864236335
2019-02-19,13451864.023899987,3699262.6065724967,0.07387722509249114,3.0,0.27011029074234233,1.0181026396447885
2019-02-20,13247674.023899987,3643110.3565724967,0.07553551737297981,3.0,0.2693536974296509,1.0209624097394239
2019-02-21,13432794.023899987,3694018.3565724967,0.07607852492056406,3.0,0.2680023164421174,1.026110533859486
2019-02-22,13521814.023899987,3718498.8565724967,0.08209809714989293,3.0,0.26436635552423166,1.0402231382835465
2019-02-25,13426694.523899987,3692340.994072497,0.08187662371327178,3.0,0.26104982199837734,1.0534387569960089
2019-02-26,13524854.523899987,3719334.994072497,0.08315436571781823,3.0,0.2576839462208167,1.0671988070391654
2019-02-27,13496154.523899987,3711442.494072497,0.08020006888439106,3.0,0.2537304110411442,1.0838275115370652
2019-02-28,13440714.523899987,3696196.494072497,0.08178031172641925,3.0,0.2500515940826292,1.0997730328770734
2019-03-01,13511994.523899987,3715798.494072497,0.07972704410200576,3.0,0.24651171010078435,1.1155656657753437
2019-03-04,13446517.023899987,3697792.181572497,0.08110476094564359,3.0,0.24307367743089556,1.1313442200181505
2019-03-05,13404777.023899987,3686313.681572497,0.08259406930126695,3.0,0.23942936781009902,1.1485641987666002
2019-03-06,13452207.023899987,3699356.931572497,0.08143383326821287,3.0,0.23584622661973867,1.166013991156153
2019-03-07,13541587.023899987,3723936.431572497,0.0801680344162673,3.0,0.2328102614672391,1.1812194113217722
2019-03-08,13606047.023899987,3741662.931572497,0.06515042959711873,3.0,0.2294555827817875,1.1984890350718784
2019-03-11,13398372.023899987,3684552.306572497,0.06536880570429232,3.0,0.23011978091054963,1.1950298184357122
2019-03-12,13601442.023899987,3740396.556572497,0.06286278017263995,3.0,0.23034056310365783,1.1938843783942847
2019-03-13,13773032.023899987,3787583.806572497,0.06362628037119367,3.0,0.2291785542045568,1.1999377557576552
2019-03-14,13878742.023899987,3816654.056572497,0.06511493728640691,3.0,0.22634499904910166,1.214959469638397
2019-03-15,13848692.023899987,3808390.306572497,0.12337003729926661,2.2290663601966405,0.22297260908069336,1.233335346138763
2019-03-18,13926820.922549991,3829875.7537012477,0.12506024903917773,2.1989401277607445,0.21983201400206764,1.2509551952583826
2019-03-19,13904335.92254999,3823692.3787012473,0.12562261032195085,2.189096368044085,0.21651169883419233,1.2701392187153768
2019-03-20,13670715.922549985,3759446.8787012463,0.12706824089361346,2.1641914459982243,0.21886068763140484,1.2565070638137739
2019-03-21,13711610.922549991,3770693.0037012477,0.12877394526180877,2.1355251595414027,0.2155209014463247,1.2759783304288403
2019-03-22,13756440.922549985,3783021.2537012463,0.0912773941891656,3.0,0.21225409827105907,1.2956169150091572
2019-03-25,13899958.091749992,3822488.475231248,0.08540573656617703,3.0,0.21065761512234257,1.3054358364414675
2019-03-26,13853718.091749988,3809772.475231247,0.08944098893199628,3.0,0.20769196090830583,1.3240762848852397
2019-03-27,13820668.091749987,3800683.7252312466,0.09099194480886859,3.0,0.20462298038172702,1.3439350726247057
2019-03-28,13943838.091749988,3834555.475231247,0.09223004003608178,2.981674949858158,0.2026700320913675,1.35
2019-03-29,14182038.091749985,3900060.475231246,0.09711596021191296,2.8316663852155015,0.20442334142474008,1.3452475538427848
2019-04-01,14007891.091749987,3852170.0502312467,0.09460400768283837,2.9068535967518674,0.20484596137934497,1.3424721588273834
2019-04-02,14060253.967749985,3866569.841131246,0.09398957294712716,2.925856468724444,0.2017534801546842,1.35
2019-04-03,13626233.967749983,3747214.3411312457,0.09079508841271997,3.0,0.21770688604229296,1.2631662920693145
2019-04-04,13500303.967749994,3712583.5911312485,0.08102169532075465,3.0,0.2158785661303832,1.2738643068154785
2019-04-08,13674424.927549986,3760466.8550762464,0.08255397054314008,3.0,0.2155442724256077,1.2758399789765358
2019-04-09,13749244.927549986,3781042.3550762464,0.08432076333286669,3.0,0.21263887469818424,1.2932724573073953
2019-04-10,13734724.927549988,3777049.355076247,0.08464894721111862,3.0,0.20933234333654446,1.313700480378617
2019-04-11,13935266.177549984,3832198.198826246,0.08516004768699346,3.0,0.20979066140344266,1.310830511521936
2019-04-12,13773796.177549984,3787793.948826246,0.08413415243899487,3.0,0.20937100906973694,1.313457871850842
2019-04-15,13233770.508349987,3639286.889796247,0.0860902718832932,3.0,0.233806887927922,1.1761843392944737
2019-04-16,13333820.508349987,3666800.639796247,0.08246409065088385,3.0,0.23129227019635792,1.1889718569779093
2019-04-17,13369740.508349987,3676678.639796247,0.0833268427153472,3.0,0.2278249936884678,1.2070668610487936
2019-04-18,13338880.508349987,3668192.139796247,0.07948971216957006,3.0,0.22429888030566325,1.226042678524493
2019-04-19,13475860.508349987,3705861.639796247,0.07957634449185404,3.0,0.22278381961282331,1.2343804881248708
2019-04-22,13843630.258349987,3806998.3210462467,0.07515850158619136,3.0,0.23219434724050914,1.184352691046145
2019-04-23,13921950.258349987,3828536.3210462467,0.07572357913976181,3.0,0.22895090286770042,1.2011308824534714
2019-04-24,13939910.258349987,3833475.3210462467,0.08323918580601071,3.0,0.22534814955501048,1.2203339612197208
2019-04-25,14000710.258349987,3850195.3210462467,0.07928054720521145,3.0,0.2220101802324812,1.2386819366212385
2019-04-26,14116830.258349987,3882128.3210462467,0.09004219946784127,3.0,0.21945686387305788,1.2530936382972755
2019-04-29,14127524.580749987,3885069.2597062467,0.08993958504155157,3.0,0.21600451051555777,1.273121562802704
2019-04-30,14152444.580749987,3891922.2597062467,0.08093470238659628,3.0,0.21260829034914464,1.293458498482801
2019-05-06,14060477.861899987,3866631.4120224966,0.07983360917293394,3.0,0.2103619133076176,1.3072708632282712
2019-05-07,14099727.861899987,3877425.1620224966,0.08022641171511931,3.0,0.20711008308952022,1.3277962902517662
2019-05-08,13878147.861899987,3816490.6620224966,0.08087615047493188,3.0,0.20911831879294127,1.3150450022137543
2019-05-09,14005077.861899987,3851396.4120224966,0.08190923485672787,3.0,0.20722245232440034,1.327076274386986
2019-05-10,14114567.861899987,3881506.1620224966,0.07456678066687192,3.0,0.20489633016238293,1.3421421446741337
2019-05-13,14254156.676499987,3919893.0860374966,0.07304957653981013,3.0,0.20318051637999268,1.35
2019-05-14,14187136.676499987,3901462.5860374966,0.07377745132766518,3.0,0.20067379931262874,1.35
2019-05-15,14266926.676499987,3923404.8360374966,0.0720802669919229,3.0,0.19791521872106066,1.35
2019-05-16,14474166.676499987,3980395.8360374966,0.07208785700905332,3.0,0.19828029348581505,1.35
2019-05-17,14620746.676499987,4020705.3360374966,,1.0,0.19657844372550384,1.35
2019-05-20,14615255.26374999,4019195.1975312475,,1.0,0.19358789965914347,1.35
2019-05-21,14531820.763749987,3996250.7100312468,,1.0,0.19169673033507778,1.35
2019-05-22,14609300.763749989,4017557.710031247,,1.0,0.18896196459059708,1.35
2019-05-23,14743600.76374999,4054490.2100312477,,1.0,0.18714406819227686,1.35
2019-05-24,14802490.76374999,4070684.9600312477,,1.0,0.1842837906672521,1.35
2019-05-27,14652738.32094999,4029503.038261248,,1.0,0.18450416192124794,1.35
2019-05-28,14622418.320949988,4021165.0382612473,,1.0,0.18189248766360033,1.35
2019-05-29,14695488.320949988,4041259.2882612473,,1.0,0.17928820093363718,1.35
2019-05-30,14717948.320949987,4047435.788261247,,1.0,0.17646484542640758,1.35
2019-05-31,14730763.32094999,4050959.913261248,,1.0,0.17369867142303264,1.35
2019-06-03,14936061.21402999,4107416.833858248,,1.0,0.17437426831065145,1.35
2019-06-04,14933751.214029988,4106781.583858247,,1.0,0.17173233323756135,1.35
2019-06-05,15007516.214029988,4127066.958858247,,1.0,0.16923563139614645,1.35
2019-06-06,15005026.214029988,4126382.208858247,0.09348790146377406,2.9415570966320246,0.16668164374375205,1.35
2019-06-10,14921571.711549988,4103432.220676247,0.09505378543578147,2.893098878064047,0.16538545246043035,1.35
2019-06-11,14918254.065939987,4102519.868133497,0.09358295240369223,2.938569396846152,0.16287044861851582,1.35
2019-06-12,14972735.900769988,4117502.372711747,0.09367443355784924,2.935699630680681,0.16040153677671412,1.35
2019-06-13,14952431.419769987,4111918.640436747,0.09399432406074694,2.925708576001591,0.1581075133171001,1.35
2019-06-14,15161686.91976999,4169463.9029367473,0.09684532972902438,2.839579366082565,0.159383629475544,1.35
2019-06-17,15295692.964889988,4206315.565344747,0.09977680909070417,2.7561514795487754,0.1580211984702378,1.35
2019-06-18,15210342.964889986,4182844.3153447467,0.10091154727207267,2.725158888492303,0.15704286370273107,1.35
2019-06-19,14972442.964889988,4117421.815344747,0.1014747154300523,2.7100347001175944,0.16216857285460912,1.35
2019-06-20,15085318.503389992,4148462.588432248,0.10178956415965998,2.701652200501166,0.1605184303958961,1.35
2019-06-21,15279243.50338999,4201791.963432248,0.10604011840175215,2.5933581001683987,0.1610573076780749,1.35
2019-06-24,15405011.320089992,4236378.113024748,0.10632382829997798,2.5864380957401716,0.15947608443824599,1.35
2019-06-25,15452376.320089992,4249403.488024748,0.1052850597792565,2.611956535681059,0.15698483552751086,1.35
2019-06-26,15463531.320089988,4252471.113024747,0.10628938088758555,2.587276336578226,0.15456693080508632,1.35
2019-06-27,15520021.32008999,4268005.863024748,0.11032009080655787,2.492746316554454,0.15219025898810296,1.35
2019-06-28,15878951.320089992,4366711.613024748,0.10131040573924992,2.7144299540936383,0.16072996352853194,1.35
2019-07-01,16108175.54631999,4429748.275237997,0.1036534738592322,2.6530707535520417,0.16145363022795214,1.35
2019-07-02,16739235.546319991,4603289.775237998,0.10038463157567692,2.7394631596838193,0.18782730922826593,1.35
2019-07-03,16842685.546319988,4631738.525237997,0.10046287521102758,2.7373295799303774,0.18494047617510742,1.35
2019-07-04,16514185.54631999,4541401.025237997,0.09899137031714335,2.7780199336464326,0.19380753852317686,1.35
2019-07-05,16375880.546319991,4503367.150237998,0.11355124155630669,2.4218141187266164,0.1936696976376458,1.35
2019-07-08,16486736.97881999,4533852.669175498,0.11509356161330951,2.389360413781815,0.19086824142893216,1.35
2019-07-09,16935451.97881999,4657249.294175497,0.11755620288131827,2.339306589186391,0.19923989466708425,1.35
2019-07-10,16851646.97881999,4634202.919175497,0.11876311685027342,2.3155337051880927,0.19772280863405023,1.35
2019-07-11,16661986.978819992,4582046.419175498,0.11998156652406922,2.292018748937012,0.1990963786612515,1.35
2019-07-12,16932036.978819985,4656310.169175496,0.12078118403389215,2.276844710537304,0.1991936940833198,1.35
2019-07-15,16559241.261119986,4553791.346807997,0.1160683923691039,2.3692927453107546,0.20879090481702933,1.3171071807030674
2019-07-16,16850217.03171999,4633809.683722998,0.11883477075845454,2.3141375057555287,0.20948786672272962,1.3127251916884515
2019-07-17,16864819.46171999,4637825.351972997,0.12191171825938815,2.255730654332098,0.2063113542241854,1.3329368179182957
2019-07-18,16991034.461719986,4672534.476972996,0.12043859094662643,2.2833212995813694,0.20338932816444047,1.35
2019-07-19,16745309.461719992,4604960.101972998,0.11895301912969004,2.311837076620794,0.2063192406747508,1.3328858670700523
2019-07-22,16662139.81171999,4582088.448222998,0.11878130176999895,2.3151792066776107,0.2042510321000505,1.3463824254522925
2019-07-23,16750380.811719991,4606354.723222998,0.12185137737570628,2.256847693662815,0.2011676904211226,1.35
2019-07-24,16497020.811719993,4536680.723222999,0.11994265958483592,2.292762232819187,0.20415694811633853,1.3470028942796093
2019-07-25,16403045.811719986,4510837.598222996,0.11967269070650194,2.2979344608741132,0.20213742060474488,1.35
2019-07-26,16324324.177019993,4489189.148680499,0.10021506132367154,2.7440985054313685,0.19983738241315552,1.35
2019-07-29,15875492.30866999,4365760.384884248,0.09789761976964007,2.809057060295176,0.2128579722928763,1.2919412744457652
2019-07-30,15811795.308669997,4348243.70988425,0.09970998383664773,2.757998641846391,0.20993691729424196,1.3099173006078173
2019-07-31,16100050.808669988,4427513.972384247,0.10009312818354081,2.7474413577696604,0.21233794891744695,1.295105285710916
2019-08-01,16035900.80866999,4409872.722384248,0.10088009650584806,2.726008494490865,0.2094948303666602,1.312681556478945
2019-08-02,16022365.808669992,4406150.597384248,0.08323490661576968,3.0,0.2062631741468655,1.3332481725709886
2019-08-05,16605952.831869988,4566637.028764247,0.08020248479524777,3.0,0.2257106984713306,1.2183737938099113
2019-08-06,16782170.081869986,4615096.772514246,0.07914400950302256,3.0,0.22341599006541554,1.2308877261626656
2019-08-07,16656280.081869999,4580477.02251425,0.08245091703742478,3.0,0.22160745031631063,1.2409330083780112
2019-08-08,16582380.081869999,4560154.52251425,0.08295904241826234,3.0,0.21886588037553353,1.2564772523161247
2019-08-09,16720280.58187,4598077.16001425,0.08780129401856906,3.0,0.21616853497011576,1.2721555430720637
2019-08-12,16723938.181869986,4599083.000014246,0.08956549340034756,3.0,0.21282570342245305,1.2921371600221272
2019-08-13,17003773.181869987,4676037.625014247,0.09153109270989221,3.0,0.2134520537529678,1.2883455331765645
2019-08-14,16854073.181869987,4634870.125014247,0.0890807307912406,3.0,0.21241857650346418,1.2946137034089165
2019-08-15,16911927.68186999,4650780.112514248,0.08909784587575482,3.0,0.20910568321908432,1.3151244660905599
2019-08-16,16804987.681869984,4621371.612514246,0.0805116415221888,3.0,0.20716024386223508,1.3274747841235381
2019-08-19,16797816.88187,4619399.642514251,0.0836988231829003,3.0,0.20399926605942223,1.3480440656090216
2019-08-20,16719936.881869989,4597982.642514247,0.08341625605831812,3.0,0.20158782870239744,1.35
2019-08-21,16578701.88186999,4559143.017514247,0.08367840777338781,3.0,0.2003797465849868,1.35
2019-08-22,16722566.881869987,4598705.8925142465,0.08338180197234626,3.0,0.19829158098098834,1.35
2019-08-23,16822341.88187,4626144.017514251,0.08724812580260492,3.0,0.1955595539549251,1.35
2019-08-26,17253619.231869996,4744745.2887642495,0.08546295493851325,3.0,0.20372192263946978,1.3498792689418717
2019-08-27,17268509.23187,4748840.03876425,0.08597292129952804,3.0,0.20056009718610232,1.35
2019-08-28,17179194.231869996,4724278.4137642495,0.08540008237805051,3.0,0.19851439932111026,1.35
2019-08-29,17606404.231869996,4841761.1637642495,0.08622816143228251,3.0,0.20538688141928518,1.3389365382037413
2019-08-30,17219819.23187,4735450.28876425,0.10466286869921326,2.6274838767348556,0.21361869642042497,1.287340502531529
2019-09-02,16912371.52187,4650902.16851425,0.10385899084055498,2.6478208364471967,0.2174473821303263,1.2646737675378394
2019-09-03,16833716.521869995,4629272.043514249,0.10588406509611861,2.5971802249031777,0.21469457725949231,1.2808893615772097
2019-09-04,16996156.521870002,4673943.043514251,0.10920405622034218,2.5182214792931283,0.21260230545981582,1.2934949101573974
2019-09-05,17139251.52186999,4713294.168514248,0.1073544548609376,2.5616077167568254,0.21013477326409724,1.308683925693632
2019-09-06,17090176.521869987,4699798.543514247,0.08083981098206262,3.0,0.2072207390511967,1.3270872464751586
2019-09-09,16963613.423870005,4664993.691564252,0.08039414117087905,3.0,0.2054887709515391,1.33827264004053
2019-09-10,16750043.423870005,4606261.941564252,0.0788674956591218,3.0,0.2059205338231287,1.3354666234315697
2019-09-11,16645243.423869994,4577441.941564249,0.07974845442728254,3.0,0.20364732823669873,1.35
2019-09-12,16424963.42386999,4516864.941564248,0.08634448972938975,3.0,0.20413370941762599,1.3471562378626676
2019-09-16,16231013.003869988,4463528.576064247,0.0852036663311013,3.0,0.20368911550339516,1.35
2019-09-17,16104897.50387,4428846.81356425,0.08602081391044988,3.0,0.201597953819128,1.35
2019-09-18,15937114.503870001,4382706.488564251,0.08630167846311014,3.0,0.2003749871023399,1.35
2019-09-19,15745630.003869997,4330048.251064249,0.08206888144417741,3.0,0.19971508858566678,1.35
2019-09-20,15613746.003869994,4293780.151064249,0.033306835117854865,3.0,0.19762129389034672,1.35
2019-09-23,15440119.983869994,4246032.995564248,0.03297012697684449,3.0,0.1964242623791567,1.35
2019-09-24,15368824.983869994,4226426.870564248,0.032793056287383104,3.0,0.19351333326474826,1.35
2019-09-25,15250139.983869994,4193788.495564249,0.03264485495862196,3.0,0.19120393966554525,1.35
2019-09-26,15279244.983869994,4201792.370564248,0.03351109525158354,3.0,0.18848834102179624,1.35
2019-09-27,15632639.983869994,4298975.995564248,0.06981832622545942,3.0,0.19804299222980634,1.35
2019-09-30,15606206.633869994,4291706.824314249,0.07732824484975541,3.0,0.19493390203409458,1.35
2019-10-08,15606926.928719994,4291904.905397998,0.07741452471546197,3.0,0.19188631654822105,1.35
2019-10-09,15560516.963919993,4279142.165077998,0.07870887030482436,3.0,0.18894628499960897,1.35
2019-10-10,15716139.450169994,4321938.348796749,0.079398689536003,3.0,0.18849290910450422,1.35
2019-10-11,15883279.450169994,4367901.848796749,0.07955312907442255,3.0,0.18818577323603555,1.35
2019-10-14,15942961.103769993,4384314.3035367485,0.08036026265737196,3.0,0.18557274057136722,1.35
2019-10-15,15716081.103769993,4321922.3035367485,0.0816203454188698,3.0,0.18677502530891707,1.35
2019-10-16,15529003.902469993,4270476.073179249,0.08201757040620845,3.0,0.18648529170550315,1.35
2019-10-17,15338011.978469992,4217953.294079248,0.08211619461482166,3.0,0.18622472977862137,1.35
2019-10-18,15321410.532669991,4213387.896484248,0.07672327065463991,3.0,0.18329342466419618,1.35
2019-10-21,15778813.905619992,4339173.824045498,0.07627691963381932,3.0,0.2002298136291306,1.35
2019-10-22,16002748.905619992,4400755.949045498,0.07617072811272448,3.0,0.20120363060092664,1.35
2019-10-23,15925348.905619992,4379470.949045498,0.07640436322758443,3.0,0.19850845200504894,1.35
2019-10-24,15853673.905619992,4359760.324045498,0.07609004434441666,3.0,0.19577144684571596,1.35
2019-10-25,15890193.905619992,4369803.324045498,0.08107192760585588,3.0,0.1928149871277174,1.35
2019-10-28,15875381.155619992,4365729.817795498,0.08056268046492406,3.0,0.189791529822409,1.35
2019-10-29,15865501.155619992,4363012.817795498,0.07924646616086317,3.0,0.1868070571607374,1.35
2019-10-30,15669561.155619992,4309129.317795498,0.0798934373002293,3.0,0.1869670981713264,1.35
2019-10-31,15517983.255619992,4267445.395295498,0.07969752648746582,3.0,0.18576781782348087,1.35
2019-11-01,15544074.555619992,4274620.502795498,0.07335000510862584,3.0,0.18297624864256504,1.35
2019-11-04,15363376.755619992,4224928.607795498,0.07367284490696209,3.0,0.18261949507562455,1.35
2019-11-05,15246739.005619992,4192853.2265454982,0.07362330496046078,3.0,0.18065128241600684,1.35
2019-11-06,15250362.155619992,4193849.592795498,0.07336147861608987,3.0,0.17785761646755885,1.35
2019-11-07,15352077.155619992,4221821.217795498,0.07387339998192691,3.0,0.1764398826625115,1.35
2019-11-08,15175532.155619992,4173271.342795498,0.07426413398818148,3.0,0.17610324403994984,1.35
2019-11-11,15355431.955619993,4222743.787795498,0.07477885728880854,3.0,0.1771748416900801,1.35
2019-11-12,15728641.955619993,4325376.537795498,0.07502002574319089,3.0,0.1879945175744002,1.35
2019-11-13,15811576.955619993,4348183.662795498,0.07574510133325496,3.0,0.18564436861568914,1.35
2019-11-14,15800813.405619992,4345223.686545498,0.07578716300624326,3.0,0.1827316212033675,1.35
2019-11-15,15874958.405619992,4365613.561545498,0.07068074180402903,3.0,0.18032448760440278,1.35
2019-11-18,15606107.774769992,4291679.638061748,0.07144178718367476,3.0,0.18375762625725836,1.35
2019-11-19,15971087.774769992,4392049.138061748,0.0697334361393381,3.0,0.19258153977669257,1.35
2019-11-20,16624842.774769992,4571831.763061748,0.0708702079319022,3.0,0.2206437667448148,1.2463529065747452
2019-11-21,16573272.774769992,4557650.013061748,0.06751500247801445,3.0,0.21756943749990806,1.2639642918602307
2019-11-22,16443057.774769992,4521840.888061748,0.06706307774030772,3.0,0.21571833860203554,1.2748104856645002
2019-11-25,16661426.524769992,4581892.294311748,0.06708406745770817,3.0,0.21496957744466122,1.2792507817567451
2019-11-26,16196231.524769992,4453963.669311748,0.06254157304953539,3.0,0.22696245730884917,1.21165413549335
2019-11-27,15962109.674769992,4389580.160561748,0.06273009977361275,3.0,0.22731429574892842,1.2097787299032925
2019-11-28,15944370.674769992,4384701.935561748,0.06448675281987974,3.0,0.2237632639507892,1.2289774252688725
2019-11-29,16135370.674769992,4437226.935561748,0.10668038613747693,2.5777934441070816,0.22269193755065494,1.2348897900151716
2019-12-02,16074726.864769993,4420549.887811748,0.10568544001264232,2.6020613621621287,0.2195068395698729,1.2528083431881523
2019-12-03,16191122.370269995,4452558.651824249,0.1057361901950459,2.6008124511836694,0.21689328611863432,1.2679046222278316
2019-12-04,16211360.23151999,4458124.063667998,0.1070766991681343,2.568252496915213,0.21348529146089512,1.288144949556737
2019-12-05,16230630.231519993,4463423.313667999,0.10880342514903829,2.5274939609971527,0.2101292320540904,1.3087184363249893
2019-12-06,15942941.251319991,4384308.844112998,0.11144720735170359,2.4675360337398025,0.2130406340237601,1.2908335598049792
2019-12-09,16295352.135559997,4481221.837278999,0.10998032728396051,2.500447187158952,0.21848614710177416,1.2586610347973268
2019-12-10,16666802.135559993,4583370.587278998,0.11086263071563147,2.4805473063812604,0.22363610520060237,1.2296762177704894
2019-12-11,16787442.13555999,4616546.5872789975,0.11310235299663286,2.43142598464054,0.2207063273298663,1.2459996200697352
2019-12-12,16668107.023809992,4583729.431547748,0.1147626981908965,2.3962489932274376,0.21858444111744177,1.258095034551188
2019-12-13,16553205.963419992,4552131.639940498,0.08993891620625842,3.0,0.21636086706322802,1.2710246715716649
2019-12-16,16463233.949999992,4527389.336249998,0.0894930986290505,3.0,0.21372609003501167,1.2866936364902888
2019-12-17,16101059.449999996,4427791.348749999,0.08842204400526561,3.0,0.21979530320010704,1.2511641331554446
2019-12-18,16201046.72701999,4455287.849930498,0.09029011947177118,3.0,0.21698695319783076,1.2673573039632378
2019-12-19,16268236.727019994,4473765.099930499,0.08996150763569476,3.0,0.2138302981015918,1.2860665791587038
2019-12-20,16547486.727019995,4550558.849930499,0.10494782516046526,2.6203496792765826,0.21553206844128833,1.2759122203427977
2019-12-23,16613957.722779993,4568838.373764498,0.10556704195714516,2.604979687804798,0.2123043057919354,1.2953105165446257
2019-12-24,16615622.722779995,4569296.248764499,0.10767439578042093,2.5539962217276253,0.20897891653582087,1.3159222210478947
2019-12-25,16653607.722779991,4579742.123764498,0.1080941053469603,2.5440795232756255,0.20571604515600173,1.3367941221670767
2019-12-26,16526597.722779993,4544814.373764498,0.10271442002719161,2.6773261235102064,0.20392814174618523,1.348514224889436
2019-12-27,16544662.722779997,4549782.248764499,0.09600215749414787,2.8645189564282822,0.20071785821484606,1.35
2019-12-30,16403111.333179994,4510855.616624499,0.09692443801609069,2.8372617435692176,0.1992789396127211,1.35
2019-12-31,16453792.627879994,4524792.972666998,0.09887602067395698,2.7812607963543625,0.19626888898556374,1.35
2020-01-02,16423262.627879994,4516397.222666998,0.09987344563745633,2.7534846549528136,0.19330076293638812,1.35
2020-01-03,16318632.627879994,4487623.972666998,0.10463181058879424,2.6282637990539723,0.1912277071889362,1.35
2020-01-06,16670989.455349991,4584522.100221248,0.10589971458437449,2.596796422722147,0.19730929026001084,1.35
2020-01-07,16480719.455349995,4532197.850221249,0.10570533437085286,2.601571639092496,0.197248943642385,1.35
2020-01-08,16550884.455349991,4551493.225221248,0.10506043484223239,2.6175410411442064,0.19440883093113648,1.35
2020-01-09,16570794.455349993,4556968.475221248,0.10541992236036768,2.6086150875727214,0.19135185324036755,1.35
2020-01-10,16826050.249229994,4627163.818538249,0.10476984461426628,2.624801067639971,0.19271698735185058,1.35
2020-01-13,16571901.59672999,4557272.939100748,0.10443116825464528,2.633313450343093,0.19503274541924506,1.35
2020-01-14,16406940.64798999,4511908.678197248,0.1040514617956913,2.6429229849742253,0.1942320323662125,1.35
2020-01-15,16553962.147989994,4552339.5906972485,0.10602842805692646,2.5936440352803594,0.1926706423171781,1.35
2020-01-16,16786322.147989992,4616238.5906972485,0.09934208177469417,2.7682125750464386,0.19328098721702466,1.35
2020-01-17,17331247.14798999,4766092.965697248,0.10703258045355776,2.5693111278329366,0.2093921868275545,1.313325029775237
2020-01-20,17399336.35016999,4784817.496296748,0.1063161530519944,2.5866248176371656,0.20616296218358787,1.3338962395927978
2020-01-21,17354731.350169983,4772551.121296746,0.10440222302863776,2.6340435291743445,0.20332752143835842,1.35
2020-01-22,17453021.350169986,4799580.871296747,0.106023980507546,2.5937528348167196,0.20039444019474498,1.35
2020-01-23,17718231.350169986,4872513.621296747,0.10468896171494393,2.626828994147383,0.2006049769732416,1.35
2020-02-03,16710211.994609987,4595308.298517747,0.06341063556425414,3.0,0.2574757059039079,1.06806193242415
2020-02-04,16925826.48822999,4654602.284263248,0.06087316976935793,3.0,0.2557226876871967,1.0753836606644132
2020-02-05,16995401.488229986,4673735.409263247,0.06190009229712099,3.0,0.25184508930443117,1.0919410847339537
2020-02-06,17248451.488229983,4743324.159263246,0.06321464842098348,3.0,0.2508391263036651,1.09632019554671
2020-02-07,17584371.488229986,4835702.159263247,0.050298872154187,3.0,0.2518991188828747,1.0917068754332029
2020-02-10,17516049.08257999,4816913.497709498,0.05224088683183862,3.0,0.2484878872747944,1.106693783008774
2020-02-11,17545249.08257999,4824943.497709498,0.05133335279671774,3.0,0.24457526952672717,1.1243982293555155
2020-02-12,17607369.08257998,4842026.497709495,0.05252608270942863,3.0,0.24076743598492065,1.1421810382082707
2020-02-13,17593799.08257998,4838294.747709495,0.05507111907375855,3.0,0.2370956766822893,1.1598693145657941
2020-02-14,17274009.082579985,4750352.497709496,0.053991415260251426,3.0,0.239933398342354,1.1461513982626566
2020-02-17,17190528.553339984,4727395.352168496,0.05302733163712001,3.0,0.2367569303221279,1.161528828853454
2020-02-18,17365898.553339977,4775622.102168494,0.053152699840325175,3.0,0.2344203949192828,1.1731061202874002
2020-02-19,17388428.553339977,4781817.852168494,0.0532596334279702,3.0,0.2307285177790262,1.1918769411216588
2020-02-20,17046588.553339977,4687811.852168494,0.05375683929961952,3.0,0.2344895553303336,1.1727601240601013
2020-02-21,17307878.553339977,4759666.602168494,0.0494666321129704,3.0,0.23437760146125872,1.1733203099847234
2020-02-24,17724331.47605998,4874191.155916495,0.05280879832254864,3.0,0.23936090624399012,1.1488927089859926
2020-02-25,17840751.47605998,4906206.655916495,0.052750286183067194,3.0,0.23595816924682195,1.165460813998513
2020-02-26,17910731.476059977,4925451.155916494,0.05291191643337165,3.0,0.23230428915291054,1.183792176213267
2020-02-27,18117111.476059984,4982205.655916496,0.05607244139901937,3.0,0.23016127549588175,1.194814372693727
2020-02-28,18517561.476059984,5092329.405916496,0.07433318504327015,3.0,0.2331185661546447,1.1796572213710865
2020-03-02,18694015.452479985,5140854.249431997,0.07298959104967231,3.0,0.2301738548387315,1.1947490743146105
2020-03-03,18424925.45247998,5066854.499431995,0.07464544430388258,3.0,0.23176708553788777,1.1865360405330065
2020-03-04,18984795.45247999,5220818.749431998,0.07514891238220418,3.0,0.24085974126158155,1.1417433173331406
2020-03-05,18826745.45247998,5177354.999431995,0.07586460486142067,3.0,0.2393375176591841,1.1490049812900591
2020-03-06,18996530.452479985,5224045.874431997,0.07765519787753176,3.0,0.2361399609081734,1.1645635873842544
2020-03-09,20007304.051879987,5502008.614266997,0.07581455502508903,3.0,0.27078632012762566,1.0155609037797344
2020-03-10,19460319.05187998,5351587.739266994,0.06914269551838204,3.0,0.28119883426413733,0.977955690035633
2020-03-11,19654359.051879983,5404948.739266996,0.07339107038984079,3.0,0.2772931957114265,0.9917300685812248
2020-03-12,19928006.251879983,5480201.719266996,0.07322828086616308,3.0,0.2743073838980136,1.0025249633901359
2020-03-13,19676416.25187998,5411014.469266995,0.06588827672405127,3.0,0.2740961173726268,1.0032976848998718
2020-03-16,19588215.50762998,5386759.264598245,0.06682197666499935,3.0,0.2707694088565977,1.0156243320147103
2020-03-17,19547087.50762998,5375449.064598245,0.06760653514706191,3.0,0.2669715869883656,1.0300721627428626
2020-03-18,20298787.50762998,5582166.564598245,0.06554575454232693,3.0,0.2803189346637385,0.9810254178151795
2020-03-19,20689817.50762998,5689699.814598245,0.06333298384675551,3.0,0.27895546767107077,0.9858204332609288
2020-03-20,21081517.507629983,5797417.314598246,0.06450948434665044,3.0,0.2773093913443463,0.9916721488112943
2020-03-23,22073980.37147998,6070344.602156995,0.06149947033002728,3.0,0.29660203311260047,0.9271682905005592
2020-03-24,22238560.37147998,6115604.102156995,0.06033176426908728,3.0,0.29193868929099087,0.941978607453063
2020-03-25,22388405.371479984,6156811.477156996,0.06046003432483882,3.0,0.28734095207914256,0.9570511895716715
2020-03-26,22259470.37147998,6121354.352156995,0.06267280175972073,3.0,0.2849391055126299,0.9651184926170503
2020-03-27,22208240.37147998,6107266.102156995,0.07155478170709022,3.0,0.281477530099634,0.976987398968077
2020-03-30,22424803.859499987,6166821.061362497,0.07286452611370468,3.0,0.27723586943804424,0.991935136522643
2020-03-31,22313128.859499983,6136110.436362496,0.0726720081008485,3.0,0.2746294059307495,1.0013494333135757
2020-04-01,22414215.359499983,6163909.223862496,0.0730169181509274,3.0,0.2703281088201604,1.0172822989079084
2020-04-02,22162905.159499988,6094798.918862497,0.07080752916658264,3.0,0.2702438870026182,1.017599336103894
2020-04-03,21479910.159499988,5906975.293862497,0.0665670958223315,3.0,0.284310999984299,0.967250651628628
2020-04-07,21550222.979249984,5926311.319293746,0.06422526876581724,3.0,0.2798433459495885,0.982692652801325
2020-04-08,21688232.97924998,5964264.069293745,0.06475627160230292,3.0,0.2755111046822304,0.9981448853656194
2020-04-09,21588047.979249984,5936713.194293746,0.06445463856548214,3.0,0.2722733485617338,1.0100143897765594
2020-04-10,21411657.979249984,5888205.944293746,0.0770108508572356,3.0,0.27008190332039667,1.0182096490699306
2020-04-13,21552948.22207999,5927060.761071998,0.0811798547923245,3.0,0.26596693693229,1.0339631052336766
2020-04-14,21808617.72207999,5997369.8735719975,0.0798773354531517,3.0,0.26278412943891366,1.0464863330489904
2020-04-15,22076337.722079985,6070992.873571997,0.0825208495957184,3.0,0.25970228423578445,1.0589048179119085
2020-04-16,22088562.72207998,6074354.748571996,0.08238779282020427,3.0,0.25580636520507943,1.0750318889818598
2020-04-17,21720617.72207998,5973169.873571996,0.0700068411387773,3.0,0.25827641849032473,1.0647507101400424
2020-04-20,21477648.922079984,5906353.453571996,0.07153515227361275,3.0,0.25742110261126183,1.0682884861047486
2020-04-21,21681193.922079984,5962328.328571996,0.06983485192088917,3.0,0.25402395667580024,1.0825750594498873
2020-04-22,22018693.922079988,6055140.828571998,0.06995330960066339,3.0,0.2524117807009426,1.0894895604172292
2020-04-23,22017633.922079988,6054849.328571998,0.06712267377234582,3.0,0.248634344154608,1.1060418902908968
2020-04-24,22173533.92207998,6097721.828571995,0.055110934135495435,3.0,0.24493284981373412,1.1227567074368803
2020-04-27,22096000.618179984,6076400.169999496,0.05433076626730596,3.0,0.24186497559509257,1.1369980267849074
2020-04-28,22400970.618179988,6160266.919999497,0.054112719069908305,3.0,0.23984565719351705,1.1465706872404158
2020-04-29,22356350.618179984,6147996.419999496,0.05692156909997773,3.0,0.23658594282145098,1.162368299318357
2020-04-30,21778040.618179988,5988961.169999497,0.04921579870559226,3.0,0.2467529529513597,1.1144750111833857
2020-05-06,21859148.308899984,6011265.784947496,0.049160710874237755,3.0,0.2428894377878729,1.1322023818926652
2020-05-07,21494518.308899987,5910992.534947497,0.04790677047023127,3.0,0.2449998956491501,1.122449457667571
2020-05-08,21199058.30889999,5829741.034947498,0.06921358210759125,3.0,0.2450790716978877,1.1220868354642548
2020-05-11,20835702.77589999,5729818.263372498,0.06969900286682809,3.0,0.24672669610064996,1.1145936144981095
2020-05-12,21027742.77589999,5782629.263372499,0.07160503698151695,3.0,0.2439433575358101,1.1273108756799453
2020-05-13,21071332.775899984,5794616.513372496,0.0726253670792013,3.0,0.24011503845384555,1.1452843677380082
2020-05-14,21220272.775899988,5835575.013372497,0.07417489695167491,3.0,0.23690037948721956,1.1608254938014393
2020-05-15,21233892.775899984,5839320.513372496,0.07752590328272649,3.0,0.23317822854510467,1.1793553871467275
2020-05-18,21536923.712119993,5922654.020832999,0.0756242855231646,3.0,0.23230985891458583,1.1837637941190875
2020-05-19,21869408.712119993,6014087.395832999,0.07684784283233694,3.0,0.23180524687067958,1.1863407050204438
2020-05-20,21731698.712119993,5976217.145832999,0.07719926873241509,3.0,0.22937153248829464,1.1989282062020226
2020-05-21,21701098.712119993,5967802.145832999,0.07773360176398895,3.0,0.22594847990199365,1.2170916136248526
2020-05-22,21790768.712119993,5992461.395832999,0.07348642988521406,3.0,0.22248400412373828,1.23604391732834
2020-05-25,22029713.162119992,6058171.119582999,0.07287451036212235,3.0,0.2204356246874562,1.2475297511003847
2020-05-26,22071813.162119992,6069748.619582999,0.074116669222699,3.0,0.2169651415602615,1.267484712163403
2020-05-27,21968193.162119992,6041253.119582999,0.07594586457303351,3.0,0.21439879022521896,1.2826564912568839
2020-05-28,22130553.162119992,6085902.119582999,0.076723878399518,3.0,0.21156644516373457,1.2998280506493987
2020-05-29,22412163.162119992,6163344.869582999,0.0704772905868258,3.0,0.21031974268925113,1.3075329804216926
2020-06-01,22321108.680319987,6138304.887087997,0.07188752914782111,3.0,0.20779902884861648,1.3233940578246883
2020-06-02,22276063.680319995,6125917.512087999,0.07083891747578229,3.0,0.2048700782286943,1.3423141259946239
2020-06-03,22375128.68032,6153160.387088,0.07224457067103834,3.0,0.20174862043714978,1.35
2020-06-04,22238048.680319995,6115463.387087999,0.07276932550932921,3.0,0.19991422997916786,1.35
2020-06-05,21603528.68031999,5940970.387087998,0.08328443658857608,3.0,0.21425934638762958,1.2834912671789862
2020-06-08,21826845.38031999,6002382.479587998,0.08478633039553546,3.0,0.21249122315676358,1.2941710999381895
2020-06-09,21785585.38031999,5991035.979587998,0.08486060205193913,3.0,0.2093289536615192,1.3137217532012777
2020-06-10,21984265.38031999,6045672.979587998,0.08513626126304456,3.0,0.20721924904077318,1.3270967888986513
2020-06-11,22137935.38031999,6087932.229587998,0.0853710950856545,3.0,0.20454585900956446,1.344441785972021
2020-06-12,22286635.38031999,6128824.729587998,0.08609019657109167,3.0,0.20183032469931703,1.35
2020-06-15,22488601.85609999,6184365.510427497,0.08629176667730322,3.0,0.19969275764851416,1.35
2020-06-16,22354411.85609999,6147463.260427497,0.08668119557753773,3.0,0.1977882724701401,1.35
2020-06-17,22472295.35609999,6179881.222927498,0.08817802799021603,3.0,0.19492334699292446,1.35
2020-06-18,22388890.35609999,6156944.847927498,0.08757740611920191,3.0,0.19247493606064162,1.35
2020-06-19,22394255.35609999,6158420.222927498,0.12505590098698802,2.1990165824211174,0.18948525236341995,1.35
2020-06-22,22380223.69965999,6154561.517406497,0.126625816123517,2.171753031244052,0.1866060189830835,1.35
2020-06-23,22210155.32335999,6107792.713923997,0.12832308735454093,2.14302823965113,0.18542555447897677,1.35
2020-06-24,22290052.174509987,6129764.347990247,0.1166502261269699,2.3574750699640448,0.18262077324038292,1.35
2020-06-29,22036377.858909987,6060003.911200247,0.11434094674781431,2.40508765951124,0.18319963302614078,1.35
2020-06-30,22144316.496409986,6089687.0365127465,0.11731742443822675,2.344067825532606,0.18065081134616343,1.35
2020-07-01,22258846.496409986,6121182.7865127465,0.11645225509206165,2.3614828221454194,0.17817320655640095,1.35
2020-07-02,22345381.496409986,6144979.9115127465,0.11686283865472283,2.3531860355754444,0.17552762983626471,1.35
2020-07-03,22669851.496409986,6234209.1615127465,0.12338046927322456,2.2288778898304873,0.17665460691720275,1.35
2020-07-06,22926818.169709988,6304874.996670247,0.1250544238795063,2.1990425565829708,0.1759338161108046,1.35
2020-07-07,23237028.169709988,6390182.746670247,0.12383904440558155,2.220624370286287,0.17611786021824455,1.35
2020-07-08,23488038.169709988,6459210.496670247,0.12529583843199543,2.194805537370316,0.17493330215180591,1.35
2020-07-09,24170228.169709988,6646812.746670247,0.12620959026660022,2.1789152426459886,0.18724165530412282,1.35
2020-07-10,24366088.169709988,6700674.246670247,0.08272572820652455,3.0,0.1847491075600463,1.35
2020-07-13,25349637.155609988,6971150.217792748,0.0714148099356209,3.0,0.20868803498017816,1.3177564301955327
2020-07-14,25257042.155609988,6945686.592792748,0.06721997648270858,3.0,0.20672549309863972,1.3302665088760142
2020-07-15,24961842.155609988,6864506.592792748,0.06871042438181353,3.0,0.20838689984530512,1.3196606898233276
2020-07-16,24268852.155609988,6673934.342792748,0.061093802101573655,3.0,0.22332422520045547,1.2313935031148566
2020-07-17,24500948.155609988,6737760.742792747,0.10086097502299134,2.7265252981870693,0.22057040112467544,1.2467674656154737
2020-07-20,24723885.994069986,6799068.648369247,0.10150247650971317,2.709293501559878,0.217720362482115,1.2630881046902096
2020-07-21,25069375.994069986,6894078.398369247,0.09840054334289305,2.794700015443175,0.216316065162787,1.2712879174880094
2020-07-22,25980385.994069986,7144606.148369247,0.09983668630426815,2.7544984732555515,0.2314920681006502,1.187945670261294
2020-07-23,25716145.994069986,7071940.148369247,0.10097758399671257,2.7233767051601565,0.23158782888069823,1.1874544587646074
2020-07-24,25639915.994069986,7050976.898369247,0.09588499026260042,2.8680192723267424,0.22882509939864137,1.2017912402210578
2020-07-27,25828345.208929986,7102794.932455746,0.09699819409924634,2.8351043290416964,0.22541088681810456,1.219994312971722
2020-07-28,25661065.208929986,7056792.932455746,0.0987967338066336,2.7834928281964664,0.2238188684869161,1.2286721037376518
2020-07-29,25984986.691179987,7145871.340074497,0.09909331072836643,2.7751620970039768,0.2216588601580543,1.2406451959732658
2020-07-30,26602641.691179987,7315726.465074497,0.10055285635907607,2.7348800417759396,0.2249519115491894,1.2224834992783193
2020-07-31,26946626.691179987,7410322.340074497,0.10336531959865962,2.6604667897100573,0.2225939250811715,1.2354335362014846
2020-08-03,27695278.037779987,7616201.460389497,0.10006507891210017,2.748211493857586,0.22812490323548212,1.2054799633871232
2020-08-04,28642258.037779987,7876620.960389497,0.1008751475980382,2.726142231739824,0.23816819906507344,1.154646174760146
2020-08-05,28586988.037779987,7861421.710389497,0.10203676410552757,2.695107027459161,0.2356046577565891,1.1672095221653536
2020-08-06,28729858.037779987,7900710.960389497,0.10144731502209303,2.710766666817263,0.23192203096323186,1.1857433244174962
2020-08-07,28964753.037779987,7965307.085389497,0.10616045302758159,2.590418485954955,0.22833248355335145,1.2043840443567215
2020-08-10,28362000.27362999,7799550.075248248,0.10418595175346383,2.6395113292311714,0.23708205944134753,1.159935933777533
2020-08-11,28344260.27362999,7794671.575248248,0.10275912916980867,2.6761612542041364,0.23396305701893186,1.175399242529762
2020-08-12,27657020.27362999,7605680.575248248,0.10375613047687685,2.6504457976224036,0.24450491685895645,1.124721758289363
2020-08-13,27804634.27362999,7646274.425248248,0.10392174972128604,2.6462218037854344,0.24066991345766758,1.1426438645741688
2020-08-14,28170914.27362999,7747001.425248248,0.09835926700080196,2.7958728077727324,0.23814128101469756,1.1547766889816453
2020-08-17,28440681.040979993,7821187.286269499,0.09902888949987113,2.7769674222223597,0.23479085339687011,1.1712551661250783
2020-08-18,28720921.040979993,7898253.286269499,0.10022936480238186,2.743706902086093,0.23151951914415864,1.187804816702162
2020-08-19,28586321.040979985,7861238.286269496,0.09906138048251581,2.776056609149891,0.22945285580630817,1.1985032787394911
2020-08-20,28152021.04097999,7741805.786269497,0.10037790931805118,2.739646620140814,0.23250838726884968,1.1827530319670458
2020-08-21,28601515.790979996,7865416.842519499,0.10150453315731417,2.7092386068491976,0.23124146635033088,1.1892330745878206
2020-08-24,27891159.67857999,7670068.911609498,0.10292956136459722,2.6717300292954196,0.2417342078436706,1.1376130935421536
2020-08-25,27308661.178580005,7509881.824109502,0.10144386803436505,2.710858776666927,0.24742644978089023,1.1114414010447455
2020-08-26,26984012.67858,7420603.486609501,0.10218954430015548,2.6910776624295174,0.2469123153101131,1.113755705763845
2020-08-27,26962527.488679994,7414695.059386999,0.10212683291602954,2.6927301292708234,0.24317492979905267,1.1308731546761255
2020-08-28,26771663.48867999,7362207.459386998,0.12017093756665638,2.2884068774737076,0.24073163829746846,1.1423508847648296
2020-08-31,27669040.952079996,7608986.261821999,0.12072321553209327,2.2779379988175807,0.2527690953125148,1.0879494570331065
2020-09-01,27741160.952079996,7628819.261821999,0.12175572333209411,2.2586207241356973,0.24878944801664385,1.1053523458985395
2020-09-02,27695525.952079996,7616269.636821999,0.12195539326904413,2.2549228257033804,0.2451947639344394,1.121557392120861
2020-09-03,27927265.952079996,7679998.136821999,0.12000139462243044,2.291640033561723,0.24184198561931775,1.1371061120581276
2020-09-04,27295905.952079996,7506374.136821999,0.1118524694728221,2.4585956957062938,0.2484112192926183,1.1070353455979023
2020-09-07,27731371.792719997,7626127.242998,0.11154044452830907,2.465473408887166,0.24751646612814587,1.1110371940169232
2020-09-08,27884531.792719997,7668246.242998,0.11155493214136865,2.465153218429685,0.24375919631605603,1.1281625643507516
2020-09-09,27620631.792719997,7595673.742998,0.10882815523810213,2.5269196137556045,0.24227551862833785,1.135071349994149
2020-09-10,27327026.792719997,7514932.367998,0.11026138944591082,2.4940734139297454,0.24114613737138313,1.1403873310916004
2020-09-11,27386496.792719997,7531286.617998,0.03899361678177723,3.0,0.23734996813285153,1.1586266565078058
2020-09-14,27433339.809439998,7544168.4475960005,0.039259666112315024,3.0,0.2336123556059352,1.1771637646763804
2020-09-15,27586699.809439998,7586342.4475960005,0.039499662193207545,3.0,0.23016715695905646,1.1947838415926504
2020-09-16,27305019.809439998,7508880.4475960005,0.038302386459159975,3.0,0.2290709214037746,1.200501566566225
2020-09-17,27454344.809439998,7549944.8225960005,0.04053455485098029,3.0,0.22572053402656184,1.2183207043433593
2020-09-18,27561234.809439998,7579339.5725960005,0.04373825364406141,3.0,0.22224803462963003,1.2373562738508785
2020-09-21,27692678.259439997,7615486.521346,0.05008197201540137,3.0,0.21890524838681436,1.2562512869223856
2020-09-22,27543928.759439997,7574580.408846,0.04199497763901976,3.0,0.21640192086554622,1.2707835443422966
2020-09-23,27365608.759439997,7525542.408846,0.0425229215059959,3.0,0.21419283725998292,1.2838898047099987
2020-09-24,27246208.759439997,7492707.408846,0.04939289718945903,3.0,0.21142940446023456,1.3006705510146852
2020-09-25,27064448.759439997,7442723.408846,0.062082318980224344,3.0,0.2092563130709148,1.3141777945155966
2020-09-28,27340097.009439997,7518526.677596,0.06362626845246132,3.0,0.20755124059592067,1.324974012250761
2020-09-29,27679939.509439997,7611983.365096,0.06414249925507257,3.0,0.20663562089693915,1.3308450827902418
2020-09-30,27560879.509439997,7579241.865096,0.07986806371053215,3.0,0.20404633819030513,1.347733080823629
2020-10-09,27856984.65943999,7660670.781345997,0.07908040413284875,3.0,0.20250144519061106,1.35
2020-10-12,28473528.159439996,7830220.243845999,0.07824293103297975,3.0,0.2072589204500959,1.326842769434452
2020-10-13,28774938.159439992,7913107.993845998,0.08409242712352277,3.0,0.20527785886657887,1.3396476440195983
2020-10-14,28779778.15944,7914438.993846,0.08692617684453686,3.0,0.20215950338117175,1.35
2020-10-15,28628398.159439996,7872809.493845999,0.08691357681277763,3.0,0.20015609015704103,1.35
2020-10-16,28874378.15944,7940453.993846,0.0633032262181083,3.0,0.19778312787054378,1.35
2020-10-19,29412461.0949,8088426.801097501,0.06383166622747051,3.0,0.1997914597399744,1.35
2020-10-20,29138236.0949,8013014.926097501,0.06529510917798237,3.0,0.19961290256781872,1.35
2020-10-21,29043066.0949,7986843.176097501,0.06682538964886635,3.0,0.1971489562002514,1.35
2020-10-22,29395676.0949,8083810.926097501,0.06836045663837269,3.0,0.19592047594236264,1.35
2020-10-23,29299016.0949,8057229.426097501,0.07289826664747077,3.0,0.193561290103841,1.35
2020-10-26,29725150.43054,8174416.368398501,0.07470696090695288,3.0,0.1934220449365532,1.35
2020-10-27,30166630.43054,8295823.368398501,0.07629347768982735,3.0,0.19325471546423265,1.35
2020-10-28,30301790.43054,8332992.368398501,0.07419375933780768,3.0,0.19024006967709423,1.35
2020-10-29,29697916.43054,8166927.0183985,0.07485332708607019,3.0,0.19812237004813668,1.35
2020-10-30,30087371.43054,8274027.1433985,0.10770859631929892,2.553185255378974,0.19718730071623033,1.35
2020-11-02,31027624.111300003,8532596.6306075,0.10013830042845456,2.746201990880385,0.20949023750293144,1.3127103357078962
2020-11-03,31225379.111300003,8586979.2556075,0.10038069477519525,2.73957059787112,0.20631416558077023,1.3329186545474498
2020-11-04,31424174.111300007,8641647.880607503,0.10200483195285981,2.695950718560937,0.20318164835422278,1.35
2020-11-05,31527989.111300003,8670197.0056075,0.10287678145786879,2.673100733741568,0.1999903542274299,1.35
2020-11-06,31641134.1113,8701311.8806075,0.10120209739405264,2.7173349869343815,0.1968432676277756,1.35
2020-11-09,32148138.057300005,8840737.965757502,0.09800225543054028,2.806057868687604,0.1966433711778993,1.35
2020-11-10,32047228.057300005,8812987.715757502,0.09756639151996267,2.818593531192894,0.1946562111864497,1.35
2020-11-11,32297258.057300005,8881745.965757502,0.09862252997726814,2.788409505042973,0.19187015462793056,1.35
2020-11-12,32893348.057300005,9045670.715757502,0.09953982805347059,2.7627132312532843,0.19297517452004292,1.35
2020-11-13,33570958.05730001,9232013.465757504,0.10314692527934302,2.6660998304626498,0.1950619027829321,1.35
2020-11-16,33851951.08745001,9309286.549048753,0.10424034789987613,2.6381339427621655,0.19219995307721408,1.35
2020-11-17,34140551.087450005,9388651.549048752,0.10339026481298619,2.659824892579819,0.18939344640996847,1.35
2020-11-18,34549151.08745001,9501016.549048753,0.09896678888066196,2.7787099400750064,0.18732008316717672,1.35
2020-11-19,35699601.087450005,9817390.299048752,0.1013707911383421,2.7128129997989636,0.19989931589312215,1.35
2020-11-20,36039551.087450005,9910876.549048752,0.10430465508669093,2.6365074480274995,0.19694054279424816,1.35
2020-11-23,36198203.46165,9954505.95195375,0.0971568077297378,2.830475871181057,0.19392838865125864,1.35
2020-11-24,35054118.46164999,9639882.576953748,0.09893950999516032,2.779476065865414,0.21831349887957555,1.2596564180014056
2020-11-25,34847061.89040001,9582942.019860003,0.09679458812522984,2.8410679287587186,0.21711382978562777,1.266616687990477
2020-11-26,34736916.65940001,9552652.081335003,0.09885745069268576,2.781783245199005,0.21487365722952081,1.2798218429644648
2020-11-27,35647240.2581,9802991.070977502,0.10498281714629898,2.619476286455271,0.21983248757554552,1.2509525003919002
2020-11-30,36540569.35475001,10048656.572556254,0.10221676392269481,2.6903610469216077,0.22323205296381754,1.231901943958618
2020-12-01,36778284.35475001,10114028.197556254,0.10383483770030895,2.648436749077538,0.21972179931017013,1.2515826871224391
2020-12-02,37736926.754750006,10377654.857556252,0.1039925870307225,2.6444192596031564,0.2233832435973461,1.2310681659529237
2020-12-03,36578091.754750006,10058975.232556252,0.0949908146785156,2.8950167543114853,0.24316327052042971,1.1309273781826992
2020-12-04,35402131.754750006,9735586.232556252,0.08900808606945947,3.0,0.261205089946722,1.0528125621751543
2020-12-07,36296981.254750006,9981669.845056253,0.08199014659787575,3.0,0.2636690427825108,1.042974166014763
2020-12-08,36477606.254750006,10031341.720056253,0.08389835148987215,3.0,0.2595165751286413,1.0596625663069252
2020-12-09,36717419.58760001,10097290.386590002,0.08127094984883487,3.0,0.255471229520596,1.0764421516898428
2020-12-10,37950604.58760001,10436416.261590002,0.07962455518483319,3.0,0.26377130509512986,1.0425698121363902
2020-12-11,38876064.83760001,10690917.830340004,0.0825522030721114,3.0,0.2646910164979706,1.0389472360581926
2020-12-14,37156026.03760001,10217907.160340004,0.0813693463612109,3.0,0.29628651670090284,0.9281556348296766
2020-12-15,36854811.03760001,10135073.035340004,0.07960816367064551,3.0,0.2938451715975062,0.9358670026971914
2020-12-16,38115146.03760001,10481665.160340004,0.0795345058447343,3.0,0.30084214078593546,0.9141006618340632
2020-12-17,39112741.03760001,10756003.785340004,0.08159466047801435,3.0,0.30171033999828356,0.9114702532288569
2020-12-18,40720636.03760001,11198174.910340004,0.07680708011892058,3.0,0.3126075964666255,0.8796971126367349
2020-12-21,41511700.65625001,11415717.680468753,0.0699804189363826,3.0,0.3095843482861694,0.8882878011190645
2020-12-22,41755935.65625001,11482882.305468753,0.06430302610316134,3.0,0.30474238425493483,0.9024015503204387
2020-12-23,40492560.65625001,11135454.180468753,0.06272090081222974,3.0,0.3177940189365767,0.8653403890992761
2020-12-24,40803345.65625001,11220920.055468753,0.06392705452919534,3.0,0.3128131455662875,0.8791190648403407
2020-12-25,40571824.15625001,11157251.642968753,0.08457620039710309,3.0,0.30969385839551855,0.8879736957805278
2020-12-28,40414901.56327,11114097.929899251,0.08556391263145743,3.0,0.3060396790771834,0.8985762919018252
2020-12-29,39974501.56327001,10992987.929899253,0.08573529557048251,3.0,0.30471978965675633,0.9024684622871609
2020-12-30,40408191.56327,11112252.679899251,0.08799312856628902,3.0,0.30034371148374267,0.915617639009184
2020-12-31,41051731.56327,11289226.179899251,0.0866573979338647,3.0,0.2970889372325053,0.9256487385956812
2021-01-04,41074501.687319994,11295487.964013,0.08606061013965462,3.0,0.2927522672875588,0.9393607863329665
2021-01-05,42410666.687319994,11662933.339013,0.0865843085256268,3.0,0.29782316465346637,0.9233667244117081
2021-01-06,42361216.68732,11649334.589013001,0.08842627423222926,3.0,0.2938735091179373,0.9357767592778736
2021-01-07,42801076.687319994,11770296.089013,0.09099647886379703,3.0,0.2894922684902757,0.9499390136881584
2021-01-08,43007341.687319994,11827018.964013,0.08683358208290527,3.0,0.2849598852205398,0.9650481147097899
2021-01-11,42959199.49631999,11813779.861487998,0.08675437533063486,3.0,0.2812073665332332,0.9779260173381711
2021-01-12,42659119.496319994,11731257.861488,0.08732672056586169,3.0,0.2791125463565021,0.9852656342031674
2021-01-13,43785259.49632001,12040946.361488003,0.09068644924199139,3.0,0.28078396099229436,0.979400671705557
2021-01-14,43753029.49631998,12032083.111487996,0.09062862315631452,3.0,0.27703561711142116,0.9926521465627922
2021-01-15,44036009.49631999,12109902.611487998,0.08959842174558452,3.0,0.27267592721822675,1.0085232048369026
2021-01-18,44008108.44632,12102229.822738001,0.0898661900810354,3.0,0.2690158352163237,1.0222446562629455
2021-01-19,43447458.44631999,11948051.072737997,0.0914954615593631,3.0,0.26975855806875826,1.0194301228801268
2021-01-20,42843688.44631999,11782014.322737997,0.0941190244576362,2.9218322393872658,0.27078758437072936,1.0155561623663791
2021-01-21,43520748.44632,11968205.822738001,0.09362071610168449,2.937384068941682,0.2683374113727048,1.0248291454896734
2021-01-22,43965608.446320005,12090542.322738003,0.09438750192829713,2.9135213283736214,0.26451678578605,1.0396315650925427
2021-01-25,43683627.29791999,12012997.506927999,0.09436615424204178,2.9141804305667325,0.26232659910577383,1.0483115358390176
2021-01-26,42965107.297919974,11815404.506927993,0.08613680555816212,3.0,0.264865909976988,1.0382612093186794
2021-01-27,43362517.297919974,11924692.256927993,0.08870852635600186,3.0,0.2610878362224905,1.0532853769780912
2021-01-28,42224117.297919974,11611632.256927993,0.08876712551907603,3.0,0.2706594497986494,1.0160369431201448
2021-01-29,41668277.29791998,11458776.256927995,0.09001030720953694,3.0,0.2703173743266182,1.0173226959053099
2021-02-01,42106636.773719996,11579325.112773,0.0901465399293064,3.0,0.2669277693085867,1.0302412548245636
2021-02-02,41542096.77371999,11424076.612772997,0.0928369674468289,2.9621820656464517,0.26668403660672463,1.0311828315601013
2021-02-03,40519366.77372,11142825.862773001,0.09014563245127195,3.0,0.27314672964641856,1.0067848894108322
2021-02-04,40249136.773719996,11068512.612773,0.08928694596545368,3.0,0.2698470650443701,1.019095760610858
2021-02-05,40690686.77371999,11189938.862772997,0.08533053495421233,3.0,0.2669263666563011,1.0302466685656972
2021-02-08,41284901.87359998,11353348.015239995,0.08696794020564198,3.0,0.2651623035887283,1.0371006597775307
2021-02-09,40934446.09695998,11256972.676663995,0.08733061541190879,3.0,0.2626512663485448,1.0470157019348543
2021-02-10,41570666.09696,11431933.176664,0.08392960577312193,3.0,0.26133705826744286,1.0522809196029712
2021-02-18,41968003.64696,11541201.002914,0.07724245476382899,3.0,0.25803250788878734,1.065757187921941
2021-02-19,41593933.64696,11438331.752914,0.08966765953362575,3.0,0.2559298741627881,1.0745130903517814
2021-02-22,41584074.00776002,11435620.352134006,0.09126073639532478,3.0,0.25198250489959284,1.091345607940436
2021-02-23,41088789.00776002,11299416.977134006,0.09196334568706399,2.9903218281746664,0.25102707725821677,1.0954993501243842
2021-02-24,41057639.00775999,11290850.727133997,0.09394993870672896,2.927090786705364,0.2471595094420499,1.1126417940414213
2021-02-25,42673479.00775999,11735206.727133999,0.0920577558157356,2.9872550939699725,0.2651087579145003,1.0373101294853855
2021-02-26,43742989.00776001,12029321.977134004,0.11775244356619019,2.3354080108360464,0.26826485663532124,1.0251063201089903
2021-03-01,43209061.24506,11882491.8423915,0.10976797270479309,2.5052844944087407,0.26758684233888974,1.027703745058293
2021-03-02,42920801.24505999,11803220.342391498,0.10965380372040354,2.5078929382258184,0.2647181850566342,1.0388406068180247
2021-03-03,45106711.245060004,12404345.592391502,0.11071792684448466,2.4837892818049907,0.2932391244667152,0.9378011904111198
2021-03-04,45376826.245060004,12478627.217391502,0.11151927733914581,2.4659413740970213,0.28866807911306336,0.9526512278217297
2021-03-05,43433786.24505999,11944291.217391498,0.10634080523103763,2.5860251801040146,0.31280002593024553,0.8791559373506097
2021-03-08,43799398.88636,12044834.693749,0.10746857029416113,2.558887675227043,0.3082844700817561,0.8920332572285294
2021-03-09,43696873.88636,12016640.318749,0.10694186547007994,2.5714905831424755,0.3037775989326011,0.9052675410111924
2021-03-10,42698058.886360005,11741966.193749003,0.11031379564495856,2.4928885674923085,0.3073569265558517,0.8947252403958045
2021-03-11,43200963.886360005,11880265.068749003,0.10968060195282191,2.507280185408617,0.3037589693542164,0.9053230611910581
2021-03-12,44625728.886360005,12272075.443749003,0.11352582097147527,2.4223564088481426,0.31099347971294306,0.8842629120515125
2021-03-15,44977923.57861001,12368928.984117754,0.1154594989731494,2.381787574393965,0.30637560224761967,0.8975910548443046
2021-03-16,45176653.578609996,12423579.73411775,0.11677572386720755,2.3549415143229466,0.3015655458826758,0.9119078878692225
2021-03-17,44638409.078609996,12275562.49661775,0.11810880929646324,2.328361462943263,0.2998511694060655,0.9171216525341896
2021-03-18,45474979.07860999,12505619.246617747,0.12053888340729658,2.2814214984121333,0.2984094309000866,0.9215526438642466
2021-03-19,44485959.078609996,12233638.74661775,0.11675199886275214,2.355420058574555,0.30193264220645216,0.9107991702730954
2021-03-22,45246722.01460999,12442848.554017749,0.11826516542797992,2.325283180426168,0.29990687900044005,0.9169512914026774
2021-03-23,44595382.01460999,12263730.054017749,0.11608759236022619,2.368900882590965,0.2991554360630514,0.9192545641792708
2021-03-24,43793162.01461,12043119.55401775,0.11328875422233525,2.4274254041164385,0.29992433755036907,0.9168979158079051
2021-03-25,44052432.014609985,12114418.804017747,0.11630826492469751,2.3644063487495552,0.29541623238293985,0.9308899439334978
2021-03-26,43879192.01460999,12066777.804017749,0.0803147156005509,3.0,0.29123184210101194,0.9442648785108395
2021-03-29,44065811.64366,12118098.202006502,0.08094088445327896,3.0,0.28672588563645773,0.9591041959450949
2021-03-30,43940501.64366,12083637.952006502,0.08233097252634367,3.0,0.2825174165706512,0.9733913163234266
2021-03-31,43856041.64366,12060411.452006502,0.08348592931058091,3.0,0.27825482173994587,0.9883027301392543
2021-04-01,44050351.64366,12113846.702006502,0.08421563357729901,3.0,0.27398399311907584,1.0037082709444365
2021-04-02,44666321.64366,12283238.452006502,0.07730730333008778,3.0,0.27182466977763453,1.0116815380479007
2021-04-06,46026541.96286,12657299.039786503,0.07764814294390184,3.0,0.27895017437629127,0.9858391399642481
2021-04-07,45663945.46286,12557585.002286501,0.07800400444839421,3.0,0.27621691604149173,0.9955943464327547
2021-04-08,44970681.02086,12366937.280736502,0.07869588909127094,3.0,0.27635921724718837,0.9950817010529719
2021-04-09,44460136.52086,12226537.543236502,0.08110740012794075,3.0,0.2745680969184637,1.0015730271884595
2021-04-12,43603025.42086,11990831.990736501,0.08062827159862049,3.0,0.27646357586665965,0.994706080676011
2021-04-13,44704997.22086,12293874.2357365,0.07992893297866459,3.0,0.2803687754502066,0.9808510222239064
2021-04-14,45732979.72086,12576569.4232365,0.08171043314393242,3.0,0.2822102492801429,0.9744507887345175
2021-04-15,46366344.72086,12750744.7982365,0.08099713272034072,3.0,0.2795785697237089,0.9836233165931365
2021-04-16,47054704.72086,12940043.7982365,0.06452878706318928,3.0,0.2772154653816949,0.9920081465200925
2021-04-19,47104099.120859995,12953627.2582365,0.06517811953405032,3.0,0.2729132156341484,1.0076463294787785
2021-04-20,47392859.120859995,13033036.2582365,0.06625192191410821,3.0,0.26874756786569215,1.023265074299882
2021-04-21,47533979.120859995,13071844.2582365,0.067428771480933,3.0,0.2645157482647906,1.0396356428832143
2021-04-22,48287887.120859995,13279168.9582365,0.06795987867370185,3.0,0.2627298384560693,1.0467025809327037
2021-04-23,48568606.120859995,13356366.6832365,0.08359826006859872,3.0,0.25866659794219793,1.063144612361013
2021-04-26,49790429.82826,13692368.2027715,0.0852661268926533,3.0,0.26153754178544253,1.0514742859577755
2021-04-27,50723639.82826,13949000.9527715,0.08659827312454675,3.0,0.26052948990042535,1.055542695397382
2021-04-28,50140159.82826,13788543.9527715,0.0871894555377466,3.0,0.26040135917119345,1.0560620761553288
2021-04-29,51400764.82826,14135210.3277715,0.08654272565337967,3.0,0.2628072199488181,1.046394387694358
2021-04-30,51868429.82826,14263818.2027715,0.09655555159634292,2.848101382607769,0.2589297848019025,1.0620639885457452
2021-05-06,55649543.765659995,15303624.5355565,0.08790202657997466,3.0,0.31722917577302717,0.8668811729875643
2021-05-07,57471838.765659995,15804755.6605565,0.08719463568442604,3.0,0.3202500340053776,0.8587040462121613
2021-05-10,60129676.648059994,16535661.0782165,0.08001843457222999,3.0,0.3327344234611477,0.8264849700232801
2021-05-11,63145475.78925999,17365005.8420465,0.07728327753912749,3.0,0.34680903653708267,0.792943582860176
2021-05-12,64575765.78925999,17758335.5920465,0.07773528008859848,3.0,0.3430341238120068,0.8016695159770998
2021-05-13,64041755.78925999,17611482.8420465,0.07403028424063345,3.0,0.3417929895901386,0.8045805747208757
2021-05-14,61837901.32005999,17005422.8630165,0.08005410091079769,3.0,0.35863930712125597,0.7667871160230145
2021-05-17,61474259.88680999,16905421.46887275,0.08089621644296402,3.0,0.35536130655683057,0.7738602794562303
2021-05-18,61448201.96490999,16898255.54035025,0.08295627389588897,3.0,0.35062187133592665,0.7843207240672267
2021-05-19,59856556.96490999,16460553.165350249,0.07976870107606861,3.0,0.35785064318210724,0.7684770315196968
2021-05-20,56730882.520909995,15600992.69325025,0.08117624190835719,3.0,0.388942774319786,0.75
2021-05-21,56137172.93500999,15437722.55712775,0.07326396583688796,3.0,0.38528985024332957,0.75
2021-05-24,54468994.925459996,14978973.6045015,0.07302455381179516,3.0,0.3911393712823657,0.75
2021-05-25,55125740.44046,15159578.6211265,0.07467984711516669,3.0,0.38569496147918997,0.75
2021-05-26,55002320.44046,15125638.1211265,0.0731559900650439,3.0,0.3800034670165588,0.75
2021-05-27,54674696.95596,15035541.662889,0.07263272378333911,3.0,0.37498278934325985,0.75
2021-05-28,55776977.26936,15338668.749074,0.04883515176273275,3.0,0.3720181328536573,0.75
2021-05-31,56269483.950559996,15474108.086404,0.049879823784792554,3.0,0.3664146335585961,0.7505158768611864
2021-06-01,56339780.82136,15493439.725874001,0.05130348626206415,3.0,0.3607294913085303,0.7623441016769925
2021-06-02,56494620.82136,15536020.725874001,0.051345203211350256,3.0,0.35506497904006096,0.7745061220722999
2021-06-03,56662980.82136,15582319.725874001,0.05127950293159278,3.0,0.3494833535499626,0.7868758188526586
2021-06-04,56129560.82136,15435629.225874001,0.05260247831169878,3.0,0.3459750079712925,0.7948551012760388
2021-06-07,56367076.82136,15500946.125874002,0.05335843580624433,3.0,0.34053238169385497,0.8075590304572862
2021-06-08,55729876.82136,15325716.125874002,0.054330198437774105,3.0,0.33770120937643044,0.814329331268286
2021-06-09,55864036.82136,15362610.125874002,0.05571155274709077,3.0,0.3323876667330545,0.827347183795651
2021-06-10,56017876.82136,15404916.125874002,0.057180870544316566,3.0,0.32715383489663774,0.8405831467232674
2021-06-11,56604856.82136,15566335.625874002,0.022267265301292433,3.0,0.32266901950382043,0.8522665126725747
2021-06-15,56754091.21296,15607375.083564,0.021773811306192326,3.0,0.31759205354987124,0.8658906824846516
2021-06-16,56433031.21296,15519083.583564,0.02176138896276578,3.0,0.3135704923397077,0.8769957847375441
2021-06-17,56330885.4151,15490993.489152502,0.02203415744518532,3.0,0.3089180349768897,0.8902037720801018
2021-06-18,56454025.4151,15524856.989152502,0.07479213608852887,3.0,0.30405790395264054,0.9044329926145694
2021-06-21,56122132.51509997,15433586.441652494,0.0721735495314608,3.0,0.30024197044140516,0.9159279083990314
2021-06-22,56154412.51509999,15442463.441652497,0.07400525869985974,3.0,0.29556322061659807,0.9304269977377447
2021-06-23,56097322.51510001,15426763.691652505,0.07644070221224046,3.0,0.29106960202151605,0.9447912048873859
2021-06-24,56285472.515099995,15478504.9416525,,1.0,0.2864990833345286,0.9598634550564974
2021-06-25,56566152.515099995,15555691.9416525,,1.0,0.2820800436197282,0.9749005866247213
2021-06-28,56841028.17634998,15631282.748496246,,1.0,0.2777175097562891,0.9902148418417195
2021-06-29,56679388.17634998,15586831.748496246,,1.0,0.2737545583408805,1.0045494828165333
2021-06-30,56507548.176349975,15539575.748496244,,1.0,0.2698630258115828,1.019035487254945
2021-07-01,56691088.17634999,15590049.24849625,,1.0,0.26562886264344515,1.0352790629124282
2021-07-02,56655868.17634998,15580363.748496246,,1.0,0.26156650635192724,1.0513578509551165
2021-07-05,56759409.60999998,15608837.642749995,,1.0,0.25744862853604034,1.068174266702309
2021-07-06,57208829.609999985,15732428.142749997,,1.0,0.25390473016353177,1.083083406216503
2021-07-07,56630574.60999999,15573408.017749999,,1.0,0.25228923048562546,1.090018783087408
2021-07-08,56018204.609999985,15405006.267749997,,1.0,0.2508377286546455,1.0963263041606521
2021-07-09,56043134.609999985,15411862.017749997,0.08443725943021174,3.0,0.24690580345906157,1.1137850797646263
2021-07-12,57597589.76474999,15839337.185306247,0.08390850806419123,3.0,0.25376109342028985,1.0836964654173105
2021-07-13,58345989.76475001,16045147.185306255,0.08569560168738334,3.0,0.251527245817094,1.093320920787941
2021-07-14,59712409.76475,16420912.685306251,0.08683666222959545,3.0,0.254229226085225,1.0817009681955765
2021-07-15,58557364.76474999,16103275.310306247,0.08332958019647647,3.0,0.25804522894629106,1.0657046484561739
2021-07-16,59488699.76475002,16359392.435306257,0.12161511182743048,2.2612321435038414,0.25667153055317354,1.0714082680199293
2021-07-19,59749026.229350016,16430982.213071255,0.12375355083010717,2.222158460548165,0.25265790625151036,1.0884282391157356
2021-07-20,58202566.22934999,16005705.71307125,0.1256690844338944,2.1882868108636377,0.26140150307509774,1.0520214947692768
2021-07-21,59376616.22934999,16328569.46307125,0.1273059180832215,2.1601509508790393,0.2621335448101656,1.0490835890505819
2021-07-22,59140761.22934999,16263709.33807125,0.12746791942107938,2.157405575057368,0.25867515950458564,1.0631094246802812
2021-07-23,61139658.72934999,16813406.15057125,0.12444910817392456,2.2097386155284635,0.2691006762068302,1.0219223670349888
2021-07-26,61720580.658250004,16973159.68101875,0.12370663259872805,2.2230012588898775,0.26539279364165896,1.0361999518770393
2021-07-27,61202814.658249974,16830774.031018745,0.12141978727878057,2.2648697231580415,0.26336116665900927,1.0441934302184357
2021-07-28,60168504.658249974,16546338.781018745,0.12258515901053228,2.243338445042703,0.26523909488843905,1.0368004012216467
2021-07-29,61105204.658250004,16803931.281018753,0.1233068788697739,2.230208099666778,0.263524006051207,1.0435481917596647
2021-07-30,63154814.658250004,17367574.031018753,0.12095879582256018,2.273501469073896,0.2729031076624081,1.0076836513719216
2021-08-02,62151224.84185,17091586.831508752,0.11006845546474935,2.498445161593749,0.2742638085700817,1.0026842456310827
2021-08-03,59869084.84185,16463998.33150875,0.10917243644507135,2.51895083552855,0.2921355171410358,0.9413439443833076
2021-08-04,60000404.841850005,16500111.331508752,0.10894345274526315,2.5242453132362006,0.2875347086318629,0.9564062763361505
2021-08-05,60898224.84184998,16747011.831508746,0.10976220387440425,2.5054161659752174,0.2852489860829643,0.9640700350115062
2021-08-06,60772224.84184999,16712361.831508748,0.10984288109893699,2.5035759918961316,0.2810500265280545,0.9784734888560825
2021-08-09,59936896.19244998,16482646.452923745,0.10912455090141579,2.520056190182517,0.2802516486239751,0.9812609536830185
2021-08-10,60646776.19244998,16677863.452923745,0.11050294630431863,2.4886214277279644,0.2772255973339375,0.991971890924428
2021-08-11,61914141.19245,17026388.827923752,0.11179716130766836,2.4598120093871945,0.2777786940157444,0.989996734538658
2021-08-12,62140523.04305,17088643.836838752,0.11111768841989345,2.4748534991191073,0.2734146200203957,1.0057984462553102
2021-08-13,60515328.04305001,16641715.211838756,0.09675092641899821,2.8423500443712593,0.28093624677273693,0.9788697726230428
2021-08-16,61302666.725549996,16858233.34952625,0.09825178301400514,2.7989313940572518,0.27823344305180797,0.9883786685872774
2021-08-17,61973511.72555002,17042715.724526256,0.09692131594702533,2.8373531386048025,0.2749171918579259,1.0003012112175107
2021-08-18,62765506.72554999,17260514.34952625,0.09175661402093674,2.9970591540927107,0.2720884550957107,1.0107007293024068
2021-08-19,62084950.47554999,17073361.38077625,0.09222475460789706,2.9818458305385636,0.27050311301967384,1.0166241598114218
2021-08-20,60968447.47555,16766323.055776251,0.08212629976506981,3.0,0.2722369095421298,1.0101495806079983
2021-08-23,61306832.57555,16859378.95827625,0.08195442994801226,3.0,0.2681545617292627,1.0255279575577336
2021-08-24,62247970.07554998,17118191.770776246,0.08385715426490803,3.0,0.26657470000460065,1.0316057750238636
2021-08-25,63548360.075549975,17475799.020776246,0.08514015697627346,3.0,0.2674214108144497,1.0283395004254492
2021-08-26,62335545.07554999,17142274.89577625,0.08461863714638046,3.0,0.2702349213873116,1.0176330971150058
2021-08-27,62974415.075549975,17317964.145776246,0.07422885501775121,3.0,0.266917883961874,1.0302794099749437
2021-08-30,65207983.081049986,17932195.347288746,0.07080042164777398,3.0,0.2783191304928133,0.9880743717223599
2021-08-31,65455018.08105001,18000129.972288754,0.07183587628787194,3.0,0.27393707658902094,1.00388017359393
2021-09-01,65965153.08105,18140417.09728875,0.06781484086282007,3.0,0.26988693145419757,1.0189452246474193
2021-09-02,65999083.08104999,18149747.84728875,0.06716001012358852,3.0,0.2657790318494256,1.0346941144544408
2021-09-03,66658848.081049986,18331183.222288746,0.05699683164467719,3.0,0.26220969362272767,1.0487789227032747
2021-09-06,67790357.34754999,18642348.27057625,0.05620474233144468,3.0,0.2606957014315726,1.0548697139610566
2021-09-07,68011932.34754999,18703281.39557625,0.05708342042090095,3.0,0.2566019482777449,1.0716987998171439
2021-09-08,68359872.34754999,18798964.89557625,0.05841920220900583,3.0,0.2525756328929066,1.0887827810238586
2021-09-09,69102662.34754999,19003232.14557625,0.05524791342003528,3.0,0.24929776645197932,1.103098531181472
2021-09-10,70017902.34754999,19254923.14557625,0.07925172972381332,3.0,0.24661242359937421,1.1151100823969107
2021-09-13,70805257.34754995,19471445.770576235,0.07411950047377283,3.0,0.24342254225300072,1.129722816361762
2021-09-14,68714317.34754997,18896437.270576246,0.07162048477359201,3.0,0.2580078703731033,1.0658589584973688
2021-09-15,66938697.34755,18408141.77057625,0.0724111883692185,3.0,0.2669998924708693,1.0299629616143144
2021-09-16,69502547.34754996,19113200.520576242,0.07289323292913298,3.0,0.2807165772356289,0.9796357689598415
2021-09-17,69408007.34754996,19087202.020576242,0.10157580969249412,2.707337513060661,0.2766925789685859,0.9938828176205693
2021-09-22,71098958.36324996,19552213.54989374,0.10065059763057016,2.7322242140018402,0.2782903111187416,0.9881766953886596
2021-09-23,73338933.36324997,20168206.674893744,0.10204031425034751,2.695013260399318,0.2840855936668125,0.9680181119023288
2021-09-24,71280852.36325,19602234.399893753,0.09235008760441192,2.977799016044054,0.294622854589494,0.9333966992586674
2021-09-27,70334026.65579998,19341857.330344997,0.09280980694967811,2.963048938881063,0.2940591687666032,0.9351859394606037
2021-09-28,69660176.65579998,19156548.580344997,0.0943767218155976,2.913854123237314,0.29177838624344604,0.9424961305069152
2021-09-29,70336976.65579998,19342668.580344997,0.09580311885060584,2.870470223718202,0.2877417656947297,0.9557180527339655
2021-09-30,69861836.65579998,19212005.080344997,0.09591983504003417,2.866977407594821,0.2846403260563381,0.9661315520892496
2021-10-08,70958824.7646,19513676.810265,0.09304485127617804,2.9555638622468017,0.282325317206297,0.9740536297673074
2021-10-11,71244925.17859998,19592354.424115,0.09416297370123833,2.920468515284193,0.27788217827858414,0.9896280564070767
2021-10-12,71094705.17859998,19551043.924115,0.08712381724142203,3.0,0.2739619744957958,1.0037889400750402
2021-10-13,69170485.17859998,19021883.424115,0.0860558069926031,3.0,0.28266583896648134,0.9728802072634241
2021-10-14,68031955.17859998,18708787.674115,0.08771245924746927,3.0,0.2831459179665112,0.9712306713619138
2021-10-15,69456675.17859998,19100585.674115,0.0895414023618001,3.0,0.28371203205216333,0.969292694465064
2021-10-18,69962342.72859998,19239644.250364996,0.08944804957507413,3.0,0.2795682612409842,0.9836595856027934
2021-10-19,70212597.72859998,19308464.375364996,0.08844598478354138,3.0,0.27517890405686657,0.9993498627466385
2021-10-20,66821137.72859998,18375812.875364996,0.07893718843725274,3.0,0.30571843481606004,0.899520502142626
2021-10-21,65950902.72859998,18136498.250364996,0.07580287812976157,3.0,0.30343866885723547,0.9062786922829024
2021-10-22,61050152.22859998,16788791.862864997,0.06217981828446764,3.0,0.36426828758134155,0.7549380755210325
2021-10-25,59987715.46654998,16496621.753301246,0.0642101693194211,3.0,0.3611719526685748,0.7614101758680872
2021-10-26,59792152.184749976,16442841.850806246,0.06475236298146834,3.0,0.35549531354200403,0.7735685662351411
2021-10-27,58951062.184749976,16211542.100806246,0.06342157789887719,3.0,0.3514357031454744,0.7825044454466417
2021-10-28,57270056.87809998,15749265.641477495,0.06446852971873067,3.0,0.35332624341327,0.7783175043647826
2021-10-29,57793468.02989998,15893203.708222495,0.0376670567125607,3.0,0.34952209452431066,0.7867886016598378
2021-11-01,57438864.978299975,15795687.869032495,0.036816297293254814,3.0,0.34412465750506105,0.7991290190995849
2021-11-02,57851043.50229997,15909036.963132493,0.037247892435443596,3.0,0.33992239411572556,0.8090081876346666
2021-11-03,57786303.50229997,15891233.463132493,0.03788191473518936,3.0,0.33460265457305305,0.8218703475347351
2021-11-04,57670293.50229997,15859330.713132493,0.03507713555516971,3.0,0.3293398599089,0.8350036951982334
2021-11-05,57832103.50229997,15903828.463132493,0.0432355716301945,3.0,0.3245216331542954,0.8474011341772397
2021-11-08,57489764.24389997,15809685.167072494,0.042064065156176514,3.0,0.31954652314453164,0.8605945616113523
2021-11-09,57418034.24389997,15789959.417072494,0.04312119521374585,3.0,0.3145392114993661,0.8742948095059819
2021-11-10,57494714.24389997,15811046.417072494,0.042409619142313226,3.0,0.30978272651247657,0.8877189606274717
2021-11-11,57430604.24389997,15793416.167072494,0.0424013333111638,3.0,0.3049286830153681,0.9018502204534833
2021-11-12,57350064.24389997,15771267.667072494,0.0682321522357204,3.0,0.30014097290251185,0.9162361184499864
2021-11-15,57691754.666149996,15865232.53319125,0.06777366545470058,3.0,0.2963364049297409,0.927999379844
2021-11-16,57530404.666149974,15820861.283191243,0.06888990003152255,3.0,0.29167460522414645,0.9428314809534676
2021-11-17,57667204.66614997,15858481.283191241,0.07042562432712011,3.0,0.28736263460755046,0.956978976670248
2021-11-18,57845924.66614997,15907629.283191241,0.07110614667579807,3.0,0.28319972852755093,0.9710461285744022
2021-11-19,57014844.66614999,15679082.283191249,0.05804235483094874,3.0,0.2808971560370491,0.9790059959301571
2021-11-22,57019485.81614997,15680358.599441243,0.0565886415462804,3.0,0.2765512528648069,0.9943907219774367
2021-11-23,56359170.81614999,15498771.974441247,0.057082650839316317,3.0,0.2734451584678861,1.005686118345725
2021-11-24,56799720.81614999,15619923.224441247,0.05668293954237663,3.0,0.27066602383144484,1.0160122652529677
2021-11-25,57307790.81615001,15759642.474441255,0.05828409150235483,3.0,0.26819595809561364,1.0253696660930314
2021-11-26,58117421.81615001,15982290.999441253,0.06214289444251861,3.0,0.2676834525274239,1.0273328343739385
2021-11-29,57845280.466149986,15907452.128191248,0.06276906563195934,3.0,0.2636332212441175,1.0431158816109796
2021-11-30,57412420.46615001,15788415.628191253,0.06361851245915118,3.0,0.2600275031976506,1.0575804352163802
2021-12-01,56843700.46615001,15632017.628191253,0.06432169423270782,3.0,0.256969548221674,1.070165713809685
2021-12-02,56793300.466149986,15618157.628191248,0.06510435739410221,3.0,0.2529376707121275,1.087224371228523
2021-12-03,55923960.46615001,15379089.128191253,0.06330712297951932,3.0,0.25175799866602255,1.0923188198870688
2021-12-06,57094859.73524999,15701086.427193748,0.05934865941454011,3.0,0.2560790651234108,1.073887081973963
2021-12-07,56150917.73524999,15441502.377193749,0.05761675719212174,3.0,0.25547724813604156,1.0764167925183012
2021-12-08,56540387.73525001,15548606.627193755,0.05859600722664679,3.0,0.2526852643038789,1.0883103957707858
2021-12-09,56720777.73525002,15598213.877193756,0.059100266206718974,3.0,0.24908329903715343,1.1040483286636606
2021-12-10,56511007.735250026,15540527.127193758,0.10090459917147473,2.7253465377992527,0.2452314342642109,1.1213896816495257
2021-12-13,55559239.37409999,15278790.8278775,0.10273666295527017,2.676746470923729,0.24504951196664207,1.1222221900912621
2021-12-14,55851755.62409999,15359232.7966275,0.10436693721411594,2.6349340829636367,0.24206524927933779,1.1360573267691816
2021-12-15,55856585.62409999,15360561.0466275,0.10584047345124951,2.5982499041509484,0.23831650181573247,1.1539276462384105
2021-12-16,56339275.62409999,15493300.7966275,0.10705008208193019,2.568891070905768,0.23636764656644266,1.163441799225673
2021-12-17,57025909.06449999,15682124.992737498,0.08529126417553498,3.0,0.23574618022248123,1.1665088263168197
2021-12-20,57474237.998999976,15805415.449724995,0.08688691268191588,3.0,0.2333632155679038,1.1784205121221463
2021-12-21,57366642.99899996,15775826.82472499,0.088825338620264,3.0,0.2297075842678273,1.1971742286025875
2021-12-22,58123772.99899999,15984037.574724998,0.09028899053710988,3.0,0.22943766648463876,1.1985826225198806
2021-12-23,59293907.99899995,16305824.699724989,0.09178214853495703,2.9962253487153974,0.23294010687871264,1.180560976316488
2021-12-24,59778562.99899995,16439104.824724989,0.11965304323911508,2.298311790118359,0.2303300268823875,1.193938991464722
2021-12-27,59210153.09874995,16282792.102156239,0.1143411159315798,2.4050841008457216,0.2284085958193299,1.2039827092038327
2021-12-28,58582823.09874998,16110276.352156246,0.11756474235609425,2.339136670474273,0.22680669243866572,1.2124862676808665
2021-12-29,58571608.09874997,16107192.227156244,0.11968348712536947,2.297727168593736,0.22323473971442004,1.2318871173536983
2021-12-30,59837703.09874997,16455368.352156244,0.12016744494541777,2.288473389152195,0.22792451567582064,1.2065398019365996
2021-12-31,59636263.09874998,16399972.352156246,0.1159257858302655,2.3722073396392194,0.2245969138787364,1.2244157555454083
2022-01-04,60144576.02474994,16539758.406806236,0.11656627278933052,2.3591729701867177,0.22221182588288194,1.2375578973233423
2022-01-05,60348466.02474997,16595828.156806244,0.11838650449384482,2.3228999046449412,0.21884418737795794,1.2566018010113167
2022-01-06,60574086.024749964,16657873.656806242,0.11958618366788314,2.2995967557902417,0.21555871098302107,1.2757545206403695
2022-01-07,61133636.02474995,16811749.906806238,0.09109536447323349,3.0,0.2134484211322596,1.2883674591792884
2022-01-10,61846512.36674997,17007790.900856245,0.09238983307102297,2.976517987521407,0.21213384646909367,1.2963513582452553
2022-01-11,62751722.36674997,17256723.650856245,0.09451943487141602,2.9094545515862347,0.212005016181645,1.2971391194082935
2022-01-12,63249332.36674999,17393566.40085625,0.0963892705994326,2.853014638349373,0.20935287320250218,1.3135716543713203
2022-01-13,63257082.366749994,17395697.65085625,0.09738843721620277,2.823743843321962,0.20612453448677975,1.3341449172206026
2022-01-14,62719112.366749994,17247755.90085625,0.14551775398796657,1.8898037693925709,0.2049656009305146,1.3416885504276777
2022-01-17,62671274.289699964,17234600.42966749,0.14366916797314785,1.9141198064945866,0.20184916849853798,1.35
2022-01-18,64257584.28969999,17670835.6796675,0.14593576024637075,1.884390772595704,0.209376657607908,1.3134224375430734
2022-01-19,67403019.28969997,18535830.304667495,0.14647462196174607,1.8774583359008101,0.2435750494142437,1.1290154745378393
2022-01-20,67286919.28969994,18503902.804667484,0.14980050253866206,1.835774882858121,0.2402264550211429,1.1447531870534269
2022-01-21,68206835.28969994,18756879.704667486,0.15191294348142573,1.810247327829732,0.23810025268402765,1.154975674742103
2022-01-24,68938532.93969995,18958096.558417488,0.15027375585041447,1.8299935237776352,0.23511690466327215,1.1696309135825318
2022-01-25,68084387.93969998,18723206.683417495,0.15299419515449966,1.7974538166124148,0.2359392952689054,1.1655540451054422
2022-01-26,68150032.93969995,18741259.058417488,0.15123545419603032,1.8183566906444237,0.2323403985480391,1.1836081960715952
2022-01-27,68774237.93969999,18912915.4334175,0.15468425266770597,1.7778150991927884,0.2292180340474685,1.1997310819926612
2022-01-28,70133452.93969998,19286699.558417495,0.15698274539188492,1.751784881284258,0.22999602849644613,1.195672820081975
2022-02-07,72493217.78969997,19935634.892167494,0.15574046669256583,1.765758160612517,0.24075728477363195,1.1422291967554137
2022-02-08,72597137.78969996,19964212.89216749,0.15683151027244482,1.7534741553038358,0.23718853665771183,1.159415222485453
2022-02-09,72212623.78969996,19858471.54216749,0.15709584648461292,1.7505236844497698,0.23521036497590778,1.1691661633541015
2022-02-10,73928123.78969996,20330234.04216749,0.15595535901528285,1.7633251062122937,0.23751507213528586,1.1578212596266866
2022-02-11,71995613.78969996,19798793.79216749,0.1385397906587989,1.984989284972146,0.24961127084624105,1.1017130719605939
2022-02-14,70208504.28969994,19307338.679667484,0.13824530524377796,1.9892176411710518,0.2587169801869605,1.0629375768118223
2022-02-15,70296984.28969993,19331670.67966748,0.13885036878577459,1.9805492949340597,0.25471163197310104,1.0796523027618996
2022-02-16,70324924.28969993,19339354.17966748,0.13816252552869265,1.990409475707578,0.25083271709077914,1.096348208437556
2022-02-17,70953184.28969994,19512125.679667484,0.1357110035051125,2.0263647964966984,0.24739179612972187,1.1115970873011551
2022-02-18,70891645.28969991,19495202.45466748,0.13650532640694346,2.014573403386345,0.2437869986674342,1.1280339046100876
2022-02-21,70369129.28969993,19351510.55466748,0.13570648593546483,2.0264322526984904,0.24177256868271702,1.1374325941868453
2022-02-22,71866889.2896999,19763394.554667473,0.13479960405018432,2.040065339491804,0.24338090728012943,1.129916077120533
2022-02-23,72496099.28969991,19936427.304667477,0.1356860981965313,2.0267367376257135,0.23999113026398858,1.1458756817283287
2022-02-24,72923431.2896999,20053943.604667474,0.1323093834294046,2.0784618057473594,0.2362917788437879,1.1638153529742652
2022-02-25,72694321.28969991,19990938.354667477,0.12599514273251314,2.1826238221248198,0.23336103450269707,1.1784315260087763
2022-02-28,72150687.55539992,19841439.07773498,0.12657971247467492,2.1725440406180403,0.23172410841021004,1.1867561035694256
2022-03-01,74654917.55539992,20530102.32773498,0.12457475015330771,2.2075099461293055,0.2443724204958851,1.1253315715495427
2022-03-02,77251517.55539992,21244167.32773498,0.12662699489553142,2.1717328143724637,0.25517133199677106,1.0777072716126272
2022-03-03,79812007.55539992,21948302.07773498,0.1219340423825009,2.2553176670493627,0.2629832211406137,1.045694089559277
2022-03-04,79977677.55539992,21993861.32773498,0.06768480002726725,3.0,0.25907301472959565,1.0614768206832657
2022-03-07,80869966.04549992,22239240.66251248,0.06589568505744117,3.0,0.2554148258760468,1.076679864047743
2022-03-08,80180686.04549992,22049688.66251248,0.059493704237890084,3.0,0.2546459740201236,1.0799306804601903
2022-03-09,77879056.04549992,21416740.41251248,0.05258571327899603,3.0,0.26821373030607537,1.0253017236894637
2022-03-10,75984311.04549992,20895685.53751248,0.05330909788400951,3.0,0.27594161088456587,0.9965876444601908
2022-03-11,76876071.04549992,21140919.53751248,0.10462698914517278,2.6283849152767846,0.2725338799929051,1.0090488566308127
2022-03-14,75732155.15144992,20826342.66664873,0.09978794392102888,2.755843934590256,0.2732771793225843,1.0063042976427317
2022-03-15,74983705.15144992,20620518.91664873,0.10089536591521214,2.725595942940506,0.27146197904385255,1.013033209912523
2022-03-16,75578480.15144992,20784082.04164873,0.09991755009451947,2.752269243389745,0.26755710018723117,1.027817986544033
2022-03-17,77117105.15144992,21207203.91664873,0.10080343115433317,2.7280817413741256,0.2677234874444953,1.0271792087611038
2022-03-18,77998685.15144992,21449638.41664873,0.08607265329582309,3.0,0.2644131228784167,1.0400391516364014
2022-03-21,77699083.17064992,21367247.87192873,0.08473300953425451,3.0,0.2611220362920524,1.0531474244955175
2022-03-22,77792583.17064992,21392960.37192873,0.08718289263014861,3.0,0.25709498385316326,1.069643584166788
2022-03-23,78427043.17064992,21567436.87192873,0.08748365067628469,3.0,0.253376610722241,1.085340905050874
2022-03-24,79066943.17064992,21743409.37192873,0.09030061929127521,3.0,0.24970149111599907,1.1013150092573878
2022-03-25,78604573.17064992,21616257.62192873,0.09652043864080524,2.849137487070436,0.2472308338450893,1.1123208045009079
2022-03-28,78978945.3800499,21719209.979513723,0.0994618228510361,2.7648799520984784,0.24336286821049227,1.1299998312073796
2022-03-29,78243875.38004991,21517065.729513727,0.09880896789091856,2.783148188569178,0.24218319008367023,1.135504078152543
2022-03-30,77767769.82904993,21386136.702988733,0.10147101677743887,2.710133481791854,0.23974624759609314,1.1470461071127995
2022-03-31,77430769.82904993,21293461.702988733,0.10331545401942574,2.6617508736717506,0.23681501697988214,1.1612439257741909
2022-04-01,77699078.57904989,21367246.60923872,0.1310155915169513,2.0989868214610126,0.2330973135952507,1.1797647761720196
2022-04-06,77988438.70049992,21446820.64263748,0.13425793902023594,2.048296003996835,0.22944590973155266,1.1985395613360237
2022-04-07,77735493.70049988,21377260.76763747,0.13275653702418655,2.0714610833054383,0.22643361342258397,1.214483997509586
2022-04-08,76394694.70049989,21008541.04263747,0.10753503398839127,2.5573061150442107,0.22954599799028305,1.1980169656960915
2022-04-11,75204502.50359991,20681238.188489977,0.10497920709612325,2.619566365634661,0.23109974205559236,1.189962384007539
2022-04-12,74877792.50359988,20591392.93848997,0.1026967128378237,2.677787753871672,0.2280084833779819,1.2060954747202004
2022-04-13,76111692.5035999,20930715.438489974,0.10127136089783019,2.7154764936697133,0.2284375392254528,1.2038301626449983
2022-04-14,76619272.50359991,21070299.938489977,0.10358218882011172,2.6548965911271174,0.22527657901040662,1.2207216622696335
2022-04-15,77417542.5035999,21289824.188489974,0.09953266310834188,2.7629121075627294,0.2230262092287438,1.2330389372217236
2022-04-18,75078411.15359987,20646563.067239966,0.09317530953310114,2.951425666069877,0.237194416987954,1.1593864792102844
2022-04-19,74084341.1535999,20373193.817239974,0.09570433787455579,2.8734329718727647,0.23682583554040043,1.161190878404343
2022-04-20,73786492.6535999,20291285.479739975,0.096271390448803,2.8565080312852102,0.23345154838720306,1.1779746242842846
2022-04-21,74482592.6535999,20482712.979739975,0.09760523545221692,2.8174718161980925,0.23112923584120865,1.1898105360800468
2022-04-22,73323672.65359989,20164009.97973997,0.08823823160398128,3.0,0.2319721499207419,1.1854871375462939
2022-04-25,72721635.65359989,19998449.80473997,0.08409024610997227,3.0,0.22952553548279825,1.1981237705057433
2022-04-26,73123055.65359989,20108840.30473997,0.08453639690512575,3.0,0.22643902428129228,1.2144549768876551
2022-04-27,73972165.65359989,20342345.55473997,0.08605600864666181,3.0,0.22514951374176267,1.2214105881455015
2022-04-28,73885695.6535999,20318566.304739974,0.08787341200793077,3.0,0.22165232535737941,1.24068177293699
2022-04-29,74675135.65359987,20535662.304739967,0.08069246311405504,3.0,0.22001553204654012,1.2499117559656152
2022-05-05,75292239.48319986,20705365.857879963,0.08293206147623779,3.0,0.2175540137405056,1.2640539021634183
2022-05-06,74368679.48319986,20451386.857879963,0.0745307454219663,3.0,0.21729095100926454,1.2655842257705199
2022-05-09,74302670.01029986,20433234.252832465,0.07520372177293197,3.0,0.2139082411496599,1.2855979672498805
2022-05-10,74607365.01029986,20517025.377832465,0.07642854621529087,3.0,0.2107725492688332,1.3047239830517345
2022-05-11,73664135.01029986,20257637.127832465,0.07659090776941574,3.0,0.21072959339006803,1.304989942684344
2022-05-12,73800925.01029986,20295254.377832465,0.07809453621519519,3.0,0.20745985688110535,1.3255576482808513
2022-05-13,74067145.01029986,20368464.877832465,0.0787073918266486,3.0,0.20440167042776633,1.3453901791726428
2022-05-16,73138344.29154986,20113044.680176213,0.07946335791851482,3.0,0.20437870402067485,1.3455413631166835
2022-05-17,73089324.29154986,20099564.180176213,0.08063433071070127,3.0,0.2011682649910708,1.35
2022-05-18,73808224.29154986,20297261.680176213,0.07987131426433672,3.0,0.1998977310921245,1.35
2022-05-19,74480814.29154986,20482223.930176213,0.08112997559321342,3.0,0.19828225146903997,1.35
2022-05-20,73003539.29154986,20075973.305176213,0.11924117212010121,2.3062503924652513,0.20324535348685016,1.35
2022-05-23,73582498.26254983,20235187.022201207,0.12023495626874593,2.287188422852065,0.20128574167105504,1.35
2022-05-24,74985928.26254983,20621130.272201207,0.11734535130766063,2.3435099638416377,0.2049910518462815,1.3415219714381328
2022-05-25,76293088.26254983,20980599.272201207,0.11771086441638204,2.3362329498085628,0.2070363550862035,1.3282691336287222
2022-05-26,77822308.26254986,21401134.772201214,0.1169808062868199,2.3508129985507202,0.21036850491463896,1.3072299016983866
2022-05-27,77205428.26254982,21231492.772201203,0.12168154523397051,2.2599975984133605,0.20884181003121433,1.3167861356827804
2022-05-30,75377053.09294981,20728689.600561198,0.12100092565824615,2.272709886341757,0.21723266315163361,1.2659238072685388
2022-05-31,73209583.09294981,20132635.350561198,0.12082954667817648,2.2759333917923974,0.22906815844312134,1.20051604670443
2022-06-01,72516153.09294982,19941942.1005612,0.12368102008468809,2.223461609644708,0.22694819296804844,1.2117302914093557
2022-06-02,72024283.09294984,19806677.850561205,0.12912188844864345,2.1297705857932656,0.2240698335458833,1.2272959534451906
2022-06-06,70939452.31974986,19508349.387931213,0.12976528607471008,2.1192108330241233,0.2241649330988035,1.226775286386075
2022-06-07,71512642.31974982,19665976.6379312,0.1316102181713796,2.0895034125838294,0.2221081366341987,1.2381356404466697
2022-06-08,71382862.31974986,19630287.137931213,0.1336556080921935,2.057526832770903,0.21862814818843238,1.2578435223399578
2022-06-09,71733062.31974985,19726592.13793121,0.1342259833900881,2.0487836486978375,0.21577858835017688,1.2744545327811465
2022-06-10,71896532.31974985,19771546.38793121,0.10101861560960806,2.7222705274714167,0.21253777474108354,1.2938876410793745
2022-06-13,69483752.48594986,19108031.933636215,0.09936098543612606,2.767685916086078,0.22846938989190416,1.2036623380055897
2022-06-14,68454152.48594983,18824891.933636203,0.09978307103564621,2.7559785156518166,0.22786343686632565,1.2068632150112204
2022-06-15,68073852.48594983,18720309.433636203,0.10179169637956008,2.7015956092782085,0.22449177273861018,1.2249892129463458
2022-06-16,68160772.48594984,18744212.433636207,0.10194599993225475,2.697506524853778,0.22115883512145457,1.243450210112462
2022-06-17,66972832.48594987,18417528.933636215,0.10135821649300376,2.7131495552605926,0.22186522784526977,1.2394912112671697
2022-06-20,65005767.02634986,17876585.932246212,0.10154985883434167,2.708029367609537,0.23083376208290984,1.1913335272906342
2022-06-21,64921687.02634987,17853463.932246216,0.1007632251150115,2.729170286938653,0.2272696261082411,1.2100165108250167
2022-06-22,65709687.02634981,18070163.9322462,0.10072334501034927,2.730250866586529,0.22776858802707278,1.2073657846415295
2022-06-23,65015007.026349835,17879126.932246204,0.10105009698785926,2.721422425087233,0.2252255149520457,1.2209984293233924
2022-06-24,64055907.02634983,17615374.432246204,0.1487892366696773,1.8482519714145693,0.2240659527304865,1.2273172101732859
2022-06-27,61393353.58699984,16883172.236424956,0.14607096408381223,1.8826465733615012,0.2448014538844328,1.1233593413616878
2022-06-28,60187397.08699986,16551534.198924964,0.14493500142014595,1.8974022651906846,0.24456216849301302,1.1244584626254515
2022-06-29,60101872.086999826,16528014.823924953,0.14739400506463246,1.8657475239879138,0.2409241886894899,1.1414379000127215
2022-06-30,60850937.08699982,16734007.698924951,0.14803069707922162,1.857722792812549,0.24203560442271924,1.136196472646677
2022-07-01,61713492.08699982,16971210.32392495,0.09177830906536855,2.9963506933226776,0.24377650094379716,1.1280824810238845
2022-07-04,63016962.40949984,17329664.662612457,0.09284459059870646,2.961938851005407,0.2497884758423569,1.1009314944279267
2022-07-05,63426307.40949984,17442234.537612457,0.09288932826678453,2.960512312137527,0.24728573750686383,1.1120738412678044
2022-07-06,63928982.40949984,17580470.162612457,0.09512134120229893,2.891044181296234,0.2451986060517405,1.1215398179791078
2022-07-07,63232852.40949984,17389034.412612457,0.09751208900393496,2.8201631490932657,0.24248774421771094,1.1340779340711704
2022-07-08,63532127.40949984,17471335.037612457,0.16060364151717801,1.7122899418851987,0.2395593217599759,1.147941136164735
2022-07-11,64679758.31659984,17786933.53706496,0.15857246671787378,1.7342228805033963,0.24260379935657864,1.1335354216600932
2022-07-12,66187753.31659984,18201632.16206496,0.15422313187771072,1.7831306928590829,0.24881603728552698,1.1052342244500335
2022-07-13,67596498.31659985,18589037.03706496,0.15643621295461685,1.7579049940296068,0.2526492108895221,1.0884656992665276
2022-07-14,67859248.31659985,18661293.28706496,0.15897681705276698,1.7298119631412867,0.24894652982539583,1.1046548838936512
2022-07-15,68808933.31659985,18922456.66206496,0.14480075151726973,1.899161414001377,0.24818959115472924,1.108023905114362
2022-07-18,68244176.65599984,18767148.580399957,0.12899976870943522,2.131786767923764,0.245413357694858,1.1205584022933643
2022-07-19,67306181.65599984,18509199.955399957,0.1287438591558415,2.136024209644973,0.24455499789265972,1.124491432887024
2022-07-20,68047651.65599984,18713104.205399957,0.13141090828490462,2.092672545903023,0.24280878776265336,1.1325784479794598
2022-07-21,67948286.65599984,18685778.830399957,0.13386537231637638,2.05430273147911,0.2390154719007573,1.1505531328707626
2022-07-22,68075856.65599984,18720860.580399957,0.16631660818892913,1.6534728731817983,0.23531744865621396,1.1686341219930534
2022-07-25,67567873.14339986,18581165.114434965,0.16845197319515523,1.6325127855962045,0.23252527734938047,1.1826671196129754
2022-07-26,68275793.14339986,18775843.114434965,0.1697461467015099,1.620066230331424,0.23082052337598818,1.191401856203432
2022-07-27,67686103.14339985,18613678.36443496,0.17252249733084649,1.5939950108224574,0.22846633627335802,1.203678425827098
2022-07-28,66187018.64339986,18201430.12693496,0.16304427784672992,1.686658395080349,0.23300078853060122,1.1802535164548718
2022-07-29,66079708.64339984,18171919.876934957,0.15616139163103898,1.7609986509965272,0.22933967254147053,1.1990947617241101
2022-08-01,66894483.586249866,18395982.986218713,0.15278933966875735,1.7998637902107024,0.22873053785957417,1.2022880834951402
2022-08-02,67626823.58624987,18597376.486218717,0.15350545842852836,1.791467240417637,0.22738231103920192,1.2094168572004202
2022-08-03,67472633.58624986,18554974.236218713,0.15665424789643934,1.75545830191465,0.22387875288508371,1.2283434513375044
2022-08-04,67663323.58624986,18607413.986218713,0.15862143411270396,1.7336875154249745,0.220517189085258,1.2470683176252417
2022-08-05,66972743.58624986,18417504.486218713,0.15144013978314091,1.8158990106176225,0.2188480001282793,1.2565799086069183
2022-08-08,66422675.25299989,18266235.69457497,0.1514151291717301,1.8161989591416852,0.21648317192511707,1.2703065903668684
2022-08-09,66397425.25299989,18259291.94457497,0.15420506420592528,1.7833396160891664,0.2130755496814291,1.2906220371654777
2022-08-10,66138302.25299985,18188033.11957496,0.15612205923747807,1.7614423057391018,0.20991134372152168,1.3100768882925549
2022-08-11,65994677.25299989,18148536.24457497,0.15864476589990914,1.7334325430786717,0.20664159860475917,1.3308065842347123
2022-08-12,64817884.50299988,17824918.23832497,0.11863213355448972,2.318090316344921,0.20882518808458533,1.3168909484645615
2022-08-15,67547408.47274989,18575537.33000622,0.10707216224508552,2.568361320382527,0.23852212333439118,1.1529328858710075
2022-08-16,68518114.97274989,18842481.61750622,0.10894317024304763,2.524251858895666,0.23815071507102345,1.1547309438814284
2022-08-17,68508284.97274984,18839778.36750621,0.10514781004794492,2.615365929871545,0.2344058867411813,1.1731787278177046
2022-08-18,69459962.18855987,19101489.601853967,0.10623524873872696,2.5885946826964186,0.23373834013566763,1.1765292756010122
2022-08-19,70250047.18855987,19318762.976853967,0.07479729968733058,3.0,0.231915389294017,1.1857772821249104
2022-08-22,70663688.47615984,19432514.330943957,0.07483962881550298,3.0,0.22863898357740498,1.2027695176789468
2022-08-23,70201058.47615984,19305291.080943957,0.07391516044658622,3.0,0.22610358434337452,1.216256702867516
2022-08-24,70989863.47615987,19522212.455943964,0.07462068576018764,3.0,0.22433157651442787,1.2258639834518055
2022-08-25,70920863.47615984,19503237.455943957,0.07396693471294155,3.0,0.2208972101818648,1.2449229203646002
2022-08-26,71602873.47615986,19690790.20594396,0.07417147552356007,3.0,0.21864057775492587,1.25777201480069
2022-08-29,71377053.72615986,19628689.774693962,0.07518437394489196,3.0,0.2156010722586937,1.2755038605282778
2022-08-30,71722838.72615986,19723780.649693962,0.07611135909463632,3.0,0.21241770026505183,1.2946190437842933
2022-08-31,70939448.72615986,19508348.399693962,0.07573526368352355,3.0,0.2119331195404239,1.2975791636358507
2022-09-01,71835173.72615986,19754672.774693962,0.07475394221743858,3.0,0.21102744715795607,1.3031480203338663
2022-09-02,71874958.72615986,19765613.649693962,0.080683778859166,3.0,0.2077210776166371,1.323890686276578
2022-09-05,70616989.22615989,19419672.03719397,0.07923569874974372,3.0,0.2111712010208395,1.3022609080717478
2022-09-06,69990714.22615989,19247446.41219397,0.0803096269013182,3.0,0.20961314955860177,1.3119405942761142
2022-09-07,69125514.2261599,19009516.412193973,0.07906828719478137,3.0,0.20943640437746766,1.3130477522158324
2022-09-08,68017674.22615989,18704860.41219397,0.08055062139242725,3.0,0.2110179926771204,1.3032064067673073
2022-09-09,66668144.22615988,18333739.66219397,0.16234305039776104,1.6939437772434065,0.21468285635568515,1.2809592934816454
2022-09-13,66901422.40665989,18397891.161831472,0.16518588457497416,1.6647911575954524,0.21166256609625264,1.2992377682643466
2022-09-14,66861387.406659864,18386881.536831465,0.16655634379221387,1.6510929199014732,0.20832983660850218,1.3200221556203964
2022-09-15,66464627.40665988,18277772.53683147,0.1695947390617074,1.6215125629571603,0.20554792449166676,1.3378875057001558
2022-09-16,66034287.406659886,18159429.03683147,0.16554015283400825,1.6612283804990216,0.20289397944134033,1.35
2022-09-19,65665823.86345988,18058101.562451467,0.16978627489753684,1.6196833352163353,0.2000832789320958,1.35
2022-09-20,66367563.86345986,18251080.062451463,0.1722388475802089,1.5966200648894662,0.19972371499286573,1.35
2022-09-21,66996668.86345987,18424083.937451467,0.1764285621965005,1.5587045350044502,0.19868753390785127,1.35
2022-09-22,66304323.863459885,18233689.06245147,0.17476969826086838,1.5734993121606458,0.19743990430428376,1.35
2022-09-23,64889038.863459885,17844485.68745147,0.08765410013728424,3.0,0.2025176036396677,1.35
2022-09-26,64618731.85845987,17770151.261076465,0.0887821231418204,3.0,0.19946499373576618,1.35
2022-09-27,63437181.85845987,17445225.011076465,0.08812554472852484,3.0,0.2017479000100075,1.35
2022-09-28,63181786.85845987,17374991.386076465,0.089435869874688,3.0,0.1986416953940202,1.35
2022-09-29,63922686.85845987,17578738.886076465,0.09144731903619,3.0,0.19930843233822917,1.35
2022-09-30,64751781.85845987,17806740.011076465,0.14023516028328836,1.960991804369702,0.20040064093456147,1.35
2022-10-10,64805939.53725987,17821633.372746464,0.1373298352302804,2.002478190837909,0.19733271807806496,1.35
2022-10-11,65011359.53725987,17878123.872746464,0.13507632161865596,2.0358860583750054,0.19460841752225577,1.35
2022-10-12,66437274.53725987,18270250.497746464,0.1372158827280966,2.0041411717981132,0.20197553511446867,1.35
2022-10-13,66444979.53725987,18272369.372746464,0.14077465053780153,1.953476701589507,0.1987990346629245,1.35
2022-10-14,65799754.53725987,18094932.497746464,0.045701918929548425,3.0,0.19739803853059215,1.35
2022-10-17,64751144.55270987,17806564.751995217,0.04397722401670451,3.0,0.19890358761871718,1.35
2022-10-18,64104644.55270987,17628777.251995217,0.04412948376160001,3.0,0.1973220956235053,1.35
2022-10-19,63629394.55270987,17498083.501995217,0.04486959327378491,3.0,0.19493655403715418,1.35
2022-10-20,63770214.55270987,17536809.001995217,0.04519829301085342,3.0,0.19215709635453557,1.35
2022-10-21,64020564.55270987,17605655.251995217,0.04475004708903496,3.0,0.1897248928551068,1.35
2022-10-24,64144445.85270987,17639722.609495215,0.04465912164684407,3.0,0.18695322313571103,1.35
2022-10-25,64540235.85270987,17748564.859495215,0.04548095192028387,3.0,0.185147493634729,1.35
2022-10-26,64942015.85270987,17859054.359495215,0.04463773764200109,3.0,0.1833273624990137,1.35
2022-10-27,65260155.85270987,17946542.859495215,0.045322862440598966,3.0,0.18112149005394013,1.35
2022-10-28,65015315.85270987,17879211.859495215,0.16413011564945837,1.6754999465627167,0.17849004234798566,1.35
2022-10-31,65696207.316909865,18066457.012150213,0.1567246711185327,1.7546694980269846,0.17839344556517986,1.35
2022-11-01,65909547.316909865,18125125.512150213,0.14723337572513723,1.8677830257276995,0.1758636869722931,1.35
2022-11-02,64960552.316909865,17864151.887150213,0.14429579032754677,1.9058075039871845,0.17754913961854238,1.35
2022-11-03,64194217.316909865,17653409.762150213,0.14552824894596686,1.8896674837481533,0.17748922552173885,1.35
2022-11-04,63090292.316909865,17349830.387150213,0.16083206888327609,1.7098580022593712,0.1804241127313,1.35
2022-11-07,62433155.816909835,17169117.849650204,0.16499465960978554,1.666720611748153,0.1793088021971706,1.35
2022-11-08,62556440.81690986,17203021.22465021,0.16591311508510315,1.657494043547685,0.1767941547179827,1.35
2022-11-09,61919465.816909835,17027853.099650204,0.1672226440904243,1.644514123645216,0.17561930499133074,1.35
2022-11-10,61940765.81690987,17033710.599650215,0.16842403960253893,1.6327835423551644,0.17296924703669045,1.35
2022-11-11,59776610.81690985,16438567.97465021,0.11953267916634229,2.3006260875095808,0.19356405212704866,1.35
2022-11-14,56710828.64070984,15595477.876195207,0.11375996770831887,2.417370587736992,0.2333507125834504,1.1784836521622153
2022-11-15,56272413.64070986,15474913.751195213,0.11293630355832296,2.4350008928527007,0.22986238404484294,1.1963679970636316
2022-11-16,54345793.64070984,14945093.251195207,0.11439672091404463,2.40391505807784,0.2409089995720363,1.1415098667485433
2022-11-17,55362058.64070987,15224566.126195215,0.11184529954362782,2.458753305879698,0.24645414022242929,1.1158262537273977
2022-11-18,54431187.64070984,14968576.601195207,0.10221468992352022,2.6904156360085074,0.24491315382140008,1.1228469998820088
2022-11-21,55145080.19830985,15164897.05453521,0.10166260286853611,2.705026157510577,0.24631140911526986,1.1164728462549793
2022-11-22,54607665.19830985,15017107.92953521,0.10354239649453226,2.6559168930817814,0.2428728282929303,1.1322798105201004
2022-11-23,55119095.19830985,15157751.17953521,0.10561311123707251,2.603843374926247,0.24221538720178226,1.1353531382831012
2022-11-24,55181625.19830985,15174946.92953521,0.1072587313743959,2.56389383387436,0.23886631588286672,1.1512715762521002
2022-11-25,55185555.19830985,15176027.67953521,0.15314622429515218,1.7956694738357002,0.2353845444543817,1.1683010056477856
2022-11-28,53999835.06910986,14849954.644005211,0.15331627223457472,1.7936778398789173,0.23678162547125312,1.1614076871576628
2022-11-29,54728112.56910986,15050230.956505211,0.15226969464579682,1.8060061172362178,0.23835612737110992,1.1537358113384566
2022-11-30,54585622.56910986,15011046.206505211,0.15352993886400387,1.7911815899542158,0.23463048900352038,1.1720556913465494
2022-12-01,55154017.56910986,15167354.831505211,0.15451883266642233,1.7797183375936727,0.23433424262907715,1.173537409277789
2022-12-02,55582527.56910986,15285195.081505211,0.09262397521300528,2.9689937121311054,0.23273960598297927,1.1815780079137512
2022-12-05,55946570.10630986,15385306.779235212,0.09479659947027286,2.900947940503255,0.23063588592269352,1.1923556427475335
2022-12-06,55736865.10630986,15327637.904235212,0.09635932215009246,2.8539013544704157,0.2270198313535208,1.211347917758618
2022-12-07,56151700.60630986,15441717.666735213,0.09861635678069383,2.788584054180319,0.2252583320012215,1.2208205466002864
2022-12-08,57149610.60630986,15716142.916735213,0.09724299513297631,2.8279671931530634,0.22877075891320628,1.2020767046733134
2022-12-09,57610000.60630986,15842750.166735213,0.15954032247553412,1.7237021696641732,0.22685085182178197,1.212250241916856
2022-12-12,58095081.80670986,15976147.496845214,0.15111775409848358,1.8197729422367028,0.22499401949230674,1.2222547097942003
2022-12-13,57201776.80670986,15730488.621845214,0.15415068646642963,1.7839687016891004,0.2249262223839521,1.2226231209741802
2022-12-14,57021856.80670986,15681010.621845214,0.15221188017605633,1.8066920905380082,0.22142187098373992,1.2419730660671484
2022-12-15,57372991.80670986,15777572.746845214,0.15047622101451982,1.8275312746820283,0.21903506506419457,1.2555067377883231
2022-12-16,57173666.80670986,15722758.371845214,0.09152527876412254,3.0,0.21565756196135671,1.2751697529126143
2022-12-19,56736040.18498986,15602411.050872214,0.09180468266719746,2.995489903242808,0.21294401775310637,1.2914192326306306
2022-12-20,56495018.49370986,15536130.085770214,0.09346739352901398,2.942202511666649,0.20970800734097997,1.311347160687369
2022-12-21,57039098.49370986,15685752.085770214,0.09376521353177042,2.932857396062154,0.20884630972451365,1.3167577648977797
2022-12-22,57074068.49370986,15695368.835770214,0.09437983441912161,2.9137580256687152,0.20563719511912779,1.3373067058257122
2022-12-23,56767398.49370986,15611034.585770214,0.10055903651747075,2.7347119614876436,0.20270334132609397,1.35
2022-12-26,56365750.733809866,15500581.451797714,0.09756942695760396,2.818505843223754,0.20011235396297056,1.35
2022-12-27,55136680.73380986,15162587.201797713,0.09705026442415723,2.8335832120777664,0.20477518485828927,1.342936157964201
2022-12-28,55224713.733809866,15186796.276797714,0.09422744537675938,2.9184702917545833,0.20184349187685893,1.35
2022-12-29,56935883.73380986,15657368.026797712,0.09855627758968567,2.790283954766367,0.21908589316344132,1.2552154592392946
2022-12-30,57489543.733809866,15809624.526797714,0.10502672914765315,2.6183810752916794,0.21775119161002124,1.2629092771740502
2023-01-03,59128196.94600989,16260254.16015272,0.09962362135312876,2.760389516711374,0.22933745718622747,1.199106344746351
2023-01-04,59898531.9460099,16472096.285152722,0.09772378244782366,2.814053990867853,0.22857559149004042,1.2031030881614602
2023-01-05,60252471.94600989,16569429.78515272,0.09897050448565849,2.778605620221421,0.2254776847660673,1.2196328886617407
2023-01-06,59528611.94600989,16370368.28515272,0.10371400144842612,2.65152241895468,0.22472195885684979,1.2237344378756412
2023-01-09,59082168.14260987,16247596.239217715,0.10687359339983578,2.5731332806521183,0.22224102709741542,1.2373952892120978
2023-01-10,57339443.142609894,15768346.864217723,0.10639342945751903,2.584746082555808,0.23368638945633496,1.176790829109817
2023-01-11,57349714.1426099,15771171.389217725,0.10765865849512232,2.5543695587889887,0.2300251584725051,1.1955214022072753
2023-01-12,57737685.142609864,15877863.414217714,0.10940523808027752,2.513590800819017,0.22739365338555903,1.209356531748587
2023-01-13,57289345.142609864,15754569.914217714,0.10556058815189996,2.6051389520895762,0.22469624753962336,1.2238744661345802
2023-01-16,55532555.48850989,15271452.759340221,0.10670664260522725,2.577159146665238,0.23623593263463585,1.1640904790945454
2023-01-17,54669130.48850987,15034010.884340215,0.10744683480465955,2.5594053142650073,0.23565881919500248,1.1669412625395683
2023-01-18,54914225.48850989,15101412.009340221,0.10591283556334893,2.596474719398067,0.2326926958958023,1.1818162101793799
2023-01-19,54431405.48850991,14968636.509340227,0.10791534544049713,2.5482937470800278,0.22980940620783677,1.196643795125137
2023-01-20,54166455.48850987,14895775.259340215,0.10292582129333011,2.671827113395313,0.22631167542078628,1.2151383683086012
2023-01-30,55378787.60485987,15229166.591336466,0.096760456688299,2.8420700915651538,0.2330963582822188,1.1797696112740073
2023-01-31,56117387.604859896,15432281.591336472,0.09798245506035887,2.806624919028568,0.23312289163030173,1.1796353334365344
2023-02-01,55368627.6048599,15226372.591336474,0.09857761041109174,2.789680119584818,0.23198913184204126,1.1854003582686985
2023-02-02,56090807.60485991,15424972.091336478,0.09986188642444839,2.7538033763066783,0.2318670534338906,1.1860244736253889
2023-02-03,56628512.60485988,15572840.966336468,0.043540809269940514,3.0,0.2301051075378312,1.1951060232541242
2023-02-06,56732564.18465987,15601455.150781466,0.04458619087393758,3.0,0.22658733810075204,1.2136600496084264
2023-02-07,56168164.18465987,15446245.150781466,0.044986127780079876,3.0,0.22454041148778464,1.2247238623011094
2023-02-08,55963844.18465987,15390057.150781466,0.04575203586303136,3.0,0.22113856332429588,1.243564197334127
2023-02-09,55910854.18465987,15375484.900781466,0.04664778074185648,3.0,0.2176558498023664,1.263462481020853
2023-02-10,55794884.18465987,15343593.150781466,0.07066357369095064,3.0,0.21425065442564656,1.2835433372990508
2023-02-13,55828912.361859865,15352950.899511464,0.07264439795803564,3.0,0.21092344567367885,1.3037905725542454
2023-02-14,55841178.86185986,15356324.187011462,0.07382330707556842,3.0,0.20762670868139432,1.3244924111473098
2023-02-15,55739878.86185987,15328466.687011465,0.0755509056323912,3.0,0.20437251608218038,1.3455821030721156
2023-02-16,55934758.86185986,15382058.687011462,0.07634272026878967,3.0,0.2015313432776806,1.35
2023-02-17,55617298.86185985,15294757.18701146,0.12832480041732927,2.1429996314481965,0.1988225852696902,1.35
2023-02-20,54303045.906959854,14933337.624413962,0.12469930653333977,2.20530496636303,0.2056307548790159,1.3373485895229922
2023-02-21,53092584.40695983,14600460.711913954,0.12618517603037877,2.1793368179301384,0.2103893853354516,1.3071001636395827
2023-02-22,53433064.40695985,14694092.711913958,0.12762120539797178,2.1548143127346644,0.20849205463209622,1.3189951074407287
2023-02-23,53183599.406959854,14625489.836913962,0.1293550186469344,2.1259322048462113,0.20534021769490168,1.3392408125747686
2023-02-24,54014044.40695982,14853862.21191395,0.17519462840523456,1.5696828293382963,0.20804422586773888,1.3218343304313926
2023-02-27,54442497.699409835,14971686.867337706,0.17703044293499176,1.5534051400469249,0.2064648932109176,1.3319455706160623
2023-02-28,54905697.69940984,15099066.867337707,0.17835393427319512,1.5418779581209938,0.2050250039195084,1.34129981584082
2023-03-01,54724297.699409835,15049181.867337706,0.17939611023722055,1.532920639340283,0.20190204580523327,1.35
2023-03-02,53806582.69940982,14796810.242337702,0.17934432035376013,1.5333633061674727,0.20349822324311861,1.35
2023-03-03,53526117.69940983,14719682.367337704,0.15076837332040005,1.8239899651606213,0.2005570154600707,1.35
2023-03-06,54294212.58795985,14930908.46168896,0.150065924806113,1.8325279396725365,0.20235357214213834,1.35
2023-03-07,54600392.58795983,15015107.961688956,0.15050973674217868,1.8271243173527811,0.20005798004694675,1.35
2023-03-08,54804002.58795985,15071100.71168896,0.15162995540864,1.8136258053949827,0.1973329952978649,1.35
2023-03-09,55421027.58795983,15240782.586688956,0.1512949523458729,1.8176416049315847,0.19709558320558745,1.35
2023-03-10,55862362.587959826,15362149.711688953,0.11535197301054202,2.3840077705031346,0.19538484213460164,1.35
2023-03-13,55876316.98140983,15365987.169887705,0.11563580395202558,2.378156164453102,0.19231080138751355,1.35
2023-03-14,55935596.981409855,15382289.169887712,0.11619428115947314,2.36672577390079,0.18931107683589693,1.35
2023-03-15,55491766.98140984,15260235.919887707,0.11689446454632779,2.3525493791967507,0.18760483452566928,1.35
2023-03-16,57164886.98140985,15720343.919887709,0.11551152281276574,2.380714869855464,0.20322660013044747,1.35
2023-03-17,57897176.981409855,15921723.669887712,0.1302009136556508,2.1121203552173755,0.20288686551856697,1.35
2023-03-20,57847661.28140982,15908106.852387702,0.13124623270023328,2.0952982370785507,0.19975818326272454,1.35
2023-03-21,57637351.28140984,15850271.602387706,0.12992628606305118,2.116584783055731,0.1970243410798182,1.35
2023-03-22,57634856.28140982,15849585.477387702,0.13157965057279325,2.0899888303614467,0.1939354884900969,1.35
2023-03-23,57061467.281409815,15691903.5023877,0.13266703204833455,2.072858612679368,0.19320002558301988,1.35
2023-03-24,55868087.281409815,15363724.0023877,0.1358841556313015,2.0237826751940506,0.1992309829343241,1.35
2023-03-27,55796999.70680986,15344174.919372713,0.13466755348714876,2.042065760303896,0.1961146816403178,1.35
2023-03-28,54820866.20680981,15075738.2068727,0.13380509733716286,2.0552281301141573,0.19889782085873678,1.35
2023-03-29,54601666.20680986,15015458.206872713,0.13493491042126843,2.0380196580814163,0.19596743602256925,1.35
2023-03-30,54573916.206809856,15007826.956872711,0.13609045554980034,2.020714817134018,0.1928842719648135,1.35
2023-03-31,55207701.20680981,15182117.8318727,0.1818484092921116,1.5122485869989364,0.19301218966356304,1.35
2023-04-03,55373978.156609856,15227843.993067712,0.17263181619281806,1.592985615657566,0.19022387477524846,1.35
2023-04-04,55820283.15660984,15350577.868067708,0.17520298146430138,1.569607992407554,0.18870038454866866,1.35
2023-04-06,56727267.656609826,15599998.605567703,0.17784116862089627,1.5463236219855092,0.1912420739328497,1.35
2023-04-07,57893592.53960985,15920737.94839271,0.1290210898890802,2.131434482815316,0.1964325501069605,1.35
2023-04-10,58857410.61580983,16185787.919347703,0.12823080843135035,2.1445704301803885,0.19817718530343487,1.35
2023-04-11,59938828.365809835,16483177.800597707,0.1297878920315095,2.118841717016533,0.2006309292097904,1.35
2023-04-12,60219947.36580983,16560485.525597705,0.1309719549102685,2.0996861518056136,0.19760984548972738,1.35
2023-04-13,60311867.365809835,16585763.525597706,0.1327125033383663,2.0721483890546084,0.19450458536464454,1.35
2023-04-14,59905807.36580984,16474097.025597708,0.1340062562167935,2.0521429951382926,0.1930131490553569,1.35
2023-04-17,59239359.98545984,16290823.996001458,0.13404698636131418,2.051519451983478,0.19336235277968222,1.35
2023-04-18,59177849.985459805,16273908.746001448,0.13645305697869373,2.015345101743961,0.1904397260594334,1.35
2023-04-19,59261679.985459834,16296961.996001456,0.13668331007967957,2.0119501045130432,0.1874406112696087,1.35
2023-04-20,59801716.30145985,16445471.98290146,0.1399453655593012,1.9650525682000526,0.1857529974881067,1.35
2023-04-21,61772716.301459834,16987496.982901454,0.13503085112580143,2.03657162572275,0.202624171926498,1.35
2023-04-24,63280711.74525982,17402195.729946453,0.13166366240686994,2.088655252124075,0.20850293010955073,1.3189263088797394
2023-04-25,62814031.745259844,17273858.729946457,0.12804675737821394,2.147652979510662,0.20733942227729105,1.3263276080330795
2023-04-26,63931201.74525986,17581080.479946464,0.1293897543067346,2.1253614822397613,0.20823112090500473,1.320647935835947
2023-04-27,64797621.74525985,17819345.97994646,0.13082301989016779,2.10207653233258,0.20689918529678641,1.3291497480066268
2023-04-28,65439341.74525983,17995818.979946453,0.13052462136213744,2.1068821892002974,0.2043722659324994,1.3455837500516226
2023-05-04,66125359.69240981,18184473.9154127,0.1326391377932944,2.07329453866446,0.20198893466384904,1.35
2023-05-05,67762629.69240984,18634723.16541271,0.1352209253503324,2.0337089047980252,0.20696366158994614,1.328735672182169
2023-05-08,65603003.547409855,18040825.97553771,0.12267996926249822,2.241604735093981,0.22778882347879953,1.207258529194671
2023-05-09,64792853.547409825,17818034.725537702,0.12445150127519057,2.2096961240500628,0.22855659939209655,1.2032030609985942
2023-05-10,65648703.547409855,18053393.47553771,0.1240978639833917,2.2159930169048185,0.22671053237927377,1.213000547940758
2023-05-11,66984013.54740981,18420603.7255377,0.12428272281473994,2.2126969362420903,0.2280604632863044,1.205820579495922
2023-05-12,67235803.54740986,18489845.975537714,0.18164005366919103,1.513983256693148,0.22446933956934437,1.22511163675004
2023-05-15,65881646.833109826,18117452.879105203,0.17729752518131778,1.551065079553504,0.2308832187467203,1.19107833602093
2023-05-16,65497191.83310983,18011727.754105207,0.18035961594554256,1.5247315678640223,0.2286314975918438,1.2028088994585249
2023-05-17,64964671.833109826,17865284.754105203,0.17564965778139996,1.5656164860978201,0.22711891506373696,1.2108194507834191
2023-05-18,64362096.83310984,17699576.629105207,0.17591690358059484,1.5632380652608013,0.22595807094535902,1.2170399528083256
2023-05-19,65582711.833109856,18035245.75410521,0.18546243934264328,1.4827800226003467,0.22725016385611854,1.210120139557364
2023-05-22,66706364.522609845,18344250.243717708,0.18193007352302756,1.5115697733458688,0.22724509410214344,1.210147136889967
2023-05-23,68225877.02260983,18762116.181217704,0.18391154520003283,1.495284049192747,0.230236085536696,1.194426144620016
2023-05-24,69750607.02260983,19181416.931217704,0.17416867733965205,1.5789291404200854,0.23243335629111128,1.1831348322293989
2023-05-25,70091697.02260984,19275216.681217708,0.1753431753692193,1.568353027832043,0.2287775413167351,1.2020410675682165
2023-05-26,68827487.02260983,18927558.931217704,0.16074923800977806,1.7107390579560466,0.23366076609731312,1.1769198765935325
2023-05-29,68276907.87260982,18776149.664967705,0.16181194934974155,1.6995036590629842,0.23226651499806447,1.183984699655444
2023-05-30,68382702.87260985,18805243.289967712,0.16360428770026644,1.6808850419850712,0.22866110539276285,1.2026531557592295
2023-05-31,69115742.87260982,19006829.289967705,0.16512252442229874,1.6654299645800656,0.22601744577900065,1.216720236140065
2023-06-01,68554577.87260984,18852508.91496771,0.1631446532776938,1.6856206714412736,0.22479325456782018,1.2233463167242524
2023-06-02,66139342.87260985,18188319.28996771,0.17515937168934384,1.5699987808116247,0.24567821743766435,1.1193503553882447
2023-06-05,66005002.962459855,18151375.81467646,0.17222273824117473,1.596769409245483,0.24206004284974791,1.1360817620390933
2023-06-06,67082952.96245985,18447812.06467646,0.1755136064454648,1.5668300912353905,0.24165710700816542,1.1379760496375881
2023-06-07,68072782.96245985,18720015.31467646,0.1792672085527178,1.5340228824901332,0.2403831245627372,1.1440070949249528
2023-06-08,67684102.96245983,18613128.314676456,0.18096180732680148,1.519657678392732,0.23773890361844907,1.1567311694233766
2023-06-09,68016152.96245982,18704442.064676452,0.1268395789691598,2.1680929740933976,0.2340998386791401,1.1747124711902008
2023-06-12,67967717.31345981,18691122.26120145,0.12536952924670933,2.193515455089883,0.2305827925925714,1.192630191125804
2023-06-13,68601096.51345985,18865301.54120146,0.12055311739556261,2.2811521256448435,0.2277753915849032,1.207329721119122
2023-06-14,67911666.51345983,18675708.291201454,0.1231246302722491,2.233509244997765,0.22693071582701133,1.2118236132019773
2023-06-15,66712926.5134598,18346054.791201446,0.12002333364436828,2.291221145505181,0.23008622348420815,1.1952041101620954
2023-06-16,64693886.513459824,17790818.791201454,0.07783364415144668,3.0,0.24318885356207964,1.1308084066024016
2023-06-19,64144177.451509796,17639648.799165197,0.07934035054072086,3.0,0.2406876005634418,1.142559896547367
2023-06-20,64816337.45150983,17824492.799165204,0.0798762164628562,3.0,0.23858935398572254,1.1526080078847791
2023-06-21,65437417.45150983,17995289.799165204,0.0843394406070998,3.0,0.23615708343380765,1.16447915091685
2023-06-26,65974979.15150981,18143119.266665198,0.08465833786526751,3.0,0.2333310090868593,1.1785831685047448
2023-06-27,65034689.15150983,17884539.516665205,0.08415758607773068,3.0,0.23360949660505703,1.1771781712492548
2023-06-28,64940389.15150981,17858607.016665198,0.08563787280378655,3.0,0.23000384740246968,1.1956321735731417
2023-06-29,64411479.15150986,17713156.766665213,0.0866188210535372,3.0,0.22767883234458083,1.2078417530875285
2023-06-30,65324769.151509844,17964311.51666521,0.09489239685107444,2.8980193263701537,0.22740033775816326,1.2093209830341514
2023-07-03,64781941.480509855,17815033.90714021,0.09433891058993775,2.915022001847578,0.22523088585028866,1.2209693131642387
2023-07-04,63793271.4805098,17543149.657140195,0.09522101591730647,2.8880179165366227,0.22595921862713944,1.2170337712743817
2023-07-05,65171231.480509825,17922088.657140203,0.09675694481135685,2.842173246955622,0.23041749278243412,1.193485775230016
2023-07-06,65984091.48050984,18145625.157140207,0.0987145789091716,2.785809381337995,0.22917045164913297,1.1999801807827892
2023-07-07,66271781.48050983,18224739.907140207,0.09729782354683182,2.826373601950467,0.22575441701529403,1.2181378492424793
2023-07-10,66964936.60620979,18415357.566707693,0.09712194409038725,2.8314919205495848,0.22371815984572943,1.229225200983386
2023-07-11,67418136.60620983,18539987.566707704,0.09765647062284537,2.8159936381693034,0.22070077879964564,1.2460309451361191
2023-07-12,67673126.60620984,18610109.816707708,0.10054687646871903,2.735042695091128,0.21731218741880545,1.2654605490212025
2023-07-13,68062266.60620983,18717123.316707704,0.10135933754902907,2.7131195472442617,0.21419565623986958,1.283872907730855
2023-07-14,67514886.60620978,18566593.816707693,0.08292507451509779,3.0,0.2125845337303126,1.293603044278228
2023-07-17,67910573.60620983,18675407.741707705,0.08013356467724161,3.0,0.20959466838073657,1.3120562756894762
2023-07-18,68900323.60620983,18947588.991707705,0.07955535993765338,3.0,0.20943291542272563,1.3130696263523423
2023-07-19,69291683.60620978,19055212.991707694,0.08062997643525097,3.0,0.20638837748879899,1.3324393715674454
2023-07-20,69600543.60620986,19140149.491707712,0.08253753248077626,3.0,0.2032422074542351,1.35
2023-07-21,69801993.6062098,19195548.241707698,0.14474077583138745,1.8999483623077658,0.2000508805633279,1.35
2023-07-24,69328391.55210981,19065307.6768302,0.14421538206222215,1.9068700998992636,0.1984882209099459,1.35
2023-07-25,69922551.55210981,19228701.6768302,0.14072977202355783,1.9540996623938656,0.1962341683846708,1.35
2023-07-26,70795977.55210981,19468893.826830197,0.1420226432285136,1.9363109554124172,0.19528175997077016,1.35
2023-07-27,71671257.55210981,19709595.826830197,0.14408820071073458,1.9085532239525878,0.19417229832118557,1.35
2023-07-28,70733947.55210981,19451835.576830197,0.13945773836472797,1.9719235606760261,0.19614411211539792,1.35
2023-07-31,69579298.4827098,19134307.082745194,0.13646249405566402,2.015205730358596,0.19988177162802953,1.35
2023-08-01,71244748.48270983,19592305.832745202,0.13792770578167046,1.9937981164952097,0.2062477110210781,1.3333481309370534
2023-08-02,71232898.48270981,19589047.0827452,0.13853122500475754,1.985112020705482,0.20312443598650676,1.35
2023-08-03,69821788.4827098,19200991.832745194,0.1382415425692138,1.9892717839307599,0.20919794529880054,1.3145444598282905
2023-08-04,70561888.48270981,19404519.3327452,0.14214780075355263,1.9346060828389362,0.20741544175457327,1.3258414979796778
2023-08-07,69920006.18270983,19228001.700245205,0.14305996960667183,1.9222707844555207,0.20643255899990745,1.3321541976337332
2023-08-08,69974896.18270981,19243096.4502452,0.1423354843408017,1.9320551110189246,0.20319283470089491,1.35
2023-08-09,69591406.18270978,19137636.70024519,0.14366792422652927,1.9141363772082634,0.20094389553191466,1.35
2023-08-10,70213860.1827098,19308811.550245196,0.14215357671834852,1.9345274761876905,0.19891690120535274,1.35
2023-08-11,70725850.18270983,19449608.800245203,0.10282202112686488,2.674524357585782,0.19643515076329698,1.35
2023-08-14,71326239.54930979,19614715.876060195,0.10357575515735566,2.6550615014315953,0.19425460939819264,1.35
2023-08-15,73412259.54930982,20188371.376060203,0.1038201259563271,2.6488120435885554,0.20575312169270854,1.3365532330085927
2023-08-16,74668901.12254983,20533947.808701206,0.10489880746465137,2.621574130789514,0.20640080352602225,1.3323591541412243
2023-08-17,75710431.12254982,20820368.558701202,0.10521220158265357,2.6137652844757078,0.20532486051071855,1.3393409805124121
2023-08-18,75893371.12254982,20870677.058701202,0.11002518471001627,2.4994277512443484,0.20211709913498702,1.35
2023-08-21,77712355.31754981,21370897.7123262,0.10739089638477876,2.5607384727908613,0.20690294212089902,1.3291256140732404
2023-08-22,77524550.31754981,21319251.3373262,0.10589012184941494,2.597031670159698,0.20447110721264358,1.3449332952161726
2023-08-23,76332954.31754981,20991562.4373262,0.10659024245816243,2.5799734915505033,0.20833359565064524,1.3199983379596045
2023-08-24,75612879.50664982,20793541.8643287,0.10813709341869969,2.5430681675086104,0.20812795661701347,1.3213025509400502
2023-08-25,75685554.05879982,20813527.36616995,0.10994265991286101,2.5013038634681126,0.20492646397964176,1.3419447867275924
2023-08-28,77069547.40849982,21194125.537337452,0.11058050979094754,2.4868758565129383,0.20619408881332085,1.3336948773976398
2023-08-29,77797197.4084998,21394229.28733745,0.11050017228547254,2.488683902587492,0.20364549931217152,1.35
2023-08-30,78039312.40849984,21460810.912337456,0.10871910684485454,2.5294541868563485,0.2004424566310306,1.35
2023-08-31,78756262.40849982,21657972.162337452,0.11048702941438684,2.4889799414246125,0.19790630469382645,1.35
2023-09-01,77804232.40849982,21396163.912337452,0.10664714890476434,2.5785968291151824,0.19971123479659728,1.35
2023-09-04,74887641.93269983,20594101.531492453,0.09914752647394012,2.7736445858009464,0.22693157348564746,1.2118190332708052
2023-09-05,73365811.4326998,20175598.143992446,0.10137582145386481,2.71267838875318,0.23182076660905626,1.1862612828977546
2023-09-06,73487924.43269978,20209179.218992442,0.10114617055484039,2.718837485309421,0.2281724078317001,1.20522898720883
2023-09-07,74316674.43269978,20437085.468992442,0.10109311124612506,2.7202644830118516,0.2262952093673123,1.2152267861474357
2023-09-08,73685714.43269983,20263571.468992453,0.13600079668330783,2.022046978447975,0.22449545096918586,1.2249691421932036
2023-09-11,73960022.66419978,20339006.232654944,0.13615929022951861,2.019693254396691,0.2210642415032447,1.243982283746979
2023-09-12,74840297.66419983,20581081.857654955,0.13627347912386026,2.0180008741836692,0.21955374148837345,1.2525407134296673
2023-09-13,74531342.66419983,20496119.232654955,0.13665427674209749,2.012377560045173,0.21670205884883353,1.2690234761075059
2023-09-14,74918827.66419983,20602677.607654955,0.13711702041654195,2.005586171319864,0.21353676588360337,1.2878344338599734
2023-09-15,74963397.6641998,20614934.357654948,0.08593383558259467,3.0,0.21019324092310787,1.3083199002607298
2023-09-18,73846302.65059981,20307733.22891495,0.08466669851510447,3.0,0.2119174427840127,1.2976751530560955
2023-09-19,74021057.65059981,20355790.85391495,0.0855179922454337,3.0,0.20861094729430882,1.3182433787236936
2023-09-20,73162317.65059981,20119637.35391495,0.08704951404723171,3.0,0.20835582718185025,1.3198574943621981
2023-09-21,73904777.65059981,20323813.85391495,0.08764563474649731,3.0,0.20674839095261646,1.3301191788381355
2023-09-22,74963097.65059981,20614851.85391495,0.1274106048988284,2.1583760646797523,0.20683786578847446,1.3295437900197273
2023-09-25,74087763.11984982,20374134.8579587,0.12941344971707885,2.1249723317104956,0.20682446578335092,1.329629930184677
2023-09-26,73506141.11984982,20214188.8079587,0.13004925720949603,2.114583396328079,0.20505952231112404,1.3410740301187265
2023-09-27,73922906.11984982,20328799.1829587,0.1295546229427145,2.122656789496408,0.20229588862148193,1.35
2023-09-28,75137936.11984982,20662932.4329587,0.1201080687966334,2.2896047097853947,0.20375712826361295,1.349646033704479
2023-10-09,71496409.80674982,19661512.6968562,0.11034994468354298,2.4920719334172183,0.2438856177063123,1.1275777661114716
2023-10-10,70327386.43814982,19340031.270491205,0.11075193431645003,2.483026609849054,0.2442323881677758,1.1259767881853917
2023-10-11,70111565.89239982,19280680.62040995,0.11172062424764444,2.4614971662745453,0.24047782456695516,1.143556585706858
2023-10-12,69732785.89239982,19176516.12040995,0.11274339386384048,2.4391673035150587,0.2370437740455715,1.1601232772607284
2023-10-13,68749364.39239982,18906075.207909953,0.08146362501523409,3.0,0.23618797630479335,1.1643268395895012
2023-10-16,68619015.44074982,18870229.2462062,0.0813668345000037,3.0,0.23247389409691743,1.1829285222251822
2023-10-17,67604271.79649982,18591174.744037453,0.0800279604640004,3.0,0.23185942565413845,1.186063491808238
2023-10-18,68994085.52519982,18973373.519429952,0.08052720331294329,3.0,0.2365112001734616,1.162735632808552
2023-10-19,69751785.52519982,19181741.019429952,0.08107160411619342,3.0,0.23518672640861146,1.1692836759937604
2023-10-20,69465730.52519982,19103075.894429952,0.10832032302657289,2.538766431969905,0.23167872127336578,1.1869885956229789
2023-10-23,69814730.62419982,19199050.921654955,0.10834737730867672,2.5381325033511204,0.228603135209408,1.2029581298090726
2023-10-24,68556910.62419978,18853150.42165494,0.10962526095908524,2.508545909894222,0.23016615159799045,1.194789060384155
2023-10-25,68475200.62419984,18830680.17165496,0.10769144675109932,2.553591843144152,0.22654129290386982,1.2139067296516803
2023-10-26,68122880.62419982,18733792.171654955,0.10960439779753324,2.5090234107940983,0.22325075761996288,1.231798731308806
2023-10-27,67626080.62419982,18597172.171654955,0.04661226470520364,3.0,0.2203726142175393,1.2478864534798126
2023-10-30,66703699.36809982,18343517.326227453,0.04692118543309886,3.0,0.2195354004523989,1.2526453566636846
2023-10-31,66639929.36809982,18325980.576227453,0.046664492973270494,3.0,0.21609206486059537,1.2726057302354308
2023-11-01,66961559.36809982,18414428.826227453,0.04835635437355126,3.0,0.2134913325809456,1.2881084991857144
2023-11-02,67342689.36809982,18519239.576227453,0.048458168009211156,3.0,0.21110975374364316,1.3026399544473
2023-11-03,67507429.36809982,18564543.076227453,0.049502664208601284,3.0,0.20805792807923118,1.3217472774951236
2023-11-06,67090520.13689982,18449893.037647452,0.04987819147646667,3.0,0.2052379757442663,1.3399079726973122
2023-11-07,67886640.13689983,18668826.037647456,0.049938790190703554,3.0,0.20536194405234295,1.3390991270023604
2023-11-08,67839550.13689983,18655876.287647456,0.05000724767427724,3.0,0.20212948538107142,1.35
2023-11-09,68370520.13689983,18801893.037647456,0.050546483650258205,3.0,0.20045480579703787,1.35
2023-11-10,69049570.13689983,18988631.787647456,0.10056935991182847,2.7344312446763013,0.1995119701084695,1.35
2023-11-13,68839672.84769982,18930910.03311745,0.10196541667656918,2.6969928527070177,0.1965092934147371,1.35
2023-11-14,67130642.34769987,18460926.645617466,0.10242427041154528,2.684910508954936,0.20496316793268304,1.3417044768273658
2023-11-15,68411602.84769985,18813190.783117462,0.10394311551585464,2.6456778655826776,0.2095087679441792,1.3125942302962237
2023-11-16,69392692.8476999,19082990.533117473,0.10420645080837297,2.638992095659243,0.2103584834912169,1.3072921777907858
2023-11-17,70143092.84769984,19289350.53311746,0.13916201826456512,1.9761139097392884,0.20927341978399583,1.3140703692033355
2023-11-20,69487806.47864987,19109146.781628717,0.13863094196363693,1.983684133605129,0.20769003147471307,1.3240885855105768
2023-11-21,71466371.47864985,19653252.156628713,0.14016188272714808,1.962017023810533,0.21933544215742318,1.2537873373087822
2023-11-22,69825504.97864985,19202013.86912871,0.14056453318940834,1.9563967791892578,0.22579842704873612,1.2179004238175861
2023-11-23,68387875.22624983,18806665.687218703,0.13636716901847026,2.0166144239802515,0.22956366589704616,1.1979247627249991
2023-11-24,68323772.08299983,18789037.322824955,0.1413971645071017,1.944876341464316,0.2259504855037207,1.217080810368392
2023-11-27,69235509.03999984,19039764.985999957,0.13988149512380493,1.9659498188563522,0.22575006507305512,1.2181613321396259
2023-11-28,69526429.03999984,19119767.985999957,0.13545403247281562,2.03020903091379,0.22252535515257252,1.2358142280525684
2023-11-29,68841254.03999984,18931344.860999957,0.1337624835700667,2.0558828803141287,0.22072684729545908,1.2458837851831062
2023-11-30,68361604.03999983,18799441.110999953,0.13485380200166355,2.0392454340783632,0.21803646918008127,1.2612568944733336
2023-12-01,69780709.03999983,19189694.985999953,0.09354000788537184,2.9399185035027737,0.22263940941222868,1.2351811421257544
2023-12-04,69229212.82714981,19038033.5274662,0.09332757371386505,2.9466104073714403,0.22027243237014726,1.2484540032585112
2023-12-05,69356526.82714982,19073044.8774662,0.09488274216874448,2.89831421093338,0.21687182085208018,1.2680301152982287
2023-12-06,68740526.82714982,18903644.8774662,0.09479517971417308,2.900991388266592,0.2148657455847202,1.279868967720447
2023-12-07,70883143.82714984,19492864.552466206,0.09449464729021918,2.9102177518626955,0.2289487962220694,1.201141934519119
2023-12-08,71383408.54014984,19630437.348541208,0.07945689882335323,3.0,0.22604777967330397,1.2165569615301877
2023-12-11,71153830.94014977,19567303.50854119,0.0809179813516437,3.0,0.22277587180017774,1.2344245262191837
2023-12-12,70690916.19014977,19440001.952291187,0.08130783463244613,3.0,0.22018963038641168,1.2489234825336752
2023-12-13,69405986.19014977,19086646.202291187,0.0699676399738189,3.0,0.222872347085757,1.233890177924071
2023-12-14,68646376.19014977,18877753.452291187,0.07150187744733742,3.0,0.22143632508794864,1.2418919971272884
2023-12-15,68104366.19014977,18728700.702291187,0.06714376485135033,3.0,0.21893944989342465,1.2560550423135919
2023-12-18,66731362.86837977,18351124.788804438,0.06860693503260569,3.0,0.22222742608024987,1.2374710216942042
2023-12-19,67162062.86837977,18469567.288804438,0.07020482783845661,3.0,0.2197814892524487,1.2512427726983204
2023-12-20,67586922.86837977,18586403.788804438,0.07189713222976712,3.0,0.21728638397862812,1.2656108264337838
2023-12-21,67433262.86837977,18544147.288804438,0.0698034864088001,3.0,0.2139038979309898,1.285624070715725
2023-12-22,68860502.86837977,18936638.288804438,0.07482097432562825,3.0,0.21927039913069873,1.254159253096826
2023-12-25,69444731.96837981,19097301.29130445,0.07404378784298803,3.0,0.21715323599393177,1.2663868384981596
2023-12-26,69390981.96837981,19082520.04130445,0.0754526501108655,3.0,0.21374763434706653,1.286563946497189
2023-12-27,69966231.96837983,19240713.791304454,0.07531138388935717,3.0,0.21161717632176705,1.2995164418121639
2023-12-28,69648141.96837981,19153239.04130445,0.0753926692599987,3.0,0.20872898874607995,1.317497879197504
2023-12-29,69703561.96837975,19168479.54130443,0.09392223708237545,2.9279541090871644,0.20544860679300656,1.3385342655405195
2024-01-02,68737681.76837982,18902862.486304455,0.09127795987401176,3.0,0.2059710433165181,1.3351391320449075
2024-01-03,68273478.25977983,18775206.521439455,0.08368358945453923,3.0,0.20353927865205465,1.35
2024-01-04,67370068.71697982,18526768.897169452,0.08363477255729669,3.0,0.20347839797017286,1.35
2024-01-05,67021405.98137982,18430886.644879453,0.0805655069481205,3.0,0.20063835199802296,1.35
2024-01-08,66103746.58137985,18178530.30987946,0.08026498703837004,3.0,0.20063051974244492,1.35
2024-01-09,65654527.08137985,18054994.947379462,0.07981060426130661,3.0,0.19804847487808663,1.35
2024-01-10,65876238.081379846,18115965.472379457,0.08019025166887161,3.0,0.19540880751655915,1.35
2024-01-11,65678168.08137983,18061496.222379453,0.08124839154696839,3.0,0.19238445177045763,1.35
2024-01-12,64866401.58137981,17838260.43487945,0.0930358692001492,2.9558492048737586,0.19178273073155874,1.35
2024-01-15,64153989.77497982,17642347.188119452,0.09452796141724261,2.90919211497814,0.1904953129115713,1.35
2024-01-16,63560863.93057982,17479237.580909453,0.09646348294551799,2.850819725795288,0.18855868991118613,1.35
2024-01-17,64353050.54917983,17697088.901024453,0.09679858334360407,2.8409506678815517,0.19007884676198167,1.35
2024-01-18,64484315.549179815,17733186.77602445,0.09689099654245979,2.838241011170619,0.18739467183622757,1.35
2024-01-19,64035265.54917982,17609698.026024453,0.09504905903475526,2.893242740040642,0.1850235317124237,1.35
2024-01-22,64839566.91397983,17830880.901344456,0.09634318182586922,2.8543794671120093,0.18648873347395628,1.35
2024-01-23,64323001.913979836,17688825.526344456,0.09713340076232573,2.831157952277337,0.18445491524757443,1.35
2024-01-24,65079221.913979836,17896786.026344456,0.09650841078430691,2.8494925754669804,0.18533257200969083,1.35
2024-01-25,64729231.91397981,17800538.77634445,0.09711858060199989,2.831589983043236,0.18278334666102675,1.35
2024-01-26,65490247.60297981,18009818.09081945,0.10411949384381661,2.6411960896824085,0.18356061229075907,1.35
2024-01-29,66627726.296179794,18322624.731449444,0.1045466922089241,2.630403642522188,0.1877131561118946,1.35
2024-01-30,68905696.29617982,18949066.48144945,0.10354245885731961,2.6559152934444703,0.20829203104275484,1.320261743203956
2024-01-31,70076686.2961798,19271088.731449448,0.1045270151048177,2.6308988133281646,0.20995631324573832,1.3097962892791553
2024-02-01,70071006.2961798,19269526.731449448,0.10512144350854973,2.6160219154299735,0.2066820997948824,1.330545800884152
2024-02-02,71041596.29617982,19536438.98144945,0.11164029036522816,2.4632684051639875,0.2064580065004899,1.3319899996193536
2024-02-05,71764795.66067983,19735318.806686956,0.11168324671660562,2.4623209665260535,0.20460983019377688,1.3440214467680256
2024-02-06,70971505.66067979,19517164.05668694,0.10418093224381739,2.639638502719579,0.2045701421752064,1.3442821961988627
2024-02-07,71723680.6606798,19724012.18168695,0.10453459221940796,2.6307081145234843,0.20295206556401926,1.35
2024-02-08,71025995.6606798,19532148.80668695,0.11017904083968638,2.495937502307111,0.20229063528846802,1.35
2024-02-19,70707313.30467983,19444511.158786952,0.1077671199297421,2.551798732111279,0.19977373826124875,1.35
2024-02-20,70145432.80467983,19289994.021286953,0.10764779923383423,2.5546272376887216,0.19826865184104087,1.35
2024-02-21,69878164.30467983,19216495.183786955,0.10876582118597534,2.528367799750125,0.19558836173344207,1.35
2024-02-22,70273655.30467983,19325255.208786953,0.10972246847435153,2.5063234889240884,0.19299008626839786,1.35
2024-02-23,70008375.30467986,19252303.20878696,0.10696237379027092,2.5709975410532024,0.19039928811723572,1.35
2024-02-26,70223955.65757981,19311587.80583445,0.10773382678368203,2.552587318300412,0.1875109574012572,1.35
2024-02-27,69461015.65757984,19101779.305834457,0.10533426987463398,2.6107362810536174,0.18741385323277365,1.35
2024-02-28,69444691.65757984,19097290.205834456,0.10603067102586627,2.593589169429226,0.18447290188299345,1.35
2024-02-29,69703694.65757981,19168516.030834448,0.10805152850148478,2.545081997578786,0.1817965262813437,1.35
2024-03-01,67612924.65757985,18593554.280834462,0.08585541065476571,3.0,0.19812327520454193,1.35
2024-03-04,68798942.00077982,18919709.050214455,0.08624096781314738,3.0,0.201298214880206,1.35
2024-03-05,69383267.00077984,19080398.42521446,0.087178756450079,3.0,0.19948108709780055,1.35
2024-03-06,70163057.00077982,19294840.675214455,0.08682593766660866,3.0,0.1986355529602645,1.35
2024-03-07,70059007.00077982,19266226.925214455,0.08739419983637489,3.0,0.19560701406899023,1.35
2024-03-08,70441327.00077982,19371364.925214455,0.08751041836463568,3.0,0.19298325459101645,1.35
2024-03-11,70953435.21217982,19512194.683349453,0.08625846869982709,3.0,0.19078589390701728,1.35
2024-03-12,70796115.52357984,19468931.768984456,0.0856401316977365,3.0,0.18800013140609992,1.35
2024-03-13,70645793.93112983,19427593.331060704,0.0869507764995101,3.0,0.18523560184838012,1.35
2024-03-14,72005348.93112983,19801470.956060704,0.08532276084756521,3.0,0.18938043861576273,1.35
2024-03-15,73359328.93112981,20173815.4560607,0.08772470033237882,3.0,0.19258071642512747,1.35
2024-03-18,75362074.37922981,20724570.4542882,0.08758643087780467,3.0,0.20225148460523998,1.35
2024-03-19,74773774.37922984,20562787.954288207,0.08627025153726357,3.0,0.2012255696918733,1.35
2024-03-20,73561670.91042982,20229459.500368204,0.0863876306443321,3.0,0.20473860383523848,1.3431761028384455
2024-03-21,74693161.01822981,20540619.2800132,0.08566897583008404,3.0,0.20501040215622723,1.341395349248852
2024-03-22,73283371.01822981,20152927.0300132,0.08776868188816876,3.0,0.21018967112460957,1.3083421203745453
2024-03-25,73154545.06832981,20117499.8937907,0.08792634419631352,3.0,0.20709097457846676,1.3279188074698183
2024-03-26,74763900.56832983,20560072.656290703,0.08701507056222942,3.0,0.21167079001966138,1.2991872897269208
2024-03-27,75138600.56832981,20663115.1562907,0.08742357977663807,3.0,0.20849065533836544,1.3190039599314158
2024-03-28,75743290.5683298,20829404.906290695,0.0892433707571892,3.0,0.20584565983864064,1.3359523840122178
2024-03-29,78082480.56832981,21472682.1562907,0.09422793696737738,2.9184550659875708,0.2175606650362419,1.2640152573269148
2024-04-01,79098402.4666298,21752060.678323198,0.09208867885156372,2.9862519848207203,0.21583430200294026,1.2741255557990674
2024-04-02,78531362.4666298,21596124.678323198,0.09309288080148306,2.9540389945223287,0.21454208512446554,1.2817997915908206
2024-04-03,79663335.54292981,21907417.2743057,0.09257001163691561,2.9707244834171966,0.21343183179106734,1.2884675996652786
2024-04-08,80899762.34897982,22247434.64596945,0.08743637415402507,3.0,0.2126694480851095,1.293086536294325
2024-04-09,80312007.46397981,22085802.05259445,0.08857698957499298,3.0,0.21165187822715706,1.299303376390802
2024-04-10,80121583.66377981,22033435.50753945,0.08692298298721664,3.0,0.20898888140049493,1.3158594761460298
2024-04-11,80319839.65427981,22087955.904926952,0.08706558800403177,3.0,0.205715381430837,1.336798435232501
2024-04-12,81532326.33227982,22421389.74137695,0.09178100685944264,2.9962626191402193,0.2050695311294416,1.3410085763858197
2024-04-15,83628176.06812982,22997748.4187357,0.09441278170318633,2.9127412098135337,0.21086739725371514,1.3041371192585105
2024-04-16,80653121.06812982,22179608.2937357,0.08549365058218641,3.0,0.23559525213229648,1.1672561204483702
2024-04-17,79431504.57182983,21843663.757253204,0.08475037096252865,3.0,0.23745435192187028,1.1581173298120195
2024-04-18,77647526.22302984,21353069.711333208,0.08145053158809665,3.0,0.24394086521960506,1.1273223932875467
2024-04-19,77598651.99132983,21339629.297615707,0.08817307987812172,3.0,0.24019891997424556,1.1448844150901507
2024-04-22,77761323.45307983,21384363.949596956,0.08829830910163146,3.0,0.23641765849598106,1.1631956840680528
2024-04-23,77294893.95307982,21256095.837096952,0.08605911926944841,3.0,0.2337025773760438,1.1767093161215154
2024-04-24,74967244.45307982,20615992.22459695,0.08273582428129464,3.0,0.24633464695635676,1.1163675244137374
2024-04-25,76284895.95307983,20978346.387096956,0.08354784493495523,3.0,0.24704200244055377,1.113171028745097
2024-04-26,75579215.9530798,20784284.38709695,0.09095067594883718,3.0,0.244849703443756,1.1231379745704686
2024-04-29,74596418.1030798,20514014.978346944,0.09062100006442594,3.0,0.2440240430575246,1.1269381350884895
2024-04-30,75273779.10307983,20700289.253346954,0.09131926090553787,3.0,0.24141170229714307,1.139132848090001
2024-05-06,76481537.88297981,21032422.917819448,0.08538651095695575,3.0,0.241464991877407,1.1388814496952788
2024-05-07,77589962.88297983,21337239.792819455,0.08601661863087193,3.0,0.24057321031825044,1.1431031727772472
2024-05-08,76703657.88297984,21093505.91781946,0.08599920943163293,3.0,0.23950686541306138,1.148192556091142
2024-05-09,77514797.88297981,21316569.417819448,0.0875253816464069,3.0,0.23720444154293405,1.1593374820944278
2024-05-10,77848312.88297981,21408286.042819448,0.07438253164080773,3.0,0.2336083286312068,1.1771840567984948
2024-05-13,77097884.93007979,21201918.355771944,0.07404834110242159,3.0,0.23200894263411403,1.1852991392391472
2024-05-14,78026214.93007979,21457209.105771944,0.07587203293090362,3.0,0.23036137048691066,1.1937765408268648
2024-05-15,77165874.93007985,21220615.60577196,0.07778555168449018,3.0,0.2293938624974687,1.1988114982938332
2024-05-16,77439854.93007982,21295960.10577195,0.07794407876529856,3.0,0.22588467297669662,1.2174354123990094
2024-05-17,77050074.93007983,21188770.605771955,0.07773339795654173,3.0,0.2229973191274994,1.2331986818315424
2024-05-20,78687435.08007984,21639044.647021957,0.07690497276671178,3.0,0.22662728747308944,1.2134461082170194
2024-05-21,79192812.08007984,21778023.322021957,0.07773170386900226,3.0,0.22346009268032482,1.2306447952360184
2024-05-22,80440792.08007987,22121217.822021965,0.07848803360142664,3.0,0.22336701017317134,1.2311576350813793
2024-05-23,77626942.08007987,21347409.072021965,0.07508238536836245,3.0,0.2430000277114512,1.1316871137420073
2024-05-24,77159891.08007984,21218970.04702196,0.10646254424132535,2.583068082391871,0.23997789596044075,1.1459388744925596
2024-05-27,76747786.96847986,21105641.41633196,0.10766342439087243,2.554256485485838,0.23681978679834143,1.1612205370076196
2024-05-28,77406336.96847986,21286742.66633196,0.10883077059535007,2.5268588883055263,0.2341405090823847,1.1745084226464995
2024-05-29,76315316.96847986,20986712.16633196,0.10857741329673483,2.5327551251238907,0.2341904905112114,1.174257756579723
2024-05-30,79021221.96847986,21730836.04133196,0.11026550079537432,2.4939804201346027,0.25031118582498296,1.098632484575737
2024-05-31,76757106.96847986,21108204.41633196,0.07392508264600815,3.0,0.2602795223579063,1.0565564186868754
2024-06-03,74989043.37447986,20621986.92798196,0.07142572019553947,3.0,0.2644677005076839,1.0398245209985864
2024-06-04,76043603.37447986,20911990.92798196,0.07139960457880488,3.0,0.26330560133572933,1.044413786128916
2024-06-05,76685538.37447986,21088523.05298196,0.07133508267175812,3.0,0.2601566162037509,1.057055569113891
2024-06-06,76398278.37447986,21009526.55298196,0.07164843023890063,3.0,0.25633488837334073,1.0728153383454941
2024-06-07,76708998.37447986,21094974.55298196,0.10910365758761016,2.5205387800970396,0.25250573758875144,1.0890841634968482
2024-06-11,73437358.88597986,20195273.693644464,0.1081167977634259,2.5435455515593146,0.2760473629672779,0.9962058577339062
2024-06-12,71877930.88597985,19766430.99364446,0.10944058176567031,2.5127790401262553,0.27756702891398155,0.9907516792465396
2024-06-13,72240810.38597986,19866222.85614446,0.11168972082981993,2.462178237682353,0.2738001737472358,1.0043821237815278
2024-06-14,72628945.38597985,19972959.981144458,0.10074458068259404,2.729675364538121,0.27012366729411574,1.0180522230974114
2024-06-17,71947257.42197984,19785495.79104446,0.10187602003978811,2.6993594752975,0.26687554206128156,1.0304428718943937
2024-06-18,71689499.42197987,19714612.341044467,0.10347413016882519,2.6576691154718435,0.26274733312715864,1.046632887675825
2024-06-19,72099109.42197986,19827255.091044463,0.10287738412577832,2.6730850744006465,0.25936688232554367,1.0602741473170598
2024-06-20,73063739.42197987,20092528.341044467,0.10311338983624346,2.6669669228868655,0.2584798943903925,1.0639125362093214
2024-06-21,73199609.42197989,20129892.59104447,0.10698213091200715,2.570522737354967,0.2545107489651253,1.0805044624566418
2024-06-24,74257465.62387985,20420803.04656696,0.10753626041207515,2.5572769496187586,0.2540034784261548,1.0826623387362369
2024-06-25,75504055.6238799,20763615.296566974,0.10699539865247813,2.570203985062966,0.2544229588746631,1.0808772966730327
2024-06-26,75181685.62387985,20674963.54656696,0.1070869393134066,2.568006908808643,0.25074737223443494,1.096721363615688
2024-06-27,76007765.62387988,20902135.546566967,0.10765217962360946,2.5545232893704375,0.24861462215031238,1.1061296299528796
2024-06-28,76578445.62387986,21059072.546566963,0.1052418930737911,2.613027872913516,0.24546474444878685,1.1203238192822242
2024-07-01,73729056.16457984,20275490.445259456,0.09761772160449003,2.817111437144535,0.2637237651730957,1.042757750024929
2024-07-02,75165066.16457984,20670393.195259456,0.09585294939728292,2.868977968118686,0.2654152510277014,1.0361122766502149
2024-07-03,75973516.1645799,20892716.945259474,0.09633609098680837,2.8545895643373855,0.2628822563429739,1.0460957077347073
2024-07-04,75115886.16457988,20656868.69525947,0.09569752388558976,2.873637570066845,0.2608271012588468,1.0543382902802265
2024-07-05,75157686.16457985,20668363.695259463,0.1043929939363593,2.6342763975870565,0.2567216638977013,1.0711990403333562
2024-07-08,73877271.21457988,20316249.58400947,0.10044688092051718,2.737765448561866,0.25718282517324387,1.069278245212347
2024-07-09,74820654.21457987,20575679.909009464,0.10072316529437987,2.7302557380545744,0.2557592894066741,1.0752297624769043
2024-07-10,74644214.21457985,20527158.90900946,0.10131855562491804,2.7142116101422906,0.25182047450347217,1.0920478191546266
2024-07-11,74088784.21457988,20374415.659009468,0.1016455708386071,2.705479419626116,0.24871265240337276,1.105693648242685
2024-07-12,74022444.21457988,20356172.159009468,0.09255007693284911,2.9713643587733567,0.2448020915401095,1.1233564152573539
2024-07-15,73852767.5815799,20309511.084934473,0.09297674091662196,2.9577289684374897,0.2410119160912926,1.141022421048398
2024-07-16,73605067.5815799,20241393.584934473,0.09471604611411985,2.903415115836473,0.23736444581836524,1.1585559878265597
2024-07-17,74163922.58157985,20395078.70993446,0.09436071595041735,2.914348383542375,0.23469306835486228,1.1717431704637844
2024-07-18,74441712.58157988,20471470.95993447,0.09510908849482705,2.8914166285481455,0.23125594778990344,1.189158603824703
2024-07-19,75205397.5815799,20681484.334934473,0.09805050092128609,2.8046771553035423,0.2294206045114815,1.1986717609151687
2024-07-22,76360579.70917985,20999159.42002446,0.09623485183737579,2.85759259508929,0.22968779541231596,1.197277371687701
2024-07-23,77995679.70917988,21448811.92002447,0.09636936213974305,2.8536040282307638,0.23328781970951964,1.1788013636649297
2024-07-24,78578719.70917983,21609147.920024455,0.09730121197906376,2.8262751758854927,0.23024033004434397,1.1944041252331223
2024-07-25,79702009.70917982,21918052.67002445,0.09739379476683199,2.823588511551178,0.22936748109923014,1.1989493832433382
2024-07-26,79597259.70917983,21889246.420024455,0.11921492859745847,2.306758081687621,0.22593993512443747,1.217137642570989
2024-07-29,81358678.95917986,22373636.713774465,0.11854033047606809,2.3198855519937944,0.22942756224455008,1.1986354094059268
2024-07-30,82643118.95917982,22726857.71377445,0.11824072010532297,2.325763914115574,0.22882575970249708,1.2017877723099681
2024-07-31,84206108.95917983,23156679.963774458,0.11671881533558373,2.3560897119229205,0.22958514149453588,1.1978127077816358
2024-08-01,84272528.9591799,23174945.463774472,0.1168487472786985,2.3534698180725164,0.2260874863538724,1.2163433033598758
2024-08-02,85075838.95917986,23395855.713774465,0.11745495830026471,2.3413230397390574,0.22319566972315738,1.232102756926685
2024-08-05,86391978.70917985,23757794.14502446,0.11792412406713249,2.3320079939151936,0.22218395195531185,1.2377131542574737
2024-08-06,86075208.70917983,23670682.395024456,0.11261114040276693,2.442031925228981,0.2196966764769132,1.2517258085554077
2024-08-07,87848138.70917982,24158238.145024452,0.11173315453449897,2.461221122286406,0.22131817132934206,1.2425549983004984
2024-08-08,86631106.70917983,23823554.345024455,0.10824964534531771,2.540424027466756,0.22355126861348346,1.2301428737381517
2024-08-09,84704256.70917983,23293670.595024455,0.11056364200187516,2.487255258788744,0.23151907492914886,1.1878070957399838
2024-08-12,83116653.00917982,22857079.57752445,0.10734631688876665,2.5618019133805756,0.2356478407010242,1.1669956286546392
2024-08-13,85718573.00917986,23572607.577524465,0.10646893596462391,2.5829130112784577,0.24573558448919836,1.1190890426864002
2024-08-14,89821313.00917983,24700861.077524457,0.10534910675438647,2.6103685970602664,0.2721436967198672,1.0104955702247
2024-08-15,89984439.25917985,24745720.79627446,0.10673451752206749,2.5764860926376834,0.26795854191895957,1.0262781624001
2024-08-16,89989408.45917986,24747087.326274466,0.091673173235929,2.9997870728469636,0.264012392861266,1.0416177703616656
2024-08-19,90709672.60917985,24945159.96752446,0.08839183400400445,3.0,0.2600658215105511,1.0574246104417186
2024-08-20,89446772.60917987,24597862.467524465,0.08880508575317064,3.0,0.2609803046351901,1.0537193616369145
2024-08-21,87275728.6091799,24000825.367524475,0.08663692380596116,3.0,0.26848577405184354,1.0242628346740583
2024-08-22,88681763.60917987,24387484.992524467,0.08368953404719415,3.0,0.26680150678293163,1.0307288115270603
2024-08-23,90930908.60917987,25005999.867524467,0.08772473577616068,3.0,0.26967483471424814,1.0197466155542267
2024-08-26,90619502.10027985,24920363.07757696,0.08425669569823815,3.0,0.26623359920333206,1.0329274773090258
2024-08-27,88206037.10027987,24256660.202576965,0.08494528654511396,3.0,0.2753802125485572,0.9986193178331935
2024-08-28,89418762.10027987,24590159.577576965,0.08671685073694918,3.0,0.27274368032298274,1.008272674455171
2024-08-29,89357222.10027985,24573236.07757696,0.08886325040044243,3.0,0.2686629022258399,1.0235875430573333
2024-08-30,89313052.10027987,24561089.327576965,0.09363794653868995,2.936843557183024,0.26461557570097327,1.0392434355820444
2024-09-02,90892692.93877989,24995490.558164474,0.08648116375753069,3.0,0.26366574042345436,1.0429872290512319
2024-09-03,92486602.93877988,25433815.808164466,0.08694536156954365,3.0,0.262481677095224,1.0476921781486277
2024-09-04,93157897.10822988,25618421.70476322,0.0878644357935222,3.0,0.25852310112048393,1.063734725477539
2024-09-05,93349592.10822989,25671137.829763222,0.08959207237964066,3.0,0.2545059666417838,1.0805247657987582
2024-09-06,95165342.1082299,26170469.079763226,0.08175040073226811,3.0,0.25421798531887846,1.0817487978085172
2024-09-09,96063344.09537987,26417419.62622947,0.0823049190707247,3.0,0.25061094107582466,1.0973184124343407
2024-09-10,96714544.09537987,26596499.62622947,0.08261461196030279,3.0,0.24674336177956438,1.1145183319893306
2024-09-11,96704934.09537987,26593856.87622947,0.08318139926835702,3.0,0.2432099708338724,1.1307102215305234
2024-09-12,96437714.09537987,26520371.37622947,0.0804360701004764,3.0,0.24022193971614333,1.1447747042795173
2024-09-13,97690894.09537987,26864995.87622947,0.0919485537444546,2.9908028870610184,0.23769468148552322,1.156946374573168
2024-09-18,100540947.40137988,27648760.53537947,0.09253386959152811,2.9718847943345654,0.24382619547437465,1.12785256508217
2024-09-19,100500917.40137988,27637752.28537947,0.08970235807588976,3.0,0.24050538299274898,1.1434255507216278
2024-09-20,101579149.98317985,27934266.245374463,0.08934987708569762,3.0,0.23723628739024533,1.1591818563052907
2024-09-23,100908812.77917989,27749923.51427447,0.08653720220298021,3.0,0.23582830175603567,1.1661026176768532
2024-09-24,100034092.77917987,27509375.514274467,0.07991747116926542,3.0,0.2351694924558677,1.16936936474278
2024-09-25,101508571.4993299,27914857.162315723,0.0802570999644518,3.0,0.2332223563552235,1.1791322422844597
2024-09-26,100927857.31332986,27755160.761165716,0.07897484829331815,3.0,0.23141043719362916,1.188364722589837
2024-09-27,96672368.68382986,26584901.388053212,0.07359390573175917,3.0,0.26217496584871675,1.048917844271538
2024-09-30,92821447.9114299,25525898.175643224,0.0661371558061666,3.0,0.28428817339551327,0.9673283158965914
2024-10-08,90869528.34782986,24989120.295653213,0.06602361394909614,3.0,0.28686167728669887,0.9586501849989397
2024-10-09,93657908.34782988,25755924.79565322,0.06642884249985206,3.0,0.29422043143901583,0.9346733626043244
2024-10-10,94115668.34782986,25881808.795653213,0.06721479315200389,3.0,0.28970672396198816,0.9492358211060445
2024-10-11,94066291.94782989,25868230.285653222,0.059166693663237895,3.0,0.2852298570220098,0.9641346907760067
2024-10-14,93801715.11222988,25795471.65586322,0.060685133973594096,3.0,0.2810453228163981,0.97848986506583
2024-10-15,92584355.11222988,25460697.65586322,0.057634321346810395,3.0,0.27964645534910193,0.983384536938609
2024-10-16,92624495.11222988,25471736.15586322,0.05821433213528741,3.0,0.2752528774849579,0.9990812903128625
2024-10-17,92894685.11222988,25546038.40586322,0.05739294780561247,3.0,0.2709565733646657,1.0149227848032034
2024-10-18,92902135.11222988,25548087.15586322,0.06449804921799858,3.0,0.26671177780016836,1.031075576295103
2024-10-21,93621839.41222988,25746005.83836322,0.06379207985871324,3.0,0.2631270085828597,1.0451226633141366
2024-10-22,94046234.41222988,25862714.46336322,0.06447119452853378,3.0,0.2591217904739933,1.0612770137816732
2024-10-23,95132984.41222988,26161570.71336322,0.06377810882152914,3.0,0.2565478920805142,1.071924613255816
2024-10-24,95180664.41222988,26174682.71336322,0.06430933213153896,3.0,0.2525373087081627,1.088948010916659
2024-10-25,94623709.41222988,26021520.08836322,0.06637613477663992,3.0,0.2494835148591917,1.1022772392605171
2024-10-28,94586744.55052988,26011354.75139572,0.0674130539500731,3.0,0.2456175773934913,1.1196267096122223
2024-10-29,92855659.55052988,25535306.37639572,0.06856641071473826,3.0,0.24798577529437327,1.1089345736607648
2024-10-30,92902434.55052988,25548169.50139572,0.06976892404366714,3.0,0.244083093130062,1.1266654993324903
2024-10-31,92940614.55052988,25558669.00139572,0.07013817765213423,3.0,0.24024310910980767,1.1446738306833435
2024-11-01,94350254.55052988,25946320.00139572,0.06181227305374546,3.0,0.23977357943724278,1.1469153550838875
2024-11-04,94796294.66672988,26068981.03335072,0.06355707121274379,3.0,0.23618529405017297,1.1643400623477498
2024-11-05,96011954.66672988,26403287.53335072,0.06331249154157173,3.0,0.23461264839377127,1.172144817778294
2024-11-06,96835214.66672988,26629684.03335072,0.06465332000043476,3.0,0.2316855592598111,1.1869535627449974
2024-11-07,98437889.66672988,27070419.65835072,0.05847678444177483,3.0,0.2315991229873319,1.1873965516486091
2024-11-08,102067729.66672988,28068625.65835072,0.06666681690965727,3.0,0.24725907383641532,1.1121937639463046
2024-11-11,101655696.76672986,27955316.610850714,0.06637896442240565,3.0,0.24427910900323,1.125761433804656
2024-11-12,101759646.76672982,27983902.860850703,0.06274247217496687,3.0,0.240516236424911,1.1433739529923788
2024-11-13,98223566.7667298,27011480.8608507,0.0624871117952425,3.0,0.25928086833978503,1.0606258832781106
2024-11-14,96968326.76672985,26666289.86085071,0.0638340785759533,3.0,0.25851625011075224,1.0637629158019501
2024-11-15,98276946.76672983,27026160.360850707,0.07726337008917467,3.0,0.2565958541274526,1.071724252658447
2024-11-18,95804461.16592982,26346226.820630703,0.07801111036394141,3.0,0.2635990627365747,1.0432510538735063
2024-11-19,94441020.16592987,25971280.545630716,0.07817248870529638,3.0,0.26294117348103907,1.0458613094302271
2024-11-20,95208640.16592987,26182376.045630716,0.08008960999201792,3.0,0.25964018257611915,1.0591580905215925
2024-11-21,94511415.1659298,25990639.170630697,0.0805108400002561,3.0,0.2565664068539879,1.0718472592419424
2024-11-22,93172950.16592984,25622561.29563071,0.09067582326620001,3.0,0.2558534508556737,1.074834046913547
2024-11-25,92900466.21592982,25547628.2093807,0.09203284342529268,2.9880637147023523,0.2519693786766325,1.0914024610622393
2024-11-26,93539788.71592979,25723441.896880694,0.09437739430842729,2.913833360362698,0.2487288323289953,1.1056217223592948
2024-11-27,93277983.71592985,25651445.521880712,0.09645685712548334,2.8510155544695497,0.24496032215877278,1.1226307900663064
2024-11-28,93027733.71592982,25582626.7718807,0.09778493096467851,2.812294259320329,0.24123330596343132,1.1399752571549444
2024-11-29,92869663.71592984,25539157.52188071,0.10452837998131338,2.630864460438036,0.23748587657340792,1.1579635975320677
2024-12-02,95795453.27117981,26343749.64957445,0.10072888869758459,2.7301006052556036,0.24963647500435998,1.101601839215191
2024-12-03,95519743.27117983,26267929.399574455,0.1021502575066994,2.6921126457460423,0.24594325607177472,1.1181440971072838
2024-12-04,98477803.27117985,27081395.899574462,0.10019213375669364,2.744726453953056,0.25614805585086464,1.0735978420234875
2024-12-05,100069103.27117978,27519003.39957444,0.09854001883159112,2.790744341849438,0.2552518493180258,1.077367316768661
2024-12-06,100144793.27117983,27539818.149574455,0.10045815634191764,2.7374581618242604,0.2512675052572455,1.0944511098578282
2024-12-09,99977126.04467985,27493709.66228696,0.10280931009659341,2.674855027639293,0.24754888320305496,1.1108917012339254
2024-12-10,100663496.04467982,27682461.412286952,0.09127343396806142,3.0,0.24401021739308762,1.127001987613451
2024-12-11,100083216.04467987,27522884.412286963,0.09351913545695661,2.9405746605364236,0.24120304420733332,1.1401182804459777
2024-12-12,100789851.54467985,27717209.174786963,0.09517552098612203,2.8893984204205094,0.2378213061371417,1.1563303745435614
2024-12-13,103912701.54467987,28575992.924786966,0.0970066924914027,2.8348559561946938,0.24744848383929677,1.1113424327085242
2024-12-16,105539963.74467985,29023490.029786963,0.09935403325279066,2.767879581700583,0.24606368603008213,1.1175968483475467
2024-12-17,103413553.7446798,28438727.279786944,0.100918676901621,2.7249663634421157,0.2509472418952694,1.0958478679545274
2024-12-18,101269036.14467987,27848984.939786967,0.10125983657716338,2.715785540404668,0.2554833840712276,1.0763909402551646
2024-12-19,101149666.14467986,27816158.189786963,0.1030410739152763,2.668838644151884,0.2516141258238378,1.092943407289205
2024-12-20,103310516.14467984,28410391.93978696,0.06052109163727163,3.0,0.25351832968492377,1.0847341899963368
2024-12-23,103037303.30707985,28335258.409446962,0.061307395458519466,3.0,0.24993579523385545,1.1002825735413087
2024-12-24,102824153.30707988,28276642.15944697,0.06188511666878143,3.0,0.24630494844492168,1.1165021317527248
2024-12-25,102337923.3070798,28142928.90944695,0.06261761637674337,3.0,0.2431917207922724,1.1307950743721962
2024-12-26,101636213.30707984,27949958.65944696,0.0630935239969318,3.0,0.24062320512974542,1.1428656677219409
2024-12-27,103660263.30707987,28506572.409446966,0.09899554101537764,2.777902895215073,0.24219958910147726,1.135427194654653
2024-12-30,100761396.16507982,27709383.945396952,0.0979701458917498,2.8069775490980273,0.2528160027826908,1.0877475989381005
2024-12-31,102082496.16507983,28072686.445396956,0.09903394488337657,2.7768256664302626,0.25098737493956624,1.0956726411685673
2025-01-02,103000261.16507982,28325071.820396952,0.10093610732720378,2.7244957952314794,0.24786771427684925,1.109462766469239
2025-01-03,103604971.16507983,28491367.070396956,0.10022999149649693,2.743689746891891,0.24421126824025607,1.126074165134157
2025-01-06,103133170.04167989,28361621.761461973,0.10331196411579469,2.661840788272818,0.241067078541076,1.1407613252887292
2025-01-07,102775870.04167984,28263364.26146196,0.10521306499564574,2.613743835058706,0.237730083712537,1.156774084732708
2025-01-08,104739755.04167989,28803432.636461973,0.10636204225914271,2.585508835285282,0.23896677997896895,1.1507875698212207
2025-01-09,103822325.04167987,28551139.38646197,0.10710134362530148,2.567661531512611,0.23718180109765347,1.1594481479073342
2025-01-10,102593915.04167983,28213326.636461955,0.11105988214408069,2.4761416516112975,0.23654657518727207,1.1625617482826993
2025-01-13,101559255.41967987,27928795.240411967,0.1061974305021565,2.5895165137203175,0.23502568849133607,1.1700848607880476
2025-01-14,101285175.41967984,27853423.240411956,0.10632142535072277,2.5864965513099247,0.23156454091893727,1.1875738785769796
2025-01-15,101862815.41967991,28012274.24041198,0.10839495385074484,2.537018470238597,0.22829816842629808,1.2045650733671076
2025-01-16,101309675.41967991,27860160.74041198,0.1081974878502368,2.54164865990831,0.22544126344443172,1.2198299273095756
2025-01-17,98189985.41967987,27002245.990411963,0.10823816360542943,2.540693511786498,0.23880765250055647,1.1515543874765872
2025-01-20,98008629.51967989,26952373.117911972,0.1096845769340178,2.507189321297468,0.23509832835213249,1.169723332052376
2025-01-21,97766979.51967986,26885919.367911965,0.11186697013053845,2.4582770023993707,0.23148694313879561,1.1879719705621354
2025-01-22,98959984.51967989,27213995.742911972,0.11260160881671713,2.44223864019226,0.23044533535388156,1.1933415774187768
2025-01-23,98172484.5196799,26997433.242911976,0.11435524824271388,2.404786874462682,0.22794562168822843,1.2064280856253076
2025-01-24,97369579.51967989,26776634.367911972,0.08080923331269613,3.0,0.22548820774798856,1.2195759713844865
2025-01-27,95875759.87707986,26365833.96619696,0.07934109748988712,3.0,0.22584084160642354,1.2176716932327367
2025-02-05,98516999.8770799,27092174.966196977,0.08154568690925451,3.0,0.23587609913285987,1.1658663213906348
2025-02-06,99201564.87707989,27280430.341196973,0.08299730750219689,3.0,0.23294502748551424,1.180536038774646
2025-02-07,99885754.87707989,27468582.591196973,0.08090898563660535,3.0,0.2300096641026057,1.1956019373052276
2025-02-10,99716538.87707986,27422048.191196963,0.08177385404432509,3.0,0.22647051802053123,1.214286090762018
2025-02-11,101046299.87707989,27787732.466196973,0.0836472077547834,3.0,0.2257757044630841,1.2180229961145552
2025-02-12,100753599.87707989,27707239.966196973,0.08412827513505726,3.0,0.22246409284305663,1.2361545473947846
2025-02-13,100085189.87707987,27523427.21619697,0.08408819674591095,3.0,0.2199180144085022,1.2504660008851385
2025-02-14,99028564.87707986,27232855.34119696,0.0811328148290587,3.0,0.21863230713703394,1.2578195949221542
2025-02-17,98682380.92707989,27137654.75494697,0.08254581437675296,3.0,0.2154287421145062,1.2765241875377524
2025-02-18,96373395.67707987,26502683.811196968,0.08462597334087187,3.0,0.2218499472019459,1.239576585292908
2025-02-19,97045967.8770799,26687641.166196976,0.08634512030820936,3.0,0.21939839822239512,1.2534275647775872
2025-02-20,97289567.87707989,26754631.166196972,0.08491390088926676,3.0,0.21610069724128197,1.2725548945959924
2025-02-21,97430902.87707987,26793498.29119697,0.08006357000807321,3.0,0.21275726306272116,1.2925528183680837
2025-02-24,95934251.67707987,26381919.211196966,0.07954103255820003,3.0,0.21356153352288956,1.2876850782237217
2025-02-25,94688934.02707987,26039456.857446965,0.07873734918229185,3.0,0.21292771962497448,1.2915180817431957
2025-02-26,94515728.97707987,25991825.468696967,0.0797672418655421,3.0,0.20958269153622766,1.3121312546578523
2025-02-27,94458313.97707987,25976036.343696967,0.08077169773714132,3.0,0.2062880722959898,1.33308725482402
2025-02-28,95613953.97707987,26293837.343696967,0.08248943289490444,3.0,0.2064354849325548,1.332135316221657
2025-03-03,94939434.77707987,26108344.563696966,0.0842196672954795,3.0,0.20394332764141318,1.3484138127015532
2025-03-04,94278972.57707986,25926717.458696965,0.08527098455073309,3.0,0.20142961082655012,1.35
2025-03-05,93388839.92707986,25681930.979946963,0.0870000651140956,3.0,0.19960444743338737,1.35
2025-03-06,96049653.42707986,26413654.692446962,0.08202313582885741,3.0,0.21334710206441754,1.288979308080628
2025-03-07,96886588.42707986,26643811.817446962,0.09995404285126078,2.7512644026737463,0.2115322071903442,1.3000384369484939
2025-03-10,97337656.71047986,26767855.595381964,0.10114672673454804,2.7188225351248074,0.20863314526535373,1.3181031213915528
2025-03-11,96421191.71047986,26515827.720381964,0.10307850493667275,2.667869505567129,0.20700845054756492,1.3284481830214583
2025-03-12,97325966.71047986,26764640.845381964,0.10353339531307804,2.656147798190318,0.20552771691019345,1.3380190474268874
2025-03-13,97068091.71047986,26693725.220381964,0.10432349776966009,2.6360312477940804,0.20242469440286895,1.35
2025-03-14,96110794.50717986,26430468.489474464,0.10164661013587474,2.7054517571456387,0.20108631877601024,1.35
2025-03-17,96237093.01587985,26465200.579366963,0.10122000769160432,2.7168541701544435,0.19797655287944574,1.35
2025-03-18,96655378.01587985,26580228.954366963,0.0984226322946586,2.7940728020431567,0.1952951485695639,1.35
2025-03-19,96464358.01587985,26527698.454366963,0.09976642132191467,2.7564384524995846,0.19228345711339853,1.35
2025-03-20,97843838.01587985,26907055.454366963,0.0980882157435466,2.803598759702108,0.19354261073594725,1.35
2025-03-21,97815308.01587985,26899209.704366963,0.07888482705159382,3.0,0.19049951498760118,1.35
2025-03-24,97518949.82137986,26817711.200879462,0.08061640976368495,3.0,0.18771340036519354,1.35
2025-03-25,96838709.82137986,26630645.200879462,0.08221407475584386,3.0,0.18580099039535825,1.35
2025-03-26,96826575.34397985,26627308.21959446,0.08395789518562313,3.0,0.1828748086853099,1.35
2025-03-27,97903805.34397985,26923546.46959446,0.08533105040509721,3.0,0.1827032748114024,1.35
2025-03-28,96232185.34397985,26463850.96959446,0.09084309559727512,3.0,0.18616065848379,1.35
2025-03-31,97359368.62977985,26773826.37318946,0.09095864425737796,3.0,0.18626695306151503,1.35
2025-04-01,98248858.62977985,27018436.12318946,0.09103936260208449,3.0,0.1850685616027237,1.35
2025-04-02,97602483.62977985,26840682.99818946,0.09168075636701149,2.9995389533997163,0.18316948940699954,1.35
2025-04-03,98527373.62977985,27095027.74818946,0.0999349423249018,2.751790250760724,0.18215580093528033,1.35
2025-04-07,105570915.27477984,29032001.70056446,0.08252407443117672,3.0,0.26702381218868987,1.0298706985940036
2025-04-08,106037160.27477984,29160219.07556446,0.0808481265895238,3.0,0.26286517843969687,1.0461636707925046
2025-04-09,107430520.27432984,29543393.07544071,0.08162839653705745,3.0,0.2603556310028579,1.0562475600805474
2025-04-10,106670295.27432984,29334331.20044071,0.0755483101951723,3.0,0.25779206029259255,1.0667512400803831
2025-04-11,107066522.14172985,29443293.58897571,0.11561565396592577,2.3785706395869886,0.2537477185230314,1.0837535864388064
2025-04-14,107142266.51947984,29464123.292856958,0.11946567062413929,2.3019165134492905,0.2498152068929698,1.1008136911289805
2025-04-15,107510174.51947983,29565297.992856953,0.12233191328500614,2.2479824979056056,0.24589003026362338,1.11838613263485
2025-04-16,108564477.00517987,29855231.176424466,0.12374969732840657,2.2222276574156448,0.24282609317491702,1.1324977328606398
2025-04-17,108015962.25517984,29704389.620174456,0.12549102443832538,2.191391784638377,0.24002968377828704,1.1456916314317804
2025-04-18,108691583.25517985,29890185.395174462,0.15115887404755976,1.8192779069886138,0.2364604010384058,1.1629854250113305
2025-04-21,107124628.04602987,29459272.712658215,0.15211365456214976,1.807858740831462,0.2376104452738435,1.1573565281739422
2025-04-22,108159848.04602985,29743958.21265821,0.15229450418145496,1.805711909816159,0.2347791977446676,1.171313313282015
2025-04-23,106495328.04602987,29286215.212658215,0.14589723050023048,1.8848884180811478,0.23637391981711292,1.163410922037308
2025-04-24,105536738.04602982,29022602.962658204,0.14852359392134243,1.8515576733595542,0.23462871066498675,1.1720645747939058
2025-04-25,106284823.04602987,29228326.337658215,0.16464226915264418,1.6702879607729426,0.2314430941049274,1.1881970428347524
2025-04-28,105778170.21242982,29088996.808418203,0.16709128697986134,1.6458069416458823,0.22851906835480598,1.2034006701490059
2025-04-29,107515330.21242982,29566715.808418203,0.1692105905600249,1.6251937842061246,0.2287031407791633,1.2024321094284454
2025-04-30,108009035.21242984,29702484.683418207,0.17300113333100908,1.5895849622778653,0.22521613582459898,1.2210492778109527
2025-05-06,108176173.21242987,29748447.633418217,0.1752925348742135,1.5688061114372875,0.22167434583565454,1.240558527254571
2025-05-07,107505133.21242985,29563911.63341821,0.17370243653883682,1.5831671994912682,0.21939657518978226,1.2534379798869684
2025-05-08,110128693.21242982,30285390.633418202,0.17416668961978132,1.57894716033442,0.22491437873448222,1.2226875024501893
2025-05-09,110524963.21242984,30394364.883418206,0.1747322124516478,1.5738368795398758,0.2213925492405401,1.2421375558633463
2025-05-12,107520483.76242986,29568133.034668215,0.16171256599271372,1.7005481195097152,0.23310547932528905,1.179723448783668
2025-05-13,104525333.76242985,28744466.78466821,0.16464182227523533,1.6702924943352273,0.2436751456221027,1.12855170065837
2025-05-14,102640703.76242985,28226193.53466821,0.1630167178396154,1.6869435456954776,0.24544359129161808,1.1204203725705153
2025-05-15,101688253.76242985,27964269.78466821,0.16647570189951746,1.6518927198516118,0.242990823137037,1.1317299824319338
2025-05-16,102591328.76242982,28212615.409668203,0.1286098613506614,2.138249719826681,0.24048958421650557,1.1435006671741166
2025-05-19,103471468.46242984,28454653.827168208,0.13038190979392744,2.109188310208417,0.2378744912488304,1.1560718366911154
2025-05-20,103571268.46242985,28482098.82716821,0.13183019203127327,2.086016835466366,0.23413401590613475,1.1745409949754957
2025-05-21,102713058.96242985,28246091.21466821,0.13437371627747452,2.0465311790003615,0.23170939842817267,1.1868314443242014
2025-05-22,102866598.96242984,28288314.714668207,0.1366959476510234,2.0117640992698527,0.2280923593226263,1.2056519596565047
2025-05-23,103367413.96242984,28426038.839668207,0.11163137840951771,2.463465057209698,0.22488221195075803,1.2228623936704082
2025-05-26,103804506.57812984,28546239.30898571,0.11170958745258908,2.4617403597226013,0.2216093509563358,1.240922365474478
2025-05-27,104491336.57812984,28735117.55898571,0.11211272070744865,2.4528884703243965,0.21879788929174268,1.2568677005531717
2025-05-28,105430436.57812984,28993370.05898571,0.11165255208122289,2.4629978883057526,0.21660695673003652,1.269580645753407
2025-05-29,106354176.57812984,29247398.55898571,0.11175381823509824,2.4607660332596266,0.21432016775985607,1.2831270284751513
2025-05-30,106237696.57812984,29215366.55898571,0.11231074097859141,2.4485636690120343,0.21103600345751902,1.3030951851557253
2025-06-03,108834742.36912984,29929554.151510708,0.11246992433370426,2.4450981151553046,0.2176759776573683,1.2633456523753959
2025-06-04,107305612.36912984,29509043.401510708,0.11256958182541249,2.4429334775934914,0.21874189328523166,1.257189447662912
2025-06-05,107153802.36912984,29467295.651510708,0.11259358139544558,2.442412760938465,0.21542941430903212,1.2765202044578474
2025-06-06,105317302.36912984,28962258.151510708,0.11163632536489669,2.4633558933539743,0.21810668830933255,1.2608508346611444
2025-06-09,105512105.94752984,29015829.13557071,0.11286680023840548,2.436500365201503,0.21469813397746018,1.2808681421929384
2025-06-10,106114335.94752984,29181442.38557071,0.11356990986148928,2.4214160276731054,0.2117803564804656,1.2985151435674618
2025-06-11,105299995.94752984,28957498.88557071,0.11507650443050303,2.3897145760634215,0.2097871243300685,1.3108526125146216
2025-06-12,106097595.94752984,29176838.88557071,0.11549079070831848,2.381142239250359,0.20740233116963158,1.325925308790677
2025-06-13,107224115.94752984,29486631.88557071,0.10372807380223965,2.6511626980010723,0.20596234908093294,1.3351954919291522
2025-06-16,106962964.50392984,29414815.238580707,0.10261188526779084,2.680001437283022,0.2029568784693981,1.35
2025-06-17,106128064.50392984,29185217.738580707,0.10231055293178273,2.687894768620407,0.20125425688912382,1.35
2025-06-18,105822184.50392984,29101100.738580707,0.10247671963518264,2.6835363288266905,0.19833707145074456,1.35
2025-06-19,105548974.50392984,29025967.988580707,0.10328268261239291,2.6625954423747964,0.19541411294388852,1.35
2025-06-20,104608042.71666984,28767211.747084208,0.13533072819648118,2.032058821118133,0.1941139988727592,1.35
2025-06-23,104321663.91271983,28688457.575997956,0.13725271641190076,2.0036033325177645,0.19123242060009352,1.35
2025-06-24,103381093.9127198,28429800.82599795,0.13835682622394335,1.9876142544270785,0.18992896729233438,1.35
2025-06-25,101793573.91271979,27993232.825997945,0.13977836499832932,1.9674003198083403,0.19165803926308303,1.35
2025-06-26,100945663.91271985,27760057.57599796,0.14170319952627813,1.9406760109816905,0.18984844167110365,1.35
2025-06-27,100505703.91271979,27639068.575997945,0.14559576552658998,1.8887911953028407,0.187108270776048,1.35
2025-06-30,98783778.46881984,27165539.078925457,0.14533061628885932,1.892237210729291,0.18956279855370242,1.35
2025-07-01,100564494.1692198,27655235.89653545,0.1462297899288869,1.8806017579163277,0.19433679339462637,1.35
2025-07-02,99833114.16921982,27454106.396535452,0.14288578488984338,1.9246141259748757,0.19209998637688497,1.35
2025-07-03,98600504.1692198,27115138.64653545,0.14540887484259418,1.891218815204291,0.19165491081342786,1.35
2025-07-04,97934531.22511983,26931996.086907957,0.12032855003650145,2.2854094054701006,0.1892156920351981,1.35
2025-07-07,98087039.39836985,26973935.83455171,0.11895266625922447,2.311843934634584,0.1864440118748331,1.35
2025-07-08,98495609.39836985,27086292.58455171,0.11987596002494859,2.294037936736999,0.18418635013718113,1.35
2025-07-09,98528044.39836982,27095212.209551703,0.12209930027360798,2.252265159454332,0.18134451984520092,1.35
2025-07-10,98990889.39836985,27222494.58455171,0.11758547873407031,2.338724160165527,0.17926253043890406,1.35
2025-07-11,98763379.39836982,27159929.334551703,0.12377096280825786,2.221845849466498,0.17647127040556804,1.35
2025-07-14,96435825.2691198,26519851.949007947,0.1219276200177988,2.2554364627133374,0.1845843999865252,1.35
2025-07-15,96519631.76911984,26542898.73650796,0.12028629775311808,2.286212188227993,0.18183285754797066,1.35
2025-07-16,97488226.76911983,26809262.361507956,0.12299042613424693,2.2359463955335115,0.1819506724621114,1.35
2025-07-17,98093271.76911983,26975649.736507956,0.12470594084625375,2.205187644901692,0.18032597821493362,1.35
2025-07-18,98123332.76911984,26983916.51150796,0.08865490532129736,3.0,0.17753180292054413,1.35
2025-07-21,97905880.80411983,26924117.221132953,0.0808223581236315,3.0,0.1747636659419408,1.35
2025-07-22,97320544.20411983,26763149.656132955,0.0827211209290242,3.0,0.17253994401110265,1.35
2025-07-23,97843438.90411983,26906945.698632956,0.08287412576500289,3.0,0.1708306586399688,1.35
2025-07-24,95664448.90411983,26307723.448632956,0.08404705591470447,3.0,0.1781955930273541,1.35
2025-07-25,94622398.35411984,26021159.54738296,0.09439241956244045,2.913369540422554,0.17723199849652185,1.35
2025-07-28,93243951.70411983,25642086.718632955,0.09206643555390588,2.9869734648191586,0.1779030351425198,1.35
2025-07-29,93212016.25411983,25633304.469882954,0.09324238428785869,2.9493025312503556,0.17519631380802883,1.35
2025-07-30,92186851.25411983,25351384.094882954,0.09469358719175368,2.904103732422001,0.1741099774855229,1.35
2025-07-31,91652467.60411982,25204428.591132954,0.0937178667485978,2.934339091794517,0.1715959141297554,1.35
2025-08-01,90873772.60411982,24990287.466132954,0.10233025860902657,2.6873771623180693,0.16965740855992942,1.35
2025-08-04,90455468.91211982,24875253.95083295,0.10420006663491299,2.6391537825356752,0.16705274820064084,1.35
2025-08-05,92290728.91211982,25379950.45083295,0.10424254420278582,2.6380783594943265,0.17669848361144233,1.35
2025-08-06,93504558.91211982,25713753.70083295,0.10592277369712799,2.596231106884774,0.1791095735847142,1.35
2025-08-07,94516128.91211982,25991935.45083295,0.10711652170601563,2.567297701793804,0.17972654682648811,1.35
2025-08-08,94553118.91211982,26002107.70083295,0.053729439528412644,3.0,0.1769627712570355,1.35
2025-08-11,95120649.08011982,26158178.49703295,0.051456962338987944,3.0,0.17535821828340123,1.35
2025-08-12,96576704.08011982,26558593.62203295,0.0515667766046633,3.0,0.17851927469125342,1.35
2025-08-13,96714929.08011982,26596605.49703295,0.05302850099005074,3.0,0.17579517353693624,1.35
2025-08-14,96910043.08011982,26650261.847032953,0.05263663655083025,3.0,0.1731681743499785,1.35
2025-08-15,96531688.33011982,26546214.29078295,0.09248711363177795,2.97338720175512,0.17071698961856469,1.35
2025-08-18,96598450.33011982,26564573.84078295,0.09334516581463013,2.946055080625277,0.16806265264401257,1.35
2025-08-19,96870720.33011982,26639448.09078295,0.09303662506315388,2.955825190491682,0.16567206036453375,1.35
2025-08-20,95184697.08011982,26175791.69703295,0.09294218202292333,2.9588287472331327,0.16980800035468305,1.35
2025-08-21,96668467.58011982,26583828.584532954,0.09342511872918353,2.9435338562122406,0.17333712301423618,1.35
2025-08-22,97493992.58011982,26810847.959532954,0.09851855406745824,2.791352376240726,0.17241420838588728,1.35
2025-08-25,98657612.08011982,27130843.32203295,0.09859771137446492,2.789111391800725,0.17298787499687504,1.35
2025-08-26,99049182.08011982,27238525.07203295,0.09932489620146426,2.768691541768215,0.17057735938265858,1.35
2025-08-27,100792192.08011982,27717852.82203295,0.09999184843069049,2.750224186430724,0.17460806481239302,1.35
2025-08-28,100506982.08011982,27639420.07203295,0.09935898144539358,2.7677417380847094,0.17217303531587178,1.35
2025-08-29,100370322.08011982,27601838.57203295,0.1035962053002278,2.6545373858341055,0.1695673121611767,1.35
2025-09-01,101871710.32431982,28014720.339187954,0.10316587850140972,2.6656100252782924,0.17153758183795575,1.35
2025-09-02,103367065.77861983,28425943.089120455,0.10494089217646624,2.620522794275145,0.1729751270003901,1.35
2025-09-03,102506610.77861983,28189317.964120455,0.10698915020237275,2.570354091791835,0.17247482760381638,1.35
2025-09-04,102000715.77861983,28050196.839120455,0.10881876676048922,2.5271376269616868,0.17063868231432547,1.35
2025-09-05,101296480.77861983,27856532.214120455,0.10434119471054705,2.635584159860136,0.16941874469048496,1.35
2025-09-08,100043196.25986983,27511878.971464206,0.10562716715665568,2.6034968787163195,0.17075860827957495,1.35
2025-09-09,99461156.47471982,27351818.030547954,0.10447224030754212,2.632278193618358,0.1689656708062179,1.35
2025-09-10,100199806.49221982,27554946.78536045,0.10484626353656416,2.6228879382439443,0.16750742471369343,1.35
2025-09-11,100322251.49221982,27588619.16036045,0.10614402463753685,2.5908194167224825,0.1648831927227068,1.35
2025-09-12,101672902.79261982,27960048.267970454,0.1125921930264082,2.4424428782153615,0.16626443011547906,1.35
2025-09-15,100112758.39821982,27531008.559510455,0.11209335733157991,2.4533121903604957,0.16976961295742352,1.35
2025-09-16,98970520.27961983,27216893.076895453,0.11234047375288571,2.4479156159240967,0.17028796489885417,1.35
2025-09-17,99703603.27466983,27418490.900534205,0.1134900657721018,2.4231195755250035,0.1688671055655606,1.35
2025-09-18,98211473.27466983,27008155.150534205,0.11331695561740465,2.426821286379159,0.17151479319736213,1.35
2025-09-19,97396253.26411982,26783969.647632953,0.12224090637400604,2.2496560943242274,0.1703006673492263,1.35
2025-09-22,96091189.71011981,26425077.170282952,0.1235842366252809,2.2252028859782986,0.17143064364388602,1.35
2025-09-23,95902975.45301981,26373318.24958045,0.12242346761703798,2.2463013452637046,0.16875697958504982,1.35
2025-09-24,96315275.45301981,26486700.74958045,0.12370209714240286,2.22308276377422,0.16673464054876944,1.35
2025-09-25,96783080.45301981,26615347.12458045,0.12531541855054712,2.1944626062839685,0.16485245425323575,1.35
2025-09-26,97895745.45301981,26921329.99958045,0.12366820733798313,2.2236919732201637,0.16570642209089836,1.35
2025-09-29,99157263.67521982,27268247.51068545,0.12542498304078578,2.192545642287034,0.16712165375915158,1.35
2025-09-30,100516353.67521985,27641997.26068546,0.08654085128794721,3.0,0.1687325591908203,1.35
2025-10-09,104246179.60006982,28667699.390019204,0.08212239522243953,3.0,0.19467662460030707,1.35
2025-10-10,104651929.60006982,28779280.640019204,0.0824371717455896,3.0,0.19170229508254888,1.35
2025-10-13,105214270.54706982,28933924.400444202,0.08215229144524173,3.0,0.18894090955054643,1.35
2025-10-14,105563030.54706982,29029833.400444202,0.0817303589546113,3.0,0.18600461588581957,1.35
2025-10-15,105276050.54706982,28950913.900444202,0.08250723701094402,3.0,0.18354277192986088,1.35
2025-10-16,106296950.54706982,29231661.400444202,0.08297887349740575,3.0,0.18197301846503577,1.35
2025-10-17,105719109.04706982,29072754.9879442,0.10209579628074746,2.6935487063913297,0.18032628864410336,1.35
2025-10-20,104442729.28319982,28721750.552879952,0.09345819559091299,2.942492076390339,0.18166904208517567,1.35
2025-10-21,104256058.56749982,28670416.106062453,0.09275110208656279,2.9649243385091846,0.17902973577633707,1.35
2025-10-22,103928843.78074981,28580432.0397062,0.09356829276849937,2.9390297916452024,0.17664544502974844,1.35
2025-10-23,104099553.02269982,28627377.081242453,0.09321676633456717,2.950113062418289,0.1738683601984658,1.35
2025-10-24,105230868.87414981,28938488.9403912,0.1462804737099308,1.8799501603017479,0.1732392173475121,1.35
2025-10-27,104579872.3741498,28759464.902891196,0.14205993544811948,1.9358026535245785,0.1718453291460575,1.35
2025-10-28,106558692.3741498,29303640.402891196,0.14131874171312836,1.9459556224908903,0.17614945547034444,1.35
2025-10-29,107511502.3741498,29565663.152891196,0.13988706738991305,1.9658715071456967,0.1745108692894888,1.35
2025-10-30,108552402.37414984,29851910.65289121,0.13618264795247187,2.0193468414270797,0.17308006236318382,1.35
2025-10-31,109597662.37414986,30139357.152891215,0.10312987830541982,2.6665405265541544,0.171583582360658,1.35
2025-11-03,110560632.02054979,30404173.805651195,0.10231440987091471,2.6877934432398587,0.16978722866776202,1.35
2025-11-04,111045682.02054979,30537562.555651195,0.1010525041343709,2.721357598762013,0.16717989182334264,1.35
2025-11-05,111186252.02054979,30576219.305651195,0.10256520488785922,2.6812211831553814,0.16459849163063614,1.35
2025-11-06,112252682.02054979,30869487.555651195,0.10344380510908466,2.658448224231544,0.163138928059736,1.35
2025-11-07,112725272.02054979,30999449.805651195,0.13876159415758063,1.9818163784404506,0.16061018914683034,1.35
2025-11-10,114048752.35134979,31363406.896621194,0.1405241477815672,1.9569590304683013,0.15996233657437392,1.35
2025-11-11,115374452.3513498,31727974.396621197,0.14313292402385142,1.9212910088679143,0.15916856670838425,1.35
2025-11-12,116654412.35134977,32079963.39662119,0.1452087167792305,1.8938257020623561,0.1580853321845279,1.35
2025-11-13,118348772.35134982,32545912.3966212,0.14547122806003335,1.8904081835791782,0.15847223642604652,1.35
2025-11-14,118880052.35134979,32692014.396621194,0.1348191048553541,2.0397702558183015,0.15598089458223385,1.35
2025-11-17,116754276.6415998,32107426.076439947,0.1336985613113403,2.0568658129358237,0.16525278671439772,1.35
2025-11-18,114802248.1415998,31570618.23893995,0.13555011754143365,2.028769911733501,0.17201988005186392,1.35
2025-11-19,114451728.64159979,31474225.376439944,0.13577780315972163,2.025367870155514,0.17008388372910346,1.35
2025-11-20,116671036.14159976,32084534.938939936,0.1364417131805682,2.0155126580392797,0.173823035990648,1.35
2025-11-21,115744116.14159977,31829631.93893994,0.10836689227738364,2.5376754303896654,0.1738312067884242,1.35
2025-11-24,113907271.59759977,31324499.68933994,0.10765101106724709,2.5545510188307836,0.1787856392286375,1.35
2025-11-25,113464726.09759969,31202799.676839914,0.10799533057121585,2.54640639132685,0.17677849375888452,1.35
2025-11-26,111709597.5975997,30720139.33933992,0.09962215639186303,2.760430108722898,0.18065745152967175,1.35
2025-11-27,110839041.09759971,30480736.301839925,0.10138306293485455,2.7124846304624475,0.1796630837561664,1.35
2025-11-28,109996884.09759974,30249143.126839932,0.10514935766655756,2.615327436160487,0.17850562872993844,1.35
2025-12-01,112756022.75719975,31007906.258229934,0.10478644332141365,2.624385285761506,0.1881717519395234,1.35
2025-12-02,113135552.7571997,31112277.008229923,0.10680347126033903,2.574822679027662,0.18527060669405335,1.35
2025-12-03,114875242.75719973,31590691.75822993,0.10912050493184357,2.520149628814167,0.18629020163482732,1.35
2025-12-04,116104087.7571997,31928624.133229923,0.09992865518336848,2.751963383229532,0.1849045999933364,1.35
2025-12-05,119089187.75719973,32749526.63322993,0.07341613225688778,3.0,0.1932292467673191,1.35
2025-12-08,116488993.25719972,32034473.145729925,0.07404291750179263,3.0,0.20247725802843275,1.35
2025-12-09,114356402.55719972,31448010.703229923,0.06864650327855006,3.0,0.2074125581377451,1.3258599308985395
2025-12-10,113966913.95719972,31340901.338229924,0.06954143170509283,3.0,0.20463901566719325,1.3438297633684655
2025-12-11,115133738.95719972,31661778.213229924,0.0696314917471898,3.0,0.20286905588436058,1.35
2025-12-12,117147846.15719973,32215657.69322993,0.0720327455371872,3.0,0.2043957284244478,1.3454292911099175
2025-12-15,113159565.35024972,31118880.471318677,0.07141188362891635,3.0,0.22518797192719764,1.2212019924798931
2025-12-16,110792785.35024972,30468015.971318677,0.0726594298683925,3.0,0.2300058987125486,1.1956215103147556
2025-12-17,111864914.35024972,30762851.446318675,0.07376810085889723,3.0,0.22783013398117413,1.2070396272633699
2025-12-18,110924724.55024973,30504299.25131868,0.07471295299336092,3.0,0.22568850935502338,1.2184935812013642
2025-12-19,112265415.55024973,30872989.276318677,0.11780123542531072,2.3344407128425892,0.22447571578916214,1.225076837524343
2025-12-22,115742130.35599975,31829085.847899936,0.117975335498233,2.3309957020984178,0.23633438356153919,1.163605548442733
2025-12-23,114071010.35599975,31369527.847899936,0.1129826883406206,2.434001208848289,0.2369527404330727,1.1605689788494924
2025-12-24,113474355.35599974,31205447.72289993,0.11432379587107912,2.4054484712011535,0.2339221167434098,1.1756049570193003
2025-12-25,112394330.35599977,30908440.84789994,0.1156704557107147,2.377443732803816,0.23211634253532612,1.184750703015008
2025-12-26,115258787.71734974,31696166.62227118,0.09659395156505796,2.846969148112571,0.2386270907925919,1.152425732914887
2025-12-29,117750245.48849973,32381317.50933743,0.09020975392797957,3.0,0.24144872379748047,1.138958184060071
2025-12-30,116527435.48849976,32045044.759337436,0.09188676201184123,2.992814133167098,0.24019003814263779,1.1449267510282428
2025-12-31,119561990.48849973,32879547.38433743,0.07301644208486993,3.0,0.2458945056672307,1.1183657774450553
2026-01-05,126044377.54059976,34662203.82366494,0.06782875551297152,3.0,0.2816108041950959,0.9765250334979478
2026-01-06,130263638.54059976,35822500.59866494,0.06651944992639279,3.0,0.28897307700889824,0.9516457479238872
2026-01-07,131051473.54059976,36039155.22366494,0.06034537097573655,3.0,0.28443591727161177,0.966825858836241
2026-01-08,125810773.54059976,34597962.72366494,0.05914247326242831,3.0,0.30678177153205055,0.8964026729054527
2026-01-09,125545683.54059976,34525062.97366494,0.09241599148791527,2.9756754818343345,0.3023772005525097,0.9094601031344773
2026-01-12,127956536.79429968,35188047.61843242,0.09356968024379943,2.9389862109550537,0.300816646150856,0.9141781331545421
2026-01-13,128140085.29429974,35238523.45593243,0.09471421804304812,2.903471154404833,0.2961634373035273,0.9285413571093936
2026-01-14,128829300.29429972,35428057.58093242,0.09641559987707497,2.8522355339863172,0.2915284680640155,0.9433041027732973
2026-01-15,126016085.29429975,34654423.45593243,0.09734554371216955,2.824988073548776,0.2957765080777344,0.9297560573259793
2026-01-16,124029065.29429975,34107992.95593243,0.10395991770247427,2.6452502664250854,0.29583733249358657,0.9295648986625504
2026-01-19,123138127.08509968,33862984.94840241,0.10393038492566367,2.6460019386697557,0.29243498739998836,0.9403799540027643
2026-01-20,122183922.08509968,33600578.57340241,0.10455920729242636,2.630088799649109,0.2891699749468895,0.9509977654163714
2026-01-21,121952217.08509974,33536859.69840243,0.10759637431472406,2.555848203542743,0.28481492154856314,0.965539300064763
2026-01-22,122763537.08509976,33759972.698402435,0.10906400064937428,2.5214552772925236,0.2806536700984044,0.9798553494902736
2026-01-23,123766957.08509971,34035913.19840243,0.06470903437722116,3.0,0.27677491264645426,0.9935871621113237
2026-01-26,123521286.15009974,33968353.69127743,0.0662576058586807,3.0,0.27265959897198916,1.0085836003457604
2026-01-27,122742946.15009974,33754310.19127743,0.06752986555563022,3.0,0.2693647876513697,1.0209203749226636
2026-01-28,126216846.15009974,34709632.69127743,0.0642066193447206,3.0,0.27522599715945306,0.9991788669610229
2026-01-29,128212601.15009974,35258465.31627743,0.06476674680785459,3.0,0.27338006211783106,1.005925588975361
2026-01-30,127713456.15009974,35121200.44127743,0.09269129317883074,2.9668374511664033,0.26975950940144544,1.019426527762385
2026-02-02,123624458.12049977,33996725.98313744,0.09082384020974867,3.0,0.28264539971216496,0.9729505602427964
2026-02-03,122010153.6204998,33552792.24563745,0.09100796275452963,3.0,0.28121357790895796,0.9779044171509756
2026-02-04,123561309.62049973,33979360.14563743,0.09130440624278005,3.0,0.27862137337866194,0.987002528432231
2026-02-05,122000414.62049977,33550114.02063744,0.09157516745534712,3.0,0.27708182645267265,0.9924866005131946
2026-02-06,120668022.12049975,33183706.083137434,0.059228083521696465,3.0,0.2747831703349787,1.000789093687059
2026-02-09,122318524.19559975,33637594.15378994,0.06069618803976133,3.0,0.27282993207938255,1.007953921712615
2026-02-10,122784409.19559975,33765712.52878994,0.06213835940406651,3.0,0.268632743801444,1.0237024575204514
2026-02-11,122320664.19559975,33638182.65378994,0.0618212012600364,3.0,0.26477422529276506,1.0386207331772122
2026-02-12,122071414.19559975,33569638.90378994,0.06265322850130615,3.0,0.26075124278435596,1.0546450212988168
2026-02-13,120524707.69559975,33144294.616289932,0.09237185350376977,2.977097346961616,0.2594549111659014,1.0599144135073193
2026-02-24,122268437.42019975,33623820.29055493,0.09217380823745647,2.9834939584089883,0.25827940020223983,1.0647384181032924
2026-02-25,119459382.42019975,32851330.165554933,0.08943416841829736,3.0,0.2628394831674962,1.0462659440885995
2026-02-26,119208547.42019975,32782350.540554933,0.09120213703349388,3.0,0.25878376892149,1.0626632464087409
2026-02-27,119796247.42019975,32943968.040554933,0.09103253908140066,3.0,0.25504973073723025,1.0782210951766262
2026-03-02,120635858.99404976,33174861.223363686,0.09155704992473472,3.0,0.25171887182404856,1.0924886084513559
2026-03-03,124380598.99404976,34204664.72336368,0.09223554955832794,2.981496844945836,0.2618986252258448,1.0500246030801323
2026-03-04,126085983.99404976,34673645.59836368,0.0930226811579283,2.9562682625017183,0.2600062581638704,1.0576668497982065
2026-03-05,127410383.99404976,35037855.59836368,0.09366196046314432,2.936090581919985,0.25703488492908555,1.0698936841817053
2026-03-06,127427114.24404976,35042456.417113684,0.13497341693463324,2.0374382322496936,0.2530493468152473,1.0867445557991462
2026-03-09,127010642.63804983,34927926.7254637,0.136325603074451,2.017229293677251,0.24951018192064542,1.1021594304614848
2026-03-10,128325792.63804978,35289592.975463696,0.1366590034760403,2.012307956337574,0.24670071993621248,1.1147109747839596
2026-03-11,127160962.63804981,34969264.7254637,0.13616682623821774,2.0195814766138405,0.24483146003459055,1.123221664246691
2026-03-12,126351382.63804978,34746630.225463696,0.13711310847200764,2.0056433922664856,0.24205445475123827,1.1361079897604869
2026-03-13,125169302.6380498,34421558.225463696,0.09907248859080105,2.775745354856605,0.24017865887009757,1.1449809957875392
2026-03-16,125489193.97894982,34509528.3442112,0.09832809188976045,2.796759244634926,0.23642469425039436,1.1631610685673597
2026-03-17,127691433.97894982,35115144.3442112,0.09375890050251767,2.9330548729356694,0.23707119883607594,1.1599890722708588
2026-03-18,129113293.97894982,35506155.8442112,0.09423767764507199,2.918153406069008,0.23478546109341955,1.171282066271469
2026-03-19,132528733.97894982,36445401.8442112,0.09372343158248052,2.9341648652502506,0.24084821463618444,1.141797959413583
2026-03-20,131321453.97894982,36113399.8442112,0.0492973873697573,3.0,0.23937781864262184,1.1488115380087083
2026-03-23,129978403.74494982,35744061.029861204,0.04832330666249054,3.0,0.23824324314409445,1.1542824735376622
2026-03-24,128058148.74494982,35215990.904861204,0.04873399380890114,3.0,0.2391337990756081,1.1499838210367406
2026-03-25,127945038.74494982,35184885.654861204,0.04934961998659188,3.0,0.23546452616839586,1.1679041615097885
2026-03-26,128249288.74494982,35268554.404861204,0.050454607845697205,3.0,0.2317700919379701,1.1865206494097598
2026-03-27,128981753.74494982,35469982.279861204,0.05057709187897307,3.0,0.22842181832796277,1.2039130150218897
2026-03-30,131145455.39494982,36065000.233611204,0.04901913998590046,3.0,0.22874648552528953,1.2022042628042775
2026-03-31,131993455.39494982,36298200.233611204,0.0494254595914605,3.0,0.22547190062884281,1.21966417648063
2026-04-01,133162470.39494982,36619679.358611204,0.04984609754614788,3.0,0.22268509532595943,1.2349277332524824
2026-04-02,133252705.39494982,36644493.983611204,0.05077717165844237,3.0,0.21923314721359394,1.25437235881157
2026-04-03,134339675.39494982,36943410.733611204,0.0433854568109185,3.0,0.21637745858778323,1.2709272111560268
2026-04-07,135570172.67744982,37281797.4862987,0.04394985040624337,3.0,0.213758933620194,1.2864959388720516
2026-04-08,133646812.67744982,36752873.4862987,0.04399489755978345,3.0,0.21562738546602567,1.2753482096240003
2026-04-09,132991185.17744982,36572575.9237987,0.045152257371472965,3.0,0.21316306428554985,1.290092169211897
2026-04-10,133501527.67744982,36712920.1112987,0.046215507034098255,3.0,0.2098669087095109,1.3103542701943718
2026-04-13,134589592.1637498,37012137.8450312,0.04768143753796342,3.0,0.2072525085208991,1.3268838189829164
2026-04-14,132981847.16374981,36570007.9700312,0.04597726427965207,3.0,0.20779137637991688,1.323442795321793
2026-04-15,131798102.16374981,36244478.0950312,0.04312474732384675,3.0,0.20668722036540252,1.330512837290217
2026-04-16,131972992.16374981,36292572.8450312,0.042122253100670304,3.0,0.20343259483174658,1.35
2026-04-17,131519727.16374981,36167924.9700312,0.11743284409467832,2.3417639427883206,0.20069630823539902,1.35
2026-04-20,126977588.05177987,34918836.71423946,0.1171983958703634,2.3464484983581655,0.22134072705307548,1.2424283757505574
2026-04-21,126095784.05177988,34676340.61423947,0.11775155276797838,2.335425678350665,0.21876328845565107,1.2570664938406682
2026-04-22,125852248.55177982,34609368.35173945,0.11819504913406975,2.326662597246903,0.21538408393707942,1.276788864679232
2026-04-23,124629945.05177984,34273234.88923946,0.11851438627870295,2.320393402310666,0.21368341520059433,1.2869506027964082
2026-04-24,125174237.55177984,34422915.32673946,0.11097873700827454,2.4779521502348336,0.21073233178943018,1.3049729847567384
2026-04-27,126686691.77057986,34838840.236909464,0.11177410006028501,2.4603195181323727,0.2102264709693973,1.3081130969469197
2026-04-28,128380011.77057986,35304503.236909464,0.11231332690578262,2.448507292733764,0.21015867046977013,1.3085351148505522
2026-04-29,128579161.77057986,35359269.486909464,0.11409162727553945,2.4103433929981146,0.20686692969519202,1.329356994881679
2026-04-30,126745581.77057986,34855034.986909464,0.1003262481172249,2.741057351997055,0.20777046432981383,1.3235759995389256
2026-05-06,127280431.50162986,35002118.66294821,0.09642891633750814,2.8518416512893316,0.20481414713059082,1.3426806880906437
2026-05-07,126146571.28107986,34690307.10229696,0.0978749759039873,2.8097069497086524,0.20319958059173807,1.35
2026-05-08,125722582.11727986,34573710.082251966,0.04707074410233746,3.0,0.20021521761977107,1.35
2026-05-11,124007539.03327985,34102073.23415196,0.04769502356781621,3.0,0.2006220405685964,1.35
2026-05-12,124871639.03327985,34339700.73415196,0.04713442656363546,3.0,0.19856870399357807,1.35
2026-05-13,126398524.03327985,34759594.10915196,0.04577400445453411,3.0,0.19853669500884566,1.35
2026-05-14,127372219.03327985,35027360.23415196,0.045095812878309445,3.0,0.1965601190918373,1.35
2026-05-15,124160144.03327985,34144039.60915196,0.07294411972276364,3.0,0.20611283660790916,1.3342206362582634
2026-05-18,123484535.20397985,33958247.18109446,0.07070015943411231,3.0,0.2033360815006113,1.35
2026-05-19,122635065.20397985,33724642.93109446,0.07276055742923945,3.0,0.20088686492291366,1.35
2026-05-20,122464365.20397985,33677700.43109446,0.07321090841792058,3.0,0.19772923193896028,1.35
2026-05-21,121557835.20397985,33428404.68109446,0.07440383650858466,3.0,0.1954684295152519,1.35
2026-05-22,119503730.31467985,32863525.83653696,0.0892451408124172,3.0,0.19738233071230404,1.35
2026-05-25,118507425.38767974,32589541.98161193,0.09001035225321168,3.0,0.19519067687273287,1.35
2026-05-26,119628657.88767986,32897880.919111963,0.09023770670928247,3.0,0.19464126311525648,1.35
2026-05-27,122575517.88767986,33708267.41911197,0.08774914393774905,3.0,0.20484040797146846,1.3425085544562274
2026-05-28,123603177.88767985,33990873.91911196,0.0886903827471276,3.0,0.203159134290619,1.35
2026-05-29,125327717.88767989,34465122.419111975,0.1100230414704262,2.4994764398866307,0.203867903993742,1.3489126763594996
2026-06-01,126756759.94877973,34858108.98591443,0.11115279853961259,2.47407176079328,0.20309714317641384,1.35
2026-06-02,128833054.94877975,35429090.11091443,0.11218097067430496,2.451396153438604,0.20474093029580281,1.3431608403981035
2026-06-03,128850474.94877973,35433880.61091443,0.11274949547914442,2.439035304161228,0.20153013752510313,1.35
2026-06-04,130925441.4487798,36004496.39841445,0.11430161520752918,2.405915257633957,0.202792550048414,1.35
2026-06-05,129847821.44877973,35708150.898414426,0.08395425592153066,3.0,0.20140134392916845,1.35
2026-06-08,125425883.30577978,34492117.909089446,0.08237578912382094,3.0,0.22110680461006482,1.243742816893307
2026-06-09,124021728.30577976,34105975.28408944,0.08047452900548227,3.0,0.2198551104813601,1.2508237784325476
2026-06-10,121570610.3057798,33431917.834089447,0.0771670692327983,3.0,0.2230573284968383,1.2328669129734422
2026-06-11,120549968.3057798,33151241.284089446,0.07794669069818608,3.0,0.22052521691831756,1.2470229202942351
2026-06-12,120696510.80577984,33191540.47158946,0.07767640560282064,3.0,0.21715348958201425,1.2663853596335526
2026-06-15,120052732.50577977,33014501.43908944,0.07906836841779517,3.0,0.21405954568556146,1.2846892630705469
2026-06-16,121985592.00577983,33546037.801589455,0.07745900600866104,3.0,0.21613963114302528,1.2723256653381871
2026-06-17,122424942.0057798,33666859.05158945,0.07794981787103149,3.0,0.21306993182161585,1.290656066057376
2026-06-18,122978507.00577982,33819089.42658945,0.0829252970945291,3.0,0.21018905907295565,1.3083459301492415
2026-06-22,122394431.16407974,33658468.57012193,0.08432068153324632,3.0,0.20723436954418845,1.3269999595378987
2026-06-23,123153951.16407979,33867336.570121944,0.08113668125084413,3.0,0.20483021111722519,1.3425753871952824
2026-06-24,124372161.1640798,34202344.32012195,0.0831875700351133,3.0,0.20359809691521444,1.35
2026-06-25,124778821.16407979,34314175.820121944,0.08372735102230147,3.0,0.20059803140747806,1.35
2026-06-26,124381051.16407986,34204789.07012197,0.12049524486738356,2.2822477376817947,0.19765145493416414,1.35
2026-06-29,124651961.46827973,34279289.40377693,0.11862480543094477,2.3182335178630593,0.19463301333264685,1.35
2026-06-30,124470412.46827981,34229363.42877695,0.11883523687306538,2.314128428874535,0.1916148370051122,1.35
2026-07-01,124070048.46827982,34119263.328776956,0.11257971513528203,2.4427135889404656,0.18881248238945542,1.35
2026-07-02,124909340.46827978,34350068.628776945,0.11500757321225989,2.391146881192384,0.18681328391924906,1.35
2026-07-03,125330975.46827981,34466018.25377695,0.13014424852099907,2.113039977756898,0.1840924644855199,1.35
2026-07-06,125477575.25342983,34506333.19469321,0.129444046652004,2.124470047968348,0.18121184914093685,1.35
2026-07-07,126734051.7534298,34851864.232193194,0.13204178625478247,2.082674036758115,0.18041139861739458,1.35
2026-07-08,126794091.75342982,34868375.2321932,0.13061715975958785,2.1053895254357182,0.1775702969486735,1.35
2026-07-09,126367591.75342982,34751087.7321932,0.13072289121482367,2.1036866416003477,0.17511597420328662,1.35
2026-07-10,123739051.75342979,34028239.232193194,0.10670513966200049,2.5771954459840534,0.1822250630700782,1.35
2026-07-13,124607625.46804976,34267097.00371369,0.10355959543360622,2.6554758045217266,0.18048428394070465,1.35
2026-07-14,123026565.46804976,33832305.50371369,0.09600920536792013,2.8643086769249178,0.18112379011526297,1.35
2026-07-15,119661105.46804976,32906804.00371369,0.09503540753944772,2.8936583439793404,0.19343512302033652,1.35
2026-07-16,119930085.46804976,32980773.50371369,0.09569955773267316,2.8735764983176217,0.19063525705803253,1.35
2026-07-17,118680815.46804976,32637224.25371369,0.13128511988563463,2.094677601235834,0.18940817237359808,1.35
2026-07-20,119921396.23054971,32978383.963401172,0.13130465453325915,2.0943659688038188,0.18933092467360718,1.35
2026-07-21,122459501.23054972,33676362.838401176,0.13270124570355935,2.0723241785862445,0.19634023325803776,1.35
2026-07-22,123008821.23054972,33827425.838401176,0.13263575893198193,2.0733473553012587,0.1937165143281011,1.35
2026-07-23,121707396.23054977,33469533.963401187,0.1328130512589655,2.0705796410308452,0.1928439762112652,1.35
2026-07-24,121975411.23054978,33543238.088401195,0.13360271340553084,2.0583414287798116,0.18995849310960125,1.35
2026-07-27,120476074.73054971,33130920.55090117,0.13553181047234517,2.0290439494727543,0.18985753545894885,1.35
2026-07-28,120884127.23054972,33243134.98840118,0.1366000355850762,2.0131766351460914,0.18723222002579196,1.35
2026-07-29,121235497.23054972,33339761.73840118,0.13723886247775413,2.0038055914706843,0.18455347996708046,1.35
2026-07-30,124703707.23054974,34293519.48840118,0.12846221766939478,2.1407072444267543,0.19897954359746897,1.35
2026-07-31,126187412.23054977,34701538.36340119,0.16035897032700333,1.714902505542541,0.19846914827741535,1.35
2026-08-03,127292990.04849975,35005572.26333743,0.16119167189303601,1.706043474643561,0.19662638235358246,1.35
2026-08-04,128329370.04849976,35290576.76333744,0.16023491304607626,1.716230219570953,0.19456025102510646,1.35
2026-08-05,127618035.0484997,35094959.63833742,0.15909337243588817,1.7285446639885655,0.19240971023779513,1.35
2026-08-06,126227690.0484997,34712614.76333742,0.15894953752531454,1.7301088400851943,0.192240436621226,1.35
2026-08-07,127350747.04849972,35021455.43833742,0.1561896783296768,1.7606797257085371,0.19061704762771137,1.35
2026-08-10,127843884.04849973,35157068.11333743,0.1568994030304368,1.7527154003680496,0.18780219335193946,1.35
2026-08-11,128335659.04849972,35292306.23833743,0.15213486048788996,1.807606745213338,0.18501967686776072,1.35
2026-08-12,129221348.54849975,35535870.85083743,0.15203094601160674,1.8088422601738283,0.1828340898009561,1.35
2026-08-13,129531268.54849972,35621098.850837424,0.15093081372302103,1.8220268824937442,0.17998408667684868,1.35
2026-08-14,126607255.04849978,34816995.13833744,0.14504862422395096,1.8959159486780641,0.18917576260569796,1.35
2026-08-17,127188450.12559977,34976823.78453994,0.14658113796048583,1.8760940447476422,0.18654094461421322,1.35
2026-08-18,127829124.56559977,35153009.25553994,0.14801116948661402,1.8579678881928618,0.18400941746760635,1.35
2026-08-19,125784159.56559974,34590643.88053993,0.1458893354301997,1.8849904222887692,0.18704200540398813,1.35
2026-08-20,124914962.35859977,34351614.648614936,0.1474561902835,1.8649607010142042,0.1851756691335526,1.35
2026-08-21,124578304.19119975,34259033.65257993,0.15461550249257708,1.7786056091833513,0.18241792525432302,1.35
2026-08-24,123273188.49119975,33900126.83507993,0.1546776886710269,1.7778905436379915,0.18187705225811493,1.35
2026-08-25,122792920.06734978,33768053.01852119,0.15614064607858638,1.761232625242188,0.1792809073217721,1.35
2026-08-26,122403327.89574975,33660915.17133118,0.15781937911912747,1.7424983011270156,0.1766160266894064,1.35
2026-08-27,121189028.8957498,33326982.9463312,0.15855501071947195,1.7344138085080878,0.17577358455892234,1.35
2026-08-28,120835436.6561498,33229745.0804412,0.15895689378730202,1.730028773511224,0.17310005089903743,1.35
2026-08-31,118575796.33574975,32608343.992331184,0.15882978551876573,1.7314132805871527,0.17741595843690533,1.35
