date,equity,net_pnl
2015-01-05,10000000.0,0.0
2015-01-06,10000000.0,0.0
2015-01-07,10000000.0,0.0
2015-01-08,10000000.0,0.0
2015-01-09,10000000.0,0.0
2015-01-12,9969209.9505,-30790.0495
2015-01-13,9980854.9505,11645.0
2015-01-14,10035134.9505,54280.0
2015-01-15,9967349.9505,-67785.0
2015-01-16,9962659.9505,-4690.0
2015-01-19,9840669.9988,-121989.9517
2015-01-20,9909719.9988,69050.0
2015-01-21,9918419.9988,8700.0
2015-01-22,9939039.9988,20620.0
2015-01-23,9920709.9988,-18330.0
2015-01-26,10058726.6159,138016.6171
2015-01-27,10019931.6159,-38795.0
2015-01-28,9879277.915900001,-140653.7
2015-01-29,9807459.70305,-71818.21285
2015-01-30,9887491.54855,80031.8455
2015-02-02,9805806.44795,-81685.1006
2015-02-03,9599711.44795,-206095.0
2015-02-04,9454111.44795,-145600.0
2015-02-05,9436686.86505,-17424.5829
2015-02-06,9233446.86505,-203240.0
2015-02-09,9273449.61505,40002.75
2015-02-10,9330399.61505,56950.0
2015-02-11,9386229.61505,55830.0
2015-02-12,9453899.61505,67670.0
2015-02-13,9232349.61505,-221550.0
2015-02-16,9015056.6165,-217292.99855
2015-02-17,9074356.6165,59300.0
2015-02-25,9243123.2877,168766.6712
2015-02-26,9142438.2877,-100685.0
2015-02-27,9219163.2877,76725.0
2015-03-02,9301744.7856,82581.4979
2015-03-03,9332754.7856,31010.0
2015-03-04,9421294.7856,88540.0
2015-03-05,9431554.7856,10260.0
2015-03-06,9438754.7856,7200.0
2015-03-09,9468094.824,29340.0384
2015-03-10,9673481.234199999,205386.4102
2015-03-11,9733641.234199999,60160.0
2015-03-12,9636251.234199999,-97390.0
2015-03-13,9602911.234199999,-33340.0
2015-03-16,9463235.148599999,-139676.0856
2015-03-17,9366007.40785,-97227.74075
2015-03-18,9357989.67385,-8017.734
2015-03-19,9257429.67385,-100560.0
2015-03-20,9177874.97895,-79554.6949
2015-03-23,9049140.85455,-128734.1244
2015-03-24,8877832.52395,-171308.3306
2015-03-25,8979725.658,101893.13405
2015-03-26,9002050.658,22325.0
2015-03-27,9176495.658,174445.0
2015-03-30,9148952.5863,-27543.0717
2015-03-31,9264992.5863,116040.0
2015-04-01,9408812.5863,143820.0
2015-04-02,9543322.5863,134510.0
2015-04-03,9549812.5863,6490.0
2015-04-07,9572550.84475,22738.25845
2015-04-08,9687790.84475,115240.0
2015-04-09,9830240.84475,142450.0
2015-04-10,9929335.84475,99095.0
2015-04-13,9776174.57465,-153161.2701
2015-04-14,9539059.57465,-237115.0
2015-04-15,9465704.57465,-73355.0
2015-04-16,9418549.57465,-47155.0
2015-04-17,9536596.42695,118046.8523
2015-04-20,9560327.69345,23731.2665
2015-04-21,9411127.69345,-149200.0
2015-04-22,9187777.69345,-223350.0
2015-04-23,9035707.69345,-152070.0
2015-04-24,8813837.69345,-221870.0
2015-04-27,8540920.1577,-272917.53575
2015-04-28,8356728.2807,-184191.877
2015-04-29,8457197.5716,100469.2909
2015-04-30,8490507.5716,33310.0
2015-05-04,8219264.828399999,-271242.7432
2015-05-05,8104377.480399999,-114887.348
2015-05-06,7951958.186449999,-152419.29395
2015-05-07,8053138.945849999,101180.7594
2015-05-08,8067223.945849999,14085.0
2015-05-11,8000436.892249999,-66787.0536
2015-05-12,8140626.892249999,140190.0
2015-05-13,8191216.892249999,50590.0
2015-05-14,8282831.892249999,91615.0
2015-05-15,8283551.892249999,720.0
2015-05-18,8293654.159649999,10102.2674
2015-05-19,8317689.159649999,24035.0
2015-05-20,8264404.159649999,-53285.0
2015-05-21,8226754.159649999,-37650.0
2015-05-22,8213314.159649999,-13440.0
2015-05-25,8203482.159649999,-9832.0
2015-05-26,8102132.159649999,-101350.0
2015-05-27,8085972.159649999,-16160.0
2015-05-28,8043282.159649999,-42690.0
2015-05-29,8118697.159649999,75415.0
2015-06-01,8081154.559649999,-37542.6
2015-06-02,8121154.559649999,40000.0
2015-06-03,8010244.559649999,-110910.0
2015-06-04,7909414.559649999,-100830.0
2015-06-05,7812555.809649999,-96858.75
2015-06-08,7829158.109499999,16602.29985
2015-06-09,7763013.109499999,-66145.0
2015-06-10,7746253.109499999,-16760.0
2015-06-11,7810196.157749999,63943.04825
2015-06-12,8063256.157749999,253060.0
2015-06-15,8165910.552999999,102654.39525
2015-06-16,8245950.552999999,80040.0
2015-06-17,8270185.552999999,24235.0
2015-06-18,8295025.552999999,24840.0
2015-06-19,8188310.552999999,-106715.0
2015-06-23,8118864.7847,-69445.7683
2015-06-24,8080628.2127,-38236.572
2015-06-25,8079197.45335,-1430.75935
2015-06-26,8033849.92235,-45347.531
2015-06-29,8122203.35375,88353.4314
2015-06-30,8512233.35375,390030.0
2015-07-01,8522783.35375,10550.0
2015-07-02,8399638.35375,-123145.0
2015-07-03,8338048.35375,-61590.0
2015-07-06,8694143.0135,356094.65975
2015-07-07,8936268.0135,242125.0
2015-07-08,9359318.0135,423050.0
2015-07-09,9114993.0135,-244325.0
2015-07-10,8785073.0135,-329920.0
2015-07-13,8864832.6879,79759.6744
2015-07-14,8777692.6879,-87140.0
2015-07-15,8832332.6879,54640.0
2015-07-16,8876272.6879,43940.0
2015-07-17,8844203.1879,-32069.5
2015-07-20,8736260.3382,-107942.8497
2015-07-21,8666816.0729,-69444.2653
2015-07-22,8789187.5729,122371.5
2015-07-23,8914607.5729,125420.0
2015-07-24,8937600.5729,22993.0
2015-07-27,8906235.3447,-31365.2282
2015-07-28,8991285.3447,85050.0
2015-07-29,8826725.3447,-164560.0
2015-07-30,8894285.3447,67560.0
2015-07-31,8941615.3447,47330.0
2015-08-03,8996229.004999999,54613.6603
2015-08-04,9128359.004999999,132130.0
2015-08-05,9056925.754999999,-71433.25
2015-08-06,9149770.754999999,92845.0
2015-08-07,9262145.754999999,112375.0
2015-08-10,9246530.305,-15615.45
2015-08-11,9068093.805,-178436.5
2015-08-12,9087553.805,19460.0
2015-08-13,8878308.805,-209245.0
2015-08-14,8961298.805,82990.0
2015-08-17,8988073.088,26774.283
2015-08-18,9038078.088,50005.0
2015-08-19,9158413.088,120335.0
2015-08-20,9173283.088,14870.0
2015-08-21,9136378.088,-36905.0
2015-08-24,9301487.088,165109.0
2015-08-25,9455317.088,153830.0
2015-08-26,9407297.088,-48020.0
2015-08-27,9439957.088,32660.0
2015-08-28,9358267.088,-81690.0
2015-08-31,9243404.9017,-114862.1863
2015-09-01,9282624.9017,39220.0
2015-09-02,9303999.9017,21375.0
2015-09-07,9338610.9017,34611.0
2015-09-08,9283105.9017,-55505.0
2015-09-09,8992240.9017,-290865.0
2015-09-10,9085500.9017,93260.0
2015-09-11,9005735.9017,-79765.0
2015-09-14,9121370.5517,115634.65
2015-09-15,9293310.5517,171940.0
2015-09-16,9341920.5517,48610.0
2015-09-17,9292840.5517,-49080.0
2015-09-18,9319700.5517,26860.0
2015-09-21,9439776.4419,120075.8902
2015-09-22,9637321.9419,197545.5
2015-09-23,9773511.9419,136190.0
2015-09-24,9821796.9419,48285.0
2015-09-25,9767126.9419,-54670.0
2015-09-28,9895497.2343,128370.2924
2015-09-29,10165137.2343,269640.0
2015-09-30,10254492.2343,89355.0
2015-10-08,10345018.4343,90526.2
2015-10-09,10277158.4343,-67860.0
2015-10-12,10169631.5843,-107526.85
2015-10-13,10465151.5843,295520.0
2015-10-14,10556076.5843,90925.0
2015-10-15,10630971.5843,74895.0
2015-10-16,10765676.5843,134705.0
2015-10-19,10800935.470900001,35258.8866
2015-10-20,11131495.470900001,330560.0
2015-10-21,11352425.470900001,220930.0
2015-10-22,11461655.470900001,109230.0
2015-10-23,11861913.970900001,400258.5
2015-10-26,11897914.520900002,36000.55
2015-10-27,11777899.520900002,-120015.0
2015-10-28,11957164.520900002,179265.0
2015-10-29,12127854.520900002,170690.0
2015-10-30,12116704.520900002,-11150.0
2015-11-02,12053172.146500003,-63532.3744
2015-11-03,11941152.146500003,-112020.0
2015-11-04,11856667.146500003,-84485.0
2015-11-05,11544066.069200002,-312601.0773
2015-11-06,11380484.918600002,-163581.1506
2015-11-09,11240926.579000002,-139558.3396
2015-11-10,11451991.579000002,211065.0
2015-11-11,11781016.579000002,329025.0
2015-11-12,11838221.579000002,57205.0
2015-11-13,11926286.579000002,88065.0
2015-11-16,11992927.033100002,66640.4541
2015-11-17,12150907.033100002,157980.0
2015-11-18,12277053.533100002,126146.5
2015-11-19,12540353.533100002,263300.0
2015-11-20,12668778.533100002,128425.0
2015-11-23,12954320.775600001,285542.2425
2015-11-24,13225227.275600001,270906.5
2015-11-25,13027963.775600001,-197263.5
2015-11-26,12518533.775600001,-509430.0
2015-11-27,12173977.525600001,-344556.25
2015-11-30,12466845.070700001,292867.5451
2015-12-01,12466217.370700002,-627.7
2015-12-02,12152587.370700002,-313630.0
2015-12-03,12250697.370700002,98110.0
2015-12-04,12284967.370700002,34270.0
2015-12-07,11941085.635200001,-343881.7355
2015-12-08,12094825.635200001,153740.0
2015-12-09,12074115.635200001,-20710.0
2015-12-10,12135905.635200001,61790.0
2015-12-11,12133845.635200001,-2060.0
2015-12-14,12093314.185200002,-40531.45000000014
2015-12-15,11986724.185200002,-106590.00000000087
2015-12-16,12070504.185200002,83780.00000000044
2015-12-17,11912494.185200002,-158010.0
2015-12-18,11765564.185200002,-146929.99999999994
2015-12-21,11419999.485200003,-345564.6999999992
2015-12-22,11450859.485200003,30860.00000000019
2015-12-23,11597639.4852,146779.99999999904
2015-12-24,11571539.4852,-26100.00000000048
2015-12-25,11534039.4852,-37500.000000000095
2015-12-28,11435404.545,-98634.94020000049
2015-12-29,11391534.545,-43869.9999999994
2015-12-30,11469964.545,78430.00000000023
2015-12-31,11460254.545000002,-9709.99999999797
2016-01-04,11410215.594999999,-50038.950000002136
2016-01-05,11356245.594999999,-53970.0
2016-01-06,11405185.595,48940.00000000163
2016-01-07,11343805.594999999,-61380.000000001004
2016-01-08,11552440.594999997,208634.9999999989
2016-01-11,11475883.994999997,-76556.59999999996
2016-01-12,11479653.995,3770.0000000010477
2016-01-13,11488413.995000001,8760.00000000144
2016-01-14,11391913.995000001,-96500.00000000079
2016-01-15,11521103.995,129189.9999999983
2016-01-18,11557572.045,36468.05000000114
2016-01-19,11754762.045,197190.00000000044
2016-01-20,11669082.045,-85679.99999999971
2016-01-21,11637942.045,-31139.999999999287
2016-01-22,11702867.045,64924.999999999854
2016-01-25,11527973.945,-174893.09999999995
2016-01-26,11549708.945,21735.00000000059
2016-01-27,11492343.944999997,-57365.00000000355
2016-01-28,11583263.944999998,90920.00000000132
2016-01-29,11643008.945,59745.000000001324
2016-02-01,11714295.945,71286.99999999971
2016-02-02,11634380.944999998,-79915.00000000118
2016-02-03,11666520.944999998,32139.999999999705
2016-02-04,11568899.344999999,-97621.60000000044
2016-02-05,11627201.344999997,58301.99999999761
2016-02-15,11860753.194999998,233551.85000000175
2016-02-16,11497893.194999995,-362860.0000000032
2016-02-17,11403248.194999998,-94644.99999999619
2016-02-18,11573458.194999997,170209.99999999825
2016-02-19,11554033.194999995,-19425.000000000953
2016-02-22,11441994.844999997,-112038.3499999984
2016-02-23,11317074.044999994,-124920.80000000192
2016-02-24,11331784.044999994,14709.999999999523
2016-02-25,11519234.044999994,187450.00000000064
2016-02-26,11545174.044999996,25940.000000000953
2016-02-29,11632349.945,87175.90000000341
2016-03-01,11822879.945,190530.00000000081
2016-03-02,11884334.444999997,61454.49999999671
2016-03-03,11775804.445,-108529.99999999654
2016-03-04,11596264.444999997,-179540.00000000378
2016-03-07,11653994.395000001,57729.950000003955
2016-03-08,11923134.395,269139.99999999884
2016-03-09,11786354.395,-136780.00000000081
2016-03-10,11839024.394999998,52669.99999999885
2016-03-11,11829754.395,-9269.99999999901
2016-03-14,11891623.145,61868.750000000335
2016-03-15,11662668.144999998,-228955.000000001
2016-03-16,11576759.394999998,-85908.74999999984
2016-03-17,11617699.394999998,40939.999999999505
2016-03-18,11643584.394999998,25885.000000000495
2016-03-21,11527141.844999997,-116442.55000000016
2016-03-22,11396141.844999997,-131000.00000000016
2016-03-23,11471121.844999997,74979.99999999919
2016-03-24,11433476.844999997,-37645.00000000067
2016-03-25,11400121.844999999,-33354.99999999901
2016-03-28,11436090.845,35969.00000000099
2016-03-29,11439585.845000003,3495.0000000009895
2016-03-30,11491035.845,51449.999999998676
2016-03-31,11504855.845000003,13820.00000000131
2016-04-01,11552990.845000003,48134.99999999917
2016-04-05,11370299.544999994,-182691.30000000852
2016-04-06,11270449.544999992,-99850.00000000218
2016-04-07,11180849.544999992,-89599.99999999964
2016-04-08,11207120.044999996,26270.500000003638
2016-04-11,11254963.544999996,47843.50000000004
2016-04-12,11172923.544999998,-82039.99999999741
2016-04-13,11214273.544999994,41349.99999999556
2016-04-14,10996983.544999994,-217290.00000000073
2016-04-15,11302403.545000002,305420.00000000664
2016-04-18,11317488.750599999,15085.205599996305
2016-04-19,11837408.750599999,519919.99999999924
2016-04-20,12087178.750599999,249769.99999999927
2016-04-21,12373048.750599997,285869.9999999985
2016-04-22,12254988.7506,-118059.99999999667
2016-04-25,12134381.268149998,-120607.48245000221
2016-04-26,11892901.268149998,-241480.0
2016-04-27,11628481.268149998,-264420.0
2016-04-28,11552731.268149998,-75750.0
2016-04-29,11685171.268149998,132440.0
2016-05-03,11380907.357349997,-304263.9108
2016-05-04,11187877.357349997,-193030.0
2016-05-05,11004957.357349997,-182920.0
2016-05-06,10836692.357349997,-168265.0
2016-05-09,10719901.956649998,-116790.4007
2016-05-10,10419231.956649998,-300670.0
2016-05-11,10412691.956649998,-6540.0
2016-05-12,10426531.956649998,13840.0
2016-05-13,10223491.956649998,-203040.0
2016-05-16,9969461.089249998,-254030.867399999
2016-05-17,9944791.089249995,-24670.000000004504
2016-05-18,9889951.089249996,-54839.999999997744
2016-05-19,9922561.089249998,32610.000000002503
2016-05-20,10073891.089249995,151329.9999999965
2016-05-23,10272771.945649998,198880.85640000357
2016-05-24,10375331.945649993,102559.99999999488
2016-05-25,10361011.945649995,-14319.999999997697
2016-05-26,10353721.945649995,-7289.999999999738
2016-05-27,10220071.945649995,-133649.99999999948
2016-05-30,10173245.945649993,-46826.00000000186
2016-05-31,10267725.945649995,94480.0000000025
2016-06-01,10380445.945649989,112719.99999999529
2016-06-02,10326125.945649993,-54319.99999999582
2016-06-03,10302295.94564999,-23830.00000000195
2016-06-06,10336535.845649993,34239.90000000195
2016-06-07,10345705.84564999,9169.9999999961
2016-06-08,10379195.845649991,33490.00000000167
2016-06-13,10401081.627249993,21885.781600001905
2016-06-14,10502711.627249993,101630.0
2016-06-15,10704821.627249992,202109.99999999878
2016-06-16,10791611.627249992,86790.0000000009
2016-06-17,10670391.627249992,-121220.00000000029
2016-06-20,10507171.04474999,-163220.5825000015
2016-06-21,10425721.04474999,-81450.0
2016-06-22,10255451.04474999,-170270.0
2016-06-23,10157336.04474999,-98115.0
2016-06-24,10233591.04474999,76255.0
2016-06-27,10447918.559949992,214327.51520000264
2016-06-28,10283783.559949996,-164134.99999999703
2016-06-29,10194858.55994999,-88925.00000000527
2016-06-30,10479518.559949994,284660.00000000326
2016-07-01,10599818.559949992,120299.99999999732
2016-07-04,10445106.322449993,-154712.237499998
2016-07-05,10044441.822449995,-400664.4999999987
2016-07-06,10132091.822449997,87650.00000000163
2016-07-07,10312031.822449993,179939.9999999954
2016-07-08,10180316.822449995,-131714.99999999834
2016-07-11,10124476.722449996,-55840.09999999937
2016-07-12,10282966.722449992,158489.99999999715
2016-07-13,10468416.722449992,185450.00000000064
2016-07-14,10448356.722449994,-20059.9999999984
2016-07-15,10675016.722449994,226659.99999999936
2016-07-18,10425509.122449998,-249507.59999999616
2016-07-19,10067709.122449992,-357800.0000000057
2016-07-20,10147389.122449998,79680.00000000605
2016-07-21,10254109.122449992,106719.99999999363
2016-07-22,10282749.122449996,28640.0000000035
2016-07-25,10062727.799449995,-220021.32300000158
2016-07-26,10250972.799449999,188245.00000000445
2016-07-27,10347472.799449995,96499.99999999555
2016-07-28,10655537.79945,308065.0000000048
2016-07-29,10557612.799449993,-97925.0000000067
2016-08-01,10544133.699449994,-13479.09999999936
2016-08-02,10735423.699449996,191290.00000000256
2016-08-03,10688115.69945,-47307.99999999619
2016-08-04,10594375.699449996,-93740.00000000413
2016-08-05,10894855.699449996,300480.0
2016-08-08,11106611.699449992,211755.999999997
2016-08-09,11279961.699449997,173350.00000000617
2016-08-10,11203863.09944999,-76098.60000000657
2016-08-11,11217733.099449992,13870.00000000278
2016-08-12,11332063.099449996,114330.00000000317
2016-08-15,11276781.93615,-55281.16329999722
2016-08-16,11443711.93615,166929.9999999996
2016-08-17,11407371.936149994,-36340.000000005966
2016-08-18,11379271.936149998,-28099.99999999642
2016-08-19,11171920.97545,-207350.9606999976
2016-08-22,11466463.87544999,294542.89999999164
2016-08-23,11368703.875449998,-97759.99999999325
2016-08-24,11369448.875449996,744.9999999980209
2016-08-25,11230998.875449996,-138450.0
2016-08-26,11401278.875449996,170280.0
2016-08-29,11083637.475449992,-317641.4000000048
2016-08-30,10649407.475449994,-434229.99999999837
2016-08-31,10614202.475449992,-35205.00000000119
2016-09-01,10427807.475449996,-186394.99999999563
2016-09-02,10604152.475449992,176344.99999999563
2016-09-05,10642663.526149997,38511.05070000553
2016-09-06,10531963.526149996,-110700.00000000207
2016-09-07,10370663.526149997,-161299.99999999884
2016-09-08,10271418.52615,-99244.99999999852
2016-09-09,10352338.52615,80920.00000000089
2016-09-12,10175845.304449998,-176493.2217000009
2016-09-13,10046395.304449998,-129450.0
2016-09-14,9801755.304449998,-244640.0
2016-09-19,9690028.754449997,-111726.55
2016-09-20,9607778.754449997,-82250.0
2016-09-21,9674678.754449997,66900.0
2016-09-22,9654358.754449997,-20320.0
2016-09-23,9642178.754449997,-12180.0
2016-09-26,9706586.504449997,64407.75
2016-09-27,9803101.504449997,96515.0
2016-09-28,9860421.504449997,57320.0
2016-09-29,9874926.504449997,14505.0
2016-09-30,9841691.504449997,-33235.0
2016-10-10,9967324.754449997,125633.24999999965
2016-10-11,10060844.754449992,93519.99999999531
2016-10-12,9966029.754449993,-94814.99999999799
2016-10-13,10145314.754449993,179285.0
2016-10-14,10291729.754449992,146414.99999999866
2016-10-17,10257413.254449992,-34316.49999999949
2016-10-18,10208083.254449993,-49329.999999997846
2016-10-19,10292623.254449995,84540.00000000179
2016-10-20,10280753.254449992,-11870.000000003929
2016-10-21,10309748.254449993,28995.000000001433
2016-10-24,10284323.038449993,-25425.216000000728
2016-10-25,10690773.038449995,406450.0000000021
2016-10-26,10992803.038449995,302029.99999999965
2016-10-27,10991513.038449995,-1289.9999999993015
2016-10-28,11233098.03844999,241584.9999999948
2016-10-31,11401038.038449991,167940.00000000262
2016-11-01,11617258.038449988,216219.9999999962
2016-11-02,11576738.038449988,-40519.99999999968
2016-11-03,11574428.038449993,-2309.9999999939464
2016-11-04,11875521.538449991,301093.4999999978
2016-11-07,11989518.638449991,113997.10000000033
2016-11-08,12286858.63844999,297339.9999999984
2016-11-09,12624393.638449987,337534.99999999744
2016-11-10,12924450.138449984,300056.4999999969
2016-11-11,13194490.138449987,270040.00000000384
2016-11-14,13054647.40334999,-139842.73509999807
2016-11-15,12530286.753349992,-524360.649999998
2016-11-16,11891401.753349992,-638884.9999999992
2016-11-17,11761206.753349984,-130195.00000000658
2016-11-18,11744846.75334999,-16359.999999994972
2016-11-21,11769804.744249986,24957.990899996523
2016-11-22,12336694.744249986,566890.0
2016-11-23,12533794.744249986,197100.0
2016-11-24,12568250.244249986,34455.5
2016-11-25,12573665.244249986,5415.0
2016-11-28,12928897.040149987,355231.7959
2016-11-29,12781752.606449986,-147144.4337
2016-11-30,12154902.606449986,-626850.0
2016-12-01,12263389.411099985,108486.80465
2016-12-02,12275927.973349985,12538.56225
2016-12-05,12346720.623349985,70792.65
2016-12-06,12549970.623349985,203250.0
2016-12-07,12708370.623349985,158400.0
2016-12-08,12749545.623349985,41175.0
2016-12-09,12717475.623349985,-32070.0
2016-12-12,13045688.601949984,328212.9786
2016-12-13,13006758.601949984,-38930.0
2016-12-14,12948498.601949984,-58260.0
2016-12-15,12909008.601949984,-39490.0
2016-12-16,13043118.601949984,134110.0
2016-12-19,12842400.211849984,-200718.3901
2016-12-20,12416960.211849986,-425439.99999999884
2016-12-21,12197060.211849984,-219900.00000000172
2016-12-22,12037570.211849986,-159489.99999999872
2016-12-23,11741180.211849984,-296390.0000000011
2016-12-26,11687048.711849984,-54131.500000000175
2016-12-27,11849113.711849984,162065.0
2016-12-28,12207318.711849984,358205.0
2016-12-29,12087773.711849984,-119545.0
2016-12-30,11857093.711849984,-230680.0
2017-01-03,11727607.359449985,-129486.3524
2017-01-04,11613637.359449985,-113970.0
2017-01-05,11563097.359449985,-50540.0
2017-01-06,11557707.359449985,-5390.0
2017-01-09,11496809.609449985,-60897.75
2017-01-10,11617809.609449985,121000.0
2017-01-11,11685999.609449985,68190.0
2017-01-12,11712289.609449985,26290.0
2017-01-13,11800669.609449985,88380.0
2017-01-16,11837666.109449985,36996.5
2017-01-17,11891296.109449985,53630.0
2017-01-18,11855736.109449985,-35560.0
2017-01-19,11774176.109449985,-81560.0
2017-01-20,11670216.109449985,-103960.0
2017-01-23,11695562.359449985,25346.25
2017-01-24,11722292.359449985,26730.0
2017-01-25,11954377.359449985,232085.0
2017-01-26,11781937.359449985,-172440.0
2017-02-03,11341566.311949985,-440371.0475
2017-02-06,11287737.914799985,-53828.39715
2017-02-07,11193722.914799985,-94015.0
2017-02-08,11324942.914799985,131220.0
2017-02-09,11485111.414799985,160168.5
2017-02-10,11542516.414799985,57405.0
2017-02-13,11843360.714799985,300844.3000000006
2017-02-14,12009740.714799985,166379.99999999956
2017-02-15,12098370.714799985,88629.99999999956
2017-02-16,12003730.714799985,-94639.99999999914
2017-02-17,11856675.714799985,-147055.0
2017-02-20,11673353.242499985,-183322.4723
2017-02-21,11929983.242499983,256629.999999999
2017-02-22,11541693.242499983,-388289.99999999965
2017-02-23,11324513.242499983,-217179.99999999968
2017-02-24,11033128.242499983,-291385.00000000076
2017-02-27,11334576.868849985,301448.62635000166
2017-02-28,11309496.868849985,-25080.000000000917
2017-03-01,11354831.868849985,45335.00000000029
2017-03-02,11493966.868849985,139134.99999999919
2017-03-03,11308926.868849985,-185040.00000000052
2017-03-06,11429234.718849985,120307.8500000005
2017-03-07,11310484.718849985,-118749.99999999942
2017-03-08,11185809.718849985,-124675.00000000058
2017-03-09,10879364.718849987,-306444.99999999814
2017-03-10,10846924.718849985,-32440.000000002226
2017-03-13,10905975.925649986,59051.20680000086
2017-03-14,11028875.925649986,122900.0
2017-03-15,11024945.925649986,-3930.0
2017-03-16,11042415.925649986,17470.0
2017-03-17,10957950.925649986,-84465.0
2017-03-20,10927312.402249986,-30638.523400000275
2017-03-21,10761887.402249986,-165425.0000000004
2017-03-22,10647802.402249986,-114085.00000000081
2017-03-23,10712317.402249986,64515.00000000014
2017-03-24,10930983.035799986,218665.63354999933
2017-03-27,10736478.035799986,-194505.00000000023
2017-03-28,10769993.035799984,33514.99999999901
2017-03-29,10889073.035799986,119080.00000000242
2017-03-30,10825583.035799984,-63490.00000000156
2017-03-31,10912853.035799984,87269.99999999943
2017-04-05,10837221.129199984,-75631.9065999999
2017-04-06,10799191.129199985,-38029.999999997635
2017-04-07,10876551.129199985,77359.99999999964
2017-04-10,10865302.629199984,-11248.500000001004
2017-04-11,10902752.629199985,37450.00000000252
2017-04-12,10828030.129199984,-74722.50000000154
2017-04-13,10933491.629199985,105461.50000000175
2017-04-14,10847211.629199982,-86280.00000000444
2017-04-17,10958175.629199985,110964.00000000332
2017-04-18,10955985.629199984,-2190.0000000023865
2017-04-19,10910940.629199984,-45044.9999999996
2017-04-20,11005710.629199982,94769.99999999901
2017-04-21,11146040.629199982,140329.9999999998
2017-04-24,10809460.629199985,-336579.9999999957
2017-04-25,11004910.629199982,195449.99999999598
2017-04-26,11066560.629199982,61650.00000000075
2017-04-27,11210380.629199984,143820.0000000015
2017-04-28,10837030.629199985,-373349.99999999773
2017-05-02,10507323.129199982,-329707.500000004
2017-05-03,10568193.129199982,60870.0
2017-05-04,10629943.129199982,61750.0
2017-05-05,10651053.129199982,21110.0
2017-05-08,10612518.629199982,-38534.5
2017-05-09,10655548.629199982,43030.0
2017-05-10,10700587.129199982,45038.5
2017-05-11,10688667.129199982,-11920.0
2017-05-12,10777012.129199982,88345.0
2017-05-15,10939209.629199984,162197.50000000233
2017-05-16,11027759.62919998,88549.99999999671
2017-05-17,10871519.629199984,-156239.9999999967
2017-05-18,10791159.62919998,-80360.00000000349
2017-05-19,10738569.629199984,-52589.99999999633
2017-05-22,10958698.947199984,220129.3179999991
2017-05-23,10968328.947199984,9630.000000000611
2017-05-24,10766008.947199984,-202320.0000000006
2017-05-25,10749338.947199984,-16670.0
2017-05-26,10816038.947199984,66700.00000000041
2017-05-31,10571747.497799981,-244291.44940000187
2017-06-01,10167737.497799983,-404009.99999999884
2017-06-02,10010427.497799983,-157310.0000000007
2017-06-05,9811328.143749986,-199099.3540499975
2017-06-06,9747548.143749984,-63780.00000000173
2017-06-07,9777938.143749984,30389.999999999352
2017-06-08,9743188.143749982,-34750.00000000108
2017-06-09,9776708.143749982,33519.99999999935
2017-06-12,9694840.723799981,-81867.41995000005
2017-06-13,9642555.723799985,-52284.99999999659
2017-06-14,9537195.723799985,-105360.00000000023
2017-06-15,9594320.723799985,57125.00000000023
2017-06-16,9586855.723799985,-7464.999999999549
2017-06-19,9496236.173799982,-90619.55000000341
2017-06-20,9419421.173799982,-76815.0
2017-06-21,9439096.173799982,19675.0
2017-06-22,9372571.173799982,-66525.0
2017-06-23,9421661.173799982,49090.0
2017-06-26,9451648.373799982,29987.2
2017-06-27,9446508.373799982,-5140.0
2017-06-28,9452358.373799982,5850.0
2017-06-29,9514528.373799982,62170.0
2017-06-30,9594638.373799982,80110.0
2017-07-03,9505221.373799982,-89417.0
2017-07-04,9421481.373799982,-83740.0
2017-07-05,9401041.373799982,-20440.0
2017-07-06,9492880.123799982,91838.75
2017-07-07,9473960.123799982,-18920.0
2017-07-10,9423814.763999982,-50145.3598
2017-07-11,9513489.763999982,89675.0
2017-07-12,9645749.763999982,132260.0
2017-07-13,9668579.763999982,22830.0
2017-07-14,9700369.763999982,31790.0
2017-07-17,9804682.513999982,104312.75
2017-07-18,9803682.013999982,-1000.5
2017-07-19,9902517.013999982,98835.0
2017-07-20,9868272.013999982,-34245.0
2017-07-21,9667547.013999982,-200725.0
2017-07-24,9616447.816799982,-51099.1972
2017-07-25,9718787.816799982,102340.0
2017-07-26,9793617.816799982,74830.0
2017-07-27,9638728.316799982,-154889.5
2017-07-28,9643598.316799982,4870.0
2017-07-31,9839937.066799982,196338.75000000017
2017-08-01,9991677.066799982,151739.9999999991
2017-08-02,10093357.06679998,101679.99999999872
2017-08-03,10116417.666799981,23060.600000002
2017-08-04,10100737.66679998,-15680.00000000163
2017-08-07,10500888.76679998,400151.100000001
2017-08-08,10744008.766799979,243119.99999999735
2017-08-09,11216672.79874998,472664.0319500014
2017-08-10,11267972.798749981,51300.0000000023
2017-08-11,11049337.29874998,-218635.5000000015
2017-08-14,10841543.298749978,-207794.0000000018
2017-08-15,10577343.298749981,-264199.9999999969
2017-08-16,10712418.29874998,135074.99999999872
2017-08-17,10969333.29874998,256914.99999999974
2017-08-18,10935958.29874998,-33375.0
2017-08-21,11193357.37854998,257399.07980000027
2017-08-22,11270527.378549978,77169.99999999898
2017-08-23,11015287.37854998,-255239.9999999985
2017-08-24,11196507.378549978,181219.99999999744
2017-08-25,11294407.378549984,97900.00000000486
2017-08-28,11210498.714999983,-83908.6635500008
2017-08-29,11223368.71499998,12869.999999995991
2017-08-30,11160548.71499998,-62819.999999999476
2017-08-31,11128808.71499998,-31739.99999999947
2017-09-01,11430188.714999981,301380.00000000163
2017-09-04,11686877.799949983,256689.08495000238
2017-09-05,11617797.799949978,-69080.00000000534
2017-09-06,11530552.799949983,-87244.99999999412
2017-09-07,11203902.799949981,-326650.00000000134
2017-09-08,10875797.799949978,-328105.00000000454
2017-09-11,10741167.549949983,-134630.24999999494
2017-09-12,11094962.549949983,353795.0
2017-09-13,11171482.549949983,76520.0
2017-09-14,10989177.549949983,-182305.0
2017-09-15,10713392.549949983,-275785.0
2017-09-18,10573768.474599984,-139624.07535
2017-09-19,10641998.474599984,68230.0
2017-09-20,10575788.474599984,-66210.0
2017-09-21,10452728.474599984,-123060.0
2017-09-22,10143238.474599984,-309490.0
2017-09-25,10115566.041599983,-27672.433
2017-09-26,10193001.041599983,77435.0
2017-09-27,10214376.041599983,21375.0
2017-09-28,10103491.041599983,-110885.0
2017-09-29,10139771.041599983,36280.0
2017-10-09,10238930.391599983,99159.35
2017-10-10,10088660.391599983,-150270.0
2017-10-11,9893230.391599983,-195430.0
2017-10-12,9811600.391599983,-81630.0
2017-10-13,9792040.391599983,-19560.0
2017-10-16,9796757.891599983,4717.5
2017-10-17,9826867.891599983,30110.0
2017-10-18,9754877.891599983,-71990.0
2017-10-19,9790287.891599983,35410.0
2017-10-20,9835667.891599983,45380.0
2017-10-23,9767298.041599983,-68369.8499999995
2017-10-24,9744388.041599987,-22909.999999997188
2017-10-25,9906398.041599989,162010.00000000154
2017-10-26,9886363.041599989,-20035.00000000077
2017-10-27,9975078.041599985,88714.99999999668
2017-10-30,10346520.44159999,371442.40000000416
2017-10-31,10202520.44159999,-143999.99999999919
2017-11-01,10111530.441599984,-90990.00000000536
2017-11-02,10198380.44159999,86850.00000000534
2017-11-03,10233750.441599984,35369.99999999492
2017-11-06,10180547.854449987,-53202.58714999555
2017-11-07,10366577.854449986,186029.99999999895
2017-11-08,10312867.854449984,-53710.00000000131
2017-11-09,10477337.854449982,164469.99999999764
2017-11-10,10566917.730399983,89579.87595000134
2017-11-13,10878199.814949982,311282.0845499987
2017-11-14,10894699.814949986,16500.000000003547
2017-11-15,10876999.814949986,-17699.999999999447
2017-11-16,10796599.814949982,-80400.00000000464
2017-11-17,10917249.814949984,120650.00000000274
2017-11-20,11015668.46494998,98418.6499999959
2017-11-21,11108938.464949986,93270.00000000492
2017-11-22,11418483.464949982,309544.99999999616
2017-11-23,11388355.214949984,-30128.249999997817
2017-11-24,11184485.214949988,-203869.999999997
2017-11-27,11269135.564949986,84650.34999999864
2017-11-28,11232315.564949984,-36820.000000002736
2017-11-29,11017113.914949985,-215201.64999999918
2017-11-30,10891869.914949983,-125244.00000000192
2017-12-01,10691099.914949983,-200770.0
2017-12-04,10853268.130549986,162168.2156000034
2017-12-05,10990398.130549982,137129.99999999642
2017-12-06,10989854.730549982,-543.4000000002038
2017-12-07,10979724.730549984,-10129.999999998021
2017-12-08,10929114.730549982,-50610.000000001
2017-12-11,11038939.280549984,109824.55000000229
2017-12-12,11041549.280549983,2609.9999999979555
2017-12-13,11162979.280549984,121430.00000000227
2017-12-14,11096519.28054998,-66460.00000000285
2017-12-15,10868166.78054998,-228352.5000000002
2017-12-18,11032225.210549986,164058.4300000049
2017-12-19,11067355.210549986,35129.99999999975
2017-12-20,11017755.210549984,-49600.000000002256
2017-12-21,11175775.210549984,158020.00000000023
2017-12-22,11241545.210549982,65769.99999999875
2017-12-25,10946162.918799981,-295382.29175000073
2017-12-26,10756592.918799978,-189570.00000000437
2017-12-27,10739772.91879998,-16819.99999999768
2017-12-28,10684152.918799978,-55620.00000000202
2017-12-29,10778882.918799978,94730.00000000087
2018-01-02,10847350.818799982,68467.90000000462
2018-01-03,10973470.818799982,126120.0
2018-01-04,10946670.818799982,-26800.0
2018-01-05,10998490.818799982,51820.0
2018-01-08,10957511.886999981,-40978.9318
2018-01-09,10914731.886999981,-42780.0
2018-01-10,10928921.83699998,14189.95
2018-01-11,10975231.83699998,46310.0
2018-01-12,10885601.83699998,-89630.0
2018-01-15,11078626.636999978,193024.7999999979
2018-01-16,10699111.636999976,-379515.00000000093
2018-01-17,10483752.036999976,-215359.59999999907
2018-01-18,10554401.136999978,70649.10000000185
2018-01-19,10650881.136999974,96479.9999999968
2018-01-22,10433287.302899975,-217593.83409999844
2018-01-23,10380427.302899973,-52860.00000000167
2018-01-24,10381987.302899975,1560.00000000191
2018-01-25,10533027.302899977,151040.00000000096
2018-01-26,10472637.302899973,-60390.00000000334
2018-01-29,10423455.845449975,-49181.45744999877
2018-01-30,10468385.84544998,44930.000000004686
2018-01-31,10401685.845449973,-66700.00000000719
2018-02-01,10421755.845449977,20070.00000000313
2018-02-02,10521245.84544998,99490.00000000281
2018-02-05,10712354.345449977,191108.49999999593
2018-02-06,10672874.34544998,-39479.999999996246
2018-02-07,10763596.611049978,90722.26559999726
2018-02-08,10787759.111049978,24162.500000000233
2018-02-09,10687869.111049976,-99890.0000000025
2018-02-12,10553771.938999979,-134097.1720499974
2018-02-13,10448352.713299977,-105419.22570000186
2018-02-14,10671628.987299977,223276.2739999996
2018-02-22,10840691.80209998,169062.81480000383
2018-02-23,10645121.802099975,-195570.000000005
2018-02-26,10721147.902099976,76026.10000000181
2018-02-27,10659395.246549977,-61752.655550000236
2018-02-28,10671525.246549979,12130.000000001592
2018-03-01,10667175.246549979,-4349.999999999774
2018-03-02,10697709.618199978,30534.371649998633
2018-03-05,10675780.52919998,-21929.08899999818
2018-03-06,10627155.52919998,-48625.0
2018-03-07,10687420.52919998,60265.0
2018-03-08,10523660.52919998,-163760.0
2018-03-09,10246365.52919998,-277295.0
2018-03-12,10197888.41519998,-48477.114
2018-03-13,10322683.41519998,124795.0
2018-03-14,10293318.41519998,-29365.0
2018-03-15,10247718.41519998,-45600.0
2018-03-16,10321091.85194998,73373.43675
2018-03-19,10176625.15494998,-144466.697
2018-03-20,10086927.90494998,-89697.25
2018-03-21,10227369.65494998,140441.75
2018-03-22,10129969.65494998,-97400.0
2018-03-23,10379919.65494998,249950.0
2018-03-26,10668365.15494998,288445.5
2018-03-27,10566935.15494998,-101430.0
2018-03-28,10535845.15494998,-31090.0
2018-03-29,10574715.15494998,38870.0
2018-03-30,10859116.15494998,284401.0
2018-04-02,10744625.15494998,-114491.0
2018-04-03,10548985.15494998,-195640.0
2018-04-04,10667020.15494998,118035.0
2018-04-09,10608891.15494998,-58129.0
2018-04-10,10258917.15494998,-349974.0
2018-04-11,10115477.15494998,-143440.0
2018-04-12,10261887.15494998,146410.0
2018-04-13,10056863.15494998,-205024.0
2018-04-16,10035363.20494998,-21499.95
2018-04-17,9873748.20494998,-161615.0
2018-04-18,9930518.20494998,56770.0
2018-04-19,9367928.20494998,-562590.0
2018-04-20,9512063.20494998,144135.0
2018-04-23,9594566.504949981,82503.3
2018-04-24,9711196.504949981,116630.0
2018-04-25,9633896.504949981,-77300.0
2018-04-26,9614516.504949981,-19380.0
2018-04-27,9661486.504949981,46970.0
2018-05-02,9810317.732499981,148831.22755
2018-05-03,9837547.732499981,27230.0
2018-05-04,9765787.732499981,-71760.0
2018-05-07,9751773.83249998,-14013.9
2018-05-08,9677243.83249998,-74530.0
2018-05-09,9584433.83249998,-92810.0
2018-05-10,9588863.83249998,4430.0
2018-05-11,9650353.83249998,61490.0
2018-05-14,9639825.645999981,-10528.1865
2018-05-15,9666975.645999981,27150.0
2018-05-16,9751895.645999981,84920.0
2018-05-17,9728295.645999981,-23600.0
2018-05-18,9569845.645999981,-158450.0
2018-05-21,9483332.36854998,-86513.27745000158
2018-05-22,9473032.368549982,-10299.99999999773
2018-05-23,9402482.368549984,-70549.99999999863
2018-05-24,9452992.368549982,50509.99999999818
2018-05-25,9641832.368549982,188839.99999999953
2018-05-28,9630390.579499982,-11441.789049999315
2018-05-29,9705420.579499982,75030.0
2018-05-30,9821790.579499982,116370.0
2018-05-31,9925460.579499982,103670.0
2018-06-01,10022470.579499982,97010.0
2018-06-04,9898493.94319998,-123976.63630000317
2018-06-05,9865153.943199977,-33340.00000000147
2018-06-06,9898673.943199981,33520.000000003914
2018-06-07,9934053.94319998,35379.999999999025
2018-06-08,10191643.943199977,257589.99999999756
2018-06-11,10226407.509699978,34763.5665
2018-06-12,10284587.509699978,58180.0
2018-06-13,10394567.509699978,109980.0
2018-06-14,10428807.509699978,34240.0
2018-06-15,10490847.509699978,62040.0
2018-06-19,10505677.541149981,14830.031450002809
2018-06-20,10268427.541149978,-237250.00000000434
2018-06-21,10449182.541149981,180755.0000000028
2018-06-22,10319192.541149981,-129989.99999999924
2018-06-25,10185908.80804998,-133283.733100001
2018-06-26,10144403.80804998,-41505.000000000095
2018-06-27,10182193.808049982,37790.000000001644
2018-06-28,10284883.80804998,102689.99999999846
2018-06-29,10425273.808049982,140390.00000000154
2018-07-02,10560903.192849984,135629.38480000128
2018-07-03,10504639.192849984,-56264.00000000043
2018-07-04,10504734.310649984,95.11779999999999
2018-07-05,10641939.310649984,137204.99999999913
2018-07-06,10587319.31064998,-54620.000000003245
2018-07-09,10515081.397949982,-72237.91269999709
2018-07-10,10646607.89794998,131526.4999999977
2018-07-11,11057857.897949982,411250.0000000016
2018-07-12,11053317.89794998,-4540.000000002445
2018-07-13,11207077.897949984,153760.0000000042
2018-07-16,11266873.028199984,59795.13024999957
2018-07-17,11118253.02819998,-148620.00000000407
2018-07-18,11110178.028199984,-8074.999999995907
2018-07-19,11244593.028199982,134414.9999999982
2018-07-20,11070178.02819998,-174415.0000000018
2018-07-23,10989520.671099983,-80657.35709999755
2018-07-24,10796102.114199985,-193418.5568999991
2018-07-25,10681009.626199983,-115092.48800000227
2018-07-26,10735946.569449987,54936.94325000359
2018-07-27,10849416.569449987,113469.99999999956
2018-07-30,10960387.028199984,110970.45874999707
2018-07-31,11147583.142749984,187196.11455000023
2018-08-01,11329363.142749988,181780.0000000032
2018-08-02,11392273.142749984,62909.99999999636
2018-08-03,11639823.142749984,247550.00000000023
2018-08-06,11746798.567149986,106975.42440000204
2018-08-07,11946338.567149986,199540.0
2018-08-08,11922228.567149986,-24110.0
2018-08-09,11780489.067149986,-141739.5
2018-08-10,11774101.567149986,-6387.5
2018-08-13,11784615.101749985,10513.534599999446
2018-08-14,12402340.101749983,617724.9999999978
2018-08-15,12356739.601749983,-45600.49999999913
2018-08-16,12322010.101749983,-34729.49999999927
2018-08-17,12260435.101749988,-61574.99999999523
2018-08-20,12763915.887899986,503480.78614999703
2018-08-21,12751465.887899982,-12450.0000000039
2018-08-22,12703535.887899987,-47929.99999999443
2018-08-23,12495035.887899984,-208500.00000000445
2018-08-24,12194805.887899986,-300229.9999999986
2018-08-27,12005192.588599984,-189613.29930000252
2018-08-28,11903602.588599987,-101589.99999999578
2018-08-29,11958732.588599987,55129.999999999694
2018-08-30,11559152.588599984,-399580.00000000454
2018-08-31,11478242.588599984,-80909.9999999991
2018-09-03,11404345.607949983,-73896.98064999939
2018-09-04,11452895.607949983,48550.0
2018-09-05,11471275.607949983,18380.0
2018-09-06,11539465.607949983,68190.0
2018-09-07,11868185.607949983,328720.0
2018-09-10,12025211.509549985,157025.9016000014
2018-09-11,12029391.509549985,4179.999999999578
2018-09-12,11855241.509549985,-174150.00000000058
2018-09-13,11754871.509549987,-100369.99999999849
2018-09-14,11723101.509549987,-31769.999999999523
2018-09-17,11772844.586549984,49743.07699999828
2018-09-18,12062564.586549988,289720.00000000326
2018-09-19,12286854.586549986,224289.99999999764
2018-09-20,12325164.586549984,38309.99999999764
2018-09-21,12081834.586549988,-243329.99999999558
2018-09-25,12089457.678749986,7623.092199998596
2018-09-26,12045967.678749986,-43489.999999999854
2018-09-27,12017947.678749986,-28020.000000000517
2018-09-28,12030657.678749986,12710.000000000517
2018-10-08,12178428.928749984,147771.24999999796
2018-10-09,11959678.928749982,-218750.00000000125
2018-10-10,11982658.928749982,22979.99999999932
2018-10-11,12156708.928749984,174050.00000000265
2018-10-12,12152268.928749982,-4440.000000001677
2018-10-15,12185063.328749986,32794.40000000449
2018-10-16,12101423.328749986,-83640.00000000041
2018-10-17,11962868.328749986,-138554.99999999919
2018-10-18,12058323.32874998,95454.999999995
2018-10-19,12265698.328749983,207375.0000000024
2018-10-22,12149044.078749983,-116654.2500000002
2018-10-23,12160269.078749979,11224.999999995911
2018-10-24,12183109.078749983,22840.00000000304
2018-10-25,12331064.078749985,147955.0000000014
2018-10-26,12365379.07874998,34314.99999999555
2018-10-29,12562418.22874998,197039.1499999994
2018-10-30,12405403.228749977,-157015.00000000192
2018-10-31,12582538.228749987,177135.0000000085
2018-11-01,12675488.228749985,92949.9999999973
2018-11-02,12150638.228749987,-524849.9999999988
2018-11-05,11995386.247749982,-155251.98100000387
2018-11-06,12089956.24774998,94569.99999999904
2018-11-07,12054831.24774998,-35124.99999999933
2018-11-08,12068436.24774998,13605.00000000032
2018-11-09,12262966.24774998,194529.99999999965
2018-11-12,12078250.94014998,-184715.30760000032
2018-11-13,12175725.94014998,97474.9999999991
2018-11-14,12626075.940149978,450349.99999999895
2018-11-15,12685303.540149981,59227.600000003615
2018-11-16,12874343.540149983,189040.00000000256
2018-11-19,12741214.380849982,-133129.1593000014
2018-11-20,12744424.38084998,3209.99999999757
2018-11-21,12947709.380849982,203285.00000000105
2018-11-22,12738814.380849985,-208894.9999999969
2018-11-23,12639569.380849985,-99245.00000000035
2018-11-26,12583856.080849983,-55713.30000000191
2018-11-27,12799261.08084998,215404.99999999572
2018-11-28,12875231.080849987,75970.00000000685
2018-11-29,12906131.080849983,30899.999999995776
2018-11-30,12827056.080849985,-79074.99999999776
2018-12-03,12525769.080849983,-301287.0000000013
2018-12-04,12630972.83084998,105203.74999999577
2018-12-05,12650692.830849985,19720.00000000518
2018-12-06,12777382.830849981,126689.99999999642
2018-12-07,12924197.830849981,146814.99999999942
2018-12-10,12821184.730849987,-103013.0999999935
2018-12-11,12944454.730849987,123270.0
2018-12-12,13045199.73084998,100744.99999999275
2018-12-13,12671080.230849981,-374119.49999999837
2018-12-14,12518200.23084998,-152880.00000000134
2018-12-17,12349760.330849985,-168439.8999999957
2018-12-18,12253580.330849988,-96179.99999999703
2018-12-19,12408280.330849987,154699.999999999
2018-12-20,12592910.330849985,184629.99999999904
2018-12-21,12666230.330849983,73319.99999999737
2018-12-24,12729769.980849987,63539.65000000394
2018-12-25,12818639.980849987,88870.0
2018-12-26,12682809.980849987,-135830.0
2018-12-27,12819899.980849987,137089.99999999997
2018-12-28,12952189.980849987,132290.00000000003
2019-01-02,13352971.521349985,400781.5404999975
2019-01-03,13590461.521349989,237490.00000000306
2019-01-04,13519976.521349993,-70484.99999999693
2019-01-07,13555028.728049994,35052.206700000956
2019-01-08,14014138.728049986,459109.99999999336
2019-01-09,13927518.728049986,-86620.00000000032
2019-01-10,13773123.728049986,-154395.00000000006
2019-01-11,13790018.728049988,16895.00000000275
2019-01-14,13907924.47804999,117905.75000000214
2019-01-15,13861714.478049984,-46210.000000004686
2019-01-16,13911514.478049988,49800.000000003
2019-01-17,13928884.47804999,17370.000000002314
2019-01-18,13922494.478049986,-6390.000000003324
2019-01-21,13693260.478049988,-229233.99999999793
2019-01-22,14039970.47804999,346710.0000000026
2019-01-23,13860670.478049982,-179300.00000000698
2019-01-24,13753000.478049984,-107669.999999998
2019-01-25,13890615.47804999,137615.00000000533
2019-01-28,13917316.136349982,26700.658299992665
2019-01-29,14143851.136349984,226535.000000001
2019-01-30,14251841.136349985,107990.00000000134
2019-01-31,14259841.136349991,8000.000000005028
2019-02-01,14330661.13634999,70819.99999999833
2019-02-11,15116544.202699985,785883.0663499972
2019-02-12,14772534.202699987,-344009.9999999989
2019-02-13,14451959.202699991,-320574.99999999674
2019-02-14,13973744.202699985,-478215.0000000058
2019-02-15,13797802.702699983,-175941.5000000018
2019-02-18,13612794.023899987,-185008.6787999964
2019-02-19,13451864.023899987,-160930.0
2019-02-20,13247674.023899987,-204190.0
2019-02-21,13432794.023899987,185120.0
2019-02-22,13521814.023899987,89020.0
2019-02-25,13426694.523899987,-95119.49999999997
2019-02-26,13524854.523899987,98159.99999999991
2019-02-27,13496154.523899987,-28700.0
2019-02-28,13440714.523899987,-55439.999999999956
2019-03-01,13511994.523899987,71279.99999999997
2019-03-04,13446517.023899987,-65477.499999999956
2019-03-05,13404777.023899987,-41740.0
2019-03-06,13452207.023899987,47430.0
2019-03-07,13541587.023899987,89380.0
2019-03-08,13606047.023899987,64460.0
2019-03-11,13398372.023899987,-207675.0
2019-03-12,13601442.023899987,203070.0
2019-03-13,13773032.023899987,171590.0
2019-03-14,13878742.023899987,105710.0
2019-03-15,13848692.023899987,-30050.0
2019-03-18,13926820.922549991,78128.89865000338
2019-03-19,13904335.92254999,-22485.000000001543
2019-03-20,13670715.922549985,-233620.00000000367
2019-03-21,13711610.922549991,40895.00000000492
2019-03-22,13756440.922549985,44829.99999999478
2019-03-25,13899958.091749992,143517.16920000638
2019-03-26,13853718.091749988,-46240.00000000287
2019-03-27,13820668.091749987,-33050.00000000096
2019-03-28,13943838.091749988,123170.00000000192
2019-03-29,14182038.091749985,238199.9999999957
2019-04-01,14007891.091749987,-174146.99999999758
2019-04-02,14060253.967749985,52362.87599999806
2019-04-03,13626233.967749983,-434020.00000000186
2019-04-04,13500303.967749994,-125929.99999998952
2019-04-08,13674424.927549986,174120.95979999265
2019-04-09,13749244.927549986,74819.99999999916
2019-04-10,13734724.927549988,-14519.99999999741
2019-04-11,13935266.177549984,200541.24999999572
2019-04-12,13773796.177549984,-161469.9999999996
2019-04-15,13233770.508349987,-540025.6691999974
2019-04-16,13333820.508349987,100050.0
2019-04-17,13369740.508349987,35919.99999999936
2019-04-18,13338880.508349987,-30859.99999999968
2019-04-19,13475860.508349987,136980.0
2019-04-22,13843630.258349987,367769.7499999999
2019-04-23,13921950.258349987,78320.00000000017
2019-04-24,13939910.258349987,17960.000000000175
2019-04-25,14000710.258349987,60800.00000000016
2019-04-26,14116830.258349987,116120.0
2019-04-29,14127524.580749987,10694.322399999826
2019-04-30,14152444.580749987,24920.000000000146
2019-05-06,14060477.861899987,-91966.71885000015
2019-05-07,14099727.861899987,39250.00000000006
2019-05-08,13878147.861899987,-221580.00000000012
2019-05-09,14005077.861899987,126930.00000000028
2019-05-10,14114567.861899987,109489.99999999985
2019-05-13,14254156.676499987,139588.8146000001
2019-05-14,14187136.676499987,-67020.0
2019-05-15,14266926.676499987,79790.0
2019-05-16,14474166.676499987,207239.9999999999
2019-05-17,14620746.676499987,146580.00000000006
2019-05-20,14615255.26374999,-5491.412749996565
2019-05-21,14531820.763749987,-83434.50000000352
2019-05-22,14609300.763749989,77480.00000000236
2019-05-23,14743600.76374999,134300.0000000011
2019-05-24,14802490.76374999,58890.00000000018
2019-05-27,14652738.32094999,-149752.44280000054
2019-05-28,14622418.320949988,-30320.000000002547
2019-05-29,14695488.320949988,73070.0000000009
2019-05-30,14717948.320949987,22459.999999998545
2019-05-31,14730763.32094999,12815.000000003092
2019-06-03,14936061.21402999,205297.89307999937
2019-06-04,14933751.214029988,-2310.0000000014115
2019-06-05,15007516.214029988,73764.99999999983
2019-06-06,15005026.214029988,-2489.999999999476
2019-06-10,14921571.711549988,-83454.50248000113
2019-06-11,14918254.065939987,-3317.6456100012224
2019-06-12,14972735.900769988,54481.83483000092
2019-06-13,14952431.419769987,-20304.48100000093
2019-06-14,15161686.91976999,209255.50000000157
2019-06-17,15295692.964889988,134006.04511999935
2019-06-18,15210342.964889986,-85350.00000000185
2019-06-19,14972442.964889988,-237899.99999999878
2019-06-20,15085318.503389992,112875.53850000368
2019-06-21,15279243.50338999,193924.99999999878
2019-06-24,15405011.320089992,125767.81670000125
2019-06-25,15452376.320089992,47364.999999999374
2019-06-26,15463531.320089988,11154.999999997191
2019-06-27,15520021.32008999,56490.00000000188
2019-06-28,15878951.320089992,358930.0000000028
2019-07-01,16108175.54631999,229224.22622999674
2019-07-02,16739235.546319991,631060.0000000009
2019-07-03,16842685.546319988,103449.99999999709
2019-07-04,16514185.54631999,-328499.99999999837
2019-07-05,16375880.546319991,-138304.9999999974
2019-07-08,16486736.97881999,110856.43250000005
2019-07-09,16935451.97881999,448714.99999999866
2019-07-10,16851646.97881999,-83805.00000000065
2019-07-11,16661986.978819992,-189659.9999999964
2019-07-12,16932036.978819985,270049.9999999928
2019-07-15,16559241.261119986,-372795.7176999986
2019-07-16,16850217.03171999,290975.7706000057
2019-07-17,16864819.46171999,14602.429999998327
2019-07-18,16991034.461719986,126214.99999999563
2019-07-19,16745309.461719992,-245724.99999999497
2019-07-22,16662139.81171999,-83169.65000000251
2019-07-23,16750380.811719991,88241.00000000236
2019-07-24,16497020.811719993,-253359.9999999983
2019-07-25,16403045.811719986,-93975.00000000784
2019-07-26,16324324.177019993,-78721.63469999359
2019-07-29,15875492.30866999,-448831.8683500022
2019-07-30,15811795.308669997,-63696.99999999338
2019-07-31,16100050.808669988,288255.4999999907
2019-08-01,16035900.80866999,-64149.99999999782
2019-08-02,16022365.808669992,-13534.99999999837
2019-08-05,16605952.831869988,583587.0231999959
2019-08-06,16782170.081869986,176217.24999999674
2019-08-07,16656280.081869999,-125889.99999998757
2019-08-08,16582380.081869999,-73899.99999999935
2019-08-09,16720280.58187,137900.50000000195
2019-08-12,16723938.181869986,3657.5999999849682
2019-08-13,17003773.181869987,279835.0000000007
2019-08-14,16854073.181869987,-149700.00000000067
2019-08-15,16911927.68186999,57854.50000000489
2019-08-16,16804987.681869984,-106940.00000000751
2019-08-19,16797816.88187,-7170.799999983498
2019-08-20,16719936.881869989,-77880.00000001348
2019-08-21,16578701.88186999,-141234.9999999985
2019-08-22,16722566.881869987,143864.99999999625
2019-08-23,16822341.88187,99775.00000001573
2019-08-26,17253619.231869996,431277.3499999948
2019-08-27,17268509.23187,14890.000000003754
2019-08-28,17179194.231869996,-89315.00000000451
2019-08-29,17606404.231869996,427209.99999999924
2019-08-30,17219819.23187,-386584.999999997
2019-09-02,16912371.52187,-307447.71000000247
2019-09-03,16833716.521869995,-78655.00000000202
2019-09-04,16996156.521870002,162440.00000000693
2019-09-05,17139251.52186999,143094.99999998798
2019-09-06,17090176.521869987,-49075.000000003485
2019-09-09,16963613.423870005,-126563.09799998265
2019-09-10,16750043.423870005,-213570.0
2019-09-11,16645243.423869994,-104800.000000011
2019-09-12,16424963.42386999,-220280.00000000367
2019-09-16,16231013.003869988,-193950.4200000014
2019-09-17,16104897.50387,-126115.49999998923
2019-09-18,15937114.503870001,-167782.99999999884
2019-09-19,15745630.003869997,-191484.50000000425
2019-09-20,15613746.003869994,-131884.00000000425
2019-09-23,15440119.983869994,-173626.0199999995
2019-09-24,15368824.983869994,-71295.0
2019-09-25,15250139.983869994,-118685.0
2019-09-26,15279244.983869994,29105.0
2019-09-27,15632639.983869994,353395.0
2019-09-30,15606206.633869994,-26433.35
2019-10-08,15606926.928719994,720.2948500000002
2019-10-09,15560516.963919993,-46409.9648
2019-10-10,15716139.450169994,155622.48625
2019-10-11,15883279.450169994,167140.0
2019-10-14,15942961.103769993,59681.6536
2019-10-15,15716081.103769993,-226880.0
2019-10-16,15529003.902469993,-187077.2013
2019-10-17,15338011.978469992,-190991.924
2019-10-18,15321410.532669991,-16601.4458
2019-10-21,15778813.905619992,457403.37295
2019-10-22,16002748.905619992,223935.0
2019-10-23,15925348.905619992,-77400.0
2019-10-24,15853673.905619992,-71675.0
2019-10-25,15890193.905619992,36520.0
2019-10-28,15875381.155619992,-14812.75
2019-10-29,15865501.155619992,-9880.0
2019-10-30,15669561.155619992,-195940.0
2019-10-31,15517983.255619992,-151577.9
2019-11-01,15544074.555619992,26091.3
2019-11-04,15363376.755619992,-180697.8
2019-11-05,15246739.005619992,-116637.75
2019-11-06,15250362.155619992,3623.15
2019-11-07,15352077.155619992,101715.0
2019-11-08,15175532.155619992,-176545.0
2019-11-11,15355431.955619993,179899.8
2019-11-12,15728641.955619993,373210.0
2019-11-13,15811576.955619993,82935.0
2019-11-14,15800813.405619992,-10763.55
2019-11-15,15874958.405619992,74145.0
2019-11-18,15606107.774769992,-268850.63085
2019-11-19,15971087.774769992,364980.0
2019-11-20,16624842.774769992,653755.0
2019-11-21,16573272.774769992,-51570.0
2019-11-22,16443057.774769992,-130215.0
2019-11-25,16661426.524769992,218368.75
2019-11-26,16196231.524769992,-465195.0
2019-11-27,15962109.674769992,-234121.85
2019-11-28,15944370.674769992,-17739.0
2019-11-29,16135370.674769992,191000.0
2019-12-02,16074726.864769993,-60643.80999999805
2019-12-03,16191122.370269995,116395.50550000096
2019-12-04,16211360.23151999,20237.861249993846
2019-12-05,16230630.231519993,19270.000000003885
2019-12-06,15942941.251319991,-287688.9802000016
2019-12-09,16295352.135559997,352410.88424000464
2019-12-10,16666802.135559993,371449.9999999971
2019-12-11,16787442.13555999,120639.99999999731
2019-12-12,16668107.023809992,-119335.1117499986
2019-12-13,16553205.963419992,-114901.06038999846
2019-12-16,16463233.949999992,-89972.01342000102
2019-12-17,16101059.449999996,-362174.499999997
2019-12-18,16201046.72701999,99987.27701999352
2019-12-19,16268236.727019994,67190.00000000396
2019-12-20,16547486.727019995,279250.0000000013
2019-12-23,16613957.722779993,66470.99575999742
2019-12-24,16615622.722779995,1665.0000000013388
2019-12-25,16653607.722779991,37984.999999995634
2019-12-26,16526597.722779993,-127009.99999999831
2019-12-27,16544662.722779997,18065.000000003696
2019-12-30,16403111.333179994,-141551.38960000235
2019-12-31,16453792.627879994,50681.2946999999
2020-01-02,16423262.627879994,-30529.999999999825
2020-01-03,16318632.627879994,-104630.00000000006
2020-01-06,16670989.455349991,352356.827469998
2020-01-07,16480719.455349995,-190269.999999996
2020-01-08,16550884.455349991,70164.99999999598
2020-01-09,16570794.455349993,19910.000000001237
2020-01-10,16826050.249229994,255255.79388000246
2020-01-13,16571901.59672999,-254148.6525000036
2020-01-14,16406940.64798999,-164960.9487400007
2020-01-15,16553962.147989994,147021.5000000046
2020-01-16,16786322.147989992,232359.9999999983
2020-01-17,17331247.14798999,544924.9999999977
2020-01-20,17399336.35016999,68089.20218000357
2020-01-21,17354731.350169983,-44605.000000005646
2020-01-22,17453021.350169986,98290.00000000314
2020-01-23,17718231.350169986,265209.99999999895
2020-02-03,16710211.994609987,-1008019.3555599991
2020-02-04,16925826.48822999,215614.493620001
2020-02-05,16995401.488229986,69574.99999999769
2020-02-06,17248451.488229983,253049.9999999977
2020-02-07,17584371.488229986,335920.00000000297
2020-02-10,17516049.08257999,-68322.40564999836
2020-02-11,17545249.08257999,29200.00000000166
2020-02-12,17607369.08257998,62119.9999999944
2020-02-13,17593799.08257998,-13569.999999998683
2020-02-14,17274009.082579985,-319789.99999999604
2020-02-17,17190528.553339984,-83480.52924000143
2020-02-18,17365898.553339977,175369.99999999342
2020-02-19,17388428.553339977,22529.999999998545
2020-02-20,17046588.553339977,-341839.9999999986
2020-02-21,17307878.553339977,261290.0
2020-02-24,17724331.47605998,416452.9227200038
2020-02-25,17840751.47605998,116419.99999999863
2020-02-26,17910731.476059977,69979.99999999595
2020-02-27,18117111.476059984,206380.00000000687
2020-02-28,18517561.476059984,400449.9999999991
2020-03-02,18694015.452479985,176453.97642000054
2020-03-03,18424925.45247998,-269090.0000000052
2020-03-04,18984795.45247999,559870.0000000068
2020-03-05,18826745.45247998,-158050.00000000716
2020-03-06,18996530.452479985,169785.00000000437
2020-03-09,20007304.051879987,1010773.5994000006
2020-03-10,19460319.05187998,-546985.0000000056
2020-03-11,19654359.051879983,194040.00000000483
2020-03-12,19928006.251879983,273647.2000000008
2020-03-13,19676416.25187998,-251590.0000000048
2020-03-16,19588215.50762998,-88200.74425000114
2020-03-17,19547087.50762998,-41128.00000000038
2020-03-18,20298787.50762998,751700.0000000012
2020-03-19,20689817.50762998,391029.99999999965
2020-03-20,21081517.507629983,391700.0000000045
2020-03-23,22073980.37147998,992462.8638499962
2020-03-24,22238560.37147998,164580.0000000004
2020-03-25,22388405.371479984,149845.0000000029
2020-03-26,22259470.37147998,-128935.00000000364
2020-03-27,22208240.37147998,-51230.000000001775
2020-03-30,22424803.859499987,216563.4880200069
2020-03-31,22313128.859499983,-111675.00000000285
2020-04-01,22414215.359499983,101086.49999999991
2020-04-02,22162905.159499988,-251310.19999999704
2020-04-03,21479910.159499988,-682995.0000000007
2020-04-07,21550222.979249984,70312.81974999755
2020-04-08,21688232.97924998,138009.99999999782
2020-04-09,21588047.979249984,-100184.99999999563
2020-04-10,21411657.979249984,-176390.00000000146
2020-04-13,21552948.22207999,141290.2428300029
2020-04-14,21808617.72207999,255669.49999999965
2020-04-15,22076337.722079985,267719.99999999674
2020-04-16,22088562.72207998,12224.99999999674
2020-04-17,21720617.72207998,-367944.9999999989
2020-04-20,21477648.922079984,-242968.79999999795
2020-04-21,21681193.922079984,203544.99999999884
2020-04-22,22018693.922079988,337500.0000000047
2020-04-23,22017633.922079988,-1059.9999999992433
2020-04-24,22173533.92207998,155899.99999999258
2020-04-27,22096000.618179984,-77533.30389999744
2020-04-28,22400970.618179988,304970.00000000495
2020-04-29,22356350.618179984,-44620.00000000285
2020-04-30,21778040.618179988,-578309.9999999972
2020-05-06,21859148.308899984,81107.69071999435
2020-05-07,21494518.308899987,-364629.9999999955
2020-05-08,21199058.30889999,-295459.99999999756
2020-05-11,20835702.77589999,-363355.533
2020-05-12,21027742.77589999,192040.0
2020-05-13,21071332.775899984,43589.999999993044
2020-05-14,21220272.775899988,148940.00000000244
2020-05-15,21233892.775899984,13619.999999996304
2020-05-18,21536923.712119993,303030.9362200086
2020-05-19,21869408.712119993,332485.0
2020-05-20,21731698.712119993,-137710.0
2020-05-21,21701098.712119993,-30600.0
2020-05-22,21790768.712119993,89670.0
2020-05-25,22029713.162119992,238944.45
2020-05-26,22071813.162119992,42100.0
2020-05-27,21968193.162119992,-103620.0
2020-05-28,22130553.162119992,162360.0
2020-05-29,22412163.162119992,281610.0
2020-06-01,22321108.680319987,-91054.48180000401
2020-06-02,22276063.680319995,-45044.9999999938
2020-06-03,22375128.68032,99065.00000000221
2020-06-04,22238048.680319995,-137080.0000000022
2020-06-05,21603528.68031999,-634520.0000000035
2020-06-08,21826845.38031999,223316.69999999908
2020-06-09,21785585.38031999,-41260.0
2020-06-10,21984265.38031999,198680.0
2020-06-11,22137935.38031999,153670.0
2020-06-12,22286635.38031999,148700.0
2020-06-15,22488601.85609999,201966.47578
2020-06-16,22354411.85609999,-134190.0
2020-06-17,22472295.35609999,117883.5
2020-06-18,22388890.35609999,-83405.0
2020-06-19,22394255.35609999,5365.0
2020-06-22,22380223.69965999,-14031.656439999999
2020-06-23,22210155.32335999,-170068.3763
2020-06-24,22290052.174509987,79896.85115
2020-06-29,22036377.858909987,-253674.3156
2020-06-30,22144316.496409986,107938.6375
2020-07-01,22258846.496409986,114530.0
2020-07-02,22345381.496409986,86535.0
2020-07-03,22669851.496409986,324470.0
2020-07-06,22926818.169709988,256966.6733
2020-07-07,23237028.169709988,310210.0
2020-07-08,23488038.169709988,251010.0
2020-07-09,24170228.169709988,682190.0
2020-07-10,24366088.169709988,195860.0
2020-07-13,25349637.155609988,983548.9859
2020-07-14,25257042.155609988,-92595.0
2020-07-15,24961842.155609988,-295200.0
2020-07-16,24268852.155609988,-692990.0
2020-07-17,24500948.155609988,232096.0
2020-07-20,24723885.994069986,222937.83846
2020-07-21,25069375.994069986,345490.0
2020-07-22,25980385.994069986,911010.0
2020-07-23,25716145.994069986,-264240.0
2020-07-24,25639915.994069986,-76230.0
2020-07-27,25828345.208929986,188429.2148599999
2020-07-28,25661065.208929986,-167279.99999999974
2020-07-29,25984986.691179987,323921.48224999965
2020-07-30,26602641.691179987,617655.0000000003
2020-07-31,26946626.691179987,343984.9999999999
2020-08-03,27695278.037779987,748651.3466000007
2020-08-04,28642258.037779987,946979.9999999993
2020-08-05,28586988.037779987,-55269.999999999505
2020-08-06,28729858.037779987,142870.0
2020-08-07,28964753.037779987,234894.99999999924
2020-08-10,28362000.27362999,-602752.764149999
2020-08-11,28344260.27362999,-17740.000000000757
2020-08-12,27657020.27362999,-687239.9999999995
2020-08-13,27804634.27362999,147614.0000000005
2020-08-14,28170914.27362999,366279.9999999995
2020-08-17,28440681.040979993,269766.7673500038
2020-08-18,28720921.040979993,280239.9999999992
2020-08-19,28586321.040979985,-134600.0000000067
2020-08-20,28152021.04097999,-434299.9999999944
2020-08-21,28601515.790979996,449494.7500000079
2020-08-24,27891159.67857999,-710356.1124000073
2020-08-25,27308661.178580005,-582498.499999986
2020-08-26,26984012.67858,-324648.5000000051
2020-08-27,26962527.488679994,-21485.189900008652
2020-08-28,26771663.48867999,-190864.00000000207
2020-08-31,27669040.952079996,897377.463400005
2020-09-01,27741160.952079996,72119.99999999975
2020-09-02,27695525.952079996,-45634.99999999975
2020-09-03,27927265.952079996,231740.0
2020-09-04,27295905.952079996,-631359.9999999998
2020-09-07,27731371.792719997,435465.84064000024
2020-09-08,27884531.792719997,153160.00000000023
2020-09-09,27620631.792719997,-263900.00000000047
2020-09-10,27327026.792719997,-293604.99999999977
2020-09-11,27386496.792719997,59469.99999999975
2020-09-14,27433339.809439998,46843.016720000756
2020-09-15,27586699.809439998,153359.99999999983
2020-09-16,27305019.809439998,-281679.99999999965
2020-09-17,27454344.809439998,149324.99999999968
2020-09-18,27561234.809439998,106890.00000000016
2020-09-21,27692678.259439997,131443.44999999972
2020-09-22,27543928.759439997,-148749.50000000023
2020-09-23,27365608.759439997,-178320.0
2020-09-24,27246208.759439997,-119399.99999999977
2020-09-25,27064448.759439997,-181760.00000000047
2020-09-28,27340097.009439997,275648.25000000093
2020-09-29,27679939.509439997,339842.5
2020-09-30,27560879.509439997,-119060.00000000023
2020-10-09,27856984.65943999,296105.1499999905
2020-10-12,28473528.159439996,616543.5000000068
2020-10-13,28774938.159439992,301409.9999999953
2020-10-14,28779778.15944,4840.0000000085565
2020-10-15,28628398.159439996,-151380.00000000437
2020-10-16,28874378.15944,245980.00000000524
2020-10-19,29412461.0949,538082.9354600009
2020-10-20,29138236.0949,-274224.99999999965
2020-10-21,29043066.0949,-95170.00000000019
2020-10-22,29395676.0949,352610.0
2020-10-23,29299016.0949,-96659.99999999981
2020-10-26,29725150.43054,426134.33564
2020-10-27,30166630.43054,441479.9999999999
2020-10-28,30301790.43054,135159.99999999977
2020-10-29,29697916.43054,-603874.0000000001
2020-10-30,30087371.43054,389455.0000000001
2020-11-02,31027624.111300003,940252.6807600042
2020-11-03,31225379.111300003,197755.00000000157
2020-11-04,31424174.111300007,198795.0000000042
2020-11-05,31527989.111300003,103814.9999999962
2020-11-06,31641134.1113,113144.99999999654
2020-11-09,32148138.057300005,507003.94600000733
2020-11-10,32047228.057300005,-100910.00000000035
2020-11-11,32297258.057300005,250030.00000000026
2020-11-12,32893348.057300005,596089.9999999998
2020-11-13,33570958.05730001,677610.0000000002
2020-11-16,33851951.08745001,280993.0301500005
2020-11-17,34140551.087450005,288599.9999999946
2020-11-18,34549151.08745001,408600.0000000052
2020-11-19,35699601.087450005,1150449.9999999912
2020-11-20,36039551.087450005,339950.00000000186
2020-11-23,36198203.46165,158652.3741999975
2020-11-24,35054118.46164999,-1144085.000000006
2020-11-25,34847061.89040001,-207056.57124998592
2020-11-26,34736916.65940001,-110145.23100000215
2020-11-27,35647240.2581,910323.5986999907
2020-11-30,36540569.35475001,893329.0966500052
2020-12-01,36778284.35475001,237714.99999999919
2020-12-02,37736926.754750006,958642.4000000006
2020-12-03,36578091.754750006,-1158835.0000000002
2020-12-04,35402131.754750006,-1175959.9999999998
2020-12-07,36296981.254750006,894849.4999999995
2020-12-08,36477606.254750006,180625.0
2020-12-09,36717419.58760001,239813.33285
2020-12-10,37950604.58760001,1233185.0
2020-12-11,38876064.83760001,925460.25
2020-12-14,37156026.03760001,-1720038.8
2020-12-15,36854811.03760001,-301215.0
2020-12-16,38115146.03760001,1260335.0
2020-12-17,39112741.03760001,997595.0
2020-12-18,40720636.03760001,1607895.0
2020-12-21,41511700.65625001,791064.61865
2020-12-22,41755935.65625001,244235.00000000012
2020-12-23,40492560.65625001,-1263374.9999999998
2020-12-24,40803345.65625001,310784.9999999996
2020-12-25,40571824.15625001,-231521.49999999942
2020-12-28,40414901.56327,-156922.59298000613
2020-12-29,39974501.56327001,-440399.9999999902
2020-12-30,40408191.56327,433689.9999999923
2020-12-31,41051731.56327,643540.0000000026
2021-01-04,41074501.687319994,22770.12404999179
2021-01-05,42410666.687319994,1336165.0
2021-01-06,42361216.68732,-49449.999999992
2021-01-07,42801076.687319994,439859.9999999957
2021-01-08,43007341.687319994,206264.99999999936
2021-01-11,42959199.49631999,-48142.19100000748
2021-01-12,42659119.496319994,-300079.9999999942
2021-01-13,43785259.49632001,1126140.0000000158
2021-01-14,43753029.49631998,-32230.000000027183
2021-01-15,44036009.49631999,282980.00000000815
2021-01-18,44008108.44632,-27901.04999998603
2021-01-19,43447458.44631999,-560650.000000005
2021-01-20,42843688.44631999,-603769.9999999976
2021-01-21,43520748.44632,677060.0000000048
2021-01-22,43965608.446320005,444860.0000000044
2021-01-25,43683627.29791999,-281981.14840001665
2021-01-26,42965107.297919974,-718520.0000000154
2021-01-27,43362517.297919974,397410.0000000015
2021-01-28,42224117.297919974,-1138400.0000000016
2021-01-29,41668277.29791998,-555839.9999999914
2021-02-01,42106636.773719996,438359.47580001375
2021-02-02,41542096.77371999,-564540.0000000087
2021-02-03,40519366.77372,-1022729.9999999844
2021-02-04,40249136.773719996,-270230.00000000733
2021-02-05,40690686.77371999,441549.99999998894
2021-02-08,41284901.87359998,594215.0998799845
2021-02-09,40934446.09695998,-350455.77664000104
2021-02-10,41570666.09696,636220.0000000204
2021-02-18,41968003.64696,397337.5499999938
2021-02-19,41593933.64696,-374070.00000000023
2021-02-22,41584074.00776002,-9859.639199976891
2021-02-23,41088789.00776002,-495284.999999999
2021-02-24,41057639.00775999,-31150.000000028173
2021-02-25,42673479.00775999,1615839.9999999988
2021-02-26,43742989.00776001,1069510.0000000254
2021-03-01,43209061.24506,-533927.7627000153
2021-03-02,42920801.24505999,-288260.00000000896
2021-03-03,45106711.245060004,2185910.0000000177
2021-03-04,45376826.245060004,270114.99999999726
2021-03-05,43433786.24505999,-1943040.0000000154
2021-03-08,43799398.88636,365612.64130000817
2021-03-09,43696873.88636,-102525.0
2021-03-10,42698058.886360005,-998814.9999999922
2021-03-11,43200963.886360005,502904.99999999977
2021-03-12,44625728.886360005,1424765.0000000023
2021-03-15,44977923.57861001,352194.6922500052
2021-03-16,45176653.578609996,198729.99999998172
2021-03-17,44638409.078609996,-538244.4999999966
2021-03-18,45474979.07860999,836569.9999999892
2021-03-19,44485959.078609996,-989019.9999999923
2021-03-22,45246722.01460999,760762.9359999965
2021-03-23,44595382.01460999,-651339.9999999978
2021-03-24,43793162.01461,-802219.9999999936
2021-03-25,44052432.014609985,259269.99999998813
2021-03-26,43879192.01460999,-173239.99999999366
2021-03-29,44065811.64366,186619.62905001204
2021-03-30,43940501.64366,-125310.0
2021-03-31,43856041.64366,-84460.0
2021-04-01,44050351.64366,194310.0
2021-04-02,44666321.64366,615970.0
2021-04-06,46026541.96286,1360220.3192
2021-04-07,45663945.46286,-362596.5
2021-04-08,44970681.02086,-693264.442
2021-04-09,44460136.52086,-510544.5
2021-04-12,43603025.42086,-857111.1
2021-04-13,44704997.22086,1101971.8
2021-04-14,45732979.72086,1027982.5
2021-04-15,46366344.72086,633365.0
2021-04-16,47054704.72086,688360.0
2021-04-19,47104099.120859995,49394.39999999977
2021-04-20,47392859.120859995,288760.0
2021-04-21,47533979.120859995,141120.00000000023
2021-04-22,48287887.120859995,753908.0
2021-04-23,48568606.120859995,280718.99999999994
2021-04-26,49790429.82826,1221823.7073999997
2021-04-27,50723639.82826,933210.0000000001
2021-04-28,50140159.82826,-583480.0
2021-04-29,51400764.82826,1260605.0
2021-04-30,51868429.82826,467665.00000000047
2021-05-06,55649543.765659995,3781113.9373999997
2021-05-07,57471838.765659995,1822295.0
2021-05-10,60129676.648059994,2657837.8824
2021-05-11,63145475.78925999,3015799.1412
2021-05-12,64575765.78925999,1430290.0
2021-05-13,64041755.78925999,-534010.0
2021-05-14,61837901.32005999,-2203854.4692
2021-05-17,61474259.88680999,-363641.43325
2021-05-18,61448201.96490999,-26057.9219
2021-05-19,59856556.96490999,-1591645.0
2021-05-20,56730882.520909995,-3125674.444
2021-05-21,56137172.93500999,-593709.5859
2021-05-24,54468994.925459996,-1668178.00955
2021-05-25,55125740.44046,656745.515
2021-05-26,55002320.44046,-123420.0
2021-05-27,54674696.95596,-327623.4845
2021-05-28,55776977.26936,1102280.3134
2021-05-31,56269483.950559996,492506.6812
2021-06-01,56339780.82136,70296.8708
2021-06-02,56494620.82136,154840.0
2021-06-03,56662980.82136,168360.0
2021-06-04,56129560.82136,-533420.0
2021-06-07,56367076.82136,237516.0
2021-06-08,55729876.82136,-637200.0
2021-06-09,55864036.82136,134160.0
2021-06-10,56017876.82136,153840.0
2021-06-11,56604856.82136,586980.0
2021-06-15,56754091.21296,149234.3916
2021-06-16,56433031.21296,-321060.0
2021-06-17,56330885.4151,-102145.79786
2021-06-18,56454025.4151,123140.0
2021-06-21,56122132.51509997,-331892.9000000312
2021-06-22,56154412.51509999,32280.000000014734
2021-06-23,56097322.51510001,-57089.999999980486
2021-06-24,56285472.515099995,188149.99999998583
2021-06-25,56566152.515099995,280680.00000000285
2021-06-28,56841028.17634998,274875.66124998464
2021-06-29,56679388.17634998,-161639.9999999985
2021-06-30,56507548.176349975,-171840.0000000066
2021-07-01,56691088.17634999,183540.00000001813
2021-07-02,56655868.17634998,-35220.00000001053
2021-07-05,56759409.60999998,103541.43364999455
2021-07-06,57208829.609999985,449420.00000001054
2021-07-07,56630574.60999999,-578254.9999999951
2021-07-08,56018204.609999985,-612370.0000000062
2021-07-09,56043134.609999985,24929.99999999993
2021-07-12,57597589.76474999,1554455.154750003
2021-07-13,58345989.76475001,748400.0000000244
2021-07-14,59712409.76475,1366419.9999999832
2021-07-15,58557364.76474999,-1155045.0000000037
2021-07-16,59488699.76475002,931335.00000003
2021-07-19,59749026.229350016,260326.46459999314
2021-07-20,58202566.22934999,-1546460.0000000235
2021-07-21,59376616.22934999,1174050.0000000033
2021-07-22,59140761.22934999,-235854.99999999843
2021-07-23,61139658.72934999,1998897.5000000016
2021-07-26,61720580.658250004,580921.9289000146
2021-07-27,61202814.658249974,-517766.0000000269
2021-07-28,60168504.658249974,-1034309.9999999969
2021-07-29,61105204.658250004,936700.0000000299
2021-07-30,63154814.658250004,2049609.9999999998
2021-08-02,62151224.84185,-1003589.8164000066
2021-08-03,59869084.84185,-2282139.999999999
2021-08-04,60000404.841850005,131320.00000000605
2021-08-05,60898224.84184998,897819.9999999746
2021-08-06,60772224.84184999,-125999.99999999383
2021-08-09,59936896.19244998,-835328.6494000116
2021-08-10,60646776.19244998,709879.9999999999
2021-08-11,61914141.19245,1267365.000000022
2021-08-12,62140523.04305,226381.8505999943
2021-08-13,60515328.04305001,-1625194.9999999849
2021-08-16,61302666.725549996,787338.6824999792
2021-08-17,61973511.72555002,670845.0000000236
2021-08-18,62765506.72554999,791994.999999972
2021-08-19,62084950.47554999,-680556.250000003
2021-08-20,60968447.47555,-1116502.9999999853
2021-08-23,61306832.57555,338385.0999999966
2021-08-24,62247970.07554998,941137.4999999832
2021-08-25,63548360.075549975,1300389.9999999932
2021-08-26,62335545.07554999,-1212814.9999999832
2021-08-27,62974415.075549975,638869.9999999832
2021-08-30,65207983.081049986,2233568.00550001
2021-08-31,65455018.08105001,247035.0000000202
2021-09-01,65965153.08105,510134.99999999
2021-09-02,65999083.08104999,33929.99999998993
2021-09-03,66658848.081049986,659764.999999995
2021-09-06,67790357.34754999,1131509.2665000015
2021-09-07,68011932.34754999,221575.0
2021-09-08,68359872.34754999,347940.0
2021-09-09,69102662.34754999,742790.0
2021-09-10,70017902.34754999,915240.0
2021-09-13,70805257.34754995,787354.9999999553
2021-09-14,68714317.34754997,-2090939.9999999742
2021-09-15,66938697.34755,-1775619.9999999793
2021-09-16,69502547.34754996,2563849.999999957
2021-09-17,69408007.34754996,-94539.99999999497
2021-09-22,71098958.36324996,1690951.0156999922
2021-09-23,73338933.36324997,2239975.0000000177
2021-09-24,71280852.36325,-2058080.999999973
2021-09-27,70334026.65579998,-946825.7074500202
2021-09-28,69660176.65579998,-673850.0000000002
2021-09-29,70336976.65579998,676800.0000000005
2021-09-30,69861836.65579998,-475140.00000000023
2021-10-08,70958824.7646,1096988.1088000035
2021-10-11,71244925.17859998,286100.4139999824
2021-10-12,71094705.17859998,-150219.99999999904
2021-10-13,69170485.17859998,-1924219.9999999995
2021-10-14,68031955.17859998,-1138529.9999999995
2021-10-15,69456675.17859998,1424720.0
2021-10-18,69962342.72859998,505667.5499999994
2021-10-19,70212597.72859998,250255.0
2021-10-20,66821137.72859998,-3391460.0
2021-10-21,65950902.72859998,-870235.0
2021-10-22,61050152.22859998,-4900750.5
2021-10-25,59987715.46654998,-1062436.76205
2021-10-26,59792152.184749976,-195563.28179999976
2021-10-27,58951062.184749976,-841090.0
2021-10-28,57270056.87809998,-1681005.3066500006
2021-10-29,57793468.02989998,523411.15179999976
2021-11-01,57438864.978299975,-354603.0515999991
2021-11-02,57851043.50229997,412178.52399999904
2021-11-03,57786303.50229997,-64740.0
2021-11-04,57670293.50229997,-116009.99999999854
2021-11-05,57832103.50229997,161809.99999999953
2021-11-08,57489764.24389997,-342339.2583999992
2021-11-09,57418034.24389997,-71730.00000000118
2021-11-10,57494714.24389997,76680.00000000118
2021-11-11,57430604.24389997,-64110.0
2021-11-12,57350064.24389997,-80540.00000000068
2021-11-15,57691754.666149996,341690.42225002236
2021-11-16,57530404.666149974,-161350.00000002337
2021-11-17,57667204.66614997,136799.99999999136
2021-11-18,57845924.66614997,178720.00000000157
2021-11-19,57014844.66614999,-831079.99999998
2021-11-22,57019485.81614997,4641.149999983469
2021-11-23,56359170.81614999,-660314.9999999856
2021-11-24,56799720.81614999,440549.99999999674
2021-11-25,57307790.81615001,508070.0000000226
2021-11-26,58117421.81615001,809631.0000000019
2021-11-29,57845280.466149986,-272141.35000002437
2021-11-30,57412420.46615001,-432859.99999998073
2021-12-01,56843700.46615001,-568720.0000000015
2021-12-02,56793300.466149986,-50400.00000002602
2021-12-03,55923960.46615001,-869339.9999999801
2021-12-06,57094859.73524999,1170899.2690999832
2021-12-07,56150917.73524999,-943942.0000000033
2021-12-08,56540387.73525001,389470.0000000197
2021-12-09,56720777.73525002,180390.00000000987
2021-12-10,56511007.735250026,-209769.99999999348
2021-12-13,55559239.37409999,-951768.3611500364
2021-12-14,55851755.62409999,292516.25000000035
2021-12-15,55856585.62409999,4829.99999999976
2021-12-16,56339275.62409999,482690.00000000006
2021-12-17,57025909.06449999,686633.4404000001
2021-12-20,57474237.998999976,448328.93449998763
2021-12-21,57366642.99899996,-107595.00000001225
2021-12-22,58123772.99899999,757130.000000028
2021-12-23,59293907.99899995,1170134.9999999632
2021-12-24,59778562.99899995,484655.00000000175
2021-12-27,59210153.09874995,-568409.90025
2021-12-28,58582823.09874998,-627329.9999999667
2021-12-29,58571608.09874997,-11215.000000007014
2021-12-30,59837703.09874997,1266094.9999999981
2021-12-31,59636263.09874998,-201439.999999993
2022-01-04,60144576.02474994,508312.92599996284
2022-01-05,60348466.02474997,203890.0000000319
2022-01-06,60574086.024749964,225619.99999999104
2022-01-07,61133636.02474995,559549.9999999858
2022-01-10,61846512.36674997,712876.342000026
2022-01-11,62751722.36674997,905209.9999999974
2022-01-12,63249332.36674999,497610.0000000136
2022-01-13,63257082.366749994,7750.000000005035
2022-01-14,62719112.366749994,-537969.9999999981
2022-01-17,62671274.289699964,-47838.07705003325
2022-01-18,64257584.28969999,1586310.0000000247
2022-01-19,67403019.28969997,3145434.999999981
2022-01-20,67286919.28969994,-116100.00000003044
2022-01-21,68206835.28969994,919916.0000000026
2022-01-24,68938532.93969995,731697.6500000128
2022-01-25,68084387.93969998,-854144.999999973
2022-01-26,68150032.93969995,65644.99999996985
2022-01-27,68774237.93969999,624205.0000000376
2022-01-28,70133452.93969998,1359214.9999999886
2022-02-07,72493217.78969997,2359764.8500000015
2022-02-08,72597137.78969996,103919.9999999842
2022-02-09,72212623.78969996,-384513.99999999814
2022-02-10,73928123.78969996,1715499.9999999998
2022-02-11,71995613.78969996,-1932509.9999999944
2022-02-14,70208504.28969994,-1787109.5000000107
2022-02-15,70296984.28969993,88479.99999999031
2022-02-16,70324924.28969993,27940.000000000407
2022-02-17,70953184.28969994,628260.0000000197
2022-02-18,70891645.28969991,-61539.00000003178
2022-02-21,70369129.28969993,-522515.9999999779
2022-02-22,71866889.2896999,1497759.999999974
2022-02-23,72496099.28969991,629210.0000000196
2022-02-24,72923431.2896999,427331.9999999925
2022-02-25,72694321.28969991,-229109.9999999879
2022-02-28,72150687.55539992,-543633.7342999914
2022-03-01,74654917.55539992,2504229.999999998
2022-03-02,77251517.55539992,2596600.0000000014
2022-03-03,79812007.55539992,2560489.9999999986
2022-03-04,79977677.55539992,165670.00000000081
2022-03-07,80869966.04549992,892288.4900999992
2022-03-08,80180686.04549992,-689279.9999999995
2022-03-09,77879056.04549992,-2301629.9999999995
2022-03-10,75984311.04549992,-1894744.9999999995
2022-03-11,76876071.04549992,891760.0000000005
2022-03-14,75732155.15144992,-1143915.8940500016
2022-03-15,74983705.15144992,-748449.9999999998
2022-03-16,75578480.15144992,594775.0
2022-03-17,77117105.15144992,1538625.0
2022-03-18,77998685.15144992,881580.0
2022-03-21,77699083.17064992,-299601.98080000014
2022-03-22,77792583.17064992,93500.0
2022-03-23,78427043.17064992,634460.0
2022-03-24,79066943.17064992,639900.0
2022-03-25,78604573.17064992,-462370.0
2022-03-28,78978945.3800499,374372.20939999056
2022-03-29,78243875.38004991,-735069.9999999832
2022-03-30,77767769.82904993,-476105.55099998694
2022-03-31,77430769.82904993,-336999.99999999796
2022-04-01,77699078.57904989,268308.7499999584
2022-04-06,77988438.70049992,289360.1214500396
2022-04-07,77735493.70049988,-252945.00000004153
2022-04-08,76394694.70049989,-1340798.9999999886
2022-04-11,75204502.50359991,-1190192.1968999733
2022-04-12,74877792.50359988,-326710.00000003306
2022-04-13,76111692.5035999,1233900.0000000198
2022-04-14,76619272.50359991,507580.0000000116
2022-04-15,77417542.5035999,798269.9999999923
2022-04-18,75078411.15359987,-2339131.350000028
2022-04-19,74084341.1535999,-994069.9999999705
2022-04-20,73786492.6535999,-297848.5000000001
2022-04-21,74482592.6535999,696099.9999999928
2022-04-22,73323672.65359989,-1158920.0000000077
2022-04-25,72721635.65359989,-602037.0000000075
2022-04-26,73123055.65359989,401419.9999999973
2022-04-27,73972165.65359989,849110.0000000075
2022-04-28,73885695.6535999,-86469.9999999777
2022-04-29,74675135.65359987,789439.9999999728
2022-05-05,75292239.48319986,617103.829599995
2022-05-06,74368679.48319986,-923560.0
2022-05-09,74302670.01029986,-66009.47290000055
2022-05-10,74607365.01029986,304695.0000000001
2022-05-11,73664135.01029986,-943229.9999999995
2022-05-12,73800925.01029986,136789.99999999985
2022-05-13,74067145.01029986,266220.0000000003
2022-05-16,73138344.29154986,-928800.7187500007
2022-05-17,73089324.29154986,-49019.99999999988
2022-05-18,73808224.29154986,718899.9999999999
2022-05-19,74480814.29154986,672590.0000000005
2022-05-20,73003539.29154986,-1477275.0000000002
2022-05-23,73582498.26254983,578958.9709999734
2022-05-24,74985928.26254983,1403430.0000000054
2022-05-25,76293088.26254983,1307160.0000000028
2022-05-26,77822308.26254986,1529220.000000032
2022-05-27,77205428.26254982,-616880.0000000402
2022-05-30,75377053.09294981,-1828375.1696000155
2022-05-31,73209583.09294981,-2167470.0
2022-06-01,72516153.09294982,-693429.9999999816
2022-06-02,72024283.09294984,-491869.99999998906
2022-06-06,70939452.31974986,-1084830.7731999755
2022-06-07,71512642.31974982,573189.9999999539
2022-06-08,71382862.31974986,-129779.99999995902
2022-06-09,71733062.31974985,350199.9999999797
2022-06-10,71896532.31974985,163470.00000000471
2022-06-13,69483752.48594986,-2412779.833799981
2022-06-14,68454152.48594983,-1029600.0000000324
2022-06-15,68073852.48594983,-380299.9999999965
2022-06-16,68160772.48594984,86920.00000001499
2022-06-17,66972832.48594987,-1187939.99999998
2022-06-20,65005767.02634986,-1967065.4596000111
2022-06-21,64921687.02634987,-84079.9999999823
2022-06-22,65709687.02634981,787999.9999999437
2022-06-23,65015007.026349835,-694679.9999999765
2022-06-24,64055907.02634983,-959100.0000000063
2022-06-27,61393353.58699984,-2662553.439349988
2022-06-28,60187397.08699986,-1205956.4999999772
2022-06-29,60101872.086999826,-85525.00000003597
2022-06-30,60850937.08699982,749064.9999999921
2022-07-01,61713492.08699982,862554.9999999995
2022-07-04,63016962.40949984,1303470.322500021
2022-07-05,63426307.40949984,409345.0000000003
2022-07-06,63928982.40949984,502674.99999999977
2022-07-07,63232852.40949984,-696129.9999999999
2022-07-08,63532127.40949984,299274.9999999999
2022-07-11,64679758.31659984,1147630.9071000002
2022-07-12,66187753.31659984,1507994.9999999998
2022-07-13,67596498.31659985,1408745.0
2022-07-14,67859248.31659985,262750.0000000001
2022-07-15,68808933.31659985,949685.0
2022-07-18,68244176.65599984,-564756.6606000001
2022-07-19,67306181.65599984,-937995.0
2022-07-20,68047651.65599984,741470.0
2022-07-21,67948286.65599984,-99365.0000000002
2022-07-22,68075856.65599984,127570.0000000002
2022-07-25,67567873.14339986,-507983.51259997766
2022-07-26,68275793.14339986,707920.0
2022-07-27,67686103.14339985,-589690.0000000193
2022-07-28,66187018.64339986,-1499084.4999999919
2022-07-29,66079708.64339984,-107310.0000000128
2022-08-01,66894483.586249866,814774.9428500226
2022-08-02,67626823.58624987,732340.0000000034
2022-08-03,67472633.58624986,-154190.00000002142
2022-08-04,67663323.58624986,190689.99999999668
2022-08-05,66972743.58624986,-690579.9999999983
2022-08-08,66422675.25299989,-550068.3332499736
2022-08-09,66397425.25299989,-25250.00000000189
2022-08-10,66138302.25299985,-259123.00000003783
2022-08-11,65994677.25299989,-143624.99999996214
2022-08-12,64817884.50299988,-1176792.7500000056
2022-08-15,67547408.47274989,2729523.9697500076
2022-08-16,68518114.97274989,970706.5
2022-08-17,68508284.97274984,-9830.000000046915
2022-08-18,69459962.18855987,951677.2158100369
2022-08-19,70250047.18855987,790085.0000000028
2022-08-22,70663688.47615984,413641.28759996226
2022-08-23,70201058.47615984,-462629.9999999946
2022-08-24,70989863.47615987,788805.0000000352
2022-08-25,70920863.47615984,-69000.00000003714
2022-08-26,71602873.47615986,682010.0000000128
2022-08-29,71377053.72615986,-225819.75000000617
2022-08-30,71722838.72615986,345785.0000000056
2022-08-31,70939448.72615986,-783390.0000000042
2022-09-01,71835173.72615986,895724.9999999966
2022-09-02,71874958.72615986,39784.99999999514
2022-09-05,70616989.22615989,-1257969.499999968
2022-09-06,69990714.22615989,-626274.9999999986
2022-09-07,69125514.2261599,-865199.9999999893
2022-09-08,68017674.22615989,-1107840.0000000123
2022-09-09,66668144.22615988,-1349530.0000000107
2022-09-13,66901422.40665989,233278.1805000135
2022-09-14,66861387.406659864,-40035.000000027416
2022-09-15,66464627.40665988,-396759.9999999872
2022-09-16,66034287.406659886,-430339.9999999899
2022-09-19,65665823.86345988,-368463.54320000956
2022-09-20,66367563.86345986,701739.9999999866
2022-09-21,66996668.86345987,629105.0000000059
2022-09-22,66304323.863459885,-692344.9999999871
2022-09-23,64889038.863459885,-1415284.9999999963
2022-09-26,64618731.85845987,-270307.00500001526
2022-09-27,63437181.85845987,-1181550.0000000002
2022-09-28,63181786.85845987,-255394.9999999995
2022-09-29,63922686.85845987,740900.0000000002
2022-09-30,64751781.85845987,829095.0
2022-10-10,64805939.53725987,54157.678799998954
2022-10-11,65011359.53725987,205420.0
2022-10-12,66437274.53725987,1425915.0
2022-10-13,66444979.53725987,7705.0
2022-10-14,65799754.53725987,-645225.0
2022-10-17,64751144.55270987,-1048609.9845500002
2022-10-18,64104644.55270987,-646500.0
2022-10-19,63629394.55270987,-475250.0
2022-10-20,63770214.55270987,140820.0
2022-10-21,64020564.55270987,250350.0
2022-10-24,64144445.85270987,123881.3
2022-10-25,64540235.85270987,395790.0
2022-10-26,64942015.85270987,401780.0
2022-10-27,65260155.85270987,318140.0
2022-10-28,65015315.85270987,-244840.0
2022-10-31,65696207.316909865,680891.4641999999
2022-11-01,65909547.316909865,213340.00000000023
2022-11-02,64960552.316909865,-948995.0000000002
2022-11-03,64194217.316909865,-766335.0
2022-11-04,63090292.316909865,-1103925.0
2022-11-07,62433155.816909835,-657136.5000000327
2022-11-08,62556440.81690986,123285.00000002215
2022-11-09,61919465.816909835,-636975.000000022
2022-11-10,61940765.81690987,21300.000000037777
2022-11-11,59776610.81690985,-2164155.0000000205
2022-11-14,56710828.64070984,-3065782.1762000076
2022-11-15,56272413.64070986,-438414.99999998003
2022-11-16,54345793.64070984,-1926620.0000000224
2022-11-17,55362058.64070987,1016265.0000000282
2022-11-18,54431187.64070984,-930871.0000000328
2022-11-21,55145080.19830985,713892.557600016
2022-11-22,54607665.19830985,-537415.0
2022-11-23,55119095.19830985,511430.0
2022-11-24,55181625.19830985,62530.0
2022-11-25,55185555.19830985,3930.0
2022-11-28,53999835.06910986,-1185720.1292
2022-11-29,54728112.56910986,728277.5
2022-11-30,54585622.56910986,-142490.0
2022-12-01,55154017.56910986,568395.0
2022-12-02,55582527.56910986,428510.0
2022-12-05,55946570.10630986,364042.5372000002
2022-12-06,55736865.10630986,-209704.99999999942
2022-12-07,56151700.60630986,414835.50000000023
2022-12-08,57149610.60630986,997910.0000000002
2022-12-09,57610000.60630986,460389.99999999953
2022-12-12,58095081.80670986,485081.2004000001
2022-12-13,57201776.80670986,-893304.9999999995
2022-12-14,57021856.80670986,-179920.0
2022-12-15,57372991.80670986,351134.99999999953
2022-12-16,57173666.80670986,-199325.00000000017
2022-12-19,56736040.18498986,-437626.6217199999
2022-12-20,56495018.49370986,-241021.69127999953
2022-12-21,57039098.49370986,544079.9999999993
2022-12-22,57074068.49370986,34970.0000000007
2022-12-23,56767398.49370986,-306670.0000000007
2022-12-26,56365750.733809866,-401647.7598999956
2022-12-27,55136680.73380986,-1229070.0000000102
2022-12-28,55224713.733809866,88033.00000000768
2022-12-29,56935883.73380986,1711169.9999999905
2022-12-30,57489543.733809866,553660.0000000038
2023-01-03,59128196.94600989,1638653.2122000223
2023-01-04,59898531.9460099,770335.0000000085
2023-01-05,60252471.94600989,353939.9999999915
2023-01-06,59528611.94600989,-723860.0000000016
2023-01-09,59082168.14260987,-446443.8034000141
2023-01-10,57339443.142609894,-1742724.9999999776
2023-01-11,57349714.1426099,10271.000000007218
2023-01-12,57737685.142609864,387970.99999996123
2023-01-13,57289345.142609864,-448340.000000003
2023-01-16,55532555.48850989,-1756789.6540999745
2023-01-17,54669130.48850987,-863425.0000000242
2023-01-18,54914225.48850989,245095.00000002602
2023-01-19,54431405.48850991,-482819.9999999879
2023-01-20,54166455.48850987,-264950.0000000347
2023-01-30,55378787.60485987,1212332.1163500028
2023-01-31,56117387.604859896,738600.0000000196
2023-02-01,55368627.6048599,-748759.999999991
2023-02-02,56090807.60485991,722180.0000000054
2023-02-03,56628512.60485988,537704.9999999731
2023-02-06,56732564.18465987,104051.57979998927
2023-02-07,56168164.18465987,-564400.0
2023-02-08,55963844.18465987,-204320.0
2023-02-09,55910854.18465987,-52990.0
2023-02-10,55794884.18465987,-115970.0
2023-02-13,55828912.361859865,34028.17719999674
2023-02-14,55841178.86185986,12266.499999990861
2023-02-15,55739878.86185987,-101299.99999998369
2023-02-16,55934758.86185986,194879.9999999834
2023-02-17,55617298.86185985,-317460.0000000062
2023-02-20,54303045.906959854,-1314252.9548999981
2023-02-21,53092584.40695983,-1210461.5000000258
2023-02-22,53433064.40695985,340480.0000000129
2023-02-23,53183599.406959854,-249464.99999999028
2023-02-24,54014044.40695982,830444.9999999614
2023-02-27,54442497.699409835,428453.29245001735
2023-02-28,54905697.69940984,463200.0000000083
2023-03-01,54724297.699409835,-181400.00000000696
2023-03-02,53806582.69940982,-917715.0000000142
2023-03-03,53526117.69940983,-280464.99999999464
2023-03-06,54294212.58795985,768094.8885500238
2023-03-07,54600392.58795983,306179.9999999867
2023-03-08,54804002.58795985,203610.0000000116
2023-03-09,55421027.58795983,617024.9999999835
2023-03-10,55862362.587959826,441334.99999999173
2023-03-13,55876316.98140983,13954.393450004685
2023-03-14,55935596.981409855,59280.000000018976
2023-03-15,55491766.98140984,-443830.0000000124
2023-03-16,57164886.98140985,1673120.0000000098
2023-03-17,57897176.981409855,732290.0000000064
2023-03-20,57847661.28140982,-49515.700000035795
2023-03-21,57637351.28140984,-210309.9999999819
2023-03-22,57634856.28140982,-2495.0000000135624
2023-03-23,57061467.281409815,-573389.0000000068
2023-03-24,55868087.281409815,-1193380.0000000023
2023-03-27,55796999.70680986,-71087.57459994795
2023-03-28,54820866.20680981,-976133.5000000542
2023-03-29,54601666.20680986,-219199.9999999457
2023-03-30,54573916.206809856,-27750.00000000905
2023-03-31,55207701.20680981,633784.9999999548
2023-04-03,55373978.156609856,166276.9498000468
2023-04-04,55820283.15660984,446304.9999999874
2023-04-06,56727267.656609826,906984.4999999874
2023-04-07,57893592.53960985,1166324.8830000232
2023-04-10,58857410.61580983,963818.0761999768
2023-04-11,59938828.365809835,1081417.7500000065
2023-04-12,60219947.36580983,281118.9999999956
2023-04-13,60311867.365809835,91920.00000000658
2023-04-14,59905807.36580984,-406059.999999989
2023-04-17,59239359.98545984,-666447.3803500021
2023-04-18,59177849.985459805,-61510.0000000376
2023-04-19,59261679.985459834,83830.00000002654
2023-04-20,59801716.30145985,540036.3160000155
2023-04-21,61772716.301459834,1970999.9999999867
2023-04-24,63280711.74525982,1507995.4437999905
2023-04-25,62814031.745259844,-466679.9999999813
2023-04-26,63931201.74525986,1117170.0000000163
2023-04-27,64797621.74525985,866419.9999999953
2023-04-28,65439341.74525983,641719.9999999743
2023-05-04,66125359.69240981,686017.9471499856
2023-05-05,67762629.69240984,1637270.0000000235
2023-05-08,65603003.547409855,-2159626.144999987
2023-05-09,64792853.547409825,-810150.0000000289
2023-05-10,65648703.547409855,855850.0000000262
2023-05-11,66984013.54740981,1335309.999999953
2023-05-12,67235803.54740986,251790.00000004983
2023-05-15,65881646.833109826,-1354156.714300033
2023-05-16,65497191.83310983,-384454.99999999575
2023-05-17,64964671.833109826,-532520.0000000107
2023-05-18,64362096.83310984,-602574.9999999851
2023-05-19,65582711.833109856,1220615.0000000128
2023-05-22,66706364.522609845,1123652.6894999882
2023-05-23,68225877.02260983,1519512.4999999793
2023-05-24,69750607.02260983,1524730.0000000019
2023-05-25,70091697.02260984,341090.000000017
2023-05-26,68827487.02260983,-1264210.000000017
2023-05-29,68276907.87260982,-550579.1499999998
2023-05-30,68382702.87260985,105795.00000003257
2023-05-31,69115742.87260982,733039.9999999695
2023-06-01,68554577.87260984,-561164.9999999816
2023-06-02,66139342.87260985,-2415234.9999999898
2023-06-05,66005002.962459855,-134339.9101499897
2023-06-06,67082952.96245985,1077949.9999999912
2023-06-07,68072782.96245985,989830.000000007
2023-06-08,67684102.96245983,-388680.00000001927
2023-06-09,68016152.96245982,332049.9999999878
2023-06-12,67967717.31345981,-48435.64900000419
2023-06-13,68601096.51345985,633379.20000004
2023-06-14,67911666.51345983,-689430.0000000148
2023-06-15,66712926.5134598,-1198740.0000000275
2023-06-16,64693886.513459824,-2019039.9999999746
2023-06-19,64144177.451509796,-549709.0619500284
2023-06-20,64816337.45150983,672160.0000000353
2023-06-21,65437417.45150983,621079.9999999974
2023-06-26,65974979.15150981,537561.6999999711
2023-06-27,65034689.15150983,-940289.9999999783
2023-06-28,64940389.15150981,-94300.0000000216
2023-06-29,64411479.15150986,-528909.9999999497
2023-06-30,65324769.151509844,913289.9999999851
2023-07-03,64781941.480509855,-542827.6709999875
2023-07-04,63793271.4805098,-988670.000000049
2023-07-05,65171231.480509825,1377960.0000000258
2023-07-06,65984091.48050984,812860.000000018
2023-07-07,66271781.48050983,287689.99999999226
2023-07-10,66964936.60620979,693155.125699957
2023-07-11,67418136.60620983,453200.00000004075
2023-07-12,67673126.60620984,254990.00000001898
2023-07-13,68062266.60620983,389139.99999997835
2023-07-14,67514886.60620978,-547380.000000038
2023-07-17,67910573.60620983,395687.0000000424
2023-07-18,68900323.60620983,989749.999999993
2023-07-19,69291683.60620978,391359.9999999612
2023-07-20,69600543.60620986,308860.00000007055
2023-07-21,69801993.6062098,201449.99999994005
2023-07-24,69328391.55210981,-473602.0540999894
2023-07-25,69922551.55210981,594160.0
2023-07-26,70795977.55210981,873426.0
2023-07-27,71671257.55210981,875280.0
2023-07-28,70733947.55210981,-937310.0
2023-07-31,69579298.4827098,-1154649.0694000092
2023-08-01,71244748.48270983,1665450.0000000258
2023-08-02,71232898.48270981,-11850.000000009226
2023-08-03,69821788.4827098,-1411110.0000000168
2023-08-04,70561888.48270981,740100.0000000203
2023-08-07,69920006.18270983,-641882.2999999893
2023-08-08,69974896.18270981,54889.99999998923
2023-08-09,69591406.18270978,-383490.0000000335
2023-08-10,70213860.1827098,622454.00000001
2023-08-11,70725850.18270983,511990.0000000248
2023-08-14,71326239.54930979,600389.3665999677
2023-08-15,73412259.54930982,2086020.000000031
2023-08-16,74668901.12254983,1256641.573240006
2023-08-17,75710431.12254982,1041529.9999999899
2023-08-18,75893371.12254982,182939.99999999552
2023-08-21,77712355.31754981,1818984.19499999
2023-08-22,77524550.31754981,-187804.99999999863
2023-08-23,76332954.31754981,-1191596.0000000012
2023-08-24,75612879.50664982,-720074.8108999854
2023-08-25,75685554.05879982,72674.5521500003
2023-08-28,77069547.40849982,1383993.3497000008
2023-08-29,77797197.4084998,727649.9999999863
2023-08-30,78039312.40849984,242115.0000000252
2023-08-31,78756262.40849982,716949.9999999886
2023-09-01,77804232.40849982,-952030.0000000026
2023-09-04,74887641.93269983,-2916590.475799985
2023-09-05,73365811.4326998,-1521830.5000000359
2023-09-06,73487924.43269978,122112.99999998836
2023-09-07,74316674.43269978,828750.0000000023
2023-09-08,73685714.43269983,-630959.9999999574
2023-09-11,73960022.66419978,274308.2314999598
2023-09-12,74840297.66419983,880275.0000000473
2023-09-13,74531342.66419983,-308954.9999999977
2023-09-14,74918827.66419983,387485.0
2023-09-15,74963397.6641998,44569.99999996449
2023-09-18,73846302.65059981,-1117095.0135999976
2023-09-19,74021057.65059981,174754.99999999942
2023-09-20,73162317.65059981,-858739.9999999994
2023-09-21,73904777.65059981,742460.0
2023-09-22,74963097.65059981,1058319.9999999988
2023-09-25,74087763.11984982,-875334.5307499982
2023-09-26,73506141.11984982,-581622.0000000036
2023-09-27,73922906.11984982,416765.0000000018
2023-09-28,75137936.11984982,1215030.0000000019
2023-10-09,71496409.80674982,-3641526.313100002
2023-10-10,70327386.43814982,-1169023.3686000004
2023-10-11,70111565.89239982,-215820.5457500004
2023-10-12,69732785.89239982,-378779.99999999953
2023-10-13,68749364.39239982,-983421.4999999995
2023-10-16,68619015.44074982,-130348.95165000018
2023-10-17,67604271.79649982,-1014743.6442499995
2023-10-18,68994085.52519982,1389813.7287
2023-10-19,69751785.52519982,757699.9999999998
2023-10-20,69465730.52519982,-286055.0000000001
2023-10-23,69814730.62419982,349000.09900000744
2023-10-24,68556910.62419978,-1257820.000000046
2023-10-25,68475200.62419984,-81709.99999994156
2023-10-26,68122880.62419982,-352320.00000001944
2023-10-27,67626080.62419982,-496799.99999999756
2023-10-30,66703699.36809982,-922381.2561
2023-10-31,66639929.36809982,-63770.0
2023-11-01,66961559.36809982,321630.0
2023-11-02,67342689.36809982,381130.0
2023-11-03,67507429.36809982,164740.0
2023-11-06,67090520.13689982,-416909.2312
2023-11-07,67886640.13689983,796120.0
2023-11-08,67839550.13689983,-47090.0
2023-11-09,68370520.13689983,530970.0
2023-11-10,69049570.13689983,679050.0
2023-11-13,68839672.84769982,-209897.28920001327
2023-11-14,67130642.34769987,-1709030.4999999614
2023-11-15,68411602.84769985,1280960.4999999776
2023-11-16,69392692.8476999,981090.000000044
2023-11-17,70143092.84769984,750399.9999999439
2023-11-20,69487806.47864987,-655286.3690499609
2023-11-21,71466371.47864985,1978564.999999986
2023-11-22,69825504.97864985,-1640866.500000003
2023-11-23,68387875.22624983,-1437629.7524000234
2023-11-24,68323772.08299983,-64103.14324999651
2023-11-27,69235509.03999984,911736.9570000202
2023-11-28,69526429.03999984,290920.00000000646
2023-11-29,68841254.03999984,-685175.0000000013
2023-11-30,68361604.03999983,-479650.0000000141
2023-12-01,69780709.03999983,1419105.0000000037
2023-12-04,69229212.82714981,-551496.2128500178
2023-12-05,69356526.82714982,127314.0000000202
2023-12-06,68740526.82714982,-616000.000000004
2023-12-07,70883143.82714984,2142617.0000000177
2023-12-08,71383408.54014984,500264.7130000035
2023-12-11,71153830.94014977,-229577.60000007265
2023-12-12,70690916.19014977,-462914.75000000093
2023-12-13,69405986.19014977,-1284930.0000000002
2023-12-14,68646376.19014977,-759609.9999999997
2023-12-15,68104366.19014977,-542009.9999999997
2023-12-18,66731362.86837977,-1373003.3217700007
2023-12-19,67162062.86837977,430700.0
2023-12-20,67586922.86837977,424860.0
2023-12-21,67433262.86837977,-153660.0
2023-12-22,68860502.86837977,1427240.0
2023-12-25,69444731.96837981,584229.1000000433
2023-12-26,69390981.96837981,-53750.00000000393
2023-12-27,69966231.96837983,575250.0000000079
2023-12-28,69648141.96837981,-318090.00000000786
2023-12-29,69703561.96837975,55419.999999941094
2024-01-02,68737681.76837982,-965880.1999999282
2024-01-03,68273478.25977983,-464203.50860000006
2024-01-04,67370068.71697982,-903409.5428000066
2024-01-05,67021405.98137982,-348662.7355999949
2024-01-08,66103746.58137985,-917659.3999999723
2024-01-09,65654527.08137985,-449219.50000000076
2024-01-10,65876238.081379846,221710.99999998935
2024-01-11,65678168.08137983,-198070.00000001676
2024-01-12,64866401.58137981,-811766.500000023
2024-01-15,64153989.77497982,-712411.8063999853
2024-01-16,63560863.93057982,-593125.8444000023
2024-01-17,64353050.54917983,792186.6186000113
2024-01-18,64484315.549179815,131264.99999998533
2024-01-19,64035265.54917982,-449049.99999999016
2024-01-22,64839566.91397983,804301.3648000031
2024-01-23,64323001.913979836,-516564.9999999899
2024-01-24,65079221.913979836,756220.0000000014
2024-01-25,64729231.91397981,-349990.00000002026
2024-01-26,65490247.60297981,761015.6889999951
2024-01-29,66627726.296179794,1137478.6931999852
2024-01-30,68905696.29617982,2277970.000000028
2024-01-31,70076686.2961798,1170989.9999999916
2024-02-01,70071006.2961798,-5680.000000005559
2024-02-02,71041596.29617982,970590.0000000196
2024-02-05,71764795.66067983,723199.3645000131
2024-02-06,70971505.66067979,-793290.0000000476
2024-02-07,71723680.6606798,752175.0000000196
2024-02-08,71025995.6606798,-697685.0000000047
2024-02-19,70707313.30467983,-318682.35599997034
2024-02-20,70145432.80467983,-561880.4999999978
2024-02-21,69878164.30467983,-267268.4999999927
2024-02-22,70273655.30467983,395490.9999999977
2024-02-23,70008375.30467986,-265279.99999996787
2024-02-26,70223955.65757981,215580.3528999518
2024-02-27,69461015.65757984,-762939.9999999641
2024-02-28,69444691.65757984,-16324.000000003143
2024-02-29,69703694.65757981,259002.99999996356
2024-03-01,67612924.65757985,-2090769.999999959
2024-03-04,68798942.00077982,1186017.343199974
2024-03-05,69383267.00077984,584325.0000000077
2024-03-06,70163057.00077982,779789.9999999884
2024-03-07,70059007.00077982,-104049.9999999936
2024-03-08,70441327.00077982,382320.00000000384
2024-03-11,70953435.21217982,512108.21139999863
2024-03-12,70796115.52357984,-157319.68859999385
2024-03-13,70645793.93112983,-150321.59245001347
2024-03-14,72005348.93112983,1359555.0000000005
2024-03-15,73359328.93112981,1353979.9999999907
2024-03-18,75362074.37922981,2002745.448099999
2024-03-19,74773774.37922984,-588299.9999999662
2024-03-20,73561670.91042982,-1212103.4688000195
2024-03-21,74693161.01822981,1131490.1077999973
2024-03-22,73283371.01822981,-1409789.999999993
2024-03-25,73154545.06832981,-128825.94990000187
2024-03-26,74763900.56832983,1609355.500000014
2024-03-27,75138600.56832981,374699.99999998836
2024-03-28,75743290.5683298,604689.9999999884
2024-03-29,78082480.56832981,2339190.000000015
2024-04-01,79098402.4666298,1015921.8982999851
2024-04-02,78531362.4666298,-567040.0000000035
2024-04-03,79663335.54292981,1131973.0763000085
2024-04-08,80899762.34897982,1236426.8060500042
2024-04-09,80312007.46397981,-587754.8849999993
2024-04-10,80121583.66377981,-190423.8001999993
2024-04-11,80319839.65427981,198255.99049999967
2024-04-12,81532326.33227982,1212486.678
2024-04-15,83628176.06812982,2095849.7358500047
2024-04-16,80653121.06812982,-2975055.000000003
2024-04-17,79431504.57182983,-1221616.4963000014
2024-04-18,77647526.22302984,-1783978.3487999958
2024-04-19,77598651.99132983,-48874.231700001495
2024-04-22,77761323.45307983,162671.46175000034
2024-04-23,77294893.95307982,-466429.50000000786
2024-04-24,74967244.45307982,-2327649.4999999967
2024-04-25,76284895.95307983,1317651.5000000081
2024-04-26,75579215.9530798,-705680.0000000332
2024-04-29,74596418.1030798,-982797.850000008
2024-04-30,75273779.10307983,677361.0000000334
2024-05-06,76481537.88297981,1207758.7798999837
2024-05-07,77589962.88297983,1108425.0000000114
2024-05-08,76703657.88297984,-886304.9999999814
2024-05-09,77514797.88297981,811139.9999999742
2024-05-10,77848312.88297981,333514.99999999715
2024-05-13,77097884.93007979,-750427.9529000211
2024-05-14,78026214.93007979,928330.0
2024-05-15,77165874.93007985,-860339.9999999444
2024-05-16,77439854.93007982,273979.9999999772
2024-05-17,77050074.93007983,-389779.9999999899
2024-05-20,78687435.08007984,1637360.1500000053
2024-05-21,79192812.08007984,505377.0000000028
2024-05-22,80440792.08007987,1247980.000000029
2024-05-23,77626942.08007987,-2813850.000000001
2024-05-24,77159891.08007984,-467051.0000000233
2024-05-27,76747786.96847986,-412104.1115999835
2024-05-28,77406336.96847986,658550.0
2024-05-29,76315316.96847986,-1091020.0
2024-05-30,79021221.96847986,2705904.9999999995
2024-05-31,76757106.96847986,-2264114.9999999995
2024-06-03,74989043.37447986,-1768063.5940000021
2024-06-04,76043603.37447986,1054560.0
2024-06-05,76685538.37447986,641935.000000001
2024-06-06,76398278.37447986,-287260.0
2024-06-07,76708998.37447986,310720.0
2024-06-11,73437358.88597986,-3271639.488499994
2024-06-12,71877930.88597985,-1559428.0000000214
2024-06-13,72240810.38597986,362879.5000000186
2024-06-14,72628945.38597985,388134.9999999894
2024-06-17,71947257.42197984,-681687.9640000047
2024-06-18,71689499.42197987,-257757.99999996822
2024-06-19,72099109.42197986,409609.9999999777
2024-06-20,73063739.42197987,964630.0000000081
2024-06-21,73199609.42197989,135870.00000001764
2024-06-24,74257465.62387985,1057856.2018999604
2024-06-25,75504055.6238799,1246590.0000000445
2024-06-26,75181685.62387985,-322370.0000000477
2024-06-27,76007765.62387988,826080.0000000349
2024-06-28,76578445.62387986,570679.9999999842
2024-07-01,73729056.16457984,-2849389.459300032
2024-07-02,75165066.16457984,1436009.9999999974
2024-07-03,75973516.1645799,808450.0000000577
2024-07-04,75115886.16457988,-857630.000000014
2024-07-05,75157686.16457985,41799.999999966356
2024-07-08,73877271.21457988,-1280414.9499999706
2024-07-09,74820654.21457987,943382.9999999884
2024-07-10,74644214.21457985,-176440.00000001764
2024-07-11,74088784.21457988,-555429.9999999665
2024-07-12,74022444.21457988,-66340.0
2024-07-15,73852767.5815799,-169676.63299998615
2024-07-16,73605067.5815799,-247699.9999999951
2024-07-17,74163922.58157985,558854.9999999576
2024-07-18,74441712.58157988,277790.0000000355
2024-07-19,75205397.5815799,763685.0000000211
2024-07-22,76360579.70917985,1155182.1275999567
2024-07-23,77995679.70917988,1635100.0000000242
2024-07-24,78578719.70917983,583039.9999999573
2024-07-25,79702009.70917982,1123289.9999999925
2024-07-26,79597259.70917983,-104749.9999999879
2024-07-29,81358678.95917986,1761419.2500000303
2024-07-30,82643118.95917982,1284439.9999999523
2024-07-31,84206108.95917983,1562990.0000000088
2024-08-01,84272528.9591799,66420.00000006263
2024-08-02,85075838.95917986,803309.9999999672
2024-08-05,86391978.70917985,1316139.7499999835
2024-08-06,86075208.70917983,-316770.00000001444
2024-08-07,87848138.70917982,1772929.9999999856
2024-08-08,86631106.70917983,-1217031.9999999856
2024-08-09,84704256.70917983,-1926849.9999999928
2024-08-12,83116653.00917982,-1587603.700000019
2024-08-13,85718573.00917986,2601920.000000041
2024-08-14,89821313.00917983,4102739.9999999627
2024-08-15,89984439.25917985,163126.2500000219
2024-08-16,89989408.45917986,4969.200000018802
2024-08-19,90709672.60917985,720264.1499999977
2024-08-20,89446772.60917987,-1262899.999999986
2024-08-21,87275728.6091799,-2171043.9999999674
2024-08-22,88681763.60917987,1406034.9999999676
2024-08-23,90930908.60917987,2249144.9999999944
2024-08-26,90619502.10027985,-311406.5089000162
2024-08-27,88206037.10027987,-2413464.9999999786
2024-08-28,89418762.10027987,1212725.0000000028
2024-08-29,89357222.10027985,-61540.00000001886
2024-08-30,89313052.10027987,-44169.999999986496
2024-09-02,90892692.93877989,1579640.838500018
2024-09-03,92486602.93877988,1593909.9999999916
2024-09-04,93157897.10822988,671294.1694500033
2024-09-05,93349592.10822989,191695.00000001176
2024-09-06,95165342.1082299,1815750.0000000084
2024-09-09,96063344.09537987,898001.9871499715
2024-09-10,96714544.09537987,651200.0
2024-09-11,96704934.09537987,-9610.0
2024-09-12,96437714.09537987,-267220.0
2024-09-13,97690894.09537987,1253180.0
2024-09-18,100540947.40137988,2850053.3060000106
2024-09-19,100500917.40137988,-40030.0
2024-09-20,101579149.98317985,1078232.581799973
2024-09-23,100908812.77917989,-670337.2039999698
2024-09-24,100034092.77917987,-874720.0000000207
2024-09-25,101508571.4993299,1474478.7201500186
2024-09-26,100927857.31332986,-580714.1860000315
2024-09-27,96672368.68382986,-4255488.629500005
2024-09-30,92821447.9114299,-3850920.7723999666
2024-10-08,90869528.34782986,-1951919.5636000298
2024-10-09,93657908.34782988,2788380.0000000168
2024-10-10,94115668.34782986,457759.9999999814
2024-10-11,94066291.94782989,-49376.39999997218
2024-10-14,93801715.11222988,-264576.83560001035
2024-10-15,92584355.11222988,-1217359.9999999981
2024-10-16,92624495.11222988,40140.0
2024-10-17,92894685.11222988,270190.0
2024-10-18,92902135.11222988,7450.000000000757
2024-10-21,93621839.41222988,719704.3
2024-10-22,94046234.41222988,424395.0
2024-10-23,95132984.41222988,1086750.0
2024-10-24,95180664.41222988,47680.0
2024-10-25,94623709.41222988,-556955.0
2024-10-28,94586744.55052988,-36964.8617
2024-10-29,92855659.55052988,-1731085.0
2024-10-30,92902434.55052988,46774.99999999808
2024-10-31,92940614.55052988,38180.00000000381
2024-11-01,94350254.55052988,1409639.9999999972
2024-11-04,94796294.66672988,446040.11620000337
2024-11-05,96011954.66672988,1215659.9999999995
2024-11-06,96835214.66672988,823260.000000001
2024-11-07,98437889.66672988,1602675.0
2024-11-08,102067729.66672988,3629839.9999999995
2024-11-11,101655696.76672986,-412032.90000001446
2024-11-12,101759646.76672982,103949.99999995319
2024-11-13,98223566.7667298,-3536080.0000000107
2024-11-14,96968326.76672985,-1255239.9999999497
2024-11-15,98276946.76672983,1308619.9999999863
2024-11-18,95804461.16592982,-2472485.600800008
2024-11-19,94441020.16592987,-1363440.999999956
2024-11-20,95208640.16592987,767619.9999999993
2024-11-21,94511415.1659298,-697225.0000000746
2024-11-22,93172950.16592984,-1338464.9999999562
2024-11-25,92900466.21592982,-272483.95000001916
2024-11-26,93539788.71592979,639322.4999999765
2024-11-27,93277983.71592985,-261804.99999994
2024-11-28,93027733.71592982,-250250.00000002352
2024-11-29,92869663.71592984,-158069.99999998958
2024-12-02,95795453.27117981,2925789.55524997
2024-12-03,95519743.27117983,-275709.99999998417
2024-12-04,98477803.27117985,2958060.000000025
2024-12-05,100069103.27117978,1591299.9999999271
2024-12-06,100144793.27117983,75690.00000004121
2024-12-09,99977126.04467985,-167667.22649997778
2024-12-10,100663496.04467982,686369.9999999683
2024-12-11,100083216.04467987,-580279.9999999619
2024-12-12,100789851.54467985,706635.4999999905
2024-12-13,103912701.54467987,3122850.0000000126
2024-12-16,105539963.74467985,1627262.1999999874
2024-12-17,103413553.7446798,-2126410.0000000605
2024-12-18,101269036.14467987,-2144517.599999927
2024-12-19,101149666.14467986,-119370.00000001583
2024-12-20,103310516.14467984,2160849.9999999776
2024-12-23,103037303.30707985,-273212.8375999873
2024-12-24,102824153.30707988,-213149.99999997462
2024-12-25,102337923.3070798,-486230.000000073
2024-12-26,101636213.30707984,-701709.9999999715
2024-12-27,103660263.30707987,2024050.0000000284
2024-12-30,100761396.16507982,-2898867.142000054
2024-12-31,102082496.16507983,1321100.0000000158
2025-01-02,103000261.16507982,917764.9999999809
2025-01-03,103604971.16507983,604710.0000000158
2025-01-06,103133170.04167989,-471801.1233999398
2025-01-07,102775870.04167984,-357300.00000004726
2025-01-08,104739755.04167989,1963885.0000000473
2025-01-09,103822325.04167987,-917430.0000000221
2025-01-10,102593915.04167983,-1228410.0000000473
2025-01-13,101559255.41967987,-1034659.6219999711
2025-01-14,101285175.41967984,-274080.00000003085
2025-01-15,101862815.41967991,577640.0000000694
2025-01-16,101309675.41967991,-553140.0000000014
2025-01-17,98189985.41967987,-3119690.0000000405
2025-01-20,98008629.51967989,-181355.89999997817
2025-01-21,97766979.51967986,-241650.00000003335
2025-01-22,98959984.51967989,1193005.0000000242
2025-01-23,98172484.5196799,-787499.9999999853
2025-01-24,97369579.51967989,-802905.0000000154
2025-01-27,95875759.87707986,-1493819.642600033
2025-02-05,98516999.8770799,2641240.000000041
2025-02-06,99201564.87707989,684564.9999999854
2025-02-07,99885754.87707989,684189.9999999988
2025-02-10,99716538.87707986,-169216.00000002433
2025-02-11,101046299.87707989,1329761.0000000226
2025-02-12,100753599.87707989,-292699.99999999395
2025-02-13,100085189.87707987,-668410.0000000189
2025-02-14,99028564.87707986,-1056625.0000000098
2025-02-17,98682380.92707989,-346183.9499999758
2025-02-18,96373395.67707987,-2308985.2500000214
2025-02-19,97045967.8770799,672572.2000000341
2025-02-20,97289567.87707989,243599.99999998638
2025-02-21,97430902.87707987,141334.9999999925
2025-02-24,95934251.67707987,-1496651.1999999976
2025-02-25,94688934.02707987,-1245317.65
2025-02-26,94515728.97707987,-173205.05
2025-02-27,94458313.97707987,-57415.0
2025-02-28,95613953.97707987,1155640.0
2025-03-03,94939434.77707987,-674519.2
2025-03-04,94278972.57707986,-660462.2
2025-03-05,93388839.92707986,-890132.65
2025-03-06,96049653.42707986,2660813.5
2025-03-07,96886588.42707986,836935.0
2025-03-10,97337656.71047986,451068.2834
2025-03-11,96421191.71047986,-916465.0
2025-03-12,97325966.71047986,904775.0
2025-03-13,97068091.71047986,-257875.0
2025-03-14,96110794.50717986,-957297.2033
2025-03-17,96237093.01587985,126298.5087
2025-03-18,96655378.01587985,418285.0
2025-03-19,96464358.01587985,-191020.0
2025-03-20,97843838.01587985,1379480.0
2025-03-21,97815308.01587985,-28530.0
2025-03-24,97518949.82137986,-296358.1945
2025-03-25,96838709.82137986,-680240.0
2025-03-26,96826575.34397985,-12134.4774
2025-03-27,97903805.34397985,1077230.0
2025-03-28,96232185.34397985,-1671620.0
2025-03-31,97359368.62977985,1127183.2858
2025-04-01,98248858.62977985,889490.0
2025-04-02,97602483.62977985,-646375.0
2025-04-03,98527373.62977985,924890.0
2025-04-07,105570915.27477984,7043541.645
2025-04-08,106037160.27477984,466245.0
2025-04-09,107430520.27432984,1393359.99955
2025-04-10,106670295.27432984,-760225.0
2025-04-11,107066522.14172985,396226.8674
2025-04-14,107142266.51947984,75744.37775000048
2025-04-15,107510174.51947983,367907.9999999831
2025-04-16,108564477.00517987,1054302.4857000369
2025-04-17,108015962.25517984,-548514.7500000333
2025-04-18,108691583.25517985,675621.000000015
2025-04-21,107124628.04602987,-1566955.2091499802
2025-04-22,108159848.04602985,1035219.9999999889
2025-04-23,106495328.04602987,-1664519.9999999907
2025-04-24,105536738.04602982,-958590.0000000386
2025-04-25,106284823.04602987,748085.0000000424
2025-04-28,105778170.21242982,-506652.83360003866
2025-04-29,107515330.21242982,1737159.9999999944
2025-04-30,108009035.21242984,493705.0000000129
2025-05-06,108176173.21242987,167138.00000003132
2025-05-07,107505133.21242985,-671040.0000000221
2025-05-08,110128693.21242982,2623559.9999999776
2025-05-09,110524963.21242984,396270.00000001106
2025-05-12,107520483.76242986,-3004479.4499999667
2025-05-13,104525333.76242985,-2995150.0000000168
2025-05-14,102640703.76242985,-1884630.0000000019
2025-05-15,101688253.76242985,-952450.0
2025-05-16,102591328.76242982,903074.9999999759
2025-05-19,103471468.46242984,880139.7000000142
2025-05-20,103571268.46242985,99800.00000001414
2025-05-21,102713058.96242985,-858209.4999999967
2025-05-22,102866598.96242984,153539.99999998114
2025-05-23,103367413.96242984,500815.0000000071
2025-05-26,103804506.57812984,437092.6157000047
2025-05-27,104491336.57812984,686830.0
2025-05-28,105430436.57812984,939100.0
2025-05-29,106354176.57812984,923740.0
2025-05-30,106237696.57812984,-116480.0
2025-06-03,108834742.36912984,2597045.791
2025-06-04,107305612.36912984,-1529130.0
2025-06-05,107153802.36912984,-151810.0
2025-06-06,105317302.36912984,-1836500.0
2025-06-09,105512105.94752984,194803.5784
2025-06-10,106114335.94752984,602230.0
2025-06-11,105299995.94752984,-814340.0
2025-06-12,106097595.94752984,797600.0
2025-06-13,107224115.94752984,1126520.0
2025-06-16,106962964.50392984,-261151.4436
2025-06-17,106128064.50392984,-834900.0
2025-06-18,105822184.50392984,-305880.0
2025-06-19,105548974.50392984,-273210.0
2025-06-20,104608042.71666984,-940931.78726
2025-06-23,104321663.91271983,-286378.8039500081
2025-06-24,103381093.9127198,-940570.0000000242
2025-06-25,101793573.91271979,-1587520.0000000158
2025-06-26,100945663.91271985,-847909.9999999452
2025-06-27,100505703.91271979,-439960.00000006217
2025-06-30,98783778.46881984,-1721925.4438999502
2025-07-01,100564494.1692198,1780715.7003999637
2025-07-02,99833114.16921982,-731379.9999999837
2025-07-03,98600504.1692198,-1232610.00000002
2025-07-04,97934531.22511983,-665972.9440999803
2025-07-07,98087039.39836985,152508.1732500184
2025-07-08,98495609.39836985,408570.0000000021
2025-07-09,98528044.39836982,32434.999999968975
2025-07-10,98990889.39836985,462845.000000029
2025-07-11,98763379.39836982,-227510.00000002282
2025-07-14,96435825.2691198,-2327554.1292500193
2025-07-15,96519631.76911984,83806.50000004459
2025-07-16,97488226.76911983,968594.9999999793
2025-07-17,98093271.76911983,605045.0000000021
2025-07-18,98123332.76911984,30061.000000008265
2025-07-21,97905880.80411983,-217451.96500001653
2025-07-22,97320544.20411983,-585336.6
2025-07-23,97843438.90411983,522894.7
2025-07-24,95664448.90411983,-2178990.0
2025-07-25,94622398.35411984,-1042050.55
2025-07-28,93243951.70411983,-1378446.65
2025-07-29,93212016.25411983,-31935.45
2025-07-30,92186851.25411983,-1025165.0
2025-07-31,91652467.60411982,-534383.65
2025-08-01,90873772.60411982,-778695.0
2025-08-04,90455468.91211982,-418303.692
2025-08-05,92290728.91211982,1835260.0000000014
2025-08-06,93504558.91211982,1213829.9999999993
2025-08-07,94516128.91211982,1011570.0000000005
2025-08-08,94553118.91211982,36989.9999999993
2025-08-11,95120649.08011982,567530.1680000005
2025-08-12,96576704.08011982,1456055.0000000012
2025-08-13,96714929.08011982,138224.99999999895
2025-08-14,96910043.08011982,195113.99999999965
2025-08-15,96531688.33011982,-378354.75
2025-08-18,96598450.33011982,66762.00000000035
2025-08-19,96870720.33011982,272270.0
2025-08-20,95184697.08011982,-1686023.25
2025-08-21,96668467.58011982,1483770.5
2025-08-22,97493992.58011982,825525.0
2025-08-25,98657612.08011982,1163619.5
2025-08-26,99049182.08011982,391570.0
2025-08-27,100792192.08011982,1743010.0
2025-08-28,100506982.08011982,-285210.0
2025-08-29,100370322.08011982,-136660.0
2025-09-01,101871710.32431982,1501388.2442000012
2025-09-02,103367065.77861983,1495355.4542999996
2025-09-03,102506610.77861983,-860455.0
2025-09-04,102000715.77861983,-505894.99999999965
2025-09-05,101296480.77861983,-704235.0000000003
2025-09-08,100043196.25986983,-1253284.5187500012
2025-09-09,99461156.47471982,-582039.78515
2025-09-10,100199806.49221982,738650.0175
2025-09-11,100322251.49221982,122445.0
2025-09-12,101672902.79261982,1350651.3004
2025-09-15,100112758.39821982,-1560144.3943999999
2025-09-16,98970520.27961983,-1142238.1186
2025-09-17,99703603.27466983,733082.9950500003
2025-09-18,98211473.27466983,-1492130.0
2025-09-19,97396253.26411982,-815220.0105500004
2025-09-22,96091189.71011981,-1305063.554
2025-09-23,95902975.45301981,-188214.25709999958
2025-09-24,96315275.45301981,412300.0
2025-09-25,96783080.45301981,467804.9999999994
2025-09-26,97895745.45301981,1112665.000000001
2025-09-29,99157263.67521982,1261518.2222000086
2025-09-30,100516353.67521985,1359090.000000027
2025-10-09,104246179.60006982,3729825.9248499647
2025-10-10,104651929.60006982,405750.0
2025-10-13,105214270.54706982,562340.9470000005
2025-10-14,105563030.54706982,348760.00000000047
2025-10-15,105276050.54706982,-286980.000000001
2025-10-16,106296950.54706982,1020900.000000002
2025-10-17,105719109.04706982,-577841.5
2025-10-20,104442729.28319982,-1276379.7638700018
2025-10-21,104256058.56749982,-186670.7157
2025-10-22,103928843.78074981,-327214.78675
2025-10-23,104099553.02269982,170709.24195
2025-10-24,105230868.87414981,1131315.85145
2025-10-27,104579872.3741498,-650996.5000000144
2025-10-28,106558692.3741498,1978820.0000000072
2025-10-29,107511502.3741498,952810.0000000066
2025-10-30,108552402.37414984,1040900.0000000424
2025-10-31,109597662.37414986,1045260.0000000084
2025-11-03,110560632.02054979,962969.6463999336
2025-11-04,111045682.02054979,485050.0
2025-11-05,111186252.02054979,140570.0
2025-11-06,112252682.02054979,1066430.0
2025-11-07,112725272.02054979,472590.0
2025-11-10,114048752.35134979,1323480.330799993
2025-11-11,115374452.3513498,1325700.0000000214
2025-11-12,116654412.35134977,1279959.999999963
2025-11-13,118348772.35134982,1694360.0000000438
2025-11-14,118880052.35134979,531279.9999999753
2025-11-17,116754276.6415998,-2125775.7097499887
2025-11-18,114802248.1415998,-1952028.4999999963
2025-11-19,114451728.64159979,-350519.50000001467
2025-11-20,116671036.14159976,2219307.49999997
2025-11-21,115744116.14159977,-926919.9999999864
2025-11-24,113907271.59759977,-1836844.5440000005
2025-11-25,113464726.09759969,-442545.5000000871
2025-11-26,111709597.5975997,-1755128.499999981
2025-11-27,110839041.09759971,-870556.4999999818
2025-11-28,109996884.09759974,-842156.9999999751
2025-12-01,112756022.75719975,2759138.6596000018
2025-12-02,113135552.7571997,379529.9999999557
2025-12-03,114875242.75719973,1739690.000000026
2025-12-04,116104087.7571997,1228844.9999999697
2025-12-05,119089187.75719973,2985100.000000026
2025-12-08,116488993.25719972,-2600194.50000002
2025-12-09,114356402.55719972,-2132590.7
2025-12-10,113966913.95719972,-389488.6
2025-12-11,115133738.95719972,1166825.0
2025-12-12,117147846.15719973,2014107.2
2025-12-15,113159565.35024972,-3988280.80695
2025-12-16,110792785.35024972,-2366780.0
2025-12-17,111864914.35024972,1072129.0
2025-12-18,110924724.55024973,-940189.8
2025-12-19,112265415.55024973,1340691.0
2025-12-22,115742130.35599975,3476714.805750022
2025-12-23,114071010.35599975,-1671120.000000002
2025-12-24,113474355.35599974,-596655.0000000184
2025-12-25,112394330.35599977,-1080024.9999999632
2025-12-26,115258787.71734974,2864457.361349971
2025-12-29,117750245.48849973,2491457.771149992
2025-12-30,116527435.48849976,-1222809.9999999716
2025-12-31,119561990.48849973,3034554.9999999753
2026-01-05,126044377.54059976,6482387.052100029
2026-01-06,130263638.54059976,4219261.0
2026-01-07,131051473.54059976,787835.0
2026-01-08,125810773.54059976,-5240700.0
2026-01-09,125545683.54059976,-265090.0
2026-01-12,127956536.79429968,2410853.2536999183
2026-01-13,128140085.29429974,183548.50000005658
2026-01-14,128829300.29429972,689214.999999978
2026-01-15,126016085.29429975,-2813214.999999965
2026-01-16,124029065.29429975,-1987020.0000000047
2026-01-19,123138127.08509968,-890938.2092000676
2026-01-20,122183922.08509968,-954204.9999999991
2026-01-21,121952217.08509974,-231704.9999999393
2026-01-22,122763537.08509976,811320.0000000137
2026-01-23,123766957.08509971,1003419.999999953
2026-01-26,123521286.15009974,-245670.93499996525
2026-01-27,122742946.15009974,-778340.0
2026-01-28,126216846.15009974,3473900.0
2026-01-29,128212601.15009974,1995755.0
2026-01-30,127713456.15009974,-499145.0
2026-02-02,123624458.12049977,-4088998.029599961
2026-02-03,122010153.6204998,-1614304.4999999665
2026-02-04,123561309.62049973,1551155.99999992
2026-02-05,122000414.62049977,-1560894.999999948
2026-02-06,120668022.12049975,-1332392.5000000312
2026-02-09,122318524.19559975,1650502.0751000103
2026-02-10,122784409.19559975,465884.9999999996
2026-02-11,122320664.19559975,-463745.0000000008
2026-02-12,122071414.19559975,-249249.99999999919
2026-02-13,120524707.69559975,-1546706.499999999
2026-02-24,122268437.42019975,1743729.7245999984
2026-02-25,119459382.42019975,-2809054.999999998
2026-02-26,119208547.42019975,-250835.00000000122
2026-02-27,119796247.42019975,587700.0000000008
2026-03-02,120635858.99404976,839611.5738499996
2026-03-03,124380598.99404976,3744739.999999999
2026-03-04,126085983.99404976,1705385.000000001
2026-03-05,127410383.99404976,1324400.0000000014
2026-03-06,127427114.24404976,16730.25
2026-03-09,127010642.63804983,-416471.6059999325
2026-03-10,128325792.63804978,1315149.9999999558
2026-03-11,127160962.63804981,-1164829.9999999702
2026-03-12,126351382.63804978,-809580.0000000304
2026-03-13,125169302.6380498,-1182079.9999999804
2026-03-16,125489193.97894982,319891.34090001887
2026-03-17,127691433.97894982,2202240.0
2026-03-18,129113293.97894982,1421860.0000000005
2026-03-19,132528733.97894982,3415439.999999999
2026-03-20,131321453.97894982,-1207280.0
2026-03-23,129978403.74494982,-1343050.2339999997
2026-03-24,128058148.74494982,-1920255.000000001
2026-03-25,127945038.74494982,-113109.99999999849
2026-03-26,128249288.74494982,304249.9999999985
2026-03-27,128981753.74494982,732465.0000000005
2026-03-30,131145455.39494982,2163701.649999999
2026-03-31,131993455.39494982,848000.0
2026-04-01,133162470.39494982,1169015.0
2026-04-02,133252705.39494982,90235.0
2026-04-03,134339675.39494982,1086970.0
2026-04-07,135570172.67744982,1230497.2825
2026-04-08,133646812.67744982,-1923360.0
2026-04-09,132991185.17744982,-655627.5
2026-04-10,133501527.67744982,510342.5
2026-04-13,134589592.1637498,1088064.4863
2026-04-14,132981847.16374981,-1607745.0
2026-04-15,131798102.16374981,-1183745.0
2026-04-16,131972992.16374981,174890.0
2026-04-17,131519727.16374981,-453265.0
2026-04-20,126977588.05177987,-4542139.111969955
2026-04-21,126095784.05177988,-881803.9999999832
2026-04-22,125852248.55177982,-243535.5000000524
2026-04-23,124629945.05177984,-1222303.4999999846
2026-04-24,125174237.55177984,544292.500000005
2026-04-27,126686691.77057986,1512454.2188000174
2026-04-28,128380011.77057986,1693320.0
2026-04-29,128579161.77057986,199150.0
2026-04-30,126745581.77057986,-1833580.0
2026-05-06,127280431.50162986,534849.73105
2026-05-07,126146571.28107986,-1133860.22055
2026-05-08,125722582.11727986,-423989.1638
2026-05-11,124007539.03327985,-1715043.084
2026-05-12,124871639.03327985,864100.0
2026-05-13,126398524.03327985,1526885.0
2026-05-14,127372219.03327985,973695.0
2026-05-15,124160144.03327985,-3212075.0
2026-05-18,123484535.20397985,-675608.8293
2026-05-19,122635065.20397985,-849470.0
2026-05-20,122464365.20397985,-170700.0
2026-05-21,121557835.20397985,-906530.0
2026-05-22,119503730.31467985,-2054104.8893
2026-05-25,118507425.38767974,-996304.9270001064
2026-05-26,119628657.88767986,1121232.5000001201
2026-05-27,122575517.88767986,2946859.999999993
2026-05-28,123603177.88767985,1027659.999999986
2026-05-29,125327717.88767989,1724540.000000049
2026-06-01,126756759.94877973,1429042.0610998464
2026-06-02,128833054.94877975,2076295.0000000112
2026-06-03,128850474.94877973,17419.999999984808
2026-06-04,130925441.4487798,2074966.5000000796
2026-06-05,129847821.44877973,-1077620.000000076
2026-06-08,125425883.30577978,-4421938.14299994
2026-06-09,124021728.30577976,-1404155.0000000317
2026-06-10,121570610.3057798,-2451117.999999959
2026-06-11,120549968.3057798,-1020641.999999996
2026-06-12,120696510.80577984,146542.50000004738
2026-06-15,120052732.50577977,-643778.3000000708
2026-06-16,121985592.00577983,1932859.5000000633
2026-06-17,122424942.0057798,439349.99999996787
2026-06-18,122978507.00577982,553565.0000000128
2026-06-22,122394431.16407974,-584075.8417000768
2026-06-23,123153951.16407979,759520.0000000491
2026-06-24,124372161.1640798,1218210.000000022
2026-06-25,124778821.16407979,406659.9999999837
2026-06-26,124381051.16407986,-397769.99999992363
2026-06-29,124651961.46827973,270910.3041998722
2026-06-30,124470412.46827981,-181548.99999992922
2026-07-01,124070048.46827982,-400363.9999999916
2026-07-02,124909340.46827978,839291.9999999573
2026-07-03,125330975.46827981,421635.00000002334
2026-07-06,125477575.25342983,146599.78515001468
2026-07-07,126734051.7534298,1256476.4999999749
2026-07-08,126794091.75342982,60040.00000001653
2026-07-09,126367591.75342982,-426500.0000000028
2026-07-10,123739051.75342979,-2628540.0000000247
2026-07-13,124607625.46804976,868573.7146199752
2026-07-14,123026565.46804976,-1581059.9999999995
2026-07-15,119661105.46804976,-3365459.999999998
2026-07-16,119930085.46804976,268980.0
2026-07-17,118680815.46804976,-1249270.000000001
2026-07-20,119921396.23054971,1240580.7624999362
2026-07-21,122459501.23054972,2538105.0000000093
2026-07-22,123008821.23054972,549320.0
2026-07-23,121707396.23054977,-1301424.99999996
2026-07-24,121975411.23054978,268015.00000001106
2026-07-27,120476074.73054971,-1499336.5000000712
2026-07-28,120884127.23054972,408052.50000002
2026-07-29,121235497.23054972,351370.0000000071
2026-07-30,124703707.23054974,3468210.0000000177
2026-07-31,126187412.23054977,1483705.000000025
2026-08-03,127292990.04849975,1105577.8179499856
2026-08-04,128329370.04849976,1036380.000000021
2026-08-05,127618035.0484997,-711335.0000000633
2026-08-06,126227690.0484997,-1390345.0000000035
2026-08-07,127350747.04849972,1123057.000000015
2026-08-10,127843884.04849973,493137.0000000142
2026-08-11,128335659.04849972,491774.99999999104
2026-08-12,129221348.54849975,885689.5000000232
2026-08-13,129531268.54849972,309919.9999999652
2026-08-14,126607255.04849978,-2924013.499999944
2026-08-17,127188450.12559977,581195.0770999946
2026-08-18,127829124.56559977,640674.4399999926
2026-08-19,125784159.56559974,-2044965.0000000233
2026-08-20,124914962.35859977,-869197.2069999771
2026-08-21,124578304.19119975,-336658.1674000227
2026-08-24,123273188.49119975,-1305115.7000000041
2026-08-25,122792920.06734978,-480268.4238499694
2026-08-26,122403327.89574975,-389592.17160003097
2026-08-27,121189028.8957498,-1214298.999999946
2026-08-28,120835436.6561498,-353592.2396000009
2026-08-31,118575796.33574975,-2259640.3204000527
