,repo,sina
2018-03-27,-0.016919988528821595,-0.013724121888811336
2018-03-28,-0.03967327887981298,-0.03207547169811331
2018-03-29,-0.0021263669501824234,-0.0017056530214424326
2018-03-30,0.032267884322678464,0.025872589699780457
2018-04-02,-0.010911235623709326,-0.008803235783963803
2018-04-03,-0.04203935599284403,-0.03384541526644269
2018-04-04,-0.00311235605353255,-0.00248447204968949
2018-04-09,0.00249765844520744,0.0019925280199253326
2018-04-10,0.034880099657427,0.02783992045737005
2018-04-11,0.01294011435449871,0.010399032648125806
2018-04-12,0.03238265002970908,0.02608903781713723
2018-04-13,-0.004892086330935408,-0.003965477023559538
2018-04-16,-0.007518796992480925,-0.006088992974238927
2018-04-17,0.00874125874125875,0.00706880301602264
2018-04-18,0.0066435586366260235,0.005381375760411755
2018-04-19,0.03127690100430436,0.025366534791715134
2018-04-20,-0.010851419031719822,-0.008170676350431227
2018-04-23,0.00843881856540074,0.006864988558352492
2018-04-24,0.021199442119943956,0.0165909090909091
2018-04-25,-0.025402895383774826,-0.020791415157612403
2018-04-26,0.009529147982062947,0.007762557077625409
2018-04-27,0.007773459189339027,0.006343452650656944
2018-05-02,-0.0019283746556475467,-0.0015758667266996262
2018-05-03,0.009660502346122035,0.007891770011273946
2018-05-04,-0.0002733734281025191,-0.00022371364653250847
2018-05-07,0.03117309269893309,0.025509062430074003
2018-05-08,0.0021214531954387716,0.0017455814968361238
2018-05-09,0.016141836464673487,0.013286865606621623
2018-05-10,0.02916666666666612,0.024075666380051652
2018-05-11,-0.013157894736841591,-0.010915197313182134
2018-05-14,-0.014358974358974708,-0.011884550084889534
2018-05-15,0.01873048907388153,0.015463917525773141
2018-05-16,0.0007660878447393049,0.0006345177664974777
2018-05-17,0.022454707833631016,0.018600718664130156
2018-05-18,0.01147991015722516,0.009545548869060116
2018-05-21,-0.010115963483839474,-0.008427543679342286
2018-05-22,0.006729810568295136,0.005597014925373234
2018-05-23,-0.0012379301807378118,-0.0010307153164296201
2018-05-24,0.0009915716410513475,0.0008254230293025522
2018-05-25,-0.018821198613175216,-0.015670103092783605
2018-05-28,-0.03685007571933341,-0.030582320904901428
2018-05-29,0.002620545073375169,0.002160760587726962
2018-05-30,0.00026136957658096094,0.00021561017680027383
2018-05-31,0.022471910112359827,0.01853847812028464
2018-06-01,0.005622284692052171,0.00465608465608458
2018-06-04,-0.009656925031766628,-0.008005055824731433
2018-06-05,-0.012060559404669768,-0.009980887661923954
2018-06-06,-0.0031168831168831845,-0.002574002574002532
2018-06-07,0.0020844189682125425,0.0017204301075268713
2018-06-08,0.006500260010400494,0.005367110347788806
2018-06-11,-0.002066649444587898,-0.0017083066410420455
2018-06-12,0.011907843644835436,0.009839572192513524
2018-06-13,-0.019442312611920975,-0.016098284261809037
2018-06-14,0.009392121054004443,0.007750269106566288
2018-06-15,-0.0023261824760916205,-0.0019226660969878795
2018-06-19,-0.017875647668394,-0.01476883561643827
2018-06-20,0.010287523080981575,0.008472735172713408
2018-06-21,-0.011488250652741727,-0.009478672985781977
2018-06-22,-0.0021130480718435374,-0.0017398869073510514
2018-06-25,0.0198517734250927,0.016339869281045694
2018-06-26,0.012976901116013462,0.010718113612004254
2018-06-27,0.03458877786318215,0.028632025450689325
2018-06-28,0.014858841010401136,0.012371134020618513
2018-06-29,0.009272816007808604,0.00773930753564156
2018-07-02,0.016441005802708464,0.013742926434923142
2018-07-03,0.004519505233111065,0.0037878787878786735
2018-07-04,-0.01610229694529941,-0.01350546176762668
2018-07-05,0.0021660649819497113,0.0018119589289309346
2018-07-06,-0.004562920268972315,-0.003818327974276614
2018-07-09,0.004825090470446325,0.004034698406294224
2018-07-10,0.01728691476590649,0.01446654611211562
2018-07-11,0.007080481472740097,0.005941770647653
2018-07-12,-0.03585657370517914,-0.030124040165386834
2018-07-13,-0.003646086533787063,-0.003045066991473777
2018-07-16,0.001951695535496345,0.0016289961311339862
2018-07-17,-0.030922814706598634,-0.0258182557430372
2018-07-18,0.005778894472361795,0.004799666110183676
2018-07-19,0.01149138146390194,0.009553478712357233
2018-07-20,0.01802914299827152,0.015017486113968248
2018-07-23,-0.00727802037845704,-0.006080259424402157
2018-07-24,0.01050830889540566,0.008768352365416066
2018-07-25,0.020314389359129548,0.016979987871437396
2018-07-26,0.0016591609386105155,0.001391373484396663
2018-07-27,0.0073355418835781006,0.006153235410877311
2018-07-30,0.007047216349541863,0.005918327086210207
2018-07-31,0.007697690692792136,0.0064718572269073515
2018-08-01,-0.02291666666666692,-0.01929072486360095
2018-08-02,0.0009476427386876374,0.0007947546195112842
2018-08-03,0.023195266272189263,0.019456025411951572
2018-08-06,0.011797362942401524,0.009931840311587115
2018-08-07,0.04252400548696822,0.03586579251831856
2018-08-08,-0.030701754385964897,-0.026061057334326176
2018-08-09,-0.014932126696832415,-0.01911314984709478
2018-08-10,-0.01584749655489226,-0.013445050662509783
2018-08-13,0.007001166861143604,0.0059253407070907205
2018-08-14,0.015527230590961949,0.013155311211466625
2018-08-15,-0.013464171611136111,-0.011434108527131781
2018-08-16,-0.02822114272495957,-0.023916879043324957
2018-08-17,-0.0028564627469651604,-0.002410122514561186
2018-08-20,-0.012652184292193724,-0.010670424803704504
2018-08-21,0.01208897485493221,0.010175010175010213
2018-08-22,0.0195891065456284,0.016518936341660018
2018-08-23,0.00796626054357974,0.006738010305192166
2018-08-24,0.008833100883310019,0.007480314960629952
2018-08-27,-0.0023041474654378336,-0.0019538882375927935
2018-08-28,0.002771362586605264,0.002349256068911565
2018-08-29,-0.008060801473975143,-0.0068359375
2018-08-30,0.03320176456930568,0.02812192723697149
2018-08-31,0.002696629213483348,0.002295332823259555
2018-09-03,-0.006275212909009342,-0.005343511450381588
2018-09-04,0.006089309878213989,0.005180353031465801
2018-09-05,-0.005828289621161442,-0.00496277915632759
2018-09-06,-0.0029312288613302373,-0.0024937655860348684
2018-09-07,-0.007236544549977464,-0.006153846153846287
2018-09-10,0.017539863325740424,0.014899380804953566
2018-09-11,-0.000447727781508922,-0.0003813155386083178
2018-09-12,0.025979843225084176,0.02212473774556556
2018-09-13,-0.005675616677581652,-0.00485165142750521
2018-09-14,-0.016465422612513714,-0.014063378961185036
2018-09-17,0.0044642857142858094,0.0038037276530999975
2018-09-18,-0.010000000000000009,-0.00852595680181889
2018-09-19,0.012121212121212421,0.010319128606917749
2018-09-20,0.01596806387225569,0.0136183090599582
2018-09-21,-0.00829513206723409,-0.0070908751632766664
2018-09-25,0.0374202069117322,0.03194888178913735
2018-09-26,0.010821133036282404,0.009287925696594534
2018-09-27,0.0073467674223341994,0.006315409599422672
2018-09-28,0.012294227964159354,0.010579164425318144
2018-10-08,0.018320296418278703,0.01579134137686289
2018-10-09,0.04123711340206193,0.03563318777292568
2018-10-10,0.008542030673655221,0.007421150278293043
2018-10-11,-0.04446583253127989,-0.03867403314917117
2018-10-12,-0.0018130539887190045,-0.0015673981191224318
2018-10-15,-0.000403632694247813,-0.00034885749171453817
2018-10-16,-0.02644861699979828,-0.02285813994067354
2018-10-17,0.0124429697221069,0.010714285714285676
2018-10-18,-0.02314625153625549,-0.019964664310954006
2018-10-19,-0.00608093940029375,-0.005228051198846395
2018-10-22,0.015822784810126667,0.01359188111634646
2018-10-23,-0.010799584631359993,-0.009297335955658736
2018-10-24,-0.037581356288053924,-0.032304638151958054
2018-10-25,0.00021815008725978302,0.00018649757553124147
2018-10-26,0.004362050163576825,0.0037292560134252195
2018-10-29,-0.004777415852334044,-0.004086940367824532
2018-10-30,0.01156447741653932,0.009886215258347208
2018-10-31,-0.01358930112165646,-0.011636497968230408
2018-11-01,-0.02733435381587579,-0.023360119603812346
2018-11-02,-0.026753597122302297,-0.022770761576731746
2018-11-05,-0.002541002541002313,-0.002153906402976191
2018-11-06,-0.004631773969430264,-0.003924646781789609
2018-11-07,-0.020939972080037172,-0.01773049645390068
2018-11-08,0.011406844106463865,0.009626955475330767
2018-11-09,-0.018796992481203034,-0.015891934843067168
2018-11-12,0.005747126436781214,0.006459426725878181
2018-11-13,-0.03071428571428536,-0.02847974328118741
2018-11-14,-0.04446082043723931,-0.03385631709331127
2018-11-15,-0.0012853470437017567,-0.00876068376068384
2018-11-16,0.010553410553410414,0.006035783574046105
2018-11-19,-0.008150789607743403,0.012213413327619493
2018-11-20,-0.01900359527478135,-0.01566469093988143
2018-11-21,-0.04581151832460728,-0.037634408602150504
2018-11-22,-0.012071330589848772,-0.009832402234636772
2018-11-23,-0.028047764509858686,-0.022793951703904414
2018-11-26,-0.040285714285714036,-0.03256351039260974
2018-11-27,-0.0023816612086928757,-0.0019097636667461115
2018-11-28,0.025663980901223127,0.02056924180817976
2018-11-29,-0.05004364271166728,-0.040309350831966184
2018-11-30,0.026339969372129124,0.02100122100122115
2018-12-03,0.0405849000298415,0.03252810332456346
2018-12-04,0.0014338973329508509,0.0011582117211026421
2018-12-05,-0.02033218785796076,-0.016427579824155436
2018-12-06,-0.00789242911429422,-0.006351446718419251
2018-12-07,-0.031231585150265584,-0.025094696969696906
2018-12-10,0.047141119221411065,0.04152501214181625
2018-12-11,-0.02817310485042057,-0.023548612730240115
2018-12-12,0.014046622833233213,0.015759312320916763
2018-12-13,-0.014736221632773328,-0.007522331922896086
2018-12-14,0.00807657792402039,-0.000947418285172863
2018-12-17,-0.01216617210682469,-0.009483167377904222
2018-12-18,-0.03334334635025504,-0.00478697941598849
2018-12-19,-0.05096333126165342,-0.0394420394420395
2018-12-20,-0.004256712508185823,-0.003254882323485142
2018-12-21,-0.027951331798750423,-0.021351419241396608
2018-12-24,-0.016238159675236785,-0.012320328542094527
2018-12-25,-0.10041265474552918,-0.07588357588357586
2018-12-26,0.006498470948012036,0.004780652418447717
2018-12-27,0.0991264717052791,0.07304785894206534
2018-12-28,-0.014858327574291508,-0.011215440792905484
2019-01-02,-0.028761837951596037,-0.021630176734370954
2019-01-03,0.052365474900686104,0.03909409544351572
2019-01-04,0.04323953328757746,0.03269330565646089
2019-01-07,0.03125,0.023869346733668362
2019-01-08,-0.006379585326953707,-0.004907975460122671
2019-01-09,0.03467094703049667,0.026633785450061787
2019-01-10,0.01613403661185253,0.012490992073024287
2019-01-11,0.016488549618320913,0.012811387900355742
2019-01-14,-0.03634725142685458,-0.028343874443663597
2019-01-15,0.004675810473814712,0.0036162005785920215
2019-01-16,0.020477815699659008,0.015853951477299955
2019-01-17,0.006993006993006867,0.0054386379758808445
2019-01-18,0.020531400966183444,0.015992474129821188
2019-01-21,0.020118343195266064,0.015740740740740833
2019-01-22,-0.0124709976798143,-0.009799453053783047
2019-01-23,-0.00616740088105705,-0.004833141542002317
2019-01-24,-0.019799054373522584,-0.01549491211840881
2019-01-25,0.015375339161892931,0.011980267794221344
2019-01-28,-0.026128266033254022,-0.020427112349117982
2019-01-29,-0.010670731707317027,-0.008293838862559189
2019-01-30,0.020338983050847803,0.01577060931899643
2019-01-31,0.019631531259438173,0.015290519877675823
2019-02-01,-0.02488151658767801,-0.019462465245597804
2019-02-11,0.020656136087484622,0.015122873345935872
2019-02-12,-0.0017857142857140573,-0.005121042830540157
2019-02-13,0.024150268336314618,0.01193261581656535
2019-02-14,0.027947598253274863,0.02150289017341045
2019-02-15,0.010195412064571308,0.005658669081032075
2019-02-18,0.028315110737314075,0.03781228899392297
2019-02-19,0.0002726281352238846,0.0002168726957274547
2019-02-20,-0.013082583810303028,-0.010407632263660038
2019-02-21,0.0024855012427509315,0.001971954425942224
2019-02-22,-0.0013774104683195176,-0.001093374152634996
2019-02-25,-0.021517241379310215,-0.017075306479859886
2019-02-26,-0.044826614040034074,-0.03541202672605781
2019-02-27,0.015348288075560879,0.012006465019625878
2019-02-28,0.004069767441860828,0.003194159251654005
2019-03-01,0.02779386218876634,0.021833068000909783
2019-03-04,-0.037183098591549446,-0.029379034052971265
2019-03-05,-0.004681100058513521,-0.003668883283650559
2019-03-06,0.012051734273956116,0.00943613348676653
2019-03-07,0.00406622131861778,0.0031919744642041614
2019-03-08,-0.008678044547295372,-0.006818181818181834
2019-03-11,0.00846221184709628,0.00617848970251722
2019-03-12,0.021990740740741144,0.010234250625426489
2019-03-13,0.0028312570781428015,0.0029266096352993376
2019-03-14,0.011857707509881577,0.016161616161616044
2019-03-15,-0.0036272321428576504,0.005080627347028965
2019-03-18,-0.008401008120974551,-0.00879120879120876
2019-03-19,0.01722677209827772,0.013303769401330268
2019-03-20,0.0005552470849530255,0.0
2019-03-21,0.017758046614871903,0.015317286652078765
2019-03-22,-0.008178844056706658,-0.006465517241379337
2019-03-25,-0.02941176470588247,-0.02386117136659438
2019-03-26,0.01302747097139667,0.010666666666666602
2019-03-27,0.011182555213866463,0.008795074758135346
2019-03-28,-0.015482444014376928,-0.012205754141238034
2019-03-29,0.013198539736029247,0.010370697263901052
2019-04-01,0.008869179600887067,0.00698842542039757
2019-04-02,0.02499999999999969,0.019735415311212146
2019-04-03,0.005896542481908407,0.004678860059549095
2019-04-04,-0.009059419131361768,-0.0071972904318373665
2019-04-08,0.019091153535897076,0.015138592750533197
2019-04-09,0.005540897097625175,0.004410838059231148
2019-04-10,-0.006559958016268741,-0.0052279381012129145
2019-04-11,0.010565240359218242,0.009249527012823222
2019-04-12,-0.012284370099320596,-0.010206207040200033
2019-04-15,-0.007144747287642361,-0.007154882154882136
2019-04-16,-0.0087953091684434,-0.013141161509114041
2019-04-17,0.018553374563054836,0.022981099656357307
2019-04-18,-0.009767687434002248,-0.0077682133109384655
2019-04-19,0.008797653958944052,0.006982649174777755
2019-04-23,0.059196617336152446,0.04706871191426787
2019-04-24,-0.0032435129740517876,-0.002608870158539056
2019-04-25,0.022277847309136067,0.017907444668008088
2019-04-26,-0.019343780607247507,-0.015615734334848752
2019-04-29,-0.037952559300874045,-0.030522088353413634
2019-04-30,0.012457825071372941,0.010149130074565083
2019-05-06,-0.03998974621891793,-0.03219192126307158
2019-05-07,0.03524699599465908,0.027966101694915313
2019-05-08,-0.0074800103172552035,-0.005976916735366822
2019-05-09,-0.0015592515592519618,-0.001244038979888118
2019-05-10,0.015616866215512726,0.012455885405854294
2019-05-13,0.026140440799589992,0.01865901168751294
2019-05-14,-0.00399600399600375,-0.0010064412238325326
2019-05-15,0.010782347041123241,0.00926858754785398
2019-05-16,0.01860580501116349,0.011179876222799034
2019-05-17,0.009985387238188315,0.010858835143139123
2019-05-20,0.020737882806848074,0.0166015625
2019-05-21,-0.022206472950626277,-0.02094140249759846
2019-05-22,-0.010147378593862832,-0.009615384615384692
2019-05-23,-0.028557481083719916,-0.023182088369328335
2019-05-24,-0.051507537688442184,-0.04158215010141986
2019-05-27,-0.0074172185430468884,-0.005925925925926001
2019-05-28,0.019215372297838318,0.015328933361720143
2019-05-29,-0.008117308195862538,-0.00650031453134825
2019-05-30,0.0060718057022173255,0.004854368932038833
2019-05-31,-0.07452112306481207,-0.05965133375341325
2019-06-03,-0.05131840090728701,-0.04042885861067669
2019-06-04,-0.021219366407650653,-0.016527001862197466
2019-06-05,0.007633587786259444,0.00591715976331364
2019-06-06,-0.026666666666666505,-0.02070588235294124
2019-06-10,0.055728518057284626,0.04469005285920247
2019-06-11,-0.007372456502506619,-0.008739650413983502
2019-06-12,-0.024064171122994416,-0.018561484918793503
2019-06-13,0.01126331811263337,0.011111111111111072
2019-06-14,-0.004816375677303197,-0.004676174888940898
2019-06-17,-0.003024803387779773,0.0007047216349542751
2019-06-18,-0.037621359223300566,-0.04201877934272291
2019-06-19,0.03562421185371978,0.0409213428081352
2019-06-20,0.024961948249619503,0.01930320150659126
2019-06-21,0.019305019305019266,0.01501154734411081
2019-06-24,0.023601398601398316,0.018430034129692796
2019-06-25,-0.021633931113008598,-0.016979445933869575
2019-06-26,0.029386092522548424,0.02295454545454545
2019-06-27,-0.006218202374222881,-0.004887802710508926
2019-06-28,-0.01251422070534658,-0.009823621344050015
2019-07-01,0.023329493087557385,0.018263810597519692
2019-07-02,-0.020827469743878613,-0.016386182462356125
2019-07-03,-0.04742742167289449,-0.03714542998649262
2019-07-04,0.008147254073627153,0.006312836100070163
2019-07-05,0.005088296917090895,0.003949814126394058
2019-07-08,0.02858844550327544,0.02221707937977313
2019-07-09,-0.0011580775911982366,-0.0009055920307901033
2019-07-10,0.007246376811594235,0.0056650804441422675
2019-07-11,0.05122302158273362,0.040108156827399766
2019-07-12,-0.007117437722419684,-0.007365684575389997
2019-07-15,-0.011028398125172312,-0.008075076385857693
2019-07-16,-0.0025090604962366703,-0.006380638063806288
2019-07-17,-0.037451089994409936,-0.03410097431355186
2019-07-18,-0.013066202090592283,-0.013067400275103114
2019-07-19,-0.016475433951162466,-0.010685249709640021
2019-07-22,0.00987137301824692,0.020662127259920116
2019-07-23,0.006220379146919752,0.004830917874396157
2019-07-24,0.01089196349720356,0.00847069597069594
2019-07-25,0.0002912055911470368,0.00022701475595909848
2019-07-26,0.01048034934497788,0.008170676350431227
2019-07-29,-0.014405070584845858,-0.011256190904997743
2019-07-30,0.014323297281496838,0.011156648451730478
2019-07-31,0.006628242074927737,0.0051790137356451105
2019-08-01,-0.01002004008016033,-0.007840501792114707
2019-08-02,-0.04193175245806824,-0.032738767216075826
2019-08-05,0.013884696649562711,0.01073762838468717
2019-08-06,-0.007442691277165792,-0.005773672055427226
2019-08-07,-0.034193161367726654,-0.026480836236933758
2019-08-08,-0.017391304347825765,-0.01336196611787166
2019-08-09,-0.0041087231352716636,-0.003143893591293856
2019-08-12,0.018406854966677155,0.013828238719068464
2019-08-13,-0.0018697413524459972,0.00023929169657810334
2019-08-14,0.037777083983765,0.032535885167464196
2019-08-15,-0.027376654632972675,-0.021316033364226272
2019-08-16,-0.006186204763376946,0.005208333333333481
2019-08-19,0.021164021164020275,0.017428167687234986
2019-08-20,0.0067052727826883984,-0.001388888888888995
2019-08-21,-0.001816530426884344,-0.011590171534538674
2019-08-22,-0.002123142250530896,-0.0016416510318949529
2019-08-23,0.004255319148936509,0.0032887009631197284
2019-08-26,-0.015133171912832921,-0.011706860220088933
2019-08-27,-0.0009219422249544529,-0.000710732054015617
2019-08-28,0.01691787142417711,0.013039355144618403
2019-08-29,0.009376890502117874,0.007254856073016569
2019-08-30,0.027270002996703235,0.021143122676579917
2019-09-02,-0.023337222870478458,-0.018202502844141044
2019-09-03,-0.005675029868577819,-0.004403244495944314
2019-09-04,-0.0039050765995799486,0.0006983240223461529
2019-09-05,0.029855247285886843,0.021167713421726075
2019-09-06,0.011420204978038306,0.00979498861047845
2019-09-09,0.018239722061377917,0.016241822693435548
2019-09-10,0.006255331248222973,0.011986681465038895
2019-09-11,0.004803616840914904,0.004606273305549413
2019-09-12,-0.03487064116985339,-0.04694323144104806
2019-09-16,0.0984848484848484,0.07743413516609388
2019-09-17,0.051989389920424234,0.04167552625983406
2019-09-18,-0.04866364094805842,-0.03939579506021629
2019-09-19,-0.032335011926848733,-0.02592435189120279
2019-09-20,0.01506436592714322,0.011998254799301833
2019-09-23,0.007015650296816389,0.005604656175900002
2019-09-24,-0.01205787781350487,-0.009646302250803873
2019-09-25,-0.025494982370491193,-0.020346320346320335
2019-09-26,-0.005844698023935169,-0.004639858594785773
2019-09-27,-0.005599104143337086,-0.004439511653718142
2019-09-30,-0.004222972972972916,-0.0033444816053511683
2019-10-08,-0.01979078314956173,-0.015659955257270708
2019-10-09,0.026824343813094842,0.02113636363636373
2019-10-10,0.0030898876404492626,0.002448252837747633
2019-10-11,0.046765611873424984,0.03730017761989335
2019-10-14,0.01738897806313533,0.01519691780821919
2019-10-15,-0.02839863265842746,-0.02234872443601099
2019-10-16,-0.007577807848443752,-0.0032348501186111323
2019-10-17,-0.024543223343332365,-0.03937689311986148
2019-10-18,0.008946044171093126,0.010135135135135087
2019-10-21,-0.0033250207813799726,-0.01583054626532887
2019-10-22,-0.010564359188212302,0.0020389669234255337
2019-10-23,0.003652711435796485,0.002939181550983605
2019-10-24,0.013437849944008873,0.010820559062218127
2019-10-25,0.009116022099447285,0.007359500446030287
2019-10-28,0.012592389816588945,0.01018375027673235
2019-10-29,-0.0037848067045143097,-0.003068156914310838
2019-10-30,-0.006241519674355378,-0.005056056276104504
2019-10-31,-0.009011469142544914,-0.007291206363234659
2019-11-01,-0.015706806282722585,-0.012686401068328523
2019-11-04,0.01847704367301195,0.01487826871054998
2019-11-05,0.02336448598130847,0.01888049755664145
2019-11-06,-0.0018802041364491817,-0.001526051885764046
2019-11-07,-0.01130247578040855,-0.009170305676855839
2019-11-08,-0.005988023952095967,-0.004847950639047971
2019-11-11,0.0,0.0015500442869795794
2019-11-12,0.014786418400875911,0.010833517576829488
2019-11-13,-0.01511063140852642,-0.015529308836395361
2019-11-14,0.015616438356164553,0.012219506776272038
2019-11-15,-0.014836795252225476,-0.013169446883230851
2019-11-18,0.014238773274917405,0.012900355871886093
2019-11-19,-0.007289416846651742,-0.004391743522178304
2019-11-20,-0.02665216208865906,-0.022276135862373092
2019-11-21,0.02542609667504858,0.02052785923753664
2019-11-22,0.017711171662125436,0.014367816091954033
2019-11-25,0.011780455153948655,0.009588145565482709
2019-11-26,-0.008203228367292703,-0.006691128858191231
2019-11-27,0.008271077908217572,0.006736201651455831
2019-11-28,-0.003969304048690114,-0.003237642995899015
2019-11-29,0.0045164718384698155,0.003681247293200407
2019-12-02,-0.03041523406506219,-0.02588996763754048
2019-12-03,-0.0021822149481722786,-0.0022148394241418012
2019-12-04,0.0024603608529254473,-0.003995560488346261
2019-12-05,0.020179983637850674,0.015600624024961096
2019-12-06,0.006682705159048341,0.005047180162387477
2019-12-09,0.02203929899097168,0.0216157205240175
2019-12-10,0.003637308391790217,0.004915580252190743
2019-12-11,-0.0033652601604968746,-0.010208421948107227
2019-12-12,0.0025974025974024872,0.0021486892995272733
2019-12-13,-0.0005181347150260418,-0.0004288164665522398
2019-12-16,0.012182477967859207,0.010081510081510148
2019-12-17,-0.0005121638924456828,-0.00042471862391157966
2019-12-18,0.007430181911350475,0.006161036753770999
2019-12-19,0.012461851475075836,0.010346283783783772
2019-12-20,0.0042702838482795435,0.003552769070010342
2019-12-23,-0.008504252126063205,-0.00708038317367754
2019-12-24,0.009081735620585674,0.007550335570469802
2019-12-25,0.009499999999999842,0.007910074937552025
2019-12-26,0.0014858841010398915,0.0012391573729864103
2019-12-27,0.011869436201780825,0.00990099009900991
2019-12-30,-0.0007331378299119118,-0.0006127450980392135
2019-12-31,-0.011005135730007831,-0.011853668506029091
2020-01-02,-0.002720079129574504,-0.0020682523267838704
2020-01-03,0.042896107116290993,0.035647668393782306
2020-01-06,0.04065620542082704,0.019011406844106515
2020-01-07,-0.03175691112634249,-0.013747054202670861
2020-01-08,0.013921661160925192,0.011748307447232209
2020-01-09,-0.061903653711892326,-0.05235189923243455
2020-01-10,-0.0059538576035719215,-0.004984423676012373
2020-01-13,-0.005490391814325091,-0.004591943226883832
2020-01-14,-0.02885821831869506,-0.024114070035646917
2020-01-15,-0.005426356589147585,-0.004512247529007252
2020-01-16,0.00077942322681257,0.0006475285991798252
2020-01-17,0.0010384215991690038,0.0008628127696288512
2020-01-20,0.005186721991701226,0.004310344827586299
2020-01-21,-0.013157894736841813,-0.010944206008583701
2020-01-22,-0.0028758169934643973,-0.0023866348448686736
2020-01-23,-0.03303618248557916,-0.02740321879077867
2020-02-03,-0.08595444685466391,-0.07088550983899822
2020-02-04,-0.05339661821417907,-0.03682310469314087
2020-02-05,-0.003760576621748779,-0.010994502748625679
2020-02-06,0.03177099716892062,0.0336028297119757
2020-02-07,-0.01280487804878061,-0.01026643852358844
2020-02-10,-0.015441630636194525,-0.01234872808100762
2020-02-11,-0.006587202007528603,-0.005251312828207011
2020-02-12,0.017366592990211593,0.013826043237807895
2020-02-13,0.008690254500310246,0.006942722539052815
2020-02-14,0.006461538461538074,0.0051711401132725765
2020-02-17,0.006725771935188085,0.005389514943655138
2020-02-18,-0.013361676283024204,-0.010721247563352798
2020-02-19,0.023084025854108958,0.018472906403940836
2020-02-20,0.018351383874849247,0.014752116082225042
2020-02-21,-0.012407680945347277,-0.010009532888465289
2020-02-24,-0.04546814238707686,-0.03659123736157921
2020-02-25,-0.0028204324663118063,-0.002248875562218866
2020-02-26,-0.05311125078566892,-0.04232406711745562
2020-02-27,-0.042150680384998584,-0.035826359832635934
2020-02-28,-0.05162855162855151,-0.041225928939517154
2020-03-02,0.028863719400803678,0.02347949080622347
2020-03-03,0.030539772727272707,0.02459922609176335
2020-03-04,-0.004824259131633313,-0.008092797410304775
2020-03-05,-0.004847645429363223,0.016317650258362848
2020-03-06,-0.05706332637439093,-0.04388546962804385
2020-03-09,-0.07084870848708458,-0.053736356003358465
2020-03-10,-0.12112787926926116,-0.09020999704229515
2020-03-11,-0.14731134206958874,-0.10598179453836154
2020-03-12,-0.07366189719130878,-0.05054545454545445
2020-03-13,0.034324942791762014,0.02297970126388349
2020-03-16,-0.10453539823008884,-0.07076001497566464
2020-03-17,-0.010500308832612326,-0.006849315068493067
2020-03-18,-0.06866416978776513,-0.03935091277890457
2020-03-19,-0.03217158176943735,-0.029983108108108225
2020-03-20,0.10595567867036038,0.06617326948193303
2020-03-23,-0.016280525986224315,-0.008166598611678233
2020-03-24,0.07065563335455138,0.04693289419514213
2020-03-25,0.026159334126040212,0.019661816751867844
2020-03-26,-0.03302433371958302,-0.023524874662553152
2020-03-27,-0.0185739964050331,-0.01500789889415477
2020-03-30,-0.021978021978021345,-0.014835605453087486
2020-03-31,0.08302122347066132,0.07977207977207978
2020-04-01,-0.017867435158501532,-0.011684885035808557
2020-04-02,0.15727699530516448,0.10221205186880256
2020-04-03,-0.027890466531440117,-0.01903114186851207
2020-04-07,0.07407407407407351,0.050088183421516774
2020-04-08,-0.023797960174842037,-0.016459523009741295
2020-04-09,0.04378109452736356,0.030054644808743314
2020-04-10,-0.05529075309818876,-0.03846153846153855
2020-04-13,-0.024722502522704137,-0.016896551724137843
2020-04-14,-0.022245214692188653,-0.015082427218519823
2020-04-15,-0.033333333333333104,-0.022435897435897467
2020-04-16,-0.0870279146141213,-0.05792349726775947
2020-04-17,-0.029376498800959716,-0.01894818252126851
2020-04-20,-0.06732550957381078,-0.04296413086322415
2020-04-21,-0.09006622516556295,-0.05601317957166396
2020-04-22,-0.1353711790393013,-0.08115183246073299
2020-04-23,0.14225589225589275,0.08024691358024705
2020-04-24,0.021370670596904784,0.015824175824175724
2020-04-27,-0.1024531024531018,-0.06880138468195585
2020-04-28,0.012057877813504758,-0.03996282527881034
2020-04-29,0.08975377283558328,0.08664085188770576
2020-04-30,0.036443148688046545,0.020044543429844186
2020-05-06,0.10478199718706005,0.07598253275109168
2020-05-07,-0.014003819223424863,0.0032467532467532756
2020-05-08,0.005810200129116039,0.005663430420711935
2020-05-11,-0.0224646983311938,-0.021319388576025666
2020-05-12,-0.03676953381483916,-0.020139745170571377
2020-05-13,-0.012951601908656962,0.05411073825503365
2020-05-14,-0.04143646408839774,-0.023875845602865153
2020-05-15,0.10230547550432201,0.057888300040766394
2020-05-18,0.05294117647058827,0.031213872832370093
2020-05-19,-0.0012414649286160984,-0.0007473841554560545
2020-05-20,0.00745804847731546,0.004487658937920802
2020-05-21,0.059222702035780506,0.035740878629932915
2020-05-22,-0.07280139778683736,-0.0449317038102085
2020-05-25,0.03768844221105527,0.022581859239743984
2020-05-26,0.018765133171912973,0.011409642988590374
2020-05-27,-0.011883541295306,-0.00727802037845704
2020-05-28,0.0018039687312083608,0.0010997067448681452
2020-05-29,0.0126050420168069,0.007689491028926909
2020-06-01,0.017190278601066922,0.010537790697674465
2020-06-02,0.002913752913752843,0.001797914419273683
2020-06-03,0.06972690296339334,0.043072505384063264
2020-06-04,-0.05540467137425331,-0.03509979353062642
2020-06-05,0.025876940770557688,0.016048502139800247
2020-06-08,0.06053811659192854,0.03790803790803787
2020-06-09,-0.034355179704016914,-0.02198173824822458
2020-06-10,-0.015873015873015706,-0.010027662517289038
2020-06-11,-0.026696329254727758,-0.016765630457562075
2020-06-12,-0.08571428571428563,-0.05506216696269983
2020-06-15,-0.02687499999999965,-0.020300751879699153
2020-06-16,0.09055876685934483,0.05717574827321559
2020-06-17,0.02591283863368643,0.06932849364791305
2020-06-18,0.0040183696900117916,0.002376103190767198
2020-06-19,0.022870211549456787,0.01354554690145604
2020-06-22,-0.011179429849077716,-0.006682258603407987
2020-06-23,0.007348784624081173,0.0043726875210226
2020-06-24,0.0022446689113353457,0.0013395847287340779
2020-06-29,-0.07446808510638259,-0.04448160535117063
2020-06-30,0.040532365396248826,0.023451172558627942
2020-07-01,0.0052325581395353815,0.0030779753761971396
2020-07-02,0.02834008097165963,0.01670644391408116
2020-07-03,-0.0022497187851516776,-0.0013413816230717357
2020-07-06,0.005073280721533013,0.003022162525184502
2020-07-07,-0.015703869882221277,-0.009373953799799217
2020-07-08,0.015954415954416268,0.009462656302805073
2020-07-09,0.0011217049915868138,0.0006695681285571187
2020-07-10,-0.03809523809523774,-0.022750083640013186
2020-07-13,0.02038439138031456,0.011639849366655186
2020-07-14,-0.017123287671232834,-0.010829103214889946
2020-07-15,0.015098722415795685,0.007868628121792787
2020-07-16,-0.036613272311212586,-0.020027155465037416
2020-07-17,-0.004750593824228377,0.041565639071700744
2020-07-20,-0.04415274463007135,-0.024609245094778798
2020-07-21,0.038077403245942554,0.020797817933855933
2020-07-22,0.011425135297654654,0.006346025384101672
2020-07-23,-0.0011890606420923433,-0.0006637902422833575
2020-07-24,-0.03154761904761938,-0.017602125539687874
2020-07-27,-0.006146281499692652,-0.0033806626098715764
2020-07-28,-0.017934446505874946,-0.009837177747625603
2020-07-29,-0.005037783375314575,-0.0027406646111680644
2020-07-30,-0.0012658227848104664,-0.0006870491240125176
2020-07-31,-0.030418250950570047,-0.016500515641113656
2020-08-03,-0.04183006535947764,-0.022369800768962
2020-08-04,0.01091405184174632,0.005720414730068013
2020-08-05,-0.008771929824561098,-0.004621400639886253
2020-08-06,0.019741320626276204,0.010357142857142732
2020-08-07,-0.00734312416555416,-0.003888299752562663
2020-08-10,0.0168123739071957,0.008871540099361308
2020-08-11,0.006613756613756516,0.003517411185367525
2020-08-12,-0.009198423127463662,-0.0038555906063793
2020-08-13,-0.003978779840848934,-0.005277973258268842
2020-08-14,-0.0066577896138482195,-0.0014149274849662996
2020-08-17,-0.017426273458444386,-0.010981225646475412
2020-08-18,-0.03547066848567548,0.01755014326647575
2020-08-19,0.033239038189533554,0.016543470608940458
2020-08-20,0.0,0.0
2020-08-21,-0.017111567419575535,-0.00865650969529086
2020-08-24,0.01671309192200532,0.008382815228780816
2020-08-25,0.03150684931506853,0.01593349497748542
2020-08-26,0.007304116865869181,0.0037504261847935982
2020-08-27,0.003295978905734964,0.0016983695652172948
2020-08-28,-0.008541392904073297,-0.004408273991183265
2020-08-31,0.029158383035122304,0.014986376021798309
2020-09-01,-0.02060528010302587,-0.010738255033556965
2020-09-02,-0.013806706114398493,-0.0071234735413840955
2020-09-03,-0.04599999999999971,-0.023573624871882415
2020-09-04,-0.011879804332634802,-0.004898530440867854
2020-09-07,-0.0770862800565768,-0.0418424753867791
2020-09-08,-0.023754789272030785,-0.012477064220183354
2020-09-09,-0.15070643642072212,-0.06726124117428478
2020-09-10,-0.004621072088724532,-0.011155378486055856
2020-09-11,-0.038997214484678966,-0.01974214343271541
2020-09-14,0.021256038647342157,0.07685984381422117
2020-09-15,-0.012298959318826408,-0.004961832061068705
2020-09-16,0.09482758620689613,0.037974683544304
2020-09-17,-0.005249343832021136,-0.0022172949002218223
2020-09-18,0.06860158311345699,0.028888888888888964
2020-09-21,-0.009053497942386968,-0.0039596832253420144
2020-09-22,-0.09883720930232509,-0.04300686664257314
2020-09-23,0.0018433179723496007,0.0007552870090634656
2020-09-24,-0.030358785648573527,-0.012452830188679265
2020-09-25,0.04743833017077792,0.01910584638899504
2020-09-28,-0.03985507246376785,-0.01649793775778019
2020-09-29,0.031132075471697496,0.012581014105985666
2020-09-30,-0.09972552607502239,-0.041039156626506146
2020-10-09,0.09959349593495848,0.03847663918335309
2020-10-12,-0.016635859519408047,-0.006427221172022657
2020-10-13,-0.031015037593985495,-0.011796042617960523
2020-10-14,-0.02230843840931085,-0.010011551790527373
2020-10-15,0.03273809523809468,0.012057565149746985
2020-10-16,-0.01440922190201721,0.043043812451960095
2020-10-19,0.0019493177387919225,0.0007369196757556207
2020-10-20,-0.008754863813229319,-0.003313696612665784
2020-10-21,-0.008832188420019427,-0.003324713705208593
2020-10-22,-0.03069306930693083,-0.011489992587101594
2020-10-23,-0.014300306435137577,-0.005249343832020914
2020-10-26,-0.09844559585492196,-0.035808518658122845
2020-10-27,0.006896551724136835,0.0023455824863172214
2020-10-28,-0.050228310502282714,-0.01716068642745705
2020-10-29,-0.17187499999999956,-0.056746031746031766
2020-10-30,-0.20319303338171102,-0.058897770298695806
2020-11-02,-0.04918032786885296,-0.01206973625391139
2020-11-03,0.15900383141762386,0.03755656108597294
2020-11-04,0.14710743801652781,0.03881378107283018
2020-11-05,-0.057636887608068954,-0.016792611251049583
2020-11-06,-0.05351681957186527,-0.014944491887275868
2020-11-09,0.10500807754442598,0.028175119202427323
2020-11-10,0.1593567251461987,0.04595278246205736
2020-11-11,0.11979823455233252,0.03143893591293834
2020-11-12,-0.05518018018017978,-0.01563110590074246
2020-11-13,-0.045292014302741324,-0.01349741961095674
2020-11-16,0.04494382022471921,0.04949698189134821
2020-11-17,-0.01194743130226994,-0.0038343558282208923
2020-11-18,-0.0012091898428056025,-0.0003849114703619039
2020-11-19,0.01452784503631932,0.0046207162110125655
2020-11-20,-0.0035799522673025663,-0.001149865848984133
2020-11-23,0.087425149700598,0.02801227935533368
2020-11-24,0.14867841409691573,0.05039193729003366
2020-11-25,0.08053691275167796,0.029850746268656803
2020-11-26,-0.011535048802129633,-0.00448585231193932
2020-11-27,0.0053859964093359025,0.0020797227036395416
2020-11-30,-0.06696428571428548,-0.02594258042199926
2020-12-01,0.04880382775119574,0.018110795454545414
2020-12-02,-0.023722627737225888,-0.009068712940355605
2020-12-03,0.025233644859812943,0.009503695881731833
2020-12-04,0.08295350957155834,0.031729428172942775
2020-12-07,-0.017676767676767846,-0.006759040216289258
2020-12-08,-0.09168808911739468,-0.0350459339911533
2020-12-09,0.014150943396226356,0.004231311706629048
2020-12-10,-0.021395348837209394,-0.0077247191011236005
2020-12-11,0.05988593155893529,0.020169851380042347
2020-12-14,0.030493273542600674,0.05757891085674638
2020-12-15,-0.03829416884247139,-0.01443096097080998
2020-12-16,0.011764705882353121,0.004326123128119752
2020-12-17,0.11538461538461497,0.04274353876739556
2020-12-18,0.005613472333600544,0.0022243406418811507
2020-12-21,-0.05263157894736803,-0.020925808497146425
2020-12-22,-0.1144781144781144,-0.04404145077720212
2020-12-23,-0.03612167300380231,-0.01287262872628725
2020-12-24,0.15581854043392473,0.05422100205902547
2020-12-25,0.020477815699659008,0.007812500000000222
2020-12-28,-0.025083612040133763,-0.009689922480620172
2020-12-29,-0.013722126929674228,-0.005218525766471083
2020-12-30,0.0008695652173915658,0.0003278688524590567
2020-12-31,-0.02953953084274563,-0.011143887250082085
2021-01-04,0.16472694717994618,0.06098773616175013
2021-01-05,-0.06917755572636419,-0.028116213683224034
2021-01-06,0.10404624277456587,0.04050144648023135
2021-01-07,0.08676140613313388,0.03583565029348179
2021-01-08,0.008258774948382452,0.00357888458097233
2021-01-11,-0.08327645051194554,-0.032095096582466565
2021-01-12,0.08860759493670889,0.03438747313478663
2021-01-13,0.041039671682626455,0.016325319085782164
2021-01-14,-0.051905387647831924,0.0
2021-01-15,-0.02079002079002079,-0.008761682242990676
2021-01-18,-0.04529370134465649,-0.018856806128461967
2021-01-19,0.00963676797627877,0.003903903903903938
2021-01-20,0.0616740088105725,0.025127131319174323
2021-01-21,-0.018672199170124415,-0.007878611030055382
2021-01-22,-0.05426356589147274,-0.022647058823529354
2021-01-25,-0.0014903129657226621,-0.0006018657839301778
2021-01-26,-0.030597014925373256,-0.012345679012345734
2021-01-27,0.05388760585065433,0.021341463414634054
2021-01-28,-0.01241782322863394,-0.0050746268656716165
2021-01-29,0.01257396449704129,0.005100510051005092
2021-02-01,0.009495982468955555,0.00388059701492538
2021-02-02,0.07597684515195358,0.031222123104371002
2021-02-03,0.0020174848688636615,0.0008650519031141446
2021-02-04,0.06979865771812044,0.029962546816479252
2021-02-05,0.0037641154328733606,0.0016783216783218258
2021-02-08,0.03125,0.01117006422786937
2021-02-09,0.05393939393939373,0.038387185860259576
2021-02-10,-0.040253018976423194,-0.012765957446808529
2021-02-18,0.16656680647094046,0.07489224137931028
2021-02-19,-0.05444273240883413,-0.02656641604010035
2021-02-22,0.02064095600217275,0.009783728115345003
2021-02-23,0.11016498137307051,0.052779194288628206
2021-02-24,-0.034036433365292273,-0.017195446839428308
2021-02-25,0.05955334987593042,0.029571217348447476
2021-02-26,-0.05573770491803287,-0.028482527525131696
2021-03-01,0.015376984126984183,0.007637349100763746
2021-03-02,-0.1069858329262332,-0.05354523227383856
2021-03-03,0.03118161925601748,0.01472487729268912
2021-03-04,0.03501326259946924,0.016802443991853266
2021-03-05,0.12403895438236812,0.06059088632949439
2021-03-08,0.08116735066119429,0.04202077431539175
2021-03-09,-0.07886967524251354,-0.04236520163117352
2021-03-10,-0.04899267399267393,-0.025313461083510735
2021-03-11,0.020221473278767332,0.010194174757281571
2021-03-12,0.008022652194431323,0.006246996636232627
2021-03-15,0.02200374531835214,0.02220630372492849
2021-03-16,-0.055428309665597864,-0.028264424199953342
2021-03-17,0.023763336566440252,0.011778846153846168
2021-03-18,-0.044528659403126336,-0.02233309574720832
2021-03-19,-0.1586514625681703,-0.07776427703523692
2021-03-22,0.06246317030053028,0.027931488801054005
2021-03-23,0.0038824181919023815,0.0017944116893104933
2021-03-24,-0.07016574585635338,-0.032497441146366435
2021-03-25,0.030303030303030054,0.013488495107114362
2021-03-26,0.006343713956170838,0.002870563674321591
2021-03-29,0.021203438395415386,0.00962789487379645
2021-03-30,0.05948372615039288,0.027319587628866104
2021-03-31,0.005826271186440524,0.0027596588058202975
2021-04-01,-0.03633491311216408,-0.017262947210407775
2021-04-02,0.08743169398907091,0.04073319755600813
2021-04-06,-0.10402010050251231,-0.050636007827788654
2021-04-07,-0.011777902411665875,-0.005410976552434943
2021-04-08,-0.014188422247446097,-0.006476683937823857
2021-04-09,0.01784686240644806,0.008083441981747042
2021-04-12,-0.021493212669683293,-0.010863942058975784
2021-04-13,0.04797687861271682,0.027196652719665426
2021-04-14,0.03309431880860436,0.01272912423625261
2021-04-15,0.0779498131340095,0.03318250377073895
2021-04-16,0.011391778107973982,0.004379562043795637
2021-04-19,-0.022526934378060526,-0.001211240310077466
2021-04-20,0.01002004008016022,0.004850836769342726
2021-04-21,-0.058531746031746046,-0.028481776490465904
2021-04-22,-0.03793466807165424,-0.0181366459627329
2021-04-23,0.02026286966045987,0.009615384615384581
2021-04-26,-0.013419216317766991,-0.006265664160400974
2021-04-27,0.03210010881392811,0.014880201765447687
2021-04-28,0.030047443331576273,0.014165009940358075
2021-04-29,0.034800409416581024,0.016662582700318396
2021-04-30,0.02571711177052438,0.012533140515787133
2021-05-06,0.039537126325940086,0.019519162104260968
2021-05-07,-0.012059369202226389,-0.006070511323838512
2021-05-10,0.012206572769953183,0.006107587502936385
2021-05-11,-0.04499072356215206,-0.022647676862012633
2021-05-12,0.039339485186983714,0.017200191113234453
2021-05-13,-0.01869158878504673,-0.004697040864255486
2021-05-14,-0.0495238095238093,-0.02241623407267579
2021-05-17,0.06112224448897785,0.03089548636253925
2021-05-18,0.04674220963172804,0.022243034418168994
2021-05-19,-0.06946323861073522,-0.03527256069628959
2021-05-20,-0.049442559379544226,-0.024216524216524205
2021-05-21,-0.05507394186639469,-0.026277372262773713
2021-05-24,0.07447382622773868,0.034482758620689724
2021-05-25,0.055248618784530246,0.02657004830917864
2021-05-26,0.006187529747739173,0.0030588235294117805
2021-05-27,-0.02081362346263016,-0.010321369927281387
2021-05-28,0.03864734299516903,0.018961839298411887
2021-05-31,-0.005116279069767304,-0.0025587345894393376
2021-06-01,0.052360916316035455,0.026119402985074647
2021-06-02,-0.004886717014660258,-0.0025000000000000577
2021-06-03,0.04107142857142865,0.020961494645705292
2021-06-04,-0.012435677530017286,-0.006471769694264773
2021-06-07,-0.010421189752496618,-0.005390835579514808
2021-06-08,0.0008775778850371729,0.0004516711833784104
2021-06-09,0.044717229285401006,0.023024830699774235
2021-06-10,-0.028535459504825833,-0.015004413062665534
2021-06-11,0.03153347732181433,0.01590501792114707
2021-06-15,0.006281407035175768,0.001984564498346053
2021-06-16,0.038285476487723624,0.00902288732394374
2021-06-17,-0.013627254509018139,-0.001308615049073092
2021-06-18,-0.0629825274278748,-0.03385018563005027
2021-06-21,0.040763226366001826,0.021247739602169968
2021-06-22,0.04166666666666652,0.022133687472332797
2021-06-23,0.016799999999999926,0.009094846253789424
2021-06-24,-0.0019669551534224894,-0.0010729613733905241
2021-06-25,0.0031533307055577886,0.0017185821697101034
2021-06-28,-0.009430255402750665,-0.005146901136607429
2021-06-29,-0.030146767155890375,-0.016382841129553682
2021-06-30,0.01104294478527601,0.00591715976331364
2021-07-01,0.0020226537216827545,0.0010893246187364536
2021-07-02,0.03471941865159467,0.018715995647442973
2021-07-05,0.01365587202497065,0.007477034821619322
2021-07-06,0.009622786759045487,0.005301102629346799
2021-07-07,-0.08844834159359516,-0.048934823876819356
2021-07-08,-0.050188205771643624,-0.02661343978709252
2021-07-09,0.025099075297225992,0.012987012987013102
2021-07-12,0.00859106529209619,0.008996851102114345
2021-07-13,0.029386712095400114,0.013597860008916607
2021-07-14,0.03268514687629298,0.013635363976248094
2021-07-15,-0.08774038461538469,-0.04686482968105876
2021-07-16,-0.030303030303030165,-0.01206464830412024
2021-07-19,-0.013134057971014412,-0.014055299539170507
2021-07-20,-0.09453877925653964,-0.03131572797382565
2021-07-21,-0.007095793208312107,-0.003377563329312383
2021-07-22,0.06789178152118391,0.032195594287097506
2021-07-23,0.04875717017208436,0.023921200750469218
2021-07-26,0.011850501367365318,0.005955107650022828
2021-07-27,0.03063063063063054,0.015482695810564717
2021-07-28,0.019667832167832078,0.010089686098654793
2021-07-29,0.010287183883411766,0.005327413984461682
2021-07-30,-0.002969876962240048,-0.0015455950540957941
2021-08-02,-0.012340425531914834,-0.006413091552410433
2021-08-03,-0.06074967686342092,-0.03138215001112843
2021-08-04,0.0055045871559631365,0.0027573529411764053
2021-08-05,-0.0684306569343065,-0.03437213565536201
2021-08-06,0.057786483839373126,0.028001898433792194
2021-08-09,-0.06759259259259232,-0.03370267774699898
2021-08-10,0.02879841112214465,0.013855709507883285
2021-08-11,0.042471042471042386,0.020735155513666337
2021-08-12,-0.01203703703703718,-0.0041551246537396835
2021-08-13,-0.009372071227741308,-0.005331478905887699
2021-08-16,-0.02696310312204342,-0.012118387322302637
2021-08-17,-0.021390374331550888,-0.004482189195564978
2021-08-18,0.012916045702931145,0.0011848341232227888
2021-08-19,-0.08141245708680722,-0.039289940828402425
2021-08-20,-0.0032034169781097743,-0.0014781966001476965
2021-08-23,0.0010712372790573355,0.000493461633358061
2021-08-24,0.09149277688603541,0.042170160295931014
2021-08-25,0.033823529411764586,0.01632749645054421
2021-08-26,0.015173067804646667,0.0074505238649591465
2021-08-27,0.025688930406352117,0.012710885139819661
2021-08-30,0.00045537340619317135,0.00022820629849396035
2021-08-31,0.011379153390987717,0.005703855806525215
2021-09-01,0.025652565256525595,0.012931034482758674
2021-09-02,-0.007459412022816969,-0.0038073908174691695
2021-09-03,0.049513704686118265,0.02517985611510798
2021-09-06,-0.03791069924178603,-0.018640350877192957
2021-09-07,0.03371278458844151,0.02100558659217877
2021-09-08,-0.013130029648454111,-0.006784854453928624
2021-09-09,0.012446351931330257,0.0072719259585720675
2021-09-10,-0.017380245866892574,-0.02143950995405819
2021-09-13,0.054788610871440824,0.02839257768835224
2021-09-14,0.0167689161554192,0.00891304347826094
2021-09-15,0.012872083668543866,0.006895065718595106
2021-09-16,0.025416997617156323,0.01369569869462861
2021-09-17,0.0034856700232379634,0.0018999366687777464
2021-09-22,-0.0027016595908917473,-0.001474926253687392
2021-09-23,0.021284829721362142,0.01160582401350485
2021-09-24,0.03486169003410389,0.019190654985398403
2021-09-27,0.02160380812889051,0.012075317232910221
2021-09-28,0.046953405017921224,0.02649140546006068
2021-09-29,-0.06299212598425197,-0.03624901497241928
2021-09-30,0.019729630982828095,0.011038430089942874
2021-10-08,0.12002866356144737,0.06773150020218366
2021-10-11,0.005438259756877617,0.003597803446316883
2021-10-12,0.0009545020680881144,-0.0009433962264151496
2021-10-13,-0.007946598855689713,-0.010387157695939564
2021-10-14,0.012175584748477908,0.004770992366412319
2021-10-15,0.015827793605571294,0.00512820512820511
2021-10-18,0.02648800249298855,0.026077097505668778
2021-10-19,-0.03825136612021862,-0.023204419889502836
2021-10-20,-0.018939393939393923,-0.011312217194570096
2021-10-21,0.01737451737451723,0.010297482837528626
2021-10-22,-0.03036053130929761,-0.01812004530011313
2021-10-25,0.0424005218525767,0.024990388312187584
2021-10-26,-0.005006257822277926,-0.0030007501875469744
2021-10-27,-0.010377358490566202,-0.006207674943566666
2021-10-28,-0.03431839847473772,-0.02044293015332188
2021-10-29,0.026324448831852587,0.015458937198067568
2021-11-01,-0.016672010259698777,-0.009895337773549118
2021-11-02,0.04727746984023473,0.027868537382279346
2021-11-03,-0.03268991282689915,-0.01963350785340312
2021-11-04,-0.04538139684583187,-0.026893000190730487
2021-11-05,-0.005731625084288594,-0.0033320266562132383
2021-11-08,0.07968802984062395,0.046214355948869246
2021-11-09,-0.02229899497487442,-0.013345864661654216
2021-11-10,0.04208159331834249,0.024957134692322303
2021-11-11,-0.05363748458692963,-0.03475836431226775
2021-11-12,-0.01433224755700313,-0.008858078182168105
2021-11-15,-0.0234633179114343,-0.012823003691470825
2021-11-16,0.039255499153976414,0.01948435347372568
2021-11-17,-0.018560729404103027,0.0019305019305020377
2021-11-18,-0.06801592568015924,-0.05606936416184971
2021-11-19,0.05838376646493426,0.0334762196366607
2021-11-22,-0.06323578876555669,-0.03713213509776814
2021-11-23,0.013285457809694812,0.007589743589743625
2021-11-24,0.07866761162296232,0.045195439739413645
2021-11-25,-0.01412614980289073,-0.008375535644721377
2021-11-26,-0.042652449183605445,-0.02514240817128266
2021-11-29,-0.07901148625130516,-0.04573846463832354
2021-11-30,-0.09750566893424029,-0.054476351351351426
2021-12-01,0.015075376884421843,0.008039303260384045
2021-12-02,-0.04249174917491727,-0.02281789986708005
2021-12-03,0.024127531236535882,0.012695533892541189
2021-12-06,0.018510727808161542,0.010073875083948858
2021-12-07,0.051631557207765244,0.027925531914893664
2021-12-08,0.0353495679497251,0.02069857697283295
2021-12-09,0.019347496206373327,0.009083227714406394
2021-12-10,-0.03907703758838854,-0.026585723257274374
2021-12-13,0.06429124709527478,0.04516129032258065
2021-12-14,-0.04330422125181943,-0.034979423868312765
2021-12-15,-0.03423354887790031,-0.019189765458422214
2021-12-16,0.041354864119732104,0.022826086956521774
2021-12-17,-0.004916792738275388,-0.0027630180658874126
2021-12-20,-0.07107563664006067,-0.03985507246376807
2021-12-21,0.015957446808510634,0.008657047724750289
2021-12-22,0.04510672573499819,0.02464788732394374
2021-12-23,0.026974951830443183,0.015034364261168331
2021-12-24,0.022514071294559068,0.012695725772323252
2021-12-27,-0.02091743119266065,-0.011909736732135467
2021-12-28,0.0790854572713644,0.04334954535842672
2021-12-29,-0.002084056964223757,0.0
2021-12-30,0.018099547511312375,0.0068909606809890445
2021-12-31,0.0013675213675212738,0.004428341384863144
2022-01-04,-0.01672925913280976,-0.009819639278557113
2022-01-05,0.02951388888888884,0.017607771706132258
2022-01-06,-0.0023608768971331573,-0.0035799522673031214
2022-01-07,0.0594996619337389,0.036726546906187485
2022-01-10,-0.025845564773452456,-0.014247208317289095
2022-01-11,-0.011136586963642281,-0.014453124999999956
2022-01-12,0.04140443855581322,0.027348394768133
2022-01-13,0.018129770992366456,0.01099537037037046
2022-01-14,0.009059668853483194,0.0055332951726769775
2022-01-17,0.02414860681114539,0.014800759013282594
2022-01-18,0.025997581620314403,0.01608077786088269
2022-01-19,0.003535651149086716,0.0022083179977918643
2022-01-20,0.0023487962419259656,0.0014689680499448965
2022-01-21,-0.026362038664323406,-0.01650165016501648
2022-01-24,0.022262334536702788,0.013795674869500285
2022-01-25,-0.029429075927015824,-0.018389113644722288
2022-01-26,0.016070345664038976,0.009928812289247135
2022-01-27,0.010444643390032926,0.006492301984789561
2022-01-28,-0.023922031896042584,-0.014928123848138686
2022-02-07,0.09803328290468971,0.06061739943872779
2022-02-08,-0.023422430421603746,-0.014993826071617589
2022-02-09,-0.037528216704289075,-0.025071633237822355
2022-02-10,0.01524479624743491,0.009735488611315235
2022-02-11,-0.011550678602367914,-0.0065490267418591985
2022-02-14,0.07829389424481437,0.056216810108038695
2022-02-15,0.00243836358710392,0.0015603328710125375
2022-02-16,-0.042162162162162176,-0.0270036351047257
2022-02-17,0.010722347629796625,0.006760362924746355
2022-02-18,0.003908431044109317,0.002473935324262211
2022-02-21,0.006117908787541815,0.0038780186849991516
2022-02-22,0.07573244886677721,0.04811237928007017
2022-02-23,-0.017728674203494332,-0.01155972524711002
2022-02-24,0.08056500130787314,0.05220338983050832
2022-02-25,-0.020576131687242816,-0.013692010309278357
2022-02-28,0.021997034107760882,0.014535358484403238
2022-03-01,0.003869407496976729,0.0025756600128781226
2022-03-02,0.09901228619609737,0.06599229287090558
2022-03-03,0.1227531784305127,0.08435005271878304
2022-03-04,-0.052128074970714255,-0.03708848451173763
2022-03-07,0.1404737384140058,0.09838430467397563
2022-03-08,0.042622358677984806,0.03099553454163395
2022-03-09,0.03741555517062167,0.02751592356687893
2022-03-10,-0.17749206879278667,-0.13178775105380613
2022-03-11,-0.03511977263499799,-0.024703698414965003
2022-03-14,-0.0006311803071745725,0.0007320644216690653
2022-03-15,-0.10884210526315774,-0.08105340160936358
2022-03-16,0.02693125442948263,0.007642095207769373
2022-03-17,-0.02806533241315856,-0.021330383946911002
2022-03-18,0.12331360946745562,0.09137875363254766
2022-03-21,0.004424778761062065,0.00014792899408289095
2022-03-22,0.07740717432347388,0.054577725188581505
2022-03-23,-0.027258566978193177,-0.019495091164095313
2022-03-24,0.04803843074459557,0.03418681161493353
2022-03-25,-0.0007639419404127379,-0.0005532503457814641
2022-03-28,-0.03383027522935789,-0.024494879601439257
2022-03-29,-0.053610286844708144,-0.03844516952759258
2022-03-30,0.02696488294314392,0.019032162879905723
2022-03-31,-0.03175249338489727,-0.02258578253945276
2022-04-01,-0.05549716207693922,-0.03910531773070658
2022-04-06,0.06320943690184722,0.04377986742716189
2022-04-07,-0.10131881934268361,-0.07148131738295671
2022-04-08,-0.0072210575355230455,-0.0049308096071258856
2022-04-11,-0.0035194744251525467,-0.0015984654731457937
2022-04-12,0.02613609606781253,0.01729106628242061
2022-04-13,0.032813217072051204,0.02376455775889208
2022-04-14,0.03265940902021791,0.023827824750192184
2022-04-15,0.05636833046471601,0.03633633633633648
2022-04-18,0.00773930753564156,0.007968704723268605
2022-04-19,-0.003233629749394007,0.00028748023573377246
2022-04-20,-0.03913219789132172,-0.027733869808880485
2022-04-21,0.012238868959695948,0.008572273130357688
2022-04-22,-0.01751094434021261,-0.012309495896834721
2022-04-25,-0.08232548270740492,-0.05756676557863494
2022-04-26,0.015953757225433574,0.010862720403022719
2022-04-27,0.05143377332726451,0.035197009811555935
2022-04-28,-0.02575757575757598,-0.017902813299232823
2022-04-29,0.04576760719840034,0.03155637254901955
2022-05-05,0.04185256001699611,0.029254529254529427
2022-05-06,0.0093800978792824,0.006636848939546969
2022-05-09,0.010101010101010166,0.007166403898523743
2022-05-10,-0.09060000000000024,-0.06446563256012527
2022-05-11,0.008357158566087763,0.005780346820809301
2022-05-12,0.032497273718647746,0.026467029643073126
2022-05-13,0.03971271651880026,0.017533519964638256
2022-05-16,0.006298252742787502,0.01723139299160148
2022-05-17,0.046032707450030186,0.039003558718861076
2022-05-18,-0.03667245705462263,-0.02493492259213581
2022-05-19,-0.019234622320176253,-0.024307994941689004
2022-05-20,0.007150153217569066,0.00504032258064524
2022-05-23,0.016430020283975555,0.011606247313368678
2022-05-24,-0.04031131510676511,-0.02861189801699726
2022-05-25,0.049074651694739124,0.034412365121026633
2022-05-26,0.01090188305252715,0.00775303073019451
2022-05-27,0.030196078431372175,0.021541474332074317
2022-05-30,0.008564902931100127,0.006161851293988718
2022-05-31,0.042272126816380595,0.030484485574306053
2022-06-01,-0.04037660691653078,-0.02945060750132078
2022-06-02,-0.03849056603773604,-0.027758878759014838
2022-06-06,0.07005494505494503,0.04996501049685098
2022-06-07,0.006785255822483016,0.004932018128499083
2022-06-08,0.007468123861566367,0.005438387053986027
2022-06-09,0.021876694991864287,0.01596306068601594
2022-06-10,-0.0038924274593065133,-0.0028567718478120785
2022-06-13,-0.026820603907637852,-0.018752441724182778
2022-06-14,0.03522540609600289,0.02826808228268085
2022-06-15,-0.0319111424541606,-0.02168301497160552
2022-06-16,-0.01748315425241287,-0.01662269129287597
2022-06-17,-0.004633920296570948,-0.00992755567480541
2022-06-20,-0.0851024208566109,-0.061111111111111116
2022-06-21,0.03114186851211076,0.02208110838504851
2022-06-22,-0.0479668377418081,-0.03431234114656889
2022-06-23,0.021770682148040787,0.01535312180143289
2022-06-24,-0.039163961038961026,-0.027793778801843305
2022-06-27,0.053643083421330395,0.037624055695452574
2022-06-28,0.05431950290639431,0.0386866523911491
2022-06-29,0.00019011406844082757,0.00013743815283118188
2022-06-30,-0.013495533168598972,-0.009756767898859486
2022-07-01,-0.046242774566473965,-0.033305578684429626
2022-07-04,0.04101010101010094,0.029141544645420625
2022-07-05,0.011837764409081908,0.008508857581252638
2022-07-06,-0.09014192558496337,-0.06500691562932226
2022-07-07,-0.07103709949409787,-0.049852071005917264
2022-07-08,0.0812343998184708,0.05573719445741876
2022-07-11,0.01364113326337879,0.0032443592390500875
2022-07-12,-0.009937888198757627,-0.004262825224165767
2022-07-13,-0.04851526557925556,-0.027900797165633318
2022-07-14,-0.029010989010989086,-0.01245254365983306
2022-07-15,-0.031914893617021045,-0.003536829155774135
2022-07-18,0.10240823006780442,0.05401234567901225
2022-07-19,0.010816542948038244,-0.029136163982430463
2022-07-20,-0.0018883759966428215,-0.0013572613482129015
2022-07-21,-0.00525541307546773,-0.003775294472968871
2022-07-22,0.00042265426880794266,0.00030316810671515704
2022-07-25,-0.042881284326151126,-0.030762236702530643
2022-07-26,0.08585301258000433,0.06081926203877419
2022-07-27,-0.03780487804878052,-0.027413411938098764
2022-07-28,0.06506125897760895,0.04667373844521916
2022-07-29,-0.00813169377231282,-0.005936006949471606
2022-08-01,0.010997800439912053,0.008010486454995691
2022-08-02,-0.021954113924050445,-0.01603814477676635
2022-08-03,-0.0064711830131447545,-0.00469897209985326
2022-08-04,-0.040911866476694314,-0.029654765417527207
2022-08-05,-0.009974533106961059,-0.0071461152501141045
2022-08-08,0.02615219721329054,0.018683001531393684
2022-08-09,0.012742845205765407,0.00917017438364387
2022-08-10,0.008663366336633782,0.006256517205422307
2022-08-11,0.03190184049079736,0.023094004441154725
2022-08-12,0.02397938961553736,0.018087107509767053
2022-08-15,-0.01780530288368498,-0.00909607731665718
2022-08-16,-0.013399014778325058,-0.013769363166953541
2022-08-17,0.0033952466546831594,-0.03519488074461907
2022-08-18,0.03125,0.023665963219776875
2022-08-19,0.026249758733835504,0.020026505669268113
2022-08-22,0.012413014858002391,0.009527934170636465
2022-08-23,0.02507895225710577,0.019305019305019266
2022-08-24,0.038600942370423885,0.029882154882155065
2022-08-25,0.019368347583319068,0.015120555782590861
2022-08-26,-0.008901061280383482,-0.006977992485238893
2022-08-29,-0.01813471502590669,-0.01418918918918921
2022-08-30,0.01266490765171513,0.009869773817683392
2022-08-31,-0.03508771929824572,-0.02741957377494242
2022-09-01,-0.03168316831683193,-0.02456385205861833
2022-09-02,-0.006506785647889979,-0.005007869509228824
2022-09-05,0.021706586826347518,0.01222318090307728
2022-09-06,-0.0023809523809522615,-0.0005682625372921413
2022-09-07,-0.03818615751790011,-0.027576403695806606
2022-09-08,-0.047337278106508784,-0.028066072211665016
2022-09-09,0.010819475055099392,0.010678297488344146
2022-09-13,0.04440039643211069,0.04747023809523809
2022-09-14,-0.005314101347504208,-0.08154567410143487
2022-09-15,0.05609616485403568,0.045475638051044154
2022-09-16,-0.022402890695573774,-0.01834590915815948
2022-09-19,-0.05322491221585646,-0.04340617935192159
2022-09-20,0.01444466133125144,0.011659051520403363
2022-09-21,0.03444294785453117,0.02787727768260395
2022-09-22,-0.014694940476190244,-0.011969696969696964
2022-09-23,-0.0018878610534264206,-0.0015335071308081316
2022-09-26,-0.0771704180064311,-0.06266318537859017
2022-09-27,-0.0030744004919041057,-0.0024578076355890044
2022-09-28,-0.0006167763157893802,-0.0004927726675426625
2022-09-29,0.04608105328121792,0.036811832374691766
2022-09-30,0.0068829891838742,0.005547630369313605
2022-10-10,0.1318359375,0.10639974779319039
2022-10-11,-0.011389128559102901,-0.009403048867360098
2022-10-12,-0.01832780589980798,-0.006328203653099385
2022-10-13,-0.015469416785206302,-0.008105369807497542
2022-10-14,0.02239479862741578,0.0070042317233329765
2022-10-17,-0.02278749337572883,-0.027677148239385607
2022-10-18,0.008496023138105713,0.007004470938897223
2022-10-19,-0.023480910557447388,-0.01938730205712602
2022-10-20,0.01798825256975034,0.014790220344098826
2022-10-21,-0.015146051208078104,-0.012492563950029734
2022-10-24,0.004027828634199926,0.003313253012048323
2022-10-25,0.012582056892779248,0.010357250075052393
2022-10-26,-0.011525301638753982,-0.009508245431585127
2022-10-27,0.022226270723264774,0.01829908504574762
2022-10-28,0.010158617002316905,0.008395934600088362
2022-10-31,-0.00846859562455926,-0.007011393514461117
2022-11-01,0.022419928825623048,0.018534863195057483
2022-11-02,0.010616080751827184,0.0088099364529175
2022-11-03,0.005682796624763231,0.0047244094488188
2022-11-04,0.014897260273972757,0.012396694214876103
2022-11-07,0.007423654462628715,0.0061928219563687215
2022-11-08,-0.00033495226930169153,-0.0002797594069099407
2022-11-09,-0.04154799798961295,-0.03469987407303776
2022-11-10,-0.03356056633455695,-0.027830120307290818
2022-11-11,0.016458672454331857,0.009691367228269021
2022-11-14,-0.024021352313167266,-0.01786769049025405
2022-11-15,-0.02351868732907947,-0.023154412870245
2022-11-16,-0.011202389843166571,-0.014622133292288786
2022-11-17,-0.021336858006042236,-0.017650734145579605
2022-11-18,-0.020837352884429783,-0.017172841469231925
2022-11-21,-0.035270935960591165,-0.02895971525643093
2022-11-22,-0.01368464052287588,-0.01116294568477183
2022-11-23,0.007247877407330794,0.005897219882055493
2022-11-24,-0.05530427631578938,-0.04505862646566161
2022-11-25,0.005440696409140466,0.004385195579722945
2022-11-28,-0.05281385281385276,-0.04261264407963672
2022-11-29,0.05804387568555747,0.04633345494345131
2022-11-30,-0.006479481641468721,-0.005230125523012608
2022-12-01,0.003043478260869481,0.002453557658604888
2022-12-02,0.0010836584308626662,0.0008741258741258306
2022-12-05,-0.02944360251136613,-0.02427947598253266
2022-12-06,-0.030782957840731484,-0.025778732545649774
2022-12-07,-0.06559263521288838,-0.05365674384417507
2022-12-08,-0.0071428571428571175,-0.00640776699029133
2022-12-09,-0.026296204415777735,-0.020910689857338238
2022-12-12,-0.0010191082802549767,-0.00339321357285427
2022-12-13,0.05151747003315488,0.056278790306429016
2022-12-14,0.004850836769342726,0.003792188092529347
2022-12-15,0.018102824040550303,0.014166981488477504
2022-12-16,-0.0016595542911330696,-0.0013037809647977738
2022-12-19,-0.006411778674899171,-0.005035434539351069
2022-12-20,0.005258126195028856,0.004123711340206171
2022-12-21,0.015691868758915595,0.012320328542094305
2022-12-22,0.009597378277153679,0.007560390927531024
2022-12-23,-0.00463714351959188,-0.0036603221083455484
2022-12-26,0.034940600978336844,0.027553269654665646
2022-12-27,0.015755120414134627,0.012513407222023654
2022-12-28,-0.01573232882783071,-0.011829096045197662
2022-12-29,-0.01328230526789731,-0.013400035733428628
2022-12-30,0.025096965548710992,0.019195943498732104
2023-01-03,0.00645448475406174,0.00764036958066816
2023-01-04,-0.06634232640424587,-0.05131370128725099
2023-01-05,-0.04263382283278061,-0.02583643122676571
2023-01-06,0.011627906976743985,0.008967754245372994
2023-01-09,-0.006113964294448548,-0.004727685325264797
2023-01-10,-0.01033464566929121,-0.007980239407182066
2023-01-11,-0.0057185479860767385,-0.00440528634361248
2023-01-12,0.02750687671917973,0.021161985378991943
2023-01-13,0.017522511559990406,0.013564431047475622
2023-01-16,0.01028462090408988,0.007992565055761958
2023-01-17,0.011837121212121104,0.009219988936013168
2023-01-18,0.03790360318203101,0.029599853827882328
2023-01-19,-0.03201082055906235,-0.025199645075421606
2023-01-20,0.034000931532370826,0.026579282723466324
2023-01-30,-0.025900900900900914,-0.020393686823904966
2023-01-31,-0.027514450867051954,-0.021542360608254874
2023-02-01,0.025915359010936667,0.020166512488436483
2023-02-02,-0.03986095017381208,-0.031193326079071326
2023-02-03,-0.0055515327057689134,-0.004305503556720436
2023-02-06,-0.03228155339805816,-0.025004700131603608
2023-02-07,0.0293453724604964,0.02256074045507117
2023-02-08,0.03484405458089679,0.026965868376390922
2023-02-09,0.019778667294560792,0.018729342636797597
2023-02-10,-0.009235742322789231,-0.0014419610670510785
2023-02-13,0.015614075972966823,0.016245487364620947
2023-02-14,0.024552547039926376,0.0069271758436944
2023-02-15,-0.010302351623740269,-0.00811430587405193
2023-02-16,0.02692916949536106,0.021163080206295648
2023-02-17,-0.021815777875716313,-0.017241379310344973
2023-02-20,-0.017346249155214988,-0.013645224171539794
2023-02-21,-0.01971572673085742,-0.015450952209845492
2023-02-22,-0.004677268475210439,-0.0036496350364964014
2023-02-23,-0.026080827067669232,-0.02032967032967037
2023-02-24,0.04101326899879365,0.03178164142830431
2023-02-27,-0.009269988412514474,-0.007247689798876578
2023-02-28,0.0007017543859650921,0.0005475451724767932
2023-03-01,0.021972884525479186,0.01714702663261569
2023-03-02,0.003202195791399687,0.002510760401721601
2023-03-03,0.021203830369356913,0.01663685152057237
2023-03-06,0.005135074793480854,0.004047158191096356
2023-03-07,0.027099067081296946,0.02138100245355745
2023-03-08,-0.039143598615916764,-0.031056966369251704
2023-03-09,-0.009002925950934104,-0.007083407118824159
2023-03-10,-0.03338632750397463,-0.02621722846441954
2023-03-13,0.017622180451127845,0.012087912087912045
2023-03-14,-0.05310551835603783,-0.041802388707926186
2023-03-15,-0.014142891977566352,-0.013031161473087804
2023-03-16,-0.067276774672273,-0.05510907003444321
2023-03-17,0.010872447626624204,0.009518023491291938
2023-03-20,-0.05613850996852032,-0.034102306920762326
2023-03-21,0.03140633685380778,0.023468328141225347
2023-03-22,0.028833198598760434,0.021712662337662225
2023-03-23,0.009167103195390158,0.006951340615690249
2023-03-24,0.0025953802232026035,0.0019723865877712132
2023-03-27,-0.0007765984985762531,-0.0005905511811024056
2023-03-28,0.031088082901554515,0.02363600551506817
2023-03-29,0.01633165829145722,0.012507215701366148
2023-03-30,-0.00716934487021037,-0.00551121246674291
2023-03-31,0.010209163346613703,0.007834893942289423
2023-04-03,0.10426423465614998,0.08020477815699678
2023-04-04,0.030580357142856895,0.02404774442689117
2023-04-06,0.0017327268789257833,0.0013712718546452507
2023-04-07,0.016864864864864826,0.013351591920575112
2023-04-10,-0.011056772273017046,-0.006925675675675702
2023-04-11,0.0012900451515800437,0.0011906786868516317
2023-04-12,0.010736525660296259,0.008834522595990268
2023-04-13,0.01614616528574464,0.012125294712024282
2023-04-14,-0.010662763955676446,-0.007986688851913448
2023-04-17,0.006128486897717833,0.008554176450855211
2023-04-18,-0.01281243436252888,-0.023615499750540336
2023-04-19,-0.013404255319149128,-0.01073071027082284
2023-04-20,-0.029760621091222683,-0.023760330578512345
2023-04-21,-0.028450766837074815,-0.022574955908289174
2023-04-24,-0.000686341798215695,-0.0005413208228077782
2023-04-25,0.03205128205128194,0.02527532045495584
2023-04-26,-0.024401064773735603,-0.019369607325233296
2023-04-27,-0.07003183265120494,-0.05530615909499004
2023-04-28,0.013691931540342317,0.01064436418931769
2023-05-04,-0.08393632416787278,-0.06545044197855943
2023-05-05,-0.004739336492890822,-0.0036224592473333983
2023-05-08,0.04973544973544963,0.03797212684306195
2023-05-09,0.004284274193548487,0.003308036582992946
2023-05-10,0.009535759096612084,0.007370054305663176
2023-05-11,-0.015908525975639964,-0.012321909896033878
2023-05-12,-0.042940136398080475,-0.035477582846003886
2023-05-15,-0.0007917656373713777,-0.0008084074373484462
2023-05-16,0.02086634970945589,0.01860841423948223
2023-05-17,-0.010866752910737354,-0.011119936457505974
2023-05-18,0.042898247449646876,0.04016064257028118
2023-05-19,0.014798093804865742,0.01138996138996129
2023-05-22,-0.04176964903608493,-0.032258064516129004
2023-05-23,0.021924168171266523,0.0167652859960552
2023-05-24,0.029025744573447643,0.022308438409311293
2023-05-25,0.011037527593819041,0.008538899430740043
2023-05-26,-0.023289665211062682,-0.01806208842897461
2023-05-29,0.0253353204172877,0.019543973941368087
2023-05-30,-0.005813953488371992,-0.004510430370231133
2023-05-31,-0.06286549707602351,-0.04870681517840303
2023-06-01,0.005200208008320439,0.00396904147648347
2023-06-02,0.032074495602689934,0.024510772880015796
2023-06-05,0.023809523809523725,0.018329153000193
2023-06-06,-0.006854345165238529,-0.0053050397877982824
2023-06-07,-0.0032043381809216953,-0.0024761904761904097
2023-06-08,0.029426310583580584,0.022722932976895205
2023-06-09,-0.024261349987989456,-0.018857356235997047
2023-06-12,-0.021910388970950212,-0.020932445290199775
2023-06-13,-0.015353637050088187,-0.012827988338192431
2023-06-14,0.04268916155419222,0.03248670998227987
2023-06-15,-0.02206423142927183,-0.016018306636155555
2023-06-16,0.03384306843820495,0.02926356589147283
2023-06-19,-0.0029097963142581396,-0.0022594614950104397
2023-06-20,0.01191634241245132,0.009247027741083214
2023-06-21,0.0394136024993994,0.030665669409125185
2023-06-26,-0.018265895953757383,-0.014332365747460218
2023-06-27,-0.0002355157795570495,-0.00018406037180174195
2023-06-28,-0.02167255594817441,-0.016936671575846884
2023-06-29,0.02070792198410798,0.01610486891385765
2023-06-30,0.008256664307619621,0.006450423884998058
2023-07-03,0.010528778661675231,0.008240249038637515
2023-07-04,-0.003704561241028026,-0.002905920813657814
2023-07-05,0.009295840111550158,0.007285974499089187
2023-07-06,0.011282523601197303,0.008860759493670933
2023-07-07,0.006602914389799652,0.005198064169205985
2023-07-10,0.014476362813843124,0.011412268188302654
2023-07-11,0.0008918617614268598,0.000705218617771397
2023-07-12,0.017821341055914486,0.011804087385482553
2023-07-13,0.011599912453490901,0.009925126240640791
2023-07-14,0.009086975335352854,0.011206896551724244
2023-07-17,-0.02530017152658648,-0.016709292412617094
2023-07-18,0.0019797624285085025,-0.005375411825906062
2023-07-19,0.0228320526893524,0.018131101813110062
2023-07-20,-0.0006439150032194751,-0.0005136986301369495
2023-07-21,0.01095360824742242,0.008737365084803717
2023-07-24,0.0016995963458679153,0.0013586956521740579
2023-07-25,0.025238600212089013,0.020183175033921197
2023-07-26,0.0024824162184526877,0.001995012468827939
2023-07-27,0.0010317787866280792,0.0008296001327359193
2023-07-28,0.008658008658008587,0.006962864721485218
2023-07-31,0.006948702227671966,0.005597629239380897
2023-08-01,0.017657803937487504,0.014243614931237714
2023-08-02,0.010969285999202327,0.008878127522195411
2023-08-03,-0.03846912606036679,-0.031200000000000006
2023-08-04,0.034058268362741284,0.027415359207266787
2023-08-07,0.013095238095237827,0.010609226812409611
2023-08-08,-0.014296905601253296,-0.01161126133290924
2023-08-09,0.01967017683290262,0.015931766977792083
2023-08-10,0.017342166796570746,0.014097893236179493
2023-08-11,0.003830683777054311,0.003124023742580473
2023-08-14,0.005342491890860446,0.022578635938959923
2023-08-15,0.03074587208198909,0.009441145119536865
2023-08-16,-0.022095378383354847,-0.013124151455724764
2023-08-17,-0.0020711730370926995,0.0003057169061448928
2023-08-18,0.002452830188679256,-0.023991442542787178
2023-08-21,0.026726896292113667,0.022232660090809375
2023-08-22,-0.023464711274060357,-0.019604839944861285
2023-08-23,-0.013140604467805517,-0.010935791282612128
2023-08-24,-0.01902225603956631,-0.01579529300268523
2023-08-25,0.017452006980802848,0.014443909484833872
2023-08-28,0.009910425004764356,0.007910140800506227
2023-08-29,-0.006605019815059454,-0.00517972060900973
2023-08-30,0.0203267477203648,0.01688229725465451
2023-08-31,-0.0020480357475328725,-0.0017067494181536302
2023-09-01,0.019962686567164267,0.016630400994715577
2023-09-04,0.019571977318455946,0.01635835499159133
2023-09-05,0.009687836383207804,0.008122743682310585
2023-09-06,0.029140014214641186,0.02447030737093403
2023-09-07,0.0088052486187844,0.007427905621905095
2023-09-08,-0.0018825945575901004,-0.0015902848055515673
2023-09-11,-0.00462962962962965,-0.006081668114682914
2023-09-12,0.01826012058570181,0.014568764568764658
2023-09-13,0.018947724581289238,0.016513497989661063
2023-09-14,0.007471359787481369,0.02881762960870171
2023-09-15,0.007580751483190262,0.010297954139777632
2023-09-18,-0.0009813542688908994,0.010736613210111656
2023-09-19,-0.008349705304518507,-0.059298104074223534
2023-09-20,-0.014693742776952456,-0.012721555174385335
2023-09-21,-0.009215817694369965,-0.00796293615173016
2023-09-22,0.017757483510908223,0.01532399299474596
2023-09-25,-0.005815885676304422,-0.005030904125341351
2023-09-26,-0.016546882834698406,-0.014302224790523121
2023-09-27,0.032290958531611125,0.02784698812838937
2023-09-28,0.025847876193612285,0.02238699557963786
2023-10-09,-0.09661370566522232,-0.08396094839609491
2023-10-10,0.0007106057914374464,0.0006090133982949997
2023-10-11,0.009231315462453482,0.00791235544735236
2023-10-12,-0.019700967458223473,-0.021135265700483075
2023-10-13,0.015431544948860454,0.012800740283775536
2023-10-16,0.04241031984449539,0.032891731384193656
2023-10-17,-0.007289371079843954,-0.006044523072386676
2023-10-18,0.022711748633879703,0.02061702758825268
2023-10-19,0.0025045917515444938,-0.00683040255776779
2023-10-20,0.020652898067954784,0.018144571261340392
2023-10-23,-0.01664490861618806,-0.014659384880712722
2023-10-24,-0.01393959508795195,-0.01225204200700114
2023-10-25,-0.0265903736115789,-0.02333136444181938
2023-10-26,0.012102351313969528,0.010583610523132725
2023-10-27,0.0027331738981895004,0.002393776181927043
2023-10-30,-0.004770017035775065,-0.004179104477611828
2023-10-31,-0.02293735022252663,-0.020083932853717124
2023-11-01,-0.012789067974772195,-0.011165494034872991
2023-11-02,0.004436557231588312,0.003866976024748725
2023-11-03,0.013780918727915203,0.012018489984591652
2023-11-06,-0.01917044266294876,-0.01674786845310594
2023-11-07,-0.04051172707889117,-0.03530504800247747
2023-11-08,-0.02796296296296319,-0.02423756019261636
2023-11-09,-0.02533815964945696,-0.021878598453693
2023-11-10,0.00390930414386248,0.0033636057854018464
2023-11-13,0.0001947040498444519,-0.0031847133757961776
2023-11-14,0.018882616313022904,0.016815200941651343
2023-11-15,-0.0021016431027892635,-0.0026459401356044854
2023-11-16,-0.026038675090943708,-0.024042447355330787
2023-11-17,-0.05111067426774141,-0.04485219164118248
2023-11-20,0.04267661073130302,0.04357879758093208
2023-11-21,0.0015895092390223464,0.0013635588886993233
2023-11-22,0.007339813529061878,0.00629787234042567
2023-11-23,-0.02402520677432063,-0.02063599458728016
2023-11-24,0.009281678773204405,0.00794473229706405
2023-11-27,-0.024190323870451946,-0.02073337902673067
2023-11-28,-0.0006146281499691542,-0.0005249343832020026
2023-11-29,0.015170151701517032,0.012955182072829086
2023-11-30,0.021809369951534707,0.018665744901486203
2023-12-01,-0.03893280632411067,-0.03342382083474704
2023-12-04,-0.03392967304133243,-0.02896261190100058
2023-12-05,0.004044274159216599,0.0034345625451914774
2023-12-06,-0.002119991520033948,-0.001801477211313296
2023-12-07,-0.03972806458466116,-0.03374842086266028
2023-12-08,0.02898230088495568,0.02446768771012331
2023-12-11,0.016125564394753766,0.013855970829535158
2023-12-12,-0.0006347862886160183,-0.0026973565905412666
2023-12-13,-0.07050603430023272,-0.06040389469888208
2023-12-14,0.0205011389521641,0.01631164843600086
2023-12-15,0.03214285714285703,0.027001510574018006
2023-12-18,0.011894463667819988,0.015076300790586528
2023-12-19,0.00790767257961078,0.0067016844774496764
2023-12-20,0.01526717557251911,0.012954300107952621
2023-12-21,0.00417710944026739,0.003552397868561208
2023-12-22,0.0033277870216306127,0.002831858407079668
2023-12-25,-0.02674129353233823,-0.022767384398164503
2023-12-26,0.011075612353567577,0.009391367166335485
2023-12-27,0.03349483884558668,0.028448738593666034
2023-12-28,-0.021402364451691747,-0.018267223382045894
2023-12-29,-0.04499062695271794,-0.038277511961722355
2024-01-02,0.028353326063249806,0.023954302561267626
2024-01-03,-0.036267232237539804,-0.030771999280187146
2024-01-04,0.04731514084507049,0.03991830672112884
2024-01-05,-0.01554948518596333,-0.013211926441706767
2024-01-08,-0.005336179295624355,-0.004523249502442539
2024-01-09,-0.021888412017167513,-0.01853871319520184
2024-01-10,0.03971039929793774,0.0335185185185185
2024-01-11,-0.002954209748892156,-0.002508511019530535
2024-01-12,0.02497354497354487,0.023890784982935065
2024-01-15,-0.023126161470162998,-0.025263157894736765
2024-01-16,0.0016909744240116709,0.0008999280057595538
2024-01-17,-0.007807554336357936,-0.006473655817299084
2024-01-18,0.008507018290089263,0.005972850678732877
2024-01-19,0.012652889076339102,0.018891687657430767
2024-01-22,-0.013327780091628383,-0.01130143033727704
2024-01-23,0.02321654706627263,0.01964636542239684
2024-01-24,-0.0026815181518150544,-0.0022771063233489874
2024-01-25,0.005791106514994704,0.004915730337078594
2024-01-26,0.032901501130989,0.02795248078266943
2024-01-29,0.01612582122237738,0.013766145479265912
2024-01-30,-0.020376175548589504,-0.01743503772003352
2024-01-31,-0.0015999999999999348,-0.0013649547858728406
2024-02-01,-0.019230769230769162,-0.016401845207585697
2024-02-02,-0.026552287581699363,-0.022581205488969913
2024-02-05,-0.013848090642047839,-0.011729162964279394
2024-02-06,0.007234042553191378,0.006114008271893567
2024-02-07,0.004858470637938206,0.004110813226094745
2024-02-08,0.022282951439983156,0.018867924528301883
2024-02-19,0.047090273493728185,0.03948287910552062
2024-02-20,0.00746268656716409,0.014789915966386458
2024-02-21,-0.015984405458089768,-0.013580655846306633
2024-02-22,0.010895404120443652,0.009234385493619879
2024-02-23,0.0050950421320794526,0.004325403427050345
2024-02-26,-0.020081887307467627,-0.017061454364750817
2024-02-27,0.017309988062077286,0.014661274014155845
2024-02-28,0.009192255036182262,0.007806012290317188
2024-02-29,-0.0015503875968991832,-0.0013183915622939635
2024-03-01,0.00019409937888181794,0.00016501650165023918
2024-03-04,0.02503396079953446,0.02128361656492328
2024-03-05,-0.01666035592578563,-0.014216478190629989
2024-03-06,-0.0019252984212553281,-0.0016388069485414603
2024-03-07,0.007908950617283805,0.006730137885751608
2024-03-08,0.008612440191387627,0.0073373552910485085
2024-03-11,-0.01745730550284641,-0.015215280025898337
2024-03-12,0.013132483584395338,0.021696252465483346
2024-03-13,0.0013343499809379544,0.0009652509652509078
2024-03-14,0.019036740909956107,0.015589842494374784
2024-03-15,0.01905473566224547,0.02009811679063156
2024-03-18,-0.0031164069660862825,-0.020012410797393687
2024-03-19,0.012136815005516555,0.004432483773943341
2024-03-20,0.006540697674418894,0.004255319148936287
2024-03-21,-0.007039711191335951,-0.006120527306968104
2024-03-22,-0.010725322668605819,-0.009316279804200134
2024-03-25,0.002940095553105815,0.0025502072043352975
2024-03-26,0.009710516672773783,0.008426073131955425
2024-03-27,-0.013427690074396814,-0.011666403909821765
2024-03-28,0.014530071730733951,0.01260169085978613
2024-03-29,0.019398114575779557,0.016855702583491006
2024-04-01,0.0007113640405476129,0.0006196746707978207
2024-04-02,0.007819441976186337,0.006812200030964499
2024-04-03,0.01869158878504651,0.016300169152698718
2024-04-08,-0.00034620045006028555,-0.00030261764260841595
2024-04-09,0.011428571428571344,0.00998940517632807
2024-04-10,-0.00821777092963527,-0.007193166491832659
2024-04-11,0.012083549110996072,0.00905660377358486
2024-04-12,0.003070100631076267,0.001795063575168454
2024-04-15,-0.012582894065634842,-0.0092578766611916
2024-04-16,0.009815739624590591,0.005877920120572755
2024-04-17,-0.008185538881309573,-0.008690440515432996
2024-04-18,-0.03301237964236592,-0.0290205562273278
2024-04-19,0.016536273115220768,0.014476961394769727
2024-04-22,-0.032359629176141325,-0.0283872947675311
2024-04-23,0.008315256688358419,0.0072646873025898895
2024-04-24,0.024022947292936747,0.02100972091564768
2024-04-25,-0.0015756302521009458,-0.0013820638820639664
2024-04-26,0.005260389268805898,0.004613255420575113
2024-04-29,-0.009419152276295306,-0.008265727843257298
2024-04-30,-0.003697834125726218,-0.0032412409322426505
2024-05-06,-0.046659597030753064,-0.04087952926602656
2024-05-07,-0.0029662588060807016,-0.0025831449790120198
2024-05-08,-0.01208627742655266,-0.010521204273227558
2024-05-09,0.010728402032749829,0.009324390642892366
2024-05-10,0.014152700186219613,0.012317666126418159
2024-05-13,-0.01744399559309584,-0.015369836695485195
2024-05-14,0.0069145954027285406,0.004878048780487809
2024-05-15,-0.008537490720118557,-0.005825242718446644
2024-05-16,-0.001123174840883867,0.000488281250000222
2024-05-17,0.010119940029985175,0.009435496990401804
2024-05-20,0.010946196660482022,0.0038678485092666914
2024-05-21,-0.018902550926775508,-0.01653555947985219
2024-05-22,-0.013093901982790812,-0.011426705843943896
2024-05-23,-0.005875663381349372,-0.005118890356671124
2024-05-24,-0.006673021925643452,-0.0058091286307053736
2024-05-27,0.014971209213051617,0.013021702838063254
2024-05-28,0.00699697428139201,0.0060975609756097615
2024-05-29,0.017276995305164355,0.015069615069615239
2024-05-30,-0.015137529998153987,-0.013232209133451689
2024-05-31,-0.01630740393626995,-0.014227309893704132
2024-06-03,-0.013338414634146312,-0.011612475116124732
2024-06-04,-0.04615681730397847,-0.040114132259147284
2024-06-05,-0.003239522170479736,-0.0027976919041791115
2024-06-06,0.013609587649807242,0.011748202700333277
2024-06-07,0.013827655310620912,0.011958405545927198
2024-06-11,0.027080450681953083,0.02346292173317366
2024-06-12,0.011932255581216467,0.012884872824631799
2024-06-13,-0.005705591479650107,-0.0013216586816453546
2024-06-14,0.0013389441469013885,-0.0028122415219190566
2024-06-17,-0.005730659025787954,-0.0013271400132712774
2024-06-18,0.02074927953890482,0.01910299003322269
2024-06-19,0.01261057782796926,0.0019559902200489976
2024-06-20,0.005947955390334325,0.005205791442980168
2024-06-21,-0.0005543237250553723,-0.00048551545557529163
2024-06-24,-0.00036975411351458654,-0.0003238341968913039
2024-06-25,0.00869243573145928,0.007612568837058742
2024-06-26,-0.0033003300330032292,-0.002893425494293611
2024-06-27,-0.00367917586460631,-0.0032242463324198
2024-06-28,0.01846381093057614,0.01617337861879342
2024-07-01,-0.002538071065990022,-0.0022282349196243167
2024-07-02,0.012904398400581885,0.01132557026639014
2024-07-03,0.004127041090974171,0.003627760252365775
2024-07-04,-0.005360972122944951,-0.0047147571900046925
2024-07-05,0.0039525691699604515,0.003473867045634016
2024-07-08,-0.01342161775232642,-0.011801730920535047
2024-07-09,-0.0032650099764193197,-0.0028662420382165044
2024-07-10,-0.021292083712465937,-0.018684126477163887
2024-07-11,0.020081814801041098,0.01757526444263613
2024-07-12,-0.0025519504192491604,-0.0031984647369263097
2024-07-15,-0.008589181286549397,-0.0068987646398201985
2024-07-16,-0.008110599078341219,-0.010016155088853007
2024-07-17,-0.010592826612153994,-0.010280678851174896
2024-07-18,0.022539444027047217,0.019950535861500418
2024-07-19,-0.01359294636296815,-0.011962495958616204
2024-07-22,-0.02569832402234673,-0.022578534031413744
2024-07-23,-0.008218654434250627,-0.007197857381988526
2024-07-24,-0.008479475814222148,-0.007418647782835963
2024-07-25,-0.00621963070942666,-0.005435705792424028
2024-07-26,0.014472912184627207,0.012638770281810485
2024-07-29,-0.011952959321380074,-0.010457075392140247
2024-07-30,-0.024975609756097916,-0.02181694221919217
2024-07-31,0.01300780468280971,0.011326014985189037
2024-08-01,0.025088897668905652,0.02188146106133715
2024-08-02,-0.021969550973212293,-0.019221041982802167
2024-08-05,-0.06857142857142873,-0.059824651882413704
2024-08-06,0.002327057330230531,0.002011336624611504
2024-08-07,-0.006331785563528869,-0.005474452554744547
2024-08-08,0.01571792693288021,0.013577981651376136
2024-08-09,0.01882057716436636,0.016292541636495184
2024-08-12,0.012931034482758452,0.011934449590309981
2024-08-13,0.020263424518743633,0.020418940327407098
2024-08-14,-0.012115193644488431,-0.009315163015352956
2024-08-15,-0.012062726176115923,-0.011144001393000091
2024-08-16,0.013634513634513734,0.006691318894171738
2024-08-19,-0.025095362377032804,-0.020115445163547352
2024-08-20,-0.024299835255354063,-0.022313459478757625
2024-08-21,-0.0006331785563530312,-0.0005477451159394686
2024-08-22,-0.02027455121436117,-0.0175374497625137
2024-08-23,0.01616727743048063,0.013945704722945429
2024-08-26,0.036911327959270546,0.031909040894920304
2024-08-27,0.015752864157119184,0.013684023458325756
2024-08-28,-0.022356495468277893,-0.019460028050490963
2024-08-29,-0.018953440461474957,-0.016449132844627123
2024-08-30,0.018479630407391756,0.015997091437920385
2024-09-02,-0.037731958762886486,-0.03274288781535151
2024-09-03,0.020355688879365674,0.017573066962634165
2024-09-04,-0.0573288534229317,-0.049627340483548554
2024-09-05,-0.003118734684784963,-0.002677888293802555
2024-09-06,0.0015642458100559864,0.001342539317223057
2024-09-09,-0.021195894689870598,-0.018195747941007423
2024-09-10,-0.005470708912696631,-0.004682013265704277
2024-09-11,-0.013752005500802245,-0.01391611132889059
2024-09-12,0.023471996281663854,0.01868415821904179
2024-09-13,0.004995458673932918,0.0011707317073170742
2024-09-18,0.004970628106642394,0.0009744689144415286
2024-09-19,0.015512589928057707,0.017718068535825582
2024-09-20,0.000885543502324504,0.0007652573177729938
2024-09-23,0.004423800044238035,0.0038233607340851794
2024-09-24,0.005064963664390909,0.004380118072747852
2024-09-25,0.01818580192813335,0.014410314751611697
2024-09-26,-0.02689907467183128,-0.02205607476635507
2024-09-27,0.0026536930561695815,0.002293577981651307
2024-09-30,0.042126157917953266,0.036422578184591936
2024-10-08,0.07746031746031767,0.06734130634774615
2024-10-09,-0.035552936554704484,-0.04912946043785549
2024-10-10,-0.010794297352342053,0.009245830311820136
2024-10-11,0.02820671196211655,0.02460930483204593
2024-10-14,-0.0056067280736883385,-0.006837307152875116
2024-10-15,-0.03423278292388254,-0.035304501323918824
2024-10-16,-0.008757297748123505,-0.017566331198536234
2024-10-17,-0.006100126209507728,-0.005401378282734126
2024-10-18,0.013544973544973526,0.006367041198501733
2024-10-21,-0.01983712674879934,-0.01767770748046149
2024-10-22,0.01043885811674472,0.009282060996400832
2024-10-23,0.02508960573476715,0.022334834834835116
2024-10-24,-0.002262443438914019,-0.0020194602533505357
2024-10-25,-0.012780869923727178,-0.01140544518027975
2024-10-28,-0.028398413029860126,-0.025307033866765916
2024-10-29,-0.025145067698259083,-0.022336769759450092
2024-10-30,0.00970017636684295,0.008592071860964667
2024-10-31,0.015502183406113534,0.013746369796708624
2024-11-01,0.019350677273704653,0.017188693659281995
2024-11-04,-0.0014764817549041132,-0.001314307172362028
2024-11-05,0.008660752006759642,0.007708215830043219
2024-11-06,-0.0069109947643978265,-0.0061567164179103795
2024-11-07,0.02108814846056517,0.01877229209686493
2024-11-08,-0.00950020652622885,-0.008476137829371733
2024-11-11,-0.009382819015846589,-0.008920275041813919
2024-11-12,-0.024626394443274968,-0.022126382898931096
2024-11-13,0.00517911091929224,0.00709491850431454
2024-11-14,-0.00472305710605414,-0.0032368621477533166
2024-11-15,-0.007118205349439077,-0.006112702960840544
2024-11-18,-0.004562242016076468,-0.0032673457620602253
2024-11-19,0.03077258838934971,0.019282684149633633
2024-11-20,0.0,0.0
2024-11-21,0.0,0.0
2024-11-22,0.01990260427694257,0.017782822550132416
2024-11-25,0.002283578991073343,0.0020446096654276325
2024-11-26,-0.021126760563380365,-0.018920422927100833
2024-11-27,0.0023275497249259924,0.0020797882397429746
2024-11-28,-0.006966434452184811,-0.006226415094339521
2024-11-29,0.007865646258503167,0.007024871843554159
2024-12-02,0.00105462982493143,0.0009426847662141746
2024-12-03,0.00021070375052678614,0.00018835938971561994
2024-12-04,0.020012639561828527,0.01789077212806034
2024-12-05,-0.022717885171416707,-0.020351526364477346
2024-12-06,-0.007396449704141994,-0.006610009442870601
2024-12-09,0.001064509261230473,0.000950570342205248
2024-12-10,0.00042535091450446316,0.00037986704653381054
2024-12-11,0.013180272108843427,0.011771406872982615
2024-12-12,0.01741502308015086,0.01895289923062493
2024-12-13,0.005774386471437465,0.005524861878453136
2024-12-16,0.010662292392864536,0.00659340659340657
2024-12-17,0.001420166362345432,0.00018195050946157032
2024-12-18,-0.0137763371150732,-0.016190649445152028
2024-12-19,0.005341002465078182,0.004807692307692291
2024-12-20,-0.011851246424192774,-0.010673536989326382
2024-12-23,0.009718775847807892,0.008742559523809312
2024-12-24,-0.003276674175711425,-0.0029503964595241072
2024-12-25,0.01397164577768617,0.012576289994451484
2024-12-26,-0.0014184397163121698,-0.0012785388127855013
2024-12-27,-0.0038555194805193205,-0.003474762253108943
2024-12-30,0.009981666327154137,0.008992475683611723
2024-12-31,0.020371117386043025,0.018370316478719673
2025-01-02,0.0015813401858073561,0.0014288265761743801
2025-01-03,0.022498519834221575,0.02033172819689666
2025-01-06,0.009457633661455134,0.008564936199964901
2025-01-07,0.007074569789675023,0.006412478336221827
2025-01-08,0.010442377064742825,0.014465300499397316
2025-01-09,-0.013716647876737986,-0.014598540145985495
2025-01-10,0.014097923413983748,0.013436692506459957
2025-01-13,0.0700732669547246,0.04521502634710184
2025-01-14,-0.01000702247191021,-0.009269799967474235
2025-01-15,0.03103387125376833,0.028726198292843064
2025-01-16,0.012383900928792713,0.011488750598372288
2025-01-17,-0.0035677879714579586,-0.003312825366777128
2025-01-20,-0.016709292412617094,-0.01551123773345986
2025-01-21,-0.002254204959250883,-0.002090032154340782
2025-01-22,-0.004171011470281649,-0.003866602223296378
2025-01-23,-0.016230366492146486,-0.01504124211547786
2025-01-24,-0.006208976405889688,-0.005747126436781658
2025-01-27,-0.005533737950731754,-0.005119735755573895
2025-02-05,0.0055645306049181276,0.0051460823373175035
2025-02-06,-0.011424491253123614,-0.010569777043765494
2025-02-07,0.00848681834597298,0.007845100984810394
2025-02-10,0.005192479856759302,0.005299768135144101
2025-02-11,0.008728179551122262,0.021087314662273426
2025-02-12,0.001765848490199451,0.0016134236850597894
2025-02-13,-0.0465362242199896,-0.089561855670103
2025-02-14,0.004252172305416746,0.004069355980183875
2025-02-17,-0.01767304860088348,-0.01691629955947138
2025-02-18,0.0073088455772112315,0.006990500089621765
2025-02-19,0.006697674418604915,0.006407974368102476
2025-02-20,-0.002587322121604285,-0.002476123098691163
2025-02-21,-0.0037057624606262607,-0.0035460992907800915
2025-02-24,-0.02994234703366172,-0.028647686832740216
2025-02-25,0.011119631901840288,0.010624656530500154
2025-02-26,-0.023890784982934954,-0.022838499184339334
2025-02-27,-0.0036907536907538896,-0.0035243925060285397
2025-02-28,0.005459153831156138,0.005212211466865124
2025-03-03,-0.002714756641457927,-0.002592592592592591
2025-03-04,-0.03363795450126417,-0.032120311919792144
2025-03-05,-0.00563380281690129,-0.005371187416075118
2025-03-06,-0.018008903278024957,-0.017164898746383717
2025-03-07,0.00597568514321023,0.005690737833594861
2025-03-10,0.01700122900450607,0.016195121951219527
2025-03-11,-0.008660624370594006,-0.008256528417818654
2025-03-12,-0.001015847216578658,-0.002710551790900295
2025-03-13,0.017083587553386348,0.008930304795185418
2025-03-14,-0.0009998000399920048,-0.0009620935154897037
2025-03-17,0.00840672538030418,0.008089368258859642
2025-03-18,0.0055577610162764746,0.005349636988918771
2025-03-19,-0.019739439399921066,-0.019004180919802383
2025-03-20,0.021949254933547824,0.02111584657109633
2025-03-21,0.014581280788177553,0.014039081768165484
2025-03-24,-0.00019421246844075757,-0.0001870907390084664
2025-03-25,0.007575757575757791,0.0072979041916168
2025-03-26,0.006747638326585648,0.006501950585175553
2025-03-27,-0.0021064726158558367,-0.0020302694721298087
2025-03-28,0.0030704279408941826,0.002959127057517774
2025-03-31,-0.009183087813277147,-0.008851189378572655
2025-04-01,0.035914269163931145,0.034604651162790656
2025-04-02,-0.007269338303820816,-0.007013127135407249
2025-04-03,-0.01915133308298922,-0.01847156827236518
2025-04-07,-0.06106431852986216,-0.05885608856088553
2025-04-08,-0.06422018348623848,-0.06175259752989615
2025-04-09,-0.04466230936819171,-0.042833263685750134
2025-04-10,0.04994298745724057,0.044313468674961776
2025-04-11,-0.01281494352736745,-0.012332775919732364
2025-04-14,0.0033003300330032292,0.0031746031746031633
2025-04-15,0.006140350877193113,0.005907172995780696
2025-04-16,-0.02092414995640801,-0.020134228187919545
2025-04-17,0.03450578806767579,0.033176369863013644
2025-04-18,0.017215407789971993,0.016573441060700134
2025-04-21,-0.0031732599957690066,-0.0030568575504381634
2025-04-22,0.01018675721561979,0.009811937857726827
2025-04-23,0.020588235294117574,0.01983805668016192
2025-04-24,-0.02140798682585432,-0.020643112346169223
2025-04-25,0.0056794278502314555,0.005472233481961908
2025-04-28,0.003974064003346545,0.0038298730094739053
2025-04-29,-0.029999999999999916,-0.028915662650602414
2025-04-30,-0.026847079037800703,-0.025847808105872616
2025-05-06,-0.02692562348267502,-0.025896837189556488
2025-05-07,0.021093218416874615,0.020265853127042988
2025-05-08,-0.015992892047978602,-0.015378043571123379
2025-05-09,0.025733634311512432,0.0030368763557482303
2025-05-12,0.022447183098591728,0.02205882352941191
2025-05-13,-0.004520017219113215,-0.004443504020313238
2025-05-14,0.019027027027026966,0.018703506907545187
2025-05-15,-0.0394653087205602,-0.038806592948049334
2025-05-16,-0.00994035785288272,-0.009767744736270845
2025-05-19,0.014725568942436373,0.014467338886453351
2025-05-20,0.005716798592787953,0.00561797752808979
2025-05-21,0.010275470048098034,0.010098839707778362
2025-05-22,-0.03549015364639696,-0.03488619442671781
2025-05-23,-0.0020192954902400473,-0.0019836896627727363
2025-05-26,0.015512589928057485,0.015238515901059957
2025-05-27,-0.003099402258135875,-0.003045464433325984
2025-05-28,-0.011769931157006419,-0.011564477416539432
2025-05-29,0.0316853932584269,0.03112582781456963
2025-05-30,-0.04182095404051411,-0.04110468850353255
2025-06-03,0.033189361218458835,0.03259656173252967
2025-06-04,0.012541254125412404,0.012324324324324287
2025-06-05,-0.009778357235984303,-0.009611277231952209
2025-06-06,0.005266622778143493,0.005175760189777945
2025-06-09,0.017900021829294843,0.017592791246513695
2025-06-10,0.011794981771391821,0.01159603626396799
2025-06-11,-0.004451038575667754,-0.0035431429762400324
2025-06-12,0.03385139450713215,0.03681238234678941
2025-06-13,0.06342668863261935,0.0689933427476297
2025-06-16,0.023625096824167358,0.00566144555576531
2025-06-17,-0.015134317063942526,-0.015012197410395944
2025-06-18,0.053399923165577956,0.052962469041722304
2025-06-19,0.033187454412837436,0.03292925637778166
2025-06-20,-0.00758912813272139,-0.0075319670695392915
2025-06-23,0.014049439800817742,0.01394281680197662
2025-06-24,-0.09803577692037857,-0.09730200174064396
2025-06-25,-0.019443904335990747,-0.019282684149633633
2025-06-26,-0.011302795954788891,-0.011207235548564731
2025-06-27,-0.008824709185719981,-0.008749254324915468
2025-06-30,-0.003642250101173583,-0.0036108324974925
2025-07-01,0.0054833468724613255,0.005435876786792804
2025-07-02,-0.0024237527772167367,-0.002402883460152161
2025-07-03,0.016400080988054233,0.01625853071055805
2025-07-04,-0.005577689243027928,-0.005530317993284628
2025-07-07,-0.0024038461538461453,-0.002383316782522349
2025-07-08,0.016867469879517927,0.016723073860242854
2025-07-09,0.017772511848341166,0.01762287056980627
2025-07-10,0.00543267365153266,0.005387723686742341
2025-07-11,-0.016595908915476465,-0.01645933014354073
2025-07-14,0.017268445839874413,-0.0017513134851138146
2025-07-15,-0.013310185185185341,-0.013450292397660824
2025-07-16,0.0035190615835776207,0.003556609365737984
2025-07-17,-0.004870446132865802,-0.004922228785193883
2025-07-18,0.02036021926389986,0.020577760189948613
2025-07-21,-0.006715272448196474,-0.0067855758045753944
2025-07-22,-0.015452965037666577,-0.015615850087839056
2025-07-23,-0.0011771630370804864,-0.0011897679952409534
2025-07-24,0.010214103319583279,0.01032360532062726
2025-07-25,0.0077775617343966985,0.00786009039103952
2025-07-28,-0.013505691684353116,-0.013647884577890457
2025-07-29,0.01779777038920427,0.01798774461356012
2025-07-30,0.026133743274404653,0.026407766990291348
2025-07-31,0.0050561797752806115,0.005107832009080493
2025-08-01,-0.006335010247810469,-0.006399397703745535
2025-08-04,-0.02550159384961581,-0.02576245501041874
2025-08-05,-0.01058302867038674,-0.010694147384794794
2025-08-06,-0.0056398288603657365,-0.0056996855345912145
2025-08-07,-0.009583414824955727,-0.009685708638070722
2025-08-08,-0.02211690363349128,-0.02235528942115761
2025-08-11,-0.003029079159935333,-0.0008166598611678566
2025-08-12,0.014381203159813616,0.011851246424192885
2025-08-13,-0.007188498402555865,-0.00928917609046842
2025-08-14,-0.010257441673370948,-0.010395434162250305
2025-08-15,0.005283478967689437,0.005355303810504752
2025-08-18,-0.0032342834040833823,-0.003278016799836192
2025-08-19,-0.004664368282295661,-0.004727646454265155
2025-08-20,-0.002852485737571242,-0.0028913672036348093
2025-08-21,0.016550878626889975,0.01677713338856668
2025-08-22,0.005427135678392148,0.005500101853738171
2025-08-25,-0.0013994402239104753,-0.0014181523500811366
2025-08-26,0.00640640640640644,0.0064921890850071495
2025-08-27,-0.03262383131092106,-0.03305785123966953
2025-08-28,0.004112687641373736,0.004169272461955309
2025-08-29,0.007167724759369332,0.007265933153415061
2025-09-01,-0.003456689711264671,-0.003503709810387501
2025-09-02,0.014078759436849664,0.01427094105480875
2025-09-03,0.005633802816901401,0.005709624796084833
2025-09-04,-0.024409763905562154,-0.02473641524736414
2025-09-05,0.002050861361772016,0.0020790020790020236
2025-09-08,0.017396643471142115,0.01763485477178417
2025-09-09,-0.015489841078253797,-0.015698267074413796
2025-09-10,0.006947282386595699,0.007042253521126751
2025-09-11,0.005275974025974017,0.006170300287947406
2025-09-12,-0.02846184901090032,-0.025551921504497144
2025-09-15,0.02617909827550391,0.026431718061673992
2025-09-16,0.009516096375784544,0.009605558961782057
2025-09-17,0.010629763337344666,0.010728744939271229
2025-09-18,-0.014883905536812847,-0.015021029441217748
2025-09-19,-0.00966962127316684,-0.009760065067100476
2025-09-22,-0.008136696501220508,-0.008213552361396315
2025-09-23,-0.020303527481542183,-0.02049689440993785
2025-09-24,0.01925894913125381,0.01944620587613599
2025-09-25,0.017046621482850632,0.017209205888451207
2025-09-26,0.0014135702746365109,0.0014268242967794276
2025-09-29,0.002621496269409107,0.0026460411154081154
2025-09-30,-0.025945293644408784,-0.026187576126674883
2025-10-09,-0.017964071856287345,-0.01813633520950597
2025-10-10,-0.019133725820016823,-0.019320594479830144
2025-10-13,-0.019078242229367603,-0.01775276033773543
2025-10-14,-0.011800699300699269,-0.00903680846374244
2025-10-15,-0.007961079168509522,-0.008007117437722422
2025-10-16,-0.00022291573785115926,-0.00022421524663684966
2025-10-17,-0.02430323299888515,-0.024444942812289705
2025-10-20,0.001828153564899404,0.0018390804597701038
2025-10-21,0.004333941605839442,0.004359798072510301
2025-10-22,0.021576198046786343,0.02170436371944251
2025-10-23,0.027790128946198367,0.027951699463327317
2025-10-24,0.011248107289638654,0.011311725038068321
2025-10-27,0.00855614973262031,0.00860400086040003
2025-10-28,-0.013149522799575819,-0.013222435487310724
2025-10-29,-0.00021491510853210993,-0.0002161227577263114
2025-10-30,-0.007953568357695673,-0.007998270644185124
2025-10-31,-0.00043336944745397954,-0.00043582479843096156
2025-11-03,0.01994363754606554,0.02005668192718546
2025-11-04,-0.009351753453772482,-0.009403718743321132
2025-11-05,0.0004290924694272391,0.0004314994606255951
2025-11-06,-0.0070769890628351595,-0.007116670260944646
2025-11-07,0.0004319654427646924,0.0004344048653346366
2025-11-10,0.003022452504317652,0.002605297438124099
2025-11-11,-0.006672406371071804,-0.0010827197921178255
2025-11-12,0.016901408450704203,0.01690873618035993
2025-11-13,-0.03451949712337532,-0.03453421445320837
2025-11-14,0.014566320900463614,0.014572753367189328
2025-11-17,-0.0006525995214270441,-0.0006528835690968737
2025-11-18,-0.0008707009142359112,-0.0008710801393727596
2025-11-19,0.012418300653594727,0.01242371403661724
2025-11-20,-0.019367333763718464,-0.019375672766415497
2025-11-21,-0.0177748518762344,-0.017782656421514886
2025-11-24,0.0011170688114388039,0.001117568171658423
2025-11-25,0.0015621513055121827,0.0015628488501899795
2025-11-26,-0.008021390374331583,-0.008024966562639402
2025-11-27,0.005840071877807773,0.005842696629213551
2025-11-28,0.01406878070567208,0.01407506702412853
2025-12-01,0.003963884606914769,0.00396563119629878
2025-12-02,-0.004167580609782839,-0.004169409699363524
2025-12-03,-0.01255506607929513,-0.012560599382988036
2025-12-04,0.010037921035021213,0.010042401249721111
2025-12-05,0.0024293286219081445,0.0024304021210781457
2025-12-08,0.008592200925314097,0.008595988538681931
2025-12-09,-0.02512013979903882,-0.025131118881118852
2025-12-10,-0.005377548734035509,-0.00537995965030269
2025-12-11,-0.009011038522189652,-0.009015100292990796
2025-12-12,-0.006137758581495789,-0.004775983625198932
2025-12-15,-0.0027447392497712553,-0.0006855575868373043
2025-12-16,-0.0153669724770642,-0.015321289732449062
2025-12-17,-0.00908455625436766,-0.009057129586623414
2025-12-18,0.006346967559943462,0.00632763065385511
2025-12-19,-0.006540527914038696,-0.006520726595249049
2025-12-22,0.026569480366799736,0.026488513830285942
2025-12-23,0.006871278057718699,0.006850879196163451
2025-12-24,0.008644222020018244,0.00861873440689509
2025-12-25,-0.004510599909787971,-0.004497413986957466
2025-12-26,-0.0020389669234254226,-0.0020329794443189053
2025-12-29,-0.015891032917139558,-0.015844273426889988
2025-12-30,0.0029988465974626344,0.0029898804047838734
2025-12-31,-0.00896964121435151,-0.008942903003898217
2026-01-05,-0.024367602692039858,-0.02429430819065248
2026-01-06,0.015461465271170205,0.015413801280531159
2026-01-07,-0.027875380651206316,-0.027790751985053652
2026-01-08,-0.0002409638554217164,-0.00024021138601970637
2026-01-09,0.03976861894432382,0.03964440172993755
2026-01-12,0.01182197496522952,0.01109313612202456
2026-01-13,0.01855670103092777,0.021028571428571396
2026-01-14,0.0029239766081872176,0.002910230579807438
2026-01-15,-0.0031397174254316207,-0.0031249999999999334
2026-01-16,-0.017547806524184528,-0.017465293327362352
2026-01-19,-0.0032058621479277294,-0.0031905195989061497
2026-01-20,-0.0009189065012634723,-0.0009144947416551696
2026-01-21,0.008737640836974148,0.008695652173912993
2026-01-22,0.012764987462958732,0.012704174228675091
2026-01-23,-0.010128291694800784,-0.01008064516129037
2026-01-26,0.035015916325602525,0.03484951346458476
2026-01-27,-0.023286467486819062,-0.02317953203586276
2026-01-28,0.03058929374718855,0.030445489142601367
2026-01-29,0.02662592754255777,0.026504453617206103
2026-01-30,-0.003613945578231248,-0.0035978835978836
2026-02-02,-0.046511627906976716,-0.04630416312659302
2026-02-03,0.0008950548221078325,0.0008908685968818109
2026-02-04,0.029063268499888162,0.02892745883400094
2026-02-05,0.0023897458179449327,0.01038062283737018
2026-02-06,0.00411790203727791,0.005565068493150749
2026-02-09,-0.012087200518022923,-0.011919965942954525
2026-02-10,0.02599956303255424,0.02563550193881947
2026-02-11,0.001490630323679687,0.0014702793530769753
2026-02-12,0.0,0.0
2026-02-13,-0.0342334679991495,-0.03376677852348997
2026-02-24,0.07177454865697941,0.07076188408942907
2026-02-25,-0.010271158586688589,-0.01013581998783697
2026-02-26,-0.009755085097550853,-0.009625230391152928
2026-02-27,0.010060783902745563,0.009925558312654958
2026-03-02,0.08175970118281772,0.08067158067158053
2026-03-03,0.08536351429119504,0.08431223948465338
2026-03-04,0.12159773771650784,0.12021666957889221
2026-03-05,0.0362433028679483,0.03587583840274533
2026-03-06,0.001064476885644483,0.0010540581237763469
2026-03-09,0.16253987543673087,0.16095066185318885
2026-03-10,-0.13785443616882265,-0.1366934438973828
2026-03-11,-0.00651712640193991,-0.00645354945219867
2026-03-12,0.09717772692601079,0.09108761329305137
2026-03-13,0.04338153503893216,0.043333794822096205
2026-03-16,0.022521321961620266,0.022425690021231404
2026-03-17,-0.012120422259872199,-0.01207008436080459
2026-03-18,-0.034036939313984105,-0.033893851812927034
2026-03-19,0.1085768915596832,0.10810443296165362
2026-03-20,-0.05088086731551056,-0.05068106516136939
2026-03-23,0.07917964693665636,0.07885211995863495
2026-03-24,-0.11486649025739715,-0.11442607236999758
2026-03-25,-0.020654980296235914,-0.020565552699228884
2026-03-26,0.012765367004301531,0.012708937698577172
2026-03-27,0.010549390327441843,0.010503341972445623
2026-03-30,0.030775488069414436,0.030642548596112373
2026-03-31,-0.030119689596211807,-0.029993451211525857
2026-04-01,-0.11771087605099018,-0.11720226843100201
2026-04-02,0.1037503842606824,0.10324258182930568
2026-04-03,0.0009747945968527905,0.0009704699847499221
2026-04-07,-0.016694490818030094,-0.0166204986149584
2026-04-08,-0.1259196378041879,-0.1253521126760564
2026-04-09,0.030754289414049785,0.03059581320450877
2026-04-10,-0.004239949748743754,-0.004218750000000049
2026-04-13,0.03217158176943724,0.03248077828338314
2026-04-14,-0.008403361344537785,-0.010334346504559222
2026-04-15,-0.02758089368258876,-0.032708845208845316
2026-04-16,0.006496593249881055,0.003016351801873318
2026-04-17,0.006926952141057985,0.006964229186451565
2026-04-20,-0.027829893683552154,-0.027978623074504938
2026-04-21,-0.004663879060791354,-0.004689521345407455
2026-04-22,0.013249313297786447,0.013322502030869376
2026-04-23,0.028703556051666412,0.02886002886002892
2026-04-24,0.010385986668733693,0.010441016051114138
2026-04-27,0.007824486038662037,0.007865515114127142
2026-04-28,0.024052367179174805,0.024177505738331995
2026-04-29,-0.004013676230117169,-0.004034065441505974
2026-04-30,0.03343283582089529,0.033603360336033505
2026-05-06,-0.03408434430964746,-0.034252539912917324
2026-05-07,-0.05921052631578971,-0.05951307484220025
2026-05-08,-0.0020661157024792765,-0.0020773410035154205
2026-05-11,0.017040930084408323,0.017133706965572593
2026-05-12,0.016755402442843792,0.016372795969773257
2026-05-13,-0.013553057138456781,-0.01595415117719956
2026-05-14,-0.020765027322404706,-0.02298126869195638
2026-05-15,0.04958545918367374,0.058321250201385455
2026-05-18,0.03569801002582418,0.03577409042472213
2026-05-19,0.0010266940451746365,0.0010288065843622185
2026-05-20,-0.01553113553113572,-0.015563059756276698
2026-05-21,-0.021580592350052052,-0.02162565249813575
2026-05-22,-0.02266504411317294,-0.022713414634146334
2026-05-25,-0.05167315175097287,-0.05178599282483243
2026-05-26,-0.009190874774331448,-0.009212041454186637
2026-05-27,-0.004141129700182211,-0.004150755437489662
2026-05-28,-0.00182967398536249,-0.0018339446482159572
2026-05-29,-0.02949508415264135,-0.02956405545348262
2026-06-01,0.025583791208791284,0.025645438898450834
2026-06-02,0.00016742005692260697,0.00016781339150861996
2026-06-03,0.026447941078004522,0.02651006711409387
2026-06-04,-0.01337247227658156,-0.013403072899640267
2026-06-05,-0.014876033057851235,-0.01491053677932408
2026-06-08,0.030872483221476177,0.03094517322569801
2026-06-09,-0.05338541666666663,-0.05350734094616627
2026-06-10,-0.01375515818431916,-0.013788348845225729
2026-06-11,0.014818688981868888,0.017301642782243887
2026-06-12,-0.047586325373647265,-0.04913245146881984
2026-06-15,-0.04725829725829733,-0.04101174345076797
2026-06-16,-0.0062476334721695,-0.006217030896759512
2026-06-17,-0.03295865879215076,-0.03279620853080567
2026-06-18,-0.0033490937746257776,-0.0033320266562132383
2026-06-22,-0.0025696778019370647,-0.0025565388397247313
2026-06-23,-0.0313119302417757,-0.03115141955835965
2026-06-24,-0.010842880523731502,-0.01078551078551071
2026-06-25,-0.04632885211995874,-0.04608105328121792
2026-06-26,0.007590544350466244,0.007547983610092679
2026-06-29,-0.006241928540680064,-0.006207191780821852
2026-06-30,-0.008663634394628583,-0.008615119534783555
2026-07-01,-0.01966353506663754,-0.019552465783184925
2026-07-02,-0.03788722977490533,-0.03766895634832701
2026-07-03,0.016214964095436546,0.01611789085885329
2026-07-06,-0.0061545475267836824,-0.00611828687967364
2026-07-07,0.010091743119265972,0.010031919744641904
2026-07-08,0.05404178019981831,0.053724604966139955
2026-07-09,0.014648858250754015,0.014567266495287168
2026-07-10,-0.014861995753715496,-0.005067567567567655
2026-07-13,0.024568965517241415,0.024193548387096753
2026-07-14,0.07740849810685724,0.07625362619146281
2026-07-15,0.003319016009371456,0.0032730073161340023
2026-07-16,-0.012453784783031718,-0.012281711763576952
2026-07-17,-0.008275862068965578,-0.008160093258208767
2026-07-20,0.07530300019868852,0.07424094025465222
2026-07-21,-0.032150776053215036,-0.03172866520787743
2026-07-22,0.05421916762122936,0.05348399246704316
2026-07-23,0.02462875769648676,0.024311762602788667
2026-07-24,0.02898550724637672,0.02862129144851644
2026-07-27,-0.08124355891446233,-0.08025110281642345
2026-07-28,-0.01757337820153293,-0.0173399741745065
2026-07-29,0.021883920076118057,0.021588135911394746
2026-07-30,0.04469273743016755,0.044101433296582115
2026-07-31,-0.039393939393939426,-0.03889475536782827
2026-08-03,-0.029504546298014467,-0.02911554660318616
2026-08-04,0.014913957934990396,0.014711429649188812
2026-08-05,-0.06085154483798039,-0.060037174721189634
2026-08-06,0.01905717151454378,0.01878584140794959
2026-08-07,0.03188976377952746,0.03144409937888182
2026-08-10,-0.0005723006486073601,-0.0005645464809934664
2026-08-11,0.062416491696888565,0.061570325739032095
2026-08-12,-0.008084800574919115,-0.013657325292656841
2026-08-13,0.0025357725049810487,-0.00467541809027161
2026-08-14,0.004878048780487809,0.004878048780487809
2026-08-17,0.009708737864077666,0.009708737864077666
2026-08-18,0.04131054131054124,0.04131054131054124
2026-08-19,0.0017099863201095467,0.0017099863201095467
2026-08-20,-0.004096961420279932,-0.004096961420279932
2026-08-21,0.016283853273911575,0.016283853273911575
2026-08-24,-0.008601787822567042,-0.008601787822567042
2026-08-25,-0.006294658046954615,-0.006294658046954615
2026-08-26,-0.047423386406437285,-0.047423386406437285
2026-08-27,0.03612508986340757,0.03612508986340757
2026-08-28,0.03469210754553331,0.03469210754553331
2026-08-31,0.06471081307627835,0.06471081307627835
