,repo,sina
2014-01-03,-0.031525851197982346,-0.013927576601671321
2014-01-06,-0.01627604166666663,-0.007062146892655385
2014-01-07,-0.033090668431502324,-0.014224751066856278
2014-01-08,0.002737850787132068,0.0011544011544011301
2014-01-09,-0.00887372013651877,-0.0037474776592677506
2014-01-10,0.024793388429751984,0.01041666666666674
2014-01-13,-0.020161290322580627,-0.00859106529209619
2014-01-14,0.020576131687242816,0.008665511265164572
2014-01-15,0.0040322580645162365,0.0017182130584192379
2014-01-17,-0.018741633199464536,-0.00800457404230992
2014-01-20,-0.012960436562073685,-0.005475504322766556
2014-01-21,-0.028334485141672472,-0.01188061431469134
2014-01-22,0.009957325746799528,0.004105571847507372
2014-01-23,0.02746478873239444,0.004088785046729049
2014-01-24,0.01644962302947217,0.014252472367655589
2014-01-27,-0.01011463250168576,-0.004301691998852886
2014-01-28,-0.027929155313351495,-0.011808755760368661
2014-01-29,0.008409250175192673,0.0034975225881668237
2014-01-30,0.008339124391938846,0.003485332558814891
2014-02-07,-0.030323914541695363,-0.012735166425470346
2014-02-10,0.007107320540156392,0.0029316915860451154
2014-02-11,-0.02470007057163015,-0.010230926629640424
2014-02-12,0.005065123010130179,0.0020673360897813797
2014-02-13,0.0014398848092151972,0.0005894488653108709
2014-02-14,0.012221423436376666,0.00500736377025035
2014-02-17,0.030539772727272707,0.012602579132473535
2014-02-18,-0.01860785665058584,-0.007814761215629518
2014-02-19,0.00561797752808979,0.002333722287047868
2014-02-20,-0.029329608938547524,-0.012223515715948818
2014-02-21,-0.003597122302158251,-0.0014731879787860391
2014-02-24,-0.04548736462093861,-0.018589554440837985
2014-02-25,-0.013615733736762503,-0.0054119061936259705
2014-02-26,0.006901840490797451,0.0027206771463119672
2014-02-27,0.017517136329017413,0.006933976484775339
2014-02-28,-0.01646706586826352,-0.006586826347305341
2014-03-03,0.004566210045662045,0.032549728752260476
2014-03-04,-0.012878787878787934,-0.004962054874489197
2014-03-05,0.01074443591711427,0.004106776180698102
2014-03-06,-0.026575550493545985,-0.010224948875255602
2014-03-10,-0.13026521060842433,-0.04929161747343569
2014-03-11,0.013452914798206317,0.004656938838869973
2014-03-12,0.015929203539823078,0.005562422744128659
2014-03-14,0.006968641114982521,0.0024585125998770607
2014-03-17,-0.028546712802768215,-0.010116492949110989
2014-03-18,0.009795191451469343,0.0034066274388355744
2014-03-19,0.0017636684303350414,0.0006172839506173311
2014-03-20,-0.010563380281690127,-0.0037014188772362955
2014-03-21,-0.008896797153024938,-0.003095975232198178
2014-03-24,-0.006283662477558294,-0.0021739130434782483
2014-03-25,0.06684733514001806,0.02303143479614067
2014-03-26,-0.010160880609652811,-0.0036507453605111317
2014-03-27,-0.0051325919589392255,-0.001832061068702262
2014-03-28,0.03267411865864145,0.011624349954114432
2014-03-31,0.017485428809325576,0.006350166313879635
2014-04-01,0.002454991816693841,0.0009014423076922906
2014-04-02,-0.011428571428571455,-0.004202942059441606
2014-04-03,0.015689512799339278,0.005728067530901493
2014-04-04,0.029268292682926855,0.010791366906474753
2014-04-08,0.033175355450236976,0.01245551601423478
2014-04-09,-0.022935779816513735,-0.008787346221441172
2014-04-10,-0.012519561815336422,-0.004728132387706863
2014-04-11,-0.006339144215530945,-0.002375296912114022
2014-04-14,0.0,0.0
2014-04-15,0.0071770334928229484,0.00267857142857153
2014-04-16,-0.031670625494853555,-0.01187295933511423
2014-04-17,-0.00408830744071953,-0.0015019525382997667
2014-04-18,-0.06486042692939242,-0.023766546329723193
2014-04-21,-0.008779631255487308,-0.0030816640986132127
2014-04-22,0.00797165633303809,0.002782071097372496
2014-04-23,0.019332161687170446,0.00678175092478428
2014-04-24,0.014655172413793105,0.0027556644213104775
2014-04-25,-0.005947323704333041,0.0003053435114503955
2014-04-28,-0.0461538461538461,-0.016483516483516536
2014-04-29,0.023297491039426577,0.00806952203600253
2014-04-30,-0.01838879159369522,-0.006465517241379337
2014-05-05,0.009812667261373864,0.0034087387666563718
2014-05-06,-0.0114840989399293,-0.004014823965410752
2014-05-07,-0.02680965147453085,-0.009302325581395321
2014-05-08,-0.012855831037649201,-0.004381846635367781
2014-05-09,-0.012093023255813962,-0.004086765168186068
2014-05-12,0.02354048964218447,0.007891414141414144
2014-05-13,-0.02575896964121438,-0.008769182586908841
2014-05-14,0.0009442870632672129,0.00031595576619269927
2014-05-15,-0.03301886792452835,-0.011054958938723991
2014-05-16,-0.040000000000000036,-0.013094857872884114
2014-05-19,-0.010162601626016232,-0.003236245954692518
2014-05-20,-0.012320328542094416,-0.003896103896103842
2014-05-21,0.007276507276507305,0.0022816166883963263
2014-05-22,0.0041279669762641635,0.0013008130081300084
2014-05-23,0.0020554984583760483,0.0006495615459565229
2014-05-26,0.060512820512820475,0.01914962674456344
2014-05-27,0.003868471953578423,0.001273885350318471
2014-05-28,-0.026974951830443183,-0.008905852417302795
2014-05-29,-0.004950495049504955,-0.0016046213093710016
2014-05-30,-0.05472636815920395,-0.017679202828672413
2014-06-03,0.001052631578947416,0.0003272251308901186
2014-06-04,0.004206098843322792,0.0013084723585214952
2014-06-05,0.006282722513089034,0.001960143743874543
2014-06-06,0.01248699271592102,0.003912618193674611
2014-06-09,-0.01541623843782114,-0.004871711594673589
2014-06-10,0.0041753653444676075,0.0013054830287206887
2014-06-11,-0.022869022869022815,-0.007170795306388533
2014-06-12,-0.02021276595744681,-0.006237688772160244
2014-06-13,0.0021715526601520097,0.0006607201850017397
2014-06-16,-0.03033586132177679,-0.009243974909210917
2014-06-17,0.018994413407821265,0.005664778407197701
2014-06-18,-0.009868421052631526,-0.0029821073558647937
2014-06-19,0.0,0.0
2014-06-20,0.03875968992248069,0.011631771352608844
2014-06-23,0.029850746268656803,0.009198423127463773
2014-06-24,-0.008281573498964856,-0.0026041666666666297
2014-06-25,0.01565762004175375,0.004895561357702416
2014-06-26,0.03699897225077087,0.011692107827216525
2014-06-27,-0.026759167492566904,-0.008667736757624445
2014-06-30,-0.012219959266802416,-0.0038860103626943143
2014-07-01,-0.007216494845360799,-0.002275682704811488
2014-07-02,0.029075804776739433,0.009123492994460802
2014-07-03,-0.014127144298688221,0.0006457862447530882
2014-07-04,0.003070624360286489,0.0009680542110357404
2014-07-07,-0.014285714285714235,-0.004513217279174753
2014-07-08,0.02898550724637672,0.0090673575129534
2014-07-09,-0.021126760563380254,-0.00673940949935814
2014-07-10,0.018499486125385323,0.0058158319870760256
2014-07-11,0.015136226034308864,0.004818503051718492
2014-07-14,0.017892644135188762,0.005754475703324768
2014-07-15,-0.0009765625,-0.00031786395422761515
2014-07-16,-0.012707722385141729,-0.0041335453100158626
2014-07-17,-0.0108910891089109,-0.0035121328224776427
2014-07-18,-0.07007007007007005,-0.02242870874719638
2014-07-21,-0.009687836383207804,-0.002949852507374673
2014-07-22,0.003260869565217428,0.0009861932938854956
2014-07-23,-0.009750812567713929,-0.002955665024630516
2014-07-24,-0.002188183807439792,-0.0006587615283267789
2014-07-25,0.015350877192982448,0.004614370468029039
2014-07-28,0.030237580993520474,0.009186351706036655
2014-07-29,0.03039832285115307,0.00942782834850453
2014-07-30,-0.033570701932858604,-0.010628019323671523
2014-07-31,-0.0031578947368421373,-0.0009765625
2014-08-01,-0.002111932418162654,-0.0006516780710329462
2014-08-04,0.041269841269841345,0.012716009129442485
2014-08-05,-0.004065040650406471,-0.0012878300064391723
2014-08-06,0.0020408163265306367,0.0006447453255964408
2014-08-07,-0.004073319755600768,-0.0012886597938144284
2014-08-08,-0.013292433537832271,-0.004193548387096735
2014-08-11,-0.025906735751295318,-0.008098477486232603
2014-08-12,0.0010638297872340718,0.0003265839320705233
2014-08-13,-0.020191285866099862,-0.006203068886712404
2014-08-14,-0.024945770065075923,-0.007555847568988194
2014-08-15,0.011123470522803158,0.0033101621979476636
2014-08-18,-0.02310231023102305,-0.006928406466512715
2014-08-19,0.005630630630630629,0.0016611295681063787
2014-08-20,-0.027995520716685318,-0.008291873963515717
2014-08-21,-0.008064516129032251,-0.00234113712374584
2014-08-22,0.0034843205574912606,0.0010056989607778455
2014-08-25,-0.01388888888888884,-0.004018754186202234
2014-08-26,0.005868544600938996,0.00168123739071957
2014-08-27,-0.016336056009334854,-0.0046995636119503414
2014-08-28,-0.033214709371293005,-0.009443507588532851
2014-08-29,0.0036809815950920033,0.0010214504596526286
2014-09-01,-0.030562347188264005,-0.008503401360544172
2014-09-02,-0.006305170239596425,-0.0017152658662092923
2014-09-03,-0.07233502538071068,-0.019587628865979423
2014-09-04,-0.020519835841313228,-0.00525762355415349
2014-09-05,-0.005586592178770999,-0.0014094432699084392
2014-09-09,-0.0926966292134831,-0.023288637967536996
2014-09-10,0.018575851393188847,0.004335260115607031
2014-09-11,-0.03495440729483279,-0.008273381294964022
2014-09-12,0.051968503937007915,0.01196953210010876
2014-09-15,0.05389221556886237,0.012903225806451646
2014-09-16,-0.05397727272727271,-0.013446567586694935
2014-09-17,0.024024024024023927,0.0057388809182210565
2014-09-18,-0.05425219941348969,-0.013195435092724694
2014-09-19,-0.08217054263565893,-0.019154318756776312
2014-09-22,-0.16047297297297303,-0.03500368459837877
2014-09-23,-0.006036217303822977,-0.001145475372279492
2014-09-24,0.0,0.0
2014-09-25,-0.13765182186234814,-0.025993883792048922
2014-09-26,0.09859154929577474,0.016483516483516425
2014-09-29,-0.13034188034188032,-0.02355212355212355
2014-09-30,0.0073710073710073765,0.0011862396204034287
2014-10-08,-0.04634146341463419,-0.03159557661927326
2014-10-09,0.09462915601023014,0.039967373572593834
2014-10-10,0.05841121495327095,0.009803921568627416
2014-10-13,0.19426048565121423,0.03417475728155339
2014-10-14,-0.025878003696857665,-0.005257228689448001
2014-10-15,0.009487666034155628,0.0018875047187618677
2014-10-16,0.001879699248120259,0.00037678975131871795
2014-10-17,-0.016885553470919357,-0.003389830508474523
2014-10-20,0.007633587786259444,-0.012093726379440617
2014-10-21,-0.032196969696969724,-0.0065034429992348874
2014-10-22,-0.09784735812133072,-0.019252984212552948
2014-10-23,-0.030368763557483747,-0.005496662740478997
2014-10-24,0.046979865771812124,0.008290564547966728
2014-10-27,-0.010683760683760646,-0.0019577133907595634
2014-10-28,-0.002159827213822907,-0.0003923107100823886
2014-10-29,0.08874458874458879,0.01609105180533743
2014-10-30,0.001988071570576455,0.0003862495171880198
2014-10-31,-0.04960317460317465,-0.009652509652509633
2014-11-03,-0.04801670146137782,-0.008966861598440512
2014-11-04,0.03508771929824572,0.006294256490952055
2014-11-05,-0.09533898305084743,-0.017591868647380715
2014-11-06,0.030444964871194413,0.005173099880620757
2014-11-07,0.022727272727272707,0.003958828186856778
2014-11-10,0.046666666666666634,0.008280757097791858
2014-11-11,-0.010615711252653925,-0.001955416503715335
2014-11-12,0.0042918454935623185,0.0007836990595611049
2014-11-13,-0.07264957264957261,-0.013312451057165275
2014-11-14,0.009216589861751112,0.0015873015873015817
2014-11-17,-0.022831050228310557,-0.003961965134706813
2014-11-18,-0.16822429906542058,-0.02863961813842486
2014-11-19,0.011235955056179803,0.0016380016380015405
2014-11-20,-0.019444444444444486,-0.002861815208503704
2014-11-21,0.025495750708215192,0.0036900369003689537
2014-11-24,-0.03038674033149169,-0.004493464052287566
2014-11-25,0.03703703703703698,0.005334427574887224
2014-11-26,-0.005494505494505475,-0.0008163265306122547
2014-11-27,0.25138121546961334,0.037173202614379175
2014-11-28,0.019867549668874274,0.0035447026388342184
2014-12-01,-0.058441558441558406,-0.010596546310832067
2014-12-02,-0.04137931034482756,-0.007140023800079387
2014-12-03,0.0695443645083933,0.011586096683979141
2014-12-04,0.07847533632286985,0.013823064770932092
2014-12-05,-0.014553014553014498,-0.002726918582002358
2014-12-08,-0.03797468354430378,-0.007031250000000044
2014-12-09,0.03289473684210531,0.005900865460267468
2014-12-10,0.01273885350318471,0.002346499804458446
2014-12-11,0.0062893081761006275,0.001170503316425986
2014-12-12,0.039583333333333304,0.0074045206547155296
2014-12-15,-0.030060120240480992,-0.005802707930367523
2014-12-16,-0.045454545454545414,-0.008560311284046662
2014-12-17,-0.017316017316017285,-0.0031397174254317317
2014-12-18,0.013215859030837107,0.0023622047244094
2014-12-19,0.04565217391304355,0.005106048703849231
2014-12-22,-0.11226611226611227,-0.017975771785853856
2014-12-23,-0.10772833723653397,-0.018304814962196603
2014-12-24,0.07611548556430447,0.011755168220510814
2014-12-25,-0.034146341463414664,-0.005608974358974339
2014-12-26,-0.005050505050505083,-0.0008058017727639033
2014-12-29,0.09898477157360408,0.01572580645161281
2014-12-30,0.20554272517321026,0.03533148074632786
2014-12-31,-0.026819923371647514,-0.005368098159509227
2015-01-05,-0.06692913385826771,-0.013107170393215073
2015-01-06,0.12447257383966237,0.02304687499999991
2015-01-07,-0.06378986866791747,-0.012982054219167649
2015-01-08,-0.012024048096192397,-0.002321083172146965
2015-01-09,-0.04462474645030423,-0.008530438154323416
2015-01-12,-0.11677282377919318,-0.02150958154086824
2015-01-13,0.02163461538461542,0.003597122302158251
2015-01-14,-0.05647058823529416,-0.009557945041816063
2015-01-15,0.07980049875311712,0.012866907921190274
2015-01-16,-0.020785219399538146,-0.0035728463676062416
2015-01-19,0.014150943396226356,0.002788844621513853
2015-01-20,-0.06511627906976747,-0.011521652761223633
2015-01-21,-0.03980099502487566,-0.006430868167202619
2015-01-22,0.0181347150259068,0.0028317152103560783
2015-01-23,0.012722646310432628,0.002016942315449688
2015-01-26,-0.085427135678392,-0.013687600644122333
2015-01-27,0.013736263736263687,0.0020408163265306367
2015-01-28,0.051490514905149,0.00773930753564156
2015-01-29,0.0850515463917525,0.013338722716248919
2015-01-30,-0.02137767220902609,-0.0035899481451934223
2015-02-02,-0.014563106796116498,-0.0024019215372297342
2015-02-03,-0.044334975369458074,-0.007223113964687
2015-02-04,-0.01804123711340211,-0.0028294260307194508
2015-02-05,0.013123359580052396,0.0020267531414672746
2015-02-06,0.06217616580310881,0.009304207119741115
2015-02-09,-0.04390243902439028,-0.007214428857715394
2015-02-10,0.028061224489795977,0.0056519983851432976
2015-02-11,0.002481389578163684,-0.0004014452027297777
2015-02-12,-0.0024752475247524774,-0.00040160642570286065
2015-02-13,0.06203473945409432,0.010044194455604671
2015-02-16,0.02336448598130847,0.004375497215592716
2015-02-17,-0.006849315068493178,-0.0011881188118811892
2015-02-25,-0.08735632183908049,0.005154639175257714
2015-02-26,0.055415617128463435,-0.011834319526627168
2015-02-27,-0.09785202863961817,-0.015968063872255467
2015-03-02,0.021164021164021163,0.0028397565922921864
2015-03-03,-0.010362694300518172,-0.0016181229773463146
2015-03-04,-0.010471204188481686,-0.0016207455429497752
2015-03-05,-0.044973544973545,-0.006899350649350655
2015-03-06,-0.08033240997229918,-0.011851246424192885
2015-03-09,0.003012048192771122,0.028122415219189456
2015-03-10,-0.09909909909909909,-0.013274336283185861
2015-03-11,0.06000000000000005,0.007337953526294294
2015-03-12,0.07861635220125796,0.010117361392149027
2015-03-13,-0.008746355685131157,-0.0012019230769231282
2015-03-16,0.07941176470588229,0.010830324909747224
2015-03-17,-0.021798365122615793,-0.0031746031746031633
2015-03-18,-0.0807799442896936,-0.011544585987261158
2015-03-19,-0.00303030303030305,-0.000402738622633958
2015-03-20,-0.003039513677811523,-0.00040290088638195165
2015-03-23,0.2042682926829269,0.022571543732365917
2015-03-24,-0.015189873417721489,0.0019708316909736734
2015-03-25,-0.08997429305912596,-0.013768686073957537
2015-03-26,-0.04519774011299438,-0.0063821300358994915
2015-03-27,-0.041420118343195256,-0.005620232838217554
2015-03-30,-0.08024691358024694,-0.010496568429551822
2015-03-31,-0.06711409395973156,-0.008159934720522233
2015-04-01,-0.14748201438848918,-0.01686548745372274
2015-04-02,-0.20253164556962022,-0.020083682008368187
2015-04-03,-0.005291005291005346,-0.000426985482493647
2015-04-07,-0.15957446808510634,-0.0128150363092695
2015-04-08,0.08227848101265822,0.005625270445694497
2015-04-09,-0.19883040935672514,-0.014629948364888179
2015-04-10,-0.17518248175182483,-0.010480349344978213
2015-04-13,0.5575221238938053,0.026037069726390083
2015-04-14,-0.02840909090909094,-0.00043010752688177334
2015-04-15,-0.1578947368421053,-0.011617900172117057
2015-04-16,0.14583333333333326,0.009142359599477512
2015-04-17,-0.042424242424242475,-0.0030198446937014234
2015-04-20,-0.20253164556962022,-0.01384681955863265
2015-04-21,0.015873015873015817,0.000877577885037395
2015-04-22,0.359375,0.02016659359929851
2015-04-23,-0.02298850574712641,-0.001718951439621863
2015-04-24,0.32352941176470584,0.02367628067154537
2015-04-27,0.1333333333333333,0.012615643397813292
2015-04-28,-0.039215686274509776,-0.004152823920265836
2015-04-29,-0.23673469387755097,-0.024186822351960013
2015-04-30,0.1336898395721926,0.010683760683760646
2015-05-04,0.2264150943396226,0.02029598308668068
2015-05-05,0.05769230769230771,0.006216328222130141
2015-05-06,0.0072727272727273196,0.0008237232289951546
2015-05-07,-0.0830324909747292,-0.009465020576131633
2015-05-08,0.019685039370078705,0.002077274615704283
2015-05-11,0.03474903474903468,0.003731343283582156
2015-05-12,-0.11194029850746268,-0.012391573729863659
2015-05-13,-0.03361344537815125,-0.003345880384776234
2015-05-14,-0.08695652173913049,-0.008392782207301774
2015-05-15,0.04285714285714293,0.003808717731696998
2015-05-18,-0.10502283105022836,-0.009696458684654297
2015-05-19,-0.0357142857142857,-0.0029799914857385756
2015-05-20,-0.14814814814814814,-0.011955593509820672
2015-05-21,0.18633540372670798,0.012964563526361328
2015-05-22,0.03664921465968596,0.002986348122866911
2015-05-25,-0.02020202020202022,-0.0017014036580178526
2015-05-26,0.020618556701030855,0.001704303365999138
2015-05-27,0.02020202020202011,0.0017014036580178526
2015-05-28,0.0,0.0
2015-05-29,0.01980198019801982,0.001698513800424628
2015-06-01,0.06310679611650483,0.005510809665112415
2015-06-02,0.013698630136986356,0.001264755480607116
2015-06-03,-0.11711711711711714,-0.010947368421052595
2015-06-04,0.03571428571428581,0.0029799914857386867
2015-06-05,-0.07389162561576357,-0.006366723259762286
2015-06-08,-0.037234042553191515,-0.0029901751388295983
2015-06-09,0.016574585635359185,0.0012853470437017567
2015-06-10,-0.005434782608695676,-0.0004278990158322893
2015-06-11,0.10382513661202175,0.008133561643835607
2015-06-12,-0.27722772277227725,-0.023779193205944793
2015-06-15,-0.12328767123287676,-0.00782949108307962
2015-06-16,-0.296875,-0.016659359929855344
2015-06-17,-0.2222222222222222,-0.008916629514043706
2015-06-18,0.3142857142857143,0.00989653621232578
2015-06-19,0.010869565217391353,0.00044543429844101645
2015-06-23,-0.07526881720430112,-0.0961709706144257
2015-06-24,0.023255813953488413,0.1039408866995073
2015-06-25,-0.26136363636363635,-0.010263275323516341
2015-06-26,-0.07692307692307687,-0.0022542831379621653
2015-06-29,-0.5333333333333333,-0.014460009037505661
2015-06-30,-1.6428571428571428,-0.02109124254928929
2015-07-01,0.6111111111111112,-0.005152224824355955
2015-07-03,0.10344827586206895,-0.057438794726930364
2015-07-06,2.9375,0.012487512487512564
2015-07-07,0.5555555555555556,-0.03453379378391708
2015-07-08,0.33673469387755106,-0.033725089422585564
2015-07-09,-0.4312977099236641,0.059756742464304624
2015-07-10,-0.020134228187919434,0.0014970059880239361
2015-07-13,-0.006849315068493178,0.0004982561036372957
2015-07-14,0.006896551724137945,-0.0004980079681274896
2015-07-15,0.11643835616438358,-0.008470353761833582
2015-07-16,-0.09202453987730064,0.007537688442211143
2015-07-17,-0.006756756756756799,0.0004987531172069293
2015-07-20,-0.4013605442176871,0.05284147557328023
2015-07-21,0.3522727272727273,-0.014678030303030276
2015-07-22,0.4201680672268908,-0.024026910139356095
2015-07-23,-0.1124260355029586,0.009354997538158605
2015-07-24,0.040000000000000036,-0.0029268292682926855
2015-07-27,-0.1923076923076923,0.014677103718199636
2015-07-28,0.015873015873015817,-0.0009643201542912649
2015-07-29,-0.296875,0.01833976833976836
2015-07-30,0.2777777777777777,-0.011848341232227444
2015-07-31,-0.08695652173913049,0.004796163069544335
2015-08-03,0.161904761904762,-0.008114558472553712
2015-08-04,-0.15573770491803274,0.009143407122232938
2015-08-05,-0.009708737864077666,0.0004768717215068996
2015-08-06,0.21568627450980382,-0.010486177311725409
2015-08-07,0.10483870967741926,-0.006262042389210021
2015-08-10,0.13138686131386867,-0.008725157537566641
2015-08-11,-0.05161290322580647,0.003911980440097773
2015-08-12,-0.12244897959183676,0.008767657087189518
2015-08-13,-0.16279069767441856,0.01014002897151145
2015-08-14,0.06481481481481488,-0.0033460803059273125
2015-08-17,0.22608695652173916,-0.012470023980815315
2015-08-18,0.07092198581560294,-0.004856726566294323
2015-08-19,0.0331125827814569,-0.0024402147388969953
2015-08-20,0.10256410256410264,-0.007827788649706457
2015-08-21,0.023255813953488413,-0.0019723865877712132
2015-08-24,0.5113636363636365,-0.0444664031620553
2015-08-25,0.003759398496240518,-0.0005170630816959676
2015-08-26,-0.014981273408239737,0.0020693222969476732
2015-08-27,-0.12167300380228141,0.01652039235931846
2015-08-28,-0.030303030303030276,0.003555104113763363
2015-08-31,0.1071428571428572,-0.012145748987854255
2015-09-01,-0.04435483870967738,0.00563524590163933
2015-09-02,0.03375527426160341,-0.004075394803871646
2015-09-07,0.1428571428571428,0.007672634271099765
2015-09-08,-0.10357142857142854,-0.010659898477157315
2015-09-09,0.003984063745019917,-0.0005130836326321386
2015-09-10,-0.031746031746031744,0.004106776180698102
2015-09-11,0.040983606557376984,-0.005112474437627856
2015-09-14,0.06692913385826782,-0.008735868448098705
2015-09-15,0.07380073800738018,-0.010368066355624705
2015-09-16,-0.08591065292096223,0.013095861707700385
2015-09-17,0.03007518796992481,-0.004136504653567741
2015-09-18,0.014598540145985384,-0.0020768431983385627
2015-09-21,0.06474820143884896,-0.009365244536940653
2015-09-22,0.04391891891891886,-0.0068277310924369505
2015-09-23,-0.035598705501618144,0.005817028027498727
2015-09-24,0.030201342281879207,-0.004731861198738141
2015-09-25,0.006514657980456029,-0.0010565240359218242
2015-09-28,0.10355987055016191,-0.0169222633527234
2015-09-29,0.07624633431085037,-0.013986013986013957
2015-09-30,0.032697547683923744,-0.006546644844517169
2015-10-08,-0.01319261213720313,-0.02855573860516203
2015-10-09,-0.06951871657754005,0.04691916336913504
2015-10-12,0.014367816091954033,-0.0026997840172786614
2015-10-13,0.025495750708215192,-0.004872766648619353
2015-10-14,0.022099447513812098,-0.0043525571273123065
2015-10-15,-0.010810810810810811,0.002185792349726823
2015-10-16,0.010928961748633892,-0.0021810250817884125
2015-10-19,0.06216216216216219,-0.012568306010928953
2015-10-20,0.01526717557251911,-0.003320420586607642
2015-10-21,-0.007518796992481258,0.0016657412548584105
2015-10-22,-0.002525252525252486,0.0005543237250553723
2015-10-23,0.010126582278481067,-0.002216066481994461
2015-10-26,0.0,0.0
2015-10-27,-0.007518796992481258,0.0016657412548584105
2015-10-28,0.030303030303030276,-0.006651884700665134
2015-10-29,-0.007352941176470562,0.0016741071428572063
2015-10-30,0.032098765432098775,-0.007242339832869038
2015-11-02,-0.011961722488038284,0.0028058361391694042
2015-11-03,0.01937046004842613,-0.004476776720761078
2015-11-04,-0.009501187648456089,0.0005621135469364713
2015-11-05,0.00959232613908867,-0.0022471910112359383
2015-11-06,-0.04275534441805229,0.010135135135135087
2015-11-09,-0.027295285359801524,0.006131549609810438
2015-11-10,0.020408163265306145,-0.004432132963988922
2015-11-11,0.050000000000000044,-0.01112966054535336
2015-11-12,0.02857142857142847,-0.006752954417557633
2015-11-13,0.01388888888888884,-0.0033994334277620553
2015-11-16,0.013698630136986356,-0.0034110289937464566
2015-11-17,0.0022522522522523403,-0.0005704506560182399
2015-11-18,0.035955056179775235,-0.0091324200913242
2015-11-19,0.06724511930585675,-0.017857142857142905
2015-11-20,0.020325203252032464,-0.0058651026392961825
2015-11-23,0.0717131474103585,-0.0212389380530974
2015-11-24,-0.014869888475836479,0.004822182037371947
2015-11-25,-0.016981132075471694,0.005398920215956782
2015-11-26,-0.007677543186180413,0.0023866348448686736
2015-11-27,0.046421663442939964,-0.014285714285714235
2015-11-30,0.055452865064695045,-0.018115942028985477
2015-12-01,-0.012259194395796813,0.004305043050430557
2015-12-02,-0.046099290780141855,0.015921616656460413
2015-12-03,0.044609665427509215,-0.01446654611211573
2015-12-04,-0.026690391459074703,0.00917431192660545
2015-12-07,-0.03656307129798908,0.0121212121212122
2015-12-08,0.030360531309297834,-0.009580838323353325
2015-12-09,-0.0036832412523020164,0.0012091898428052694
2015-12-10,0.014787430683918634,-0.004830917874396157
2015-12-11,-0.01821493624772308,0.0060679611650484855
2015-12-14,-0.012987012987012991,0.0042219541616406175
2015-12-15,0.015037593984962516,-0.00480480480480483
2015-12-16,-0.029629629629629672,0.00965600482800233
2015-12-17,-0.007633587786259555,0.002390914524805776
2015-12-18,-0.06730769230769229,0.020870602265951055
2015-12-21,-0.07628865979381438,0.02161214953271018
2015-12-22,0.0401785714285714,-0.010291595197255532
2015-12-23,0.030042918454935563,-0.008087810514153637
2015-12-24,-0.014583333333333282,0.004076878276062956
2015-12-25,-0.02748414376321351,0.007540603248259892
2015-12-28,-0.008695652173912993,0.0023028209556708035
2015-12-29,-0.08552631578947367,0.02240091901206198
2015-12-30,0.0,0.0
2015-12-31,-0.00959232613908878,0.0022471910112360494
2016-01-04,0.016949152542372836,-0.003923766816143481
2016-01-05,-0.02857142857142858,0.006752954417557744
2016-01-06,0.03431372549019618,-0.007825600894354356
2016-01-07,0.004739336492890933,-0.0011267605633802358
2016-01-08,0.03301886792452824,-0.007896221094190636
2016-01-11,0.0022831050228311334,-0.0005685048322910946
2016-01-12,0.03872437357630987,-0.009670079635949902
2016-01-13,0.002192982456140413,-0.0005743825387708457
2016-01-14,-0.03938730853391681,0.010344827586206806
2016-01-15,-0.04555808656036442,0.011376564277588264
2016-01-18,-0.116945107398568,0.027559055118110187
2016-01-19,-0.032432432432432434,0.006568144499178974
2016-01-20,0.05865921787709505,-0.011419249592169667
2016-01-21,0.02638522427440626,-0.005500550055005493
2016-01-22,-0.03856041131105403,0.00829646017699126
2016-01-25,-0.045454545454545414,0.009325287986834851
2016-01-26,-0.014005602240896309,0.0027173913043478937
2016-01-27,-0.051136363636363646,0.009756097560975618
2016-01-28,0.14371257485029942,-0.025764895330112725
2016-01-29,0.002617801047120505,-0.000550964187327807
2016-02-01,-0.01305483028720622,0.002756339581036382
2016-02-02,0.010582010582010692,-0.0021990104452995762
2016-02-03,-0.028795811518324554,0.0060606060606061
2016-02-04,-0.06738544474393526,0.013691128148959564
2016-02-05,0.023121387283236983,-0.00432198811453266
2016-02-15,-0.08192090395480223,0.015735214324470892
2016-02-16,0.021538461538461506,-0.003739316239316226
2016-02-17,0.012048192771084265,-0.00214477211796249
2016-02-18,-0.0267857142857143,0.004836109618484796
2016-02-19,-0.08256880733944949,0.01443850267379676
2016-02-22,-0.21666666666666667,0.03426462836056943
2016-02-23,0.15319148936170213,-0.01834862385321101
2016-02-24,-0.011070110701106972,0.0015576323987538387
2016-02-25,0.003731343283582156,-0.0005184033177811909
2016-02-26,0.02230483271375472,-0.003112033195020736
2016-02-29,-0.1709090909090909,0.024453694068678367
2016-03-01,-0.10964912280701755,0.012696800406297504
2016-03-02,0.0049261083743843415,-0.0005015045135405849
2016-03-03,0.09313725490196068,-0.009533366783743058
2016-03-04,-0.058295964125560484,0.006585612968591725
2016-03-07,-0.4095238095238095,0.043281328636134875
2016-03-08,-0.9758064516129032,0.05836951278340563
2016-03-09,30.0,-0.04102096627164997
2016-03-10,-0.27956989247311825,0.012357414448669113
2016-03-11,0.6716417910447761,-0.021126760563380254
2016-03-14,0.3482142857142858,-0.0474820143884892
2016-03-15,0.0927152317880795,-0.007049345417925457
2016-03-16,-0.21818181818181814,0.018255578093306246
2016-03-17,-0.5426356589147288,0.03486055776892427
2016-03-18,-0.6779661016949152,0.019249278152069227
2016-03-21,-1.526315789473684,0.01369216241737492
2016-03-22,1.1,0.005123428039124356
2016-03-23,1.6666666666666665,0.01621872103799804
2016-03-24,-1.3035714285714286,-0.03328773369813043
2016-03-25,-3.764705882352941,0.030188679245283012
2016-03-28,-1.1063829787234043,-0.023809523809523836
2016-03-29,-5.4,0.012664165103189573
2016-03-30,-2.090909090909091,-0.02130616025937937
2016-03-31,-0.9583333333333334,0.010884997633696214
2016-04-01,-57.0,0.026685393258427004
2016-04-05,0.017857142857142794,0.07159142726858181
2016-04-06,-0.21052631578947367,-0.07148936170212761
2016-04-07,0.19999999999999996,0.004124656278643446
2016-04-08,0.09259259259259256,0.0022820629849384932
2016-04-11,1.6440677966101696,0.04417122040072852
2016-04-12,0.32692307692307687,0.022241604884430943
2016-04-13,0.04347826086956519,0.0038395904436860917
2016-04-14,-0.1342592592592593,-0.01232469188270291
2016-04-15,-0.12834224598930477,-0.0103270223752151
2016-04-18,0.5582822085889572,0.039565217391304364
2016-04-19,0.405511811023622,0.04307820995399414
2016-04-20,0.27450980392156854,0.039294306335204476
2016-04-21,0.34725274725274735,0.060956790123456894
2016-04-22,-0.21370309951060362,-0.04763636363636359
2016-04-25,0.049792531120331995,0.009163802978235935
2016-04-26,-0.1758893280632411,-0.033673855467272085
2016-04-27,-0.1294964028776978,-0.02114330462020364
2016-04-28,0.1074380165289257,0.015600000000000058
2016-04-29,0.10199004975124382,0.016148089799133514
2016-05-03,-0.291196388261851,-0.050000000000000044
2016-05-04,-0.22292993630573243,-0.02855977152182787
2016-05-05,-0.29508196721311475,-0.030239395212095732
2016-05-06,0.15697674418604657,0.011693373754872338
2016-05-09,-0.8090452261306533,-0.06892123287671237
2016-05-10,-0.736842105263158,-0.012873563218390838
2016-05-11,-0.09999999999999998,-0.0004657661853749717
2016-05-12,-8.0,-0.033550792171481825
2016-05-13,0.6984126984126984,-0.02121504339440694
2016-05-16,-0.20560747663551404,0.010837438423645374
2016-05-17,-0.7294117647058824,0.030214424951267027
2016-05-18,2.5652173913043477,-0.027909176915799416
2016-05-19,0.14634146341463405,-0.005839416058394109
2016-05-20,-0.2021276595744681,0.009300048947626038
2016-05-23,1.5333333333333332,-0.055771096023278344
2016-05-24,-0.05789473684210522,0.005649717514124353
2016-05-25,0.23463687150837997,-0.021450459652706866
2016-05-26,-0.16742081447963797,0.019311064718162907
2016-05-27,-0.4347826086956522,0.04096262160778297
2016-05-30,0.41346153846153855,-0.021151008362026547
2016-05-31,0.08163265306122458,-0.0060301507537688925
2016-06-01,0.14465408805031443,-0.011627906976744207
2016-06-02,0.005494505494505475,-0.000511508951406614
2016-06-03,-0.18579234972677594,0.017400204708290623
2016-06-06,-0.47651006711409394,0.03571428571428581
2016-06-07,-0.23076923076923073,0.008742107819329714
2016-06-08,-0.3666666666666667,0.010592200288878084
2016-06-13,-1.868421052631579,0.03382563125297766
2016-06-14,-2.9696969696969697,-0.04516129032258065
2016-06-15,0.07692307692307687,-0.0024131274131273805
2016-06-16,-0.09999999999999998,0.0033865505563619447
2016-06-17,0.0,0.0
2016-06-20,0.19047619047619047,-0.005785920925747368
2016-06-21,-0.2666666666666667,0.009699321047526688
2016-06-22,-1.1090909090909091,0.029298751200768525
2016-06-23,-0.33333333333333337,-0.0009332711152589823
2016-06-24,-3.75,-0.007006071929005153
2016-06-27,-12.909090909090908,0.06679209783631235
2016-06-28,-0.022900763358778664,-0.001322751322751281
2016-06-29,-0.1875,-0.01059602649006619
2016-06-30,0.9230769230769231,0.04283801874163329
2016-07-01,0.06000000000000005,0.005134788189987249
2016-07-04,0.35377358490566047,0.03192848020434225
2016-07-05,-0.0766550522648084,-0.009075907590759047
2016-07-06,-0.09056603773584904,-0.009991673605328932
2016-07-07,0.03734439834024905,0.003784693019343921
2016-07-08,0.23199999999999998,0.024298282362798407
2016-07-11,-0.04870129870129869,-0.006134969325153339
2016-07-12,0.4368600682593857,0.05267489711934159
2016-07-13,-0.0997624703087886,-0.016419077404221993
2016-07-14,0.02110817941952514,0.0031796502384737746
2016-07-15,0.007751937984496138,0.0011885895404120106
2016-07-18,-0.42307692307692313,-0.06529481598733677
2016-07-19,-0.28888888888888886,-0.0275190516511431
2016-07-20,0.08125000000000004,0.005659555942533645
2016-07-21,0.49710982658959546,0.03722943722943728
2016-07-22,-0.33204633204633205,-0.035893155258764575
2016-07-25,0.18497109826589586,0.013852813852813783
2016-07-26,0.18048780487804872,0.01579846285226294
2016-07-27,0.16115702479338845,0.016393442622950838
2016-07-28,0.22064056939501775,0.02564102564102555
2016-07-29,-0.1982507288629738,-0.02741935483870972
2016-08-01,0.30181818181818176,0.034411276948590475
2016-08-02,0.05307262569832405,0.007615230460921829
2016-08-03,-0.04509283819628651,-0.00676213206046139
2016-08-04,-0.12222222222222223,-0.017621145374449365
2016-08-05,0.268987341772152,0.03465144720750102
2016-08-08,0.17206982543640903,0.027186761229314405
2016-08-09,-0.03829787234042559,-0.0069044879171461515
2016-08-10,-0.004424778761061954,-0.0007724990343762617
2016-08-11,0.015555555555555545,0.0027058368766912366
2016-08-12,-0.03719912472647702,-0.0065535851966075365
2016-08-15,-0.013636363636363669,-0.002328288707799775
2016-08-16,0.17741935483870974,0.029949436017113973
2016-08-17,-0.1154598825831703,-0.02228096676737157
2016-08-18,0.042035398230088505,-0.015449980687524123
2016-08-19,0.03821656050955413,0.007061592781482995
2016-08-22,-0.02862985685071573,-0.005453837164004716
2016-08-23,0.09052631578947379,0.01684292988640812
2016-08-24,-0.013513513513513487,-0.002696456086286547
2016-08-25,-0.043052837573385516,-0.008497489378138323
2016-08-26,-0.13292433537832316,-0.025321386832878878
2016-08-29,-0.05896226415094341,-0.009992006394884068
2016-08-30,-0.1378446115288221,-0.02220427937020586
2016-08-31,-0.08720930232558144,-0.012386457473162693
2016-09-01,0.031847133757961776,0.004180602006689016
2016-09-02,0.012345679012345734,0.0016652789342215257
2016-09-05,0.09146341463414642,0.012468827930174564
2016-09-06,-0.022346368715083775,-0.003284072249589487
2016-09-07,-0.26857142857142857,-0.038714991762767714
2016-09-08,0.015625,0.001713796058269157
2016-09-09,0.019230769230769162,0.0021385799828914642
2016-09-12,-0.24905660377358485,-0.028169014084507005
2016-09-13,-0.10552763819095479,-0.00922266139657446
2016-09-14,-0.0337078651685393,-0.0026595744680850686
2016-09-19,-0.06395348837209303,-0.004888888888888943
2016-09-20,0.15527950310559002,0.011165698972755767
2016-09-21,-0.037634408602150504,-0.0030918727915194566
2016-09-22,0.12849162011173187,0.010190518387239722
2016-09-23,0.14356435643564347,0.01271929824561413
2016-09-26,0.030303030303030276,0.003031615417929734
2016-09-27,-0.18067226890756305,-0.01856649395509502
2016-09-28,0.06153846153846154,0.005279366476022895
2016-09-29,-0.05797101449275366,-0.005251641137855589
2016-09-30,-0.10256410256410253,-0.008798944126704789
2016-10-10,0.0971428571428572,0.00754549489569456
2016-10-11,0.359375,0.03039647577092519
2016-10-12,0.07279693486590033,0.008123129542539465
2016-10-13,-0.014285714285714235,-0.0016963528413910245
2016-10-14,0.16304347826086962,0.019116397621070425
2016-10-17,0.09968847352024923,0.01333889120466858
2016-10-18,0.028328611898017053,0.004113533525298196
2016-10-19,-0.019283746556473802,-0.0028676771814829527
2016-10-20,0.146067415730337,0.021364009860312283
2016-10-21,-0.002450980392156854,-0.0004022526146419958
2016-10-24,0.014742014742014753,0.0024144869215292353
2016-10-25,0.18886198547215494,0.031312725812926434
2016-10-26,-0.07128309572301428,-0.013623978201634857
2016-10-27,-0.04824561403508776,-0.008681925808997626
2016-10-28,0.1751152073732718,0.030254777070063632
2016-10-31,0.0235294117647058,0.004636785162287493
2016-11-01,0.02490421455938696,0.004999999999999893
2016-11-02,-0.005607476635513975,-0.0011481056257175437
2016-11-03,0.1522556390977443,0.03103448275862064
2016-11-04,0.040783034257748874,0.009290226681531122
2016-11-07,0.2711598746081505,0.06369661266568483
2016-11-08,-0.06535141800246613,-0.01834544825199036
2016-11-09,0.23614775725593673,0.06311706629055003
2016-11-10,-0.029882604055496254,-0.009286898839137692
2016-11-11,0.15291529152915295,0.046534984934717194
2016-11-14,-0.1727099236641222,-0.05790147152911074
2016-11-15,-0.10034602076124566,-0.02954159592529715
2016-11-16,-0.05384615384615388,-0.01469559132260323
2016-11-17,-0.0027100271002710175,-0.0007102272727272929
2016-11-18,-0.057065217391304324,-0.014925373134328401
2016-11-21,-0.08357348703170031,-0.0209235209235209
2016-11-22,0.2924528301886793,0.06853352984524697
2016-11-23,0.06569343065693434,0.018620689655172384
2016-11-24,-0.003424657534246589,-0.0010155721056195333
2016-11-25,0.23253150057273775,0.06879024059640804
2016-11-28,0.08736059479553893,0.056436271401395066
2016-11-29,-0.23076923076923073,-0.08103241296518604
2016-11-30,-0.06888888888888889,-0.020248203788373664
2016-12-01,0.22315035799522676,0.06233333333333335
2016-12-02,-0.05951219512195127,-0.01914025729526203
2016-12-05,0.08091286307053935,0.0249520153550864
2016-12-06,0.0124760076775432,0.004057428214731651
2016-12-07,0.1563981042654028,0.051290021759403226
2016-12-08,0.009836065573770592,0.003548196333530429
2016-12-09,-0.03977272727272729,-0.014437242192103739
2016-12-12,0.08368554522400684,0.02959641255605372
2016-12-13,0.0475819032761311,0.017711962833913963
2016-12-14,-0.0967982129560685,-0.03708987161198285
2016-12-15,0.031327287716405694,0.011259259259259302
2016-12-16,-0.09592326139088725,-0.03515968356284793
2016-12-19,-0.10786914235190093,-0.037048284239295515
2016-12-20,-0.008919722497522264,-0.0028382213812677692
2016-12-21,0.006999999999999895,0.0022137887413029578
2016-12-22,-0.14200595829195628,-0.04512464499842217
2016-12-23,-0.04861111111111116,-0.013879709187045619
2016-12-26,-0.07542579075425793,-0.020777479892761352
2016-12-27,0.11052631578947358,0.028747433264887157
2016-12-28,-0.020142180094786744,-0.005655355954757191
2016-12-29,-0.044740024183796856,-0.01237872198059553
2016-12-30,-0.10759493670886078,-0.02879403794037938
2017-01-03,-0.02269503546099294,-0.005580746424834304
2017-01-04,0.11465892597968064,0.02770957558751319
2017-01-05,0.01432291666666674,0.003754266211604129
2017-01-06,-0.03722721437740695,-0.009860591635498128
2017-01-09,0.18133333333333335,0.04670329670329676
2017-01-10,0.13431151241534978,0.03904199475065617
2017-01-11,0.014925373134328401,0.00473634354278496
2017-01-12,0.02450980392156854,0.007856693903205425
2017-01-13,-0.012440191387559807,-0.004053632678515773
2017-01-16,0.1753875968992249,0.056668753913587944
2017-01-17,-0.07502061005770821,-0.026962962962962966
2017-01-18,0.007130124777183555,0.0024360535931791105
2017-01-19,-0.031858407079646045,-0.010935601458080146
2017-01-20,-0.05667276051188297,-0.01904176904176902
2017-01-23,-0.013565891472868241,-0.004383218534752653
2017-01-24,0.11001964636542239,0.035220125786163514
2017-01-25,0.006194690265486802,0.0021263669501823124
2017-01-26,0.06156552330694809,0.021218551076083614
2017-02-03,-0.21209610604805307,-0.07598693974473136
2017-02-06,-0.03259726603575186,-0.00995823964021847
2017-02-07,0.0902173913043478,0.0269305645684621
2017-02-08,0.07776669990029905,0.024644549763033208
2017-02-09,-0.03422756706753005,-0.01140918902250998
2017-02-10,0.11685823754789282,0.03805364940736111
2017-02-13,0.09348198970840471,0.032752403846153744
2017-02-14,0.0039215686274509665,0.0014547570555716316
2017-02-15,-0.039843749999999956,-0.014816966879721116
2017-02-16,-0.008136696501220508,-0.0029489826010026254
2017-02-17,0.07547169811320753,0.027210884353741527
2017-02-20,0.055682684973302754,0.02101929167866401
2017-02-21,0.020953757225433467,0.008178228990411762
2017-02-22,-0.03538570417551312,-0.013986013986013957
2017-02-23,-0.030814380044020595,-0.01191489361702125
2017-02-24,0.011355034065102299,0.004306632213608941
2017-02-27,0.08532934131736525,0.032590051457976
2017-02-28,-0.09724137931034482,-0.039036544850498345
2017-03-01,0.054239877769289624,0.020455200230481196
2017-03-02,0.007971014492753614,0.0031055900621117516
2017-03-03,0.009345794392523255,0.003658879819870453
2017-03-06,-0.07051282051282048,-0.027762198541783523
2017-03-07,0.020689655172413834,0.007787712719930839
2017-03-08,-0.05180180180180183,-0.019748139668002263
2017-03-09,-0.028503562945368155,-0.010510948905109507
2017-03-10,0.010594947025264867,0.0038359398052523197
2017-03-13,0.16290322580645156,0.05937683715461484
2017-03-14,-0.006934812760055475,-0.002774694783573839
2017-03-15,0.0328212290502794,0.013077351140790228
2017-03-16,-0.010818120351588911,-0.0043943971436418705
2017-03-17,-0.03417634996582364,-0.01379310344827589
2017-03-20,0.00424628450106157,0.0016783216783216037
2017-03-21,-0.07399577167019022,-0.029321418598156956
2017-03-22,-0.054033485540334825,-0.020425776754890657
2017-03-23,0.008045052292839916,-0.08164464023494855
2017-03-24,0.010375099760574713,0.00415733930284623
2017-03-27,-0.0655608214849921,-0.02643312101910833
2017-03-28,-0.00591715976331364,-0.0022898266274125056
2017-03-29,0.10119047619047628,0.039016393442622865
2017-03-30,-0.020849420849420874,-0.008520037866834973
2017-03-31,0.007886435331230235,0.0031826861871420142
2017-04-05,0.05477308294209693,0.022208121827411276
2017-04-06,-0.04451038575667654,-0.01862197392923648
2017-04-07,-0.09627329192546585,-0.039215686274509776
2017-04-10,-0.03264604810996563,-0.012508229098090795
2017-04-11,-0.01598579040852577,-0.006000000000000005
2017-04-12,-0.08032490974729245,-0.029845741113346702
2017-04-13,0.023552502453385582,0.008295886622882831
2017-04-14,0.023969319271332612,0.008570449091532373
2017-04-17,-0.028089887640449396,-0.010197144799456104
2017-04-18,-0.08477842003853564,-0.030219780219780223
2017-04-19,0.02947368421052632,0.009915014164305846
2017-04-20,0.03783231083844574,0.012973352033660568
2017-04-21,0.03842364532019715,0.01349948078920038
2017-04-24,-0.000948766603415585,-0.0003415300546447675
2017-04-25,0.019943019943019946,0.007174581482746856
2017-04-26,0.017690875232774683,0.006445047489823663
2017-04-27,0.04483074107959739,0.01651499831479608
2017-04-28,0.08669001751313488,0.032824933687002567
2017-05-02,0.015310233682514163,0.0060995184590690865
2017-05-03,-0.0023809523809523725,-0.0009572431397575354
2017-05-04,-0.15910898965791564,-0.06387735547748319
2017-05-05,0.0,0.0
2017-05-08,0.06906338694418168,0.02490617536676898
2017-05-09,0.010619469026548645,0.003994673768308976
2017-05-10,0.053415061295972066,0.020225464190981368
2017-05-11,-0.01413133832086455,-0.0055248618784530246
2017-05-12,-0.1003372681281619,-0.03888888888888886
2017-05-15,0.04686035613870665,0.01700102006120363
2017-05-16,0.0071620411817368,0.0026746907388832675
2017-05-17,0.09866666666666668,0.037012337445815335
2017-05-18,0.027508090614886793,0.010932475884244397
2017-05-19,0.07874015748031504,0.03180661577608146
2017-05-22,0.07153284671532845,0.030209617755857066
2017-05-23,-0.03201634877384196,-0.014063435068821017
2017-05-24,-0.03448275862068961,-0.014871016691957561
2017-05-25,-0.019679300291545188,-0.008317929759704246
2017-05-26,0.015613382899628325,0.006523765144454741
2017-05-31,-0.10614934114202046,-0.04475308641975306
2017-06-01,-0.002457002457002422,-0.0009693053311793376
2017-06-02,-0.054187192118226646,-0.021345407503234104
2017-06-05,-0.07552083333333337,-0.028750826173165933
2017-06-06,0.018779342723004744,0.006805035726437536
2017-06-07,0.0027649769585254003,0.0010138560324433055
2017-06-08,0.005514705882353033,0.002025658338960179
2017-06-09,0.04478976234003662,0.01650943396226423
2017-06-12,0.013998250218722585,0.005303281405369509
2017-06-13,-0.08455565142364108,-0.032311242993735556
2017-06-14,0.1404335532516494,0.05076660988074955
2017-06-15,0.022314049586776852,0.008754863813229541
2017-06-16,-0.01616814874696848,-0.006428801028608211
2017-06-19,0.04026294165981925,0.015852474927207982
2017-06-20,-0.024486571879936858,-0.009872611464968206
2017-06-21,-0.03238866396761131,-0.012865873271148298
2017-06-22,-0.03179916317991627,-0.012381883349625311
2017-06-23,0.06309420916162489,0.02408446057406799
2017-06-26,0.03577235772357734,0.014175257731958713
2017-06-27,0.05965463108320246,0.02414231257941557
2017-06-28,0.040740740740740744,0.017059553349875856
2017-06-29,0.012811387900355964,0.0054894784995425105
2017-06-30,0.035137034434293835,0.015165301789505703
2017-07-03,0.044806517311609007,0.019719151478936325
2017-07-04,-0.03443794671864853,-0.015528860240257791
2017-07-05,0.04037685060565277,0.017857142857142794
2017-07-06,-0.0019404915912031306,-0.0008771929824561431
2017-07-07,0.0071289695398573105,0.0032191981270119907
2017-07-10,0.009009009009008917,0.0040840140023337135
2017-07-11,0.07844387755102034,0.0357350377687391
2017-07-12,0.005913660555884048,0.0028050490883591017
2017-07-13,0.04820693709582602,0.02293706293706288
2017-07-14,-0.059450364554122226,-0.02898550724637683
2017-07-17,0.045319022063208036,0.02140242185299912
2017-07-18,-0.02338847689674839,-0.011304108078301622
2017-07-19,0.054322429906542125,0.0259341885108757
2017-07-20,-0.1013850415512465,-0.049741777656971964
2017-07-21,0.017879161528976617,0.008295194508009196
2017-07-24,-0.005451241671714069,-0.002553191489361728
2017-07-25,0.03166869671132755,0.014789533560864543
2017-07-26,0.0,0.0
2017-07-27,0.0011806375442739991,0.0005605381165918466
2017-07-28,-0.007075471698113178,-0.003361344537815114
2017-07-31,0.10391923990498819,0.04918493535694202
2017-08-01,-0.018827326519634258,-0.009375837128315023
2017-08-02,0.014802631578947345,0.00730124391563014
2017-08-03,0.027552674230145957,0.013691275167785344
2017-08-04,0.05573080967402744,0.02807203389830515
2017-08-07,0.09810756972111556,0.05074703760947963
2017-08-08,-0.01995464852607709,-0.04780583476342237
2017-08-09,0.056455344747802005,0.031410916580844495
2017-08-10,-0.018396846254927768,-0.010484273589615567
2017-08-11,-0.045515394912985285,-0.02573158425832489
2017-08-14,-0.025712949976624544,-0.014241325737959554
2017-08-15,-0.028790786948176605,-0.01576044129235621
2017-08-16,-0.01976284584980237,-0.010675206832132411
2017-08-17,0.05141129032258074,0.02751551119503648
2017-08-18,0.04122722914669219,0.022578104489367368
2017-08-21,0.03084714548802947,0.01720154043645694
2017-08-22,-0.012952210808396591,-0.007319535588086845
2017-08-23,-0.06968325791855201,-0.03915586066615817
2017-08-24,0.03842412451361876,0.020905001323101358
2017-08-25,0.033723653395784536,0.018662519440124425
2017-08-28,0.0009062075215224841,0.0005089058524172518
2017-08-29,-0.022634676324128522,-0.012716174974567673
2017-08-30,-0.006484483557202436,-0.003606388459556964
2017-08-31,0.02750582750582753,0.015253360910030933
2017-09-01,0.06125226860254074,0.03437738731856377
2017-09-04,-0.0008550662676357623,-0.000492368291482026
2017-09-05,0.010269576379974277,0.005911330049261032
2017-09-06,-0.041507835662854764,-0.023996082272282115
2017-09-07,-0.012372956252761802,-0.007024586051179171
2017-09-08,-0.018791946308724827,-0.010611419909045017
2017-09-11,-0.00045599635202919764,-0.00025536261491321266
2017-09-12,0.02007299270072993,0.011238825031928412
2017-09-13,-0.0201252236135957,-0.011366506693609502
2017-09-14,-0.03788224554997721,-0.021205927439959082
2017-09-15,-0.012333965844402273,-0.006786739754633286
2017-09-18,-0.0019212295869356355,-0.001051248357424428
2017-09-19,-0.029355149181905626,-0.01604840831360166
2017-09-20,0.008924144769459685,0.004812834224598994
2017-09-21,-0.05061425061425062,-0.027408195848855788
2017-09-22,-0.0522774327122153,-0.027633378932968578
2017-09-25,0.026761332605133914,0.013787281935846885
2017-09-26,0.005851063829787284,0.0030530113794060565
2017-09-27,0.03437334743521947,0.017985611510791477
2017-09-28,-0.037321063394682996,-0.019842348464256587
2017-09-29,0.047265002655337174,0.02468108707709371
2017-10-09,0.0030425963488844854,0.05710419485791607
2017-10-10,-0.07482305358948438,-0.09037378392217099
2017-10-11,-0.016393442622950838,-0.008443568815085789
2017-10-12,0.08000000000000007,0.04087425489639518
2017-10-13,0.0761316872427984,0.040359967275702235
2017-10-16,0.004302103250477973,0.002359108781127217
2017-10-17,-0.039980961446930086,-0.021966527196652708
2017-10-18,-0.026772434308378834,-0.01443850267379676
2017-10-19,-0.04177279673968415,-0.022246337493217583
2017-10-20,0.09144072301967032,0.047724750277469585
2017-10-23,-0.03701899659035557,-0.0201271186440678
2017-10-24,0.019726858877086473,0.010540540540540544
2017-10-25,-0.017857142857142905,-0.009628242845680646
2017-10-26,-0.026767676767676774,-0.014312719416689212
2017-10-27,-0.03788271925272446,-0.020000000000000018
2017-10-30,-0.003236245954692518,-0.0016773832820800028
2017-10-31,0.030844155844155896,0.015961915429851592
2017-11-01,-0.034120734908136496,-0.017916207276736484
2017-11-02,0.042934782608695654,0.022172326690990785
2017-11-03,-0.015633142261594624,-0.008237232289950547
2017-11-06,0.06564319745897307,0.034330011074197087
2017-11-07,-0.014406358668653696,-0.0077623126338329795
2017-11-08,0.008568548387096753,0.004585918532506117
2017-11-09,0.007996001999000413,0.009667024704618665
2017-11-10,0.01784828953891915,0.009574468085106425
2017-11-13,0.00340964442279601,0.0018440463645943428
2017-11-14,0.0004854368932039055,0.0002629503023927615
2017-11-15,-0.048034934497816595,-0.026025236593059886
2017-11-16,-0.012742099898063186,-0.006747638326585648
2017-11-17,-0.0247805885389778,-0.013043478260869601
2017-11-20,0.03388035997882488,0.017621145374449254
2017-11-21,0.03430619559651826,0.018127705627705604
2017-11-22,0.026732673267326756,0.01435025245814514
2017-11-23,0.00433944069431047,0.0023578726748756385
2017-11-24,-0.005760921747479553,-0.003136434918975417
2017-11-27,0.00917431192660545,0.00498164656528588
2017-11-28,0.01866028708133971,0.010174797808505165
2017-11-29,0.039924847346171966,0.021952479338843034
2017-11-30,0.01490514905149043,0.00833965125094771
2017-12-01,-0.00578549176680021,-0.0032581453634085156
2017-12-04,0.03536257833482548,0.019864219260749216
2017-12-05,-0.013402507565931643,-0.007642998027613368
2017-12-06,-0.0477651183172656,-0.027080745341614865
2017-12-07,-0.04049700874367235,-0.022471910112359605
2017-12-08,0.03213429256594713,0.017502612330198453
2017-12-11,0.007899628252788116,0.004364569961489151
2017-12-12,-0.01290917473490083,-0.007157464212678932
2017-12-13,-0.02475478748248483,-0.013645726055612761
2017-12-14,-0.02155172413793105,-0.011746280344557603
2017-12-15,0.018600097895252077,0.010036978341257274
2017-12-18,0.024026910139355984,0.013075313807531463
2017-12-19,-0.038948850305021154,-0.02142488384099117
2017-12-20,0.00634765625,0.003429174360327192
2017-12-21,0.023774866569626463,0.01288117770767605
2017-12-22,0.042180094786729905,0.02309888398650406
2017-12-25,-0.0704865848112779,-0.03932014205986811
2017-12-26,0.017123287671232834,0.009242144177449063
2017-12-27,-0.01443001443001446,-0.00784929356357933
2017-12-28,-0.0165934602244997,-0.00896624472573837
2017-12-29,0.017866004962779236,0.009579563597658325
2018-01-02,0.03900536323744519,0.021085925144965767
2018-01-03,-0.03050211168465511,-0.016778523489932917
2018-01-04,0.004840271055179146,0.0026253609871358385
2018-01-05,-0.010115606936416222,-0.0054988216810683
2018-01-08,0.009732360097323589,0.00526592943654558
2018-01-09,0.0004819277108434328,0.0002619172341540299
2018-01-10,0.014450867052023142,0.00785545954438338
2018-01-11,-0.005223171889838563,-0.002857885164977869
2018-01-12,-0.022911694510739822,-0.012506513809275699
2018-01-15,0.005862237420615646,0.0031662269129286713
2018-01-16,-0.005828071879553143,-0.0031562335612835835
2018-01-17,0.018075232046897982,0.009762532981530292
2018-01-18,0.015355086372360827,0.00836164097204084
2018-01-19,0.031663516068052955,0.017362010883648527
2018-01-22,0.0004580852038478245,0.00025471217524186684
2018-01-23,-0.006868131868131844,-0.0038197097020626902
2018-01-24,0.01152604887044717,0.006390593047034709
2018-01-25,0.013217866909753795,0.007366014732029358
2018-01-26,-0.009446693657219951,-0.005295007564296572
2018-01-29,0.0,0.0
2018-01-30,-0.010899182561307952,-0.006083650190114032
2018-01-31,-0.0027548209366391463,-0.0015302218821728886
2018-02-01,0.007366482504604033,0.004086845466155786
2018-02-02,0.013711151736745864,0.007631645891630567
2018-02-05,0.0027051397655546428,0.0015147689977279555
2018-02-06,-0.010791366906474864,-0.006049911772119998
2018-02-07,-0.0027272727272726893,-0.0015216839969566243
2018-02-08,-0.0031905195989061497,-0.0017780035560071017
2018-02-09,-0.016003657978966634,-0.008905852417302795
2018-02-12,0.010687732342007372,0.005905006418485348
2018-02-13,0.0013793103448276334,0.0007656967840734552
2018-02-14,0.005968778696051391,0.0033154807447079992
2018-02-22,-0.031036056595162065,-0.017285205897305533
2018-02-23,0.03909561940650019,0.02146921883083297
2018-02-26,0.035811423390752495,0.02000506457330964
2018-02-27,0.0030634573304157975,0.0017378351539225623
2018-02-28,-0.00654450261780104,-0.0037174721189591198
2018-03-01,0.005270092226614009,0.0029850746268655914
2018-03-02,-0.003494975972040182,-0.001984126984126977
2018-03-05,-0.029373081981587057,-0.016650099403578533
2018-03-06,0.005420054200542035,0.0030326004548901775
2018-03-07,-0.03548966756513927,-0.019904257999496133
2018-03-08,-0.0447135537959944,-0.024678663239074528
2018-03-09,-0.0414431984397855,-0.022403795466526044
2018-03-12,0.0,0.0
2018-03-13,-0.007121057985757906,-0.003774602318684317
2018-03-14,0.020491803278688492,0.010825439783491264
2018-03-15,0.008534136546184845,0.004551539491298495
2018-03-16,-0.010452961672473893,-0.005597014925373123
2018-03-19,-0.04024144869215296,-0.021441972661484843
2018-03-20,-0.0010482180293500676,-0.0005477951246234403
2018-03-21,-0.016789087093389332,-0.008769525897506125
2018-03-22,0.0010672358591248265,0.0005529444290848229
2018-03-23,-0.13326226012793174,-0.0690798563138989
2018-03-26,-0.0036900369003689537,-0.0017809439002671734
2018-03-27,0.043209876543209846,0.020814748736247335
2018-03-28,-0.009467455621301801,-0.06437518205651038
2018-03-29,0.04599761051373963,0.023972602739726012
2018-03-30,0.058252427184465994,0.03101246579507455
2018-04-02,-0.025364274150026955,-0.013860218224712506
2018-04-03,0.005537098560354448,0.0029904306220096544
2018-04-04,-0.01982378854625555,-0.01073345259391767
2018-04-09,0.050561797752809,0.027124773960216952
2018-04-10,0.00588235294117645,0.0032276995305164924
2018-04-11,-0.012759170653907526,-0.007019596373208592
2018-04-12,0.003769520732364029,0.0020618556701030855
2018-04-13,0.02682403433476388,0.014697236919459122
2018-04-16,-0.04963427377220486,-0.027520278099652407
2018-04-17,0.014843320505772306,0.008042895442359255
2018-04-18,0.03358613217768158,0.018321513002364176
2018-04-19,0.0366876310272537,0.02031340684852001
2018-04-20,-0.03134479271991908,-0.017633674630261664
2018-04-23,0.04697286012526103,0.026056745801968706
2018-04-24,0.008973080757726848,0.005079006772009009
2018-04-25,0.005434782608695565,0.003088152723189186
2018-04-26,-0.0073710073710073765,-0.004198152812762368
2018-04-27,0.017326732673267342,0.009836987071388359
2018-05-02,0.06520681265206818,0.03729473977177844
2018-05-03,-0.024668798538145298,-0.01448886503890534
2018-05-04,-0.004215456674473095,-0.0024503130955622066
2018-05-07,-0.0032925682031984538,-0.001910480349344934
2018-05-08,-0.009438414346389812,-0.005468963631391821
2018-05-09,-0.03144354454502141,-0.018146824305746545
2018-05-10,0.021642892277422554,0.012321478577429268
2018-05-11,0.028887818969667745,0.016597510373443924
2018-05-14,-0.0037435657463734673,-0.002176870748299309
2018-05-15,0.006575857209957681,0.0038178347422961334
2018-05-16,-0.0018665422305179646,-0.0010866612333605419
2018-05-17,0.0009350163627863672,0.0005439216752787246
2018-05-18,-0.022419430172816446,-0.01304702364773036
2018-05-21,-0.02006688963210701,-0.011567061415587943
2018-05-22,-0.007801072647489082,-0.004458066313736464
2018-05-23,-0.02063882063882061,-0.011754827875734675
2018-05-24,0.0260913196186654,0.014726706315491445
2018-05-25,-0.008801955990220045,-0.005023723137036029
2018-05-28,0.006906758756783482,0.003927068723702742
2018-05-29,0.027437530622244077,0.015646828723107076
2018-05-30,0.0042918454935623185,0.002475928473177458
2018-05-31,0.024691358024691468,0.014270032930845167
2018-06-01,0.017608897126969447,0.010281385281385225
2018-06-04,-0.006830601092896127,-0.004017139796464897
2018-06-05,0.007794589637780902,0.004571121269158374
2018-06-06,0.018198362147406666,0.010706638115631772
2018-06-07,0.013851653261840902,0.00820974576271194
2018-06-08,-0.00044072278536799736,-0.00026267402153923314
2018-06-11,-0.001322751322751281,-0.0007882291119285512
2018-06-12,0.02339955849889619,0.013936366026821023
2018-06-13,0.0012942191544433879,0.000778008298755184
2018-06-14,0.01637225333907799,0.009847110650427648
2018-06-15,0.002119542178889322,0.0012830382345394575
2018-06-19,-0.056260575296108284,-0.03408508457201431
2018-06-20,0.02151501568803238,0.012735473600424596
2018-06-21,-0.01930671347082058,-0.011527377521613813
2018-06-22,-0.005816554809843444,-0.0034455340577789206
2018-06-25,-0.016651665166516616,-0.009840425531914887
2018-06-26,-0.021967963386727685,-0.012892828364222453
2018-06-27,-0.0014038371548900086,-0.0008163265306122547
2018-06-28,0.03373945641986875,0.019607843137254832
2018-06-29,0.02855847688123303,0.016826923076923128
2018-07-02,-0.024680475980608185,-0.014709745206199054
2018-07-03,0.0009037505648441524,0.0005331911490269459
2018-07-04,0.013544018058690765,0.007993605115907298
2018-07-05,0.00222717149220486,0.001321702352630183
2018-07-06,-0.003555555555555534,-0.002111932418162654
2018-07-09,0.022301516503122176,0.013227513227513255
2018-07-10,0.013961605584642323,0.008355091383811963
2018-07-11,0.0073149741824440895,0.004401864319005799
2018-07-12,0.0414352840666381,0.02500644496004134
2018-07-13,-0.006972928630024633,-0.004275653923541234
2018-07-16,-0.00041305245766209975,-0.00025258903763580864
2018-07-17,-0.007024793388429762,-0.004295098534613406
2018-07-18,-0.0004161464835622519,-0.0002537427048971974
2018-07-19,0.009575353871773551,0.005837563451776662
2018-07-20,0.009072164948453532,0.0055513499873833805
2018-07-23,0.010625255414793644,0.006524466750313707
2018-07-24,-0.011322280630812753,-0.006980802792321161
2018-07-25,0.013905930470347716,0.008536279186542872
2018-07-26,0.0,0.0
2018-07-27,0.04396934247680506,0.027134677620114456
2018-07-30,0.0015455950540959051,0.0009694619486184664
2018-07-31,0.015817901234567833,0.009927360774818483
2018-08-01,-0.012153437143942236,-0.0076720210980579795
2018-08-02,-0.0011534025374856371,-0.0007248127567045515
2018-08-03,0.019630484988452546,0.012330754352031015
2018-08-06,0.013967534918837288,0.00883687604490091
2018-08-07,0.004839910647803425,0.0030776515151516026
2018-08-08,-0.0003705075954056891,-0.00023601604909129215
2018-08-09,-0.0033358042994811044,-0.0021246458923512845
2018-08-10,-0.01004090740052066,-0.0063875088715400485
2018-08-13,0.05447032306536448,0.03452380952380962
2018-08-14,-0.006412540078375439,-0.004142692750287669
2018-08-15,0.006453926138400901,0.00415992604575921
2018-08-16,-0.005700035625222699,-0.0036823935558112364
2018-08-17,0.04944464349695443,-0.006468006468006493
2018-08-20,0.03243427791054976,0.022087886538014523
2018-08-21,-0.01951058201058198,-0.013421292083712455
2018-08-22,-0.0010118043844856706,-0.0006917223887479285
2018-08-23,-0.0182309250506415,-0.012459621596677461
2018-08-24,0.01856946354883071,0.012616822429906582
2018-08-27,-0.04388926401080351,-0.029995385325334523
2018-08-28,0.009887005649717562,0.006660323501427312
2018-08-29,-0.025174825174825166,-0.017013232514177745
2018-08-30,-0.01506456241032994,-0.01009615384615381
2018-08-31,-0.011653313911143437,-0.007770762506070894
2018-09-03,0.0003684598378776993,0.00024473813020065016
2018-09-04,0.010313075506445779,0.006850990946904778
2018-09-05,-0.00802041560335398,-0.005346294046172595
2018-09-06,0.020213156927600062,0.013437576349865532
2018-09-07,0.0136887608069165,0.009161041465766573
2018-09-10,0.03482587064676612,0.02341137123745818
2018-09-11,-0.07314560439560436,-0.04971988795518212
2018-09-12,-0.0077806595035198045,-0.005158437730287346
2018-09-13,0.007841672890216644,0.005185185185185182
2018-09-14,0.007039644312708315,0.004667157946450562
2018-09-17,0.003679175864606421,0.0024449877750611915
2018-09-18,0.024193548387096753,0.01609756097560977
2018-09-19,-0.007874015748031482,-0.005280844935189655
2018-09-20,-0.00721500721500723,-0.004826254826254872
2018-09-21,0.009084302325581328,0.006062075654704069
2018-09-25,-0.032048973712639484,-0.021450952036635385
2018-09-26,0.0014880952380953438,0.0009852216748769127
2018-09-27,-0.0208023774145617,-0.013779527559055094
2018-09-28,-0.02427921092564489,-0.015968063872255467
2018-10-08,0.010497667185070059,0.006845841784989926
2018-10-09,0.026163909195844548,0.017124150088138945
2018-10-10,0.005999250093738251,0.003961376578361042
2018-10-11,0.000372717107715248,0.0002466091245376667
2018-10-12,0.018628912071535053,0.012327416173570027
2018-10-15,0.01609363569861011,0.010716025328787238
2018-10-16,-0.011879049676025932,-0.007951807228915642
2018-10-17,0.02914389799635697,0.019431624969638017
2018-10-18,-0.03150442477876103,-0.02120562306409335
2018-10-19,-0.01937134502923976,-0.012901655306718607
2018-10-22,0.03689899366380911,0.02441430332922323
2018-10-23,-0.004313443565780006,-0.00288878189696673
2018-10-24,0.017328519855595692,0.011588604538870007
2018-10-25,0.0007097232079489313,0.0004773269689737347
2018-10-26,0.012765957446808418,0.00858778625954204
2018-10-29,-0.027310924369747913,-0.018448438978240334
2018-10-30,0.007919366450684029,0.005301204819277094
2018-10-31,-0.016071428571428625,-0.010786193672099764
2018-11-01,-0.025408348457350294,-0.016961473225102996
2018-11-02,0.0026070763500931626,0.0017254128666501778
2018-11-05,0.002971768202080227,0.0019685039370078705
2018-11-06,-0.040740740740740744,-0.027013752455795625
2018-11-07,-0.012355212355212308,-0.008076728924785503
2018-11-08,0.0218921032056294,0.014249363867684384
2018-11-09,-0.020275439938791107,-0.01329653788258911
2018-11-12,-0.03319016009371334,-0.02161200101703531
2018-11-13,0.008077544426494443,0.005197505197505281
2018-11-14,0.027644230769230838,0.01783867631851077
2018-11-15,-0.018713450292397682,-0.01219202438404876
2018-11-16,-0.0019864918553833544,-0.001285677552069986
2018-11-19,-0.018312101910827994,-0.011843460350154489
2018-11-20,-0.038929440389294356,-0.025013027618551287
2018-11-21,-0.0075949367088608,-0.0048102618920363716
2018-11-22,0.002125850340136015,0.0013426423200859627
2018-11-23,-0.04497242257106493,-0.028425851434701
2018-11-26,-0.031097290093291874,-0.01932100469224396
2018-11-27,0.011921137093076517,0.007317759639741128
2018-11-28,0.022202084277299416,-0.07935177423861417
2018-11-29,0.005319148936170137,0.0036418816388468223
2018-11-30,-0.022486772486772444,-0.015421832476564812
2018-12-03,0.03473161930536772,0.023648648648648685
2018-12-04,0.017872711421098586,0.012301230123012319
2018-12-05,0.03811563169164889,0.02637818612922338
2018-12-06,-0.0363036303630363,-0.02541149292520939
2018-12-07,0.009417808219178037,0.00651851851851859
2018-12-10,-0.036047497879558965,-0.025022078304386186
2018-12-11,0.006599208095028564,0.004528985507246341
2018-12-12,-0.004370629370629375,-0.0030057108506161834
2018-12-13,0.04477611940298498,0.03075067832378653
2018-12-14,0.01092436974789912,0.0076045627376426506
2018-12-17,-0.004156275976724855,-0.002902757619738794
2018-12-18,0.0,0.0
2018-12-19,-0.004173622704507496,-0.0029112081513827937
2018-12-20,0.023470243084660503,0.016350364963503727
2018-12-21,0.011056511056511065,0.007756391841424959
2018-12-24,-0.023086269744835963,-0.01624857468643104
2018-12-25,-0.021973466003316733,-0.015357867284845006
2018-12-26,0.004662992793556642,0.0032371983519716707
2018-12-27,-0.005485232067510504,-0.003813435024934031
2018-12-28,0.0033941450997030387,0.002355712603062443
2019-01-02,-0.009302325581395321,-0.006462984723854315
2019-01-03,0.031156636790439673,0.02158486102897683
2019-01-04,0.012831125827814649,0.008972503617945105
2019-01-07,0.01389456477319162,0.009753298909925379
2019-01-08,-0.006045949214026569,-0.0042613636363636465
2019-01-09,0.0008110300081103361,0.0005706134094152215
2019-01-10,0.002836304700162051,0.001996007984031989
2019-01-11,0.010101010101010166,0.007114399544678518
2019-01-14,0.014399999999999968,0.010172365074879952
2019-01-15,-0.02208201892744477,-0.01566433566433567
2019-01-16,0.006048387096774244,0.004262574595055524
2019-01-17,0.006813627254508958,0.00481041312959829
2019-01-18,0.03264331210191074,0.023092086736130613
2019-01-21,0.004626060138781751,0.003303055326176807
2019-01-22,-0.004604758250191909,-0.003292181069958877
2019-01-23,0.004240555127216661,0.003027800715661888
2019-01-24,0.013819577735124655,0.009879253567508295
2019-01-25,0.01135933358576291,0.008152173913043459
2019-01-28,-0.010857356795207829,-0.00781671159029651
2019-01-29,-0.002271006813020393,-0.0016299918500407573
2019-01-30,0.0007587253414265138,0.0005442176870749105
2019-01-31,0.011372251705837666,0.008158825129181313
2019-02-01,0.017616191904048062,0.012678715942811003
2019-02-11,0.02615101289134447,0.018913159296750193
2019-02-12,-0.014357501794687755,-0.010457516339869244
2019-02-13,-0.03022578295702838,-0.021928665785997392
2019-02-14,-0.006759294029290319,-0.004862236628849326
2019-02-15,-0.032136105860113395,-0.023072747014115103
2019-02-18,0.0234375,0.016671297582661948
2019-02-19,-0.0015267175572518665,-0.0010931948619841148
2019-02-20,-0.005351681957186494,-0.0038303693570451713
2019-02-21,0.013835511145272816,0.009887393573194236
2019-02-22,0.020470053070507976,0.014685885232526452
2019-02-25,-0.018202080237741503,-0.013133208255159512
2019-02-26,0.020431328036322416,0.014665942422596334
2019-02-27,-0.007786429365962189,-0.005620985010706625
2019-02-28,0.013079222720478345,0.009421265141319024
2019-03-01,0.023976392475101527,0.017333333333333423
2019-03-04,-0.0014409221902017544,-0.0010484927916120101
2019-03-05,-0.00649350649350644,-0.004723169771713498
2019-03-06,-0.020334059549745875,-0.014764039019245945
2019-03-07,0.031134173461823567,0.022477923468022576
2019-03-08,-0.017613227893601757,-0.012823868097356694
2019-03-11,-0.01792901573362604,-0.012990455991516492
2019-03-12,0.03427719821162434,0.024711254364759627
2019-03-13,-0.009005763688760826,-0.006553079947575369
2019-03-14,0.0018175209014903437,0.0013192612137202797
2019-03-15,-0.011611030478954953,-0.00843214756258237
2019-03-18,0.0066079295154184425,0.00478341748604838
2019-03-19,0.0025528811086799053,0.001851362073525431
2019-03-20,-0.004001455074572613,-0.0029039070749735663
2019-03-21,-0.0018261504747991708,-0.001323801959226878
2019-03-22,-0.0014635931211123276,-0.0010604453870625141
2019-03-25,-0.027849028948332744,-0.02016985138004246
2019-03-26,0.004900113079532531,0.0035211267605634866
2019-03-27,0.0022505626406601476,0.0016194331983805377
2019-03-28,-0.007859281437125776,-0.0056588520614390125
2019-03-29,0.025650697849868065,0.018428184281842785
2019-04-01,0.010665685913938905,-0.06945183608302286
2019-04-02,0.022925764192139653,0.018015441807263333
2019-04-03,0.009605122732123883,0.007584269662921361
2019-04-04,0.0024665257223397408,0.0019514914970728547
2019-04-08,0.04780316344463964,0.037840845854201444
2019-04-09,0.009057363300905674,0.007238605898123307
2019-04-10,0.005651595744680771,0.004524886877828038
2019-04-11,0.011239669421487575,0.009009009009008917
2019-04-12,-0.004576659038901587,-0.003676470588235281
2019-04-15,0.011494252873563315,0.009225092250922495
2019-04-16,-0.015909090909090873,-0.012797074954296161
2019-04-17,0.004948861761794765,0.003968253968253954
2019-04-18,-0.027905449770190383,-0.022397891963109373
2019-04-19,0.009456264775413725,0.007547169811320753
2019-04-23,0.00635664101706257,0.005082932049224276
2019-04-24,-0.008976063829787218,-0.007186585041256355
2019-04-25,-0.006038242200603783,-0.004825737265415575
2019-04-26,0.009112386095173841,0.007273706896551824
2019-04-29,0.012709030100334529,0.010163145225996262
2019-04-30,0.01684280052840159,0.013238019592269001
2019-05-06,-0.02338421565443327,-0.018552390906715455
2019-05-07,0.0036581310276022627,0.0029286474973375665
2019-05-08,-0.011928429423459286,-0.009556676400318542
2019-05-09,0.002012072434607548,0.0016081479496112827
2019-05-10,0.003012048192771122,0.0024083489430024585
2019-05-13,-0.018351685018351716,-0.014682327816337382
2019-05-14,-0.009517335146159045,-0.007586020048767295
2019-05-15,0.014070006863418083,0.011193011193011193
2019-05-16,0.012859560067681963,0.01025917926565878
2019-05-17,0.009689274974941542,0.007749866381614012
2019-05-20,0.0029781601588352302,0.0023866348448686736
2019-05-21,0.045859452325965,0.03677248677248679
2019-05-22,-0.0028391167192428624,-0.0022965042102577327
2019-05-23,-0.00917431192660545,-0.007416879795396403
2019-05-24,0.0025542784163474774,0.0020613244009275444
2019-05-27,-0.01496815286624209,-0.012085368989457446
2019-05-28,0.0009699321047527132,0.0007808433107756585
2019-05-29,-0.006459948320413411,-0.005201560468140465
2019-05-30,-0.015604681404421283,-0.01254901960784316
2019-05-31,-0.008916776750330202,-0.00714853057982523
2019-06-03,-0.014328557147617493,-0.011466666666666625
2019-06-04,0.012846517917511902,0.01025087671971936
2019-06-05,0.0006675567423231055,0.0005340453938584844
2019-06-06,-0.0033355570380253496,-0.002668801708033075
2019-06-10,-0.00669344042838016,-0.005351886540005402
2019-06-11,0.03908355795148255,0.031207963411353346
2019-06-12,-0.018482490272373586,-0.014870858335507386
2019-06-13,0.005285761480013251,0.004237288135593209
2019-06-14,-0.012159053565560352,-0.009757383966244704
2019-06-17,-0.01696606786427146,-0.013581890812250363
2019-06-18,0.009475465313028675,0.0075593952483801186
2019-06-19,0.01273885350318471,0.010182207931404008
2019-06-20,0.01820589208871226,0.01458885941644561
2019-06-21,0.01105331599479853,0.008888888888888946
2019-06-24,0.014469453376205754,0.011661052086032742
2019-06-25,0.028526148969889142,0.023053278688524692
2019-06-26,0.0012326656394452407,0.0010015022533800266
2019-06-27,0.0009233610341643494,0.0007503751875936882
2019-06-28,0.019680196801967975,0.01599600099974996
2019-07-01,0.01266586248492163,0.010332103321033292
2019-07-02,-0.016081000595592587,-0.013148283418553675
2019-07-03,-0.006961259079903193,-0.005674808783617036
2019-07-04,-0.0018287107589149976,-0.0014888337468982327
2019-07-05,-0.012213740458015265,-0.00994035785288272
2019-07-08,0.002472952086553404,0.002008032128514081
2019-07-09,0.015417823003391895,0.01252505010020033
2019-07-10,-0.006377163680534426,-0.005195447798119757
2019-07-11,-0.0012224938875305957,-0.0009947774185525837
2019-07-12,-0.01591187270501837,-0.012944983818770184
2019-07-15,0.020211442786069567,0.016393442622950838
2019-07-16,0.0021334958854006825,0.0017369727047147343
2019-07-17,0.0045620437956204185,0.003715630418627658
2019-07-18,-0.025431425976385147,-0.02073050345508387
2019-07-19,0.010251630941286116,0.008316532258064502
2019-07-22,-0.016297662976629712,-0.013246688327917977
2019-07-23,-0.002188183807439792,-0.0017730496453900457
2019-07-24,-0.013157894736842146,-0.010657193605683846
2019-07-25,0.013015873015872925,0.01051551679917928
2019-07-26,0.0,0.0
2019-07-29,-0.019743027264180535,-0.015989847715736083
2019-07-30,0.002877237851662384,0.0023213825122516685
2019-07-31,0.0015938795027095054,0.001286670097786935
2019-08-01,-0.014322087842138731,-0.01156515034695449
2019-08-02,-0.009686793671294769,-0.007800312012480548
2019-08-05,-0.020541245516791706,-0.01650943396226412
2019-08-06,-0.015312916111850816,-0.01225686117772451
2019-08-07,0.0013522650439485862,0.0010790396547073478
2019-08-08,-0.013166779203241052,-0.010509296685529468
2019-08-09,-0.02771125555935683,-0.022058823529411797
2019-08-12,0.030260380014074606,0.023948760790866164
2019-08-13,0.0,0.0
2019-08-14,-0.0023907103825137055,-0.001903725863475647
2019-08-15,0.015405682985279112,0.012261580381471404
2019-08-16,0.0,0.0
2019-08-19,0.010788941335131419,0.008613728129206022
2019-08-20,-0.016010673782521634,-0.012810248198558805
2019-08-21,-0.004406779661016991,-0.003514463368477938
2019-08-22,-0.0027238678924071946,0.007867607162235446
2019-08-23,0.00955957664731999,0.0
2019-08-26,-0.02502536354413254,-0.09232839838492601
2019-08-27,-0.031564342698577885,-0.026986951364175615
2019-08-28,0.012893982808023008,0.010972264553489763
2019-08-29,-0.018033946251768018,-0.015375339161893264
2019-08-30,0.030248469571479975,0.025719534598897642
2019-09-02,0.019923103809856624,0.017014925373134426
2019-09-03,-0.001370801919122644,-0.001174053419430554
2019-09-04,0.006863417982155173,0.005877167205406986
2019-09-05,0.005453306066802943,0.004674262342974078
2019-09-06,-0.017627118644067852,-0.015120674614713558
2019-09-09,0.03795721187025536,0.032477118393858806
2019-09-10,-0.005984042553191515,-0.005147269087789508
2019-09-11,0.0006688963210701449,0.0005748778384593312
2019-09-12,0.022727272727272707,0.01953461648951449
2019-09-16,0.004901960784313708,0.004226542688081203
2019-09-17,-0.010081300813008176,-0.008698092031425353
2019-09-18,-0.013140604467805517,-0.011321822813472937
2019-09-19,-0.031957390146471365,-0.027483538505582605
2019-09-20,-0.0030949105914718222,-0.00264939652634677
2019-09-23,0.04208347706105564,0.03600944510035409
2019-09-24,-0.010923535253227423,-0.009401709401709368
2019-09-25,0.007028112449799284,0.006039689387402847
2019-09-26,-0.017613825191093335,-0.015151515151515138
2019-09-27,-0.0027063599458727605,-0.002322206095791035
2019-09-30,0.011194029850746245,0.00960139656677339
2019-10-08,-0.022140221402214055,-0.019020172910662825
2019-10-09,0.0030874785591765708,0.002643948296122245
2019-10-10,0.0006839945280436854,0.0005859947260473675
2019-10-11,-0.002734107997265922,-0.00234260614934112
2019-10-14,-0.018848526387936992,-0.01614323451717048
2019-10-15,-0.0020957038071952594,-0.0017899761336515052
2019-10-16,-0.019250962548127415,-0.016437537358039433
2019-10-17,0.01177730192719495,0.010027347310847867
2019-10-18,-0.004938271604938316,-0.004211793020457266
2019-10-21,-0.007089684509039351,-0.0060422960725075026
2019-10-22,0.009996429846483412,0.008510638297872353
2019-10-23,-0.0021208907741251393,-0.001808318264014508
2019-10-24,0.002125398512220933,0.0018115942028984477
2019-10-25,0.009190526687875566,0.007836045810729386
2019-10-28,-0.005954465849387081,-0.005083732057416301
2019-10-29,0.007399577167019,0.006311992786294018
2019-10-30,0.008744316194473578,0.007467144563918726
2019-10-31,-0.0020804438280166426,-0.0017788319003854136
2019-11-01,0.004517025712300171,0.0038610038610038533
2019-11-04,0.0006918021445867506,0.0005917159763313418
2019-11-05,0.017974421016246023,0.015375517445298748
2019-11-06,0.002376910016977929,0.002038439138031478
2019-11-07,-0.007791327913279078,-0.006684103458296953
2019-11-08,-0.002048480710139966,-0.0017554125219426675
2019-11-11,-0.013342456380431078,-0.011430246189917947
2019-11-12,0.026352288488210807,0.022531870738215165
2019-11-13,-0.0023648648648648685,-0.002029573789504191
2019-11-14,0.023366068405011875,0.020046484601975667
2019-11-15,0.011250827266710894,0.00968385075477074
2019-11-18,0.0035994764397906387,0.003102961918194591
2019-11-19,0.025758069775024373,0.022215973003374634
2019-11-20,0.013032422123331111,0.011279229711141703
2019-11-21,-0.0178851584562284,-0.01550598476605003
2019-11-22,0.011501597444089517,0.009947499309201469
2019-11-25,0.013265950726468745,0.011491108071135514
2019-11-26,-0.02680798004987528,-0.023262104408980244
2019-11-27,-0.004804612427930843,-0.004153973968429758
2019-11-28,0.0070807853234631235,0.006117908787541815
2019-11-29,0.0006391818472355482,0.0005527915975678255
2019-12-02,0.00447141488342373,0.003867403314917084
2019-12-03,-0.011128775834658211,-0.009631260319207469
2019-12-04,0.0012861736334404128,0.0011114198388442187
2019-12-05,-0.0028901734104046506,-0.004995836802664466
2019-12-06,0.010628019323671412,-0.041283124128312365
2019-12-09,0.02358189929891652,0.021530404422461347
2019-12-10,-0.0018679950186799577,-0.0017089148390772024
2019-12-11,0.009981285090455483,0.00912981455064199
2019-12-12,-0.004014823965410752,-0.0036754311563471642
2019-12-13,-0.00031007751937983663,-0.0002837684449489286
2019-12-16,-0.013337468982630218,-0.012205506670451283
2019-12-17,0.0012574662055957475,0.0011494252873562871
2019-12-18,-0.0025117739403454076,-0.0022962112514350874
2019-12-19,0.013220018885741203,0.012082853855005737
2019-12-20,-0.0034172103137620757,-0.003126776577600965
2019-12-23,0.009663341645885337,0.008839463929284364
2019-12-24,-0.008644643408459385,-0.007914075749010707
2019-12-25,-0.007785736530675824,-0.007122507122507171
2019-12-26,0.013810420590081529,0.012625538020086147
2019-12-27,0.0037151702786377694,0.0034003967129498935
2019-12-30,0.0012338062924119875,0.0011296243998870636
2019-12-31,0.007393715341959428,0.006770098730606522
2020-01-02,-0.006727828746177389,-0.006164191650322226
2020-01-03,-0.0012315270935960854,-0.0011277135607555833
2020-01-06,0.004932182490752224,0.004515946937623472
2020-01-07,0.004601226993865115,0.004214667041303688
2020-01-08,0.01312977099236634,0.01203133743704532
2020-01-09,-0.0186859553948161,-0.017141277301631175
2020-01-10,0.004914004914004844,0.004500703234880499
2020-01-13,-0.012530562347188301,-0.011481377765331868
2020-01-14,0.012380068090374508,0.011331444759206777
2020-01-15,-0.010088657902782017,-0.009243697478991564
2020-01-16,0.00864731315626921,0.007916313259824781
2020-01-17,0.009185548071034999,0.008415147265077083
2020-01-20,0.0030339805825243538,0.0027816411682892728
2020-01-21,-0.010586811857229317,-0.009708737864077666
2020-01-22,-0.0036686028737389353,-0.003361344537815114
2020-01-23,-0.017796870205584514,-0.016301292861158
2020-02-03,-0.08341143392689787,-0.07628571428571429
2020-02-04,0.02692569870483985,0.024435508815341844
2020-02-05,-0.004978426817125792,-0.004528985507246341
2020-02-06,0.002334889926617789,0.002123142250530785
2020-02-07,0.006988352745424198,0.006355932203389925
2020-02-10,-0.006609385327164596,-0.006015037593984918
2020-02-11,0.02894211576846306,0.026323751891074165
2020-02-12,0.0038797284190106307,0.0035377358490567
2020-02-13,-0.0028985507246376274,-0.002643948296122245
2020-02-14,0.0009689922480620172,0.0008836524300441795
2020-02-17,0.009357857373346157,0.008534432018834526
2020-02-18,-0.01182864450127874,-0.010796615115261199
2020-02-19,0.0012940795858944476,0.0011799410029498247
2020-02-20,0.021324717285944983,0.019446081319976383
2020-02-21,0.00790888959190128,0.007225433526011571
2020-02-24,-0.0028248587570621764,-0.002582496413199409
2020-02-25,0.004091910607491256,0.003739930955120929
2020-02-26,-0.013166144200627006,-0.012037833190025826
2020-02-27,-0.008894536213468918,-0.008123005512039483
2020-02-28,-0.02692307692307694,-0.024568587306229905
2020-03-02,0.028656126482213384,0.026086956521739202
2020-03-03,-0.00032020493115592075,-0.0002922267679719148
2020-03-04,0.017937219730941756,0.016369482607424768
2020-03-05,-0.0025173064820641633,-0.0023008340523439363
2020-03-06,-0.00883280757097793,-0.008071490343038334
2020-03-09,-0.0006365372374284028,-0.0005812263876779911
2020-03-10,0.01273885350318471,0.011631288165164344
2020-03-11,0.005660377358490676,0.00517390054613398
2020-03-12,0.007504690431519689,0.006863025450386084
2020-03-13,0.014897579143389184,0.01363249076966766
2020-03-16,-0.004892966360856232,-0.004483048472961659
2020-03-17,0.0006146281499692652,0.000562904587672497
2020-03-18,-0.002149877149877133,-0.001969057665260232
2020-03-19,-0.006155740227762441,-0.005636978579481422
2020-03-20,-0.024156085475379396,-0.012755102040816313
2020-03-23,-0.02824500158679788,-0.023830031581969613
2020-03-24,0.0248203788373611,0.010294117647058787
2020-03-25,0.006054811982154185,0.008151382823871955
2020-03-26,-0.007602153943617407,-0.03522956973722202
2020-03-27,-0.0038301947015639826,-0.003591739000299299
2020-03-30,-0.027875680871515485,-0.026133974166416385
2020-03-31,-0.0029663810151615566,-0.002776064157927194
2020-04-01,-0.021157024793388435,-0.01979585524280858
2020-04-02,0.020263424518743633,0.018933417481855397
2020-04-03,-0.013240648791790766,-0.01238773614122024
2020-04-07,0.005702784300570363,0.005330824709940396
2020-04-08,0.012675116744496284,0.011852776044915858
2020-04-09,0.020421607378129147,0.019112207151664506
2020-04-10,0.02162685603615233,0.020266182698124524
2020-04-13,0.004423380726698234,0.004150607767565928
2020-04-14,-0.0009436929852154607,-0.0008857395925597755
2020-04-15,-0.0034634760705289924,-0.003250591016548454
2020-04-16,0.0037914691943128354,0.0035576638007708272
2020-04-17,-0.0012590494176896172,-0.0011816838995568624
2020-04-20,-0.005988023952095856,-0.005619639160011847
2020-04-21,-0.007926442612555484,-0.00743604997025582
2020-04-22,0.012144455097475193,0.011387473778843304
2020-04-23,-0.01420903062835488,-0.013333333333333308
2020-04-24,0.004163997437540035,0.003903903903903938
2020-04-27,-0.008612440191387516,-0.00807657792402039
2020-04-28,-0.007722007722007707,-0.007237635705669487
2020-04-29,0.003242542153047978,0.0030376670716889542
2020-04-30,0.021008403361344463,0.019685039370078705
2020-05-06,0.007913896802785647,0.007425007425007513
2020-05-07,0.014761306532663276,0.013856132075471761
2020-05-08,0.004023522129371626,0.003780168653678473
2020-05-11,0.0,0.0
2020-05-12,0.0036991368680641123,0.0034762456546928444
2020-05-13,0.0,0.0
2020-05-14,-0.005835380835380821,-0.005484988452655881
2020-05-15,0.005869632375656408,0.005515239477503542
2020-05-18,0.019656019656019597,0.018475750577367167
2020-05-19,0.010240963855421725,0.00963718820861681
2020-05-20,-0.00924269528920696,-0.008702975856260564
2020-05-21,0.0111345170027084,0.0104786179552534
2020-05-22,-0.017857142857142905,-0.01681614349775784
2020-05-25,-0.00242424242424244,-0.0022805017103763037
2020-05-26,-0.0021263669501823124,-0.0020000000000000018
2020-05-27,0.0003044140030441511,0.0002862868594331047
2020-05-28,0.00121728545343891,0.0011448196908987462
2020-05-29,0.024620060790273568,0.023156089193824947
2020-06-01,-0.0005932957579353193,-0.0005588153115395622
2020-06-02,0.016918967052537814,0.01593514117975947
2020-06-03,0.0,0.0
2020-06-04,-0.008172796263864579,-0.007705008255366019
2020-06-05,-0.0005885815185403542,-0.0005546311702717688
2020-06-08,0.0035335689045936647,0.0033296337402886067
2020-06-09,0.0008802816901407606,0.0008296460176990816
2020-06-10,-0.009381413075344458,-0.008842221608179046
2020-06-11,0.0026635099141758545,0.002509060496236337
2020-06-12,0.008854781582054327,0.008342602892102313
2020-06-15,-0.015798712697483897,-0.014892443463872085
2020-06-16,0.008026159334125982,0.00755879059350506
2020-06-17,-0.004128575641403676,-0.0038899694359544323
2020-06-18,0.008883624518803757,0.008368200836819994
2020-06-19,0.008805400645729433,0.008298755186721962
2020-06-22,-0.007273785277858602,-0.006858710562414272
2020-06-23,-0.0029308323563892458,-0.002762430939226568
2020-06-24,0.0029394473838917357,0.0027700831024930483
2020-06-29,-0.01992966002344665,-0.018784530386740328
2020-06-30,0.0038875598086125507,0.003659909909909942
2020-07-01,0.00029788501638372544,0.00028050490883591017
2020-07-02,0.002084574151280494,0.0019629837352777013
2020-07-03,0.013670133729569045,0.012874335292471395
2020-07-06,-0.00029316915860455595,-0.00027631942525563336
2020-07-07,0.004692082111436902,0.004422332780541716
2020-07-08,0.019848219497956787,0.01871216290588884
2020-07-09,0.006868918145392033,0.006482982171799101
2020-07-10,-0.01023308698123937,-0.009661835748792313
2020-07-13,0.01407237219988522,0.013279132791327974
2020-07-14,0.0014160294534126816,0.0013372559507889292
2020-07-15,0.0005656108597285048,0.0005341880341880323
2020-07-16,-0.012153759185980828,-0.011478910838227496
2020-07-17,0.006580829756795525,0.006211180124223503
2020-07-20,-0.007106310403638405,-0.006709608158883551
2020-07-21,0.018036072144288484,0.017022426371251065
2020-07-22,0.005061867266591635,0.004782146652497321
2020-07-23,0.006715165081141672,0.0063458487572711775
2020-07-24,-0.016397998888271315,-0.015501839201261136
2020-07-27,-0.006781576716586635,-0.006405124099279402
2020-07-28,0.0002844950213372055,0.0002686005909213751
2020-07-29,0.011945392491467643,0.011278195488721776
2020-07-30,0.0002810567734683467,0.00026553372278281806
2020-07-31,0.002809778027535792,0.0026546323334217803
2020-08-03,0.016531241244045924,0.015620863118877448
2020-08-04,0.0011025358324145973,0.0010427528675704956
2020-08-05,-0.0022026431718061845,-0.002083333333333326
2020-08-06,0.007174392935982432,0.006784968684759862
2020-08-07,-0.007123287671232825,-0.006739243131156036
2020-08-10,-0.0027593818984547047,-0.0026096033402922547
2020-08-11,-0.007470946319867222,-0.007064364207221341
2020-08-12,0.0027878449958183005,0.0026350461133068936
2020-08-13,-0.0038921323324992985,-0.0036793692509855536
2020-08-14,0.0022327658386827043,0.0021102611448167163
2020-08-17,0.009189640768588081,0.008686496446433267
2020-08-18,0.004415011037527616,0.0041753653444676075
2020-08-19,-0.014835164835164782,-0.014033264033263992
2020-08-20,-0.00808700501952031,-0.007643647865050118
2020-08-21,0.005060444194545877,0.004780876494023811
2020-08-24,-0.0005594405594405716,-0.0005286809410520732
2020-08-25,-0.0022390148334732185,-0.0021158423697434925
2020-08-26,0.006171107994389802,-0.01245693082427779
2020-08-27,-0.0025090604962364482,-0.0024154589371980784
2020-08-28,0.004751257685857935,0.004573580844767333
2020-08-31,0.012517385257301727,0.012051419389394802
2020-09-01,-0.0013736263736263687,-0.0013231013495633714
2020-09-02,0.0011004126547455861,0.0010598834128245915
2020-09-03,0.0032976092333059093,0.0031762837480149297
2020-09-04,-0.009860312243221037,-0.009498680738786236
2020-09-07,-0.004979253112033177,-0.004794885455514097
2020-09-08,-0.00472616068946341,-0.004550321199143448
2020-09-09,-0.017039106145251393,-0.016402258671685988
2020-09-10,-0.005115089514066473,-0.004920721705850228
2020-09-11,0.0071408169094544505,0.006868131868131844
2020-09-14,-0.00028360748723765816,-0.00027285129604370795
2020-09-15,-0.020425531914893602,-0.01965065502183405
2020-09-16,-0.00492325514045755,-0.004732739420935439
2020-09-17,0.0005820721769498327,0.0005594405594404606
2020-09-18,0.0075625363583478045,0.007268660889013123
2020-09-21,-0.018475750577367167,-0.01776297529836246
2020-09-22,-0.0005882352941176672,-0.0005651313930489232
2020-09-23,0.001471453796350719,0.0014136273678257982
2020-09-24,0.002938583602703604,0.0028232636928289256
2020-09-25,-0.008789920890711955,-0.008445945945945943
2020-09-28,0.0053207212533255,0.005110732538330387
2020-09-29,-0.0011761246692149063,-0.001129943502824804
2020-09-30,0.007065057403591313,0.006787330316742057
2020-10-09,0.021338789827535898,0.020505617977528035
2020-10-12,0.0011448196908987462,0.0011010184420590097
2020-10-13,-0.002572898799313883,-0.00247456695078363
2020-10-14,-0.002866150759530006,-0.002756339581036382
2020-10-15,-0.0017246335153779935,-0.0016583747927031434
2020-10-16,0.005758710048949123,0.005537098560354448
2020-10-19,-0.006012024048096198,-0.005781938325991165
2020-10-20,0.0014400921658985766,0.001384657989476512
2020-10-21,0.009778544722461868,0.009402654867256555
2020-10-22,-0.0022785531187695662,-0.0021917808219178436
2020-10-23,-0.007422209534684532,-0.007138934651290452
2020-10-26,-0.0008628127696289623,-0.0008296460176990816
2020-10-27,0.0008635578583764403,0.0008303349017437789
2020-10-28,0.014955421340235864,0.014380530973451267
2020-10-29,0.0,0.0
2020-10-30,0.009634457353357995,0.009269356597600975
2020-11-02,0.004771260174010639,0.004592112371690993
2020-11-03,-0.0030726256983240052,-0.0029577843506318757
2020-11-04,0.012608573830204639,0.012135922330097193
2020-11-05,-0.0013835085777531564,-0.00133226751931792
2020-11-06,0.009420892213909626,0.009071504802561359
2020-11-09,0.02113642602250887,0.020359598096245435
2020-11-10,-0.00887096774193552,-0.0085514381964239
2020-11-11,0.0046107946840250325,0.004443282801881887
2020-11-12,-0.002969762419006483,-0.0028623471246421728
2020-11-13,0.0021662604928243123,0.0020876826722338038
2020-11-16,0.0032423669278573986,0.0031250000000000444
2020-11-17,0.018044707783463565,0.0173935617860852
2020-11-18,-0.0031746031746031633,-0.003062005613676977
2020-11-19,0.00875796178343946,0.008446378295367207
2020-11-20,0.009734280452512456,0.00939086294416236
2020-11-23,-0.01719645648775403,-0.0165954236861956
2020-11-24,-0.0002651113467656563,-0.00025568908207618257
2020-11-25,-0.011933174224343701,-0.011508951406649648
2020-11-26,0.005099302200751499,0.004915912031047798
2020-11-27,0.010680907877169465,0.01029866117404743
2020-11-30,-0.004755614266842789,-0.004587155963302725
2020-12-01,-0.0037164852667905812,-0.0035842293906810374
2020-12-02,0.005595523581135131,0.0053956834532373765
2020-12-03,-0.012453630100688895,-0.012011244569384072
2020-12-04,0.009122618728199638,0.008794619762027889
2020-12-07,0.021270938580164822,0.02051282051282044
2020-12-08,0.0005206977349647701,-0.016582914572864316
2020-12-09,0.01951600312256052,0.019161982626469065
2020-12-10,0.013016845329249627,0.012785159187766348
2020-12-11,-0.0017636684303351524,-0.0017326732673267342
2020-12-14,-0.011357900050479541,-0.011157946937763397
2020-12-15,0.021700280827163576,0.021313941825476412
2020-12-16,0.01874062968515733,0.018413945494721418
2020-12-17,0.0066225165562914245,0.006509161041465816
2020-12-18,0.03435672514619892,0.03377245508982041
2020-12-21,0.03392226148409905,0.033364226135310426
2020-12-22,-0.02096149464570518,-0.020627802690582953
2020-12-23,-0.01978124272748427,-0.019459706959707
2020-12-24,0.0018993352326686086,0.0018678496381041576
2020-12-25,0.011848341232227444,0.011652295502214027
2020-12-28,-0.022716627634660425,-0.022345081778392117
2020-12-29,-0.0023963575365444356,-0.0023562676720075837
2020-12-30,0.005284650492433318,0.0051960321209258975
2020-12-31,0.03154121863799286,0.03101503759398505
2021-01-04,-0.0011582117211026421,-0.0011394712853236566
2021-01-05,0.0032467532467532756,0.003194159251654227
2021-01-06,-0.004623208506703613,-0.0045485558335228715
2021-01-07,0.018114259173246605,0.017820424948594926
2021-01-08,0.007299270072992803,0.0071829405162737725
2021-01-11,-0.031476449275362306,-0.030978381992422532
2021-01-12,-0.004909983633387904,-0.00482980680772771
2021-01-13,-0.007988721804511267,-0.007857638086434027
2021-01-14,0.000236854571293188,0.00023293733985552123
2021-01-15,0.015628699976320215,0.015370284117373068
2021-01-18,0.007460946607600771,0.007339449541284404
2021-01-19,-0.02406850266142102,-0.023679417122040025
2021-01-20,0.005216978894948987,0.005130597014925353
2021-01-21,0.013918376975701863,0.013689095127610296
2021-01-22,-0.017449976733364347,-0.017166399633783525
2021-01-25,0.006393559081221856,0.00628784350256173
2021-01-26,-0.004235294117647004,-0.0041657023837075036
2021-01-27,0.01937618147448017,0.01905647222867768
2021-01-28,-0.02549837737598515,-0.02508551881413912
2021-01-29,-0.0019029495718363432,-0.0018713450292398015
2021-02-01,-0.01096282173498575,-0.010780407780642154
2021-02-02,-0.016144578313253,-0.015873015873015928
2021-02-03,0.005143277002204183,0.005055368319691889
2021-02-04,0.017300194931773927,0.017005988023952145
2021-02-05,0.009341317365269441,0.009185115402732036
2021-02-08,0.01186521120075934,0.011668611435239118
2021-02-09,0.019934333958724126,0.019607843137254832
2021-02-10,-0.003679006668199536,-0.0036199095022624306
2021-02-18,0.028848372951765455,0.02838328792007272
2021-02-19,-0.0011215791834903177,-0.0011039964672112657
2021-02-22,0.01302492701549518,0.012820512820512775
2021-02-23,-0.006650410108623328,-0.006547359231776517
2021-02-24,0.014728855166257437,0.014499121265377779
2021-02-25,0.014954915328788232,0.014724989172802072
2021-02-26,-0.0019501625135427414,-0.001920614596670922
2021-03-01,-0.008250108554059943,-0.008124866367329453
2021-03-02,0.020359019264448275,0.020047424013796
2021-03-03,0.023600085818493932,0.023245984784446394
2021-03-04,0.0014671976524838204,0.0014456836018175157
2021-03-05,-0.03202176642946841,-0.03155289750464019
2021-03-08,0.012108108108108029,0.011925042589437718
2021-03-09,-0.03418073061311688,-0.03367003367003363
2021-03-10,-0.0006635700066357497,-0.0006533101045296252
2021-03-11,0.021691013722886288,0.021355415123120558
2021-03-12,0.009098786828422911,0.008960955835288997
2021-03-15,0.012451696006869906,0.012264749418481768
2021-03-16,-0.018235793044953374,-0.017965322749112222
2021-03-17,0.018142548596112418,0.01786853860880666
2021-03-18,-0.005515485787017438,-0.005433646812957105
2021-03-19,-0.0027730375426621157,-0.002731666316453052
2021-03-22,0.0036363636363636598,0.0035819637589549203
2021-03-23,-0.010230179028132946,-0.010077682133109334
2021-03-24,0.02174849267872525,0.02142099681866383
2021-03-25,-0.004425711275026334,-0.0043604651162790775
2021-03-26,0.029424216765453037,0.028988529718456668
2021-03-29,0.0076084721365412555,0.007498986623429182
2021-03-30,-0.0014285714285714457,-0.001408167370750335
2021-03-31,-0.005926834253014546,-0.005842062852538299
2021-04-01,0.01398026315789469,0.013779128672745777
2021-04-02,0.031224655312246608,0.030781531081351288
2021-04-06,0.004522217852929611,0.004459957339538523
2021-04-07,-0.005871990604815025,-0.012162162162162149
2021-04-08,-0.0003937783028155062,-0.0003908540160250107
2021-04-09,-0.009257435493401633,-0.009188660801563997
2021-04-12,-0.01650099403578531,-0.016377269139700057
2021-04-13,0.026480695370931784,0.026278836509528558
2021-04-14,0.0,0.0
2021-04-15,-0.0017723513194171092,-0.0017591868647380826
2021-04-16,0.0017754981258630842,0.0017622870569806715
2021-04-19,-0.006695549428909042,-0.006645817044566016
2021-04-20,0.016455194290245778,0.016332152695789137
2021-04-21,0.004486054222742286,0.00445304937076485
2021-04-22,0.003883495145631022,0.0038550501156515704
2021-04-23,0.01760154738878139,0.017473118279569988
2021-04-26,0.01368561110055122,0.013587469333836477
2021-04-27,0.0075004687792987745,0.007447402718302021
2021-04-28,-0.00986413549227616,-0.009794862317501374
2021-04-29,0.017669172932330834,0.01754385964912286
2021-04-30,-0.011267085334318416,-0.011188554658840832
2021-05-06,0.051186250700541835,0.050825449823780344
2021-05-07,0.0023102896747821955,0.0022947925860548057
2021-05-10,0.05921985815602837,0.05882352941176472
2021-05-11,0.012387010378305918,0.012308715901530265
2021-05-12,0.014054232804232791,0.013966480446927276
2021-05-13,-0.04174139898907547,-0.04148436233997732
2021-05-14,-0.04662242640803127,-0.04632290786136939
2021-05-17,-0.008031411743708694,-0.007977308987768161
2021-05-18,0.0025188916876575096,0.0025017869907075774
2021-05-19,-0.0540201005025126,-0.05365418894830665
2021-05-20,-0.02333523050654529,-0.023168204935016035
2021-05-21,-0.014374514374514424,-0.014269186270728929
2021-05-24,-0.027197477335435538,-0.02699530516431925
2021-05-25,-0.011142625607779566,-0.011057498994772819
2021-05-26,-0.05162876459741861,-0.0512299247814596
2021-05-27,0.032404406999351876,0.03214056138847221
2021-05-28,0.02427286043105248,0.024081378451318303
2021-05-31,0.019203268641470927,0.01905534157713351
2021-06-01,0.02024453798356385,0.0200915058683111
2021-06-02,-0.024754420432220092,-0.024570982839313582
2021-06-03,0.02941176470588225,0.029188324670131882
2021-06-04,0.002152641878669259,0.002136752136752129
2021-06-07,-0.0390548720952939,-0.03876720294630742
2021-06-08,0.00914448282869329,0.00907441016333932
2021-06-09,0.006242448650825683,0.006195043964828173
2021-06-10,0.026615969581748944,0.026415094339622636
2021-06-11,0.030019493177387835,0.029798761609907132
2021-06-15,-0.029144587433762248,-0.028936490041337803
2021-06-16,-0.030019493177387946,-0.029798761609907132
2021-06-17,0.017483922829582,0.01735141603510182
2021-06-18,-0.00790045427612085,-0.00784159968633602
2021-06-21,-0.034242484570973564,-0.03398537838371862
2021-06-22,-0.0008245722531436961,-0.0008181632235630953
2021-06-23,0.010109345987208584,0.010030706243602916
2021-06-24,-0.00020424836601307117,-0.00020267531414674966
2021-06-25,0.027170582226762052,0.02696128116764651
2021-06-28,0.0007955449482894839,0.0007895775759967361
2021-06-29,-0.006756756756756799,-0.006706114398422058
2021-06-30,0.02220888355342132,0.02204130262112791
2021-07-01,-0.00019573302016051564,-0.00019428793471920613
2021-07-02,-0.004306969459671128,-0.0042751651768363486
2021-07-05,0.01926858041683044,0.0191256830601092
2021-07-06,0.015817901234567833,0.01570279586365375
2021-07-07,0.025636156475503213,0.025452488687782715
2021-07-08,-0.008516941307165293,-0.008457437028865589
2021-07-09,0.006535947712418277,0.0064898943074356286
2021-07-12,0.0007421150278292821,0.0007369196757553986
2021-07-13,0.004820170559881376,0.0047864506627393055
2021-07-14,0.02250922509225095,0.02235251007695127
2021-07-15,-0.006134969325153339,-0.0060931899641577525
2021-07-16,0.0023602033405953904,0.0023440317345835293
2021-07-19,0.0016301394674878011,0.0016189962223420729
2021-07-20,0.005967450271247676,0.00592672413793105
2021-07-21,-0.007190364911019209,-0.007141581860382051
2021-07-22,0.015752308527973824,0.015644668225139435
2021-07-23,0.004099821746880616,0.004072237960339953
2021-07-26,0.0028404047576779945,0.002821371892082425
2021-07-27,-0.013099663657284433,-0.013012132934763443
2021-07-28,0.008071748878923701,0.00801710315339399
2021-07-29,0.01690391459074725,0.016790385295157195
2021-07-30,-0.002799650043744495,-0.0027811576568747
2021-08-02,-0.05667660993156698,-0.05630120271919126
2021-08-03,-0.031063988095238138,-0.030845954931658648
2021-08-04,0.03973891341908242,0.039451114922812947
2021-08-05,-0.014955686853766581,-0.014851485148514865
2021-08-06,0.0011246485473288548,0.001116694584031297
2021-08-09,-0.00917431192660545,-0.009109499907045904
2021-08-10,0.02021919879062728,0.020075046904315164
2021-08-11,0.018521948508983144,0.02942799337870139
2021-08-12,-0.028186943080560134,-0.027693407182419194
2021-08-13,0.007485029940119681,0.00735023888276376
2021-08-16,-0.028603268945022298,-0.028091937249179133
2021-08-17,0.0032504780114723797,0.0031906906906906674
2021-08-18,-0.038307604345340196,-0.0376052385406922
2021-08-19,-0.025168450257629815,-0.02468895800933124
2021-08-20,0.01687334824151243,0.01654375124576446
2021-08-23,0.0003998400639744215,0.00039215686274518546
2021-08-24,0.026578737010391595,0.02606820854566827
2021-08-25,0.00019466614755692113,0.00019102196752629474
2021-08-26,-0.02491241728298954,-0.02444614209320095
2021-08-27,0.022754491017964007,0.022317932654659423
2021-08-30,0.025761124121779888,0.025277671390271816
2021-08-31,-0.008751902587519012,-0.008591707134852467
2021-09-01,-0.012667946257197693,-0.012434061793519247
2021-09-02,0.006026438569206816,0.005913773368943165
2021-09-03,0.026086956521739202,0.025602124028067497
2021-09-06,0.012241054613935987,0.012019230769230838
2021-09-07,0.0039069767441859415,0.0038370180887996597
2021-09-08,-0.007783543365455947,-0.007644703312704726
2021-09-09,0.04295853567426233,0.04218635363169487
2021-09-10,-0.007521489971346718,-0.007391763463569179
2021-09-13,0.00036088054853844476,0.00035460992907809796
2021-09-14,-0.02705627705627711,-0.026586316908897567
2021-09-15,0.004820170559881376,0.004734158776402042
2021-09-16,0.004243542435424352,0.004168176875679608
2021-09-17,-0.011574499356972301,-0.011369788846778528
2021-09-22,0.033085501858736155,0.03249361080686386
2021-09-23,-0.009175962576466357,-0.009016973125884009
2021-09-24,-0.024877428727074657,-0.024442462087421957
2021-09-27,0.01787709497206702,0.017556693489392927
2021-09-28,0.01280643980973295,0.012580877066858287
2021-09-29,0.004154624277456609,0.004082357117500823
2021-09-30,0.00881453498830731,0.008661834894820641
2021-10-08,0.007845934379457908,0.0077111812127586
2021-10-11,0.010261854210898758,0.010086956521739188
2021-10-12,-0.043082311733800394,-0.0423553719008265
2021-10-13,-0.025805270863835994,-0.025350593311758374
2021-10-14,0.008266015404846838,0.008116583656152088
2021-10-15,0.009316191540898133,0.009149130832570851
2021-10-18,-0.017168174266198988,-0.01686310063463281
2021-10-19,0.023290758827948954,0.02286978974548126
2021-10-20,-0.04441997063142433,-0.04363505228993869
2021-10-21,-0.0630042258932002,-0.06184012066365008
2021-10-22,-0.015580155801558027,-0.015273311897106123
2021-10-25,-0.015618492294877107,-0.015306122448979553
2021-10-26,0.019462661307383167,0.01906735751295341
2021-10-27,-0.054368126167254616,-0.05328452308318077
2021-10-28,0.012508229098090906,0.012244897959183598
2021-10-29,-0.014304291287386195,-0.014006791171477073
2021-11-01,-0.030123131046613905,-0.029487731381833804
2021-11-02,-0.0632509635003401,-0.06187624750498999
2021-11-03,0.037512100677637994,0.03664302600472813
2021-11-04,-0.037088873337998596,-0.03625997719498286
2021-11-05,0.005087209302325535,0.004969238050165581
2021-11-08,0.01566642564473364,0.015304921120791182
2021-11-09,-0.01305173232083534,-0.012755102040816313
2021-11-10,-0.002644866554460168,-0.0025839793281653423
2021-11-11,0.0474927675988428,0.04639660857277428
2021-11-12,-0.04464902186421171,-0.043664190862030106
2021-11-15,-0.02674054444712115,-0.026123793833843223
2021-11-16,-0.0024752475247524774,-0.0024166263895601947
2021-11-17,0.021836228287841264,0.02131782945736438
2021-11-18,-0.011413307430791608,-0.011148007590132791
2021-11-19,0.028494227462539934,0.027824418325737676
2021-11-22,0.003582517315500411,0.003500583430571691
2021-11-23,0.0035697287006186684,0.0034883720930232176
2021-11-24,0.04434432060706661,0.04333719582850515
2021-11-25,-0.007039055404178041,-0.006885828520657444
2021-11-26,-0.03453007088954951,-0.08208454484455374
2021-11-29,0.009711037423022262,0.009990253411306105
2021-11-30,0.004222378606615118,0.004342581423401715
2021-12-01,0.03340341041812667,0.03435022820081679
2021-12-02,-0.004068716094032587,-0.004180213655364584
2021-12-03,0.021788470267816606,0.02238805970149249
2021-12-06,-0.005553087516659283,-0.005702554744525523
2021-12-07,0.020326111235202227,0.02087634778618952
2021-12-08,-0.02189141856392296,-0.022471910112359605
2021-12-09,-0.012757385854968661,-0.013103448275862073
2021-12-10,0.006574472908637441,0.006755182855811892
2021-12-13,0.02094594594594601,0.021517815826006537
2021-12-14,-0.007279947054930513,-0.007474518686296672
2021-12-15,0.013111111111111073,0.013464171611136555
2021-12-16,0.019302478613731022,0.019815356901598635
2021-12-17,-0.005164622336991553,-0.0052991830426142306
2021-12-20,-0.0064892926670993,-0.006659267480577102
2021-12-21,-0.0004354452427607347,-0.0004469273743016311
2021-12-22,-0.007623611413635323,-0.007824726134585291
2021-12-23,0.008999122036874363,0.009238395673726973
2021-12-24,0.008701326952360144,0.008930564858227186
2021-12-27,-0.04571921500970455,-0.046913033857048037
2021-12-28,0.0027118644067796183,0.003947062920826472
2021-12-29,-0.0009015100292990574,-0.002081406105457928
2021-12-30,-0.007444168734491274,-0.010196987253765943
2021-12-31,0.007500000000000062,0.010302036993678376
2022-01-04,0.018046469659372955,0.018539976825028948
2022-01-05,0.01085752271216478,0.011149032992036512
2022-01-06,0.010960105217010074,0.011251125112511362
2022-01-07,0.006938421509106618,0.00712060525144631
2022-01-10,-0.007321274763135266,-0.0075121520106054
2022-01-11,0.021041214750542325,0.021593944790739172
2022-01-12,0.009135330359039795,0.009370233166267061
2022-01-13,0.0002105263157894388,0.00021588946459405456
2022-01-14,0.0065249421174489175,0.006691128858191231
2022-01-17,-0.023212045169385243,-0.02379931389365353
2022-01-18,0.009847998287304538,0.010103228640456763
2022-01-19,0.024167903328386586,0.024787997390737226
2022-01-20,0.0,0.0
2022-01-21,-0.0004139929621196359,-0.0004243581582855649
2022-01-24,-0.009525781735348904,-0.00976438123540646
2022-01-25,0.011917206773991218,0.01221864951768481
2022-01-26,-0.005785123966942196,-0.005929690808979204
2022-01-27,-0.004364089775561131,-0.004473796335747737
2022-01-28,0.03256105197244841,0.033383265568157405
2022-02-07,0.0036385688295936802,0.003727479809484402
2022-02-08,0.01309164149043296,0.013410356921807365
2022-02-09,-0.013717693836978184,-0.01404723127035834
2022-02-10,0.022576093529530272,0.02312616147016322
2022-02-11,-0.009856100926473488,-0.010090817356205872
2022-02-14,-0.0175194107107306,-0.017940876656473037
2022-02-15,-0.018034447821681843,-0.018476230018683815
2022-02-16,0.02146099876186547,0.021996615905245376
2022-02-17,-0.029494949494949463,-0.0302152317880795
2022-02-18,0.01935886761032468,0.01984635083226638
2022-02-21,0.013477639371043404,0.013810420590081529
2022-02-22,-0.022365504735039288,-0.022910216718266208
2022-02-23,0.010717230008244094,0.010984368398817113
2022-02-24,-0.03038336052202284,-0.031132469703301302
2022-02-25,-0.004206098843322792,-0.004313133491481547
2022-02-28,0.01605068637803586,0.016460905349794164
2022-03-01,0.029931407191851944,0.03068399744300021
2022-03-02,0.0046417759838546235,0.004755013438081379
2022-03-03,0.004017677782241824,0.004115226337448652
2022-03-04,0.004201680672268893,0.004303278688524648
2022-03-07,0.03845387527395894,0.03937971842481125
2022-03-08,-0.02647735993860323,-0.027090694935217874
2022-03-09,-0.009657075285770644,-0.009887005649717562
2022-03-10,-0.0021890547263682114,-0.002241695536987942
2022-03-11,0.004188272836058937,0.004289215686274606
2022-03-14,-0.0440913604766634,-0.045149481391092094
2022-03-15,0.012050696031581154,0.012353567625133177
2022-03-16,0.03099979470334624,0.031769408794445564
2022-03-17,-0.00039824771007568316,-0.0004078303425775198
2022-03-18,0.010159362549800877,0.01040391676866581
2022-03-21,-0.005915992900808464,-0.006056935190793422
2022-03-22,-0.000991866693116461,-0.0010156408693885455
2022-03-23,0.012907069102462199,0.013623424156161024
2022-03-24,-0.007449519702019236,-0.008024072216649913
2022-03-25,0.013430772269405589,0.013751263902932243
2022-03-28,0.008770220229974646,0.008976660682226134
2022-03-29,-0.003863987635239541,-0.00909450375642551
2022-03-30,0.004266873545383909,0.004389465283320071
2022-03-31,0.005214368482039378,0.005363528009535212
2022-04-01,0.019020172910662714,0.01956135151155891
2022-04-06,-0.007352941176470562,-0.007558139534883712
2022-04-07,-0.009686609686609726,-0.00995899238429998
2022-04-08,-0.009781357882623687,-0.010059171597633143
2022-04-11,-0.02944024791787725,-0.030284917314206017
2022-04-12,0.03352624226701262,0.034518183686048864
2022-04-13,-0.02317049623479439,-0.02383316782522349
2022-04-14,0.017592409567108058,0.01810783316378428
2022-04-15,0.00874125874125875,0.008992805755395628
2022-04-18,0.0026959368380512494,0.002772826302237963
2022-04-19,-0.00998655655847902,-0.010270590558957182
2022-04-20,0.018428709990300662,0.01895829175813213
2022-04-21,-0.00914285714285712,-0.009400705052878933
2022-04-22,-0.018069973087274094,-0.01858442071965205
2022-04-25,-0.03641346906812848,-0.03746978243352139
2022-04-26,0.010361641609101913,0.010673922143156211
2022-04-27,0.007038005228232391,0.007247877407330794
2022-04-28,-0.0027955271565495154,-0.0028782894736841813
2022-04-29,0.012014417300760805,0.012371134020618513
2022-05-05,0.0025722200237434656,0.002647657841140516
2022-05-06,-0.03730017761989346,-0.038391224862888484
2022-05-09,-0.016400164001640016,-0.01689902830587242
2022-05-10,-0.009795748228428547,-0.010098839707778251
2022-05-11,0.015575668280362054,0.016062513566312164
2022-05-12,-0.014300518134715001,-0.014740440076906669
2022-05-13,0.012195121951219523,0.012575888985255856
2022-05-16,0.0018695471541336772,0.001927194860813719
2022-05-17,-0.006012855069458811,-0.006197905535370807
2022-05-18,-0.02461410095953276,-0.02537634408602152
2022-05-19,0.010051325919589349,0.010370697263901052
2022-05-20,0.012492060131272575,0.012884909368857889
2022-05-23,-0.007109995817649484,-0.007330746011211753
2022-05-24,-0.02864363942712722,-0.02953953084274541
2022-05-25,0.01582827406764964,0.016338406445837172
2022-05-26,-0.00768409818569904,-0.007927769213829539
2022-05-27,0.015272101527210147,0.015760266370699272
2022-05-30,0.009533898305084776,0.009833916083916039
2022-05-31,0.013221406086044052,0.013633412681237855
2022-06-01,0.0057995028997515075,0.005977796754910392
2022-06-02,0.01565074135090616,0.016129032258064502
2022-06-06,-0.00770478507704786,-0.007936507936507908
2022-06-07,-0.0063342868818961895,-0.006526315789473713
2022-06-08,0.01562821303721984,0.016105107014197984
2022-06-09,-0.0008098805426199895,-0.0008342022940562854
2022-06-10,0.0004052684903748105,0.0004174493842621363
2022-06-13,-0.020660320032408364,-0.021281034842478563
2022-06-14,-0.015305067218200574,-0.01577488808356431
2022-06-15,-0.014702793530770863,-0.015161360190599993
2022-06-16,-0.008740140694947773,-0.00901693424235761
2022-06-17,-0.03268817204301078,-0.03373280071016427
2022-06-20,-0.04557581147176526,-0.047083141938447426
2022-06-21,0.01747030048916831,0.018076644974692746
2022-06-22,-0.02197802197802201,-0.022727272727272707
2022-06-23,0.025046816479400658,0.025920542635659016
2022-06-24,-0.010504681434117424,-0.010861865407319926
2022-06-27,0.019616893607200536,0.020291238959178726
2022-06-28,0.016976007243096447,0.017547964436125385
2022-06-29,0.002448252837747633,0.002529317084387195
2022-06-30,0.00399644760213147,0.0041284403669725744
2022-07-01,-0.02498894294559928,-0.02581087254454084
2022-07-04,-0.02200045361760039,-0.02274325908558028
2022-07-05,0.016233766233766156,0.01679462571976975
2022-07-06,0.0015974440894568342,0.001651722510618292
2022-07-07,-0.008202323991797655,-0.008480565371024706
2022-07-08,-0.002986446129106368,-0.003088619624613931
2022-07-11,-0.03387096774193543,-0.03503336510962818
2022-07-12,-0.033150488910088205,-0.03432946406520132
2022-07-13,0.0,0.0
2022-07-14,-0.018993586581154465,-0.019693094629156027
2022-07-15,-0.06135277847623832,-0.06365770936603188
2022-07-18,0.05116528261451925,0.05321816662022849
2022-07-19,-0.001529051987767538,-0.0015873015873015817
2022-07-20,0.014293006636038719,0.014838367779544281
2022-07-21,0.0002516356316053514,0.00026109660574413773
2022-07-22,0.008050314465408714,0.008352910467240848
2022-07-25,-0.000998253057149956,-0.0010354646647683374
2022-07-26,0.007244566575068667,0.0075149002332211
2022-07-27,0.00694444444444442,0.007201646090535085
2022-07-28,0.03497536945812807,0.03626149131767109
2022-07-29,-0.0147548786292242,-0.015278462296697826
2022-08-01,0.023429951690821182,0.02427427427427431
2022-08-02,0.0025961765400046577,0.0026875152699730176
2022-08-03,-0.00965160075329563,-0.009990253411305994
2022-08-04,-0.019729023056810124,-0.020428254984001915
2022-08-05,0.013579049466537318,0.014070351758793898
2022-08-08,0.02392344497607657,0.024777006937561907
2022-08-09,-0.010981308411214918,-0.011363636363636354
2022-08-10,-0.005433498700685102,-0.00562484715089262
2022-08-11,0.009976247030878849,0.01032956222331527
2022-08-12,0.009877704609595472,0.010223953261927932
2022-08-15,-0.005589194224499328,-0.005783132530120527
2022-08-16,0.006323185011709587,0.006543868153175092
2022-08-17,-0.037235280428205675,-0.0385263664820612
2022-08-18,0.0116026105873821,0.012021036814425345
2022-08-19,-0.026762246117084776,-0.027715911902994272
2022-08-22,0.019887061134298945,0.020615932807330095
2022-08-23,0.010110736639383777,0.010473815461346625
2022-08-24,0.008102955195424144,0.008390918065152908
2022-08-25,-0.008037825059101666,-0.008321096426823327
2022-08-26,0.010724499523355524,0.011105626850937744
2022-08-29,-0.031124734732374426,-0.03221869660727361
2022-08-30,-0.021903139449987785,-0.022698612862547263
2022-08-31,0.003981089823339223,-0.05109677419354841
2022-09-01,-0.008674101610904539,-0.009518629317378346
2022-09-02,-0.0012499999999999734,-0.0013728720483251466
2022-09-05,0.013516896120150168,0.01484740170470178
2022-09-06,0.0004939491232403004,0.0005418585749119575
2022-09-07,-0.0049370525796099685,-0.00541565123206067
2022-09-08,0.011411560406846988,0.012523822488428982
2022-09-09,0.017660044150110465,0.019360043022317752
2022-09-13,0.000723065798987621,0.0007913479293062409
2022-09-14,-0.012764932562620457,-0.013969425408539848
2022-09-15,-0.004635276896804097,-0.005078855920876757
2022-09-16,-0.008823529411764675,-0.00967221923696937
2022-09-19,0.002472799208704357,0.0027129679869777323
2022-09-20,-0.009126788357178062,-0.010010822510822526
2022-09-21,0.0012447099825740882,0.001366493577480199
2022-09-22,0.025111884634510195,0.027565502183406032
2022-09-23,0.00024254183846705857,0.00026560424966803886
2022-09-26,-0.00024248302618812279,-0.00026553372278281806
2022-09-27,0.017463012369633768,0.01912350597609569
2022-09-28,-0.0033373063170440975,-0.0036486838676048627
2022-09-29,0.0031093039942597933,0.003400470834423297
2022-09-30,-0.008822126847877976,-0.009645464025026085
2022-10-10,0.018282415203271674,0.02000526454330087
2022-10-11,-0.023860146468225873,-0.026064516129032267
2022-10-12,-0.004840271055179035,-0.005299417064122958
2022-10-13,-0.008511673151750943,-0.009323388385721887
2022-10-14,0.009811135638950308,0.010755579456843245
2022-10-17,-0.020403206218119974,-0.022346368715083775
2022-10-18,0.0007438631291842857,0.0008163265306122547
2022-10-19,-0.007680872150644169,-0.008428493746601373
2022-10-20,-0.01323345817727839,-0.01453249245955579
2022-10-21,0.009109311740890691,0.01001669449081799
2022-10-24,-0.0020060180541624506,-0.0022038567493113392
2022-10-25,-0.012060301507537674,-0.01325234676974052
2022-10-26,0.0015259409969481386,0.0016787912702853625
2022-10-27,-0.004316912138141227,-0.004748603351955261
2022-10-28,-0.018617699566437107,-0.020488352511928154
2022-10-31,-0.02416839916839919,-0.02664756446991401
2022-11-01,0.023435419440745564,0.025905210479835183
2022-11-02,0.0,0.0
2022-11-03,0.004944054124381925,0.005451936872309826
2022-11-04,0.015018125323666531,0.016552511415525162
2022-11-07,-0.006887755102040871,-0.007580011229646244
2022-11-08,0.009247367069098456,0.010183875530410225
2022-11-09,0.004835836090608225,0.005320638476617123
2022-11-10,-0.01317122593718334,-0.014484679665738187
2022-11-11,0.02541067761806981,0.027981910684002242
2022-11-14,0.0027534418022527873,0.00302447071762435
2022-11-15,0.010983524712930626,0.012061403508771829
2022-11-16,0.012345679012345734,0.013542795232936111
2022-11-17,-0.0039024390243902474,-0.00427578834847675
2022-11-18,-0.0024485798237022793,-0.0026838432635534204
2022-11-21,-0.011045655375552244,-0.0121097954790097
2022-11-22,0.0014892032762472418,0.0016344320348677943
2022-11-23,0.0034696406443617267,0.003807451726951294
2022-11-24,-0.002469745616201502,-0.0027092928745597877
2022-11-25,0.013617231988115819,0.014941591958706812
2022-11-28,0.0004885197850512668,0.0005353319057814776
2022-11-29,0.006591796875,0.007223113964687
2022-11-30,-0.004123211253941328,-0.0045152722443558835
2022-12-01,0.00097418412079886,0.0010672358591248265
2022-12-02,0.018248175182481674,0.014925373134328401
2022-12-05,-0.0009557945041815952,-0.0010504201680672232
2022-12-06,0.0009567089213107227,0.001051524710830698
2022-12-07,-0.006212664277180369,-0.0068277310924369505
2022-12-08,0.013705217600384678,0.01507139079851938
2022-12-09,0.025142314990512338,0.027611357124251112
2022-12-12,-0.0023137436372050457,-0.0025348542458808465
2022-12-13,0.0004638218923933568,0.0005082592121983254
2022-12-14,0.011358368103847827,0.012446024892049712
2022-12-15,0.022461608984643666,0.024586051179126933
2022-12-16,-0.00784577449002466,-0.008570029382957922
2022-12-19,-0.027564392227745094,-0.030130896517658656
2022-12-20,0.0027881040892192566,0.0030557677616500634
2022-12-21,0.022011121408711753,0.024117796395024094
2022-12-22,-0.016549535252777137,-0.018096182449181986
2022-12-23,0.01014292300599351,0.011108305983337452
2022-12-26,0.0002282062984937383,0.00024968789013724013
2022-12-27,0.013689253935660561,0.014977533699450873
2022-12-28,-0.003601170380373664,-0.003935071323167727
2022-12-29,-0.00045177320984868263,-0.0004938271604938427
2022-12-30,0.012881355932203409,0.014081027667984136
2023-01-03,-0.009370816599732268,-0.010231425091351998
2023-01-04,-0.008108108108108136,-0.008860447944868288
2023-01-05,-0.002270663033605791,-0.0024832381425379246
2023-01-06,0.020482476103777847,0.022404779686333143
2023-01-09,-0.003122212310437078,-0.0034088142196250226
2023-01-10,0.006935123042505653,0.007573906669924302
2023-01-11,0.008220395467673836,0.008971871968962208
2023-01-12,-0.005509034817100078,-0.006008171112713345
2023-01-13,0.008198537558165242,0.008945841392649978
2023-01-16,-0.01758241758241763,-0.019170860292355596
2023-01-17,0.005816554809843444,0.006352308819936425
2023-01-18,0.010231316725978656,0.011167759164845803
2023-01-19,0.0068251871422280175,0.0074429771908763875
2023-01-20,-0.0037174721189591198,-0.004051477597712072
2023-01-30,0.004828797190518097,0.00526441732471894
2023-01-31,-0.012669287898645742,-0.013806236610330869
2023-02-01,-0.013053097345132714,-0.014240888245232952
2023-02-02,-0.00941492938802957,-0.010284035259549462
2023-02-03,0.0029418420457116845,0.003216229589312114
2023-02-06,-0.0013537906137184308,-0.0014796547472256671
2023-02-07,-0.007004066877541848,-0.007656211410224767
2023-02-08,0.008418657565415266,0.009208561473369903
2023-02-09,0.006768953068592154,0.007398273736128225
2023-02-10,-0.002465262214253694,-0.0026927784577723823
2023-02-13,-0.01819815771736688,-0.01988217967599415
2023-02-14,0.0077803203661326314,0.008514901076884573
2023-02-15,0.008855585831062607,0.009684628755897595
2023-02-16,0.01800585190186821,0.019675356615838746
2023-02-17,0.004642936104355622,0.005065123010130179
2023-02-20,0.0037411971830985102,0.0040796736261099475
2023-02-21,0.015347511510633627,0.016730401529636785
2023-02-22,-0.0036709134096307716,-0.003996238834038546
2023-02-23,-0.0019505851755526882,-0.0021241444418220734
2023-02-24,-0.0008686210640608261,-0.0009460737937558861
2023-02-27,-0.00717235383612258,-0.0078125
2023-02-28,-0.00372154115586687,-0.004056311142925262
2023-03-01,0.009228740936058077,0.010062290368950677
2023-03-02,0.0019595035924233617,0.0021347248576850664
2023-03-03,0.010212950890917005,0.01112426035502967
2023-03-06,-0.013336201333620123,-0.014513108614232162
2023-03-07,0.008284281665576598,0.009026128266033329
2023-03-08,0.00021621621621625842,0.0002354048964219313
2023-03-09,0.013834846519671373,0.015062367615909622
2023-03-10,0.00021321961620479613,0.00023185717597962174
2023-03-13,0.01215092730761036,0.013212795549374157
2023-03-14,0.0004212299915753448,0.00045756119881024127
2023-03-15,-0.008631578947368435,-0.009375714612394281
2023-03-16,-0.02696963261839036,-0.029316712834718373
2023-03-17,0.012439982540375372,0.013555291319857332
2023-03-20,-0.01465833153696916,-0.015954950727358086
2023-03-21,-0.008313279369940973,-0.009060562708631426
2023-03-22,-0.0006618133686300265,-0.0007218479307026238
2023-03-23,-0.01832229580573952,-0.01998555261256918
2023-03-24,0.008320215875871284,0.009090909090909038
2023-03-27,-0.000446030330062408,-0.00048697345994641594
2023-03-28,0.006916555109326206,0.007551766138855109
2023-03-29,0.0033237314424994224,0.003626692456479619
2023-03-30,0.0035335689045936647,0.0038544928932786604
2023-03-31,-0.001320422535211252,-0.0014398848092153083
2023-04-03,-0.02578228294402818,-0.02811824080749825
2023-04-04,-0.005881022393123714,-0.00642927794263104
2023-04-06,-0.008418657565415266,-0.019910403185664505
2023-04-07,0.01170261587884358,0.012950736414423458
2023-04-10,-0.01859832161487862,-0.0205565304587616
2023-04-11,0.00693321007626535,0.007678525723061158
2023-04-12,-0.008492081707596966,-0.009398018796037633
2023-04-13,-0.0032407407407407662,-0.0035897435897436214
2023-04-14,0.0023223409196471145,0.00257334019557387
2023-04-17,0.007414272474513428,0.008213552361396204
2023-04-18,0.0050597976080957174,0.005600814663951015
2023-04-19,-0.0052631578947368585,-0.005822784810126547
2023-04-20,-0.0029905682079595097,-0.003310415075120976
2023-04-21,-0.023996308260267663,-0.026571282575370447
2023-04-24,-0.02269503546099294,-0.025196850393700787
2023-04-25,-0.007014997581035298,-0.00780829294561125
2023-04-26,0.008282582216808665,0.00922659430122108
2023-04-27,-0.006764919062575481,-0.007528905619790249
2023-04-28,-0.007540744344441741,-0.008398807911135231
2023-05-04,-0.011029411764705843,-0.012295081967213073
2023-05-05,0.0017348203221809744,0.0019363762102351245
2023-05-08,0.027214250371103477,0.03036996134732184
2023-05-09,-0.009874759152215806,-0.010986066452304377
2023-05-10,-0.0007297494526878889,-0.0008127878623679363
2023-05-11,-0.02142161635832518,-0.02386117136659438
2023-05-12,-0.0052238805970149516,-0.005833333333333357
2023-05-15,0.02200550137534374,0.024587873707739627
2023-05-16,-0.006606312698801076,-0.007362967002999765
2023-05-17,0.018472906403940836,0.02060439560439553
2023-05-18,-0.006771463119709775,-0.00753701211305513
2023-05-19,-0.010226442658875068,-0.011391375101708734
2023-05-22,-0.018696186961869588,-0.020850480109739333
2023-05-23,0.004763098520932596,0.005323620061641998
2023-05-24,-0.030439121756486998,-0.03400222965440358
2023-05-25,-0.008749356664951136,-0.009809578765147098
2023-05-26,0.01583592938733136,0.017773892773892852
2023-05-29,0.004600051111679049,0.005153163469796773
2023-05-30,-0.012973798015772031,-0.01452577613215611
2023-05-31,0.000773195876288657,0.0008670520231213175
2023-06-01,0.02137522534123093,0.023967658099913303
2023-06-02,0.012607160867372569,0.01410039481105474
2023-06-05,0.010458167330677393,0.011679644048943283
2023-06-06,0.0007392804337111869,0.0008246289169873133
2023-06-07,-0.004924895345973845,-0.005492996429552366
2023-06-08,0.008166295471417895,0.009113504556752305
2023-06-09,0.013991163475699508,0.015599343185550119
2023-06-12,-0.014282256112321479,-0.015898679601185628
2023-06-13,0.02185658153241654,0.024370208105147784
2023-06-14,-0.0004806536890170632,-0.0005346164127238984
2023-06-15,0.005049290694878472,0.005616474993313636
2023-06-16,0.009330143540669855,0.010372340425531812
2023-06-19,-0.011140080587817014,-0.012371676757041317
2023-06-20,-0.002157238734419975,-0.002398720682302735
2023-06-21,-0.013692049003122708,-0.015228426395939132
2023-06-26,-0.004627374573794474,-0.005154639175257714
2023-06-27,0.014925373134328401,0.016634851377147486
2023-06-28,0.0007232401157184487,0.0008047210300428098
2023-06-29,-0.0019272464466393302,-0.002144197266148451
2023-06-30,-0.0004827419744146688,-0.0005372011818426392
2023-07-03,0.011108427915962338,0.012362268207471105
2023-07-04,0.0002388344877000126,0.0002654632333420892
2023-07-05,-0.004059216809933153,-0.0045116772823778906
2023-07-06,0.0016782546152001032,0.0018661690215941995
2023-07-07,-0.020823360459550022,-0.023150612027674322
2023-07-10,-0.004155463211928612,-0.004630890765458973
2023-07-11,0.006136475208640135,0.006841817186644672
2023-07-12,0.009026591851671206,0.01005708072845879
2023-07-13,0.0026595744680850686,0.00296017222820244
2023-07-14,0.011333494092114815,0.012610678830158317
2023-07-17,-0.0207439198855508,-0.02305246422893481
2023-07-18,0.015096177258339338,0.01681583943585574
2023-07-19,-0.0019189254017749624,-0.0021339023739663787
2023-07-20,0.010334054313866803,0.011494252873563315
2023-07-21,0.009276879162702256,0.010306553911205052
2023-07-24,-0.0070704690077775245,-0.007847240387130472
2023-07-25,0.01519107524329466,0.016873187450566762
2023-07-26,-0.0014028524666822584,-0.0015556131708581722
2023-07-27,0.002341372044017742,0.002596728122565617
2023-07-28,-0.002335902826442471,-0.002590002590002638
2023-07-31,-0.0009365488176070746,-0.0010386912490262246
2023-08-01,0.0035153503632527894,0.003899142188718452
2023-08-02,-0.014245679588977156,-0.015794924909373398
2023-08-03,-0.01729447998104716,-0.01920547224414626
2023-08-04,0.0019286403085825299,0.0021459227467810482
2023-08-07,-0.0009624639076034613,-0.0010706638115631772
2023-08-08,-0.009633911368015391,-0.010718113612004254
2023-08-09,0.0019455252918287869,0.0021668472372697867
2023-08-10,-0.0070388349514562965,-0.007837837837837869
2023-08-11,0.004888780249327818,0.00544810678289287
2023-08-14,-0.012162490878131815,-0.013546464372798717
2023-08-15,0.013050972666830862,0.01455644053831362
2023-08-16,0.004618376276130265,0.005143475906876027
2023-08-17,0.003145414952818726,0.0035012119579853618
2023-08-18,-0.006271104679208883,-0.006977992485238893
2023-08-21,-0.00825242718446606,-0.009189189189189206
2023-08-22,0.013950073421439058,0.0155482815057284
2023-08-23,0.0,0.0
2023-08-24,-0.008447984552256815,-0.009401020682245464
2023-08-25,0.006815968841285214,0.00759219088937102
2023-08-28,-0.011847195357833629,-0.013186221743810567
2023-08-29,0.0026914607291412818,0.0029997272975184064
2023-08-30,0.008540751586139539,0.009516041326808056
2023-08-31,0.0065327849020082596,0.007271747912739102
2023-09-01,0.009134615384615463,0.010160427807486716
2023-09-04,-0.0019056693663649371,-0.002117522498676583
2023-09-05,-0.003341288782816254,0.007692307692307665
2023-09-06,0.004310344827586299,0.004738088970781762
2023-09-07,-0.005245588936576007,-0.0057636887608069065
2023-09-08,-0.01869606903163945,-0.02055335968379446
2023-09-11,0.010258915486077269,0.011299435028248483
2023-09-12,0.007736943907156624,0.008512902367650899
2023-09-13,-0.0033589251439539725,-0.003692957003429198
2023-09-14,0.0040924410207028306,0.004500926661371363
2023-09-15,0.007192519779429363,0.007907221929362107
2023-09-18,0.004284694120447519,0.004707112970711247
2023-09-19,-0.0026072529035315872,-0.002863092139510637
2023-09-20,0.0026140684410647097,0.0028713129731141596
2023-09-21,-0.018961839298411998,-0.020822488287350338
2023-09-22,0.004107272287992236,0.004518872939925478
2023-09-25,-0.015158806544754544,-0.016671077004498547
2023-09-26,-0.010017102369899833,-0.011033369214208832
2023-09-27,0.0017275419545903503,0.0019047619047618536
2023-09-28,0.0019709288001970027,0.0021727322107549796
2023-10-09,-0.012785837226456875,-0.014092140921409202
2023-10-10,-0.006973848069738442,-0.007696536558548628
2023-10-11,0.0022573363431150906,0.00249307479224381
2023-10-12,0.002002002002001957,0.002210555402044845
2023-10-13,-0.0017482517482517723,-0.001929969671905174
2023-10-16,0.009256942707030369,0.010220994475138134
2023-10-17,-0.0024789291026277027,-0.0027344818156959105
2023-10-18,-0.007952286282306154,-0.008774335069920536
2023-10-19,0.007264529058116143,0.00802213001383123
2023-10-20,-0.008455608057697073,-0.00933040614709113
2023-10-23,-0.00953097567093053,-0.010526315789473717
2023-10-24,0.014687262598126027,0.01623740201567747
2023-10-25,0.01073122036436236,0.011845730027548296
2023-10-26,0.002962962962963056,0.0032670841274162754
2023-10-27,0.009601181683899451,0.010583446404341945
2023-10-30,0.0039014874420872925,0.004296455424275036
2023-10-31,-0.0017002671848432849,-0.0018716577540106583
2023-11-01,0.00389294403892948,0.004286096972943909
2023-11-02,0.0016965584100823161,0.0018671645772205814
2023-11-03,0.011855794822163146,0.013045793397230998
2023-11-06,0.0,0.0
2023-11-07,-0.0033476805356288386,-0.0036793692509855536
2023-11-08,0.013675623800383896,0.015035610656818799
2023-11-09,0.0011834319526626835,0.0012993762993762648
2023-11-10,0.00614657210401881,0.006747988580326991
2023-11-13,-0.00164473684210531,-0.0018045888115493236
2023-11-14,-0.0037655919039774055,-0.004132231404958664
2023-11-15,0.015119300732341134,0.016597510373443924
2023-11-16,0.012101466139166961,0.013265306122449028
2023-11-17,-0.009887330420786378,-0.010825780463242674
2023-11-20,0.012540640966093752,0.013743955204886804
2023-11-21,0.0,0.0
2023-11-22,0.0041284403669725744,0.004519206628169625
2023-11-23,-0.015303791685701285,-0.01674581354661331
2023-11-24,0.009742519137091232,0.01067615658362997
2023-11-27,-0.0039053526303698405,-0.004275653923541234
2023-11-28,-0.015221402214022128,-0.016670876483960595
2023-11-29,0.000702576112412201,0.0007706139224248343
2023-11-30,0.003978469459396283,0.004363449691991761
2023-12-01,0.002331002331002363,0.002555583950932805
2023-12-04,-0.012093023255813962,-0.013255161865918907
2023-12-05,-0.00023540489642182028,-0.00025833118057350113
2023-12-06,0.011302095596891881,0.01240310077519391
2023-12-07,0.013504074505238606,0.023736600306278666
2023-12-08,0.007121525384792049,0.007728745948641258
2023-12-11,-0.003877737226277378,-0.004205838693715935
2023-12-12,0.008014655369819046,0.008695652173912993
2023-12-13,-0.026805997273966375,-0.029064039408867037
2023-12-14,-0.003968253968253954,-0.004312531709791956
2023-12-15,-0.002343566908835193,-0.002547770700636942
2023-12-18,0.0042283298097252064,0.0045977011494253706
2023-12-19,-0.0018713450292398015,-0.002034070683956224
2023-12-20,0.0035153503632527894,0.003821656050955413
2023-12-21,0.011209715086408112,0.012182741116751217
2023-12-22,0.003695150115473389,0.004012036108324901
2023-12-25,-0.0013805798435342354,-0.0014985014985015033
2023-12-26,0.005760368663594528,0.006253126563281697
2023-12-27,0.0,0.0
2023-12-28,-0.006185567010309256,-0.006711409395973145
2023-12-29,0.0013831258644536604,0.0015015015015014122
2024-01-02,0.01035911602209949,0.011244377811094441
2024-01-03,0.001822738664843948,0.0019767729182109672
2024-01-04,-0.00204685012508532,-0.002219482120838445
2024-01-05,-0.015268915223336399,-0.016559565002471577
2024-01-08,-0.006711409395973145,-0.007288263382759452
2024-01-09,-0.0016309412861137407,-0.0017721518987341423
2024-01-10,-0.01306884480746795,-0.014202383971595234
2024-01-11,0.00922203830692836,0.010033444816053505
2024-01-12,-0.005623242736644829,-0.006113092205807469
2024-01-15,-0.001413760603204528,-0.0015376729882111695
2024-01-16,0.0007078810759792997,0.0007700205338809774
2024-01-17,-0.009667531242631422,-0.01051551679917928
2024-01-18,0.013095238095238049,0.01425609123898397
2024-01-19,0.00047003525264388557,0.000511116790186561
2024-01-22,-0.0030537937514681923,-0.003320561941251632
2024-01-23,0.00706880301602264,0.0076883649410559585
2024-01-24,0.005381375760411755,0.005849440488301161
2024-01-25,0.0027926460321154867,0.003034134007585232
2024-01-26,0.001392434439545065,0.0015124779430299995
2024-01-29,-0.0011587485515642815,-0.0012584948401711538
2024-01-30,-0.012761020881670526,-0.013860887096774244
2024-01-31,-0.010340775558166815,-0.01124456938410423
2024-02-01,-0.00023747328425549608,-0.00025846471956580963
2024-02-02,-0.010213776722090229,-0.011116856256463303
2024-02-05,0.0019198464122869296,0.0020915032679738044
2024-02-06,0.0007185628742514272,0.0007826767545004998
2024-02-07,0.0009573958831976537,0.0010427528675704956
2024-02-08,0.0033476805356289496,0.003645833333333348
2024-02-19,-0.01096282173498575,-0.011935651271406278
2024-02-20,-0.013253012048192736,-0.014443277310924318
2024-02-21,0.009279609279609247,0.010125233146815793
2024-02-22,0.001451729978223959,0.0015826958586124817
2024-02-23,-0.0016912297656438424,-0.0018435607058203685
2024-02-26,-0.009922555663117172,-0.010817941952506627
2024-02-27,0.01833292593497915,0.020005334755935023
2024-02-28,-0.00336053768602973,-0.0036610878661087476
2024-02-29,-0.005298651252408471,-0.005774278215223139
2024-03-01,-0.006053268765133124,-0.006599788806758156
2024-03-04,-0.00024360535931788885,-0.00026574541589152734
2024-03-05,-0.009502923976608235,-0.010366826156299802
2024-03-06,-0.002706027060270566,-0.002954606500134349
2024-03-07,-0.0009866798223976403,-0.0010775862068965747
2024-03-08,-0.004197530864197496,-0.004584681769147836
2024-03-11,-0.021076121993553132,-0.02302898943375775
2024-03-12,0.0075987841945288626,0.008319467554076532
2024-03-13,-0.013323278029160335,-0.01457645764576454
2024-03-14,-0.0196178343949045,-0.021490371197320668
2024-03-15,-0.004158004158004158,-0.00456360524814603
2024-03-18,0.006002087682672297,0.0065902578796561695
2024-03-19,0.015564202334630295,0.01707941929974388
2024-03-20,-0.0007662835249042654,-0.0008396305625524292
2024-03-21,0.011758691206543936,0.012885154061624604
2024-03-22,-0.001010611419908991,-0.0011061946902655162
2024-03-25,-0.006828528072837625,-0.007475083056478371
2024-03-26,-0.02189966895849249,-0.023988842398884214
2024-03-27,-0.005206977349648478,-0.005715918833952505
2024-03-28,0.0005234231876471984,0.0005748778384593312
2024-03-29,-0.018048652890400252,-0.019821890261419117
2024-04-01,0.01172083111347888,0.01289566236811246
2024-04-02,0.0018430753027909308,0.0020254629629630205
2024-04-03,-0.01130091984231274,0.0
2024-04-08,0.025784157363104798,0.028010395610742034
2024-04-09,0.008810572687224738,0.00955056179775271
2024-04-10,-0.0028255843822244664,-0.0030606566499721266
2024-04-11,0.007727975270479082,0.008372871895059975
2024-04-12,0.0038343558282207812,0.00415167450871845
2024-04-15,-0.0030557677616500634,-0.003307607497243681
2024-04-16,-0.002043422733077893,-0.0022123893805309214
2024-04-17,0.018940363450217657,0.020509977827050996
2024-04-18,0.0,0.0
2024-04-19,-0.0017583521728209428,-0.0019011406844106071
2024-04-22,-0.0012581781580272011,-0.0013605442176870541
2024-04-23,-0.0073066263542453935,-0.007901907356948179
2024-04-24,0.010152284263959421,0.010985992859104732
2024-04-25,-0.0030150753768843908,-0.0032599837000815146
2024-04-26,0.0040322580645162365,0.004360861270100935
2024-04-29,-0.0025100401606426015,-0.0027137042062415073
2024-04-30,-0.004781077000503231,-0.005170068027210872
2024-05-06,0.019974715549936795,0.021608315098468278
2024-05-07,-0.0029747149231531544,-0.003212851405622441
2024-05-08,-0.01218299353555441,-0.013161428955143717
2024-05-09,-0.0012584948401711538,-0.0013609145345672147
2024-05-10,-0.0017641129032257563,-0.001907876805669173
2024-05-13,0.006059075990911378,0.006553795740032786
2024-05-14,-0.014052697616060206,-0.01519262072707539
2024-05-15,-0.0022906592008145044,-0.0024793388429752428
2024-05-16,0.02091836734693886,0.022645677989505675
2024-05-17,0.0032483758120940287,0.0035106670267350815
2024-05-20,0.004732254047322471,0.005113024757804174
2024-05-21,0.0027268220128904286,0.0029451137884872747
2024-05-22,0.01334981458590856,0.014415376401494928
2024-05-23,-0.006099048548426467,-0.006578947368421018
2024-05-24,0.0031909671084928704,0.0034437086092715674
2024-05-27,-0.00611695620259356,-0.006599788806758156
2024-05-28,-0.004431314623338234,-0.00478341748604838
2024-05-29,0.001978239366963397,0.0021361815754339375
2024-05-30,-0.0039486673247778326,-0.004263256061817211
2024-05-31,-0.007680872150644169,-0.008295424137008345
2024-06-03,-0.010237203495630509,-0.01106314085267135
2024-06-04,-0.004793138244197803,-0.005184174624829452
2024-06-05,-0.003548795944233185,-0.0038398244651672853
2024-06-06,0.008394810480793602,0.009085903083700497
2024-06-07,-0.0025227043390514403,-0.0027285129604365244
2024-06-11,-0.01466868993424375,-0.015868673050615567
2024-06-12,0.0028234086242300283,0.003058103975535076
2024-06-13,0.0033273611466597686,0.003603104212860364
2024-06-14,0.004081632653061273,0.004418668876001064
2024-06-17,-0.0060975609756097615,-0.006598845202089643
2024-06-18,0.001278118609406853,0.001383891502906076
2024-06-19,-0.0010211896859841918,-0.001105583195135429
2024-06-20,-0.004344492716585768,-0.004703929164360798
2024-06-21,-0.008726899383983522,-0.009452321378926931
2024-06-24,-0.00802692905230451,-0.008700533258490073
2024-06-25,0.0,0.0
2024-06-26,0.008091882015139662,0.008776896942242374
2024-06-27,-0.0072501294665976435,-0.007858546168958758
2024-06-28,0.0023474178403755097,0.0025459688826026117
2024-07-01,0.004683840749414525,0.005079006772009009
2024-07-02,0.0,0.0
2024-07-03,0.01476301476301467,0.016002245929253256
2024-07-04,-0.0007656967840734552,-0.000828958275766789
2024-07-05,-0.016091954022988464,-0.01742256637168138
2024-07-08,-0.012980269989615767,-0.01407261469180976
2024-07-09,0.0031562335612835835,0.0034256351698545018
2024-07-10,-0.009701101206082807,-0.010526315789473717
2024-07-11,0.009531374106433788,0.01035077630822312
2024-07-12,0.002360346184107076,0.0025611838360841688
2024-07-15,0.0073260073260073,0.007947771785410174
2024-07-16,-0.0018181818181818299,-0.0019712756969867407
2024-07-17,-0.014832162373145996,-0.01608352144469527
2024-07-18,0.001320655044902308,0.0014338973329508509
2024-07-19,-0.003429174360327081,-0.0037227949599083487
2024-07-22,-0.007411328745367873,-0.008048289738430636
2024-07-23,-0.014399999999999968,-0.015647638365691052
2024-07-24,-0.0016233766233766378,-0.0017662643508978837
2024-07-25,-0.01680216802168022,-0.0182836921262165
2024-07-26,0.011576626240352716,0.012616401321718262
2024-07-29,-0.0021798365122616126,-0.002373183031741277
2024-07-30,-0.016930638995084624,-0.018435920309247678
2024-07-31,0.00694444444444442,0.0075734625870949035
2024-08-01,0.008000000000000007,0.00871918220084189
2024-08-02,0.006568144499178974,0.0071535022354694
2024-08-05,-0.0032626427406199365,-0.0035513465522344356
2024-08-06,-0.01663938897981454,-0.018117018117018158
2024-08-07,-0.0005547850208044158,-0.000604960677555999
2024-08-08,-0.01387732445184564,-0.015133171912832921
2024-08-09,0.006473402758232494,0.007068223724646661
2024-08-12,-0.015380313199105156,-0.01678364357644191
2024-08-13,-0.013916500994035741,-0.015207945375543153
2024-08-14,-0.02131336405529949,-0.02332177749763631
2024-08-15,0.005885815185403098,0.0064536947402387135
2024-08-16,-0.011995318899941432,-0.013145238858608521
2024-08-19,0.023097423748889456,0.025341130604288553
2024-08-20,0.0046309696092619035,0.005069708491761693
2024-08-21,0.01815038893690568,0.019861286254728938
2024-08-22,-0.017260894170911145,-0.018856259659969066
2024-08-23,-0.005758710048949012,-0.006301197227473243
2024-08-26,0.03185635679119603,0.03487634749524404
2024-08-27,-0.0042099354476564654,-0.004595588235294157
2024-08-28,0.0042277339346110665,0.004616805170821747
2024-08-29,-0.0014033118158854885,-0.0015318627450980893
2024-08-30,-0.010399100618324941,-0.011353175820803973
2024-09-02,-0.012496449872195448,-0.013656114214773418
2024-09-03,-0.021282714984181772,-0.009125235997482717
2024-09-04,-0.011754334410813971,-0.012702445220704961
2024-09-05,-0.007731192387748997,-0.008362817626246355
2024-09-06,-0.009589451603236432,-0.010379500486539128
2024-09-09,0.008169440242057568,0.008849557522123908
2024-09-10,0.0006002400960383181,0.0006497725795970855
2024-09-11,0.017096580683863216,0.018506493506493582
2024-09-12,0.014155116484812824,0.015301243226012007
2024-09-13,0.0014539110206455153,0.0015698587127157548
2024-09-18,-0.011614401858304313,-0.01253918495297801
2024-09-19,0.016451233842538215,0.01777777777777767
2024-09-20,-0.011849710982658967,-0.012788521522145935
2024-09-23,-0.02281368821292773,-0.024644549763033208
2024-09-24,0.03891050583657596,0.0421120829284094
2024-09-25,0.002304811293575293,0.002797637550512988
2024-09-26,0.016096579476861272,0.017048977061376425
2024-09-27,0.016973125884016893,0.018287107589149754
2024-09-30,0.05841446453407517,0.06285543250523795
2024-10-08,-0.01708278580814715,-0.018304702900591385
2024-10-09,-0.005347593582887722,-0.005737234652897327
2024-10-10,-0.006451612903225823,-0.006924408540103899
2024-10-11,0.007034632034631949,0.007553747821034351
2024-10-14,0.009134873723804393,0.009803921568627416
2024-10-15,-0.009318423855165014,-0.009994288977727028
2024-10-16,-0.005374899220639606,-0.0057686760888375765
2024-10-17,-0.03971899486625241,-0.04264577893820709
2024-10-18,0.010129431626336505,0.01090909090909098
2024-10-21,0.006128133704735417,0.00659472422062346
2024-10-22,-0.002491694352159457,-0.0026801667659320794
2024-10-23,-0.00915903413821817,-0.009853687667960576
2024-10-24,0.0039215686274509665,0.0042219541616406175
2024-10-25,0.012834821428571397,0.013813813813813747
2024-10-28,0.02066115702479343,0.022215639810426513
2024-10-29,-0.007827260458839413,-0.008403361344537785
2024-10-30,0.005440696409140466,0.005844535359438963
2024-10-31,-0.0040584415584415945,-0.004357931435212126
2024-11-01,-0.009236620483564217,-0.009921213889699465
2024-11-04,0.008774335069920536,0.009431181844975045
2024-11-05,0.002174503941288375,0.0023357664233576436
2024-11-06,-0.011120151885001373,-0.011942907078357101
2024-11-07,0.012068019747668579,0.01297169811320753
2024-11-08,-0.0186991869918699,-0.020081490104773003
2024-11-11,-0.009942004971002505,-0.010692010692010645
2024-11-12,0.003626220362622057,0.003902731912338586
2024-11-13,-0.0019455252918287869,-0.002093301435406647
2024-11-14,-0.006683375104427736,-0.007192088702427379
2024-11-15,-0.02270815811606397,-0.02444913975249019
2024-11-18,0.013482501434308736,0.014542079207920722
2024-11-19,0.012170959524483438,0.013113754193351701
2024-11-20,-0.000838926174496657,-0.0009030704394943356
2024-11-21,0.003638399104394008,0.0039168424224163
2024-11-22,-0.015337423312883458,-0.01650660264105641
2024-11-25,0.005664117813650504,0.006103143118706189
2024-11-26,0.001689664883131492,0.0018198362147405778
2024-11-27,0.0016868147315152182,0.0018165304268846771
2024-11-28,0.0008419870895313153,0.0009066183136898776
2024-11-29,0.0016825574873808868,0.0018115942028984477
2024-12-02,0.004199328107502787,0.004520795660036159
2024-12-03,0.005296905492054638,0.005700570057005638
2024-12-04,-0.003605102606766497,-0.0038782816229117056
2024-12-05,-0.016420818257723346,-0.017669961066187456
2024-12-06,-0.008488964346349714,0.009451219512195186
2024-12-09,0.005422374429223664,0.005738447598912622
2024-12-10,0.02043712744819759,0.021621621621621623
2024-12-11,0.003059805285118289,0.0032333921222809092
2024-12-12,0.004159733777038266,0.004394960445355922
2024-12-13,-0.018779342723004744,-0.019836639439906656
2024-12-16,0.000562904587672497,0.0005952380952380931
2024-12-17,0.0005625879043600346,0.0005948839976204212
2024-12-18,-0.01461906100646615,-0.015457788347205681
2024-12-19,-0.007132667617689048,-0.007548309178743939
2024-12-20,-0.0022988505747126853,-0.0024338302403407175
2024-12-23,0.0031682027649768685,0.0033546813052760527
2024-12-24,0.006890611541774394,0.007294832826747699
2024-12-25,-0.003992015968063867,-0.004224502112251005
2024-12-26,0.0014314342971657457,0.0015151515151514694
2024-12-27,-0.010577472841623803,-0.011195158850226927
2024-12-30,0.014157757873447085,0.014993880048959518
2024-12-31,-0.002279202279202308,-0.002411817907747915
2025-01-02,-0.0008566533409479771,-0.0009066183136899886
2025-01-03,-0.00971706201771938,-0.010284331518451317
2025-01-06,-0.005772005772005762,-0.006112469437652757
2025-01-07,-0.0037735849056603765,-0.003997539975399755
2025-01-08,-0.00815850815850816,-0.008644643408459385
2025-01-09,-0.001762632197414793,-0.0018685767673621845
2025-01-10,-0.0008828722778104758,-0.0009360374414976169
2025-01-13,0.013843888070692145,0.014678326046221102
2025-01-14,0.009877977919814152,0.01046475838719596
2025-01-15,0.0020138089758343636,0.002132196162046851
2025-01-16,0.010623026126902024,0.011246200607902823
2025-01-17,0.012784090909090828,0.01352569882777277
2025-01-20,-0.005049088359046272,-0.005338078291814985
2025-01-21,0.0,0.0
2025-01-22,-0.004792782633211146,-0.005068574836016748
2025-01-23,0.004249291784702569,0.0044950554390170705
2025-01-24,0.007052186177715081,0.007458233890214716
2025-01-27,0.0014005602240896309,0.0014806040864672187
2025-02-05,-0.017342657342657386,-0.01833234772324066
2025-02-06,0.010532308568175441,0.011144578313253106
2025-02-07,-0.0014084507042253502,-0.0014894250819184052
2025-02-10,-0.005923836389280623,-0.006264916467780379
2025-02-11,-0.01589103291713967,-0.016811768237766422
2025-02-12,0.004901960784313708,0.005190839694656502
2025-02-13,-0.0077474892395982264,-0.00820170109356011
2025-02-14,-0.0008675534991324785,-0.0009188361408881685
2025-02-17,0.008104196816208331,0.008583690987124415
2025-02-18,0.006603502727533739,0.006990881458966536
2025-02-19,0.0005704506560182399,0.0006036824630244464
2025-02-20,0.01225769669327259,0.012971342383107043
2025-02-21,0.000844832441565746,0.0008933889219773228
2025-02-24,-0.005908835115362998,-0.006248140434394478
2025-02-25,-0.018964053212567222,-0.02005988023952099
2025-02-26,0.019042123485285556,0.02016498625114571
2025-02-27,-0.0028312570781426905,-0.002994908655286066
2025-02-28,-0.00028392958546274993,-0.00030039050765995334
2025-03-03,-0.009088327179778477,-0.009615384615384581
2025-03-04,-0.004012611063341942,-0.0042475728155340065
2025-03-05,-0.006618705035971173,-0.007007921998781197
2025-03-06,0.006662804171494896,0.007057379564283428
2025-03-07,-0.008633093525179825,-0.009140767824497242
2025-03-10,-0.00928882438316403,-0.009840098400983988
2025-03-11,-0.003222970993261076,-0.0034161490683229934
2025-03-12,0.004997060552616173,0.005297600498597621
2025-03-13,0.008774495466510768,0.00929944203347799
2025-03-14,0.0031893302406493795,0.0033783783783782884
2025-03-17,-0.014450867052023142,-0.015304560759106245
2025-03-18,-0.007624633431084993,-0.00808206403481504
2025-03-19,-0.008569739952718702,-0.00908806016922592
2025-03-20,0.004172876304023854,0.0044275774826059155
2025-03-21,-0.005936479667557171,-0.006297229219143552
2025-03-24,0.014332636607942595,0.015209125475285079
2025-03-25,0.004710038269061023,0.004993757802746579
2025-03-26,-0.003222970993261076,-0.0034161490683229934
2025-03-27,-0.00029394473838917357,-0.00031162355874103653
2025-03-28,-0.0032343428403410757,-0.003428927680798055
2025-03-31,-0.011209439528023557,-0.011886143259305593
2025-04-01,0.0032816229116945372,0.0034821145932257824
2025-04-02,-0.0011894142134998287,-0.0012618296529968154
2025-04-03,-0.0005954153021732189,0.020530638029058856
2025-04-07,-0.024128686327077764,-0.02630764469204583
2025-04-08,-0.013736263736263687,-0.014303877940241572
2025-04-09,-0.004023522129371737,-0.0041921960657852475
2025-04-10,0.015848353014294547,0.016515544041450836
2025-04-11,-0.002447231569287278,-0.0025485823510672523
2025-04-14,-0.0015332720024532343,-0.0015969338869370464
2025-04-15,-0.00030712530712528885,-0.0003198976327575265
2025-04-16,-0.009831029185867868,-0.010240000000000027
2025-04-17,-0.000310269934843288,-0.0003233107015842007
2025-04-18,-0.004965859714463061,-0.005174644243208237
2025-04-21,0.011540860885838944,0.012028608582574707
2025-04-22,-0.011717545482577862,-0.012206874397687084
2025-04-23,0.019344773790951564,0.020162601626016352
2025-04-24,-0.00948882767064585,-0.009882052916799444
2025-04-25,-0.0015451174289246028,-0.0016097875080489654
2025-04-28,0.008666047663262066,0.009029345372460584
2025-04-29,-0.008898435102792313,-0.009268136784915337
2025-04-30,-0.0012383900928792935,-0.001290322580645209
2025-05-06,-0.0058896466212027265,-0.006136950904392813
2025-05-07,0.00654817586529477,0.006824829379265429
2025-05-08,-0.014250309789343274,-0.01484828921885084
2025-05-09,-0.009428032683846621,-0.009829619921362998
2025-05-12,0.019035532994923887,0.01985440105890146
2025-05-13,-0.0009339975093399788,-0.0009733939000649006
2025-05-14,0.014957930819569976,0.01558947710295544
2025-05-15,-0.002763279091188231,-0.0028781579788934586
2025-05-16,-0.011083743842364546,-0.011545862732520895
2025-05-19,-0.004047322540473242,-0.004218040233614495
2025-05-20,-0.0034385745545483237,-0.0035842293906810374
2025-05-21,0.0009410288582183401,0.0009810333551341088
2025-05-22,0.0,0.0
2025-05-23,-0.004700720777185863,-0.004900359359686357
2025-05-26,-0.013224181360201537,-0.013788575180564644
2025-05-27,-0.00765794511805995,-0.007989347536617841
2025-05-28,-0.005144694533762095,-0.005369127516778538
2025-05-29,0.004524886877828038,0.004723346828610087
2025-05-30,-0.005469755469755477,-0.005708529214237701
2025-06-03,-0.010676156583629859,-0.011144883485309065
2025-06-04,0.01504251144538915,0.015710382513661303
2025-06-05,-0.0048324742268041065,-0.00504371217215871
2025-06-06,0.005179669796050446,0.005407232173031407
2025-06-09,0.0019323671497584183,0.002016806722689113
2025-06-10,-0.0022500803600128405,-0.002348205300234829
2025-06-11,0.005476804123711432,0.005716207128446449
2025-06-12,-0.007369432874078874,-0.0076897358742895605
2025-06-13,0.00032278889606196515,0.0003369272237196963
2025-06-16,0.006776379477250627,0.007073088582014053
2025-06-17,-0.0028846153846153744,-0.003010033444816096
2025-06-18,0.0016072002571521082,0.0016772895001677668
2025-06-19,0.0,0.0
2025-06-20,0.0019255455712452463,0.002009377093101117
2025-06-23,0.0009609224855862131,0.00100267379679142
2025-06-24,-0.005759999999999987,-0.006010016694490861
2025-06-25,-0.00032185387833927326,-0.0003359086328518224
2025-06-26,-0.0009658725048293793,-0.0010080645161290036
2025-06-27,0.007089912987431557,0.007399932727884195
2025-06-30,0.0006399999999999739,0.0006677796327212437
2025-07-01,0.0019187719859290464,0.002002002002001957
2025-07-02,0.01978933929141391,0.020646020646020613
2025-07-03,0.0034428794992176215,0.0035889070146819524
2025-07-04,-0.0012476606363068798,-0.0013003901170350884
2025-07-07,-0.003435352904434752,-0.0035807291666666297
2025-07-08,0.0006267627702913892,0.0006533812479581069
2025-07-09,0.0,0.0
2025-07-10,0.01879110554337604,0.019588638589618013
2025-07-11,0.0030740854595758815,0.0032020493115594295
2025-07-14,0.0015323322096230108,0.0015959144589849927
2025-07-15,-0.007343941248470043,-0.007648183556405397
2025-07-16,-0.002466091245376112,-0.0025690430314707635
2025-07-17,0.008343634116192877,0.008692852543464191
2025-07-18,0.0042905301869444745,0.00446856048515798
2025-07-21,0.023497101007018628,0.024467747060692657
2025-07-22,0.024746571258199124,0.025744416873449083
2025-07-23,-0.00960139656677339,-0.009978832778953728
2025-07-24,0.005875440658049458,0.006108735491753281
2025-07-25,0.01810747663551404,0.0188221007893139
2025-07-28,-0.030981067125645412,-0.03218116805721094
2025-07-29,0.02930728241563063,0.030480295566502447
2025-07-30,-0.009203336209375856,-0.009560800717060003
2025-07-31,-0.03193033381712629,-0.03318250377073906
2025-08-01,-0.0005997001499250532,-0.0006240249609984483
2025-08-04,0.0003000300030002734,0.0003122073056509578
2025-08-05,0.00869826034793042,0.00905118601747823
2025-08-06,0.0002973535533750127,0.0003093102381688251
2025-08-07,-0.0008917954815695905,-0.0009276437847866026
2025-08-08,-0.005355548943766775,-0.005571030640668551
2025-08-11,0.011067903081064978,0.011515717398070446
2025-08-12,0.002366863905325367,0.002461538461538515
2025-08-13,-0.010625737898465215,-0.011049723756906049
2025-08-14,-0.0098448687350835,-0.010242085661080091
2025-08-15,-0.00030129557095515125,-0.0003135779241141279
2025-08-18,-0.009945750452079571,-0.01035131744040152
2025-08-19,-0.00882800608828005,-0.009191759112519793
2025-08-20,0.001842751842751733,0.0019193857965451588
2025-08-21,-0.0033721643163703297,-0.0035121328224776427
2025-08-22,-0.0006151953245154829,-0.000640820249919849
2025-08-25,0.005847953216374213,0.006091696056428342
2025-08-26,-0.007649938800489586,-0.007966857871255617
2025-08-27,-0.0006167129201356536,-0.0006424670735625249
2025-08-28,0.005553841406973126,0.005785920925747368
2025-08-29,-0.011966861000306861,0.009907318632150774
2025-09-01,-0.013975155279503104,-0.014240506329113889
2025-09-02,0.0006299212598426251,0.0006420545746388395
2025-09-03,-0.0034623858986465583,-0.0035290343278793213
2025-09-04,0.003474415666456121,0.003541532517707724
2025-09-05,0.008183821214982734,0.008341353865896739
2025-09-08,-0.0034342803621604245,-0.003499840916321939
2025-09-09,-0.0028195488721804995,-0.002873563218390829
2025-09-10,-0.0043983663210807045,-0.0044828690361831125
2025-09-11,-0.005364468286525703,-0.005467996140238074
2025-09-12,0.011104060913705638,0.01131953428201804
2025-09-15,0.002823972387825613,0.0028781579788934586
2025-09-16,0.009386733416770987,0.00956632653061229
2025-09-17,0.000619962802231866,0.0006317119393557391
2025-09-18,-0.006505576208178487,-0.006628787878787845
2025-09-19,0.007795447458684102,0.007944073721004141
2025-09-22,0.004022277227722748,0.004098360655737654
2025-09-23,-0.009244992295839749,-0.009419152276295084
2025-09-24,0.002799377916018697,0.0028526148969889586
2025-09-25,0.0009305210918113538,0.0009481668773703156
2025-09-26,-0.016423923148435104,-0.01673508051784023
2025-09-29,-0.005356017643352251,-0.005459216441875414
2025-09-30,-0.007918910357934794,-0.008072328059412381
2025-10-09,0.00766283524904221,0.0078125
2025-10-10,0.002217997465145727,0.002260981912144633
2025-10-13,-0.0063231109705975674,-0.0064453754431195165
2025-10-14,-0.006999681832643989,-0.007135906584495588
2025-10-15,-0.008651073373918572,-0.008820646847435443
2025-10-16,0.004848093083387184,0.004943968358602557
2025-10-17,-0.0038597619813445228,-0.003935716628402752
2025-10-20,0.0025831449790119088,0.0026341784655909972
2025-10-21,0.0006441223832527321,0.0006568144499179418
2025-10-22,0.006758931445123961,0.006892024942566355
2025-10-23,0.0009590792838873874,0.0009778357235983304
2025-10-24,-0.007984669434685454,-0.00814067079127323
2025-10-27,0.017385705086928605,0.017728168089297336
2025-10-28,-0.0028481012658228,-0.002903225806451637
2025-10-29,0.013329101872421534,0.013587835651892588
2025-10-30,-0.008455997494519307,-0.00861793807851896
2025-10-31,0.0,0.0
2025-11-03,-0.008528111181301368,-0.008692852543464302
2025-11-04,-0.011150047785919104,-0.011367327054238374
2025-11-05,-0.006443298969072142,-0.006570302233902758
2025-11-06,0.0042153047989623715,0.004298941798941858
2025-11-07,-0.0009686793671295213,-0.0009878169245965962
2025-11-10,0.003232062055591456,0.003295978905734964
2025-11-11,-0.006121134020618535,-0.006241787122207576
2025-11-12,0.004213938411669282,0.004297520661157073
2025-11-13,0.002582311168495721,0.0026333113890717463
2025-11-14,0.0022537025112685516,0.0022980958634275517
2025-11-17,0.014134275618374659,0.01441205371765486
2025-11-18,-0.0022172949002217113,-0.0022602518566354757
2025-11-19,-0.006349206349206327,-0.006472491909385147
2025-11-20,-0.006389776357827448,-0.006514657980456029
2025-11-21,0.0022508038585209444,0.002295081967213175
2025-11-24,0.010266281681103662,0.010467778868171518
2025-11-25,0.005398539218799625,0.005503399158303557
2025-11-26,-0.002210991787744754,-0.0022537025112685516
2025-11-27,-0.0018993352326686086,-0.0019361084220715918
2025-11-28,0.005391690453536269,0.005496281926931745
2025-12-01,0.007570977917981114,0.007717041800643143
2025-12-02,-0.00031308703819665773,0.011167836630504135
2025-12-03,0.0,0.0
2025-12-04,0.0018791105543376485,0.0018933417481854509
2025-12-05,-0.005626758361988116,-0.005669291338582627
2025-12-08,-0.010688462747563632,-0.01076971808679128
2025-12-09,-0.013981569748967249,-0.014089016970861401
2025-12-10,0.012246213341927215,0.012341669373173048
2025-12-11,-0.015281757402101248,-0.015399422521655493
2025-12-12,-0.0029097963142580285,-0.0029325513196480912
2025-12-15,0.004539559014267169,0.004575163398692794
2025-12-16,0.002259522272433756,0.00227716330513994
2025-12-17,0.0009661835748793202,0.0009737098344693162
2025-12-18,0.013191763191763295,0.01329442282749671
2025-12-19,-0.0019053667831057108,-0.0019200000000000328
2025-12-22,0.00222717149220486,0.0022443090734209914
2025-12-23,0.0006349206349205438,0.000639795265515053
2025-12-24,0.002538071065989911,0.002557544757033181
2025-12-25,-0.0028481012658228,-0.002869897959183687
2025-12-26,-0.0028562361155188842,-0.0028781579788934586
2025-12-29,0.003819223424570417,0.0038486209108403724
2025-12-30,0.0012682308180089752,0.0012779552715656006
2025-12-31,-0.0037998733375553817,-0.0038289725590300305
2026-01-05,-0.005721551176096629,-0.005765534913516945
2026-01-06,0.0022378516624042,0.0022551546391753607
2026-01-07,0.024242424242424176,0.024429443908710935
2026-01-08,-0.00591715976331364,-0.005961719485409467
2026-01-09,-0.007518796992481258,-0.007575757575757569
2026-01-12,0.006628787878787845,0.006679389312977069
2026-01-13,-0.002195045468799006,-0.002211690363349117
2026-01-14,0.0012570710245127792,0.001266624445851905
2026-01-15,-0.0006277463904582614,-0.0006325110689436864
2026-01-16,0.0009422110552763652,0.0009493670886076
2026-01-19,-0.007216818324443097,-0.00727157761618713
2026-01-20,-0.009165613147914087,-0.00923566878980897
2026-01-21,0.00191387559808609,0.0019286403085825299
2026-01-22,0.0022285896211398093,0.002245749117741447
2026-01-23,0.00571791613723005,0.005761843790012877
2026-01-26,0.00031585596967786955,0.0003182686187142014
2026-01-27,-0.005367856015156325,-0.005408845052497613
2026-01-28,-0.0009523809523809268,-0.0009596928982725794
2026-01-29,0.010803940260565525,0.010886967659301972
2026-01-30,-0.009116629990569058,-0.009185936015204343
2026-02-02,-0.009517766497461944,-0.009590792838874651
2026-02-03,0.00032030749519540436,0.00032278889606196515
2026-02-04,0.0035222542427153503,0.00354953210713127
2026-02-05,-0.002871729419272495,-0.002893890675241151
2026-02-06,-0.00768000000000002,-0.007739438890680406
2026-02-09,-0.0041921960657852475,-0.004224894377640509
2026-02-10,-0.0038860103626943143,-0.003916449086161844
2026-02-11,0.0006501950585175997,0.000655307994757548
2026-02-12,-0.001299545159194282,-0.0013097576948264411
2026-02-13,0.0016265452179571316,0.0016393442622950616
2026-02-24,-0.009093861643390766,-0.00916530278232408
2026-02-25,0.016060308095706244,0.0161876445325404
2026-02-26,-0.004193548387096735,-0.004226267880364065
2026-02-27,0.0012957563977971098,0.0013059092393079563
2026-03-02,0.0,0.0
2026-03-03,0.0022646392753153943,0.0022823606129769303
2026-03-04,-0.0009683666881858954,-0.0009759271307742123
2026-03-05,0.0012924071082391908,0.0013025073266037523
2026-03-06,0.004194901581155319,0.004227642276422694
2026-03-09,0.009961439588688892,0.010038860103626979
2026-03-10,-0.004772510340439018,-0.004809233728759188
2026-03-11,0.0035166240409207905,0.003543814432989789
2026-03-12,0.0015928639694169355,0.0016051364365972098
2026-03-13,0.006997455470737934,0.007051282051282026
2026-03-16,-0.0006317119393556281,-0.0006365372374284028
2026-03-17,0.0025284450063212116,0.002547770700636942
2026-03-18,-0.0025220680958385477,-0.0025412960609910717
2026-03-19,-0.001580278128950674,-0.0015923566878981443
2026-03-20,-0.003798670465337106,-0.003827751196172291
2026-03-23,0.009850651414045064,0.00992635286583421
2026-03-24,-0.002831969792322253,-0.0028535193405200276
2026-03-25,-0.004102240454401995,-0.0041335453100158626
2026-03-26,-0.0012674271229404788,-0.0012771392081737387
2026-03-27,-0.0012690355329949554,-0.0012787723785165905
2026-03-30,0.004764930114358412,0.004801536491677361
2026-03-31,-0.005690799873537822,-0.005734310289901234
2026-04-01,-0.00031796502384739966,-0.00032041012495998
2026-04-02,-0.004452926208651453,-0.004487179487179471
2026-04-03,-0.002875399361022324,0.0057952350289762755
2026-04-07,-0.001922460749759658,-0.0028809218950064386
2026-04-08,-0.00032102728731941976,-0.00032102728731941976
2026-04-09,-0.005780346820809301,-0.005780346820809301
2026-04-10,0.0009689922480620172,0.0009689922480620172
2026-04-13,0.00032268473701191347,0.00032268473701191347
2026-04-14,-0.001935483870967758,-0.001935483870967758
2026-04-15,0.0029088558500323103,0.0029088558500323103
2026-04-16,0.009668063164679275,0.009668063164679275
2026-04-17,0.0,0.0
2026-04-20,0.012448132780082943,0.012448132780082943
2026-04-21,0.0012610340479193294,0.0012610340479193294
2026-04-22,0.0031486146095718315,0.0031486146095718315
2026-04-23,-0.0015693659761456535,-0.0015693659761456535
2026-04-24,0.0031436655139893688,0.0031436655139893688
2026-04-27,-0.0003133813851456946,-0.0003133813851456946
2026-04-28,-0.004388714733542298,-0.004388714733542298
2026-04-29,0.005982367758186502,0.005982367758186502
2026-04-30,0.0059467918622848615,0.0059467918622848615
2026-05-06,0.01555693839452399,0.01555693839452399
2026-05-07,0.0027573529411764053,0.0027573529411764053
2026-05-08,-0.0030553009471433468,-0.0030553009471433468
2026-05-11,0.007048728164265938,0.007048728164265938
2026-05-12,-0.009433962264150941,-0.009433962264150941
2026-05-13,0.0006144393241167556,0.0006144393241167556
2026-05-14,-0.000614062020264039,-0.000614062020264039
2026-05-15,-0.0070660522273425785,-0.0070660522273425785
2026-05-18,-0.008044554455445496,-0.008044554455445496
2026-05-19,-0.0006238303181534954,-0.0006238303181534954
2026-05-20,-0.004681647940074862,-0.004681647940074862
2026-05-21,-0.004390090937598012,-0.004390090937598012
2026-05-22,-0.002204724409448855,-0.002204724409448855
2026-05-25,0.015782828282828287,0.015782828282828287
2026-05-26,-0.02237414543194527,-0.02237414543194527
2026-05-27,-0.0006357279084552303,-0.0006357279084552303
2026-05-28,0.00031806615776086566,0.00031806615776086566
2026-05-29,0.004133545310015974,0.004133545310015974
2026-06-01,0.00601646611779616,0.00601646611779616
2026-06-02,0.0009442870632672129,0.0009442870632672129
2026-06-03,-0.0034591194968554007,-0.0034591194968554007
2026-06-04,-0.0037866834963711238,-0.0037866834963711238
2026-06-05,0.0025340513145390986,0.0025340513145390986
2026-06-08,-0.0025276461295418162,-0.0025276461295418162
2026-06-09,-0.0003167564143173873,-0.0003167564143173873
2026-06-10,0.0076045627376426506,0.0076045627376426506
2026-06-11,-0.007547169811320753,-0.007547169811320753
2026-06-12,0.006970849176172411,0.006970849176172411
2026-06-15,0.002831969792322253,0.002831969792322253
2026-06-16,-0.005647944775651115,-0.005647944775651115
2026-06-17,-0.004417797412432978,-0.004417797412432978
2026-06-18,-0.007606973058637112,-0.007606973058637112
2026-06-22,-0.0012775471095496371,-0.0012775471095496371
2026-06-23,-0.004796929964822505,-0.004796929964822505
2026-06-24,-0.0003213367609254947,-0.0003213367609254947
2026-06-25,-0.004178720668595259,-0.004178720668595259
2026-06-26,-0.0016139444803098257,-0.0016139444803098257
2026-06-29,0.0006466214031684014,0.0006466214031684014
2026-06-30,-0.0022617124394184174,-0.0022617124394184174
2026-07-01,-0.00680051813471505,-0.00680051813471505
2026-07-02,0.0,0.0
2026-07-03,-0.0016302575806977915,-0.0016302575806977915
2026-07-06,0.003265839320705455,0.003265839320705455
2026-07-07,-0.0013020833333333703,-0.0013020833333333703
2026-07-08,0.009126466753585305,0.009126466753585305
2026-07-09,-0.001614987080103325,-0.001614987080103325
2026-07-10,-0.0012940795858945586,-0.0012940795858945586
2026-07-13,-0.010689990281827044,-0.010689990281827044
2026-07-14,0.011787819253438192,0.011787819253438192
2026-07-15,0.008090614886731462,0.008090614886731462
2026-07-16,0.0,0.0
2026-07-17,-0.0009630818619582593,-0.0009630818619582593
2026-07-20,-0.005141388174807249,-0.005141388174807249
2026-07-21,-0.0003229974160207094,-0.0003229974160207094
2026-07-22,-0.0038772213247172393,-0.0038772213247172393
2026-07-23,0.0006487187804087302,0.0006487187804087302
2026-07-24,-0.002917341977309529,-0.002917341977309529
2026-07-27,0.0006501950585175997,0.0006501950585175997
2026-07-28,-0.005847953216374324,-0.005847953216374324
2026-07-29,0.0006535947712418277,0.0006535947712418277
2026-07-30,-0.015676028739386005,-0.015676028739386005
2026-07-31,-0.0033178500331785266,-0.0033178500331785266
2026-08-03,-0.009320905459387463,-0.009320905459387463
2026-08-04,0.0023521505376344898,0.0023521505376344898
2026-08-05,0.0023466309084814174,0.0023466309084814174
2026-08-06,0.008026755852842848,0.008026755852842848
2026-08-07,-0.001990710019907138,-0.001990710019907138
2026-08-10,-0.0036569148936169693,-0.0036569148936169693
2026-08-11,0.006339673006339641,0.006339673006339641
2026-08-12,-0.0019893899204244114,-0.0019893899204244114
2026-08-13,-0.0026578073089701393,-0.0026578073089701393
2026-08-14,0.004330446369087193,0.004330446369087193
2026-08-17,0.0003316749585406953,0.0003316749585406953
2026-08-18,0.0023209549071618873,0.0023209549071618873
2026-08-19,-0.001984783327820039,-0.001984783327820039
2026-08-20,0.004971826317534012,0.004971826317534012
2026-08-21,0.002308707124010656,0.002308707124010656
2026-08-24,0.008884501480750151,0.008884501480750151
2026-08-25,0.0016307893020222064,0.0016307893020222064
2026-08-26,0.0016281341582546904,0.0016281341582546904
2026-08-27,0.0039011703511053764,0.0039011703511053764
2026-08-28,0.007772020725388629,0.007772020725388629
2026-08-31,0.009961439588688892,0.027313624678663162
