date,util,kind,scenario
2015-01-19,1.0875642106995842,comm,S2_fb2p0
2015-01-20,1.0781755691678283,comm,S2_fb2p0
2015-01-21,1.0782074666422523,comm,S2_fb2p0
2015-01-22,1.0775908690671443,comm,S2_fb2p0
2015-01-23,1.0797540197521855,comm,S2_fb2p0
2015-01-26,1.2354484667429344,comm,S2_fb2p0
2015-01-27,1.2446891833283016,comm,S2_fb2p0
2015-01-28,1.312795136487309,comm,S2_fb2p0
2015-01-29,1.3068671973247112,comm,S2_fb2p0
2015-01-30,1.2804236861124412,comm,S2_fb2p0
2015-02-02,1.256336915315669,comm,S2_fb2p0
2015-02-03,1.2935909654505149,comm,S2_fb2p0
2015-02-04,1.3247141277053238,comm,S2_fb2p0
2015-02-05,1.2979342406033205,comm,S2_fb2p0
2015-02-06,1.3316201067382674,comm,S2_fb2p0
2015-02-09,1.2442446693487306,comm,S2_fb2p0
2015-02-10,1.2364841513744935,comm,S2_fb2p0
2015-02-11,1.2265796514864689,comm,S2_fb2p0
2015-02-12,1.2150054969606583,comm,S2_fb2p0
2015-02-13,1.2523417366205736,comm,S2_fb2p0
2015-02-16,1.1333325662425695,comm,S2_fb2p0
2015-02-17,1.123790140830201,comm,S2_fb2p0
2015-02-25,0.9616634143383612,comm,S2_fb2p0
2015-02-26,0.9719092675697341,comm,S2_fb2p0
2015-02-27,0.9663979497886425,comm,S2_fb2p0
2015-03-09,0.975653330655743,comm,S2_fb2p0
2015-03-10,1.0163993976893388,comm,S2_fb2p0
2015-03-11,1.0085520170506719,comm,S2_fb2p0
2015-03-12,1.0247790878420184,comm,S2_fb2p0
2015-03-13,1.0305856743477926,comm,S2_fb2p0
2015-03-16,1.3138834980592697,comm,S2_fb2p0
2015-03-17,1.3133880280395578,comm,S2_fb2p0
2015-03-18,1.2888363227951694,comm,S2_fb2p0
2015-03-19,1.303324942784275,comm,S2_fb2p0
2015-03-20,1.3088037021151757,comm,S2_fb2p0
2015-03-23,1.2370114942316979,comm,S2_fb2p0
2015-03-24,1.3249477806961893,comm,S2_fb2p0
2015-03-25,1.2705341381822424,comm,S2_fb2p0
2015-03-26,1.2621018178678194,comm,S2_fb2p0
2015-03-27,1.2324062661263018,comm,S2_fb2p0
2015-03-30,1.0082196746557206,comm,S2_fb2p0
2015-03-31,0.9909788555661027,comm,S2_fb2p0
2015-04-01,0.9698334583990671,comm,S2_fb2p0
2015-04-02,0.9547211851645547,comm,S2_fb2p0
2015-04-03,0.9504252484515586,comm,S2_fb2p0
2015-04-07,0.9371457666291755,comm,S2_fb2p0
2015-04-08,0.9210584376762796,comm,S2_fb2p0
2015-04-09,0.9025681964586334,comm,S2_fb2p0
2015-04-10,0.8914139639742292,comm,S2_fb2p0
2015-04-13,1.2460518715150009,comm,S2_fb2p0
2015-04-14,1.2825018707830929,comm,S2_fb2p0
2015-04-15,1.292888160462425,comm,S2_fb2p0
2015-04-16,1.3009988855375694,comm,S2_fb2p0
2015-04-17,1.27722212985535,comm,S2_fb2p0
2015-04-20,1.0774077082166358,comm,S2_fb2p0
2015-04-21,1.0979902022997559,comm,S2_fb2p0
2015-04-22,1.1343937944243339,comm,S2_fb2p0
2015-04-23,1.159118284403138,comm,S2_fb2p0
2015-04-24,1.195937980323077,comm,S2_fb2p0
2015-04-27,1.3435934346786196,comm,S2_fb2p0
2015-04-28,1.3266964956375622,comm,S2_fb2p0
2015-04-29,1.269175239093926,comm,S2_fb2p0
2015-04-30,1.2633695229104671,comm,S2_fb2p0
2015-05-04,1.3438332661864278,comm,S2_fb2p0
2015-05-05,1.317082160328145,comm,S2_fb2p0
2015-05-06,1.3296768861306543,comm,S2_fb2p0
2015-05-07,1.2717266762518318,comm,S2_fb2p0
2015-05-08,1.2663524737348297,comm,S2_fb2p0
2015-05-11,1.172896290087601,comm,S2_fb2p0
2015-05-12,1.147330927166287,comm,S2_fb2p0
2015-05-13,1.138211498076817,comm,S2_fb2p0
2015-05-14,1.1166968610885852,comm,S2_fb2p0
2015-05-15,1.1161990647575402,comm,S2_fb2p0
2015-05-25,0.838675926406054,comm,S2_fb2p0
2015-05-26,0.8566694992420162,comm,S2_fb2p0
2015-05-27,0.8559867463480849,comm,S2_fb2p0
2015-05-28,0.8661233513537643,comm,S2_fb2p0
2015-05-29,0.8602289705681153,comm,S2_fb2p0
2015-06-01,0.879595631729615,comm,S2_fb2p0
2015-06-02,0.8758524046987907,comm,S2_fb2p0
2015-06-03,0.8890354341829437,comm,S2_fb2p0
2015-06-04,0.8894481945464378,comm,S2_fb2p0
2015-06-05,0.9084124866325844,comm,S2_fb2p0
2015-06-08,1.2884396679586563,comm,S2_fb2p0
2015-06-09,1.2996522236518324,comm,S2_fb2p0
2015-06-10,1.3034162590966136,comm,S2_fb2p0
2015-06-11,1.2810907431654643,comm,S2_fb2p0
2015-06-12,1.2259446812314068,comm,S2_fb2p0
2015-06-15,1.2686298800069653,comm,S2_fb2p0
2015-06-16,1.2518641190789592,comm,S2_fb2p0
2015-06-17,1.2446647882363422,comm,S2_fb2p0
2015-06-18,1.2399702911439603,comm,S2_fb2p0
2015-06-19,1.2581505743239731,comm,S2_fb2p0
2015-06-23,1.307927636017697,comm,S2_fb2p0
2015-06-24,1.2953107697183188,comm,S2_fb2p0
2015-06-25,1.2918406884179237,comm,S2_fb2p0
2015-06-26,1.2966688730417344,comm,S2_fb2p0
2015-06-29,1.2735370009203522,comm,S2_fb2p0
2015-06-30,1.1947975140413074,comm,S2_fb2p0
2015-07-01,1.1920987637835039,comm,S2_fb2p0
2015-07-02,1.2166079591316834,comm,S2_fb2p0
2015-07-03,1.2297418640404583,comm,S2_fb2p0
2015-07-06,1.219733127639332,comm,S2_fb2p0
2015-07-07,1.168509002776677,comm,S2_fb2p0
2015-07-08,1.081146549396497,comm,S2_fb2p0
2015-07-09,1.125874916722447,comm,S2_fb2p0
2015-07-10,1.1920024436800887,comm,S2_fb2p0
2015-07-13,0.7318829332059232,comm,S2_fb2p0
2015-07-14,0.740805269813529,comm,S2_fb2p0
2015-07-15,0.7332803777729855,comm,S2_fb2p0
2015-07-16,0.729307697906197,comm,S2_fb2p0
2015-07-17,0.7303982747521924,comm,S2_fb2p0
2015-07-20,0.7038492171659492,comm,S2_fb2p0
2015-07-21,0.7254668493150734,comm,S2_fb2p0
2015-07-22,0.7600405548969167,comm,S2_fb2p0
2015-07-23,0.7435935845512018,comm,S2_fb2p0
2015-07-24,0.746421362823935,comm,S2_fb2p0
2015-07-27,0.7651693994427621,comm,S2_fb2p0
2015-07-28,0.7547294118521182,comm,S2_fb2p0
2015-07-29,0.7766985753234639,comm,S2_fb2p0
2015-07-30,0.7688743091737027,comm,S2_fb2p0
2015-07-31,0.7635598811625092,comm,S2_fb2p0
2015-08-03,0.7860423790979297,comm,S2_fb2p0
2015-08-04,0.7692067650005842,comm,S2_fb2p0
2015-08-05,0.7836384074454633,comm,S2_fb2p0
2015-08-06,0.7713814847375376,comm,S2_fb2p0
2015-08-07,0.7550974752502154,comm,S2_fb2p0
2015-08-10,0.9302797066861503,comm,S2_fb2p0
2015-08-11,0.9640614458773786,comm,S2_fb2p0
2015-08-12,0.9614743485967179,comm,S2_fb2p0
2015-08-13,0.99323372769303,comm,S2_fb2p0
2015-08-14,0.9816797979207659,comm,S2_fb2p0
2015-08-17,1.0127795647493516,comm,S2_fb2p0
2015-08-18,1.0014377959421765,comm,S2_fb2p0
2015-08-19,0.9830053704168537,comm,S2_fb2p0
2015-08-20,0.9846068919224005,comm,S2_fb2p0
2015-08-21,0.9886660269526272,comm,S2_fb2p0
2015-08-24,1.0943482374051972,comm,S2_fb2p0
2015-08-25,1.0663256616529453,comm,S2_fb2p0
2015-08-26,1.0736439123288375,comm,S2_fb2p0
2015-08-27,1.0661307732842948,comm,S2_fb2p0
2015-08-28,1.0887923377465374,comm,S2_fb2p0
2015-08-31,1.2267590780227002,comm,S2_fb2p0
2015-09-01,1.2113733716570478,comm,S2_fb2p0
2015-09-02,1.2084623139286164,comm,S2_fb2p0
2015-09-07,1.0199779148380663,comm,S2_fb2p0
2015-09-08,1.0280478700832574,comm,S2_fb2p0
2015-09-09,1.0754956946462209,comm,S2_fb2p0
2015-09-10,1.0629892869410116,comm,S2_fb2p0
2015-09-11,1.077453203815174,comm,S2_fb2p0
2015-09-14,1.1016440668696663,comm,S2_fb2p0
2015-09-15,1.0734183146580838,comm,S2_fb2p0
2015-09-16,1.066035238138237,comm,S2_fb2p0
2015-09-17,1.0749783604295822,comm,S2_fb2p0
2015-09-18,1.070262498743112,comm,S2_fb2p0
2015-09-21,1.0124572000008436,comm,S2_fb2p0
2015-09-22,1.0225417454568473,comm,S2_fb2p0
2015-09-23,1.0036904654452172,comm,S2_fb2p0
2015-09-24,0.9990795658927305,comm,S2_fb2p0
2015-09-25,1.006792548463294,comm,S2_fb2p0
2015-09-28,0.8182081262107235,comm,S2_fb2p0
2015-09-29,0.7859751487703532,comm,S2_fb2p0
2015-09-30,0.7768833105507557,comm,S2_fb2p0
2015-10-08,1.0912060303896254,comm,S2_fb2p0
2015-10-09,1.0995745392310576,comm,S2_fb2p0
2015-10-12,1.1845610286018236,comm,S2_fb2p0
2015-10-13,1.1416137314172625,comm,S2_fb2p0
2015-10-14,1.130317360784023,comm,S2_fb2p0
2015-10-15,1.1208703885162918,comm,S2_fb2p0
2015-10-16,1.0996117180655327,comm,S2_fb2p0
2015-10-19,1.0209156447336107,comm,S2_fb2p0
2015-10-20,0.9809759190529609,comm,S2_fb2p0
2015-10-21,0.9559033025864636,comm,S2_fb2p0
2015-10-22,0.945087843331363,comm,S2_fb2p0
2015-10-23,0.9529100259645855,comm,S2_fb2p0
2015-10-26,0.9998279407793352,comm,S2_fb2p0
2015-10-27,1.0110769308965908,comm,S2_fb2p0
2015-10-28,0.9921331143570381,comm,S2_fb2p0
2015-10-29,0.9738784468964349,comm,S2_fb2p0
2015-10-30,0.973322107067773,comm,S2_fb2p0
2015-11-02,1.2415837563844585,comm,S2_fb2p0
2015-11-03,1.2558186652361985,comm,S2_fb2p0
2015-11-04,1.2725147749006176,comm,S2_fb2p0
2015-11-05,1.3371458684894477,comm,S2_fb2p0
2015-11-06,1.312189076898936,comm,S2_fb2p0
2015-11-09,1.1573119914601657,comm,S2_fb2p0
2015-11-10,1.1272424897405697,comm,S2_fb2p0
2015-11-11,1.087241095800855,comm,S2_fb2p0
2015-11-12,1.080607920254911,comm,S2_fb2p0
2015-11-13,1.0738132770975064,comm,S2_fb2p0
2015-11-16,1.153036897234051,comm,S2_fb2p0
2015-11-17,1.1262572899060854,comm,S2_fb2p0
2015-11-18,1.1275054586737419,comm,S2_fb2p0
2015-11-19,1.0921883772134942,comm,S2_fb2p0
2015-11-20,1.0774137154846937,comm,S2_fb2p0
2015-11-23,1.0812833507553181,comm,S2_fb2p0
2015-11-24,1.0634429342434066,comm,S2_fb2p0
2015-11-25,1.0938473575348646,comm,S2_fb2p0
2015-11-26,1.1542976604947828,comm,S2_fb2p0
2015-11-27,1.1779006056028725,comm,S2_fb2p0
2015-11-30,0.7238906434483569,comm,S2_fb2p0
2015-12-01,0.7243257302108932,comm,S2_fb2p0
2015-12-02,0.7528160029573214,comm,S2_fb2p0
2015-12-03,0.7336183792683523,comm,S2_fb2p0
2015-12-04,0.7295366548042629,comm,S2_fb2p0
2015-12-07,0.8385536127873425,comm,S2_fb2p0
2015-12-08,0.8228072731397783,comm,S2_fb2p0
2015-12-09,0.8223681385867003,comm,S2_fb2p0
2015-12-10,0.8176409159955099,comm,S2_fb2p0
2015-12-11,0.8203695513583089,comm,S2_fb2p0
2015-12-14,0.9310478978359387,comm,S2_fb2p0
2015-12-15,0.9444134882136788,comm,S2_fb2p0
2015-12-16,0.9335963997110597,comm,S2_fb2p0
2015-12-17,0.950652174426213,comm,S2_fb2p0
2015-12-18,0.9931258770147429,comm,S2_fb2p0
2015-12-21,0.9263556459621615,comm,S2_fb2p0
2015-12-22,0.9285351910694842,comm,S2_fb2p0
2015-12-23,0.9104167717468858,comm,S2_fb2p0
2015-12-24,0.9166425965677523,comm,S2_fb2p0
2015-12-25,0.9197859963643121,comm,S2_fb2p0
2015-12-28,0.6621654459361324,comm,S2_fb2p0
2015-12-29,0.6650101415287417,comm,S2_fb2p0
2015-12-30,0.6667553304106574,comm,S2_fb2p0
2015-12-31,0.6668711170411441,comm,S2_fb2p0
2016-01-04,0.7612960883759708,comm,S2_fb2p0
2016-01-05,0.7643242150224033,comm,S2_fb2p0
2016-01-06,0.7616105347560544,comm,S2_fb2p0
2016-01-07,0.7657230571571693,comm,S2_fb2p0
2016-01-08,0.7568626670787051,comm,S2_fb2p0
2016-01-11,0.7292760957366232,comm,S2_fb2p0
2016-01-12,0.7211018841339216,comm,S2_fb2p0
2016-01-13,0.7194484703108054,comm,S2_fb2p0
2016-01-14,0.72474637524684,comm,S2_fb2p0
2016-01-15,0.718240467978694,comm,S2_fb2p0
2016-01-18,0.7663404532989004,comm,S2_fb2p0
2016-01-19,0.7633332317277036,comm,S2_fb2p0
2016-01-20,0.7701794764439845,comm,S2_fb2p0
2016-01-21,0.7698420361054479,comm,S2_fb2p0
2016-01-22,0.769349934967154,comm,S2_fb2p0
2016-02-01,0.98725655850758,comm,S2_fb2p0
2016-02-02,0.9918411047868608,comm,S2_fb2p0
2016-02-03,0.9907127029976803,comm,S2_fb2p0
2016-02-04,1.010949693762765,comm,S2_fb2p0
2016-02-05,1.005994555605591,comm,S2_fb2p0
2016-02-15,1.0396451260109034,comm,S2_fb2p0
2016-02-16,1.0817677890249358,comm,S2_fb2p0
2016-02-17,1.0943179115816835,comm,S2_fb2p0
2016-02-18,1.080115643861796,comm,S2_fb2p0
2016-02-19,1.0834767425990597,comm,S2_fb2p0
2016-02-22,0.7730984080861997,comm,S2_fb2p0
2016-02-23,0.7574270492457491,comm,S2_fb2p0
2016-02-24,0.7527297525373908,comm,S2_fb2p0
2016-02-25,0.7433305432071378,comm,S2_fb2p0
2016-02-26,0.7371897094687759,comm,S2_fb2p0
2016-02-29,0.8578628176750575,comm,S2_fb2p0
2016-03-01,0.8448786629373153,comm,S2_fb2p0
2016-03-02,0.8704149607933727,comm,S2_fb2p0
2016-03-03,0.8792025248343872,comm,S2_fb2p0
2016-03-04,0.8986928548782335,comm,S2_fb2p0
2016-03-07,0.8306745242775619,comm,S2_fb2p0
2016-03-08,0.8217891516939494,comm,S2_fb2p0
2016-03-09,0.8177655852677252,comm,S2_fb2p0
2016-03-10,0.816745614113586,comm,S2_fb2p0
2016-03-11,0.8091202429397522,comm,S2_fb2p0
2016-03-14,0.8129052175744845,comm,S2_fb2p0
2016-03-15,0.8204836690052285,comm,S2_fb2p0
2016-03-16,0.8414529634439208,comm,S2_fb2p0
2016-03-17,0.8423175206454033,comm,S2_fb2p0
2016-03-18,0.8533829586245724,comm,S2_fb2p0
2016-03-21,0.873845974608982,comm,S2_fb2p0
2016-03-22,0.8850260585713167,comm,S2_fb2p0
2016-03-23,0.8813625760942305,comm,S2_fb2p0
2016-03-24,0.8755217800941812,comm,S2_fb2p0
2016-03-25,0.8748722720340364,comm,S2_fb2p0
2016-03-28,0.8701668480843551,comm,S2_fb2p0
2016-03-29,0.8640144961471722,comm,S2_fb2p0
2016-03-30,0.8606312897634164,comm,S2_fb2p0
2016-03-31,0.8576602899625465,comm,S2_fb2p0
2016-04-01,0.8551048388717041,comm,S2_fb2p0
2016-04-05,0.696760051803895,comm,S2_fb2p0
2016-04-06,0.7019147256206456,comm,S2_fb2p0
2016-04-07,0.7075587564397375,comm,S2_fb2p0
2016-04-08,0.6826193053417947,comm,S2_fb2p0
2016-04-18,0.88825796265687,comm,S2_fb2p0
2016-04-19,0.8645908040880355,comm,S2_fb2p0
2016-04-20,0.8653545393693122,comm,S2_fb2p0
2016-04-21,0.8720815675665025,comm,S2_fb2p0
2016-04-22,0.8689185454763186,comm,S2_fb2p0
2016-04-25,0.7405385203764904,comm,S2_fb2p0
2016-04-26,0.7521543144359666,comm,S2_fb2p0
2016-04-27,0.7615798052886166,comm,S2_fb2p0
2016-04-28,0.758668733528287,comm,S2_fb2p0
2016-04-29,0.7554303909999556,comm,S2_fb2p0
2016-05-03,0.7300080291607367,comm,S2_fb2p0
2016-05-04,0.7367423897067432,comm,S2_fb2p0
2016-05-05,0.7449984342305755,comm,S2_fb2p0
2016-05-06,0.7450166050459235,comm,S2_fb2p0
2016-05-09,0.6615640029805124,comm,S2_fb2p0
2016-05-10,0.6699349845594841,comm,S2_fb2p0
2016-05-11,0.6787862379320722,comm,S2_fb2p0
2016-05-12,0.6796478473823065,comm,S2_fb2p0
2016-05-13,0.6802895996290265,comm,S2_fb2p0
2016-06-06,0.6900495588182689,comm,S2_fb2p0
2016-06-07,0.6918100230937245,comm,S2_fb2p0
2016-06-08,0.6885961211528154,comm,S2_fb2p0
2016-06-13,0.7113725778879672,comm,S2_fb2p0
2016-06-14,0.7030428437968427,comm,S2_fb2p0
2016-06-15,0.6813234030386778,comm,S2_fb2p0
2016-06-16,0.6779532105775361,comm,S2_fb2p0
2016-06-17,0.6817995303397271,comm,S2_fb2p0
2016-06-20,0.9836038602573173,comm,S2_fb2p0
2016-06-21,0.9969256519896885,comm,S2_fb2p0
2016-06-22,1.0195398968193208,comm,S2_fb2p0
2016-06-23,1.0353461851284893,comm,S2_fb2p0
2016-06-24,1.023522188271682,comm,S2_fb2p0
2016-06-27,0.9117160940088331,comm,S2_fb2p0
2016-06-28,0.9353939208194278,comm,S2_fb2p0
2016-06-29,0.9453516145737756,comm,S2_fb2p0
2016-06-30,0.9299488515860316,comm,S2_fb2p0
2016-07-01,0.9326245722121718,comm,S2_fb2p0
2016-07-04,0.9111580060745298,comm,S2_fb2p0
2016-07-05,0.9544534723246167,comm,S2_fb2p0
2016-07-06,0.9412616409445361,comm,S2_fb2p0
2016-07-07,0.9249551678297543,comm,S2_fb2p0
2016-07-08,0.9252426927645617,comm,S2_fb2p0
2016-07-11,0.7284700930415346,comm,S2_fb2p0
2016-07-12,0.7231180651169478,comm,S2_fb2p0
2016-07-13,0.7193806092806672,comm,S2_fb2p0
2016-07-14,0.717952444510434,comm,S2_fb2p0
2016-07-15,0.7044299269513604,comm,S2_fb2p0
2016-07-18,0.8702756281189485,comm,S2_fb2p0
2016-07-19,0.8837204563410044,comm,S2_fb2p0
2016-07-20,0.8742552042646096,comm,S2_fb2p0
2016-07-21,0.8698720087219844,comm,S2_fb2p0
2016-07-22,0.8641215149945141,comm,S2_fb2p0
2016-07-25,0.845196505808779,comm,S2_fb2p0
2016-07-26,0.8324129004086157,comm,S2_fb2p0
2016-07-27,0.8294324775085363,comm,S2_fb2p0
2016-07-28,0.8093270642280608,comm,S2_fb2p0
2016-07-29,0.8127705725717682,comm,S2_fb2p0
2016-08-01,0.8276897608435329,comm,S2_fb2p0
2016-08-02,0.8186673852891592,comm,S2_fb2p0
2016-08-03,0.8180030040702032,comm,S2_fb2p0
2016-08-04,0.8222118742166393,comm,S2_fb2p0
2016-08-05,0.8060681336461704,comm,S2_fb2p0
2016-08-19,0.662370600030308,comm,S2_fb2p0
2016-08-22,0.7177720035922591,comm,S2_fb2p0
2016-08-23,0.7209515781037592,comm,S2_fb2p0
2016-08-24,0.7189177298338033,comm,S2_fb2p0
2016-08-25,0.7206016548261591,comm,S2_fb2p0
2016-08-26,0.708986330683097,comm,S2_fb2p0
2016-08-29,0.9796861611588527,comm,S2_fb2p0
2016-08-30,1.0146769925848294,comm,S2_fb2p0
2016-08-31,1.00970269785113,comm,S2_fb2p0
2016-09-01,1.020854218402284,comm,S2_fb2p0
2016-09-02,1.0156480114685418,comm,S2_fb2p0
2016-09-05,0.8457448741927971,comm,S2_fb2p0
2016-09-06,0.8510886030647596,comm,S2_fb2p0
2016-09-07,0.8628998619456866,comm,S2_fb2p0
2016-09-08,0.867230312670244,comm,S2_fb2p0
2016-09-09,0.860450416830866,comm,S2_fb2p0
2016-09-12,0.8394536639884288,comm,S2_fb2p0
2016-09-13,0.8470331016370324,comm,S2_fb2p0
2016-09-14,0.8604922397084134,comm,S2_fb2p0
2016-10-10,0.7748088820475226,comm,S2_fb2p0
2016-10-11,0.774504148526242,comm,S2_fb2p0
2016-10-12,0.7807305985139924,comm,S2_fb2p0
2016-10-13,0.7694068581338144,comm,S2_fb2p0
2016-10-14,0.7626338756715105,comm,S2_fb2p0
2016-10-17,0.7637493299396241,comm,S2_fb2p0
2016-10-18,0.7664772421001936,comm,S2_fb2p0
2016-10-19,0.7608863946918546,comm,S2_fb2p0
2016-10-20,0.7601641685756125,comm,S2_fb2p0
2016-10-21,0.7567388099542117,comm,S2_fb2p0
2016-10-24,0.8412539860575937,comm,S2_fb2p0
2016-10-25,0.8249581642300666,comm,S2_fb2p0
2016-10-26,0.816103587831131,comm,S2_fb2p0
2016-10-27,0.8125967934310461,comm,S2_fb2p0
2016-10-28,0.8021368276283041,comm,S2_fb2p0
2016-10-31,0.817711463514024,comm,S2_fb2p0
2016-11-01,0.8073114558494685,comm,S2_fb2p0
2016-11-02,0.8076184300747828,comm,S2_fb2p0
2016-11-03,0.8037304494957824,comm,S2_fb2p0
2016-11-04,0.7492363258482475,comm,S2_fb2p0
2016-11-07,0.7253854918836303,comm,S2_fb2p0
2016-11-08,0.7170027249626892,comm,S2_fb2p0
2016-11-09,0.7065557962984407,comm,S2_fb2p0
2016-11-10,0.7012146670006725,comm,S2_fb2p0
2016-11-11,0.6974336183846684,comm,S2_fb2p0
2016-11-14,0.760715049833641,comm,S2_fb2p0
2016-11-15,0.7616285894214313,comm,S2_fb2p0
2016-11-16,0.7869069975172497,comm,S2_fb2p0
2016-11-17,0.7948290146618956,comm,S2_fb2p0
2016-11-18,0.796263720710747,comm,S2_fb2p0
2017-01-23,0.7246817416309844,comm,S2_fb2p0
2017-01-24,0.7296380040466174,comm,S2_fb2p0
2017-01-25,0.7227396074434711,comm,S2_fb2p0
2017-01-26,0.7296812686840949,comm,S2_fb2p0
2017-02-03,0.7483542410766648,comm,S2_fb2p0
2017-02-06,0.7662491648268627,comm,S2_fb2p0
2017-02-07,0.7701391499160617,comm,S2_fb2p0
2017-02-08,0.7652972350680561,comm,S2_fb2p0
2017-02-09,0.7474581168570669,comm,S2_fb2p0
2017-02-10,0.7456801394680233,comm,S2_fb2p0
2017-02-13,0.7078291227357568,comm,S2_fb2p0
2017-02-14,0.7027689190324509,comm,S2_fb2p0
2017-02-15,0.6965645063835625,comm,S2_fb2p0
2017-02-16,0.7021354610703159,comm,S2_fb2p0
2017-02-17,0.705205833078741,comm,S2_fb2p0
2017-02-20,0.8156297661185945,comm,S2_fb2p0
2017-02-21,0.8033805081851534,comm,S2_fb2p0
2017-02-22,0.822043172145936,comm,S2_fb2p0
2017-02-23,0.8312179670268962,comm,S2_fb2p0
2017-02-24,0.8473391720389961,comm,S2_fb2p0
2017-02-27,0.6776417826507977,comm,S2_fb2p0
2017-02-28,0.6782302929962237,comm,S2_fb2p0
2017-03-01,0.674883286561259,comm,S2_fb2p0
2017-03-02,0.6698698293507749,comm,S2_fb2p0
2017-03-03,0.6752889963445835,comm,S2_fb2p0
2017-03-10,0.651510836773766,comm,S2_fb2p0
2017-03-13,0.6949989782366277,comm,S2_fb2p0
2017-03-14,0.6899501863379193,comm,S2_fb2p0
2017-03-15,0.690415052947413,comm,S2_fb2p0
2017-03-16,0.691298075203653,comm,S2_fb2p0
2017-03-17,0.6953965939163943,comm,S2_fb2p0
2017-03-20,0.7088416359730977,comm,S2_fb2p0
2017-03-21,0.717847793444192,comm,S2_fb2p0
2017-03-22,0.72305916602783,comm,S2_fb2p0
2017-03-23,0.7169679385514504,comm,S2_fb2p0
2017-03-24,0.7041459102801264,comm,S2_fb2p0
2017-03-27,0.6947331308394209,comm,S2_fb2p0
2017-03-28,0.696303166127625,comm,S2_fb2p0
2017-03-29,0.6928712366236519,comm,S2_fb2p0
2017-03-30,0.6960542425365238,comm,S2_fb2p0
2017-03-31,0.6927058373462138,comm,S2_fb2p0
2017-04-10,0.7178660610003005,comm,S2_fb2p0
2017-04-11,0.711933170822528,comm,S2_fb2p0
2017-04-12,0.713559429352166,comm,S2_fb2p0
2017-04-13,0.737749364389481,comm,S2_fb2p0
2017-04-14,0.7439352181787534,comm,S2_fb2p0
2017-04-17,0.9683100074363986,comm,S2_fb2p0
2017-04-18,0.9652949979062954,comm,S2_fb2p0
2017-04-19,0.9596234968027422,comm,S2_fb2p0
2017-04-20,0.9562069506060585,comm,S2_fb2p0
2017-04-21,0.9554761734943001,comm,S2_fb2p0
2017-04-24,0.9671732576330918,comm,S2_fb2p0
2017-04-25,0.9538044291017619,comm,S2_fb2p0
2017-04-26,0.9540031545250948,comm,S2_fb2p0
2017-04-27,0.9403553366012961,comm,S2_fb2p0
2017-04-28,0.9704602542750571,comm,S2_fb2p0
2017-05-02,0.9986180467640109,comm,S2_fb2p0
2017-05-03,0.9890704467842437,comm,S2_fb2p0
2017-05-04,0.9742579169169482,comm,S2_fb2p0
2017-05-05,0.9657796158953759,comm,S2_fb2p0
2017-05-08,0.9585775163691637,comm,S2_fb2p0
2017-05-09,0.9438491719177764,comm,S2_fb2p0
2017-05-10,0.9284441362931805,comm,S2_fb2p0
2017-05-11,0.9298700207295082,comm,S2_fb2p0
2017-05-12,0.9266783437072516,comm,S2_fb2p0
2017-05-22,0.7175621657175997,comm,S2_fb2p0
2017-05-23,0.7144756314042299,comm,S2_fb2p0
2017-05-24,0.722348322218568,comm,S2_fb2p0
2017-05-25,0.7231837034988022,comm,S2_fb2p0
2017-05-26,0.7107077773596584,comm,S2_fb2p0
2017-05-31,0.684841295302093,comm,S2_fb2p0
2017-06-01,0.7057635242405395,comm,S2_fb2p0
2017-06-02,0.7186943566177508,comm,S2_fb2p0
2017-06-05,0.7103694727038377,comm,S2_fb2p0
2017-06-06,0.71142292889791,comm,S2_fb2p0
2017-06-07,0.709953611686245,comm,S2_fb2p0
2017-06-08,0.7145087826786648,comm,S2_fb2p0
2017-06-09,0.7170711395820594,comm,S2_fb2p0
2017-07-10,0.8313918987383032,comm,S2_fb2p0
2017-07-11,0.8273867760688552,comm,S2_fb2p0
2017-07-12,0.8230431349805039,comm,S2_fb2p0
2017-07-13,0.8212806915619727,comm,S2_fb2p0
2017-07-14,0.821364630301944,comm,S2_fb2p0
2017-07-17,0.9610555835484973,comm,S2_fb2p0
2017-07-18,0.9598402402854616,comm,S2_fb2p0
2017-07-19,0.9548980185170544,comm,S2_fb2p0
2017-07-20,0.960212941694051,comm,S2_fb2p0
2017-07-21,0.9718254394206164,comm,S2_fb2p0
2017-07-24,0.9234048184077718,comm,S2_fb2p0
2017-07-25,0.9185658148198391,comm,S2_fb2p0
2017-07-26,0.911450029700736,comm,S2_fb2p0
2017-07-27,0.9148865089007565,comm,S2_fb2p0
2017-07-28,0.9128247787617367,comm,S2_fb2p0
2017-07-31,0.8700390502379647,comm,S2_fb2p0
2017-08-01,0.8617548327908111,comm,S2_fb2p0
2017-08-02,0.8567595937375916,comm,S2_fb2p0
2017-08-03,0.8948828328539782,comm,S2_fb2p0
2017-08-04,0.8354410121685131,comm,S2_fb2p0
2017-08-07,0.8052580536549042,comm,S2_fb2p0
2017-08-08,0.795382634683501,comm,S2_fb2p0
2017-08-09,0.7802774188951436,comm,S2_fb2p0
2017-08-10,0.7805421531524901,comm,S2_fb2p0
2017-08-11,0.7954812820307665,comm,S2_fb2p0
2017-08-21,0.7019330067184737,comm,S2_fb2p0
2017-08-22,0.6983639483437059,comm,S2_fb2p0
2017-08-23,0.7076088423419823,comm,S2_fb2p0
2017-08-24,0.6993336614059419,comm,S2_fb2p0
2017-08-25,0.6968039567039575,comm,S2_fb2p0
2017-08-28,0.6841213709554411,comm,S2_fb2p0
2017-08-29,0.6835354602354802,comm,S2_fb2p0
2017-08-30,0.685226232624353,comm,S2_fb2p0
2017-08-31,0.6873464353547399,comm,S2_fb2p0
2017-09-01,0.678286526435536,comm,S2_fb2p0
2017-09-04,0.6831851831319885,comm,S2_fb2p0
2017-09-05,0.6830606700724442,comm,S2_fb2p0
2017-09-06,0.6891035722965916,comm,S2_fb2p0
2017-09-07,0.7022026177373766,comm,S2_fb2p0
2017-09-08,0.7164584284599185,comm,S2_fb2p0
2017-09-11,0.6675724930883692,comm,S2_fb2p0
2017-09-12,0.6574298103451357,comm,S2_fb2p0
2017-09-13,0.6547281519974041,comm,S2_fb2p0
2017-09-14,0.6592431478216468,comm,S2_fb2p0
2017-09-15,0.6688402942010608,comm,S2_fb2p0
2017-09-18,0.683902410703538,comm,S2_fb2p0
2017-09-19,0.6790353350686442,comm,S2_fb2p0
2017-09-20,0.6814538478439635,comm,S2_fb2p0
2017-09-21,0.6875175479266449,comm,S2_fb2p0
2017-09-22,0.7014870071149152,comm,S2_fb2p0
2017-10-09,0.6886334539186372,comm,S2_fb2p0
2017-10-10,0.7019533045136914,comm,S2_fb2p0
2017-10-11,0.7200659408527033,comm,S2_fb2p0
2017-10-12,0.7252201441155167,comm,S2_fb2p0
2017-10-13,0.7337226168065322,comm,S2_fb2p0
2017-10-23,0.7756885494567043,comm,S2_fb2p0
2017-10-24,0.7776859709043066,comm,S2_fb2p0
2017-10-25,0.7673234982159359,comm,S2_fb2p0
2017-10-26,0.7707327348730293,comm,S2_fb2p0
2017-10-27,0.7605589869433359,comm,S2_fb2p0
2017-10-30,0.6740845909855925,comm,S2_fb2p0
2017-10-31,0.6825275224744332,comm,S2_fb2p0
2017-11-01,0.6930109680697548,comm,S2_fb2p0
2017-11-02,0.6896996577327613,comm,S2_fb2p0
2017-11-03,0.6870142613034824,comm,S2_fb2p0
2017-11-20,0.8207692550631838,comm,S2_fb2p0
2017-11-21,0.8191833791061486,comm,S2_fb2p0
2017-11-22,0.8006331053560838,comm,S2_fb2p0
2017-11-23,0.8118196790053851,comm,S2_fb2p0
2017-11-24,0.8269241898265907,comm,S2_fb2p0
2017-11-27,0.8109588750022779,comm,S2_fb2p0
2017-11-28,0.8091521242833308,comm,S2_fb2p0
2017-11-29,0.8710959216802804,comm,S2_fb2p0
2017-11-30,0.873498451073237,comm,S2_fb2p0
2017-12-01,0.8903982355163065,comm,S2_fb2p0
2017-12-04,1.0970145910692302,comm,S2_fb2p0
2017-12-05,1.0848699799925574,comm,S2_fb2p0
2017-12-06,1.0780365883332381,comm,S2_fb2p0
2017-12-07,1.0669673454931128,comm,S2_fb2p0
2017-12-08,1.0670886011838143,comm,S2_fb2p0
2017-12-11,1.157293755796753,comm,S2_fb2p0
2017-12-12,1.156073407423508,comm,S2_fb2p0
2017-12-13,1.1403247000717214,comm,S2_fb2p0
2017-12-14,1.1434353583505992,comm,S2_fb2p0
2017-12-15,1.147209115553254,comm,S2_fb2p0
2017-12-18,0.9398034668549992,comm,S2_fb2p0
2017-12-19,0.9354909599477375,comm,S2_fb2p0
2017-12-20,0.9400233579416222,comm,S2_fb2p0
2017-12-21,0.9277236303225328,comm,S2_fb2p0
2017-12-22,0.9223181783114264,comm,S2_fb2p0
2017-12-25,0.80378810047572,comm,S2_fb2p0
2017-12-26,0.8152330218496637,comm,S2_fb2p0
2017-12-27,0.8198535077577638,comm,S2_fb2p0
2017-12-28,0.8205461693246406,comm,S2_fb2p0
2017-12-29,0.8147877953736753,comm,S2_fb2p0
2018-01-02,1.0546423445780644,comm,S2_fb2p0
2018-01-03,1.0459832572148033,comm,S2_fb2p0
2018-01-04,1.0448025193520694,comm,S2_fb2p0
2018-01-05,1.0406787338891312,comm,S2_fb2p0
2018-01-08,1.2963668916346596,comm,S2_fb2p0
2018-01-09,1.300188201773648,comm,S2_fb2p0
2018-01-10,1.287162307481697,comm,S2_fb2p0
2018-01-11,1.2830623042081644,comm,S2_fb2p0
2018-01-12,1.2914447873903092,comm,S2_fb2p0
2018-01-15,1.2729492302683896,comm,S2_fb2p0
2018-01-16,1.3033678961508748,comm,S2_fb2p0
2018-01-17,1.30609584733352,comm,S2_fb2p0
2018-01-18,1.2825081048461602,comm,S2_fb2p0
2018-01-19,1.2689950085957882,comm,S2_fb2p0
2018-01-22,1.1466770398122426,comm,S2_fb2p0
2018-01-23,1.1499247961271544,comm,S2_fb2p0
2018-01-24,1.1494084563816356,comm,S2_fb2p0
2018-01-25,1.1391541723903515,comm,S2_fb2p0
2018-01-26,1.1448271722997636,comm,S2_fb2p0
2018-01-29,1.127490601414128,comm,S2_fb2p0
2018-01-30,1.1164934520521201,comm,S2_fb2p0
2018-01-31,1.120000274291694,comm,S2_fb2p0
2018-02-01,1.116622277721144,comm,S2_fb2p0
2018-02-02,1.10845601569547,comm,S2_fb2p0
2018-02-05,1.2474748845174302,comm,S2_fb2p0
2018-02-06,1.2483390901795792,comm,S2_fb2p0
2018-02-07,1.2763597402838613,comm,S2_fb2p0
2018-02-08,1.2737228588025655,comm,S2_fb2p0
2018-02-09,1.2792408484741284,comm,S2_fb2p0
2018-02-12,1.3059765934553635,comm,S2_fb2p0
2018-02-13,1.306633985721194,comm,S2_fb2p0
2018-02-14,1.26285839453736,comm,S2_fb2p0
2018-02-22,1.271781704681364,comm,S2_fb2p0
2018-02-23,1.3057381360594655,comm,S2_fb2p0
2018-02-26,1.3018936850284524,comm,S2_fb2p0
2018-02-27,1.2972217869935394,comm,S2_fb2p0
2018-02-28,1.2980228627091714,comm,S2_fb2p0
2018-03-01,1.3045208012777914,comm,S2_fb2p0
2018-03-02,1.2892356861636942,comm,S2_fb2p0
2018-03-05,1.292692999097667,comm,S2_fb2p0
2018-03-06,1.2939726051073617,comm,S2_fb2p0
2018-03-07,1.2830911081428644,comm,S2_fb2p0
2018-03-08,1.2914161343660482,comm,S2_fb2p0
2018-03-09,1.3133209611399335,comm,S2_fb2p0
2018-03-12,1.2964933363355229,comm,S2_fb2p0
2018-03-13,1.2765748468655047,comm,S2_fb2p0
2018-03-14,1.281226164686151,comm,S2_fb2p0
2018-03-15,1.2884109262229708,comm,S2_fb2p0
2018-03-16,1.2819859264696063,comm,S2_fb2p0
2018-03-19,1.3139177818194605,comm,S2_fb2p0
2018-03-20,1.3021641845535858,comm,S2_fb2p0
2018-03-21,1.268356765976642,comm,S2_fb2p0
2018-03-22,1.2801393233851728,comm,S2_fb2p0
2018-03-23,1.2379989370988946,comm,S2_fb2p0
2018-03-26,1.2396684785263155,comm,S2_fb2p0
2018-03-27,1.2534097925069263,comm,S2_fb2p0
2018-03-28,1.2547532310484837,comm,S2_fb2p0
2018-03-29,1.2463185113625257,comm,S2_fb2p0
2018-03-30,1.23736578173308,comm,S2_fb2p0
2018-04-02,0.9466085115416341,comm,S2_fb2p0
2018-04-03,0.9678720725290861,comm,S2_fb2p0
2018-04-04,0.9548885116968042,comm,S2_fb2p0
2018-04-09,1.1691489307261613,comm,S2_fb2p0
2018-04-10,1.2433157961360095,comm,S2_fb2p0
2018-04-11,1.260167815589618,comm,S2_fb2p0
2018-04-12,1.2388414341379461,comm,S2_fb2p0
2018-04-13,1.2500817656857666,comm,S2_fb2p0
2018-04-16,1.071790330886545,comm,S2_fb2p0
2018-04-17,1.0942090354890441,comm,S2_fb2p0
2018-04-18,1.0906353048727484,comm,S2_fb2p0
2018-04-19,1.1748190351399863,comm,S2_fb2p0
2018-04-20,1.15140666793515,comm,S2_fb2p0
2018-05-02,0.785341205053576,comm,S2_fb2p0
2018-05-03,0.7848503722622232,comm,S2_fb2p0
2018-05-04,0.7904009089110124,comm,S2_fb2p0
2018-05-07,0.9128776110794833,comm,S2_fb2p0
2018-05-08,0.9181166046639465,comm,S2_fb2p0
2018-05-09,0.9244701517949592,comm,S2_fb2p0
2018-05-10,0.925674397410421,comm,S2_fb2p0
2018-05-11,0.9219163001088869,comm,S2_fb2p0
2018-05-14,0.920551037526516,comm,S2_fb2p0
2018-05-15,0.916529851160444,comm,S2_fb2p0
2018-05-16,0.9117569365754078,comm,S2_fb2p0
2018-05-17,0.9146604219063448,comm,S2_fb2p0
2018-05-18,0.9306337927950336,comm,S2_fb2p0
2018-05-21,0.907169301429368,comm,S2_fb2p0
2018-05-22,0.9069936811917763,comm,S2_fb2p0
2018-05-23,0.9075687319066985,comm,S2_fb2p0
2018-05-24,0.9054400095017642,comm,S2_fb2p0
2018-05-25,0.8897368956529716,comm,S2_fb2p0
2018-05-28,1.289940464766175,comm,S2_fb2p0
2018-05-29,1.2828515413642638,comm,S2_fb2p0
2018-05-30,1.2680397631359437,comm,S2_fb2p0
2018-05-31,1.2552108942663927,comm,S2_fb2p0
2018-06-01,1.2479167836703173,comm,S2_fb2p0
2018-06-19,0.809794605505163,comm,S2_fb2p0
2018-06-20,0.825874382033207,comm,S2_fb2p0
2018-06-21,0.814140122109854,comm,S2_fb2p0
2018-06-22,0.8176751200593151,comm,S2_fb2p0
2018-07-02,1.2726923189770143,comm,S2_fb2p0
2018-07-03,1.2853776914289898,comm,S2_fb2p0
2018-07-04,1.2989023064740164,comm,S2_fb2p0
2018-07-05,1.2764161778677114,comm,S2_fb2p0
2018-07-06,1.2814699454990812,comm,S2_fb2p0
2018-07-09,1.289589303858711,comm,S2_fb2p0
2018-07-10,1.2788838595832703,comm,S2_fb2p0
2018-07-11,1.2248543185304428,comm,S2_fb2p0
2018-07-12,1.2315342665141902,comm,S2_fb2p0
2018-07-13,1.217995526960414,comm,S2_fb2p0
2018-07-16,1.0316412189884216,comm,S2_fb2p0
2018-07-17,1.0495538368665116,comm,S2_fb2p0
2018-07-18,1.0506096275300743,comm,S2_fb2p0
2018-07-19,1.04001915370983,comm,S2_fb2p0
2018-07-20,1.0541781911973047,comm,S2_fb2p0
2018-07-23,1.305434575297454,comm,S2_fb2p0
2018-07-24,1.319836071322292,comm,S2_fb2p0
2018-07-25,1.3142755686284564,comm,S2_fb2p0
2018-07-26,1.28562040717264,comm,S2_fb2p0
2018-07-27,1.2779194080389957,comm,S2_fb2p0
2018-07-30,1.2926376334656469,comm,S2_fb2p0
2018-07-31,1.2787071706453832,comm,S2_fb2p0
2018-08-01,1.2578103305938375,comm,S2_fb2p0
2018-08-02,1.2408763222988886,comm,S2_fb2p0
2018-08-03,1.224126674886374,comm,S2_fb2p0
2018-08-06,1.1560225258288974,comm,S2_fb2p0
2018-08-07,1.145758838414156,comm,S2_fb2p0
2018-08-08,1.1491222822005513,comm,S2_fb2p0
2018-08-09,1.202140753178944,comm,S2_fb2p0
2018-08-10,1.2070973244916763,comm,S2_fb2p0
2018-08-13,1.2591175971285276,comm,S2_fb2p0
2018-08-14,1.2072836962346545,comm,S2_fb2p0
2018-08-15,1.21002873588778,comm,S2_fb2p0
2018-08-16,1.1977082576733185,comm,S2_fb2p0
2018-08-17,1.2088049997413717,comm,S2_fb2p0
2018-08-20,1.0188117709493556,comm,S2_fb2p0
2018-08-21,1.02598045315044,comm,S2_fb2p0
2018-08-22,1.0383236892780168,comm,S2_fb2p0
2018-08-23,1.0494557892945655,comm,S2_fb2p0
2018-08-24,1.068245068412756,comm,S2_fb2p0
2018-08-27,0.8197957198409033,comm,S2_fb2p0
2018-08-28,0.8242498795613741,comm,S2_fb2p0
2018-08-29,0.8176519273724075,comm,S2_fb2p0
2018-08-30,0.8379043295571791,comm,S2_fb2p0
2018-08-31,0.8429451569188465,comm,S2_fb2p0
2018-09-17,1.1101418526268005,comm,S2_fb2p0
2018-09-18,1.0822729823603667,comm,S2_fb2p0
2018-09-19,1.0640035989610281,comm,S2_fb2p0
2018-09-20,1.0648816823365326,comm,S2_fb2p0
2018-09-21,1.0898267896051304,comm,S2_fb2p0
2018-10-08,1.007164353609195,comm,S2_fb2p0
2018-10-09,1.0384318905204972,comm,S2_fb2p0
2018-10-10,1.0388049158383685,comm,S2_fb2p0
2018-10-11,1.011639957169277,comm,S2_fb2p0
2018-10-12,1.0566494681187764,comm,S2_fb2p0
2018-10-15,1.044376188835572,comm,S2_fb2p0
2018-10-16,1.046995229883323,comm,S2_fb2p0
2018-10-17,1.061094475937142,comm,S2_fb2p0
2018-10-18,1.0460831208535544,comm,S2_fb2p0
2018-10-19,1.0259512473500119,comm,S2_fb2p0
2018-10-22,1.0441686640341195,comm,S2_fb2p0
2018-10-23,1.0453543558681446,comm,S2_fb2p0
2018-10-24,1.0421821037576022,comm,S2_fb2p0
2018-10-25,1.0270609895560483,comm,S2_fb2p0
2018-10-26,1.0236981550976958,comm,S2_fb2p0
2018-10-29,0.9976788224035364,comm,S2_fb2p0
2018-10-30,1.0025541105489093,comm,S2_fb2p0
2018-10-31,0.9818402615119504,comm,S2_fb2p0
2018-11-01,0.9686351447316841,comm,S2_fb2p0
2018-11-02,1.0048327005663844,comm,S2_fb2p0
2018-11-05,1.1592628272064487,comm,S2_fb2p0
2018-11-06,1.1456324234074624,comm,S2_fb2p0
2018-11-07,1.1446659821617595,comm,S2_fb2p0
2018-11-08,1.1458557132932776,comm,S2_fb2p0
2018-11-09,1.1280116772349469,comm,S2_fb2p0
2018-11-12,1.1772949428241826,comm,S2_fb2p0
2018-11-13,1.1453395422620873,comm,S2_fb2p0
2018-11-14,1.1023483417156346,comm,S2_fb2p0
2018-11-15,1.1076443268013336,comm,S2_fb2p0
2018-11-16,1.093238886791119,comm,S2_fb2p0
2018-11-19,0.8644827071236522,comm,S2_fb2p0
2018-11-20,0.8608612026829168,comm,S2_fb2p0
2018-11-21,0.8409463832347163,comm,S2_fb2p0
2018-11-22,0.8550668786236922,comm,S2_fb2p0
2018-11-23,0.8644997543630863,comm,S2_fb2p0
2018-11-26,0.866581231534827,comm,S2_fb2p0
2018-11-27,0.8484605327137233,comm,S2_fb2p0
2018-11-28,0.8414077042168951,comm,S2_fb2p0
2018-11-29,0.8400060062218127,comm,S2_fb2p0
2018-11-30,0.8426523538894326,comm,S2_fb2p0
2018-12-03,0.8994972226675796,comm,S2_fb2p0
2018-12-04,0.8912921257738483,comm,S2_fb2p0
2018-12-05,0.8894309802196025,comm,S2_fb2p0
2018-12-06,0.8797222031933322,comm,S2_fb2p0
2018-12-07,0.8632828625825999,comm,S2_fb2p0
2018-12-10,0.8216570150223241,comm,S2_fb2p0
2018-12-11,0.8102254666629221,comm,S2_fb2p0
2018-12-12,0.8021574959295915,comm,S2_fb2p0
2018-12-13,0.8386176282057359,comm,S2_fb2p0
2018-12-14,0.8488982085309282,comm,S2_fb2p0
2018-12-17,0.9657860298880064,comm,S2_fb2p0
2018-12-18,0.9769804968642645,comm,S2_fb2p0
2018-12-19,0.9620041360866248,comm,S2_fb2p0
2018-12-20,0.9478533306759709,comm,S2_fb2p0
2018-12-21,0.9417662705016919,comm,S2_fb2p0
2018-12-24,1.2429220460229817,comm,S2_fb2p0
2018-12-25,1.2312917574391085,comm,S2_fb2p0
2018-12-26,1.2472068314422455,comm,S2_fb2p0
2018-12-27,1.2310597214935226,comm,S2_fb2p0
2018-12-28,1.2024244373365773,comm,S2_fb2p0
2019-01-02,1.2360295589345627,comm,S2_fb2p0
2019-01-03,1.2147285597376924,comm,S2_fb2p0
2019-01-04,1.226460460106205,comm,S2_fb2p0
2019-01-07,0.8217028785745942,comm,S2_fb2p0
2019-01-08,0.7962799991885593,comm,S2_fb2p0
2019-01-09,0.8048924825656688,comm,S2_fb2p0
2019-01-10,0.8123096271338016,comm,S2_fb2p0
2019-01-11,0.8094696856570894,comm,S2_fb2p0
2019-01-14,1.0339945958648389,comm,S2_fb2p0
2019-01-15,1.033916873897128,comm,S2_fb2p0
2019-01-16,1.0351276291823628,comm,S2_fb2p0
2019-01-17,1.0374107504998822,comm,S2_fb2p0
2019-01-18,1.0430332921226577,comm,S2_fb2p0
2019-01-21,1.0940396755041784,comm,S2_fb2p0
2019-01-22,1.0643324730178108,comm,S2_fb2p0
2019-01-23,1.076118902301359,comm,S2_fb2p0
2019-01-24,1.0889685508193558,comm,S2_fb2p0
2019-01-25,1.0815357605096565,comm,S2_fb2p0
2019-01-28,1.0982834872937473,comm,S2_fb2p0
2019-01-29,1.0724539221157607,comm,S2_fb2p0
2019-01-30,1.0681437738014767,comm,S2_fb2p0
2019-01-31,1.0647662712241412,comm,S2_fb2p0
2019-02-01,1.062179928767541,comm,S2_fb2p0
2019-02-11,1.1750290947336652,comm,S2_fb2p0
2019-02-12,1.1990432045682857,comm,S2_fb2p0
2019-02-13,1.2199416617302772,comm,S2_fb2p0
2019-02-14,1.25923310136163,comm,S2_fb2p0
2019-02-15,1.269059945796555,comm,S2_fb2p0
2019-02-18,0.7919128674887237,comm,S2_fb2p0
2019-02-19,0.8126463909074432,comm,S2_fb2p0
2019-02-20,0.824145410756857,comm,S2_fb2p0
2019-02-21,0.8185151935209829,comm,S2_fb2p0
2019-02-22,0.8162938959588252,comm,S2_fb2p0
2019-02-25,1.1628433731182353,comm,S2_fb2p0
2019-02-26,1.1455163323658806,comm,S2_fb2p0
2019-02-27,1.1463674132214352,comm,S2_fb2p0
2019-02-28,1.15004070077629,comm,S2_fb2p0
2019-03-01,1.151428919134097,comm,S2_fb2p0
2019-03-04,0.8321770410962913,comm,S2_fb2p0
2019-03-05,0.8297994051051953,comm,S2_fb2p0
2019-03-06,0.8283186714420313,comm,S2_fb2p0
2019-03-07,0.8228590548754499,comm,S2_fb2p0
2019-03-08,0.8187054057973598,comm,S2_fb2p0
2019-03-11,0.8864726236003386,comm,S2_fb2p0
2019-03-12,0.8772910790659368,comm,S2_fb2p0
2019-03-13,0.8669678890805945,comm,S2_fb2p0
2019-03-14,0.8556664739174186,comm,S2_fb2p0
2019-03-15,0.8523756958150439,comm,S2_fb2p0
2019-03-18,1.231273631675323,comm,S2_fb2p0
2019-03-19,1.2366526956611783,comm,S2_fb2p0
2019-03-20,1.2604556409205128,comm,S2_fb2p0
2019-03-21,1.2602893068224745,comm,S2_fb2p0
2019-03-22,1.250900939558589,comm,S2_fb2p0
2019-03-25,1.0365379452871477,comm,S2_fb2p0
2019-03-26,1.0354886251469773,comm,S2_fb2p0
2019-03-27,1.0400262602775499,comm,S2_fb2p0
2019-03-28,1.0274209945449837,comm,S2_fb2p0
2019-03-29,1.0109970024929449,comm,S2_fb2p0
2019-04-01,1.0117124631520473,comm,S2_fb2p0
2019-04-02,1.0234815571615772,comm,S2_fb2p0
2019-04-03,1.0671043928508885,comm,S2_fb2p0
2019-04-04,1.0787392942995468,comm,S2_fb2p0
2019-04-08,0.7341788633299952,comm,S2_fb2p0
2019-04-09,0.7312724300847572,comm,S2_fb2p0
2019-04-10,0.7342472312475292,comm,S2_fb2p0
2019-04-11,0.7301855501255281,comm,S2_fb2p0
2019-04-12,0.8765726125437422,comm,S2_fb2p0
2019-04-15,1.334248277077122,comm,S2_fb2p0
2019-04-16,1.2451213056005406,comm,S2_fb2p0
2019-04-17,1.2424176063571188,comm,S2_fb2p0
2019-04-18,1.2388165925660626,comm,S2_fb2p0
2019-04-19,1.225206434110055,comm,S2_fb2p0
2019-04-22,1.0851681220638538,comm,S2_fb2p0
2019-04-23,1.0802691232846322,comm,S2_fb2p0
2019-04-24,1.0751733850669747,comm,S2_fb2p0
2019-04-25,1.072344079190264,comm,S2_fb2p0
2019-04-26,1.0584929284080324,comm,S2_fb2p0
2019-04-29,1.079107749051298,comm,S2_fb2p0
2019-04-30,1.0841458634552663,comm,S2_fb2p0
2019-05-06,0.9874099327463352,comm,S2_fb2p0
2019-05-07,0.9934200778335104,comm,S2_fb2p0
2019-05-08,1.0077201503519178,comm,S2_fb2p0
2019-05-09,0.9989196517113876,comm,S2_fb2p0
2019-05-10,0.995588521553815,comm,S2_fb2p0
2019-05-13,1.2687250926471894,comm,S2_fb2p0
2019-05-14,1.270603375511226,comm,S2_fb2p0
2019-05-15,1.2660144269018607,comm,S2_fb2p0
2019-05-16,1.2642423850009765,comm,S2_fb2p0
2019-05-17,1.2610896630632158,comm,S2_fb2p0
2019-06-10,1.3044717826161278,comm,S2_fb2p0
2019-06-11,1.3032277379152533,comm,S2_fb2p0
2019-06-12,1.2919403309588344,comm,S2_fb2p0
2019-06-13,1.296809559304321,comm,S2_fb2p0
2019-06-14,1.2783137425643416,comm,S2_fb2p0
2019-06-17,1.2774324719939574,comm,S2_fb2p0
2019-06-18,1.282376483556239,comm,S2_fb2p0
2019-06-19,1.310349631720514,comm,S2_fb2p0
2019-06-20,1.290835895882747,comm,S2_fb2p0
2019-06-21,1.27202998438292,comm,S2_fb2p0
2019-06-24,1.2888699227443354,comm,S2_fb2p0
2019-06-25,1.2901378378341162,comm,S2_fb2p0
2019-06-26,1.2931154169178243,comm,S2_fb2p0
2019-06-27,1.2923046197132224,comm,S2_fb2p0
2019-06-28,1.2595141263955114,comm,S2_fb2p0
2019-07-01,1.2775838542870563,comm,S2_fb2p0
2019-07-02,1.2287580244082197,comm,S2_fb2p0
2019-07-03,1.2170945775615292,comm,S2_fb2p0
2019-07-04,1.2477332710235698,comm,S2_fb2p0
2019-07-05,1.2643086163481247,comm,S2_fb2p0
2019-07-08,1.287484890264759,comm,S2_fb2p0
2019-07-09,1.2553635357112767,comm,S2_fb2p0
2019-07-10,1.2556354299727719,comm,S2_fb2p0
2019-07-11,1.2736435652588003,comm,S2_fb2p0
2019-07-12,1.2459611785864557,comm,S2_fb2p0
2019-07-15,1.3281837179726224,comm,S2_fb2p0
2019-07-16,1.279411124759823,comm,S2_fb2p0
2019-07-17,1.2937174809089134,comm,S2_fb2p0
2019-07-18,1.2820143572821023,comm,S2_fb2p0
2019-07-19,1.3025621771793523,comm,S2_fb2p0
2019-07-22,1.2901883847402964,comm,S2_fb2p0
2019-07-23,1.2769167155313,comm,S2_fb2p0
2019-07-24,1.2915413330183316,comm,S2_fb2p0
2019-07-25,1.3057008509783716,comm,S2_fb2p0
2019-07-26,1.301941508850861,comm,S2_fb2p0
2019-07-29,1.1103033551516182,comm,S2_fb2p0
2019-07-30,1.1124710797612514,comm,S2_fb2p0
2019-07-31,1.0946459864902682,comm,S2_fb2p0
2019-08-01,1.0956397747547062,comm,S2_fb2p0
2019-08-02,1.0858836848916156,comm,S2_fb2p0
2019-08-05,0.7643595720469512,comm,S2_fb2p0
2019-08-06,0.7393719310117601,comm,S2_fb2p0
2019-08-07,0.7450914873548812,comm,S2_fb2p0
2019-08-08,0.7514100471996216,comm,S2_fb2p0
2019-08-09,0.7502720686160275,comm,S2_fb2p0
2019-08-12,0.712266744259639,comm,S2_fb2p0
2019-08-13,0.7006736018275768,comm,S2_fb2p0
2019-08-14,0.7102797122583626,comm,S2_fb2p0
2019-08-15,0.7061873119764568,comm,S2_fb2p0
2019-08-16,0.7105345880664943,comm,S2_fb2p0
2019-08-19,0.7149712346229008,comm,S2_fb2p0
2019-08-20,0.7175482754369221,comm,S2_fb2p0
2019-08-21,0.719105095498302,comm,S2_fb2p0
2019-08-22,0.7154038288206986,comm,S2_fb2p0
2019-08-23,0.7110328534513393,comm,S2_fb2p0
2019-08-26,0.8811298687940438,comm,S2_fb2p0
2019-08-27,0.8745345601187499,comm,S2_fb2p0
2019-08-28,0.8772754805368714,comm,S2_fb2p0
2019-08-29,0.8565789925861654,comm,S2_fb2p0
2019-08-30,0.8718314082075109,comm,S2_fb2p0
2019-09-02,0.9365042022355442,comm,S2_fb2p0
2019-09-03,0.9460649913113105,comm,S2_fb2p0
2019-09-04,0.9390482330203899,comm,S2_fb2p0
2019-09-05,0.9502765686248003,comm,S2_fb2p0
2019-09-06,0.9524912003787105,comm,S2_fb2p0
2019-09-09,0.8501118328780015,comm,S2_fb2p0
2019-09-10,0.8626333755892798,comm,S2_fb2p0
2019-09-11,0.8683831249515823,comm,S2_fb2p0
2019-09-12,0.8815197712378544,comm,S2_fb2p0
2019-09-16,1.1997073439197632,comm,S2_fb2p0
2019-09-17,1.2149308227697952,comm,S2_fb2p0
2019-09-18,1.217065297189774,comm,S2_fb2p0
2019-09-19,1.2205120004900802,comm,S2_fb2p0
2019-09-20,1.2250193592401966,comm,S2_fb2p0
2019-09-30,1.294055049621755,comm,S2_fb2p0
2019-10-08,1.29487895613909,comm,S2_fb2p0
2019-10-09,1.3007674598428638,comm,S2_fb2p0
2019-10-10,1.2763668879117145,comm,S2_fb2p0
2019-10-11,1.259764871780673,comm,S2_fb2p0
2019-10-14,1.2879878691508753,comm,S2_fb2p0
2019-10-15,1.3026358632171395,comm,S2_fb2p0
2019-10-16,1.312921847920786,comm,S2_fb2p0
2019-10-17,1.311120104954177,comm,S2_fb2p0
2019-10-18,1.2986911980180786,comm,S2_fb2p0
2019-10-21,1.2675017982737378,comm,S2_fb2p0
2019-10-22,1.2484955783430098,comm,S2_fb2p0
2019-10-23,1.2566386767160687,comm,S2_fb2p0
2019-10-24,1.263361815641983,comm,S2_fb2p0
2019-10-25,1.258980467376458,comm,S2_fb2p0
2019-10-28,1.2999346155978357,comm,S2_fb2p0
2019-10-29,1.2973754688302903,comm,S2_fb2p0
2019-10-30,1.3176924225854647,comm,S2_fb2p0
2019-10-31,1.309865732239308,comm,S2_fb2p0
2019-11-01,1.2964639228209236,comm,S2_fb2p0
2019-11-04,1.3176743431482068,comm,S2_fb2p0
2019-11-05,1.309018103323165,comm,S2_fb2p0
2019-11-06,1.2957698757152323,comm,S2_fb2p0
2019-11-07,1.282863960385342,comm,S2_fb2p0
2019-11-08,1.3035338347376604,comm,S2_fb2p0
2019-11-11,1.2716531147698076,comm,S2_fb2p0
2019-11-12,1.2347853158460713,comm,S2_fb2p0
2019-11-13,1.2258425933354342,comm,S2_fb2p0
2019-11-14,1.2941349188850602,comm,S2_fb2p0
2019-11-15,1.2859770544515454,comm,S2_fb2p0
2019-11-18,1.157790511302957,comm,S2_fb2p0
2019-11-19,1.1309842356846065,comm,S2_fb2p0
2019-11-20,1.0973085127568907,comm,S2_fb2p0
2019-11-21,1.0991954182841128,comm,S2_fb2p0
2019-11-22,1.1085705438540296,comm,S2_fb2p0
2019-11-25,1.0963788408419115,comm,S2_fb2p0
2019-11-26,1.1231776337710966,comm,S2_fb2p0
2019-11-27,1.1342508051186464,comm,S2_fb2p0
2019-11-28,1.1100069492241225,comm,S2_fb2p0
2019-11-29,1.1004616260700262,comm,S2_fb2p0
2019-12-02,1.3007825063470644,comm,S2_fb2p0
2019-12-03,1.284718750455169,comm,S2_fb2p0
2019-12-04,1.2938238803193507,comm,S2_fb2p0
2019-12-05,1.2946364189354194,comm,S2_fb2p0
2019-12-06,1.3164543978522338,comm,S2_fb2p0
2019-12-09,1.2738560251607993,comm,S2_fb2p0
2019-12-10,1.248882933912663,comm,S2_fb2p0
2019-12-11,1.2810622414266102,comm,S2_fb2p0
2019-12-12,1.2977998772805692,comm,S2_fb2p0
2019-12-13,1.2966562593633943,comm,S2_fb2p0
2019-12-16,1.2894393996022884,comm,S2_fb2p0
2019-12-17,1.31773234027777,comm,S2_fb2p0
2019-12-18,1.2890231478173944,comm,S2_fb2p0
2019-12-19,1.2808011925098655,comm,S2_fb2p0
2019-12-20,1.2627454304514185,comm,S2_fb2p0
2019-12-23,1.2919093606799248,comm,S2_fb2p0
2019-12-24,1.2907534437813541,comm,S2_fb2p0
2019-12-25,1.2879896645853863,comm,S2_fb2p0
2019-12-26,1.2943534709212796,comm,S2_fb2p0
2019-12-27,1.2968456117547722,comm,S2_fb2p0
2019-12-30,1.3118242212057465,comm,S2_fb2p0
2019-12-31,1.2828813075128513,comm,S2_fb2p0
2020-01-02,1.2857866751854943,comm,S2_fb2p0
2020-01-03,1.2934947572713522,comm,S2_fb2p0
2020-01-06,1.270038443531335,comm,S2_fb2p0
2020-01-07,1.2856903824742654,comm,S2_fb2p0
2020-01-08,1.286707210871509,comm,S2_fb2p0
2020-01-09,1.2818677422036344,comm,S2_fb2p0
2020-01-10,1.272028591557277,comm,S2_fb2p0
2020-01-13,1.3047987431488675,comm,S2_fb2p0
2020-01-14,1.2923216433160913,comm,S2_fb2p0
2020-01-15,1.281752877970446,comm,S2_fb2p0
2020-01-16,1.2719375147674385,comm,S2_fb2p0
2020-01-17,1.2409568720791302,comm,S2_fb2p0
2020-01-20,1.2885840757817728,comm,S2_fb2p0
2020-01-21,1.2837796247293554,comm,S2_fb2p0
2020-01-22,1.265046968488637,comm,S2_fb2p0
2020-01-23,1.2424166492661135,comm,S2_fb2p0
2020-02-03,1.3087157800304385,comm,S2_fb2p0
2020-02-04,1.2839023704462258,comm,S2_fb2p0
2020-02-05,1.284177414997509,comm,S2_fb2p0
2020-02-06,1.2709076385760545,comm,S2_fb2p0
2020-02-07,1.2512277743180624,comm,S2_fb2p0
2020-02-10,0.6620915022174516,comm,S2_fb2p0
2020-02-11,0.6663929047099464,comm,S2_fb2p0
2020-02-12,0.6646079942504007,comm,S2_fb2p0
2020-02-13,0.6639329115430063,comm,S2_fb2p0
2020-02-14,0.6716727393469156,comm,S2_fb2p0
2020-03-02,0.9379212919541035,comm,S2_fb2p0
2020-03-03,0.9559402245846963,comm,S2_fb2p0
2020-03-04,0.9238351379081569,comm,S2_fb2p0
2020-03-05,0.9357461128619746,comm,S2_fb2p0
2020-03-06,0.980556478278813,comm,S2_fb2p0
2020-03-09,1.0093688071433293,comm,S2_fb2p0
2020-03-10,1.0427168843380146,comm,S2_fb2p0
2020-03-11,1.032166296873443,comm,S2_fb2p0
2020-03-12,1.000209610688958,comm,S2_fb2p0
2020-03-13,1.006810037021209,comm,S2_fb2p0
2020-03-16,1.062158431016636,comm,S2_fb2p0
2020-03-17,1.0508502988991089,comm,S2_fb2p0
2020-03-18,1.0050493406234975,comm,S2_fb2p0
2020-03-19,0.9556389631135458,comm,S2_fb2p0
2020-03-20,0.9448185000340251,comm,S2_fb2p0
2020-03-23,0.9090192972593764,comm,S2_fb2p0
2020-03-24,0.905685587940763,comm,S2_fb2p0
2020-03-25,0.9085257709292315,comm,S2_fb2p0
2020-03-26,0.9140372068810927,comm,S2_fb2p0
2020-03-27,0.9165007463238114,comm,S2_fb2p0
2020-04-07,0.79366803496505,comm,S2_fb2p0
2020-04-08,0.7912443243494449,comm,S2_fb2p0
2020-04-09,0.8023501368279697,comm,S2_fb2p0
2020-04-10,0.8143045317600736,comm,S2_fb2p0
2020-04-13,0.6518548288724163,comm,S2_fb2p0
2020-04-14,0.6580765082359933,comm,S2_fb2p0
2020-04-15,0.654585949985117,comm,S2_fb2p0
2020-04-16,0.6536425742888008,comm,S2_fb2p0
2020-04-17,0.6692507695222202,comm,S2_fb2p0
2020-05-11,1.0410044351894008,comm,S2_fb2p0
2020-05-12,1.0290236085063527,comm,S2_fb2p0
2020-05-13,1.0263175675690657,comm,S2_fb2p0
2020-05-14,1.0132994625978857,comm,S2_fb2p0
2020-05-15,1.0124630456079338,comm,S2_fb2p0
2020-05-18,0.919195036376498,comm,S2_fb2p0
2020-05-19,0.912762966652012,comm,S2_fb2p0
2020-05-20,0.9159823635369241,comm,S2_fb2p0
2020-05-21,0.9190643646471663,comm,S2_fb2p0
2020-05-22,0.9127376143888686,comm,S2_fb2p0
2020-05-25,0.9514235544400974,comm,S2_fb2p0
2020-05-26,0.9508798097303277,comm,S2_fb2p0
2020-05-27,0.9536770887523557,comm,S2_fb2p0
2020-05-28,0.9447248040679879,comm,S2_fb2p0
2020-05-29,0.9356294547882665,comm,S2_fb2p0
2020-06-01,1.0505947570012828,comm,S2_fb2p0
2020-06-02,1.0549491075822972,comm,S2_fb2p0
2020-06-03,1.0542510989332394,comm,S2_fb2p0
2020-06-04,1.0614636468032201,comm,S2_fb2p0
2020-06-05,1.089605249138926,comm,S2_fb2p0
2020-06-08,1.030659360435264,comm,S2_fb2p0
2020-06-09,1.02673548171931,comm,S2_fb2p0
2020-06-10,1.0160932882477267,comm,S2_fb2p0
2020-06-11,1.004895199928009,comm,S2_fb2p0
2020-06-12,0.9965405778393955,comm,S2_fb2p0
2020-06-15,1.1096434277985667,comm,S2_fb2p0
2020-06-16,1.1160299322834668,comm,S2_fb2p0
2020-06-17,1.1692584116854594,comm,S2_fb2p0
2020-06-18,1.1796874065625105,comm,S2_fb2p0
2020-06-19,1.18790713073448,comm,S2_fb2p0
2020-06-22,1.3039382678486522,comm,S2_fb2p0
2020-06-23,1.3052918790040335,comm,S2_fb2p0
2020-06-24,1.2938859350442065,comm,S2_fb2p0
2020-06-29,1.30896598840708,comm,S2_fb2p0
2020-06-30,1.2946974737128591,comm,S2_fb2p0
2020-07-01,1.292690588420239,comm,S2_fb2p0
2020-07-02,1.2919908641809612,comm,S2_fb2p0
2020-07-03,1.2801292282217058,comm,S2_fb2p0
2020-07-06,1.2871583523520957,comm,S2_fb2p0
2020-07-07,1.2761437707707568,comm,S2_fb2p0
2020-07-08,1.2671190239456036,comm,S2_fb2p0
2020-07-09,1.2407954339290725,comm,S2_fb2p0
2020-07-10,1.2292354866889776,comm,S2_fb2p0
2020-07-13,1.2636866428642641,comm,S2_fb2p0
2020-07-14,1.2689659898627963,comm,S2_fb2p0
2020-07-15,1.2813690612498139,comm,S2_fb2p0
2020-07-16,1.3064353145631122,comm,S2_fb2p0
2020-07-17,1.2834085256737338,comm,S2_fb2p0
2020-07-20,1.2933496480961602,comm,S2_fb2p0
2020-07-21,1.283553498005355,comm,S2_fb2p0
2020-07-22,1.2515885736810044,comm,S2_fb2p0
2020-07-23,1.2617038244176215,comm,S2_fb2p0
2020-07-24,1.2650639634506544,comm,S2_fb2p0
2020-07-27,1.275622750256904,comm,S2_fb2p0
2020-07-28,1.2805994795011184,comm,S2_fb2p0
2020-07-29,1.2804492415342887,comm,S2_fb2p0
2020-07-30,1.2585095500534471,comm,S2_fb2p0
2020-07-31,1.2397753764457218,comm,S2_fb2p0
2020-08-03,1.2614786878955089,comm,S2_fb2p0
2020-08-04,1.231953044814303,comm,S2_fb2p0
2020-08-05,1.2323232585203745,comm,S2_fb2p0
2020-08-06,1.2263658927123104,comm,S2_fb2p0
2020-08-07,1.2121589930079724,comm,S2_fb2p0
2020-08-10,1.2272626459411937,comm,S2_fb2p0
2020-08-11,1.2346842416120005,comm,S2_fb2p0
2020-08-12,1.2558404215770318,comm,S2_fb2p0
2020-08-13,1.1954148064994727,comm,S2_fb2p0
2020-08-14,1.1792767773638622,comm,S2_fb2p0
2020-08-17,1.174298646431049,comm,S2_fb2p0
2020-08-18,1.1686881037731056,comm,S2_fb2p0
2020-08-19,1.1742941563511249,comm,S2_fb2p0
2020-08-20,1.1897343960223918,comm,S2_fb2p0
2020-08-21,1.1636428552676938,comm,S2_fb2p0
2020-08-24,1.2420460111454108,comm,S2_fb2p0
2020-08-25,1.2697672003488183,comm,S2_fb2p0
2020-08-26,1.284944669386533,comm,S2_fb2p0
2020-08-27,1.2760634046435386,comm,S2_fb2p0
2020-08-28,1.2626650194633358,comm,S2_fb2p0
2020-08-31,1.2005330138666368,comm,S2_fb2p0
2020-09-01,1.1980481253978688,comm,S2_fb2p0
2020-09-02,1.1950054336308564,comm,S2_fb2p0
2020-09-03,1.1799167095891738,comm,S2_fb2p0
2020-09-04,1.1963759348134602,comm,S2_fb2p0
2020-09-07,1.1790649501364945,comm,S2_fb2p0
2020-09-08,1.174242031151783,comm,S2_fb2p0
2020-09-09,1.1693733688782977,comm,S2_fb2p0
2020-09-10,1.1770307237949789,comm,S2_fb2p0
2020-09-11,1.1737978160662463,comm,S2_fb2p0
2020-09-28,0.9070998537948485,comm,S2_fb2p0
2020-09-29,0.9409000330769474,comm,S2_fb2p0
2020-09-30,0.9422407217122823,comm,S2_fb2p0
2020-10-19,1.117641100108415,comm,S2_fb2p0
2020-10-20,1.1243886604287066,comm,S2_fb2p0
2020-10-21,1.1250720531100489,comm,S2_fb2p0
2020-10-22,1.1101499467012348,comm,S2_fb2p0
2020-10-23,1.1118443754044833,comm,S2_fb2p0
2020-10-26,1.1481461912110498,comm,S2_fb2p0
2020-10-27,1.132406595050679,comm,S2_fb2p0
2020-10-28,1.125629955041312,comm,S2_fb2p0
2020-10-29,1.2181748704362618,comm,S2_fb2p0
2020-10-30,1.1998593731706417,comm,S2_fb2p0
2020-11-02,1.2620407700098097,comm,S2_fb2p0
2020-11-03,1.2575811925303197,comm,S2_fb2p0
2020-11-04,1.25004029496115,comm,S2_fb2p0
2020-11-05,1.2476186353382717,comm,S2_fb2p0
2020-11-06,1.245164253165301,comm,S2_fb2p0
2020-11-09,1.2804775637901213,comm,S2_fb2p0
2020-11-10,1.2915523356963678,comm,S2_fb2p0
2020-11-11,1.2860429800669062,comm,S2_fb2p0
2020-11-12,1.2672126953263834,comm,S2_fb2p0
2020-11-13,1.2446258289287702,comm,S2_fb2p0
2020-11-16,1.285237241942303,comm,S2_fb2p0
2020-11-17,1.2795897944968688,comm,S2_fb2p0
2020-11-18,1.2685677251248153,comm,S2_fb2p0
2020-11-19,1.2382155795443777,comm,S2_fb2p0
2020-11-20,1.22896459344144,comm,S2_fb2p0
2020-11-23,1.2895344909714552,comm,S2_fb2p0
2020-11-24,1.3270622480748688,comm,S2_fb2p0
2020-11-25,1.3098812646978095,comm,S2_fb2p0
2020-11-26,1.2990076434371534,comm,S2_fb2p0
2020-11-27,1.272606130840434,comm,S2_fb2p0
2020-11-30,1.27447295081477,comm,S2_fb2p0
2020-12-01,1.2698924363764674,comm,S2_fb2p0
2020-12-02,1.2672573189596188,comm,S2_fb2p0
2020-12-03,1.298809997211805,comm,S2_fb2p0
2020-12-04,1.334808199612433,comm,S2_fb2p0
2020-12-07,1.0895226822705748,comm,S2_fb2p0
2020-12-08,1.0862054303478457,comm,S2_fb2p0
2020-12-09,1.0895427347381001,comm,S2_fb2p0
2020-12-10,1.0696991343390683,comm,S2_fb2p0
2020-12-11,1.02704529874081,comm,S2_fb2p0
2020-12-14,1.095876469237992,comm,S2_fb2p0
2020-12-15,1.076488659364554,comm,S2_fb2p0
2020-12-16,1.0509132500892335,comm,S2_fb2p0
2020-12-17,1.031866248806286,comm,S2_fb2p0
2020-12-18,1.0029002546102408,comm,S2_fb2p0
2020-12-21,1.0083597266135553,comm,S2_fb2p0
2020-12-22,0.9998528435262332,comm,S2_fb2p0
2020-12-23,1.0145146283471524,comm,S2_fb2p0
2020-12-24,1.0112903632371486,comm,S2_fb2p0
2020-12-25,0.9680254355521708,comm,S2_fb2p0
2020-12-28,0.9050622996752004,comm,S2_fb2p0
2020-12-29,0.9066664144050729,comm,S2_fb2p0
2020-12-30,0.8955944970547799,comm,S2_fb2p0
2020-12-31,0.8895977309438251,comm,S2_fb2p0
2021-01-04,0.8622794810663207,comm,S2_fb2p0
2021-01-05,0.8376398238894291,comm,S2_fb2p0
2021-01-06,0.838764037097063,comm,S2_fb2p0
2021-01-07,0.8346815872410931,comm,S2_fb2p0
2021-01-08,0.8385987446565069,comm,S2_fb2p0
2021-01-11,0.6733352073396499,comm,S2_fb2p0
2021-01-12,0.667036880647635,comm,S2_fb2p0
2021-01-13,0.6569635953035203,comm,S2_fb2p0
2021-01-14,0.6544099535418054,comm,S2_fb2p0
2021-01-15,0.6558628456652864,comm,S2_fb2p0
2021-01-18,0.7369565722089563,comm,S2_fb2p0
2021-01-19,0.7430973848536958,comm,S2_fb2p0
2021-01-20,0.749389703928672,comm,S2_fb2p0
2021-01-21,0.7398074688378319,comm,S2_fb2p0
2021-01-22,0.7291600385592595,comm,S2_fb2p0
2021-01-25,0.7256259028999936,comm,S2_fb2p0
2021-01-26,0.7406057205759726,comm,S2_fb2p0
2021-01-27,0.7360848432923214,comm,S2_fb2p0
2021-01-28,0.7522824639738477,comm,S2_fb2p0
2021-01-29,0.7608948054970988,comm,S2_fb2p0
2021-02-01,0.7636599943329834,comm,S2_fb2p0
2021-02-02,0.7713302045040386,comm,S2_fb2p0
2021-02-03,0.7858037411544871,comm,S2_fb2p0
2021-02-04,0.7949150917167092,comm,S2_fb2p0
2021-02-05,0.7943351860769069,comm,S2_fb2p0
2021-02-22,0.7127090769045228,comm,S2_fb2p0
2021-02-23,0.7614163925369374,comm,S2_fb2p0
2021-02-24,0.762733166270988,comm,S2_fb2p0
2021-02-25,0.7507139971918968,comm,S2_fb2p0
2021-02-26,0.7332561852211317,comm,S2_fb2p0
2021-03-01,0.7344118562313824,comm,S2_fb2p0
2021-03-02,0.7342791131753941,comm,S2_fb2p0
2021-03-03,0.712380574598401,comm,S2_fb2p0
2021-03-04,0.7060891792424129,comm,S2_fb2p0
2021-03-05,0.7289854624083387,comm,S2_fb2p0
2021-03-29,0.7531618336769033,comm,S2_fb2p0
2021-03-30,0.7538590027631026,comm,S2_fb2p0
2021-03-31,0.7470790345424729,comm,S2_fb2p0
2021-04-01,0.746036246562628,comm,S2_fb2p0
2021-04-02,0.7409995502662561,comm,S2_fb2p0
2021-04-06,0.7023780653798914,comm,S2_fb2p0
2021-04-07,0.7136947304850524,comm,S2_fb2p0
2021-04-08,0.7594202817199609,comm,S2_fb2p0
2021-04-09,0.7838279687613948,comm,S2_fb2p0
2021-04-12,0.9107965787163196,comm,S2_fb2p0
2021-04-13,0.9007985377126776,comm,S2_fb2p0
2021-04-14,0.8885314902511203,comm,S2_fb2p0
2021-04-15,0.8833012607865622,comm,S2_fb2p0
2021-04-16,0.8770199387035016,comm,S2_fb2p0
2021-04-19,0.7397453279086048,comm,S2_fb2p0
2021-04-20,0.7375563460068729,comm,S2_fb2p0
2021-04-21,0.7365202881707875,comm,S2_fb2p0
2021-04-22,0.7494000598830823,comm,S2_fb2p0
2021-04-23,0.7584583940567025,comm,S2_fb2p0
2021-04-26,0.9268090230225002,comm,S2_fb2p0
2021-04-27,0.9122879693112785,comm,S2_fb2p0
2021-04-28,0.9210288625560329,comm,S2_fb2p0
2021-04-29,0.9100106808971663,comm,S2_fb2p0
2021-04-30,0.9041856150318188,comm,S2_fb2p0
2021-05-06,0.9322194709889503,comm,S2_fb2p0
2021-05-07,0.9155926712134614,comm,S2_fb2p0
2021-05-10,0.8745340559169064,comm,S2_fb2p0
2021-05-11,0.7124739708217065,comm,S2_fb2p0
2021-05-12,0.6759270887695684,comm,S2_fb2p0
2021-05-13,0.6750582076053906,comm,S2_fb2p0
2021-05-14,0.6590068773368983,comm,S2_fb2p0
2021-07-12,0.753443999171627,comm,S2_fb2p0
2021-07-13,0.7459758789848423,comm,S2_fb2p0
2021-07-14,0.7333832811726811,comm,S2_fb2p0
2021-07-15,0.7495182211720792,comm,S2_fb2p0
2021-07-16,0.7417147004303064,comm,S2_fb2p0
2021-07-19,0.8084061874848307,comm,S2_fb2p0
2021-07-20,0.816103841329377,comm,S2_fb2p0
2021-07-21,0.8026010136873322,comm,S2_fb2p0
2021-07-22,0.8060376297006945,comm,S2_fb2p0
2021-07-23,0.7565094933674605,comm,S2_fb2p0
2021-07-26,0.6998542145799822,comm,S2_fb2p0
2021-07-27,0.674037198784929,comm,S2_fb2p0
2021-07-28,0.68186743601205,comm,S2_fb2p0
2021-07-29,0.6758315552818361,comm,S2_fb2p0
2021-07-30,0.6595529568949291,comm,S2_fb2p0
2021-08-02,0.6996373580834111,comm,S2_fb2p0
2021-08-03,0.7151772465389321,comm,S2_fb2p0
2021-08-04,0.7171149488642906,comm,S2_fb2p0
2021-08-05,0.7082788515102749,comm,S2_fb2p0
2021-08-06,0.7098017040227694,comm,S2_fb2p0
2021-08-09,0.7318449367007003,comm,S2_fb2p0
2021-08-10,0.7247447227948752,comm,S2_fb2p0
2021-08-11,0.7184736599467598,comm,S2_fb2p0
2021-08-12,0.7114419880143659,comm,S2_fb2p0
2021-08-13,0.7302366822429401,comm,S2_fb2p0
2021-09-13,0.7713589540662812,comm,S2_fb2p0
2021-09-14,0.7868773144688437,comm,S2_fb2p0
2021-09-15,0.8026087320022578,comm,S2_fb2p0
2021-09-16,0.7856021805497861,comm,S2_fb2p0
2021-09-17,0.7842808211943506,comm,S2_fb2p0
2021-09-22,0.717048484937461,comm,S2_fb2p0
2021-09-23,0.7036213731717307,comm,S2_fb2p0
2021-09-24,0.7127853001964782,comm,S2_fb2p0
2021-09-27,0.7098505676964946,comm,S2_fb2p0
2021-09-28,0.7205317070613677,comm,S2_fb2p0
2021-09-29,0.7165605403632879,comm,S2_fb2p0
2021-09-30,0.7253152210935064,comm,S2_fb2p0
2021-10-08,0.6994923082458101,comm,S2_fb2p0
2021-12-13,0.6614891179941634,comm,S2_fb2p0
2021-12-14,0.6569441030098551,comm,S2_fb2p0
2021-12-15,0.6560643224169588,comm,S2_fb2p0
2021-12-16,0.6517346973892082,comm,S2_fb2p0
2021-12-27,0.6523437109777623,comm,S2_fb2p0
2021-12-28,0.6582734445042963,comm,S2_fb2p0
2021-12-29,0.6584547381724198,comm,S2_fb2p0
2021-12-31,0.6517594661429199,comm,S2_fb2p0
2022-01-04,0.7609579828306767,comm,S2_fb2p0
2022-01-05,0.7685661841177207,comm,S2_fb2p0
2022-01-06,0.7690735767926479,comm,S2_fb2p0
2022-01-07,0.7687702802590209,comm,S2_fb2p0
2022-01-10,0.8197263485023276,comm,S2_fb2p0
2022-01-11,0.8121730500421256,comm,S2_fb2p0
2022-01-12,0.8126053284163856,comm,S2_fb2p0
2022-01-13,0.8170945499877876,comm,S2_fb2p0
2022-01-14,0.8182875372963356,comm,S2_fb2p0
2022-01-17,0.847615192958195,comm,S2_fb2p0
2022-01-18,0.8278323440417085,comm,S2_fb2p0
2022-01-19,0.802316953971584,comm,S2_fb2p0
2022-01-20,0.8049212565642121,comm,S2_fb2p0
2022-01-21,0.7689946546738651,comm,S2_fb2p0
2022-01-24,0.6723293131366966,comm,S2_fb2p0
2022-01-25,0.6753192419196272,comm,S2_fb2p0
2022-01-26,0.6788517555220376,comm,S2_fb2p0
2022-01-27,0.6760333795448932,comm,S2_fb2p0
2022-01-28,0.6651427463596883,comm,S2_fb2p0
2022-02-09,0.6521467269648931,comm,S2_fb2p0
2022-02-14,0.6738018346723303,comm,S2_fb2p0
2022-02-15,0.6652790510510196,comm,S2_fb2p0
2022-02-16,0.664927185806424,comm,S2_fb2p0
2022-02-17,0.6587132412432797,comm,S2_fb2p0
2022-02-18,0.6601309478537297,comm,S2_fb2p0
2022-02-21,0.6727558302604922,comm,S2_fb2p0
2022-02-22,0.6617780520356595,comm,S2_fb2p0
2022-02-23,0.6575065999002291,comm,S2_fb2p0
2022-02-24,0.6863036559700255,comm,S2_fb2p0
2022-02-25,0.6876718341007892,comm,S2_fb2p0
2022-02-28,0.7442839433618247,comm,S2_fb2p0
2022-03-01,0.7260889674116204,comm,S2_fb2p0
2022-03-02,0.7166389056408924,comm,S2_fb2p0
2022-03-03,0.7035887076392763,comm,S2_fb2p0
2022-03-04,0.6991578989183163,comm,S2_fb2p0
2022-03-07,0.6564849825722688,comm,S2_fb2p0
2022-03-08,0.6569080329408846,comm,S2_fb2p0
2022-03-09,0.6748220916968438,comm,S2_fb2p0
2022-03-10,0.6804654956210482,comm,S2_fb2p0
2022-03-11,0.6707404030115087,comm,S2_fb2p0
2022-03-14,0.6657083345136358,comm,S2_fb2p0
2022-03-15,0.6605380699041419,comm,S2_fb2p0
2022-03-16,0.6553098534232676,comm,S2_fb2p0
2022-04-06,0.7796619378868296,comm,S2_fb2p0
2022-04-07,0.7714787916708676,comm,S2_fb2p0
2022-04-08,0.775304516985162,comm,S2_fb2p0
2022-04-11,0.6596055501813268,comm,S2_fb2p0
2022-04-12,0.6690752301170123,comm,S2_fb2p0
2022-04-13,0.6607791535790806,comm,S2_fb2p0
2022-04-14,0.6574934361016423,comm,S2_fb2p0
2022-04-15,0.6544721759624953,comm,S2_fb2p0
2022-04-18,0.6634213282443945,comm,S2_fb2p0
2022-04-19,0.6823075728674919,comm,S2_fb2p0
2022-04-20,0.7032473544122085,comm,S2_fb2p0
2022-04-21,0.6922522218016258,comm,S2_fb2p0
2022-04-22,0.6964885814062222,comm,S2_fb2p0
2022-04-25,0.6927085151103352,comm,S2_fb2p0
2022-04-26,0.6836166213677511,comm,S2_fb2p0
2022-04-27,0.6841628172276862,comm,S2_fb2p0
2022-04-28,0.6858847007083823,comm,S2_fb2p0
2022-04-29,0.682206829008206,comm,S2_fb2p0
2022-05-05,0.8022535744002933,comm,S2_fb2p0
2022-05-06,0.8082693536810617,comm,S2_fb2p0
2022-05-16,0.8219735124212509,comm,S2_fb2p0
2022-05-17,0.8239130178545401,comm,S2_fb2p0
2022-05-18,0.8106683343803226,comm,S2_fb2p0
2022-05-19,0.7950473227669619,comm,S2_fb2p0
2022-05-20,0.8164825939048599,comm,S2_fb2p0
2022-05-31,0.6534619783213466,comm,S2_fb2p0
2022-06-01,0.6623341690290182,comm,S2_fb2p0
2022-06-02,0.6697145903937721,comm,S2_fb2p0
2022-06-13,0.9015198410976216,comm,S2_fb2p0
2022-06-14,0.8972453426051318,comm,S2_fb2p0
2022-06-15,0.9002252151462752,comm,S2_fb2p0
2022-06-16,0.8976795709381452,comm,S2_fb2p0
2022-06-17,0.9062631181491854,comm,S2_fb2p0
2022-06-20,0.9302906921394676,comm,S2_fb2p0
2022-06-21,0.9267528965410305,comm,S2_fb2p0
2022-06-22,0.9111920967754761,comm,S2_fb2p0
2022-06-23,0.9106196585659878,comm,S2_fb2p0
2022-06-24,0.9215227562965898,comm,S2_fb2p0
2022-08-12,0.6508412137864135,comm,S2_fb2p0
2022-08-29,0.6590468020783468,comm,S2_fb2p0
2022-08-30,0.6569793556959914,comm,S2_fb2p0
2022-08-31,0.6605376552316008,comm,S2_fb2p0
2022-09-05,0.7639690351598091,comm,S2_fb2p0
2022-09-06,0.7594290805241336,comm,S2_fb2p0
2022-09-07,0.7644761755710944,comm,S2_fb2p0
2022-09-08,0.7734581577293395,comm,S2_fb2p0
2022-09-09,0.7519809491761474,comm,S2_fb2p0
2022-09-13,0.7048739780651602,comm,S2_fb2p0
2022-09-14,0.7007137107408176,comm,S2_fb2p0
2022-09-15,0.7101576239374274,comm,S2_fb2p0
2022-09-16,0.7132593569904985,comm,S2_fb2p0
2022-09-26,0.7886390259348338,comm,S2_fb2p0
2022-09-27,0.8098853029857359,comm,S2_fb2p0
2022-09-28,0.8181201964230109,comm,S2_fb2p0
2022-09-29,0.811257319953172,comm,S2_fb2p0
2022-09-30,0.7988975324737173,comm,S2_fb2p0
2022-11-02,0.664323073170152,comm,S2_fb2p0
2022-11-03,0.6740298512620426,comm,S2_fb2p0
2022-11-04,0.690238044567249,comm,S2_fb2p0
2022-11-07,0.7201572892110999,comm,S2_fb2p0
2022-11-08,0.7201357072383602,comm,S2_fb2p0
2022-11-09,0.7299509516707854,comm,S2_fb2p0
2022-11-10,0.7281857094457569,comm,S2_fb2p0
2022-11-11,0.7602423444379087,comm,S2_fb2p0
2022-11-14,0.6726369974537288,comm,S2_fb2p0
2022-11-15,0.6758038004697939,comm,S2_fb2p0
2022-11-16,0.7035576341525406,comm,S2_fb2p0
2022-11-17,0.6891098739226873,comm,S2_fb2p0
2022-11-18,0.701860806384966,comm,S2_fb2p0
2022-11-21,1.0131447048237743,comm,S2_fb2p0
2022-11-22,1.0274537177380831,comm,S2_fb2p0
2022-11-23,1.0217907727325497,comm,S2_fb2p0
2022-11-24,1.027140228677716,comm,S2_fb2p0
2022-11-25,1.0263124593287523,comm,S2_fb2p0
2022-11-28,0.8190884693146361,comm,S2_fb2p0
2022-11-29,0.783461716240535,comm,S2_fb2p0
2022-11-30,0.781372571064834,comm,S2_fb2p0
2022-12-01,0.7792290415860929,comm,S2_fb2p0
2022-12-02,0.7756106799281062,comm,S2_fb2p0
2022-12-05,0.8546001910241785,comm,S2_fb2p0
2022-12-06,0.8599116699258724,comm,S2_fb2p0
2022-12-07,0.8615826342321595,comm,S2_fb2p0
2022-12-08,0.8448688142884563,comm,S2_fb2p0
2022-12-09,0.8419216887612321,comm,S2_fb2p0
2022-12-12,0.7169902568273704,comm,S2_fb2p0
2022-12-13,0.7220305697769037,comm,S2_fb2p0
2022-12-14,0.7264759921870072,comm,S2_fb2p0
2022-12-15,0.7231765429765785,comm,S2_fb2p0
2022-12-16,0.7383977184413412,comm,S2_fb2p0
2022-12-19,0.7552139849783853,comm,S2_fb2p0
2022-12-20,0.7620662519969527,comm,S2_fb2p0
2022-12-21,0.7586241831078703,comm,S2_fb2p0
2022-12-22,0.761774136616731,comm,S2_fb2p0
2022-12-23,0.7622998965646623,comm,S2_fb2p0
2022-12-26,0.7805687483482603,comm,S2_fb2p0
2022-12-27,0.8077130216634774,comm,S2_fb2p0
2022-12-28,0.8391795242865596,comm,S2_fb2p0
2022-12-29,0.7985988408044941,comm,S2_fb2p0
2022-12-30,0.791217590117158,comm,S2_fb2p0
2023-01-03,1.0044276727096746,comm,S2_fb2p0
2023-01-04,0.9864544164163952,comm,S2_fb2p0
2023-01-05,0.9741947857773684,comm,S2_fb2p0
2023-01-06,0.9858972258286267,comm,S2_fb2p0
2023-01-09,1.1211901062111875,comm,S2_fb2p0
2023-01-10,1.1575539539147834,comm,S2_fb2p0
2023-01-11,1.159520398125105,comm,S2_fb2p0
2023-01-12,1.1530876209456324,comm,S2_fb2p0
2023-01-13,1.1669328490940831,comm,S2_fb2p0
2023-01-16,1.0622239847616064,comm,S2_fb2p0
2023-01-17,1.08285531470895,comm,S2_fb2p0
2023-01-18,1.089900674052538,comm,S2_fb2p0
2023-01-19,1.041496051153169,comm,S2_fb2p0
2023-01-20,1.0472706698896566,comm,S2_fb2p0
2023-01-30,0.7348633205980236,comm,S2_fb2p0
2023-01-31,0.7191288159056268,comm,S2_fb2p0
2023-02-01,0.7315724220053564,comm,S2_fb2p0
2023-02-02,0.7190029119228747,comm,S2_fb2p0
2023-02-03,0.7076922257280107,comm,S2_fb2p0
2023-02-20,0.8623661567757115,comm,S2_fb2p0
2023-02-21,0.8896671828581784,comm,S2_fb2p0
2023-02-22,0.8865213894382211,comm,S2_fb2p0
2023-02-23,0.8901023158993826,comm,S2_fb2p0
2023-02-24,0.8711913080505533,comm,S2_fb2p0
2023-02-27,0.7411199927448844,comm,S2_fb2p0
2023-02-28,0.7342166239412582,comm,S2_fb2p0
2023-03-01,0.7398418838079786,comm,S2_fb2p0
2023-03-02,0.7569605791085994,comm,S2_fb2p0
2023-03-03,0.7641200082861784,comm,S2_fb2p0
2023-03-06,0.7191119575911893,comm,S2_fb2p0
2023-03-07,0.7196031408877478,comm,S2_fb2p0
2023-03-08,0.7156924932088271,comm,S2_fb2p0
2023-03-09,0.7050948317943037,comm,S2_fb2p0
2023-03-10,0.6992740293340078,comm,S2_fb2p0
2023-03-13,0.7065414183102785,comm,S2_fb2p0
2023-03-14,0.7090013048967805,comm,S2_fb2p0
2023-03-15,0.7159042734809431,comm,S2_fb2p0
2023-03-16,0.6829294858519664,comm,S2_fb2p0
2023-03-17,0.674624500906864,comm,S2_fb2p0
2023-03-20,0.8359505281424483,comm,S2_fb2p0
2023-03-21,0.8353407804069082,comm,S2_fb2p0
2023-03-22,0.8369721074598994,comm,S2_fb2p0
2023-03-23,0.8623599005494104,comm,S2_fb2p0
2023-03-24,0.8805096459131658,comm,S2_fb2p0
2023-03-27,0.8602849548761952,comm,S2_fb2p0
2023-03-28,0.8893284459621297,comm,S2_fb2p0
2023-03-29,0.8924226976048347,comm,S2_fb2p0
2023-03-30,0.89434422417187,comm,S2_fb2p0
2023-03-31,0.8867418096546548,comm,S2_fb2p0
2023-04-03,0.8944611105945571,comm,S2_fb2p0
2023-04-04,0.8811266392541739,comm,S2_fb2p0
2023-04-06,0.8630717161695561,comm,S2_fb2p0
2023-04-07,0.859684350490912,comm,S2_fb2p0
2023-04-10,0.7645948535478366,comm,S2_fb2p0
2023-04-11,0.7574644806687252,comm,S2_fb2p0
2023-04-12,0.7625868671229191,comm,S2_fb2p0
2023-04-13,0.7576389854230214,comm,S2_fb2p0
2023-04-14,0.7683257437620176,comm,S2_fb2p0
2023-04-17,0.8259429416862258,comm,S2_fb2p0
2023-04-18,0.8358078573681337,comm,S2_fb2p0
2023-04-19,0.8377691285866568,comm,S2_fb2p0
2023-04-20,0.8326303462428299,comm,S2_fb2p0
2023-04-21,0.8063923157742506,comm,S2_fb2p0
2023-04-24,0.7658285899989132,comm,S2_fb2p0
2023-04-25,0.7757809584269733,comm,S2_fb2p0
2023-04-26,0.7581130133158113,comm,S2_fb2p0
2023-04-27,0.747096995169292,comm,S2_fb2p0
2023-04-28,0.7380579550756029,comm,S2_fb2p0
2023-05-04,0.7735964649258724,comm,S2_fb2p0
2023-05-05,0.7510595033135302,comm,S2_fb2p0
2023-05-08,0.746993961405824,comm,S2_fb2p0
2023-05-09,0.7596420331138143,comm,S2_fb2p0
2023-05-10,0.7479679543791593,comm,S2_fb2p0
2023-05-11,0.7298644319871528,comm,S2_fb2p0
2023-05-12,0.7190463703748274,comm,S2_fb2p0
2023-05-15,0.683925896526851,comm,S2_fb2p0
2023-05-16,0.690411015868021,comm,S2_fb2p0
2023-05-17,0.6986775345622067,comm,S2_fb2p0
2023-05-18,0.7095312943798864,comm,S2_fb2p0
2023-05-19,0.6901603522461982,comm,S2_fb2p0
2023-05-22,0.6561542918466867,comm,S2_fb2p0
2023-05-29,0.6678165125033675,comm,S2_fb2p0
2023-05-30,0.6656034452132045,comm,S2_fb2p0
2023-05-31,0.6549968899045212,comm,S2_fb2p0
2023-06-01,0.6677184175075918,comm,S2_fb2p0
2023-06-02,0.7004802831838578,comm,S2_fb2p0
2023-06-16,0.6676548137359701,comm,S2_fb2p0
2023-06-27,0.651432159555674,comm,S2_fb2p0
2023-06-28,0.6508312592859998,comm,S2_fb2p0
2023-06-29,0.6618620479079728,comm,S2_fb2p0
2023-06-30,0.655338664890032,comm,S2_fb2p0
2023-07-03,0.7154721545964267,comm,S2_fb2p0
2023-07-04,0.7293300009580915,comm,S2_fb2p0
2023-07-05,0.7130457518498388,comm,S2_fb2p0
2023-07-06,0.7056877908784116,comm,S2_fb2p0
2023-07-07,0.7047023439944009,comm,S2_fb2p0
2023-07-24,0.979850898443824,comm,S2_fb2p0
2023-07-25,0.9787729528004473,comm,S2_fb2p0
2023-07-26,1.021937982941856,comm,S2_fb2p0
2023-07-27,1.0148226218455536,comm,S2_fb2p0
2023-07-28,1.0289868269599927,comm,S2_fb2p0
2023-07-31,1.058004332542863,comm,S2_fb2p0
2023-08-01,1.0407871854301711,comm,S2_fb2p0
2023-08-02,1.0396928080636294,comm,S2_fb2p0
2023-08-03,1.0485856147630803,comm,S2_fb2p0
2023-08-04,1.0402881509894224,comm,S2_fb2p0
2023-08-07,1.1177139636656022,comm,S2_fb2p0
2023-08-08,1.1185069256214089,comm,S2_fb2p0
2023-08-09,1.1241062444494196,comm,S2_fb2p0
2023-08-10,1.1256177988838474,comm,S2_fb2p0
2023-08-11,1.1184115291036478,comm,S2_fb2p0
2023-08-14,1.222355132569774,comm,S2_fb2p0
2023-08-15,1.177926418977973,comm,S2_fb2p0
2023-08-16,1.1695013645195853,comm,S2_fb2p0
2023-08-17,1.1511340208712952,comm,S2_fb2p0
2023-08-18,1.1504083882242848,comm,S2_fb2p0
2023-08-21,1.2701204441259504,comm,S2_fb2p0
2023-08-22,1.2775592937245208,comm,S2_fb2p0
2023-08-23,1.3053077519507472,comm,S2_fb2p0
2023-08-24,1.307826547146683,comm,S2_fb2p0
2023-08-25,1.294128370572613,comm,S2_fb2p0
2023-08-28,1.2736612520858546,comm,S2_fb2p0
2023-08-29,1.2593365604876647,comm,S2_fb2p0
2023-08-30,1.2604994388608424,comm,S2_fb2p0
2023-08-31,1.2592963161529644,comm,S2_fb2p0
2023-09-01,1.2891518513206546,comm,S2_fb2p0
2023-09-04,1.1087303923872747,comm,S2_fb2p0
2023-09-05,1.1256350763019294,comm,S2_fb2p0
2023-09-06,1.1279433102769263,comm,S2_fb2p0
2023-09-07,1.1153337980033298,comm,S2_fb2p0
2023-09-08,1.1168179359265362,comm,S2_fb2p0
2023-09-11,1.0775793547529235,comm,S2_fb2p0
2023-09-12,1.073301638716282,comm,S2_fb2p0
2023-09-13,1.0727393891215145,comm,S2_fb2p0
2023-09-14,1.0677243073469063,comm,S2_fb2p0
2023-09-15,1.0751746570512166,comm,S2_fb2p0
2023-09-18,1.1576243011715042,comm,S2_fb2p0
2023-09-19,1.1574842361672975,comm,S2_fb2p0
2023-09-20,1.1729505007595458,comm,S2_fb2p0
2023-09-21,1.163778934314972,comm,S2_fb2p0
2023-09-22,1.1477350232512915,comm,S2_fb2p0
2023-09-25,1.3094020815970433,comm,S2_fb2p0
2023-09-26,1.259216539119951,comm,S2_fb2p0
2023-09-27,1.2542037457196815,comm,S2_fb2p0
2023-09-28,1.2433261588525348,comm,S2_fb2p0
2023-10-09,1.3373373013895478,comm,S2_fb2p0
2023-10-10,1.3043895596159645,comm,S2_fb2p0
2023-10-11,1.2933625265076243,comm,S2_fb2p0
2023-10-12,1.2990619884279297,comm,S2_fb2p0
2023-10-13,1.2544356429647798,comm,S2_fb2p0
2023-10-16,1.3035007122367217,comm,S2_fb2p0
2023-10-17,1.3100633328556237,comm,S2_fb2p0
2023-10-18,1.2638465559943004,comm,S2_fb2p0
2023-10-19,1.2523919705745734,comm,S2_fb2p0
2023-10-20,1.258764895134578,comm,S2_fb2p0
2023-10-23,0.6895788620763125,comm,S2_fb2p0
2023-10-24,0.6980729522999654,comm,S2_fb2p0
2023-10-25,0.7041444685152163,comm,S2_fb2p0
2023-10-26,0.7072679444633503,comm,S2_fb2p0
2023-10-27,0.7141792826703753,comm,S2_fb2p0
2023-10-30,0.6694295357380872,comm,S2_fb2p0
2023-10-31,0.6707322797883468,comm,S2_fb2p0
2023-11-01,0.6669251757490438,comm,S2_fb2p0
2023-11-02,0.6614579461850335,comm,S2_fb2p0
2023-11-03,0.6643367799632504,comm,S2_fb2p0
2023-11-06,0.7655443853348746,comm,S2_fb2p0
2023-11-07,0.7575313698880086,comm,S2_fb2p0
2023-11-08,0.75304176394019,comm,S2_fb2p0
2023-11-09,0.7444590906736365,comm,S2_fb2p0
2023-11-10,0.7389211641555743,comm,S2_fb2p0
2023-11-13,1.045013653088616,comm,S2_fb2p0
2023-11-14,1.0729700101323099,comm,S2_fb2p0
2023-11-15,1.0612321737531252,comm,S2_fb2p0
2023-11-16,1.0455845424422805,comm,S2_fb2p0
2023-11-17,1.0330524155433816,comm,S2_fb2p0
2023-11-20,1.2809517167209543,comm,S2_fb2p0
2023-11-21,1.2544550415125357,comm,S2_fb2p0
2023-11-22,1.3046067357887858,comm,S2_fb2p0
2023-11-23,1.3120628796134695,comm,S2_fb2p0
2023-11-24,1.2953708504630634,comm,S2_fb2p0
2023-11-27,1.1999518350764506,comm,S2_fb2p0
2023-11-28,1.1914148514278446,comm,S2_fb2p0
2023-11-29,1.1997845173187696,comm,S2_fb2p0
2023-11-30,1.203090106719506,comm,S2_fb2p0
2023-12-01,1.177306439777044,comm,S2_fb2p0
2023-12-04,0.9543446372120199,comm,S2_fb2p0
2023-12-05,0.9428459582898534,comm,S2_fb2p0
2023-12-06,0.9494236953421678,comm,S2_fb2p0
2023-12-07,0.9387076271935083,comm,S2_fb2p0
2023-12-08,0.9593733530037489,comm,S2_fb2p0
2023-12-11,0.9243247324985362,comm,S2_fb2p0
2023-12-12,0.9353158307094211,comm,S2_fb2p0
2023-12-13,0.9428369992570923,comm,S2_fb2p0
2023-12-14,0.945880294105272,comm,S2_fb2p0
2023-12-15,0.9541652816878978,comm,S2_fb2p0
2023-12-18,1.0670810274090976,comm,S2_fb2p0
2023-12-19,1.059153906415979,comm,S2_fb2p0
2023-12-20,1.0520746948115143,comm,S2_fb2p0
2023-12-21,1.0608681006528144,comm,S2_fb2p0
2023-12-22,1.048782494923701,comm,S2_fb2p0
2024-01-02,1.317158426364748,comm,S2_fb2p0
2024-01-03,1.3056049621615904,comm,S2_fb2p0
2024-01-04,1.3088151820123728,comm,S2_fb2p0
2024-01-05,1.2967823690411138,comm,S2_fb2p0
2024-01-08,1.1268460503717053,comm,S2_fb2p0
2024-01-09,1.126386211088458,comm,S2_fb2p0
2024-01-10,1.1231763478751788,comm,S2_fb2p0
2024-01-11,1.124152171213373,comm,S2_fb2p0
2024-01-12,1.1136185546592088,comm,S2_fb2p0
2024-01-15,1.3099626760512952,comm,S2_fb2p0
2024-01-16,1.3080317349966137,comm,S2_fb2p0
2024-01-17,1.2833271001952922,comm,S2_fb2p0
2024-01-18,1.276011781690479,comm,S2_fb2p0
2024-01-19,1.2882632080543719,comm,S2_fb2p0
2024-01-22,1.2831481178826598,comm,S2_fb2p0
2024-01-23,1.2926164459207155,comm,S2_fb2p0
2024-01-24,1.287651045302354,comm,S2_fb2p0
2024-01-25,1.302573225139572,comm,S2_fb2p0
2024-01-26,1.2804651561766955,comm,S2_fb2p0
2024-01-29,0.9623492960719023,comm,S2_fb2p0
2024-01-30,0.9264217754307651,comm,S2_fb2p0
2024-01-31,0.9056954081954063,comm,S2_fb2p0
2024-02-01,0.9041906253236467,comm,S2_fb2p0
2024-02-02,0.8848535263470748,comm,S2_fb2p0
2024-02-05,1.0039348588220796,comm,S2_fb2p0
2024-02-06,1.012268100855617,comm,S2_fb2p0
2024-02-07,1.0017971657077949,comm,S2_fb2p0
2024-02-08,1.0160575023089973,comm,S2_fb2p0
2024-02-19,1.096149254264908,comm,S2_fb2p0
2024-02-20,1.0956566333264184,comm,S2_fb2p0
2024-02-21,1.1102506236673453,comm,S2_fb2p0
2024-02-22,1.1051384677983036,comm,S2_fb2p0
2024-02-23,1.1107600613722828,comm,S2_fb2p0
2024-02-26,1.1118911811338852,comm,S2_fb2p0
2024-02-27,1.1294068299653386,comm,S2_fb2p0
2024-02-28,1.1359152242904365,comm,S2_fb2p0
2024-02-29,1.1253759343080942,comm,S2_fb2p0
2024-03-01,1.158809405107081,comm,S2_fb2p0
2024-03-04,1.271018121165422,comm,S2_fb2p0
2024-03-05,1.2610513785552442,comm,S2_fb2p0
2024-03-06,1.2458158215516248,comm,S2_fb2p0
2024-03-07,1.2534846643490465,comm,S2_fb2p0
2024-03-08,1.249122354680029,comm,S2_fb2p0
2024-03-11,1.2827222773334683,comm,S2_fb2p0
2024-03-12,1.300982671419635,comm,S2_fb2p0
2024-03-13,1.2964886835908362,comm,S2_fb2p0
2024-03-14,1.2699096957013416,comm,S2_fb2p0
2024-03-15,1.2456277317611044,comm,S2_fb2p0
2024-03-18,1.2679526378102939,comm,S2_fb2p0
2024-03-19,1.2884192258557523,comm,S2_fb2p0
2024-03-20,1.320216894858901,comm,S2_fb2p0
2024-03-21,1.2840174313494725,comm,S2_fb2p0
2024-03-22,1.306178818878141,comm,S2_fb2p0
2024-03-25,1.2985815018228624,comm,S2_fb2p0
2024-03-26,1.268951820715838,comm,S2_fb2p0
2024-03-27,1.25277407401803,comm,S2_fb2p0
2024-03-28,1.236884231554265,comm,S2_fb2p0
2024-03-29,1.203700129861415,comm,S2_fb2p0
2024-04-01,1.2852592572004138,comm,S2_fb2p0
2024-04-02,1.300501268437791,comm,S2_fb2p0
2024-04-03,1.2825805708315974,comm,S2_fb2p0
2024-04-08,1.285845736496305,comm,S2_fb2p0
2024-04-09,1.3113178474244205,comm,S2_fb2p0
2024-04-10,1.3076698650848566,comm,S2_fb2p0
2024-04-11,1.2921693764794482,comm,S2_fb2p0
2024-04-12,1.2845241631298308,comm,S2_fb2p0
2024-04-15,1.2733043739737908,comm,S2_fb2p0
2024-04-16,1.3042671890048807,comm,S2_fb2p0
2024-04-17,1.3121928344029468,comm,S2_fb2p0
2024-04-18,1.3295769778095012,comm,S2_fb2p0
2024-04-19,1.297935702365723,comm,S2_fb2p0
2024-04-22,1.1551354309086463,comm,S2_fb2p0
2024-04-23,1.1522684755743975,comm,S2_fb2p0
2024-04-24,1.1857873431727552,comm,S2_fb2p0
2024-04-25,1.1724777084970117,comm,S2_fb2p0
2024-04-26,1.1889778987755983,comm,S2_fb2p0
2024-04-29,1.1107497465294398,comm,S2_fb2p0
2024-04-30,1.0969601497876909,comm,S2_fb2p0
2024-05-06,1.2872119268918178,comm,S2_fb2p0
2024-05-07,1.2776719074413452,comm,S2_fb2p0
2024-05-08,1.284069605914519,comm,S2_fb2p0
2024-05-09,1.2697347208282037,comm,S2_fb2p0
2024-05-10,1.2627890699798698,comm,S2_fb2p0
2024-05-13,1.062184330014606,comm,S2_fb2p0
2024-05-14,1.054467304017356,comm,S2_fb2p0
2024-05-15,1.0603082427839627,comm,S2_fb2p0
2024-05-16,1.0629057166276792,comm,S2_fb2p0
2024-05-17,1.0764310394930081,comm,S2_fb2p0
2024-05-20,1.2333518960331262,comm,S2_fb2p0
2024-05-21,1.229311530212577,comm,S2_fb2p0
2024-05-22,1.2156300985034123,comm,S2_fb2p0
2024-05-23,1.2472794516382988,comm,S2_fb2p0
2024-05-24,1.254970978374012,comm,S2_fb2p0
2024-05-27,1.2605931300629434,comm,S2_fb2p0
2024-05-28,1.2531324766019984,comm,S2_fb2p0
2024-05-29,1.2664501778839323,comm,S2_fb2p0
2024-05-30,1.2332744682039085,comm,S2_fb2p0
2024-05-31,1.255287214505972,comm,S2_fb2p0
2024-06-03,1.0011910756758704,comm,S2_fb2p0
2024-06-04,0.9848116728662615,comm,S2_fb2p0
2024-06-05,0.9774483929938036,comm,S2_fb2p0
2024-06-06,0.9810943890986641,comm,S2_fb2p0
2024-06-07,0.9807330833957082,comm,S2_fb2p0
2024-06-11,1.2545039663400575,comm,S2_fb2p0
2024-06-12,1.2607043550508668,comm,S2_fb2p0
2024-06-13,1.2488518749716169,comm,S2_fb2p0
2024-06-14,1.2417419290712903,comm,S2_fb2p0
2024-06-17,1.187393037081929,comm,S2_fb2p0
2024-06-18,1.1502159090919584,comm,S2_fb2p0
2024-06-19,1.1454899985882807,comm,S2_fb2p0
2024-06-20,1.1313941690360856,comm,S2_fb2p0
2024-06-21,1.1277496000574587,comm,S2_fb2p0
2024-06-24,0.8314156426063902,comm,S2_fb2p0
2024-06-25,0.8188005132859,comm,S2_fb2p0
2024-06-26,0.8254150127792454,comm,S2_fb2p0
2024-06-27,0.8187187978651631,comm,S2_fb2p0
2024-06-28,0.8117248788948535,comm,S2_fb2p0
2024-07-01,0.7666190331235214,comm,S2_fb2p0
2024-07-02,0.7564794977429904,comm,S2_fb2p0
2024-07-03,0.7542418087622397,comm,S2_fb2p0
2024-07-04,0.7663952851979507,comm,S2_fb2p0
2024-07-05,0.7602248807245383,comm,S2_fb2p0
2024-07-08,0.965705467690855,comm,S2_fb2p0
2024-07-09,0.947095507836277,comm,S2_fb2p0
2024-07-10,0.9428724682890836,comm,S2_fb2p0
2024-07-11,0.9527084024697712,comm,S2_fb2p0
2024-07-12,0.9546616232388764,comm,S2_fb2p0
2024-07-15,0.8524386500540843,comm,S2_fb2p0
2024-07-16,0.8527734375140792,comm,S2_fb2p0
2024-07-17,0.8423882050774498,comm,S2_fb2p0
2024-07-18,0.834224089175059,comm,S2_fb2p0
2024-07-19,0.8261098770551148,comm,S2_fb2p0
2024-07-22,1.0075060887830223,comm,S2_fb2p0
2024-07-23,0.9816989131384943,comm,S2_fb2p0
2024-07-24,0.9674118232180782,comm,S2_fb2p0
2024-07-25,0.9440848044429359,comm,S2_fb2p0
2024-07-26,0.9495892795324828,comm,S2_fb2p0
2024-07-29,0.9069167013763887,comm,S2_fb2p0
2024-07-30,0.8911060766762096,comm,S2_fb2p0
2024-07-31,0.8736391891194272,comm,S2_fb2p0
2024-08-01,0.8773429629222737,comm,S2_fb2p0
2024-08-02,0.868329194913321,comm,S2_fb2p0
2024-08-05,0.8863109474290094,comm,S2_fb2p0
2024-08-06,0.8820056685137417,comm,S2_fb2p0
2024-08-07,0.8594660041682848,comm,S2_fb2p0
2024-08-08,0.8799102007999925,comm,S2_fb2p0
2024-08-09,0.9062969262993407,comm,S2_fb2p0
2024-08-12,0.9101024555409541,comm,S2_fb2p0
2024-08-13,0.876184438370862,comm,S2_fb2p0
2024-08-14,0.8234909346341941,comm,S2_fb2p0
2024-08-15,0.8153375584047475,comm,S2_fb2p0
2024-08-16,0.8249841428136064,comm,S2_fb2p0
2024-08-19,0.8841531635280492,comm,S2_fb2p0
2024-08-20,0.9033745505056617,comm,S2_fb2p0
2024-08-21,0.9265650117012513,comm,S2_fb2p0
2024-08-22,0.9123609658527884,comm,S2_fb2p0
2024-08-23,0.883735973049404,comm,S2_fb2p0
2024-08-26,0.9151610202870878,comm,S2_fb2p0
2024-08-27,0.9468895128464512,comm,S2_fb2p0
2024-08-28,0.9392151828921051,comm,S2_fb2p0
2024-08-29,0.93998817359987,comm,S2_fb2p0
2024-08-30,0.9400808899210925,comm,S2_fb2p0
2024-09-02,1.2625269993077666,comm,S2_fb2p0
2024-09-03,1.2290119367368295,comm,S2_fb2p0
2024-09-04,1.217184453973497,comm,S2_fb2p0
2024-09-05,1.2112289895590418,comm,S2_fb2p0
2024-09-06,1.1846576114525456,comm,S2_fb2p0
2024-09-09,1.2787975258078508,comm,S2_fb2p0
2024-09-10,1.2796320259541198,comm,S2_fb2p0
2024-09-11,1.2755535656364532,comm,S2_fb2p0
2024-09-12,1.2908436618155372,comm,S2_fb2p0
2024-09-13,1.2824257845125502,comm,S2_fb2p0
2024-09-18,1.2696400252763884,comm,S2_fb2p0
2024-09-19,1.2774983036944616,comm,S2_fb2p0
2024-09-20,1.2918310292685928,comm,S2_fb2p0
2024-09-23,1.2872462007778236,comm,S2_fb2p0
2024-09-24,1.3097443929862784,comm,S2_fb2p0
2024-09-25,1.3053253241857976,comm,S2_fb2p0
2024-09-26,1.3024877001192219,comm,S2_fb2p0
2024-09-27,1.3720777734205523,comm,S2_fb2p0
2024-09-30,1.3400789693422035,comm,S2_fb2p0
2024-10-08,0.7718937775434719,comm,S2_fb2p0
2024-10-09,0.7399756755469528,comm,S2_fb2p0
2024-10-10,0.7287222064505631,comm,S2_fb2p0
2024-10-11,0.7097734333679163,comm,S2_fb2p0
2024-10-14,0.8559864433601533,comm,S2_fb2p0
2024-10-15,0.8653079848413545,comm,S2_fb2p0
2024-10-16,0.8629875245543526,comm,S2_fb2p0
2024-10-17,0.858220571539502,comm,S2_fb2p0
2024-10-18,0.8538436000870511,comm,S2_fb2p0
2024-10-21,0.9035091574899157,comm,S2_fb2p0
2024-10-22,0.902780073073921,comm,S2_fb2p0
2024-10-23,0.9001411014704946,comm,S2_fb2p0
2024-10-24,0.9049581436198976,comm,S2_fb2p0
2024-10-25,0.9092349030113183,comm,S2_fb2p0
2024-10-28,0.989919034849323,comm,S2_fb2p0
2024-10-29,1.0008755761346553,comm,S2_fb2p0
2024-10-30,1.0030330375714411,comm,S2_fb2p0
2024-10-31,1.0045998762385813,comm,S2_fb2p0
2024-11-01,0.9932685960567309,comm,S2_fb2p0
2024-11-04,0.8685003081021806,comm,S2_fb2p0
2024-11-05,0.8608566887519143,comm,S2_fb2p0
2024-11-06,0.8559201826551696,comm,S2_fb2p0
2024-11-07,0.8492499791800662,comm,S2_fb2p0
2024-11-08,0.8293374999756868,comm,S2_fb2p0
2024-11-11,0.83733756402581,comm,S2_fb2p0
2024-11-12,0.8416781869962503,comm,S2_fb2p0
2024-11-13,0.862419598355421,comm,S2_fb2p0
2024-11-14,0.8684061853781725,comm,S2_fb2p0
2024-11-15,0.8599383200273606,comm,S2_fb2p0
2024-11-18,1.0549202669691682,comm,S2_fb2p0
2024-11-19,1.0149533918798095,comm,S2_fb2p0
2024-11-20,1.0142357073024886,comm,S2_fb2p0
2024-11-21,1.0204662151727837,comm,S2_fb2p0
2024-11-22,1.0297345053380442,comm,S2_fb2p0
2024-11-25,1.162715102784685,comm,S2_fb2p0
2024-11-26,1.157182846849496,comm,S2_fb2p0
2024-11-27,1.1588801673093971,comm,S2_fb2p0
2024-11-28,1.16004026771772,comm,S2_fb2p0
2024-11-29,1.1647520438522454,comm,S2_fb2p0
2024-12-02,0.797319344413801,comm,S2_fb2p0
2024-12-03,0.7992449088065585,comm,S2_fb2p0
2024-12-04,0.7717839043455077,comm,S2_fb2p0
2024-12-05,0.7517176285286516,comm,S2_fb2p0
2024-12-06,0.7506074733855648,comm,S2_fb2p0
2024-12-09,0.8291007331312554,comm,S2_fb2p0
2024-12-10,0.8371819608032972,comm,S2_fb2p0
2024-12-11,0.8404264578433397,comm,S2_fb2p0
2024-12-12,0.8611660863645902,comm,S2_fb2p0
2024-12-13,0.8304626596864585,comm,S2_fb2p0
2024-12-16,0.8021802641965349,comm,S2_fb2p0
2024-12-17,0.8176210606663337,comm,S2_fb2p0
2024-12-18,0.8469501317012967,comm,S2_fb2p0
2024-12-19,0.8417553586209069,comm,S2_fb2p0
2024-12-20,0.8206164547786533,comm,S2_fb2p0
2024-12-23,0.6543493481099996,comm,S2_fb2p0
2024-12-24,0.6591574700117977,comm,S2_fb2p0
2024-12-25,0.6655217078778481,comm,S2_fb2p0
2024-12-26,0.6686825471809056,comm,S2_fb2p0
2024-12-27,0.6550820327248976,comm,S2_fb2p0
2024-12-30,0.9525729039398129,comm,S2_fb2p0
2024-12-31,0.9407926222208959,comm,S2_fb2p0
2025-01-02,0.9331687564457014,comm,S2_fb2p0
2025-01-03,0.9150593481073621,comm,S2_fb2p0
2025-01-06,0.9825383442014621,comm,S2_fb2p0
2025-01-07,0.9803196711848844,comm,S2_fb2p0
2025-01-08,0.9592289857850006,comm,S2_fb2p0
2025-01-09,0.9632428931817136,comm,S2_fb2p0
2025-01-10,0.9778622197938627,comm,S2_fb2p0
2025-01-13,0.6888687762715042,comm,S2_fb2p0
2025-01-14,0.6981734415425622,comm,S2_fb2p0
2025-01-15,0.6995451574395912,comm,S2_fb2p0
2025-01-16,0.7087703909083047,comm,S2_fb2p0
2025-01-17,0.7348812222711425,comm,S2_fb2p0
2025-01-20,0.9313373342463827,comm,S2_fb2p0
2025-01-21,0.9328358608198786,comm,S2_fb2p0
2025-01-22,0.9156748476651148,comm,S2_fb2p0
2025-01-23,0.9243842477248114,comm,S2_fb2p0
2025-01-24,0.9289951871643595,comm,S2_fb2p0
2025-01-27,1.2412404530360275,comm,S2_fb2p0
2025-02-05,1.2000989856828392,comm,S2_fb2p0
2025-02-06,1.1902879457729354,comm,S2_fb2p0
2025-02-07,1.191784441850535,comm,S2_fb2p0
2025-02-10,1.2859097454542041,comm,S2_fb2p0
2025-02-11,1.2896392102780863,comm,S2_fb2p0
2025-02-12,1.293073739141279,comm,S2_fb2p0
2025-02-13,1.294942105412144,comm,S2_fb2p0
2025-02-14,1.3043057011916253,comm,S2_fb2p0
2025-02-17,1.3028190865196263,comm,S2_fb2p0
2025-02-18,1.327921847371786,comm,S2_fb2p0
2025-02-19,1.291259258279764,comm,S2_fb2p0
2025-02-20,1.291775480067762,comm,S2_fb2p0
2025-02-21,1.2938394829311899,comm,S2_fb2p0
2025-02-24,1.315824320232425,comm,S2_fb2p0
2025-02-25,1.309690926656052,comm,S2_fb2p0
2025-02-26,1.2970491216306286,comm,S2_fb2p0
2025-02-27,1.2985598682161865,comm,S2_fb2p0
2025-02-28,1.2865570702105684,comm,S2_fb2p0
2025-03-03,1.3077238469611492,comm,S2_fb2p0
2025-03-04,1.3070512677071515,comm,S2_fb2p0
2025-03-05,1.3004475625227685,comm,S2_fb2p0
2025-03-06,1.2683351412869717,comm,S2_fb2p0
2025-03-07,1.2633039036885927,comm,S2_fb2p0
2025-03-10,1.2906704480638473,comm,S2_fb2p0
2025-03-11,1.295059538103883,comm,S2_fb2p0
2025-03-12,1.2884234057805408,comm,S2_fb2p0
2025-03-13,1.2943944738787414,comm,S2_fb2p0
2025-03-14,1.3135682198586838,comm,S2_fb2p0
2025-03-17,1.2945446238119727,comm,S2_fb2p0
2025-03-18,1.2812908478786693,comm,S2_fb2p0
2025-03-19,1.277378492787102,comm,S2_fb2p0
2025-03-20,1.2633597757064479,comm,S2_fb2p0
2025-03-21,1.2652696853943117,comm,S2_fb2p0
2025-03-24,1.299512584293813,comm,S2_fb2p0
2025-03-25,1.3091155978206899,comm,S2_fb2p0
2025-03-26,1.2983802153838795,comm,S2_fb2p0
2025-03-27,1.285343190265872,comm,S2_fb2p0
2025-03-28,1.3016899912669018,comm,S2_fb2p0
2025-03-31,1.2738932459250116,comm,S2_fb2p0
2025-04-01,1.2609771118750512,comm,S2_fb2p0
2025-04-02,1.2754359443064185,comm,S2_fb2p0
2025-04-03,1.2574095813262858,comm,S2_fb2p0
2025-04-07,1.177870296249161,comm,S2_fb2p0
2025-04-08,1.1764203009279333,comm,S2_fb2p0
2025-04-09,1.2454716886628674,comm,S2_fb2p0
2025-04-10,1.2648086695834604,comm,S2_fb2p0
2025-04-11,1.2979327381722943,comm,S2_fb2p0
2025-04-14,0.9722485008384694,comm,S2_fb2p0
2025-04-15,0.9931072835869543,comm,S2_fb2p0
2025-04-16,0.9810002768669769,comm,S2_fb2p0
2025-04-17,0.9763550004383046,comm,S2_fb2p0
2025-04-18,0.9640711093883735,comm,S2_fb2p0
2025-04-21,0.853535794408657,comm,S2_fb2p0
2025-04-22,0.8443451003290512,comm,S2_fb2p0
2025-04-23,0.8616606703191513,comm,S2_fb2p0
2025-04-24,0.8719547520017539,comm,S2_fb2p0
2025-04-25,0.8669366011937097,comm,S2_fb2p0
2025-04-28,0.8169630281602781,comm,S2_fb2p0
2025-04-29,0.7995064571736978,comm,S2_fb2p0
2025-04-30,0.7925260195283091,comm,S2_fb2p0
2025-05-06,0.7841287155113875,comm,S2_fb2p0
2025-05-07,0.7880970979551707,comm,S2_fb2p0
2025-05-08,0.7615856849242412,comm,S2_fb2p0
2025-05-09,0.7580270697667859,comm,S2_fb2p0
2025-05-12,0.8552749534980496,comm,S2_fb2p0
2025-05-13,0.8879219100217728,comm,S2_fb2p0
2025-05-14,0.9099730742901222,comm,S2_fb2p0
2025-05-15,0.9210335809169277,comm,S2_fb2p0
2025-05-16,0.8659531177895613,comm,S2_fb2p0
2025-05-19,0.6638891186215495,comm,S2_fb2p0
2025-05-20,0.6627084013642071,comm,S2_fb2p0
2025-05-21,0.669402588089111,comm,S2_fb2p0
2025-05-22,0.6676395296697165,comm,S2_fb2p0
2025-05-23,0.6628114134199191,comm,S2_fb2p0
2025-05-26,0.8303499490662758,comm,S2_fb2p0
2025-05-27,0.8222833017908153,comm,S2_fb2p0
2025-05-28,0.8114836263302287,comm,S2_fb2p0
2025-05-29,0.8013992350115823,comm,S2_fb2p0
2025-05-30,0.8010832970894798,comm,S2_fb2p0
2025-06-03,0.6849261860442809,comm,S2_fb2p0
2025-06-04,0.697202714734451,comm,S2_fb2p0
2025-06-05,0.6978019897270697,comm,S2_fb2p0
2025-06-06,0.7163711403807709,comm,S2_fb2p0
2025-06-09,0.7070955681341572,comm,S2_fb2p0
2025-06-10,0.7019941046121586,comm,S2_fb2p0
2025-06-11,0.707500471197764,comm,S2_fb2p0
2025-06-12,0.6979315420739653,comm,S2_fb2p0
2025-06-13,0.6880759808372163,comm,S2_fb2p0
2025-06-16,0.8613689647374626,comm,S2_fb2p0
2025-06-17,0.8719021017911202,comm,S2_fb2p0
2025-06-18,0.8766199633362797,comm,S2_fb2p0
2025-06-19,0.8807340685867001,comm,S2_fb2p0
2025-06-20,0.903785168374382,comm,S2_fb2p0
2025-06-23,0.932500626920491,comm,S2_fb2p0
2025-06-24,0.9350633113015084,comm,S2_fb2p0
2025-06-25,0.9402330944983202,comm,S2_fb2p0
2025-06-26,0.9469641319378629,comm,S2_fb2p0
2025-06-27,0.9538926923317304,comm,S2_fb2p0
2025-06-30,1.3210085099264477,comm,S2_fb2p0
2025-07-01,1.2700714755754525,comm,S2_fb2p0
2025-07-02,1.2882574266089837,comm,S2_fb2p0
2025-07-03,1.3115736510642557,comm,S2_fb2p0
2025-07-04,1.3077295607368982,comm,S2_fb2p0
2025-07-07,1.2441735307083617,comm,S2_fb2p0
2025-07-08,1.2364683359379838,comm,S2_fb2p0
2025-07-09,1.2386335293692199,comm,S2_fb2p0
2025-07-10,1.2410361056622963,comm,S2_fb2p0
2025-07-11,1.2482338228600027,comm,S2_fb2p0
2025-07-14,1.2522586630849313,comm,S2_fb2p0
2025-07-15,1.250193945400092,comm,S2_fb2p0
2025-07-16,1.2376242572935796,comm,S2_fb2p0
2025-07-17,1.234756639681474,comm,S2_fb2p0
2025-07-18,1.2245134794566739,comm,S2_fb2p0
2025-07-21,1.3146877395702232,comm,S2_fb2p0
2025-07-22,1.3146602579785391,comm,S2_fb2p0
2025-07-23,1.292294663967253,comm,S2_fb2p0
2025-07-24,1.3226872124337377,comm,S2_fb2p0
2025-07-25,1.3197568168019578,comm,S2_fb2p0
2025-07-28,1.3105457728536056,comm,S2_fb2p0
2025-07-29,1.2911189521091473,comm,S2_fb2p0
2025-07-30,1.305487793137111,comm,S2_fb2p0
2025-07-31,1.2985614120513889,comm,S2_fb2p0
2025-08-01,1.301547836472653,comm,S2_fb2p0
2025-08-04,1.2988017879177536,comm,S2_fb2p0
2025-08-05,1.270334324281231,comm,S2_fb2p0
2025-08-06,1.2571497194107781,comm,S2_fb2p0
2025-08-07,1.2503415777838325,comm,S2_fb2p0
2025-08-08,1.2466334940210102,comm,S2_fb2p0
2025-08-11,0.697230849887683,comm,S2_fb2p0
2025-08-12,0.698260794539597,comm,S2_fb2p0
2025-08-13,0.7004988929255809,comm,S2_fb2p0
2025-08-14,0.7178477809310865,comm,S2_fb2p0
2025-08-15,0.74763649376141,comm,S2_fb2p0
2025-08-18,1.2940717379295554,comm,S2_fb2p0
2025-08-19,1.2896285257740219,comm,S2_fb2p0
2025-08-20,1.3131797004595,comm,S2_fb2p0
2025-08-21,1.2837730878700888,comm,S2_fb2p0
2025-08-22,1.2742495200194757,comm,S2_fb2p0
2025-08-25,1.2899981480561842,comm,S2_fb2p0
2025-08-26,1.2832201180842526,comm,S2_fb2p0
2025-08-27,1.2647968234847469,comm,S2_fb2p0
2025-08-28,1.2621665231563262,comm,S2_fb2p0
2025-08-29,1.2621782315680377,comm,S2_fb2p0
2025-09-01,0.8366382799372035,comm,S2_fb2p0
2025-09-02,0.8697558895842774,comm,S2_fb2p0
2025-09-03,0.8794013302193945,comm,S2_fb2p0
2025-09-04,0.8823094506054823,comm,S2_fb2p0
2025-09-05,0.8936262635108828,comm,S2_fb2p0
2025-09-08,1.3160301916784372,comm,S2_fb2p0
2025-09-09,1.3061073172120075,comm,S2_fb2p0
2025-09-10,1.2851996489134845,comm,S2_fb2p0
2025-09-11,1.2865977669969852,comm,S2_fb2p0
2025-09-12,1.2873479157664107,comm,S2_fb2p0
2025-09-15,1.3228270226879981,comm,S2_fb2p0
2025-09-16,1.3174752151611187,comm,S2_fb2p0
2025-09-17,1.2842681186481324,comm,S2_fb2p0
2025-09-18,1.2929720175855586,comm,S2_fb2p0
2025-09-19,1.308625254858276,comm,S2_fb2p0
2025-09-22,1.3152778093524804,comm,S2_fb2p0
2025-09-23,1.29149424499008,comm,S2_fb2p0
2025-09-24,1.286115632150395,comm,S2_fb2p0
2025-09-25,1.2859728365477605,comm,S2_fb2p0
2025-09-26,1.2678391951626062,comm,S2_fb2p0
2025-09-29,1.2719623903510304,comm,S2_fb2p0
2025-09-30,1.2520482391516152,comm,S2_fb2p0
2025-10-09,1.223942582255691,comm,S2_fb2p0
2025-10-10,1.217053708295074,comm,S2_fb2p0
2025-10-13,0.9943906891717147,comm,S2_fb2p0
2025-10-14,0.9955339521362112,comm,S2_fb2p0
2025-10-15,0.9948021981806284,comm,S2_fb2p0
2025-10-16,0.9822869185110248,comm,S2_fb2p0
2025-10-17,0.9798623251154913,comm,S2_fb2p0
2025-10-20,1.3192930632478632,comm,S2_fb2p0
2025-10-21,1.301812408936675,comm,S2_fb2p0
2025-10-22,1.3067811572744137,comm,S2_fb2p0
2025-10-23,1.3032521183872559,comm,S2_fb2p0
2025-10-24,1.2853072007013089,comm,S2_fb2p0
2025-10-27,0.7600788057535265,comm,S2_fb2p0
2025-10-28,0.7525888523333135,comm,S2_fb2p0
2025-10-29,0.746882523979193,comm,S2_fb2p0
2025-10-30,0.7392410853645879,comm,S2_fb2p0
2025-10-31,0.7281702914205888,comm,S2_fb2p0
2025-11-03,1.2863205410544902,comm,S2_fb2p0
2025-11-04,1.2751331899946932,comm,S2_fb2p0
2025-11-05,1.2661537684891186,comm,S2_fb2p0
2025-11-06,1.2593973676648513,comm,S2_fb2p0
2025-11-07,1.2584554062920248,comm,S2_fb2p0
2025-11-10,1.241725975341842,comm,S2_fb2p0
2025-11-11,1.232730453765279,comm,S2_fb2p0
2025-11-12,1.2207876721463096,comm,S2_fb2p0
2025-11-13,1.208650653133442,comm,S2_fb2p0
2025-11-14,1.205078595327296,comm,S2_fb2p0
2025-11-17,1.2562130032309393,comm,S2_fb2p0
2025-11-18,1.2726056163098765,comm,S2_fb2p0
2025-11-19,1.275552512248708,comm,S2_fb2p0
2025-11-20,1.2451773255333327,comm,S2_fb2p0
2025-11-21,1.2499243725962794,comm,S2_fb2p0
2025-11-24,1.1441857150298587,comm,S2_fb2p0
2025-11-25,1.1521287539843228,comm,S2_fb2p0
2025-11-26,1.1735649583327916,comm,S2_fb2p0
2025-11-27,1.189153446698794,comm,S2_fb2p0
2025-11-28,1.199998166610615,comm,S2_fb2p0
2025-12-01,1.2730526604250445,comm,S2_fb2p0
2025-12-02,1.2720030794284687,comm,S2_fb2p0
2025-12-03,1.2516689871455207,comm,S2_fb2p0
2025-12-04,1.2603355258775197,comm,S2_fb2p0
2025-12-05,1.2312176803064605,comm,S2_fb2p0
2025-12-08,1.3249198598895175,comm,S2_fb2p0
2025-12-09,1.3152903194446481,comm,S2_fb2p0
2025-12-10,1.2970425340332878,comm,S2_fb2p0
2025-12-11,1.2841425292803326,comm,S2_fb2p0
2025-12-12,1.2781850534329897,comm,S2_fb2p0
2025-12-15,1.256294939009204,comm,S2_fb2p0
2025-12-16,1.2779891154679852,comm,S2_fb2p0
2025-12-17,1.273718094074435,comm,S2_fb2p0
2025-12-18,1.2871639163757433,comm,S2_fb2p0
2025-12-19,1.2633690197896792,comm,S2_fb2p0
2025-12-22,1.2639982362085176,comm,S2_fb2p0
2025-12-23,1.2820138431193289,comm,S2_fb2p0
2025-12-24,1.2943602701174912,comm,S2_fb2p0
2025-12-25,1.310056472898768,comm,S2_fb2p0
2025-12-26,1.270356479100462,comm,S2_fb2p0
2025-12-29,1.1849923171805847,comm,S2_fb2p0
2025-12-30,1.1991732089889748,comm,S2_fb2p0
2025-12-31,1.178134612843777,comm,S2_fb2p0
2026-01-05,0.918876548759137,comm,S2_fb2p0
2026-01-06,0.9009409470657617,comm,S2_fb2p0
2026-01-07,0.9126390685942731,comm,S2_fb2p0
2026-01-08,0.943692975639215,comm,S2_fb2p0
2026-01-09,0.9431526649158609,comm,S2_fb2p0
2026-01-12,1.0576620908985794,comm,S2_fb2p0
2026-01-13,1.0487111717723971,comm,S2_fb2p0
2026-01-14,1.0460271659254106,comm,S2_fb2p0
2026-01-15,1.0674185159446827,comm,S2_fb2p0
2026-01-16,1.0803031566195154,comm,S2_fb2p0
2026-01-19,0.7892052896243815,comm,S2_fb2p0
2026-01-20,0.7920715516284946,comm,S2_fb2p0
2026-01-21,0.7940610762527229,comm,S2_fb2p0
2026-01-22,0.7925033956341463,comm,S2_fb2p0
2026-01-23,0.7887234387840679,comm,S2_fb2p0
2026-01-26,0.9413016351182651,comm,S2_fb2p0
2026-01-27,0.9442349092979289,comm,S2_fb2p0
2026-01-28,0.9264831414495583,comm,S2_fb2p0
2026-01-29,0.9201975035346065,comm,S2_fb2p0
2026-01-30,0.9172875467195515,comm,S2_fb2p0
2026-02-02,0.9449728427616725,comm,S2_fb2p0
2026-02-03,0.9515050596616439,comm,S2_fb2p0
2026-02-04,0.9462490239388184,comm,S2_fb2p0
2026-02-05,0.9542470889311072,comm,S2_fb2p0
2026-02-06,0.9605453455121236,comm,S2_fb2p0
2026-02-09,0.7770764199460423,comm,S2_fb2p0
2026-02-10,0.7841707031925886,comm,S2_fb2p0
2026-02-11,0.789882073567711,comm,S2_fb2p0
2026-02-12,0.7948239460020725,comm,S2_fb2p0
2026-02-13,0.8255861715201885,comm,S2_fb2p0
2026-02-24,1.1671405271138604,comm,S2_fb2p0
2026-02-25,1.202426868571449,comm,S2_fb2p0
2026-02-26,1.203222162790109,comm,S2_fb2p0
2026-02-27,1.1956127243919739,comm,S2_fb2p0
2026-03-02,1.246351476698285,comm,S2_fb2p0
2026-03-03,1.2149832347022982,comm,S2_fb2p0
2026-03-04,1.2080041754061095,comm,S2_fb2p0
2026-03-05,1.204689090585962,comm,S2_fb2p0
2026-03-06,1.2132067450253734,comm,S2_fb2p0
2026-03-09,0.929074247630402,comm,S2_fb2p0
2026-03-10,0.910872055391782,comm,S2_fb2p0
2026-03-11,0.9170308074964757,comm,S2_fb2p0
2026-03-12,0.9291491220662439,comm,S2_fb2p0
2026-03-13,0.9226523242200542,comm,S2_fb2p0
2026-03-16,1.1518536370888375,comm,S2_fb2p0
2026-03-17,1.1245744802558368,comm,S2_fb2p0
2026-03-18,1.109533693899529,comm,S2_fb2p0
2026-03-19,1.0781535725127755,comm,S2_fb2p0
2026-03-20,1.0905419842743753,comm,S2_fb2p0
2026-03-23,0.69562836802043,comm,S2_fb2p0
2026-03-24,0.6997639461310262,comm,S2_fb2p0
2026-03-25,0.6980536984950133,comm,S2_fb2p0
2026-03-26,0.6934286604650035,comm,S2_fb2p0
2026-03-27,0.6916367085642366,comm,S2_fb2p0
2026-03-30,0.8770174138220964,comm,S2_fb2p0
2026-03-31,0.8672994413432108,comm,S2_fb2p0
2026-04-01,0.8563213431066279,comm,S2_fb2p0
2026-04-02,0.85372344627317,comm,S2_fb2p0
2026-04-03,0.8440624301170722,comm,S2_fb2p0
2026-04-20,1.1231676525611947,comm,S2_fb2p0
2026-04-21,1.1320390612059095,comm,S2_fb2p0
2026-04-22,1.139669033731949,comm,S2_fb2p0
2026-04-23,1.1584575576119789,comm,S2_fb2p0
2026-04-24,1.1511847750651714,comm,S2_fb2p0
2026-04-27,1.2837525333325357,comm,S2_fb2p0
2026-04-28,1.2595184836013171,comm,S2_fb2p0
2026-04-29,1.2587305148930596,comm,S2_fb2p0
2026-04-30,1.2814457275835418,comm,S2_fb2p0
2026-05-06,1.3081798064761263,comm,S2_fb2p0
2026-05-07,1.3098363282647723,comm,S2_fb2p0
2026-05-08,1.3008456276966776,comm,S2_fb2p0
2026-05-11,0.7852858746262661,comm,S2_fb2p0
2026-05-12,0.7784469636383439,comm,S2_fb2p0
2026-05-13,0.7700727500138538,comm,S2_fb2p0
2026-05-14,0.7634299534704123,comm,S2_fb2p0
2026-05-15,0.7723129571619822,comm,S2_fb2p0
2026-05-18,1.28408424778109,comm,S2_fb2p0
2026-05-19,1.289475860651869,comm,S2_fb2p0
2026-05-20,1.288376937137567,comm,S2_fb2p0
2026-05-21,1.3019545571408664,comm,S2_fb2p0
2026-05-22,1.3185947016889332,comm,S2_fb2p0
2026-05-25,0.7137084108722277,comm,S2_fb2p0
2026-05-26,0.7036935608609682,comm,S2_fb2p0
2026-05-27,0.6915900822681369,comm,S2_fb2p0
2026-05-28,0.6858716403880587,comm,S2_fb2p0
2026-05-29,0.6803574325945824,comm,S2_fb2p0
2026-06-01,1.1171882158965145,comm,S2_fb2p0
2026-06-02,1.1004241229579164,comm,S2_fb2p0
2026-06-03,1.0996794447698068,comm,S2_fb2p0
2026-06-04,1.0796288984085556,comm,S2_fb2p0
2026-06-05,1.083843663526652,comm,S2_fb2p0
2026-06-08,0.9025065043714442,comm,S2_fb2p0
2026-06-09,0.9116200154560421,comm,S2_fb2p0
2026-06-10,0.9303063963447341,comm,S2_fb2p0
2026-06-11,0.9358335579470333,comm,S2_fb2p0
2026-06-12,0.9390027028815543,comm,S2_fb2p0
2026-06-15,0.7834338412120018,comm,S2_fb2p0
2026-06-16,0.7744390777766924,comm,S2_fb2p0
2026-06-17,0.7747504395021244,comm,S2_fb2p0
2026-06-18,0.7620553870083612,comm,S2_fb2p0
2026-06-22,0.9187160186173611,comm,S2_fb2p0
2026-06-23,0.9068263244449878,comm,S2_fb2p0
2026-06-24,0.894120267422972,comm,S2_fb2p0
2026-06-25,0.8790359872511375,comm,S2_fb2p0
2026-06-26,0.8800746795876284,comm,S2_fb2p0
2026-06-29,1.1046811157483534,comm,S2_fb2p0
2026-06-30,1.111849253012382,comm,S2_fb2p0
2026-07-01,1.1142248558913348,comm,S2_fb2p0
2026-07-02,1.106590662930458,comm,S2_fb2p0
2026-07-03,1.1029038121544368,comm,S2_fb2p0
2026-07-06,1.2422392780955442,comm,S2_fb2p0
2026-07-07,1.226309315450368,comm,S2_fb2p0
2026-07-08,1.2267932448500096,comm,S2_fb2p0
2026-07-09,1.2288301284002696,comm,S2_fb2p0
2026-07-10,1.262279903043387,comm,S2_fb2p0
2026-07-13,1.0331075908593415,comm,S2_fb2p0
2026-07-14,1.0613544115714628,comm,S2_fb2p0
2026-07-15,1.1017229072415706,comm,S2_fb2p0
2026-07-16,1.0985150638877665,comm,S2_fb2p0
2026-07-17,1.107776397823907,comm,S2_fb2p0
2026-07-20,1.1330123315841347,comm,S2_fb2p0
2026-07-21,1.1040421048707638,comm,S2_fb2p0
2026-07-22,1.102351444339534,comm,S2_fb2p0
2026-07-23,1.1197231225935365,comm,S2_fb2p0
2026-07-24,1.1181162364947355,comm,S2_fb2p0
2026-07-27,1.134764178744722,comm,S2_fb2p0
2026-07-28,1.1214913207044999,comm,S2_fb2p0
2026-07-29,1.1179667473318733,comm,S2_fb2p0
2026-07-30,1.0763330155201538,comm,S2_fb2p0
2026-07-31,1.0602519430033097,comm,S2_fb2p0
2026-08-03,1.140283073087501,comm,S2_fb2p0
2026-08-04,1.1345323663630191,comm,S2_fb2p0
2026-08-05,1.1418503961420547,comm,S2_fb2p0
2026-08-06,1.1607970233686578,comm,S2_fb2p0
2026-08-07,1.1749723183250285,comm,S2_fb2p0
2026-08-10,1.2404451320083387,comm,S2_fb2p0
2026-08-11,1.2385911030380783,comm,S2_fb2p0
2026-08-12,1.243293013729079,comm,S2_fb2p0
2026-08-13,1.2415138622670627,comm,S2_fb2p0
2026-08-14,1.2940298726343908,comm,S2_fb2p0
2026-08-17,1.2946294481723366,comm,S2_fb2p0
2026-08-18,1.290718957324386,comm,S2_fb2p0
2026-08-19,1.3149514181373492,comm,S2_fb2p0
2026-08-20,1.307691255840611,comm,S2_fb2p0
2026-08-21,1.3019511065993263,comm,S2_fb2p0
2026-08-24,1.3179138230581096,comm,S2_fb2p0
2026-08-25,1.3003097321280774,comm,S2_fb2p0
2026-08-26,1.2969542718250913,comm,S2_fb2p0
2026-08-27,1.3122395500569712,comm,S2_fb2p0
2026-08-28,1.3126711512729683,comm,S2_fb2p0
2026-08-31,1.330339684612691,comm,S2_fb2p0
2015-01-19,1.0875642106995842,total,S2_fb2p0
2015-01-20,1.0781755691678283,total,S2_fb2p0
2015-01-21,1.0782074666422523,total,S2_fb2p0
2015-01-22,1.0775908690671443,total,S2_fb2p0
2015-01-23,1.0797540197521855,total,S2_fb2p0
2015-01-26,1.2354484667429344,total,S2_fb2p0
2015-01-27,1.2446891833283016,total,S2_fb2p0
2015-01-28,1.312795136487309,total,S2_fb2p0
2015-01-29,1.3068671973247112,total,S2_fb2p0
2015-01-30,1.2804236861124412,total,S2_fb2p0
2015-02-02,1.256336915315669,total,S2_fb2p0
2015-02-03,1.2935909654505149,total,S2_fb2p0
2015-02-04,1.3247141277053238,total,S2_fb2p0
2015-02-05,1.2979342406033205,total,S2_fb2p0
2015-02-06,1.3316201067382674,total,S2_fb2p0
2015-02-09,1.2442446693487306,total,S2_fb2p0
2015-02-10,1.2364841513744935,total,S2_fb2p0
2015-02-11,1.2265796514864689,total,S2_fb2p0
2015-02-12,1.2150054969606583,total,S2_fb2p0
2015-02-13,1.2523417366205736,total,S2_fb2p0
2015-02-16,1.1333325662425695,total,S2_fb2p0
2015-02-17,1.123790140830201,total,S2_fb2p0
2015-02-25,0.9616634143383612,total,S2_fb2p0
2015-02-26,0.9719092675697341,total,S2_fb2p0
2015-02-27,0.9663979497886425,total,S2_fb2p0
2015-03-09,0.975653330655743,total,S2_fb2p0
2015-03-10,1.0163993976893388,total,S2_fb2p0
2015-03-11,1.0085520170506719,total,S2_fb2p0
2015-03-12,1.0247790878420184,total,S2_fb2p0
2015-03-13,1.0305856743477926,total,S2_fb2p0
2015-03-16,1.3138834980592697,total,S2_fb2p0
2015-03-17,1.3133880280395578,total,S2_fb2p0
2015-03-18,1.2888363227951694,total,S2_fb2p0
2015-03-19,1.303324942784275,total,S2_fb2p0
2015-03-20,1.3088037021151757,total,S2_fb2p0
2015-03-23,1.2370114942316979,total,S2_fb2p0
2015-03-24,1.3249477806961893,total,S2_fb2p0
2015-03-25,1.2705341381822424,total,S2_fb2p0
2015-03-26,1.2621018178678194,total,S2_fb2p0
2015-03-27,1.2324062661263018,total,S2_fb2p0
2015-03-30,1.0082196746557206,total,S2_fb2p0
2015-03-31,0.9909788555661027,total,S2_fb2p0
2015-04-01,0.9698334583990671,total,S2_fb2p0
2015-04-02,0.9547211851645547,total,S2_fb2p0
2015-04-03,0.9504252484515586,total,S2_fb2p0
2015-04-07,0.9371457666291755,total,S2_fb2p0
2015-04-08,0.9210584376762796,total,S2_fb2p0
2015-04-09,0.9025681964586334,total,S2_fb2p0
2015-04-10,0.8914139639742292,total,S2_fb2p0
2015-04-13,1.2460518715150009,total,S2_fb2p0
2015-04-14,1.2825018707830929,total,S2_fb2p0
2015-04-15,1.292888160462425,total,S2_fb2p0
2015-04-16,1.3009988855375694,total,S2_fb2p0
2015-04-17,1.27722212985535,total,S2_fb2p0
2015-04-20,1.0774077082166358,total,S2_fb2p0
2015-04-21,1.0979902022997559,total,S2_fb2p0
2015-04-22,1.1343937944243339,total,S2_fb2p0
2015-04-23,1.159118284403138,total,S2_fb2p0
2015-04-24,1.195937980323077,total,S2_fb2p0
2015-04-27,1.3435934346786196,total,S2_fb2p0
2015-04-28,1.3266964956375622,total,S2_fb2p0
2015-04-29,1.269175239093926,total,S2_fb2p0
2015-04-30,1.2633695229104671,total,S2_fb2p0
2015-05-04,1.3438332661864278,total,S2_fb2p0
2015-05-05,1.317082160328145,total,S2_fb2p0
2015-05-06,1.3296768861306543,total,S2_fb2p0
2015-05-07,1.2717266762518318,total,S2_fb2p0
2015-05-08,1.2663524737348297,total,S2_fb2p0
2015-05-11,1.172896290087601,total,S2_fb2p0
2015-05-12,1.147330927166287,total,S2_fb2p0
2015-05-13,1.138211498076817,total,S2_fb2p0
2015-05-14,1.1166968610885852,total,S2_fb2p0
2015-05-15,1.1161990647575402,total,S2_fb2p0
2015-05-25,0.838675926406054,total,S2_fb2p0
2015-05-26,0.8566694992420162,total,S2_fb2p0
2015-05-27,0.8559867463480849,total,S2_fb2p0
2015-05-28,0.8661233513537643,total,S2_fb2p0
2015-05-29,0.8602289705681153,total,S2_fb2p0
2015-06-01,0.879595631729615,total,S2_fb2p0
2015-06-02,0.8758524046987907,total,S2_fb2p0
2015-06-03,0.8890354341829437,total,S2_fb2p0
2015-06-04,0.8894481945464378,total,S2_fb2p0
2015-06-05,0.9084124866325844,total,S2_fb2p0
2015-06-08,1.2884396679586563,total,S2_fb2p0
2015-06-09,1.2996522236518324,total,S2_fb2p0
2015-06-10,1.3034162590966136,total,S2_fb2p0
2015-06-11,1.2810907431654643,total,S2_fb2p0
2015-06-12,1.2259446812314068,total,S2_fb2p0
2015-06-15,1.2686298800069653,total,S2_fb2p0
2015-06-16,1.2518641190789592,total,S2_fb2p0
2015-06-17,1.2446647882363422,total,S2_fb2p0
2015-06-18,1.2399702911439603,total,S2_fb2p0
2015-06-19,1.2581505743239731,total,S2_fb2p0
2015-06-23,1.307927636017697,total,S2_fb2p0
2015-06-24,1.2953107697183188,total,S2_fb2p0
2015-06-25,1.2918406884179237,total,S2_fb2p0
2015-06-26,1.2966688730417344,total,S2_fb2p0
2015-06-29,1.2735370009203522,total,S2_fb2p0
2015-06-30,1.1947975140413074,total,S2_fb2p0
2015-07-01,1.1920987637835039,total,S2_fb2p0
2015-07-02,1.2166079591316834,total,S2_fb2p0
2015-07-03,1.2297418640404583,total,S2_fb2p0
2015-07-06,1.219733127639332,total,S2_fb2p0
2015-07-07,1.168509002776677,total,S2_fb2p0
2015-07-08,1.081146549396497,total,S2_fb2p0
2015-07-09,1.125874916722447,total,S2_fb2p0
2015-07-10,1.1920024436800887,total,S2_fb2p0
2015-08-03,0.7860423790979297,total,S2_fb2p0
2015-08-05,0.7836384074454633,total,S2_fb2p0
2015-08-10,0.9302797066861503,total,S2_fb2p0
2015-08-11,0.9640614458773786,total,S2_fb2p0
2015-08-12,0.9614743485967179,total,S2_fb2p0
2015-08-13,0.99323372769303,total,S2_fb2p0
2015-08-14,0.9816797979207659,total,S2_fb2p0
2015-08-17,1.0127795647493516,total,S2_fb2p0
2015-08-18,1.0014377959421765,total,S2_fb2p0
2015-08-19,0.9830053704168537,total,S2_fb2p0
2015-08-20,0.9846068919224005,total,S2_fb2p0
2015-08-21,0.9886660269526272,total,S2_fb2p0
2015-08-24,1.0943482374051972,total,S2_fb2p0
2015-08-25,1.0663256616529453,total,S2_fb2p0
2015-08-26,1.0736439123288375,total,S2_fb2p0
2015-08-27,1.0661307732842948,total,S2_fb2p0
2015-08-28,1.0887923377465374,total,S2_fb2p0
2015-08-31,1.2267590780227002,total,S2_fb2p0
2015-09-01,1.2113733716570478,total,S2_fb2p0
2015-09-02,1.2084623139286164,total,S2_fb2p0
2015-09-07,1.0199779148380663,total,S2_fb2p0
2015-09-08,1.0280478700832574,total,S2_fb2p0
2015-09-09,1.0754956946462209,total,S2_fb2p0
2015-09-10,1.0629892869410116,total,S2_fb2p0
2015-09-11,1.077453203815174,total,S2_fb2p0
2015-09-14,1.1016440668696663,total,S2_fb2p0
2015-09-15,1.0734183146580838,total,S2_fb2p0
2015-09-16,1.066035238138237,total,S2_fb2p0
2015-09-17,1.0749783604295822,total,S2_fb2p0
2015-09-18,1.070262498743112,total,S2_fb2p0
2015-09-21,1.0124572000008436,total,S2_fb2p0
2015-09-22,1.0225417454568473,total,S2_fb2p0
2015-09-23,1.0036904654452172,total,S2_fb2p0
2015-09-24,0.9990795658927305,total,S2_fb2p0
2015-09-25,1.006792548463294,total,S2_fb2p0
2015-09-28,0.8182081262107235,total,S2_fb2p0
2015-09-29,0.7859751487703532,total,S2_fb2p0
2015-10-08,1.0912060303896254,total,S2_fb2p0
2015-10-09,1.0995745392310576,total,S2_fb2p0
2015-10-12,1.1845610286018236,total,S2_fb2p0
2015-10-13,1.1416137314172625,total,S2_fb2p0
2015-10-14,1.130317360784023,total,S2_fb2p0
2015-10-15,1.1208703885162918,total,S2_fb2p0
2015-10-16,1.0996117180655327,total,S2_fb2p0
2015-10-19,1.0209156447336107,total,S2_fb2p0
2015-10-20,0.9809759190529609,total,S2_fb2p0
2015-10-21,0.9559033025864636,total,S2_fb2p0
2015-10-22,0.945087843331363,total,S2_fb2p0
2015-10-23,0.9529100259645855,total,S2_fb2p0
2015-10-26,0.9998279407793352,total,S2_fb2p0
2015-10-27,1.0110769308965908,total,S2_fb2p0
2015-10-28,0.9921331143570381,total,S2_fb2p0
2015-10-29,0.9738784468964349,total,S2_fb2p0
2015-10-30,0.973322107067773,total,S2_fb2p0
2015-11-02,1.2415837563844585,total,S2_fb2p0
2015-11-03,1.2558186652361985,total,S2_fb2p0
2015-11-04,1.2725147749006176,total,S2_fb2p0
2015-11-05,1.3371458684894477,total,S2_fb2p0
2015-11-06,1.312189076898936,total,S2_fb2p0
2015-11-09,1.1573119914601657,total,S2_fb2p0
2015-11-10,1.1272424897405697,total,S2_fb2p0
2015-11-11,1.087241095800855,total,S2_fb2p0
2015-11-12,1.080607920254911,total,S2_fb2p0
2015-11-13,1.0738132770975064,total,S2_fb2p0
2015-11-16,1.153036897234051,total,S2_fb2p0
2015-11-17,1.1262572899060854,total,S2_fb2p0
2015-11-18,1.1275054586737419,total,S2_fb2p0
2015-11-19,1.0921883772134942,total,S2_fb2p0
2015-11-20,1.0774137154846937,total,S2_fb2p0
2015-11-23,1.0812833507553181,total,S2_fb2p0
2015-11-24,1.0634429342434066,total,S2_fb2p0
2015-11-25,1.0938473575348646,total,S2_fb2p0
2015-11-26,1.1542976604947828,total,S2_fb2p0
2015-11-27,1.1779006056028725,total,S2_fb2p0
2015-12-07,0.8385536127873425,total,S2_fb2p0
2015-12-08,0.8228072731397783,total,S2_fb2p0
2015-12-09,0.8223681385867003,total,S2_fb2p0
2015-12-10,0.8176409159955099,total,S2_fb2p0
2015-12-11,0.8203695513583089,total,S2_fb2p0
2015-12-14,1.0107639488072926,total,S2_fb2p0
2015-12-15,1.0249970142109346,total,S2_fb2p0
2015-12-16,1.0136933024722081,total,S2_fb2p0
2015-12-17,1.031811500505982,total,S2_fb2p0
2015-12-18,1.0756219209546451,total,S2_fb2p0
2015-12-21,1.0378232516875137,total,S2_fb2p0
2015-12-22,1.039735795849044,total,S2_fb2p0
2015-12-23,1.0203199552030164,total,S2_fb2p0
2015-12-24,1.027124222771001,total,S2_fb2p0
2015-12-25,1.0306102441606022,total,S2_fb2p0
2015-12-28,0.800508496571076,total,S2_fb2p0
2015-12-29,0.8036440098422227,total,S2_fb2p0
2015-12-30,0.8043107904829186,total,S2_fb2p0
2015-12-31,0.8043782067669596,total,S2_fb2p0
2016-01-04,0.9057732006859596,total,S2_fb2p0
2016-01-05,0.9091247114755624,total,S2_fb2p0
2016-01-06,0.9062526351637156,total,S2_fb2p0
2016-01-07,0.9109732543860649,total,S2_fb2p0
2016-01-08,0.9000109902750816,total,S2_fb2p0
2016-01-11,0.8799520698710237,total,S2_fb2p0
2016-01-12,0.8722843588632047,total,S2_fb2p0
2016-01-13,0.8707634168958236,total,S2_fb2p0
2016-01-14,0.8768282598854013,total,S2_fb2p0
2016-01-15,0.8688865129022734,total,S2_fb2p0
2016-01-18,0.9289530022566258,total,S2_fb2p0
2016-01-19,0.923090293828232,total,S2_fb2p0
2016-01-20,0.9311577558627063,total,S2_fb2p0
2016-01-21,0.9315732719822115,total,S2_fb2p0
2016-01-22,0.9301598880122969,total,S2_fb2p0
2016-01-25,0.780073718322409,total,S2_fb2p0
2016-01-27,0.7822977882515857,total,S2_fb2p0
2016-02-01,1.154235863895105,total,S2_fb2p0
2016-02-02,1.1593472238672689,total,S2_fb2p0
2016-02-03,1.1579161485832314,total,S2_fb2p0
2016-02-04,1.1799095871552854,total,S2_fb2p0
2016-02-05,1.186072713527952,total,S2_fb2p0
2016-02-15,1.2169121144924053,total,S2_fb2p0
2016-02-16,1.2640811889190633,total,S2_fb2p0
2016-02-17,1.2781168576503128,total,S2_fb2p0
2016-02-18,1.2613657045313242,total,S2_fb2p0
2016-02-19,1.2648679472657518,total,S2_fb2p0
2016-02-22,0.9560822346271564,total,S2_fb2p0
2016-02-23,0.9423286405651511,total,S2_fb2p0
2016-02-24,0.9373079259030307,total,S2_fb2p0
2016-02-25,0.924558738749023,total,S2_fb2p0
2016-02-26,0.917947053781293,total,S2_fb2p0
2016-02-29,1.0437662473539004,total,S2_fb2p0
2016-03-01,1.0276482173988615,total,S2_fb2p0
2016-03-02,1.0518733764901214,total,S2_fb2p0
2016-03-03,1.0619823943586217,total,S2_fb2p0
2016-03-04,1.0844808092853047,total,S2_fb2p0
2016-03-07,1.014870275300145,total,S2_fb2p0
2016-03-08,1.00201860552793,total,S2_fb2p0
2016-03-09,1.000686332238867,total,S2_fb2p0
2016-03-10,0.9992751180575637,total,S2_fb2p0
2016-03-11,0.9923167766662666,total,S2_fb2p0
2016-03-14,0.9950937610207963,total,S2_fb2p0
2016-03-15,1.0064166796199279,total,S2_fb2p0
2016-03-16,1.0292072542464723,total,S2_fb2p0
2016-03-17,1.0290263884039843,total,S2_fb2p0
2016-03-18,1.0395926923669627,total,S2_fb2p0
2016-03-21,1.0616065252383475,total,S2_fb2p0
2016-03-22,1.0751548784359664,total,S2_fb2p0
2016-03-23,1.070343438584581,total,S2_fb2p0
2016-03-24,1.0654863052726988,total,S2_fb2p0
2016-03-25,1.065325828541616,total,S2_fb2p0
2016-03-28,1.0596695399895626,total,S2_fb2p0
2016-03-29,1.0537634983760198,total,S2_fb2p0
2016-03-30,1.0495212453146776,total,S2_fb2p0
2016-03-31,1.046332797401513,total,S2_fb2p0
2016-04-01,1.0431324482712336,total,S2_fb2p0
2016-04-05,1.117477200113641,total,S2_fb2p0
2016-04-06,1.1259758938036228,total,S2_fb2p0
2016-04-07,1.1345459885624467,total,S2_fb2p0
2016-04-08,1.1097834635535042,total,S2_fb2p0
2016-04-11,0.9918566333303929,total,S2_fb2p0
2016-04-12,0.9984542725160125,total,S2_fb2p0
2016-04-13,1.0022883296806548,total,S2_fb2p0
2016-04-14,1.024501282910668,total,S2_fb2p0
2016-04-15,1.001041079886517,total,S2_fb2p0
2016-04-18,1.3168534847635602,total,S2_fb2p0
2016-04-19,1.2747528887380146,total,S2_fb2p0
2016-04-20,1.265911720651972,total,S2_fb2p0
2016-04-21,1.263147775057632,total,S2_fb2p0
2016-04-22,1.2642891654422306,total,S2_fb2p0
2016-05-23,0.8436210592282984,total,S2_fb2p0
2016-05-24,0.8267463436286829,total,S2_fb2p0
2016-05-25,0.8279677019001667,total,S2_fb2p0
2016-05-26,0.8347947042977488,total,S2_fb2p0
2016-05-27,0.8511948395532286,total,S2_fb2p0
2016-05-30,0.8836599742134346,total,S2_fb2p0
2016-05-31,0.8814093839185624,total,S2_fb2p0
2016-06-01,0.8652349135119558,total,S2_fb2p0
2016-06-02,0.8718004019496138,total,S2_fb2p0
2016-06-03,0.8779078273148334,total,S2_fb2p0
2016-06-06,1.0422425037623957,total,S2_fb2p0
2016-06-07,1.0433888621083067,total,S2_fb2p0
2016-06-08,1.0389166136140784,total,S2_fb2p0
2016-06-13,1.0903150178428485,total,S2_fb2p0
2016-06-14,1.0792646130157517,total,S2_fb2p0
2016-06-15,1.050683364155166,total,S2_fb2p0
2016-06-16,1.045429254654797,total,S2_fb2p0
2016-06-17,1.0533943732013558,total,S2_fb2p0
2016-06-20,0.9836038602573173,total,S2_fb2p0
2016-06-21,0.9969256519896885,total,S2_fb2p0
2016-06-22,1.0195398968193208,total,S2_fb2p0
2016-06-23,1.0353461851284893,total,S2_fb2p0
2016-06-24,1.023522188271682,total,S2_fb2p0
2016-06-27,1.3298989095552929,total,S2_fb2p0
2016-06-28,1.3592359799789453,total,S2_fb2p0
2016-06-29,1.3723999619734433,total,S2_fb2p0
2016-06-30,1.3465385999628723,total,S2_fb2p0
2016-07-01,1.3455328192020757,total,S2_fb2p0
2016-07-04,1.3289953037781974,total,S2_fb2p0
2016-07-05,1.388676456249089,total,S2_fb2p0
2016-07-06,1.3725869365085528,total,S2_fb2p0
2016-07-07,1.3494500758526418,total,S2_fb2p0
2016-07-08,1.3555502732064195,total,S2_fb2p0
2016-07-11,1.1453183031462366,total,S2_fb2p0
2016-07-12,1.1329900518460672,total,S2_fb2p0
2016-07-13,1.1216104890837841,total,S2_fb2p0
2016-07-14,1.1212560559717308,total,S2_fb2p0
2016-07-15,1.1000358646093924,total,S2_fb2p0
2016-07-18,1.2750673702231712,total,S2_fb2p0
2016-07-19,1.3033362744599077,total,S2_fb2p0
2016-07-20,1.2917557010798066,total,S2_fb2p0
2016-07-21,1.2833345484093932,total,S2_fb2p0
2016-07-22,1.2765958396612467,total,S2_fb2p0
2016-07-25,1.2658548088418158,total,S2_fb2p0
2016-07-26,1.246206799093781,total,S2_fb2p0
2016-07-27,1.2390223437631522,total,S2_fb2p0
2016-07-28,1.2079620350710387,total,S2_fb2p0
2016-07-29,1.2148444201958395,total,S2_fb2p0
2016-08-01,1.229899190359892,total,S2_fb2p0
2016-08-02,1.2141794879197738,total,S2_fb2p0
2016-08-03,1.2154818599754227,total,S2_fb2p0
2016-08-04,1.223425699418314,total,S2_fb2p0
2016-08-05,1.19718024357665,total,S2_fb2p0
2016-08-08,0.9040033109735176,total,S2_fb2p0
2016-08-09,0.892509768050975,total,S2_fb2p0
2016-08-10,1.0145917661701913,total,S2_fb2p0
2016-08-11,1.0112853817636485,total,S2_fb2p0
2016-08-12,1.0027221124943702,total,S2_fb2p0
2016-08-15,1.0945668560310995,total,S2_fb2p0
2016-08-16,1.0884208567548426,total,S2_fb2p0
2016-08-17,1.0949243234910657,total,S2_fb2p0
2016-08-18,1.0947765656626791,total,S2_fb2p0
2016-08-19,1.1377029096366333,total,S2_fb2p0
2016-08-22,1.181741328205966,total,S2_fb2p0
2016-08-23,1.1872019579246682,total,S2_fb2p0
2016-08-24,1.1847912350515626,total,S2_fb2p0
2016-08-25,1.1922182099286789,total,S2_fb2p0
2016-08-26,1.1747104005884064,total,S2_fb2p0
2016-08-29,1.4579046171251604,total,S2_fb2p0
2016-08-30,1.5108419212140374,total,S2_fb2p0
2016-08-31,1.5079089938239993,total,S2_fb2p0
2016-09-01,1.52816723817701,total,S2_fb2p0
2016-09-02,1.5143264784410377,total,S2_fb2p0
2016-09-05,1.2148146085077858,total,S2_fb2p0
2016-09-06,1.2236487615060183,total,S2_fb2p0
2016-09-07,1.2410101911558105,total,S2_fb2p0
2016-09-08,1.24975342668775,total,S2_fb2p0
2016-09-09,1.2406239389832243,total,S2_fb2p0
2016-09-12,0.8394536639884288,total,S2_fb2p0
2016-09-13,0.8470331016370324,total,S2_fb2p0
2016-09-14,0.8604922397084134,total,S2_fb2p0
2016-10-10,1.2255297485462582,total,S2_fb2p0
2016-10-11,1.2206615149854159,total,S2_fb2p0
2016-10-12,1.2304222119670705,total,S2_fb2p0
2016-10-13,1.2116968568775017,total,S2_fb2p0
2016-10-14,1.1989111203259935,total,S2_fb2p0
2016-10-17,1.2313014194412728,total,S2_fb2p0
2016-10-18,1.2361267473498754,total,S2_fb2p0
2016-10-19,1.2275964967956252,total,S2_fb2p0
2016-10-20,1.2283782800189011,total,S2_fb2p0
2016-10-21,1.2239111046725708,total,S2_fb2p0
2016-10-24,1.293468121359681,total,S2_fb2p0
2016-10-25,1.2592949734860253,total,S2_fb2p0
2016-10-26,1.2374040044583554,total,S2_fb2p0
2016-10-27,1.2351120999001635,total,S2_fb2p0
2016-10-28,1.215667114117371,total,S2_fb2p0
2016-10-31,1.1907590742365146,total,S2_fb2p0
2016-11-01,1.1736689892634253,total,S2_fb2p0
2016-11-02,1.1753126791682806,total,S2_fb2p0
2016-11-03,1.17207867247812,total,S2_fb2p0
2016-11-04,1.1083161343596788,total,S2_fb2p0
2016-11-07,1.0802279278723705,total,S2_fb2p0
2016-11-08,1.063001659686032,total,S2_fb2p0
2016-11-09,1.0433204854991482,total,S2_fb2p0
2016-11-10,1.0904014367368777,total,S2_fb2p0
2016-11-11,1.0777983537657636,total,S2_fb2p0
2016-11-14,1.150208526210123,total,S2_fb2p0
2016-11-15,1.1677266381065163,total,S2_fb2p0
2016-11-16,1.2144158905346645,total,S2_fb2p0
2016-11-17,1.2265066568012863,total,S2_fb2p0
2016-11-18,1.2283038406512368,total,S2_fb2p0
2017-02-13,0.8217967736841301,total,S2_fb2p0
2017-02-14,0.8147839310087028,total,S2_fb2p0
2017-02-15,0.807682361150193,total,S2_fb2p0
2017-02-16,0.8147288940714094,total,S2_fb2p0
2017-02-17,0.8194961942723514,total,S2_fb2p0
2017-02-20,0.9323253480736098,total,S2_fb2p0
2017-02-21,0.9169805210646351,total,S2_fb2p0
2017-02-22,0.940026727191889,total,S2_fb2p0
2017-02-23,0.9515648614863648,total,S2_fb2p0
2017-02-24,0.9710000431910611,total,S2_fb2p0
2017-02-27,0.7915414910332056,total,S2_fb2p0
2017-02-28,0.7925437337259228,total,S2_fb2p0
2017-03-01,0.7880923604469291,total,S2_fb2p0
2017-03-02,0.7815558133672261,total,S2_fb2p0
2017-03-03,0.7887427320420073,total,S2_fb2p0
2017-03-20,0.8676364005158148,total,S2_fb2p0
2017-03-21,0.8792172572834922,total,S2_fb2p0
2017-03-22,0.8862167768070174,total,S2_fb2p0
2017-03-23,0.8793781747935709,total,S2_fb2p0
2017-03-24,0.8644187781697054,total,S2_fb2p0
2017-03-27,0.8646561720748016,total,S2_fb2p0
2017-03-28,0.8650793894694427,total,S2_fb2p0
2017-03-29,0.8600256164331982,total,S2_fb2p0
2017-03-30,0.8636866687992721,total,S2_fb2p0
2017-03-31,0.8591093886487702,total,S2_fb2p0
2017-04-05,0.8443453253293071,total,S2_fb2p0
2017-04-06,0.85006408259394,total,S2_fb2p0
2017-04-07,0.845655381999435,total,S2_fb2p0
2017-04-10,0.9451535636385803,total,S2_fb2p0
2017-04-11,0.9386036809266668,total,S2_fb2p0
2017-04-12,0.9415115564287061,total,S2_fb2p0
2017-04-13,0.963526049799595,total,S2_fb2p0
2017-04-14,0.9709905743561869,total,S2_fb2p0
2017-04-17,1.1984908865672934,total,S2_fb2p0
2017-04-18,1.1956896046016967,total,S2_fb2p0
2017-04-19,1.1910414456130032,total,S2_fb2p0
2017-04-20,1.1857514193927723,total,S2_fb2p0
2017-04-21,1.1812121620576752,total,S2_fb2p0
2017-04-24,1.258280752071775,total,S2_fb2p0
2017-04-25,1.2412710979910102,total,S2_fb2p0
2017-04-26,1.2400025816324494,total,S2_fb2p0
2017-04-27,1.223318520896527,total,S2_fb2p0
2017-04-28,1.2624410660182817,total,S2_fb2p0
2017-05-02,0.9986180467640109,total,S2_fb2p0
2017-05-03,0.9890704467842437,total,S2_fb2p0
2017-05-04,0.9742579169169482,total,S2_fb2p0
2017-05-05,0.9657796158953759,total,S2_fb2p0
2017-05-08,0.9585775163691637,total,S2_fb2p0
2017-05-09,0.9438491719177764,total,S2_fb2p0
2017-05-10,0.9284441362931805,total,S2_fb2p0
2017-05-11,0.9298700207295082,total,S2_fb2p0
2017-05-12,0.9266783437072516,total,S2_fb2p0
2017-05-15,0.8396646843188565,total,S2_fb2p0
2017-05-16,0.8348309683521712,total,S2_fb2p0
2017-05-17,0.8498508088220132,total,S2_fb2p0
2017-05-18,0.8547800993547012,total,S2_fb2p0
2017-05-19,0.8637514185109414,total,S2_fb2p0
2017-05-22,0.9495901657795671,total,S2_fb2p0
2017-05-23,0.9461891414780503,total,S2_fb2p0
2017-05-24,0.9588426454619263,total,S2_fb2p0
2017-05-25,0.9600447804921196,total,S2_fb2p0
2017-05-26,0.9460332983221098,total,S2_fb2p0
2017-05-31,0.9534912985859432,total,S2_fb2p0
2017-06-01,0.9852357274337122,total,S2_fb2p0
2017-06-02,1.0026932168687044,total,S2_fb2p0
2017-06-05,0.9865729041145255,total,S2_fb2p0
2017-06-06,0.9886880380456818,total,S2_fb2p0
2017-06-07,0.9864881387253985,total,S2_fb2p0
2017-06-08,0.9918833401774437,total,S2_fb2p0
2017-06-09,0.9939902682082677,total,S2_fb2p0
2017-06-12,0.8720179491186472,total,S2_fb2p0
2017-06-13,0.8739215506113882,total,S2_fb2p0
2017-06-14,0.8852296308580045,total,S2_fb2p0
2017-06-15,0.8817604047792686,total,S2_fb2p0
2017-06-16,0.8858034891375167,total,S2_fb2p0
2017-07-10,0.8313918987383032,total,S2_fb2p0
2017-07-11,0.8273867760688552,total,S2_fb2p0
2017-07-12,0.8230431349805039,total,S2_fb2p0
2017-07-13,0.8212806915619727,total,S2_fb2p0
2017-07-14,0.821364630301944,total,S2_fb2p0
2017-07-17,0.9610555835484973,total,S2_fb2p0
2017-07-18,0.9598402402854616,total,S2_fb2p0
2017-07-19,0.9548980185170544,total,S2_fb2p0
2017-07-20,0.960212941694051,total,S2_fb2p0
2017-07-21,0.9718254394206164,total,S2_fb2p0
2017-07-24,0.9234048184077718,total,S2_fb2p0
2017-07-25,0.9185658148198391,total,S2_fb2p0
2017-07-26,0.911450029700736,total,S2_fb2p0
2017-07-27,0.9148865089007565,total,S2_fb2p0
2017-07-28,0.9128247787617367,total,S2_fb2p0
2017-07-31,1.101040527642658,total,S2_fb2p0
2017-08-01,1.0888278241246512,total,S2_fb2p0
2017-08-02,1.0817947316969105,total,S2_fb2p0
2017-08-03,1.1196066506003368,total,S2_fb2p0
2017-08-04,1.0605374432413848,total,S2_fb2p0
2017-08-07,1.0682350798215694,total,S2_fb2p0
2017-08-08,1.0525586394665807,total,S2_fb2p0
2017-08-09,1.064138333546664,total,S2_fb2p0
2017-08-10,1.0634551763676017,total,S2_fb2p0
2017-08-11,1.084649076769141,total,S2_fb2p0
2017-08-14,0.9303300482287363,total,S2_fb2p0
2017-08-15,0.9453591244581914,total,S2_fb2p0
2017-08-16,0.9368822328541,total,S2_fb2p0
2017-08-17,0.9265914776386873,total,S2_fb2p0
2017-08-18,0.929218372765882,total,S2_fb2p0
2017-08-21,0.987757102367464,total,S2_fb2p0
2017-08-22,0.9820363438417887,total,S2_fb2p0
2017-08-23,0.9979615712438239,total,S2_fb2p0
2017-08-24,0.9846854806813707,total,S2_fb2p0
2017-08-25,0.9795777573077414,total,S2_fb2p0
2017-08-28,0.9814219268656342,total,S2_fb2p0
2017-08-29,0.9808091741018793,total,S2_fb2p0
2017-08-30,0.9844732799949989,total,S2_fb2p0
2017-08-31,0.9877478606657873,total,S2_fb2p0
2017-09-01,0.9704897072646467,total,S2_fb2p0
2017-09-04,0.968940288744053,total,S2_fb2p0
2017-09-05,0.9699080620983537,total,S2_fb2p0
2017-09-06,0.9786410782533296,total,S2_fb2p0
2017-09-07,1.0008108402234674,total,S2_fb2p0
2017-09-08,1.024901662851002,total,S2_fb2p0
2017-10-23,1.1010152146681493,total,S2_fb2p0
2017-10-24,1.1036389693317459,total,S2_fb2p0
2017-10-25,1.0863616326345225,total,S2_fb2p0
2017-10-26,1.0905710299765705,total,S2_fb2p0
2017-10-27,1.0765208006610827,total,S2_fb2p0
2017-10-30,0.9888690413120007,total,S2_fb2p0
2017-10-31,1.0028950501563885,total,S2_fb2p0
2017-11-01,1.0173072028424142,total,S2_fb2p0
2017-11-02,1.0106292914861101,total,S2_fb2p0
2017-11-03,1.0069552515283817,total,S2_fb2p0
2017-11-20,1.1232456785868041,total,S2_fb2p0
2017-11-21,1.1190554155307375,total,S2_fb2p0
2017-11-22,1.0910674708460133,total,S2_fb2p0
2017-11-23,1.1030382033139954,total,S2_fb2p0
2017-11-24,1.1245293040566857,total,S2_fb2p0
2017-11-27,1.1061687409965348,total,S2_fb2p0
2017-11-28,1.1050091967439546,total,S2_fb2p0
2017-11-29,1.174218865291521,total,S2_fb2p0
2017-11-30,1.1808671605915946,total,S2_fb2p0
2017-12-01,1.2035390747781818,total,S2_fb2p0
2017-12-04,1.321958932315896,total,S2_fb2p0
2017-12-05,1.3067568462400467,total,S2_fb2p0
2017-12-06,1.3002688252354064,total,S2_fb2p0
2017-12-07,1.2890460004538788,total,S2_fb2p0
2017-12-08,1.2897753246745034,total,S2_fb2p0
2017-12-11,1.3836606137432264,total,S2_fb2p0
2017-12-12,1.3821422258996472,total,S2_fb2p0
2017-12-13,1.3638376115708342,total,S2_fb2p0
2017-12-14,1.3687979190576585,total,S2_fb2p0
2017-12-15,1.3779651437445226,total,S2_fb2p0
2017-12-18,1.2174949517125018,total,S2_fb2p0
2017-12-19,1.2123457225995393,total,S2_fb2p0
2017-12-20,1.2181544237930146,total,S2_fb2p0
2017-12-21,1.20187776659289,total,S2_fb2p0
2017-12-22,1.1958223934716816,total,S2_fb2p0
2017-12-25,1.1290794858144608,total,S2_fb2p0
2017-12-26,1.1459016198760368,total,S2_fb2p0
2017-12-27,1.1510221718338949,total,S2_fb2p0
2017-12-28,1.1539579547111887,total,S2_fb2p0
2017-12-29,1.1454290850924782,total,S2_fb2p0
2018-01-02,1.0546423445780644,total,S2_fb2p0
2018-01-03,1.0459832572148033,total,S2_fb2p0
2018-01-04,1.0448025193520694,total,S2_fb2p0
2018-01-05,1.0406787338891312,total,S2_fb2p0
2018-01-08,1.2963668916346596,total,S2_fb2p0
2018-01-09,1.300188201773648,total,S2_fb2p0
2018-01-10,1.287162307481697,total,S2_fb2p0
2018-01-11,1.2830623042081644,total,S2_fb2p0
2018-01-12,1.2914447873903092,total,S2_fb2p0
2018-01-15,1.5283890598361387,total,S2_fb2p0
2018-01-16,1.5676817799522544,total,S2_fb2p0
2018-01-17,1.5752967011919072,total,S2_fb2p0
2018-01-18,1.5426886650082452,total,S2_fb2p0
2018-01-19,1.526706081012576,total,S2_fb2p0
2018-01-22,1.4237323356245746,total,S2_fb2p0
2018-01-23,1.4283302428078157,total,S2_fb2p0
2018-01-24,1.4277872402964173,total,S2_fb2p0
2018-01-25,1.4137354885522986,total,S2_fb2p0
2018-01-26,1.4212475157407027,total,S2_fb2p0
2018-01-29,1.4912567127902456,total,S2_fb2p0
2018-01-30,1.4783042465640788,total,S2_fb2p0
2018-01-31,1.4845078941462697,total,S2_fb2p0
2018-02-01,1.4813185013099337,total,S2_fb2p0
2018-02-02,1.46917434751178,total,S2_fb2p0
2018-02-05,1.5300542225772977,total,S2_fb2p0
2018-02-06,1.5332004969191915,total,S2_fb2p0
2018-02-07,1.5393615139748074,total,S2_fb2p0
2018-02-08,1.5549694058164147,total,S2_fb2p0
2018-02-09,1.5631931469601132,total,S2_fb2p0
2018-02-12,1.574178096800357,total,S2_fb2p0
2018-02-13,1.5775268075530156,total,S2_fb2p0
2018-02-14,1.521347515859214,total,S2_fb2p0
2018-02-22,1.525533960553736,total,S2_fb2p0
2018-02-23,1.5643777318466048,total,S2_fb2p0
2018-02-26,1.5601123035271065,total,S2_fb2p0
2018-02-27,1.5580339565112995,total,S2_fb2p0
2018-02-28,1.5585947993120464,total,S2_fb2p0
2018-03-01,1.5651568118185575,total,S2_fb2p0
2018-03-02,1.549029613947241,total,S2_fb2p0
2018-03-05,1.292692999097667,total,S2_fb2p0
2018-03-06,1.2939726051073617,total,S2_fb2p0
2018-03-07,1.2830911081428644,total,S2_fb2p0
2018-03-08,1.2914161343660482,total,S2_fb2p0
2018-03-09,1.3133209611399335,total,S2_fb2p0
2018-03-12,1.2964933363355229,total,S2_fb2p0
2018-03-13,1.2765748468655047,total,S2_fb2p0
2018-03-14,1.281226164686151,total,S2_fb2p0
2018-03-15,1.2884109262229708,total,S2_fb2p0
2018-03-16,1.2819859264696063,total,S2_fb2p0
2018-03-19,1.3139177818194605,total,S2_fb2p0
2018-03-20,1.3021641845535858,total,S2_fb2p0
2018-03-21,1.268356765976642,total,S2_fb2p0
2018-03-22,1.2801393233851728,total,S2_fb2p0
2018-03-23,1.2379989370988946,total,S2_fb2p0
2018-03-26,1.2396684785263155,total,S2_fb2p0
2018-03-27,1.2534097925069263,total,S2_fb2p0
2018-03-28,1.2547532310484837,total,S2_fb2p0
2018-03-29,1.2463185113625257,total,S2_fb2p0
2018-03-30,1.23736578173308,total,S2_fb2p0
2018-04-02,0.9466085115416341,total,S2_fb2p0
2018-04-03,0.9678720725290861,total,S2_fb2p0
2018-04-04,0.9548885116968042,total,S2_fb2p0
2018-04-09,1.1691489307261613,total,S2_fb2p0
2018-04-10,1.2433157961360095,total,S2_fb2p0
2018-04-11,1.260167815589618,total,S2_fb2p0
2018-04-12,1.2388414341379461,total,S2_fb2p0
2018-04-13,1.2500817656857666,total,S2_fb2p0
2018-04-16,1.071790330886545,total,S2_fb2p0
2018-04-17,1.0942090354890441,total,S2_fb2p0
2018-04-18,1.0906353048727484,total,S2_fb2p0
2018-04-19,1.1748190351399863,total,S2_fb2p0
2018-04-20,1.15140666793515,total,S2_fb2p0
2018-05-02,0.785341205053576,total,S2_fb2p0
2018-05-03,0.7848503722622232,total,S2_fb2p0
2018-05-04,0.7904009089110124,total,S2_fb2p0
2018-05-07,0.9128776110794833,total,S2_fb2p0
2018-05-08,0.9181166046639465,total,S2_fb2p0
2018-05-09,0.9244701517949592,total,S2_fb2p0
2018-05-10,0.925674397410421,total,S2_fb2p0
2018-05-11,0.9219163001088869,total,S2_fb2p0
2018-05-14,0.920551037526516,total,S2_fb2p0
2018-05-15,0.916529851160444,total,S2_fb2p0
2018-05-16,0.9117569365754078,total,S2_fb2p0
2018-05-17,0.9146604219063448,total,S2_fb2p0
2018-05-18,0.9306337927950336,total,S2_fb2p0
2018-05-21,1.2054347096291749,total,S2_fb2p0
2018-05-22,1.206454285740964,total,S2_fb2p0
2018-05-23,1.2095634486952924,total,S2_fb2p0
2018-05-24,1.2058369514740743,total,S2_fb2p0
2018-05-25,1.1853238640902384,total,S2_fb2p0
2018-05-28,1.289940464766175,total,S2_fb2p0
2018-05-29,1.2828515413642638,total,S2_fb2p0
2018-05-30,1.2680397631359437,total,S2_fb2p0
2018-05-31,1.2552108942663927,total,S2_fb2p0
2018-06-01,1.2479167836703173,total,S2_fb2p0
2018-06-19,1.1165769369993397,total,S2_fb2p0
2018-06-20,1.1384958849006743,total,S2_fb2p0
2018-06-21,1.1222904235635438,total,S2_fb2p0
2018-06-22,1.130263167732329,total,S2_fb2p0
2018-07-02,1.5319094948198348,total,S2_fb2p0
2018-07-03,1.545562734420312,total,S2_fb2p0
2018-07-04,1.5587458607496034,total,S2_fb2p0
2018-07-05,1.533083681812833,total,S2_fb2p0
2018-07-06,1.5388559201771892,total,S2_fb2p0
2018-07-09,1.5758131937267215,total,S2_fb2p0
2018-07-10,1.5412698962229683,total,S2_fb2p0
2018-07-11,1.4780904132463224,total,S2_fb2p0
2018-07-12,1.4847685239419202,total,S2_fb2p0
2018-07-13,1.4684992733931514,total,S2_fb2p0
2018-07-16,1.3193896467807202,total,S2_fb2p0
2018-07-17,1.341179013211768,total,S2_fb2p0
2018-07-18,1.34241638272077,total,S2_fb2p0
2018-07-19,1.329148114788863,total,S2_fb2p0
2018-07-20,1.346018010012334,total,S2_fb2p0
2018-07-23,1.5665196658915657,total,S2_fb2p0
2018-07-24,1.5847233398706884,total,S2_fb2p0
2018-07-25,1.5822979841291238,total,S2_fb2p0
2018-07-26,1.545918368039184,total,S2_fb2p0
2018-07-27,1.5354141297244426,total,S2_fb2p0
2018-07-30,1.5542114257618151,total,S2_fb2p0
2018-07-31,1.5366016364848005,total,S2_fb2p0
2018-08-01,1.512122948496263,total,S2_fb2p0
2018-08-02,1.4934817473918949,total,S2_fb2p0
2018-08-03,1.4720428128388132,total,S2_fb2p0
2018-08-06,1.1560225258288974,total,S2_fb2p0
2018-08-07,1.145758838414156,total,S2_fb2p0
2018-08-08,1.1491222822005513,total,S2_fb2p0
2018-08-09,1.202140753178944,total,S2_fb2p0
2018-08-10,1.2070973244916763,total,S2_fb2p0
2018-08-13,1.549509771200621,total,S2_fb2p0
2018-08-14,1.483952451634761,total,S2_fb2p0
2018-08-15,1.561944988892266,total,S2_fb2p0
2018-08-16,1.543571064537496,total,S2_fb2p0
2018-08-17,1.5553404175091774,total,S2_fb2p0
2018-08-20,1.2910411189423159,total,S2_fb2p0
2018-08-21,1.2987205663714745,total,S2_fb2p0
2018-08-22,1.3123098086320175,total,S2_fb2p0
2018-08-23,1.3279844010747206,total,S2_fb2p0
2018-08-24,1.3534048964548275,total,S2_fb2p0
2018-08-27,1.1330889029566449,total,S2_fb2p0
2018-08-28,1.140767817887735,total,S2_fb2p0
2018-08-29,1.1327605705401829,total,S2_fb2p0
2018-08-30,1.164679473413766,total,S2_fb2p0
2018-08-31,1.1723007809021433,total,S2_fb2p0
2018-09-17,1.4233418590392308,total,S2_fb2p0
2018-09-18,1.3874170480016146,total,S2_fb2p0
2018-09-19,1.3631647857487128,total,S2_fb2p0
2018-09-20,1.3623061081328713,total,S2_fb2p0
2018-09-21,1.3937255869026401,total,S2_fb2p0
2018-10-08,1.3453686921242092,total,S2_fb2p0
2018-10-09,1.3830404309799331,total,S2_fb2p0
2018-10-10,1.3828614832925568,total,S2_fb2p0
2018-10-11,1.3521303418827668,total,S2_fb2p0
2018-10-12,1.3970852767941815,total,S2_fb2p0
2018-10-15,1.4362911605643156,total,S2_fb2p0
2018-10-16,1.4422002913109204,total,S2_fb2p0
2018-10-17,1.4607508224430954,total,S2_fb2p0
2018-10-18,1.4439092629476633,total,S2_fb2p0
2018-10-19,1.4161705705157546,total,S2_fb2p0
2018-10-22,1.3964926800023298,total,S2_fb2p0
2018-10-23,1.398074758042083,total,S2_fb2p0
2018-10-24,1.3947398927617127,total,S2_fb2p0
2018-10-25,1.3756075523305147,total,S2_fb2p0
2018-10-26,1.3714776265245217,total,S2_fb2p0
2018-10-29,1.3866007569414667,total,S2_fb2p0
2018-10-30,1.3960902907099735,total,S2_fb2p0
2018-10-31,1.3701605599423414,total,S2_fb2p0
2018-11-01,1.3546912801396198,total,S2_fb2p0
2018-11-02,1.4056548556097606,total,S2_fb2p0
2018-11-05,1.5238589443861141,total,S2_fb2p0
2018-11-06,1.5081523457451198,total,S2_fb2p0
2018-11-07,1.5088304536320156,total,S2_fb2p0
2018-11-08,1.510140377830462,total,S2_fb2p0
2018-11-09,1.486461656725555,total,S2_fb2p0
2018-11-12,1.5406964834735357,total,S2_fb2p0
2018-11-13,1.5061324035332313,total,S2_fb2p0
2018-11-14,1.4519210253365737,total,S2_fb2p0
2018-11-15,1.455783217291595,total,S2_fb2p0
2018-11-16,1.4375274119634371,total,S2_fb2p0
2018-11-19,1.2121531581175462,total,S2_fb2p0
2018-11-20,1.2080671546950768,total,S2_fb2p0
2018-11-21,1.1828600468629449,total,S2_fb2p0
2018-11-22,1.202174338376549,total,S2_fb2p0
2018-11-23,1.2142783834276387,total,S2_fb2p0
2018-11-26,1.199886855268303,total,S2_fb2p0
2018-11-27,1.1767685477980554,total,S2_fb2p0
2018-11-28,1.1679981532422499,total,S2_fb2p0
2018-11-29,1.1664212172257407,total,S2_fb2p0
2018-11-30,1.1705880839187084,total,S2_fb2p0
2018-12-03,1.2355466478829424,total,S2_fb2p0
2018-12-04,1.2255929794410199,total,S2_fb2p0
2018-12-05,1.2231763376046116,total,S2_fb2p0
2018-12-06,1.210447795119491,total,S2_fb2p0
2018-12-07,1.1901505378758501,total,S2_fb2p0
2018-12-10,1.151744685455525,total,S2_fb2p0
2018-12-11,1.1371697132918492,total,S2_fb2p0
2018-12-12,1.1267268844677403,total,S2_fb2p0
2018-12-13,1.1708819200653717,total,S2_fb2p0
2018-12-14,1.1845774533511462,total,S2_fb2p0
2018-12-17,1.3054096248109475,total,S2_fb2p0
2018-12-18,1.319305342888188,total,S2_fb2p0
2018-12-19,1.3007797268950285,total,S2_fb2p0
2018-12-20,1.2828019159658097,total,S2_fb2p0
2018-12-21,1.2747931372029966,total,S2_fb2p0
2018-12-24,1.2429220460229817,total,S2_fb2p0
2018-12-25,1.2312917574391085,total,S2_fb2p0
2018-12-26,1.2472068314422455,total,S2_fb2p0
2018-12-27,1.2310597214935226,total,S2_fb2p0
2018-12-28,1.2024244373365773,total,S2_fb2p0
2019-01-02,1.5059374587782395,total,S2_fb2p0
2019-01-03,1.4800280489666533,total,S2_fb2p0
2019-01-04,1.492572238800385,total,S2_fb2p0
2019-01-07,1.1901023191206992,total,S2_fb2p0
2019-01-08,1.1544118899450284,total,S2_fb2p0
2019-01-09,1.164739063845528,total,S2_fb2p0
2019-01-10,1.1752643278034198,total,S2_fb2p0
2019-01-11,1.1719057416599485,total,S2_fb2p0
2019-01-14,1.345238466712125,total,S2_fb2p0
2019-01-15,1.3459269796346707,total,S2_fb2p0
2019-01-16,1.3476430283403564,total,S2_fb2p0
2019-01-17,1.349869997100605,total,S2_fb2p0
2019-01-18,1.3547619127978139,total,S2_fb2p0
2019-01-21,1.410469791395543,total,S2_fb2p0
2019-01-22,1.3733267124845123,total,S2_fb2p0
2019-01-23,1.3885036824501154,total,S2_fb2p0
2019-01-24,1.4036863287259342,total,S2_fb2p0
2019-01-25,1.3927055576169323,total,S2_fb2p0
2019-01-28,1.408999375876998,total,S2_fb2p0
2019-01-29,1.3787250860469937,total,S2_fb2p0
2019-01-30,1.372280531188186,total,S2_fb2p0
2019-01-31,1.3690427150156188,total,S2_fb2p0
2019-02-01,1.3647210996701613,total,S2_fb2p0
2019-02-11,1.4873068175188013,total,S2_fb2p0
2019-02-12,1.518333039019163,total,S2_fb2p0
2019-02-13,1.5459320644100627,total,S2_fb2p0
2019-02-14,1.5955552732740037,total,S2_fb2p0
2019-02-15,1.572571315703339,total,S2_fb2p0
2019-02-18,0.7919128674887237,total,S2_fb2p0
2019-02-19,0.8126463909074432,total,S2_fb2p0
2019-02-20,0.824145410756857,total,S2_fb2p0
2019-02-21,0.8185151935209829,total,S2_fb2p0
2019-02-22,0.8162938959588252,total,S2_fb2p0
2019-02-25,1.1628433731182353,total,S2_fb2p0
2019-02-26,1.1455163323658806,total,S2_fb2p0
2019-02-27,1.1463674132214352,total,S2_fb2p0
2019-02-28,1.15004070077629,total,S2_fb2p0
2019-03-01,1.151428919134097,total,S2_fb2p0
2019-03-04,0.8321770410962913,total,S2_fb2p0
2019-03-05,0.8297994051051953,total,S2_fb2p0
2019-03-06,0.8283186714420313,total,S2_fb2p0
2019-03-07,0.8228590548754499,total,S2_fb2p0
2019-03-08,0.8187054057973598,total,S2_fb2p0
2019-03-11,0.8864726236003386,total,S2_fb2p0
2019-03-12,0.8772910790659368,total,S2_fb2p0
2019-03-13,0.8669678890805945,total,S2_fb2p0
2019-03-14,0.8556664739174186,total,S2_fb2p0
2019-03-15,0.8523756958150439,total,S2_fb2p0
2019-03-18,1.514925587995351,total,S2_fb2p0
2019-03-19,1.5205448946117397,total,S2_fb2p0
2019-03-20,1.5490363577132966,total,S2_fb2p0
2019-03-21,1.5487182173523037,total,S2_fb2p0
2019-03-22,1.5387431963089642,total,S2_fb2p0
2019-03-25,1.4811198612331968,total,S2_fb2p0
2019-03-26,1.4817135994866355,total,S2_fb2p0
2019-03-27,1.4866117624418291,total,S2_fb2p0
2019-03-28,1.4703327638414176,total,S2_fb2p0
2019-03-29,1.445869970686967,total,S2_fb2p0
2019-04-01,1.4500803773355422,total,S2_fb2p0
2019-04-02,1.4593879791976223,total,S2_fb2p0
2019-04-03,1.514306093219623,total,S2_fb2p0
2019-04-04,1.5293191489851303,total,S2_fb2p0
2019-04-08,1.12661181962847,total,S2_fb2p0
2019-04-09,1.120944192296553,total,S2_fb2p0
2019-04-10,1.1246946212235147,total,S2_fb2p0
2019-04-11,1.1159101521183858,total,S2_fb2p0
2019-04-12,1.2663153843113202,total,S2_fb2p0
2019-04-15,1.334248277077122,total,S2_fb2p0
2019-04-16,1.2451213056005406,total,S2_fb2p0
2019-04-17,1.2424176063571188,total,S2_fb2p0
2019-04-18,1.2388165925660626,total,S2_fb2p0
2019-04-19,1.225206434110055,total,S2_fb2p0
2019-04-22,1.0851681220638538,total,S2_fb2p0
2019-04-23,1.0802691232846322,total,S2_fb2p0
2019-04-24,1.0751733850669747,total,S2_fb2p0
2019-04-25,1.072344079190264,total,S2_fb2p0
2019-04-26,1.0584929284080324,total,S2_fb2p0
2019-04-29,1.079107749051298,total,S2_fb2p0
2019-04-30,1.0841458634552663,total,S2_fb2p0
2019-05-06,0.9874099327463352,total,S2_fb2p0
2019-05-07,0.9934200778335104,total,S2_fb2p0
2019-05-08,1.0077201503519178,total,S2_fb2p0
2019-05-09,0.9989196517113876,total,S2_fb2p0
2019-05-10,0.995588521553815,total,S2_fb2p0
2019-05-13,1.2687250926471894,total,S2_fb2p0
2019-05-14,1.270603375511226,total,S2_fb2p0
2019-05-15,1.2660144269018607,total,S2_fb2p0
2019-05-16,1.2642423850009765,total,S2_fb2p0
2019-05-17,1.2610896630632158,total,S2_fb2p0
2019-06-10,1.5689018692232803,total,S2_fb2p0
2019-06-11,1.5668750442699446,total,S2_fb2p0
2019-06-12,1.5547500155801761,total,S2_fb2p0
2019-06-13,1.5605313841565802,total,S2_fb2p0
2019-06-14,1.5341037988108555,total,S2_fb2p0
2019-06-17,1.5360170296912716,total,S2_fb2p0
2019-06-18,1.5418395679265096,total,S2_fb2p0
2019-06-19,1.573759551480992,total,S2_fb2p0
2019-06-20,1.5524225172797843,total,S2_fb2p0
2019-06-21,1.5304688265365838,total,S2_fb2p0
2019-06-24,1.5494369172498967,total,S2_fb2p0
2019-06-25,1.5501597378169791,total,S2_fb2p0
2019-06-26,1.5525896221911804,total,S2_fb2p0
2019-06-27,1.5507413619880548,total,S2_fb2p0
2019-06-28,1.5127845514337064,total,S2_fb2p0
2019-07-01,1.5365943324136844,total,S2_fb2p0
2019-07-02,1.4790765791836302,total,S2_fb2p0
2019-07-03,1.4664848092112415,total,S2_fb2p0
2019-07-04,1.5019549362836855,total,S2_fb2p0
2019-07-05,1.5203379784420117,total,S2_fb2p0
2019-07-08,1.5459244471930798,total,S2_fb2p0
2019-07-09,1.5074436104172284,total,S2_fb2p0
2019-07-10,1.508891684709414,total,S2_fb2p0
2019-07-11,1.5298870136198652,total,S2_fb2p0
2019-07-12,1.4982333951746387,total,S2_fb2p0
2019-07-15,1.5945546180908847,total,S2_fb2p0
2019-07-16,1.5368325123796143,total,S2_fb2p0
2019-07-17,1.5510471700793538,total,S2_fb2p0
2019-07-18,1.5379012934068779,total,S2_fb2p0
2019-07-19,1.5621380010801624,total,S2_fb2p0
2019-07-22,1.5646873417579825,total,S2_fb2p0
2019-07-23,1.541107724066681,total,S2_fb2p0
2019-07-24,1.5593124081970526,total,S2_fb2p0
2019-07-25,1.575088320276469,total,S2_fb2p0
2019-07-26,1.5682114905582132,total,S2_fb2p0
2019-07-29,1.5874867459219835,total,S2_fb2p0
2019-07-30,1.563920764041311,total,S2_fb2p0
2019-07-31,1.5345377659737307,total,S2_fb2p0
2019-08-01,1.5375606923603171,total,S2_fb2p0
2019-08-02,1.5295035650564923,total,S2_fb2p0
2019-08-05,1.2786615869008775,total,S2_fb2p0
2019-08-06,1.2485306070539637,total,S2_fb2p0
2019-08-07,1.2582796787148538,total,S2_fb2p0
2019-08-08,1.2669633005801166,total,S2_fb2p0
2019-08-09,1.2624502260379662,total,S2_fb2p0
2019-08-12,1.2327399220088957,total,S2_fb2p0
2019-08-13,1.2133037196707148,total,S2_fb2p0
2019-08-14,1.2273849785019626,total,S2_fb2p0
2019-08-15,1.2856313105754649,total,S2_fb2p0
2019-08-16,1.2927822626991963,total,S2_fb2p0
2019-08-19,1.2979389541108541,total,S2_fb2p0
2019-08-20,1.3031129859482575,total,S2_fb2p0
2019-08-21,1.308344534726226,total,S2_fb2p0
2019-08-22,1.2998700216631611,total,S2_fb2p0
2019-08-23,1.292415045578849,total,S2_fb2p0
2019-08-26,1.4488116327400098,total,S2_fb2p0
2019-08-27,1.4414401840236042,total,S2_fb2p0
2019-08-28,1.447330156432692,total,S2_fb2p0
2019-08-29,1.4148258594965977,total,S2_fb2p0
2019-08-30,1.4407999245475067,total,S2_fb2p0
2019-09-02,1.4841524866894975,total,S2_fb2p0
2019-09-03,1.496021531685057,total,S2_fb2p0
2019-09-04,1.4845759814892456,total,S2_fb2p0
2019-09-05,1.4925898509836952,total,S2_fb2p0
2019-09-06,1.4966360334118602,total,S2_fb2p0
2019-09-09,1.4150605269171306,total,S2_fb2p0
2019-09-10,1.4340633867115173,total,S2_fb2p0
2019-09-11,1.4428296654141846,total,S2_fb2p0
2019-09-12,1.4617559948479337,total,S2_fb2p0
2019-09-16,1.6005215135867368,total,S2_fb2p0
2019-09-17,1.5773496148544663,total,S2_fb2p0
2019-09-18,1.5640325131595931,total,S2_fb2p0
2019-09-19,1.567368715569608,total,S2_fb2p0
2019-09-20,1.5656980150017017,total,S2_fb2p0
2019-09-30,1.294055049621755,total,S2_fb2p0
2019-10-08,1.29487895613909,total,S2_fb2p0
2019-10-09,1.3007674598428638,total,S2_fb2p0
2019-10-10,1.2763668879117145,total,S2_fb2p0
2019-10-11,1.259764871780673,total,S2_fb2p0
2019-10-14,1.2879878691508753,total,S2_fb2p0
2019-10-15,1.3026358632171395,total,S2_fb2p0
2019-10-16,1.312921847920786,total,S2_fb2p0
2019-10-17,1.311120104954177,total,S2_fb2p0
2019-10-18,1.2986911980180786,total,S2_fb2p0
2019-10-21,1.2675017982737378,total,S2_fb2p0
2019-10-22,1.2484955783430098,total,S2_fb2p0
2019-10-23,1.2566386767160687,total,S2_fb2p0
2019-10-24,1.263361815641983,total,S2_fb2p0
2019-10-25,1.258980467376458,total,S2_fb2p0
2019-10-28,1.2999346155978357,total,S2_fb2p0
2019-10-29,1.2973754688302903,total,S2_fb2p0
2019-10-30,1.3176924225854647,total,S2_fb2p0
2019-10-31,1.309865732239308,total,S2_fb2p0
2019-11-01,1.2964639228209236,total,S2_fb2p0
2019-11-04,1.3176743431482068,total,S2_fb2p0
2019-11-05,1.309018103323165,total,S2_fb2p0
2019-11-06,1.2957698757152323,total,S2_fb2p0
2019-11-07,1.282863960385342,total,S2_fb2p0
2019-11-08,1.3035338347376604,total,S2_fb2p0
2019-11-11,1.2716531147698076,total,S2_fb2p0
2019-11-12,1.2347853158460713,total,S2_fb2p0
2019-11-13,1.2258425933354342,total,S2_fb2p0
2019-11-14,1.2941349188850602,total,S2_fb2p0
2019-11-15,1.2859770544515454,total,S2_fb2p0
2019-11-18,1.157790511302957,total,S2_fb2p0
2019-11-19,1.1309842356846065,total,S2_fb2p0
2019-11-20,1.0973085127568907,total,S2_fb2p0
2019-11-21,1.0991954182841128,total,S2_fb2p0
2019-11-22,1.1085705438540296,total,S2_fb2p0
2019-11-25,1.0963788408419115,total,S2_fb2p0
2019-11-26,1.1231776337710966,total,S2_fb2p0
2019-11-27,1.1342508051186464,total,S2_fb2p0
2019-11-28,1.1100069492241225,total,S2_fb2p0
2019-11-29,1.1004616260700262,total,S2_fb2p0
2019-12-02,1.5606510742637716,total,S2_fb2p0
2019-12-03,1.5428379780433616,total,S2_fb2p0
2019-12-04,1.5518582118165165,total,S2_fb2p0
2019-12-05,1.55250926122788,total,S2_fb2p0
2019-12-06,1.5784442455319507,total,S2_fb2p0
2019-12-09,1.530075020323773,total,S2_fb2p0
2019-12-10,1.4996865953469956,total,S2_fb2p0
2019-12-11,1.530394597493753,total,S2_fb2p0
2019-12-12,1.549071212052852,total,S2_fb2p0
2019-12-13,1.5492197965560552,total,S2_fb2p0
2019-12-16,1.5610787697030821,total,S2_fb2p0
2019-12-17,1.590257885172892,total,S2_fb2p0
2019-12-18,1.5507446631888848,total,S2_fb2p0
2019-12-19,1.5415888286372352,total,S2_fb2p0
2019-12-20,1.519947026694455,total,S2_fb2p0
2019-12-23,1.5528449289735584,total,S2_fb2p0
2019-12-24,1.551822653908089,total,S2_fb2p0
2019-12-25,1.5486095448088817,total,S2_fb2p0
2019-12-26,1.5575117641739349,total,S2_fb2p0
2019-12-27,1.5594892251550612,total,S2_fb2p0
2019-12-30,1.3118242212057465,total,S2_fb2p0
2019-12-31,1.2828813075128513,total,S2_fb2p0
2020-01-02,1.2857866751854943,total,S2_fb2p0
2020-01-03,1.2934947572713522,total,S2_fb2p0
2020-01-06,1.5307449247897238,total,S2_fb2p0
2020-01-07,1.5488831552019098,total,S2_fb2p0
2020-01-08,1.5489713673104049,total,S2_fb2p0
2020-01-09,1.5443108019928367,total,S2_fb2p0
2020-01-10,1.5310951838610463,total,S2_fb2p0
2020-01-13,1.5811431610341178,total,S2_fb2p0
2020-01-14,1.5713594967601987,total,S2_fb2p0
2020-01-15,1.5451577934232366,total,S2_fb2p0
2020-01-16,1.5314986152626842,total,S2_fb2p0
2020-01-17,1.4927271262761028,total,S2_fb2p0
2020-01-20,1.552855793246162,total,S2_fb2p0
2020-01-21,1.5494272113717638,total,S2_fb2p0
2020-01-22,1.529225153313644,total,S2_fb2p0
2020-01-23,1.5038346716668405,total,S2_fb2p0
2020-02-03,1.5898549422095505,total,S2_fb2p0
2020-02-04,1.5430648995581924,total,S2_fb2p0
2020-02-05,1.542330186677452,total,S2_fb2p0
2020-02-06,1.525323520662309,total,S2_fb2p0
2020-02-07,1.5014266513689052,total,S2_fb2p0
2020-02-10,0.9131421232375369,total,S2_fb2p0
2020-02-11,0.9162819190729895,total,S2_fb2p0
2020-02-12,0.9136030303309187,total,S2_fb2p0
2020-02-13,0.913268343839913,total,S2_fb2p0
2020-02-14,0.9248182297246994,total,S2_fb2p0
2020-02-20,0.7876204208242807,total,S2_fb2p0
2020-02-24,0.7844155091986923,total,S2_fb2p0
2020-03-02,1.2212031269061263,total,S2_fb2p0
2020-03-03,1.2431598398633947,total,S2_fb2p0
2020-03-04,1.2036353608442485,total,S2_fb2p0
2020-03-05,1.2178394791001852,total,S2_fb2p0
2020-03-06,1.260930045090045,total,S2_fb2p0
2020-03-09,1.276968579012489,total,S2_fb2p0
2020-03-10,1.3159228367083782,total,S2_fb2p0
2020-03-11,1.3031558003185095,total,S2_fb2p0
2020-03-12,1.267556977638795,total,S2_fb2p0
2020-03-13,1.2764284945740738,total,S2_fb2p0
2020-03-16,1.3173631482637378,total,S2_fb2p0
2020-03-17,1.30592090714465,total,S2_fb2p0
2020-03-18,1.2513936110938593,total,S2_fb2p0
2020-03-19,1.196394349098127,total,S2_fb2p0
2020-03-20,1.1815232343205369,total,S2_fb2p0
2020-03-23,1.129264124797657,total,S2_fb2p0
2020-03-24,1.124602636467138,total,S2_fb2p0
2020-03-25,1.126234889516528,total,S2_fb2p0
2020-03-26,1.1334925631171904,total,S2_fb2p0
2020-03-27,1.1360300705048023,total,S2_fb2p0
2020-03-30,0.7816743285615898,total,S2_fb2p0
2020-03-31,0.7897398594772819,total,S2_fb2p0
2020-04-01,0.7941624975266185,total,S2_fb2p0
2020-04-02,0.8131482648733486,total,S2_fb2p0
2020-04-03,0.843042597270413,total,S2_fb2p0
2020-04-07,1.0216266971436339,total,S2_fb2p0
2020-04-08,1.0181065129245768,total,S2_fb2p0
2020-04-09,1.0298315656593418,total,S2_fb2p0
2020-04-10,1.0432452333512592,total,S2_fb2p0
2020-04-13,0.8795619596756272,total,S2_fb2p0
2020-04-14,0.8830811400074008,total,S2_fb2p0
2020-04-15,0.877383773696639,total,S2_fb2p0
2020-04-16,0.876566992774293,total,S2_fb2p0
2020-04-17,0.8954984786287827,total,S2_fb2p0
2020-04-20,0.8427469210278486,total,S2_fb2p0
2020-04-21,0.8276338558424985,total,S2_fb2p0
2020-04-22,0.8113396593013008,total,S2_fb2p0
2020-04-23,0.8220665678271988,total,S2_fb2p0
2020-04-24,0.8160644380633126,total,S2_fb2p0
2020-05-06,0.7906127565346889,total,S2_fb2p0
2020-05-07,0.8045668086843968,total,S2_fb2p0
2020-05-08,0.8158123699645318,total,S2_fb2p0
2020-05-11,1.3044901481047342,total,S2_fb2p0
2020-05-12,1.2907449952786643,total,S2_fb2p0
2020-05-13,1.286844040117527,total,S2_fb2p0
2020-05-14,1.2719082966102588,total,S2_fb2p0
2020-05-15,1.2715163458225411,total,S2_fb2p0
2020-05-18,0.919195036376498,total,S2_fb2p0
2020-05-19,0.912762966652012,total,S2_fb2p0
2020-05-20,0.9159823635369241,total,S2_fb2p0
2020-05-21,0.9190643646471663,total,S2_fb2p0
2020-05-22,0.9127376143888686,total,S2_fb2p0
2020-05-25,0.9514235544400974,total,S2_fb2p0
2020-05-26,0.9508798097303277,total,S2_fb2p0
2020-05-27,0.9536770887523557,total,S2_fb2p0
2020-05-28,0.9447248040679879,total,S2_fb2p0
2020-05-29,0.9356294547882665,total,S2_fb2p0
2020-06-01,1.314696557876323,total,S2_fb2p0
2020-06-02,1.3188233756915704,total,S2_fb2p0
2020-06-03,1.3164995348566961,total,S2_fb2p0
2020-06-04,1.3248025118351379,total,S2_fb2p0
2020-06-05,1.360015240323453,total,S2_fb2p0
2020-06-08,1.030659360435264,total,S2_fb2p0
2020-06-09,1.02673548171931,total,S2_fb2p0
2020-06-10,1.0160932882477267,total,S2_fb2p0
2020-06-11,1.004895199928009,total,S2_fb2p0
2020-06-12,0.9965405778393955,total,S2_fb2p0
2020-06-15,1.1096434277985667,total,S2_fb2p0
2020-06-16,1.1160299322834668,total,S2_fb2p0
2020-06-17,1.1692584116854594,total,S2_fb2p0
2020-06-18,1.1796874065625105,total,S2_fb2p0
2020-06-19,1.18790713073448,total,S2_fb2p0
2020-06-22,1.3039382678486522,total,S2_fb2p0
2020-06-23,1.3052918790040335,total,S2_fb2p0
2020-06-24,1.2938859350442065,total,S2_fb2p0
2020-06-29,1.30896598840708,total,S2_fb2p0
2020-06-30,1.2946974737128591,total,S2_fb2p0
2020-07-01,1.292690588420239,total,S2_fb2p0
2020-07-02,1.2919908641809612,total,S2_fb2p0
2020-07-03,1.2801292282217058,total,S2_fb2p0
2020-07-06,1.2871583523520957,total,S2_fb2p0
2020-07-07,1.2761437707707568,total,S2_fb2p0
2020-07-08,1.2671190239456036,total,S2_fb2p0
2020-07-09,1.2407954339290725,total,S2_fb2p0
2020-07-10,1.2292354866889776,total,S2_fb2p0
2020-07-13,1.2636866428642641,total,S2_fb2p0
2020-07-14,1.2689659898627963,total,S2_fb2p0
2020-07-15,1.2813690612498139,total,S2_fb2p0
2020-07-16,1.3064353145631122,total,S2_fb2p0
2020-07-17,1.2834085256737338,total,S2_fb2p0
2020-07-20,1.2933496480961602,total,S2_fb2p0
2020-07-21,1.283553498005355,total,S2_fb2p0
2020-07-22,1.2515885736810044,total,S2_fb2p0
2020-07-23,1.2617038244176215,total,S2_fb2p0
2020-07-24,1.2650639634506544,total,S2_fb2p0
2020-07-27,1.275622750256904,total,S2_fb2p0
2020-07-28,1.2805994795011184,total,S2_fb2p0
2020-07-29,1.2804492415342887,total,S2_fb2p0
2020-07-30,1.2585095500534471,total,S2_fb2p0
2020-07-31,1.2397753764457218,total,S2_fb2p0
2020-08-03,1.2614786878955089,total,S2_fb2p0
2020-08-04,1.231953044814303,total,S2_fb2p0
2020-08-05,1.2323232585203745,total,S2_fb2p0
2020-08-06,1.2263658927123104,total,S2_fb2p0
2020-08-07,1.2121589930079724,total,S2_fb2p0
2020-08-10,1.2272626459411937,total,S2_fb2p0
2020-08-11,1.2346842416120005,total,S2_fb2p0
2020-08-12,1.2558404215770318,total,S2_fb2p0
2020-08-13,1.1954148064994727,total,S2_fb2p0
2020-08-14,1.1792767773638622,total,S2_fb2p0
2020-08-17,1.462954708786619,total,S2_fb2p0
2020-08-18,1.4540393286974842,total,S2_fb2p0
2020-08-19,1.46023861168282,total,S2_fb2p0
2020-08-20,1.4793867797049007,total,S2_fb2p0
2020-08-21,1.4810821499663092,total,S2_fb2p0
2020-08-24,1.5673882111317683,total,S2_fb2p0
2020-08-25,1.5924615258733559,total,S2_fb2p0
2020-08-26,1.5758299648204017,total,S2_fb2p0
2020-08-27,1.5646219421644179,total,S2_fb2p0
2020-08-28,1.5527759609550387,total,S2_fb2p0
2020-08-31,1.2005330138666368,total,S2_fb2p0
2020-09-01,1.1980481253978688,total,S2_fb2p0
2020-09-02,1.1950054336308564,total,S2_fb2p0
2020-09-03,1.1799167095891738,total,S2_fb2p0
2020-09-04,1.1963759348134602,total,S2_fb2p0
2020-09-07,1.1790649501364945,total,S2_fb2p0
2020-09-08,1.174242031151783,total,S2_fb2p0
2020-09-09,1.1693733688782977,total,S2_fb2p0
2020-09-10,1.1770307237949789,total,S2_fb2p0
2020-09-11,1.1737978160662463,total,S2_fb2p0
2020-09-28,0.9070998537948485,total,S2_fb2p0
2020-09-29,0.9409000330769474,total,S2_fb2p0
2020-09-30,0.9422407217122823,total,S2_fb2p0
2020-10-09,0.9947695914966656,total,S2_fb2p0
2020-10-12,0.982485621147913,total,S2_fb2p0
2020-10-13,0.9766750094919037,total,S2_fb2p0
2020-10-14,0.9766505962722446,total,S2_fb2p0
2020-10-15,0.9774271806672176,total,S2_fb2p0
2020-10-16,0.9694519426680145,total,S2_fb2p0
2020-10-19,1.117641100108415,total,S2_fb2p0
2020-10-20,1.1243886604287066,total,S2_fb2p0
2020-10-21,1.1250720531100489,total,S2_fb2p0
2020-10-22,1.1101499467012348,total,S2_fb2p0
2020-10-23,1.1118443754044833,total,S2_fb2p0
2020-10-26,1.1481461912110498,total,S2_fb2p0
2020-10-27,1.132406595050679,total,S2_fb2p0
2020-10-28,1.125629955041312,total,S2_fb2p0
2020-10-29,1.2181748704362618,total,S2_fb2p0
2020-10-30,1.1998593731706417,total,S2_fb2p0
2020-11-02,1.518569112993739,total,S2_fb2p0
2020-11-03,1.5125627244316797,total,S2_fb2p0
2020-11-04,1.5036794191516527,total,S2_fb2p0
2020-11-05,1.5001913564175848,total,S2_fb2p0
2020-11-06,1.4962834125497415,total,S2_fb2p0
2020-11-09,1.2804775637901213,total,S2_fb2p0
2020-11-10,1.2915523356963678,total,S2_fb2p0
2020-11-11,1.2860429800669062,total,S2_fb2p0
2020-11-12,1.2672126953263834,total,S2_fb2p0
2020-11-13,1.2446258289287702,total,S2_fb2p0
2020-11-16,1.5491393868119372,total,S2_fb2p0
2020-11-17,1.5408992847024745,total,S2_fb2p0
2020-11-18,1.526151188680094,total,S2_fb2p0
2020-11-19,1.4873187831968757,total,S2_fb2p0
2020-11-20,1.4758323326763547,total,S2_fb2p0
2020-11-23,1.551652817093696,total,S2_fb2p0
2020-11-24,1.5974017378659906,total,S2_fb2p0
2020-11-25,1.5738934080726434,total,S2_fb2p0
2020-11-26,1.56373450708386,total,S2_fb2p0
2020-11-27,1.528341215351739,total,S2_fb2p0
2020-11-30,1.27447295081477,total,S2_fb2p0
2020-12-01,1.2698924363764674,total,S2_fb2p0
2020-12-02,1.2672573189596188,total,S2_fb2p0
2020-12-03,1.298809997211805,total,S2_fb2p0
2020-12-04,1.334808199612433,total,S2_fb2p0
2020-12-07,1.0895226822705748,total,S2_fb2p0
2020-12-08,1.0862054303478457,total,S2_fb2p0
2020-12-09,1.0895427347381001,total,S2_fb2p0
2020-12-10,1.0696991343390683,total,S2_fb2p0
2020-12-11,1.02704529874081,total,S2_fb2p0
2020-12-14,1.095876469237992,total,S2_fb2p0
2020-12-15,1.076488659364554,total,S2_fb2p0
2020-12-16,1.0509132500892335,total,S2_fb2p0
2020-12-17,1.031866248806286,total,S2_fb2p0
2020-12-18,1.0029002546102408,total,S2_fb2p0
2020-12-21,1.0083597266135553,total,S2_fb2p0
2020-12-22,0.9998528435262332,total,S2_fb2p0
2020-12-23,1.0145146283471524,total,S2_fb2p0
2020-12-24,1.0112903632371486,total,S2_fb2p0
2020-12-25,0.9680254355521708,total,S2_fb2p0
2020-12-28,1.2102502259823018,total,S2_fb2p0
2020-12-29,1.215689404484089,total,S2_fb2p0
2020-12-30,1.201706191774706,total,S2_fb2p0
2020-12-31,1.1902815152800774,total,S2_fb2p0
2021-01-04,1.192750014910688,total,S2_fb2p0
2021-01-05,1.158516647173811,total,S2_fb2p0
2021-01-06,1.159999056158101,total,S2_fb2p0
2021-01-07,1.1528260371921402,total,S2_fb2p0
2021-01-08,1.1543624193503064,total,S2_fb2p0
2021-01-11,1.028427019544082,total,S2_fb2p0
2021-01-12,1.0249008070542018,total,S2_fb2p0
2021-01-13,1.006318153800213,total,S2_fb2p0
2021-01-14,1.0045745061766946,total,S2_fb2p0
2021-01-15,1.0028207143449361,total,S2_fb2p0
2021-01-18,1.1188542915917439,total,S2_fb2p0
2021-01-19,1.13018009582006,total,S2_fb2p0
2021-01-20,1.142047598476614,total,S2_fb2p0
2021-01-21,1.1270867977029857,total,S2_fb2p0
2021-01-22,1.1131848330896126,total,S2_fb2p0
2021-01-25,1.139428679091629,total,S2_fb2p0
2021-01-26,1.159553818975611,total,S2_fb2p0
2021-01-27,1.1512569175128273,total,S2_fb2p0
2021-01-28,1.1774947276979362,total,S2_fb2p0
2021-01-29,1.191624905560437,total,S2_fb2p0
2021-02-01,1.1905604814604414,total,S2_fb2p0
2021-02-02,1.203634003414857,total,S2_fb2p0
2021-02-03,1.2274999330013887,total,S2_fb2p0
2021-02-04,1.2386637390581774,total,S2_fb2p0
2021-02-05,1.2332911282394698,total,S2_fb2p0
2021-02-08,0.8674478562319327,total,S2_fb2p0
2021-02-09,0.8757458276114866,total,S2_fb2p0
2021-02-10,0.8637150001699322,total,S2_fb2p0
2021-02-18,0.8921813285419935,total,S2_fb2p0
2021-02-19,0.905186951529211,total,S2_fb2p0
2021-02-22,1.1273010309488225,total,S2_fb2p0
2021-02-23,1.1814837130106626,total,S2_fb2p0
2021-02-24,1.1834017779448258,total,S2_fb2p0
2021-02-25,1.1549937841027038,total,S2_fb2p0
2021-02-26,1.1269984829169877,total,S2_fb2p0
2021-03-01,1.1123794521339008,total,S2_fb2p0
2021-03-02,1.1151979980921043,total,S2_fb2p0
2021-03-03,1.0745218070029021,total,S2_fb2p0
2021-03-04,1.065721399042637,total,S2_fb2p0
2021-03-05,1.1058910678196543,total,S2_fb2p0
2021-03-08,0.849777649838728,total,S2_fb2p0
2021-03-09,0.8467141887820305,total,S2_fb2p0
2021-03-10,0.8599720504327192,total,S2_fb2p0
2021-03-11,0.8515039727299814,total,S2_fb2p0
2021-03-12,0.8325599699360007,total,S2_fb2p0
2021-03-15,0.8792430064247563,total,S2_fb2p0
2021-03-16,0.877803419657808,total,S2_fb2p0
2021-03-17,0.8819651744458169,total,S2_fb2p0
2021-03-18,0.8675611358017566,total,S2_fb2p0
2021-03-19,0.8823644991139189,total,S2_fb2p0
2021-03-22,0.8406910833831788,total,S2_fb2p0
2021-03-23,0.8510166419824962,total,S2_fb2p0
2021-03-24,0.8680149366085578,total,S2_fb2p0
2021-03-25,0.86665910947523,total,S2_fb2p0
2021-03-26,0.8685059763021875,total,S2_fb2p0
2021-04-09,0.7838279687613948,total,S2_fb2p0
2021-04-12,0.9107965787163196,total,S2_fb2p0
2021-04-13,0.9007985377126776,total,S2_fb2p0
2021-04-14,0.8885314902511203,total,S2_fb2p0
2021-04-15,0.8833012607865622,total,S2_fb2p0
2021-04-16,0.8770199387035016,total,S2_fb2p0
2021-04-26,0.9268090230225002,total,S2_fb2p0
2021-04-27,0.9122879693112785,total,S2_fb2p0
2021-04-28,0.9210288625560329,total,S2_fb2p0
2021-04-29,0.9100106808971663,total,S2_fb2p0
2021-04-30,0.9041856150318188,total,S2_fb2p0
2021-05-06,0.9322194709889503,total,S2_fb2p0
2021-05-07,0.9155926712134614,total,S2_fb2p0
2021-05-10,0.8745340559169064,total,S2_fb2p0
2021-07-12,1.1816500682230489,total,S2_fb2p0
2021-07-13,1.1689872136029267,total,S2_fb2p0
2021-07-14,1.1477124817102402,total,S2_fb2p0
2021-07-15,1.1703031019294297,total,S2_fb2p0
2021-07-16,1.1563918172197603,total,S2_fb2p0
2021-07-19,1.1526207512679187,total,S2_fb2p0
2021-07-20,1.1699977730648683,total,S2_fb2p0
2021-07-21,1.1500377877924004,total,S2_fb2p0
2021-07-22,1.1544749776760765,total,S2_fb2p0
2021-07-23,1.0940290417075922,total,S2_fb2p0
2021-07-26,1.0350689805355984,total,S2_fb2p0
2021-07-27,1.0116481422583385,total,S2_fb2p0
2021-07-28,1.0249551546989317,total,S2_fb2p0
2021-07-29,1.0142019955027322,total,S2_fb2p0
2021-07-30,0.988171132916904,total,S2_fb2p0
2021-08-02,1.0148000930068657,total,S2_fb2p0
2021-08-03,1.0419953372394377,total,S2_fb2p0
2021-08-04,1.0430064999553166,total,S2_fb2p0
2021-08-05,1.030150302622421,total,S2_fb2p0
2021-08-06,1.0321319305526773,total,S2_fb2p0
2021-08-09,1.0570569719955036,total,S2_fb2p0
2021-08-10,1.0461501003560096,total,S2_fb2p0
2021-08-11,1.0328275316980065,total,S2_fb2p0
2021-08-12,1.0252468780454764,total,S2_fb2p0
2021-08-13,1.052146859878295,total,S2_fb2p0
2021-08-16,0.9153399476276465,total,S2_fb2p0
2021-08-17,0.9067845267324368,total,S2_fb2p0
2021-08-18,0.8949289455371285,total,S2_fb2p0
2021-08-19,0.8946303987449217,total,S2_fb2p0
2021-08-20,0.9641453519637899,total,S2_fb2p0
2021-08-23,0.8486764494949645,total,S2_fb2p0
2021-08-24,0.8726360824950976,total,S2_fb2p0
2021-08-25,0.8598665399868243,total,S2_fb2p0
2021-08-26,0.8765000700447944,total,S2_fb2p0
2021-08-27,0.8697870922546499,total,S2_fb2p0
2021-08-30,0.8779396447340352,total,S2_fb2p0
2021-08-31,0.8769755407281551,total,S2_fb2p0
2021-09-01,0.8669398777826608,total,S2_fb2p0
2021-09-02,0.8655886162818967,total,S2_fb2p0
2021-09-03,0.8596450775045764,total,S2_fb2p0
2021-09-13,1.1462998623337184,total,S2_fb2p0
2021-09-14,1.1730143638380177,total,S2_fb2p0
2021-09-15,1.1985907244867613,total,S2_fb2p0
2021-09-16,1.1672068089006482,total,S2_fb2p0
2021-09-17,1.1669998116270544,total,S2_fb2p0
2021-09-22,1.0787234038388265,total,S2_fb2p0
2021-09-23,1.0547232718380537,total,S2_fb2p0
2021-09-24,1.0734290305631715,total,S2_fb2p0
2021-10-08,1.0297984763334873,total,S2_fb2p0
2021-12-20,0.9006724586918524,total,S2_fb2p0
2021-12-21,0.8994989758403596,total,S2_fb2p0
2021-12-22,0.8903243235068434,total,S2_fb2p0
2021-12-23,0.8774352544088927,total,S2_fb2p0
2021-12-24,0.8758138201795826,total,S2_fb2p0
2021-12-27,1.0443911688062422,total,S2_fb2p0
2021-12-28,1.0546571244245542,total,S2_fb2p0
2021-12-29,1.0551706685396434,total,S2_fb2p0
2021-12-30,1.0385278182794786,total,S2_fb2p0
2021-12-31,1.042051526553524,total,S2_fb2p0
2022-01-04,1.1539801439690764,total,S2_fb2p0
2022-01-05,1.1598520618783201,total,S2_fb2p0
2022-01-06,1.1581269500514857,total,S2_fb2p0
2022-01-07,1.1542818870029516,total,S2_fb2p0
2022-01-10,1.35515377169528,total,S2_fb2p0
2022-01-11,1.3404539481544195,total,S2_fb2p0
2022-01-12,1.3364697315672796,total,S2_fb2p0
2022-01-13,1.3411289941913689,total,S2_fb2p0
2022-01-14,1.346816860322495,total,S2_fb2p0
2022-01-17,1.329821759563252,total,S2_fb2p0
2022-01-18,1.2994887303658682,total,S2_fb2p0
2022-01-19,1.2530311848790765,total,S2_fb2p0
2022-01-20,1.2561010745804484,total,S2_fb2p0
2022-01-21,1.2147051156691262,total,S2_fb2p0
2022-01-24,1.056625350059517,total,S2_fb2p0
2022-01-25,1.064283082256336,total,S2_fb2p0
2022-01-26,1.0665217809111158,total,S2_fb2p0
2022-01-27,1.059843303009894,total,S2_fb2p0
2022-01-28,1.0421655349386918,total,S2_fb2p0
2022-02-07,0.9710835047247991,total,S2_fb2p0
2022-02-08,0.9716392015940871,total,S2_fb2p0
2022-02-09,0.9933877033593113,total,S2_fb2p0
2022-02-10,0.9664490262629182,total,S2_fb2p0
2022-02-11,0.9906216954872804,total,S2_fb2p0
2022-02-14,1.008927902917767,total,S2_fb2p0
2022-02-15,1.0001497462573457,total,S2_fb2p0
2022-02-16,0.9996648373256283,total,S2_fb2p0
2022-02-17,0.9910310961224565,total,S2_fb2p0
2022-02-18,0.9889325634001909,total,S2_fb2p0
2022-02-21,1.00299119390029,total,S2_fb2p0
2022-02-22,0.9848075476691548,total,S2_fb2p0
2022-02-23,0.9782616160711999,total,S2_fb2p0
2022-02-24,1.0053862826166213,total,S2_fb2p0
2022-02-25,1.0080959344534586,total,S2_fb2p0
2022-03-28,0.9014947484723554,total,S2_fb2p0
2022-03-29,0.9112807891182255,total,S2_fb2p0
2022-03-30,0.94318993795551,total,S2_fb2p0
2022-03-31,0.9541799069429002,total,S2_fb2p0
2022-04-01,0.9505583541104475,total,S2_fb2p0
2022-04-06,1.1000474067632546,total,S2_fb2p0
2022-04-07,1.0934496676317293,total,S2_fb2p0
2022-04-08,1.1028125507313362,total,S2_fb2p0
2022-04-11,1.0078075078865387,total,S2_fb2p0
2022-04-12,1.0183446413211776,total,S2_fb2p0
2022-04-13,1.0048992110690804,total,S2_fb2p0
2022-04-14,0.9996394999234869,total,S2_fb2p0
2022-04-15,0.9928885949386173,total,S2_fb2p0
2022-04-18,1.0920004564596986,total,S2_fb2p0
2022-04-19,1.1163341093704426,total,S2_fb2p0
2022-04-20,1.13902589386595,total,S2_fb2p0
2022-04-21,1.1243028373013086,total,S2_fb2p0
2022-04-22,1.1346237543642117,total,S2_fb2p0
2022-04-25,1.135375744892404,total,S2_fb2p0
2022-04-26,1.1237879149810184,total,S2_fb2p0
2022-04-27,1.1189343250757178,total,S2_fb2p0
2022-04-28,1.120665407796911,total,S2_fb2p0
2022-04-29,1.113293893239714,total,S2_fb2p0
2022-05-05,0.8022535744002933,total,S2_fb2p0
2022-05-06,0.8082693536810617,total,S2_fb2p0
2022-05-16,0.8219735124212509,total,S2_fb2p0
2022-05-17,0.8239130178545401,total,S2_fb2p0
2022-05-18,0.8106683343803226,total,S2_fb2p0
2022-05-19,0.7950473227669619,total,S2_fb2p0
2022-05-20,0.8164825939048599,total,S2_fb2p0
2022-05-23,1.0148818980505787,total,S2_fb2p0
2022-05-24,0.9914341493473164,total,S2_fb2p0
2022-05-25,0.973964368099582,total,S2_fb2p0
2022-05-26,0.9543769859591987,total,S2_fb2p0
2022-05-27,0.9677842436921457,total,S2_fb2p0
2022-05-30,1.1042345592545466,total,S2_fb2p0
2022-05-31,1.1373156420558592,total,S2_fb2p0
2022-06-01,1.1507174255788362,total,S2_fb2p0
2022-06-02,1.1611150039782352,total,S2_fb2p0
2022-06-06,1.084999862320214,total,S2_fb2p0
2022-06-07,1.0771793874651152,total,S2_fb2p0
2022-06-08,1.0784944417772369,total,S2_fb2p0
2022-06-09,1.0752814358625722,total,S2_fb2p0
2022-06-10,1.069092486382484,total,S2_fb2p0
2022-06-13,1.4648788797148187,total,S2_fb2p0
2022-06-14,1.4688498191638202,total,S2_fb2p0
2022-06-15,1.4743928077335633,total,S2_fb2p0
2022-06-16,1.4715441058223835,total,S2_fb2p0
2022-06-17,1.4909180975875191,total,S2_fb2p0
2022-06-20,1.5315273483296405,total,S2_fb2p0
2022-06-21,1.528557960296421,total,S2_fb2p0
2022-06-22,1.506314395627982,total,S2_fb2p0
2022-06-23,1.5120707971339165,total,S2_fb2p0
2022-06-24,1.531035630479129,total,S2_fb2p0
2022-06-27,0.920298639003881,total,S2_fb2p0
2022-06-28,0.9404923412484059,total,S2_fb2p0
2022-06-29,0.9478135896089953,total,S2_fb2p0
2022-06-30,0.9365637486982182,total,S2_fb2p0
2022-07-01,0.9166580023579107,total,S2_fb2p0
2022-07-25,0.8080898226457421,total,S2_fb2p0
2022-07-26,0.7975142597118801,total,S2_fb2p0
2022-07-27,0.8063686021245287,total,S2_fb2p0
2022-07-28,0.8257354405772132,total,S2_fb2p0
2022-07-29,0.8354167774544793,total,S2_fb2p0
2022-08-01,0.899184697680571,total,S2_fb2p0
2022-08-02,0.8844477357969726,total,S2_fb2p0
2022-08-03,0.8880474359046032,total,S2_fb2p0
2022-08-04,0.8823622878042102,total,S2_fb2p0
2022-08-05,0.8923127573986596,total,S2_fb2p0
2022-08-08,1.0035931290947113,total,S2_fb2p0
2022-08-09,1.003701129916766,total,S2_fb2p0
2022-08-10,1.0147387646612283,total,S2_fb2p0
2022-08-11,1.0204072101426769,total,S2_fb2p0
2022-08-12,1.0408908535402364,total,S2_fb2p0
2022-08-15,1.0894524422012088,total,S2_fb2p0
2022-08-16,1.0773664129458078,total,S2_fb2p0
2022-08-17,1.077272851442068,total,S2_fb2p0
2022-08-18,1.056465749301633,total,S2_fb2p0
2022-08-19,1.042649853008612,total,S2_fb2p0
2022-08-22,0.9868666938964991,total,S2_fb2p0
2022-08-23,0.9928319941026141,total,S2_fb2p0
2022-08-24,0.9884560353262959,total,S2_fb2p0
2022-08-25,0.992354979203798,total,S2_fb2p0
2022-08-26,0.9815532650850999,total,S2_fb2p0
2022-08-29,1.1802664105919014,total,S2_fb2p0
2022-08-30,1.1758395006783273,total,S2_fb2p0
2022-08-31,1.1850500657189242,total,S2_fb2p0
2022-09-01,1.1681580540180576,total,S2_fb2p0
2022-09-02,1.1633706941464494,total,S2_fb2p0
2022-09-05,1.3504755607687635,total,S2_fb2p0
2022-09-06,1.3511836505113588,total,S2_fb2p0
2022-09-07,1.3631660437520436,total,S2_fb2p0
2022-09-08,1.3815399610335262,total,S2_fb2p0
2022-09-09,1.3713333847250857,total,S2_fb2p0
2022-09-13,1.0879577613099347,total,S2_fb2p0
2022-09-14,1.0837055576531855,total,S2_fb2p0
2022-09-15,1.0953596817681857,total,S2_fb2p0
2022-09-16,1.1007803669835456,total,S2_fb2p0
2022-09-19,0.934333891516751,total,S2_fb2p0
2022-09-20,0.9215409710657352,total,S2_fb2p0
2022-09-21,0.909942145769122,total,S2_fb2p0
2022-09-22,0.9248274875146311,total,S2_fb2p0
2022-09-23,0.946430960461994,total,S2_fb2p0
2022-09-26,0.7886390259348338,total,S2_fb2p0
2022-09-27,0.8098853029857359,total,S2_fb2p0
2022-09-28,0.8181201964230109,total,S2_fb2p0
2022-09-29,0.811257319953172,total,S2_fb2p0
2022-09-30,0.7988975324737173,total,S2_fb2p0
2022-11-07,1.0894062235050166,total,S2_fb2p0
2022-11-08,1.0889112233761653,total,S2_fb2p0
2022-11-09,1.1027219727944286,total,S2_fb2p0
2022-11-10,1.1006634459690183,total,S2_fb2p0
2022-11-11,1.1445705697427309,total,S2_fb2p0
2022-11-14,1.1472241379540817,total,S2_fb2p0
2022-11-15,1.1542073735222258,total,S2_fb2p0
2022-11-16,1.1974923888359645,total,S2_fb2p0
2022-11-17,1.1755977893159768,total,S2_fb2p0
2022-11-18,0.9775281563065691,total,S2_fb2p0
2022-11-21,1.0131447048237743,total,S2_fb2p0
2022-11-22,1.0274537177380831,total,S2_fb2p0
2022-11-23,1.0217907727325497,total,S2_fb2p0
2022-11-24,1.027140228677716,total,S2_fb2p0
2022-11-25,1.0263124593287523,total,S2_fb2p0
2022-11-28,0.8190884693146361,total,S2_fb2p0
2022-11-29,0.783461716240535,total,S2_fb2p0
2022-11-30,0.781372571064834,total,S2_fb2p0
2022-12-05,0.8546001910241785,total,S2_fb2p0
2022-12-06,0.8599116699258724,total,S2_fb2p0
2022-12-07,0.8615826342321595,total,S2_fb2p0
2022-12-08,0.8448688142884563,total,S2_fb2p0
2022-12-09,0.8419216887612321,total,S2_fb2p0
2022-12-26,1.1791726382548176,total,S2_fb2p0
2022-12-27,1.2143278822539592,total,S2_fb2p0
2022-12-28,1.2454507565494446,total,S2_fb2p0
2022-12-29,1.1932900447746109,total,S2_fb2p0
2022-12-30,1.182224694019082,total,S2_fb2p0
2023-01-03,1.384864057748437,total,S2_fb2p0
2023-01-04,1.3627469025213312,total,S2_fb2p0
2023-01-05,1.3479976858506078,total,S2_fb2p0
2023-01-06,1.3637181259765858,total,S2_fb2p0
2023-01-09,1.5146171880321087,total,S2_fb2p0
2023-01-10,1.5622110054716307,total,S2_fb2p0
2023-01-11,1.5617271980167544,total,S2_fb2p0
2023-01-12,1.5501674258143678,total,S2_fb2p0
2023-01-13,1.5665012582462143,total,S2_fb2p0
2023-01-16,1.4733000832624814,total,S2_fb2p0
2023-01-17,1.50059117489059,total,S2_fb2p0
2023-01-18,1.5056679419488541,total,S2_fb2p0
2023-01-19,1.46086722658274,total,S2_fb2p0
2023-01-20,1.4684820043628857,total,S2_fb2p0
2023-01-30,1.1615560313269657,total,S2_fb2p0
2023-01-31,1.1409001645054366,total,S2_fb2p0
2023-02-01,1.1588341182646213,total,S2_fb2p0
2023-02-02,1.1414795575960384,total,S2_fb2p0
2023-02-03,1.1262616249526303,total,S2_fb2p0
2023-02-13,0.9478527300874167,total,S2_fb2p0
2023-02-14,0.9629752468697972,total,S2_fb2p0
2023-02-15,0.965489297767812,total,S2_fb2p0
2023-02-16,0.9632208951335515,total,S2_fb2p0
2023-02-17,0.969441200909788,total,S2_fb2p0
2023-02-20,1.419776740186844,total,S2_fb2p0
2023-02-21,1.360318009694258,total,S2_fb2p0
2023-02-22,1.3546669146411847,total,S2_fb2p0
2023-02-23,1.360798057239598,total,S2_fb2p0
2023-02-24,1.334999152381721,total,S2_fb2p0
2023-02-27,1.1271417751405848,total,S2_fb2p0
2023-02-28,1.1172696973243155,total,S2_fb2p0
2023-03-01,1.1244150237978037,total,S2_fb2p0
2023-03-02,1.1475641576226188,total,S2_fb2p0
2023-03-03,1.1569474428869853,total,S2_fb2p0
2023-03-06,1.1224496975855298,total,S2_fb2p0
2023-03-07,1.1212005280251307,total,S2_fb2p0
2023-03-08,1.115717928665185,total,S2_fb2p0
2023-03-09,1.1010617771052835,total,S2_fb2p0
2023-03-10,1.0923086949450216,total,S2_fb2p0
2023-03-13,1.2418521566674883,total,S2_fb2p0
2023-03-14,1.2443851054836028,total,S2_fb2p0
2023-03-15,1.2551667015457222,total,S2_fb2p0
2023-03-16,1.2073746318687777,total,S2_fb2p0
2023-03-17,1.1926684119188036,total,S2_fb2p0
2023-03-20,1.3544894687934463,total,S2_fb2p0
2023-03-21,1.3550985300948675,total,S2_fb2p0
2023-03-22,1.3569336278578634,total,S2_fb2p0
2023-03-23,1.3873109126268537,total,S2_fb2p0
2023-03-24,1.4159259534256925,total,S2_fb2p0
2023-03-27,1.3975603488494168,total,S2_fb2p0
2023-03-28,1.4362521736334657,total,S2_fb2p0
2023-03-29,1.4414600637257449,total,S2_fb2p0
2023-03-30,1.4433325886217254,total,S2_fb2p0
2023-03-31,1.4298332958892175,total,S2_fb2p0
2023-04-03,1.323765375727301,total,S2_fb2p0
2023-04-04,1.307083364219022,total,S2_fb2p0
2023-04-06,1.282301585373894,total,S2_fb2p0
2023-04-07,1.271266685508337,total,S2_fb2p0
2023-04-10,1.260596031556818,total,S2_fb2p0
2023-04-11,1.2453400080569206,total,S2_fb2p0
2023-04-12,1.2486427760096535,total,S2_fb2p0
2023-04-13,1.2425691082561912,total,S2_fb2p0
2023-04-14,1.2563006169073536,total,S2_fb2p0
2023-04-17,1.3212682837763854,total,S2_fb2p0
2023-04-18,1.3322396516495787,total,S2_fb2p0
2023-04-19,1.3337694530326043,total,S2_fb2p0
2023-04-20,1.3240539928795836,total,S2_fb2p0
2023-04-21,1.2828916388144516,total,S2_fb2p0
2023-04-24,1.2575957950719672,total,S2_fb2p0
2023-04-25,1.2711772359051858,total,S2_fb2p0
2023-04-26,1.2453587227601768,total,S2_fb2p0
2023-04-27,1.2288742257091412,total,S2_fb2p0
2023-04-28,1.2149222987219144,total,S2_fb2p0
2023-05-04,1.3014609470605019,total,S2_fb2p0
2023-05-05,1.2674906676418503,total,S2_fb2p0
2023-05-08,1.2818278577630786,total,S2_fb2p0
2023-05-09,1.3016169088507668,total,S2_fb2p0
2023-05-10,1.283667204320974,total,S2_fb2p0
2023-05-11,1.2554266241523506,total,S2_fb2p0
2023-05-12,1.242177583868817,total,S2_fb2p0
2023-05-15,1.116820926795993,total,S2_fb2p0
2023-05-16,1.1259755294229141,total,S2_fb2p0
2023-05-17,1.1374885713243605,total,S2_fb2p0
2023-05-18,1.1523634332069406,total,S2_fb2p0
2023-05-19,1.1251355035115664,total,S2_fb2p0
2023-05-22,1.0345645856867027,total,S2_fb2p0
2023-05-23,1.0088593288026166,total,S2_fb2p0
2023-05-24,0.9776536887757182,total,S2_fb2p0
2023-05-25,0.9678248941257285,total,S2_fb2p0
2023-05-26,0.9882839428331167,total,S2_fb2p0
2023-05-29,1.0668685250935586,total,S2_fb2p0
2023-05-30,1.0639988194169947,total,S2_fb2p0
2023-05-31,1.0492640115098806,total,S2_fb2p0
2023-06-01,1.065741618098284,total,S2_fb2p0
2023-06-02,1.1118203618477882,total,S2_fb2p0
2023-06-05,0.98801255318616,total,S2_fb2p0
2023-06-06,0.969498350592812,total,S2_fb2p0
2023-06-07,0.9523186092707595,total,S2_fb2p0
2023-06-08,0.9599008800638882,total,S2_fb2p0
2023-06-09,0.9599315663447773,total,S2_fb2p0
2023-06-12,1.0347402602275213,total,S2_fb2p0
2023-06-13,1.0281819509424437,total,S2_fb2p0
2023-06-14,1.0456810132309937,total,S2_fb2p0
2023-06-15,1.0650637284764366,total,S2_fb2p0
2023-06-16,1.1043378455108865,total,S2_fb2p0
2023-06-19,0.9735762072435791,total,S2_fb2p0
2023-06-20,0.9634698087765114,total,S2_fb2p0
2023-06-21,0.9540706132888428,total,S2_fb2p0
2023-06-26,1.1261697420074095,total,S2_fb2p0
2023-06-27,1.1460037938579084,total,S2_fb2p0
2023-06-28,1.1466815370672714,total,S2_fb2p0
2023-06-29,1.1621033546509607,total,S2_fb2p0
2023-06-30,1.149361421023325,total,S2_fb2p0
2023-07-03,1.2510681742130794,total,S2_fb2p0
2023-07-04,1.2723726948977498,total,S2_fb2p0
2023-07-05,1.2453902267332924,total,S2_fb2p0
2023-07-06,1.2313710915304432,total,S2_fb2p0
2023-07-07,1.22851465482249,total,S2_fb2p0
2023-07-10,1.0947253400849484,total,S2_fb2p0
2023-07-11,1.0953446463721768,total,S2_fb2p0
2023-07-12,1.096704385802527,total,S2_fb2p0
2023-07-13,1.0891277567773026,total,S2_fb2p0
2023-07-14,1.1005554698386446,total,S2_fb2p0
2023-07-17,1.2508977687714915,total,S2_fb2p0
2023-07-18,1.2351600006466426,total,S2_fb2p0
2023-07-19,1.2319516831937658,total,S2_fb2p0
2023-07-20,1.2302091954115224,total,S2_fb2p0
2023-07-21,1.2218068115809926,total,S2_fb2p0
2023-07-24,0.979850898443824,total,S2_fb2p0
2023-07-25,0.9787729528004473,total,S2_fb2p0
2023-07-26,1.021937982941856,total,S2_fb2p0
2023-07-27,1.0148226218455536,total,S2_fb2p0
2023-07-28,1.0289868269599927,total,S2_fb2p0
2023-07-31,1.4151727977606536,total,S2_fb2p0
2023-08-01,1.3898971272813403,total,S2_fb2p0
2023-08-02,1.389031920047682,total,S2_fb2p0
2023-08-03,1.4053863970313427,total,S2_fb2p0
2023-08-04,1.3934847460055386,total,S2_fb2p0
2023-08-07,1.5061291896172808,total,S2_fb2p0
2023-08-08,1.5068071801734664,total,S2_fb2p0
2023-08-09,1.5145271885048721,total,S2_fb2p0
2023-08-10,1.5123885508313004,total,S2_fb2p0
2023-08-11,1.5026451923229198,total,S2_fb2p0
2023-08-14,1.5423350606328798,total,S2_fb2p0
2023-08-15,1.489633314263355,total,S2_fb2p0
2023-08-16,1.4761413733556779,total,S2_fb2p0
2023-08-17,1.4532908658504333,total,S2_fb2p0
2023-08-18,1.452115716694723,total,S2_fb2p0
2023-08-21,1.5267473011875874,total,S2_fb2p0
2023-08-22,1.5675223429511502,total,S2_fb2p0
2023-08-23,1.5916872088372218,total,S2_fb2p0
2023-08-24,1.5756208552343576,total,S2_fb2p0
2023-08-25,1.5582917270893302,total,S2_fb2p0
2023-08-28,1.53379921414931,total,S2_fb2p0
2023-08-29,1.5167017280896078,total,S2_fb2p0
2023-08-30,1.5173922231675434,total,S2_fb2p0
2023-08-31,1.5138629294847346,total,S2_fb2p0
2023-09-01,1.5461289383128494,total,S2_fb2p0
2023-09-04,1.6199400895013125,total,S2_fb2p0
2023-09-05,1.5861784389415514,total,S2_fb2p0
2023-09-06,1.5597628268161576,total,S2_fb2p0
2023-09-07,1.541876027482481,total,S2_fb2p0
2023-09-08,1.5470972681430661,total,S2_fb2p0
2023-09-11,1.5067690555744335,total,S2_fb2p0
2023-09-12,1.4976516345233108,total,S2_fb2p0
2023-09-13,1.4994345064130987,total,S2_fb2p0
2023-09-14,1.4927330934255942,total,S2_fb2p0
2023-09-15,1.4989942942336016,total,S2_fb2p0
2023-09-18,1.1576243011715042,total,S2_fb2p0
2023-09-19,1.1574842361672975,total,S2_fb2p0
2023-09-20,1.1729505007595458,total,S2_fb2p0
2023-09-21,1.163778934314972,total,S2_fb2p0
2023-09-22,1.1477350232512915,total,S2_fb2p0
2023-09-25,1.3094020815970433,total,S2_fb2p0
2023-09-26,1.259216539119951,total,S2_fb2p0
2023-09-27,1.2542037457196815,total,S2_fb2p0
2023-09-28,1.2433261588525348,total,S2_fb2p0
2023-10-09,1.3373373013895478,total,S2_fb2p0
2023-10-10,1.3043895596159645,total,S2_fb2p0
2023-10-11,1.2933625265076243,total,S2_fb2p0
2023-10-12,1.2990619884279297,total,S2_fb2p0
2023-10-13,1.2544356429647798,total,S2_fb2p0
2023-10-16,1.3035007122367217,total,S2_fb2p0
2023-10-17,1.3100633328556237,total,S2_fb2p0
2023-10-18,1.2638465559943004,total,S2_fb2p0
2023-10-19,1.2523919705745734,total,S2_fb2p0
2023-10-20,1.258764895134578,total,S2_fb2p0
2023-10-23,1.1567468180133167,total,S2_fb2p0
2023-10-24,1.173062923456941,total,S2_fb2p0
2023-10-25,1.1808028748063977,total,S2_fb2p0
2023-10-26,1.1864151076619176,total,S2_fb2p0
2023-10-27,1.1969175945564825,total,S2_fb2p0
2023-11-13,1.565048845283696,total,S2_fb2p0
2023-11-14,1.5951228791373095,total,S2_fb2p0
2023-11-15,1.5388808092155328,total,S2_fb2p0
2023-11-16,1.5171492513060703,total,S2_fb2p0
2023-11-17,1.4997092333582434,total,S2_fb2p0
2023-11-20,1.5753708714871346,total,S2_fb2p0
2023-11-21,1.5254207537676368,total,S2_fb2p0
2023-11-22,1.5815595663614108,total,S2_fb2p0
2023-11-23,1.5818664074896756,total,S2_fb2p0
2023-11-24,1.5599258793927013,total,S2_fb2p0
2023-11-27,1.5345974572616536,total,S2_fb2p0
2023-11-28,1.5252668889982768,total,S2_fb2p0
2023-11-29,1.5373236909442018,total,S2_fb2p0
2023-11-30,1.5430142545847767,total,S2_fb2p0
2023-12-01,1.5104156947528813,total,S2_fb2p0
2023-12-04,1.5679855160425786,total,S2_fb2p0
2023-12-05,1.5470805835968855,total,S2_fb2p0
2023-12-06,1.558983323905424,total,S2_fb2p0
2023-12-07,1.5184873573394373,total,S2_fb2p0
2023-12-08,1.5351745383293514,total,S2_fb2p0
2023-12-11,0.9243247324985362,total,S2_fb2p0
2023-12-12,0.9353158307094211,total,S2_fb2p0
2023-12-13,0.9428369992570923,total,S2_fb2p0
2023-12-14,0.945880294105272,total,S2_fb2p0
2023-12-15,0.9541652816878978,total,S2_fb2p0
2023-12-18,1.0670810274090976,total,S2_fb2p0
2023-12-19,1.059153906415979,total,S2_fb2p0
2023-12-20,1.0520746948115143,total,S2_fb2p0
2023-12-21,1.0608681006528144,total,S2_fb2p0
2023-12-22,1.048782494923701,total,S2_fb2p0
2023-12-25,1.4051987923926708,total,S2_fb2p0
2023-12-26,1.4061547225900748,total,S2_fb2p0
2023-12-27,1.3946432944123512,total,S2_fb2p0
2023-12-28,1.4010145890797825,total,S2_fb2p0
2023-12-29,1.4008646221594196,total,S2_fb2p0
2024-01-02,1.58177900320194,total,S2_fb2p0
2024-01-03,1.568638049207036,total,S2_fb2p0
2024-01-04,1.5743605546192303,total,S2_fb2p0
2024-01-05,1.5595790045651927,total,S2_fb2p0
2024-01-08,1.5717867537521224,total,S2_fb2p0
2024-01-09,1.5619656565782198,total,S2_fb2p0
2024-01-10,1.5546290359428923,total,S2_fb2p0
2024-01-11,1.5569270312670345,total,S2_fb2p0
2024-01-12,1.5511072900933343,total,S2_fb2p0
2024-01-15,1.574357767603578,total,S2_fb2p0
2024-01-16,1.572390869862242,total,S2_fb2p0
2024-01-17,1.5423763582760726,total,S2_fb2p0
2024-01-18,1.5343955430454823,total,S2_fb2p0
2024-01-19,1.5487624791503696,total,S2_fb2p0
2024-01-22,1.543226813694617,total,S2_fb2p0
2024-01-23,1.554453339393493,total,S2_fb2p0
2024-01-24,1.5464830811595862,total,S2_fb2p0
2024-01-25,1.5631457593913998,total,S2_fb2p0
2024-01-26,1.5378599686408496,total,S2_fb2p0
2024-01-29,1.5303825812204908,total,S2_fb2p0
2024-01-30,1.4771399967065268,total,S2_fb2p0
2024-01-31,1.4476297448090127,total,S2_fb2p0
2024-02-01,1.4460118721817765,total,S2_fb2p0
2024-02-02,1.4191690116262419,total,S2_fb2p0
2024-02-05,1.5440735632263944,total,S2_fb2p0
2024-02-06,1.5570995742764056,total,S2_fb2p0
2024-02-07,1.5414628088183242,total,S2_fb2p0
2024-02-08,1.560207529922001,total,S2_fb2p0
2024-02-19,1.5645626821275094,total,S2_fb2p0
2024-02-20,1.562947534378684,total,S2_fb2p0
2024-02-21,1.5617399453163845,total,S2_fb2p0
2024-02-22,1.5523495864421795,total,S2_fb2p0
2024-02-23,1.5600336641821664,total,S2_fb2p0
2024-02-26,1.5500608336672477,total,S2_fb2p0
2024-02-27,1.5723465632636753,total,S2_fb2p0
2024-02-28,1.5659545194068165,total,S2_fb2p0
2024-02-29,1.5475922012445225,total,S2_fb2p0
2024-03-01,1.5921371327328293,total,S2_fb2p0
2024-03-04,1.5268980735024862,total,S2_fb2p0
2024-03-05,1.514996252609704,total,S2_fb2p0
2024-03-06,1.4975181525917862,total,S2_fb2p0
2024-03-07,1.5054398483527753,total,S2_fb2p0
2024-03-08,1.4995175523713606,total,S2_fb2p0
2024-03-11,1.5433345006134735,total,S2_fb2p0
2024-03-12,1.561696975636685,total,S2_fb2p0
2024-03-13,1.5576948393032246,total,S2_fb2p0
2024-03-14,1.5259123958289522,total,S2_fb2p0
2024-03-15,1.4972204264997278,total,S2_fb2p0
2024-03-18,1.5234632697642756,total,S2_fb2p0
2024-03-19,1.5462126689449969,total,S2_fb2p0
2024-03-20,1.582044042905224,total,S2_fb2p0
2024-03-21,1.542113902126696,total,S2_fb2p0
2024-03-22,1.5687980493064533,total,S2_fb2p0
2024-03-25,1.5602450113439807,total,S2_fb2p0
2024-03-26,1.524003471379414,total,S2_fb2p0
2024-03-27,1.5068717495880928,total,S2_fb2p0
2024-03-28,1.4889654701264832,total,S2_fb2p0
2024-03-29,1.448582526793813,total,S2_fb2p0
2024-04-01,1.5411187229909913,total,S2_fb2p0
2024-04-02,1.5584068282529078,total,S2_fb2p0
2024-04-03,1.5373109918176038,total,S2_fb2p0
2024-04-08,1.285845736496305,total,S2_fb2p0
2024-04-09,1.3113178474244205,total,S2_fb2p0
2024-04-10,1.3076698650848566,total,S2_fb2p0
2024-04-11,1.2921693764794482,total,S2_fb2p0
2024-04-12,1.2845241631298308,total,S2_fb2p0
2024-04-15,1.2733043739737908,total,S2_fb2p0
2024-04-16,1.3042671890048807,total,S2_fb2p0
2024-04-17,1.3121928344029468,total,S2_fb2p0
2024-04-18,1.3295769778095012,total,S2_fb2p0
2024-04-19,1.297935702365723,total,S2_fb2p0
2024-04-22,1.560967065436339,total,S2_fb2p0
2024-04-23,1.5602727225191393,total,S2_fb2p0
2024-04-24,1.603969980519406,total,S2_fb2p0
2024-04-25,1.5391361852576495,total,S2_fb2p0
2024-04-26,1.5581564771472227,total,S2_fb2p0
2024-04-29,1.582554973844328,total,S2_fb2p0
2024-04-30,1.5425978990770381,total,S2_fb2p0
2024-05-06,1.544499313425648,total,S2_fb2p0
2024-05-07,1.531880561075418,total,S2_fb2p0
2024-05-08,1.5413881034249173,total,S2_fb2p0
2024-05-09,1.5240070086790343,total,S2_fb2p0
2024-05-10,1.5158991795029753,total,S2_fb2p0
2024-05-13,1.5143175990610043,total,S2_fb2p0
2024-05-14,1.5012212415399837,total,S2_fb2p0
2024-05-15,1.5118485127747037,total,S2_fb2p0
2024-05-16,1.512266627510317,total,S2_fb2p0
2024-05-17,1.527783618079838,total,S2_fb2p0
2024-05-20,1.5377139898747507,total,S2_fb2p0
2024-05-21,1.5529147629666546,total,S2_fb2p0
2024-05-22,1.5345186789945573,total,S2_fb2p0
2024-05-23,1.5780758132096444,total,S2_fb2p0
2024-05-24,1.5693405901043518,total,S2_fb2p0
2024-05-27,1.2605931300629434,total,S2_fb2p0
2024-05-28,1.2531324766019984,total,S2_fb2p0
2024-05-29,1.2664501778839323,total,S2_fb2p0
2024-05-30,1.2332744682039085,total,S2_fb2p0
2024-05-31,1.255287214505972,total,S2_fb2p0
2024-06-03,1.0011910756758704,total,S2_fb2p0
2024-06-04,0.9848116728662615,total,S2_fb2p0
2024-06-05,0.9774483929938036,total,S2_fb2p0
2024-06-06,0.9810943890986641,total,S2_fb2p0
2024-06-07,0.9807330833957082,total,S2_fb2p0
2024-06-11,1.613953167678908,total,S2_fb2p0
2024-06-12,1.5906167107308968,total,S2_fb2p0
2024-06-13,1.5456566849597568,total,S2_fb2p0
2024-06-14,1.537016972458328,total,S2_fb2p0
2024-06-17,1.564132293326592,total,S2_fb2p0
2024-06-18,1.5287247941976676,total,S2_fb2p0
2024-06-19,1.5220997128786236,total,S2_fb2p0
2024-06-20,1.5032972698760847,total,S2_fb2p0
2024-06-21,1.4985558818714395,total,S2_fb2p0
2024-06-24,1.4244324306159024,total,S2_fb2p0
2024-06-25,1.4024984303824402,total,S2_fb2p0
2024-06-26,1.411755168419468,total,S2_fb2p0
2024-06-27,1.3995965165772193,total,S2_fb2p0
2024-06-28,1.388547503592077,total,S2_fb2p0
2024-07-01,1.424411937616162,total,S2_fb2p0
2024-07-02,1.4031498524736188,total,S2_fb2p0
2024-07-03,1.394821348276687,total,S2_fb2p0
2024-07-04,1.4139195637963624,total,S2_fb2p0
2024-07-05,1.4064669682422617,total,S2_fb2p0
2024-07-08,1.5661895444666227,total,S2_fb2p0
2024-07-09,1.5347634848349583,total,S2_fb2p0
2024-07-10,1.5322098732424008,total,S2_fb2p0
2024-07-11,1.546605177352211,total,S2_fb2p0
2024-07-12,1.549797368450097,total,S2_fb2p0
2024-07-15,1.4493667198288922,total,S2_fb2p0
2024-07-16,1.4517956101536442,total,S2_fb2p0
2024-07-17,1.4372068643989655,total,S2_fb2p0
2024-07-18,1.426345239688554,total,S2_fb2p0
2024-07-19,1.412802540332876,total,S2_fb2p0
2024-07-22,1.5349944886014135,total,S2_fb2p0
2024-07-23,1.4987885154136467,total,S2_fb2p0
2024-07-24,1.4807859294557408,total,S2_fb2p0
2024-07-25,1.450008496293779,total,S2_fb2p0
2024-07-26,1.456465962817937,total,S2_fb2p0
2024-07-29,1.419608239435016,total,S2_fb2p0
2024-07-30,1.3958770034681285,total,S2_fb2p0
2024-07-31,1.369835745004165,total,S2_fb2p0
2024-08-01,1.374036182729111,total,S2_fb2p0
2024-08-02,1.360147368696786,total,S2_fb2p0
2024-08-05,1.4760172576814747,total,S2_fb2p0
2024-08-06,1.4728537566296884,total,S2_fb2p0
2024-08-07,1.4394246492644964,total,S2_fb2p0
2024-08-08,1.466276483416318,total,S2_fb2p0
2024-08-09,1.504759057595113,total,S2_fb2p0
2024-08-12,1.4337458943015722,total,S2_fb2p0
2024-08-13,1.3848731883029253,total,S2_fb2p0
2024-08-14,1.3098416239804451,total,S2_fb2p0
2024-08-15,1.3001406711334806,total,S2_fb2p0
2024-08-16,1.3101737834345413,total,S2_fb2p0
2024-08-19,1.3144581009978584,total,S2_fb2p0
2024-08-20,1.339548700359739,total,S2_fb2p0
2024-08-21,1.356460821199582,total,S2_fb2p0
2024-08-22,1.3367236360162897,total,S2_fb2p0
2024-08-23,1.2979735857174177,total,S2_fb2p0
2024-08-26,1.3309594315198463,total,S2_fb2p0
2024-08-27,1.373037129673018,total,S2_fb2p0
2024-08-28,1.3601398480959215,total,S2_fb2p0
2024-08-29,1.3607849946760955,total,S2_fb2p0
2024-08-30,1.360886798085575,total,S2_fb2p0
2024-09-02,1.5206240667563098,total,S2_fb2p0
2024-09-03,1.4827805827269493,total,S2_fb2p0
2024-09-04,1.469195697558406,total,S2_fb2p0
2024-09-05,1.4629715865995723,total,S2_fb2p0
2024-09-06,1.4317713398228478,total,S2_fb2p0
2024-09-09,1.2787975258078508,total,S2_fb2p0
2024-09-10,1.2796320259541198,total,S2_fb2p0
2024-09-11,1.2755535656364532,total,S2_fb2p0
2024-09-12,1.2908436618155372,total,S2_fb2p0
2024-09-13,1.2824257845125502,total,S2_fb2p0
2024-09-18,1.522462799548865,total,S2_fb2p0
2024-09-19,1.5301260722410939,total,S2_fb2p0
2024-09-20,1.542128309805101,total,S2_fb2p0
2024-09-23,1.550309175843139,total,S2_fb2p0
2024-09-24,1.5743879686364184,total,S2_fb2p0
2024-09-25,1.562847591654339,total,S2_fb2p0
2024-09-26,1.5608739444545185,total,S2_fb2p0
2024-09-27,1.6391951292024773,total,S2_fb2p0
2024-09-30,1.6180017509887001,total,S2_fb2p0
2024-10-08,1.0554770421265263,total,S2_fb2p0
2024-10-09,1.0154685352014237,total,S2_fb2p0
2024-10-10,1.003784376803805,total,S2_fb2p0
2024-10-11,0.9852399098648438,total,S2_fb2p0
2024-10-14,0.8559864433601533,total,S2_fb2p0
2024-10-15,0.8653079848413545,total,S2_fb2p0
2024-10-16,0.8629875245543526,total,S2_fb2p0
2024-10-17,0.858220571539502,total,S2_fb2p0
2024-10-18,0.8538436000870511,total,S2_fb2p0
2024-10-21,0.9035091574899157,total,S2_fb2p0
2024-10-22,0.902780073073921,total,S2_fb2p0
2024-10-23,0.9001411014704946,total,S2_fb2p0
2024-10-24,0.9049581436198976,total,S2_fb2p0
2024-10-25,0.9092349030113183,total,S2_fb2p0
2024-10-28,0.989919034849323,total,S2_fb2p0
2024-10-29,1.0008755761346553,total,S2_fb2p0
2024-10-30,1.0030330375714411,total,S2_fb2p0
2024-10-31,1.0045998762385813,total,S2_fb2p0
2024-11-01,0.9932685960567309,total,S2_fb2p0
2024-11-04,0.8685003081021806,total,S2_fb2p0
2024-11-05,0.8608566887519143,total,S2_fb2p0
2024-11-06,0.8559201826551696,total,S2_fb2p0
2024-11-07,0.8492499791800662,total,S2_fb2p0
2024-11-08,0.8293374999756868,total,S2_fb2p0
2024-11-11,1.270984879445397,total,S2_fb2p0
2024-11-12,1.2760013337865947,total,S2_fb2p0
2024-11-13,1.3121888487932285,total,S2_fb2p0
2024-11-14,1.3239549348813573,total,S2_fb2p0
2024-11-15,1.309631777689411,total,S2_fb2p0
2024-11-18,1.51554944292756,total,S2_fb2p0
2024-11-19,1.482605265211997,total,S2_fb2p0
2024-11-20,1.4781171357424727,total,S2_fb2p0
2024-11-21,1.4883830263046312,total,S2_fb2p0
2024-11-22,1.5041953861116246,total,S2_fb2p0
2024-11-25,1.5638870399994564,total,S2_fb2p0
2024-11-26,1.5512826385643566,total,S2_fb2p0
2024-11-27,1.5539753685761264,total,S2_fb2p0
2024-11-28,1.5566238565715298,total,S2_fb2p0
2024-11-29,1.5617697003690265,total,S2_fb2p0
2024-12-02,1.2668217421182144,total,S2_fb2p0
2024-12-03,1.269335760836184,total,S2_fb2p0
2024-12-04,1.2287954186668384,total,S2_fb2p0
2024-12-05,1.2015872039360025,total,S2_fb2p0
2024-12-06,1.1999071926246767,total,S2_fb2p0
2024-12-09,1.279070233953828,total,S2_fb2p0
2024-12-10,1.287097489068855,total,S2_fb2p0
2024-12-11,1.2926578787420682,total,S2_fb2p0
2024-12-12,1.3105590987148583,total,S2_fb2p0
2024-12-13,1.2675987299143008,total,S2_fb2p0
2024-12-16,1.2333297869505995,total,S2_fb2p0
2024-12-17,1.2569884680777392,total,S2_fb2p0
2024-12-18,1.29498123012292,total,S2_fb2p0
2024-12-19,1.290522064732151,total,S2_fb2p0
2024-12-20,1.2615968283177714,total,S2_fb2p0
2024-12-23,1.0962350151320277,total,S2_fb2p0
2024-12-24,1.1014300396111505,total,S2_fb2p0
2024-12-25,1.109507119460425,total,S2_fb2p0
2024-12-26,1.1152597662953676,total,S2_fb2p0
2024-12-27,1.0944938048623607,total,S2_fb2p0
2024-12-30,1.4035672750931256,total,S2_fb2p0
2024-12-31,1.3872828307508036,total,S2_fb2p0
2025-01-02,1.376838578085853,total,S2_fb2p0
2025-01-03,1.3569474832534372,total,S2_fb2p0
2025-01-06,1.4242026262320784,total,S2_fb2p0
2025-01-07,1.4231143902326957,total,S2_fb2p0
2025-01-08,1.3941186557281262,total,S2_fb2p0
2025-01-09,1.4010533542916157,total,S2_fb2p0
2025-01-10,1.4205090861460294,total,S2_fb2p0
2025-01-13,1.1259559705066657,total,S2_fb2p0
2025-01-14,1.136845486250963,total,S2_fb2p0
2025-01-15,1.1365491914101642,total,S2_fb2p0
2025-01-16,1.148160420198171,total,S2_fb2p0
2025-01-17,1.1873605516050205,total,S2_fb2p0
2025-01-20,1.3813558322720456,total,S2_fb2p0
2025-01-21,1.3842561048207287,total,S2_fb2p0
2025-01-22,1.3616938771165836,total,S2_fb2p0
2025-01-23,1.3737134076805957,total,S2_fb2p0
2025-01-24,1.3817181163117578,total,S2_fb2p0
2025-01-27,1.5859682292995376,total,S2_fb2p0
2025-02-05,1.5157928637831177,total,S2_fb2p0
2025-02-06,1.504132818468017,total,S2_fb2p0
2025-02-07,1.5031238444337147,total,S2_fb2p0
2025-02-10,1.5651868875773254,total,S2_fb2p0
2025-02-11,1.5475024376470903,total,S2_fb2p0
2025-02-12,1.5515677287533038,total,S2_fb2p0
2025-02-13,1.5549956161460077,total,S2_fb2p0
2025-02-14,1.5664234803619037,total,S2_fb2p0
2025-02-17,1.5657234647507414,total,S2_fb2p0
2025-02-18,1.5958344784314447,total,S2_fb2p0
2025-02-19,1.5515598720259856,total,S2_fb2p0
2025-02-20,1.5508388416384917,total,S2_fb2p0
2025-02-21,1.5605023099479756,total,S2_fb2p0
2025-02-24,1.315824320232425,total,S2_fb2p0
2025-02-25,1.309690926656052,total,S2_fb2p0
2025-02-26,1.2970491216306286,total,S2_fb2p0
2025-02-27,1.2985598682161865,total,S2_fb2p0
2025-02-28,1.2865570702105684,total,S2_fb2p0
2025-03-03,1.3077238469611492,total,S2_fb2p0
2025-03-04,1.3070512677071515,total,S2_fb2p0
2025-03-05,1.3004475625227685,total,S2_fb2p0
2025-03-06,1.2683351412869717,total,S2_fb2p0
2025-03-07,1.2633039036885927,total,S2_fb2p0
2025-03-10,1.2906704480638473,total,S2_fb2p0
2025-03-11,1.295059538103883,total,S2_fb2p0
2025-03-12,1.2884234057805408,total,S2_fb2p0
2025-03-13,1.2943944738787414,total,S2_fb2p0
2025-03-14,1.3135682198586838,total,S2_fb2p0
2025-03-17,1.2945446238119727,total,S2_fb2p0
2025-03-18,1.2812908478786693,total,S2_fb2p0
2025-03-19,1.277378492787102,total,S2_fb2p0
2025-03-20,1.2633597757064479,total,S2_fb2p0
2025-03-21,1.2652696853943117,total,S2_fb2p0
2025-03-24,1.299512584293813,total,S2_fb2p0
2025-03-25,1.3091155978206899,total,S2_fb2p0
2025-03-26,1.2983802153838795,total,S2_fb2p0
2025-03-27,1.285343190265872,total,S2_fb2p0
2025-03-28,1.3016899912669018,total,S2_fb2p0
2025-03-31,1.2738932459250116,total,S2_fb2p0
2025-04-01,1.2609771118750512,total,S2_fb2p0
2025-04-02,1.2754359443064185,total,S2_fb2p0
2025-04-03,1.2574095813262858,total,S2_fb2p0
2025-04-07,1.177870296249161,total,S2_fb2p0
2025-04-08,1.1764203009279333,total,S2_fb2p0
2025-04-09,1.2454716886628674,total,S2_fb2p0
2025-04-10,1.2648086695834604,total,S2_fb2p0
2025-04-11,1.2979327381722943,total,S2_fb2p0
2025-04-14,1.2194278434108516,total,S2_fb2p0
2025-04-15,1.2394181571238763,total,S2_fb2p0
2025-04-16,1.2253108536934512,total,S2_fb2p0
2025-04-17,1.2215800065112359,total,S2_fb2p0
2025-04-18,1.2077606316747067,total,S2_fb2p0
2025-04-21,1.1003135007325553,total,S2_fb2p0
2025-04-22,1.0891203147758488,total,S2_fb2p0
2025-04-23,1.109862403531103,total,S2_fb2p0
2025-04-24,1.1222612375829024,total,S2_fb2p0
2025-04-25,1.1156985056901731,total,S2_fb2p0
2025-04-28,1.067054279945719,total,S2_fb2p0
2025-04-29,1.0460202329081267,total,S2_fb2p0
2025-04-30,1.0378679943721918,total,S2_fb2p0
2025-05-06,1.0291028555002386,total,S2_fb2p0
2025-05-07,1.0341934861873658,total,S2_fb2p0
2025-05-08,1.0022496683683724,total,S2_fb2p0
2025-05-09,0.9977512391300042,total,S2_fb2p0
2025-05-12,1.1024116763825216,total,S2_fb2p0
2025-05-13,1.14211688882365,total,S2_fb2p0
2025-05-14,1.1685019427341534,total,S2_fb2p0
2025-05-15,1.1819839268830803,total,S2_fb2p0
2025-05-16,1.1244395836526624,total,S2_fb2p0
2025-05-19,0.9440712831428396,total,S2_fb2p0
2025-05-20,0.9425690270985959,total,S2_fb2p0
2025-05-21,0.9991129150144075,total,S2_fb2p0
2025-05-22,0.9968728555656114,total,S2_fb2p0
2025-05-23,0.9905851039014717,total,S2_fb2p0
2025-05-26,0.8303499490662758,total,S2_fb2p0
2025-05-27,0.8222833017908153,total,S2_fb2p0
2025-05-28,0.8114836263302287,total,S2_fb2p0
2025-05-29,0.8013992350115823,total,S2_fb2p0
2025-05-30,0.8010832970894798,total,S2_fb2p0
2025-06-16,0.8613689647374626,total,S2_fb2p0
2025-06-17,0.8719021017911202,total,S2_fb2p0
2025-06-18,0.8766199633362797,total,S2_fb2p0
2025-06-19,0.8807340685867001,total,S2_fb2p0
2025-06-20,0.903785168374382,total,S2_fb2p0
2025-06-23,1.440163014708984,total,S2_fb2p0
2025-06-24,1.446851605925949,total,S2_fb2p0
2025-06-25,1.4597169549956504,total,S2_fb2p0
2025-06-26,1.4706913080324298,total,S2_fb2p0
2025-06-27,1.4804918348635978,total,S2_fb2p0
2025-06-30,1.587239974319168,total,S2_fb2p0
2025-07-01,1.5277052106629405,total,S2_fb2p0
2025-07-02,1.548100092200177,total,S2_fb2p0
2025-07-03,1.5745681734400858,total,S2_fb2p0
2025-07-04,1.5717740165229617,total,S2_fb2p0
2025-07-07,1.5478391850363384,total,S2_fb2p0
2025-07-08,1.538569466960505,total,S2_fb2p0
2025-07-09,1.5407044796426674,total,S2_fb2p0
2025-07-10,1.5412396413675666,total,S2_fb2p0
2025-07-11,1.5490183361174574,total,S2_fb2p0
2025-07-14,1.5878594230689227,total,S2_fb2p0
2025-07-15,1.5581686491484987,total,S2_fb2p0
2025-07-16,1.5424690676354749,total,S2_fb2p0
2025-07-17,1.5377628955025475,total,S2_fb2p0
2025-07-18,1.5272460626425195,total,S2_fb2p0
2025-07-21,1.3146877395702232,total,S2_fb2p0
2025-07-22,1.3146602579785391,total,S2_fb2p0
2025-07-23,1.292294663967253,total,S2_fb2p0
2025-07-24,1.3226872124337377,total,S2_fb2p0
2025-07-25,1.3197568168019578,total,S2_fb2p0
2025-07-28,1.3105457728536056,total,S2_fb2p0
2025-07-29,1.2911189521091473,total,S2_fb2p0
2025-07-30,1.305487793137111,total,S2_fb2p0
2025-07-31,1.2985614120513889,total,S2_fb2p0
2025-08-01,1.301547836472653,total,S2_fb2p0
2025-08-04,1.2988017879177536,total,S2_fb2p0
2025-08-05,1.270334324281231,total,S2_fb2p0
2025-08-06,1.2571497194107781,total,S2_fb2p0
2025-08-07,1.2503415777838325,total,S2_fb2p0
2025-08-08,1.2466334940210102,total,S2_fb2p0
2025-08-18,1.2940717379295554,total,S2_fb2p0
2025-08-19,1.2896285257740219,total,S2_fb2p0
2025-08-20,1.3131797004595,total,S2_fb2p0
2025-08-21,1.2837730878700888,total,S2_fb2p0
2025-08-22,1.2742495200194757,total,S2_fb2p0
2025-08-25,1.2899981480561842,total,S2_fb2p0
2025-08-26,1.2832201180842526,total,S2_fb2p0
2025-08-27,1.2647968234847469,total,S2_fb2p0
2025-08-28,1.2621665231563262,total,S2_fb2p0
2025-08-29,1.2621782315680377,total,S2_fb2p0
2025-09-01,0.8366382799372035,total,S2_fb2p0
2025-09-02,0.8697558895842774,total,S2_fb2p0
2025-09-03,0.8794013302193945,total,S2_fb2p0
2025-09-04,0.8823094506054823,total,S2_fb2p0
2025-09-05,0.8936262635108828,total,S2_fb2p0
2025-09-08,1.3160301916784372,total,S2_fb2p0
2025-09-09,1.3061073172120075,total,S2_fb2p0
2025-09-10,1.2851996489134845,total,S2_fb2p0
2025-09-11,1.2865977669969852,total,S2_fb2p0
2025-09-12,1.2873479157664107,total,S2_fb2p0
2025-09-15,1.3228270226879981,total,S2_fb2p0
2025-09-16,1.3174752151611187,total,S2_fb2p0
2025-09-17,1.2842681186481324,total,S2_fb2p0
2025-09-18,1.2929720175855586,total,S2_fb2p0
2025-09-19,1.308625254858276,total,S2_fb2p0
2025-09-22,1.3152778093524804,total,S2_fb2p0
2025-09-23,1.29149424499008,total,S2_fb2p0
2025-09-24,1.286115632150395,total,S2_fb2p0
2025-09-25,1.2859728365477605,total,S2_fb2p0
2025-09-26,1.2678391951626062,total,S2_fb2p0
2025-09-29,1.53009945516393,total,S2_fb2p0
2025-09-30,1.5072272007052452,total,S2_fb2p0
2025-10-09,1.223942582255691,total,S2_fb2p0
2025-10-10,1.217053708295074,total,S2_fb2p0
2025-10-13,0.9943906891717147,total,S2_fb2p0
2025-10-14,0.9955339521362112,total,S2_fb2p0
2025-10-15,0.9948021981806284,total,S2_fb2p0
2025-10-16,0.9822869185110248,total,S2_fb2p0
2025-10-17,0.9798623251154913,total,S2_fb2p0
2025-10-20,1.3192930632478632,total,S2_fb2p0
2025-10-21,1.301812408936675,total,S2_fb2p0
2025-10-22,1.3067811572744137,total,S2_fb2p0
2025-10-23,1.3032521183872559,total,S2_fb2p0
2025-10-24,1.2853072007013089,total,S2_fb2p0
2025-10-27,1.2486863297442576,total,S2_fb2p0
2025-10-28,1.2333643888809835,total,S2_fb2p0
2025-10-29,1.2240784413188768,total,S2_fb2p0
2025-10-30,1.2121006110624133,total,S2_fb2p0
2025-10-31,1.196649375625128,total,S2_fb2p0
2025-11-03,1.2863205410544902,total,S2_fb2p0
2025-11-04,1.2751331899946932,total,S2_fb2p0
2025-11-05,1.2661537684891186,total,S2_fb2p0
2025-11-06,1.2593973676648513,total,S2_fb2p0
2025-11-07,1.2584554062920248,total,S2_fb2p0
2025-11-10,1.5413590208198318,total,S2_fb2p0
2025-11-11,1.5289478944853794,total,S2_fb2p0
2025-11-12,1.5138224516370529,total,S2_fb2p0
2025-11-13,1.4972106805971364,total,S2_fb2p0
2025-11-14,1.4922827925385393,total,S2_fb2p0
2025-11-17,1.5829895877591171,total,S2_fb2p0
2025-11-18,1.581640200338586,total,S2_fb2p0
2025-11-19,1.5632945620269756,total,S2_fb2p0
2025-11-20,1.5241025933307684,total,S2_fb2p0
2025-11-21,1.5309926556716869,total,S2_fb2p0
2025-11-24,1.584132518224607,total,S2_fb2p0
2025-11-25,1.5692446421352326,total,S2_fb2p0
2025-11-26,1.5866965378255784,total,S2_fb2p0
2025-11-27,1.578321589285099,total,S2_fb2p0
2025-11-28,1.5730512679474684,total,S2_fb2p0
2025-12-01,1.5274834375887252,total,S2_fb2p0
2025-12-02,1.5253925914019775,total,S2_fb2p0
2025-12-03,1.50138290993244,total,S2_fb2p0
2025-12-04,1.5066061185184487,total,S2_fb2p0
2025-12-05,1.4717499699245684,total,S2_fb2p0
2025-12-08,1.3249198598895175,total,S2_fb2p0
2025-12-09,1.3152903194446481,total,S2_fb2p0
2025-12-10,1.2970425340332878,total,S2_fb2p0
2025-12-11,1.2841425292803326,total,S2_fb2p0
2025-12-12,1.2781850534329897,total,S2_fb2p0
2025-12-15,1.256294939009204,total,S2_fb2p0
2025-12-16,1.2779891154679852,total,S2_fb2p0
2025-12-17,1.273718094074435,total,S2_fb2p0
2025-12-18,1.2871639163757433,total,S2_fb2p0
2025-12-19,1.2633690197896792,total,S2_fb2p0
2025-12-22,1.516497087837656,total,S2_fb2p0
2025-12-23,1.5388407411942182,total,S2_fb2p0
2025-12-24,1.5525614395189868,total,S2_fb2p0
2025-12-25,1.5706905827974997,total,S2_fb2p0
2025-12-26,1.5247128763922149,total,S2_fb2p0
2025-12-29,1.5281415062321382,total,S2_fb2p0
2025-12-30,1.545843028252154,total,S2_fb2p0
2025-12-31,1.5156457740842841,total,S2_fb2p0
2026-01-05,0.918876548759137,total,S2_fb2p0
2026-01-06,0.9009409470657617,total,S2_fb2p0
2026-01-07,0.9126390685942731,total,S2_fb2p0
2026-01-08,0.943692975639215,total,S2_fb2p0
2026-01-09,0.9431526649158609,total,S2_fb2p0
2026-01-12,1.5365638847046297,total,S2_fb2p0
2026-01-13,1.5271709945451806,total,S2_fb2p0
2026-01-14,1.5222582706496102,total,S2_fb2p0
2026-01-15,1.5548675971992214,total,S2_fb2p0
2026-01-16,1.5756302184999331,total,S2_fb2p0
2026-01-19,1.2985294241116365,total,S2_fb2p0
2026-01-20,1.3059671724964157,total,S2_fb2p0
2026-01-21,1.3091234834918493,total,S2_fb2p0
2026-01-22,1.3039490699020366,total,S2_fb2p0
2026-01-23,1.2962102630485848,total,S2_fb2p0
2026-01-26,0.9413016351182651,total,S2_fb2p0
2026-01-27,0.9442349092979289,total,S2_fb2p0
2026-01-28,0.9264831414495583,total,S2_fb2p0
2026-01-29,0.9201975035346065,total,S2_fb2p0
2026-01-30,0.9172875467195515,total,S2_fb2p0
2026-02-02,1.593072417620105,total,S2_fb2p0
2026-02-03,1.5743631394602708,total,S2_fb2p0
2026-02-04,1.5466931696658968,total,S2_fb2p0
2026-02-05,1.5629353071719823,total,S2_fb2p0
2026-02-06,1.5730964895607742,total,S2_fb2p0
2026-02-10,0.7841707031925886,total,S2_fb2p0
2026-02-11,0.789882073567711,total,S2_fb2p0
2026-02-12,0.7948239460020725,total,S2_fb2p0
2026-02-13,0.8255861715201885,total,S2_fb2p0
2026-02-24,1.1671405271138604,total,S2_fb2p0
2026-02-25,1.202426868571449,total,S2_fb2p0
2026-02-26,1.203222162790109,total,S2_fb2p0
2026-02-27,1.1956127243919739,total,S2_fb2p0
2026-03-02,1.246351476698285,total,S2_fb2p0
2026-03-03,1.2149832347022982,total,S2_fb2p0
2026-03-04,1.2080041754061095,total,S2_fb2p0
2026-03-05,1.204689090585962,total,S2_fb2p0
2026-03-06,1.2132067450253734,total,S2_fb2p0
2026-03-09,1.4765482116678748,total,S2_fb2p0
2026-03-10,1.4526851903093225,total,S2_fb2p0
2026-03-11,1.463630397166474,total,S2_fb2p0
2026-03-12,1.4794288146848347,total,S2_fb2p0
2026-03-13,1.4777953867402165,total,S2_fb2p0
2026-03-16,1.1518536370888375,total,S2_fb2p0
2026-03-17,1.1245744802558368,total,S2_fb2p0
2026-03-18,1.109533693899529,total,S2_fb2p0
2026-03-19,1.0781535725127755,total,S2_fb2p0
2026-03-20,1.0905419842743753,total,S2_fb2p0
2026-03-30,0.8770174138220964,total,S2_fb2p0
2026-03-31,0.8672994413432108,total,S2_fb2p0
2026-04-01,0.8563213431066279,total,S2_fb2p0
2026-04-02,0.85372344627317,total,S2_fb2p0
2026-04-03,0.8440624301170722,total,S2_fb2p0
2026-04-20,1.6252679324468176,total,S2_fb2p0
2026-04-21,1.5718428216331972,total,S2_fb2p0
2026-04-22,1.5683462673198987,total,S2_fb2p0
2026-04-23,1.5825915005262472,total,S2_fb2p0
2026-04-24,1.5505554221547584,total,S2_fb2p0
2026-04-27,1.2837525333325357,total,S2_fb2p0
2026-04-28,1.2595184836013171,total,S2_fb2p0
2026-04-29,1.2587305148930596,total,S2_fb2p0
2026-04-30,1.2814457275835418,total,S2_fb2p0
2026-05-06,1.3081798064761263,total,S2_fb2p0
2026-05-07,1.3098363282647723,total,S2_fb2p0
2026-05-08,1.3008456276966776,total,S2_fb2p0
2026-05-11,0.7852858746262661,total,S2_fb2p0
2026-05-18,1.28408424778109,total,S2_fb2p0
2026-05-19,1.289475860651869,total,S2_fb2p0
2026-05-20,1.288376937137567,total,S2_fb2p0
2026-05-21,1.3019545571408664,total,S2_fb2p0
2026-05-22,1.3185947016889332,total,S2_fb2p0
2026-05-25,1.5736109837838677,total,S2_fb2p0
2026-05-26,1.5418645457276838,total,S2_fb2p0
2026-05-27,1.5104369591132585,total,S2_fb2p0
2026-05-28,1.4986183408918907,total,S2_fb2p0
2026-05-29,1.4826921570656553,total,S2_fb2p0
2026-06-01,1.5488947775198325,total,S2_fb2p0
2026-06-02,1.5253482235450266,total,S2_fb2p0
2026-06-03,1.5243128038765532,total,S2_fb2p0
2026-06-04,1.4977812024541972,total,S2_fb2p0
2026-06-05,1.505273337043244,total,S2_fb2p0
2026-06-08,1.6117056358070287,total,S2_fb2p0
2026-06-09,1.5755146097725676,total,S2_fb2p0
2026-06-10,1.590565430564486,total,S2_fb2p0
2026-06-11,1.5698826981020981,total,S2_fb2p0
2026-06-12,1.562201434956235,total,S2_fb2p0
2026-06-15,1.5692768872705996,total,S2_fb2p0
2026-06-16,1.5328178623434525,total,S2_fb2p0
2026-06-17,1.53075435082626,total,S2_fb2p0
2026-06-18,1.514863395936693,total,S2_fb2p0
2026-06-22,1.5596650941094743,total,S2_fb2p0
2026-06-23,1.543150884146625,total,S2_fb2p0
2026-06-24,1.5245590892309948,total,S2_fb2p0
2026-06-25,1.5078813154724964,total,S2_fb2p0
2026-06-26,1.5114225759517501,total,S2_fb2p0
2026-06-29,1.5611605752751867,total,S2_fb2p0
2026-06-30,1.567239284072535,total,S2_fb2p0
2026-07-01,1.5622576461276638,total,S2_fb2p0
2026-07-02,1.5493402586986311,total,S2_fb2p0
2026-07-03,1.544022336872154,total,S2_fb2p0
2026-07-06,1.5613103445322192,total,S2_fb2p0
2026-07-07,1.5402501778273434,total,S2_fb2p0
2026-07-08,1.5408441753731414,total,S2_fb2p0
2026-07-09,1.5438977374885734,total,S2_fb2p0
2026-07-10,1.5840109122588875,total,S2_fb2p0
2026-07-13,1.0331075908593415,total,S2_fb2p0
2026-07-14,1.0613544115714628,total,S2_fb2p0
2026-07-15,1.1017229072415706,total,S2_fb2p0
2026-07-16,1.0985150638877665,total,S2_fb2p0
2026-07-17,1.107776397823907,total,S2_fb2p0
2026-07-20,1.543883089837098,total,S2_fb2p0
2026-07-21,1.5065630363189404,total,S2_fb2p0
2026-07-22,1.5035336482361759,total,S2_fb2p0
2026-07-23,1.5248798676001523,total,S2_fb2p0
2026-07-24,1.5225493062612152,total,S2_fb2p0
2026-07-27,1.5767373059327532,total,S2_fb2p0
2026-07-28,1.5448370685908022,total,S2_fb2p0
2026-07-29,1.5402015293829905,total,S2_fb2p0
2026-07-30,1.4871066896764178,total,S2_fb2p0
2026-07-31,1.4665858066086574,total,S2_fb2p0
2026-08-03,1.5390020538472604,total,S2_fb2p0
2026-08-04,1.5303569054439996,total,S2_fb2p0
2026-08-05,1.5398084804418102,total,S2_fb2p0
2026-08-06,1.5630832806905595,total,S2_fb2p0
2026-08-07,1.5507270045678663,total,S2_fb2p0
2026-08-10,1.5551275691027717,total,S2_fb2p0
2026-08-11,1.5519388334985789,total,S2_fb2p0
2026-08-12,1.5513034581879648,total,S2_fb2p0
2026-08-13,1.5489418037690008,total,S2_fb2p0
2026-08-14,1.5970645208881808,total,S2_fb2p0
2026-08-17,1.5555499560268506,total,S2_fb2p0
2026-08-18,1.55052137021627,total,S2_fb2p0
2026-08-19,1.5789174064992137,total,S2_fb2p0
2026-08-20,1.570622128010376,total,S2_fb2p0
2026-08-21,1.5648733623054991,total,S2_fb2p0
2026-08-24,1.5831837929537487,total,S2_fb2p0
2026-08-25,1.563892640509503,total,S2_fb2p0
2026-08-26,1.5611709239045564,total,S2_fb2p0
2026-08-27,1.5774093454816378,total,S2_fb2p0
2026-08-28,1.5759031623469415,total,S2_fb2p0
2026-08-31,1.5958589640350445,total,S2_fb2p0
