date,util,kind,scenario
2015-01-19,1.163401686277798,comm,S2_fb2p0
2015-01-20,1.1523736419179778,comm,S2_fb2p0
2015-01-21,1.156143294054643,comm,S2_fb2p0
2015-01-22,1.161905490139787,comm,S2_fb2p0
2015-01-23,1.159615776309583,comm,S2_fb2p0
2015-01-26,1.1436411136942193,comm,S2_fb2p0
2015-01-27,1.1492575043908257,comm,S2_fb2p0
2015-01-28,1.226966949445746,comm,S2_fb2p0
2015-01-29,1.2433911449703734,comm,S2_fb2p0
2015-01-30,1.2287829978596834,comm,S2_fb2p0
2015-02-02,1.2374365122395286,comm,S2_fb2p0
2015-02-03,1.2745870874201097,comm,S2_fb2p0
2015-02-04,1.3032916996624349,comm,S2_fb2p0
2015-02-05,1.2931274835906506,comm,S2_fb2p0
2015-02-06,1.336441623763078,comm,S2_fb2p0
2015-02-09,1.2271036542355875,comm,S2_fb2p0
2015-02-10,1.2166134414741996,comm,S2_fb2p0
2015-02-11,1.197682417824646,comm,S2_fb2p0
2015-02-12,1.1890450630643352,comm,S2_fb2p0
2015-02-13,1.2256716375067773,comm,S2_fb2p0
2015-02-16,1.2656949558291521,comm,S2_fb2p0
2015-02-17,1.2553851108701475,comm,S2_fb2p0
2015-02-25,1.2371471460563073,comm,S2_fb2p0
2015-02-26,1.2565708861316973,comm,S2_fb2p0
2015-02-27,1.2586636222361336,comm,S2_fb2p0
2015-03-02,1.263545868686268,comm,S2_fb2p0
2015-03-03,1.283032365877276,comm,S2_fb2p0
2015-03-04,1.2399332314012428,comm,S2_fb2p0
2015-03-05,1.2336217681828028,comm,S2_fb2p0
2015-03-06,1.2443547175594616,comm,S2_fb2p0
2015-03-09,1.1470213384996755,comm,S2_fb2p0
2015-03-10,1.1803782346492846,comm,S2_fb2p0
2015-03-11,1.1575412357097161,comm,S2_fb2p0
2015-03-12,1.1873855939552327,comm,S2_fb2p0
2015-03-13,1.215969515391738,comm,S2_fb2p0
2015-03-16,1.1813954085150948,comm,S2_fb2p0
2015-03-17,1.1929236497370268,comm,S2_fb2p0
2015-03-18,1.1806132242243028,comm,S2_fb2p0
2015-03-19,1.211591456886788,comm,S2_fb2p0
2015-03-20,1.23344706374604,comm,S2_fb2p0
2015-03-23,1.1651026229726047,comm,S2_fb2p0
2015-03-24,1.2619793503554808,comm,S2_fb2p0
2015-03-25,1.2525205686825511,comm,S2_fb2p0
2015-03-26,1.2453414312088733,comm,S2_fb2p0
2015-03-27,1.2200185352250832,comm,S2_fb2p0
2015-03-30,1.1419792698095295,comm,S2_fb2p0
2015-03-31,1.1372480089336297,comm,S2_fb2p0
2015-04-01,1.1204951854060665,comm,S2_fb2p0
2015-04-02,1.1094460193616131,comm,S2_fb2p0
2015-04-03,1.1054254270189605,comm,S2_fb2p0
2015-04-07,1.191878430394524,comm,S2_fb2p0
2015-04-08,1.1755955754724436,comm,S2_fb2p0
2015-04-09,1.1687938911010511,comm,S2_fb2p0
2015-04-10,1.1490954508457307,comm,S2_fb2p0
2015-04-13,1.1778380752868245,comm,S2_fb2p0
2015-04-14,1.1791214175926437,comm,S2_fb2p0
2015-04-15,1.1930764305600794,comm,S2_fb2p0
2015-04-16,1.2136156236639732,comm,S2_fb2p0
2015-04-17,1.223241907998927,comm,S2_fb2p0
2015-04-20,1.2313366715125311,comm,S2_fb2p0
2015-04-21,1.247228768949894,comm,S2_fb2p0
2015-04-22,1.2796986458227722,comm,S2_fb2p0
2015-04-23,1.3037771928137374,comm,S2_fb2p0
2015-04-24,1.3257291050512159,comm,S2_fb2p0
2015-04-27,1.35666998873679,comm,S2_fb2p0
2015-04-28,1.3476999271078451,comm,S2_fb2p0
2015-04-29,1.265231652573159,comm,S2_fb2p0
2015-04-30,1.2683072746853579,comm,S2_fb2p0
2015-05-04,1.3114788585355628,comm,S2_fb2p0
2015-05-05,1.3302298476061474,comm,S2_fb2p0
2015-05-06,1.3359141287323966,comm,S2_fb2p0
2015-05-07,1.268831825098083,comm,S2_fb2p0
2015-05-08,1.2597095607983964,comm,S2_fb2p0
2015-05-11,1.289304031694409,comm,S2_fb2p0
2015-05-12,1.2724002909108951,comm,S2_fb2p0
2015-05-13,1.2642711247733098,comm,S2_fb2p0
2015-05-14,1.23407776877829,comm,S2_fb2p0
2015-05-15,1.2391894744203376,comm,S2_fb2p0
2015-05-18,1.2490292728981225,comm,S2_fb2p0
2015-05-19,1.2214583496071703,comm,S2_fb2p0
2015-05-20,1.1837114337089258,comm,S2_fb2p0
2015-05-21,1.198790735927856,comm,S2_fb2p0
2015-05-22,1.2042813302032258,comm,S2_fb2p0
2015-05-25,1.2152057130727025,comm,S2_fb2p0
2015-05-26,1.247848922109512,comm,S2_fb2p0
2015-05-27,1.234785785019028,comm,S2_fb2p0
2015-05-28,1.2442726662312615,comm,S2_fb2p0
2015-05-29,1.2603397237399647,comm,S2_fb2p0
2015-06-01,1.254488661316965,comm,S2_fb2p0
2015-06-02,1.2539062034230388,comm,S2_fb2p0
2015-06-03,1.2570135482057658,comm,S2_fb2p0
2015-06-04,1.2503416734946606,comm,S2_fb2p0
2015-06-05,1.2492546757219352,comm,S2_fb2p0
2015-06-08,1.185227224404942,comm,S2_fb2p0
2015-06-09,1.1885571602840344,comm,S2_fb2p0
2015-06-10,1.191487875089261,comm,S2_fb2p0
2015-06-11,1.1819640848516824,comm,S2_fb2p0
2015-06-12,1.1353413953753524,comm,S2_fb2p0
2015-06-15,1.14659367899967,comm,S2_fb2p0
2015-06-16,1.1264303417632884,comm,S2_fb2p0
2015-06-17,1.1204959329248971,comm,S2_fb2p0
2015-06-18,1.1158566715389617,comm,S2_fb2p0
2015-06-19,1.1279134581510286,comm,S2_fb2p0
2015-06-23,1.1904117279037771,comm,S2_fb2p0
2015-06-24,1.1983684444614522,comm,S2_fb2p0
2015-06-25,1.1829692153836115,comm,S2_fb2p0
2015-06-26,1.2415912775876918,comm,S2_fb2p0
2015-06-29,1.2468337036920931,comm,S2_fb2p0
2015-06-30,1.1787221704890518,comm,S2_fb2p0
2015-07-01,1.1768311126104292,comm,S2_fb2p0
2015-07-02,1.2112735550320566,comm,S2_fb2p0
2015-07-03,1.2215359549210993,comm,S2_fb2p0
2015-07-06,1.2079717171668038,comm,S2_fb2p0
2015-07-07,1.1659573196198032,comm,S2_fb2p0
2015-07-08,1.0817266445687463,comm,S2_fb2p0
2015-07-09,1.1113868632553112,comm,S2_fb2p0
2015-07-10,1.174272263994892,comm,S2_fb2p0
2015-07-13,0.9431704773757946,comm,S2_fb2p0
2015-07-14,0.9539141414234084,comm,S2_fb2p0
2015-07-15,0.9413607906849847,comm,S2_fb2p0
2015-07-16,0.9371552291137435,comm,S2_fb2p0
2015-07-17,0.9631449526503238,comm,S2_fb2p0
2015-07-20,0.9595566743946804,comm,S2_fb2p0
2015-07-21,0.9850282628200366,comm,S2_fb2p0
2015-07-22,1.011191391418511,comm,S2_fb2p0
2015-07-23,0.9916271644004673,comm,S2_fb2p0
2015-07-24,0.9906096761851286,comm,S2_fb2p0
2015-07-27,0.9914042325664875,comm,S2_fb2p0
2015-07-28,0.9880450360585177,comm,S2_fb2p0
2015-07-29,1.012794849908786,comm,S2_fb2p0
2015-07-30,0.9951438728237849,comm,S2_fb2p0
2015-07-31,0.9866331433459808,comm,S2_fb2p0
2015-08-03,1.0486087609262749,comm,S2_fb2p0
2015-08-04,1.021197990274006,comm,S2_fb2p0
2015-08-05,1.0258523953340115,comm,S2_fb2p0
2015-08-06,1.0107834532138644,comm,S2_fb2p0
2015-08-07,0.9898906451723638,comm,S2_fb2p0
2015-08-10,0.9445292029181273,comm,S2_fb2p0
2015-08-11,0.9692501154925867,comm,S2_fb2p0
2015-08-12,0.9696382359738596,comm,S2_fb2p0
2015-08-13,0.997128817886863,comm,S2_fb2p0
2015-08-14,0.9834697346801161,comm,S2_fb2p0
2015-08-17,1.0549600245938975,comm,S2_fb2p0
2015-08-18,1.0385433371012727,comm,S2_fb2p0
2015-08-19,1.0095710510387397,comm,S2_fb2p0
2015-08-20,1.008172345095273,comm,S2_fb2p0
2015-08-21,1.0099011673360048,comm,S2_fb2p0
2015-08-24,1.004457098717877,comm,S2_fb2p0
2015-08-25,0.9689965364191957,comm,S2_fb2p0
2015-08-26,0.9777803856384688,comm,S2_fb2p0
2015-08-27,0.9712783860623507,comm,S2_fb2p0
2015-08-28,1.000901988720316,comm,S2_fb2p0
2015-08-31,1.0696465565738769,comm,S2_fb2p0
2015-09-01,1.0555556129761094,comm,S2_fb2p0
2015-09-02,1.0526835553450231,comm,S2_fb2p0
2015-09-07,0.9301761800498588,comm,S2_fb2p0
2015-09-08,0.9368106712245368,comm,S2_fb2p0
2015-09-09,0.9964354156137556,comm,S2_fb2p0
2015-09-10,0.9811349044820015,comm,S2_fb2p0
2015-09-11,0.9984291419423732,comm,S2_fb2p0
2015-09-14,0.957558735960821,comm,S2_fb2p0
2015-09-15,0.9370044385890278,comm,S2_fb2p0
2015-09-16,0.9397256505143112,comm,S2_fb2p0
2015-09-17,0.948169156907187,comm,S2_fb2p0
2015-09-18,0.9411935938731013,comm,S2_fb2p0
2015-09-21,1.1177373472516268,comm,S2_fb2p0
2015-09-22,1.1469075531176727,comm,S2_fb2p0
2015-09-23,1.1332276894241395,comm,S2_fb2p0
2015-09-24,1.1365750348358172,comm,S2_fb2p0
2015-09-25,1.1424080099404235,comm,S2_fb2p0
2015-09-28,1.009389346491258,comm,S2_fb2p0
2015-09-29,0.9626266155868756,comm,S2_fb2p0
2015-09-30,0.9532024328170121,comm,S2_fb2p0
2015-10-08,0.960518174190421,comm,S2_fb2p0
2015-10-09,0.9711532808692133,comm,S2_fb2p0
2015-10-12,1.213544798581371,comm,S2_fb2p0
2015-10-13,1.1741707257601663,comm,S2_fb2p0
2015-10-14,1.1672047211329237,comm,S2_fb2p0
2015-10-15,1.1547586054133308,comm,S2_fb2p0
2015-10-16,1.13085825856104,comm,S2_fb2p0
2015-10-19,1.153399244969212,comm,S2_fb2p0
2015-10-20,1.1067984565183415,comm,S2_fb2p0
2015-10-21,1.0789945923370081,comm,S2_fb2p0
2015-10-22,1.0619915620581704,comm,S2_fb2p0
2015-10-23,1.0562839674258226,comm,S2_fb2p0
2015-10-26,1.0851264571893446,comm,S2_fb2p0
2015-10-27,1.0913392046458383,comm,S2_fb2p0
2015-10-28,1.0732545780978686,comm,S2_fb2p0
2015-10-29,1.061836999093804,comm,S2_fb2p0
2015-10-30,1.0552193825855258,comm,S2_fb2p0
2015-11-02,1.1548255077351424,comm,S2_fb2p0
2015-11-03,1.1668009157431884,comm,S2_fb2p0
2015-11-04,1.1803126201870284,comm,S2_fb2p0
2015-11-05,1.254137167425298,comm,S2_fb2p0
2015-11-06,1.2652654233933327,comm,S2_fb2p0
2015-11-09,1.2094411472072317,comm,S2_fb2p0
2015-11-10,1.1777111145297787,comm,S2_fb2p0
2015-11-11,1.1336257989480731,comm,S2_fb2p0
2015-11-12,1.1259556160092787,comm,S2_fb2p0
2015-11-13,1.1239117115365673,comm,S2_fb2p0
2015-11-16,1.0632629967460723,comm,S2_fb2p0
2015-11-17,1.0466888515083115,comm,S2_fb2p0
2015-11-18,1.0688551793985754,comm,S2_fb2p0
2015-11-19,1.0311812493621533,comm,S2_fb2p0
2015-11-20,1.0092162591854823,comm,S2_fb2p0
2015-11-23,1.0377838037330926,comm,S2_fb2p0
2015-11-24,1.015487603214059,comm,S2_fb2p0
2015-11-25,1.0408510354672016,comm,S2_fb2p0
2015-11-26,1.0953269680340598,comm,S2_fb2p0
2015-11-27,1.12739787726624,comm,S2_fb2p0
2015-11-30,0.9267918731133684,comm,S2_fb2p0
2015-12-01,0.9301171871070965,comm,S2_fb2p0
2015-12-02,0.958865303436627,comm,S2_fb2p0
2015-12-03,0.934090034528619,comm,S2_fb2p0
2015-12-04,0.9282455028632565,comm,S2_fb2p0
2015-12-07,0.9510954383809744,comm,S2_fb2p0
2015-12-08,0.9344241785692547,comm,S2_fb2p0
2015-12-09,0.9427513946366995,comm,S2_fb2p0
2015-12-10,0.9453335234991713,comm,S2_fb2p0
2015-12-11,0.9501851250827882,comm,S2_fb2p0
2015-12-14,0.9623854772793348,comm,S2_fb2p0
2015-12-15,0.9753768870467334,comm,S2_fb2p0
2015-12-16,0.963507436994437,comm,S2_fb2p0
2015-12-17,0.9807622537820779,comm,S2_fb2p0
2015-12-18,0.9976812926632326,comm,S2_fb2p0
2015-12-21,1.0788754253963864,comm,S2_fb2p0
2015-12-22,1.0930681177767634,comm,S2_fb2p0
2015-12-23,1.0795382557992939,comm,S2_fb2p0
2015-12-24,1.1005772765772364,comm,S2_fb2p0
2015-12-25,1.100056479442746,comm,S2_fb2p0
2015-12-28,1.0764339947561883,comm,S2_fb2p0
2015-12-29,1.0962779811607593,comm,S2_fb2p0
2015-12-30,1.134374463075172,comm,S2_fb2p0
2015-12-31,1.138586355742673,comm,S2_fb2p0
2016-01-04,1.1099291883343163,comm,S2_fb2p0
2016-01-05,1.0998255753484554,comm,S2_fb2p0
2016-01-06,1.1060194468804654,comm,S2_fb2p0
2016-01-07,1.1053716981699875,comm,S2_fb2p0
2016-01-08,1.0918389757455589,comm,S2_fb2p0
2016-01-11,1.109378098789611,comm,S2_fb2p0
2016-01-12,1.0841678385173223,comm,S2_fb2p0
2016-01-13,1.0609379958801057,comm,S2_fb2p0
2016-01-14,1.0702828819282342,comm,S2_fb2p0
2016-01-15,1.0946712249983181,comm,S2_fb2p0
2016-01-18,1.171635209472799,comm,S2_fb2p0
2016-01-19,1.1954344324364172,comm,S2_fb2p0
2016-01-20,1.204322933541872,comm,S2_fb2p0
2016-01-21,1.1908250711592483,comm,S2_fb2p0
2016-01-22,1.2118414442158012,comm,S2_fb2p0
2016-01-25,1.2406162588779102,comm,S2_fb2p0
2016-01-26,1.2326183472921892,comm,S2_fb2p0
2016-01-27,1.2578983359895886,comm,S2_fb2p0
2016-01-28,1.2437926023253378,comm,S2_fb2p0
2016-01-29,1.2606140974113003,comm,S2_fb2p0
2016-02-01,1.2614090953366448,comm,S2_fb2p0
2016-02-02,1.2472321006356115,comm,S2_fb2p0
2016-02-03,1.2529844604584337,comm,S2_fb2p0
2016-02-04,1.2920771419562158,comm,S2_fb2p0
2016-02-05,1.2850912293446548,comm,S2_fb2p0
2016-02-15,1.2795311753685417,comm,S2_fb2p0
2016-02-16,1.3284717192086102,comm,S2_fb2p0
2016-02-17,1.3048513243825444,comm,S2_fb2p0
2016-02-18,1.2825669942091764,comm,S2_fb2p0
2016-02-19,1.2975212102398763,comm,S2_fb2p0
2016-02-22,1.36627120381815,comm,S2_fb2p0
2016-02-23,1.3037236938287977,comm,S2_fb2p0
2016-02-24,1.251133363626851,comm,S2_fb2p0
2016-02-25,1.253534919827509,comm,S2_fb2p0
2016-02-26,1.2220832657113627,comm,S2_fb2p0
2016-02-29,1.2668708813632388,comm,S2_fb2p0
2016-03-01,1.3041825521680606,comm,S2_fb2p0
2016-03-02,1.318040391780738,comm,S2_fb2p0
2016-03-03,1.3099449369130014,comm,S2_fb2p0
2016-03-04,1.3235698117755865,comm,S2_fb2p0
2016-03-07,1.2350826901788932,comm,S2_fb2p0
2016-03-08,1.2997676977006258,comm,S2_fb2p0
2016-03-09,1.2195735739102245,comm,S2_fb2p0
2016-03-10,1.2459406251480203,comm,S2_fb2p0
2016-03-11,1.19464670668212,comm,S2_fb2p0
2016-03-14,0.9112322069451249,comm,S2_fb2p0
2016-03-15,0.8811386320365546,comm,S2_fb2p0
2016-03-16,0.8751552982453469,comm,S2_fb2p0
2016-03-17,0.9001001946122792,comm,S2_fb2p0
2016-03-18,0.9554918379885793,comm,S2_fb2p0
2016-03-21,1.0453482297494827,comm,S2_fb2p0
2016-03-22,1.0659484577356608,comm,S2_fb2p0
2016-03-23,1.0664890266433749,comm,S2_fb2p0
2016-03-24,1.050118442657119,comm,S2_fb2p0
2016-03-25,1.0552994166610976,comm,S2_fb2p0
2016-03-28,1.0493855691992864,comm,S2_fb2p0
2016-03-29,1.0344661485177873,comm,S2_fb2p0
2016-03-30,1.0120821373935314,comm,S2_fb2p0
2016-03-31,1.0144015941475069,comm,S2_fb2p0
2016-04-01,1.1121809379936198,comm,S2_fb2p0
2016-04-05,0.9765105876305061,comm,S2_fb2p0
2016-04-06,0.977836446982167,comm,S2_fb2p0
2016-04-07,0.9742898783236865,comm,S2_fb2p0
2016-04-08,0.944583321949265,comm,S2_fb2p0
2016-04-11,0.9515528874361323,comm,S2_fb2p0
2016-04-12,0.9646165689395868,comm,S2_fb2p0
2016-04-13,1.0139597942781462,comm,S2_fb2p0
2016-04-14,1.0341780742518345,comm,S2_fb2p0
2016-04-15,1.0091013057639797,comm,S2_fb2p0
2016-04-18,0.9916372806473535,comm,S2_fb2p0
2016-04-19,0.9796158832349768,comm,S2_fb2p0
2016-04-20,0.9866067391993822,comm,S2_fb2p0
2016-04-21,1.021535529662169,comm,S2_fb2p0
2016-04-22,1.0562406258470691,comm,S2_fb2p0
2016-04-25,0.9653108750910698,comm,S2_fb2p0
2016-04-26,0.9612376270422629,comm,S2_fb2p0
2016-04-27,0.9777901422976975,comm,S2_fb2p0
2016-04-28,0.9471714685475152,comm,S2_fb2p0
2016-04-29,0.8570579666125387,comm,S2_fb2p0
2016-05-03,0.724399119659444,comm,S2_fb2p0
2016-05-04,0.7105433068230425,comm,S2_fb2p0
2016-05-05,0.7097826097148038,comm,S2_fb2p0
2016-05-06,0.6924892113544587,comm,S2_fb2p0
2016-06-23,0.6512899928092718,comm,S2_fb2p0
2016-06-27,0.6789176312135057,comm,S2_fb2p0
2016-06-28,0.6999945975398278,comm,S2_fb2p0
2016-06-29,0.7030873114824273,comm,S2_fb2p0
2016-06-30,0.7068960477668566,comm,S2_fb2p0
2016-07-01,0.7135109398920911,comm,S2_fb2p0
2016-07-04,0.9080161358389788,comm,S2_fb2p0
2016-07-05,0.9477137201925363,comm,S2_fb2p0
2016-07-06,0.9203891621355114,comm,S2_fb2p0
2016-07-07,0.9005540889312733,comm,S2_fb2p0
2016-07-08,0.8964256127311135,comm,S2_fb2p0
2016-07-11,0.8560724490107938,comm,S2_fb2p0
2016-07-12,0.8521609416647061,comm,S2_fb2p0
2016-07-13,0.8506883177404935,comm,S2_fb2p0
2016-07-14,0.8450159871579902,comm,S2_fb2p0
2016-07-15,0.8392064829100222,comm,S2_fb2p0
2016-07-18,0.8797867207388245,comm,S2_fb2p0
2016-07-19,0.8941990186482117,comm,S2_fb2p0
2016-07-20,0.8826010511924111,comm,S2_fb2p0
2016-07-21,0.8789651717842452,comm,S2_fb2p0
2016-07-22,0.8746239053298855,comm,S2_fb2p0
2016-07-25,0.87256752714056,comm,S2_fb2p0
2016-07-26,0.8599213523309758,comm,S2_fb2p0
2016-07-27,0.8576396586235813,comm,S2_fb2p0
2016-07-28,0.8365163938112424,comm,S2_fb2p0
2016-07-29,0.8405870358004656,comm,S2_fb2p0
2016-08-01,0.8255339514589062,comm,S2_fb2p0
2016-08-02,0.8167434642723796,comm,S2_fb2p0
2016-08-03,0.8118627194640071,comm,S2_fb2p0
2016-08-04,0.8159051632293656,comm,S2_fb2p0
2016-08-05,0.799690108509142,comm,S2_fb2p0
2016-08-08,0.7934338372713231,comm,S2_fb2p0
2016-08-09,0.7822045275485221,comm,S2_fb2p0
2016-08-10,0.8051943865758533,comm,S2_fb2p0
2016-08-11,0.8018145675468938,comm,S2_fb2p0
2016-08-12,0.7932921703664367,comm,S2_fb2p0
2016-08-15,0.8457321320483333,comm,S2_fb2p0
2016-08-16,0.8440570587340964,comm,S2_fb2p0
2016-08-17,0.8514708488326796,comm,S2_fb2p0
2016-08-18,0.8414729494662573,comm,S2_fb2p0
2016-08-19,0.8721085335324844,comm,S2_fb2p0
2016-08-22,0.8872787683014123,comm,S2_fb2p0
2016-08-23,0.8965271360897011,comm,S2_fb2p0
2016-08-24,0.8945332189249915,comm,S2_fb2p0
2016-08-25,0.9014528520230173,comm,S2_fb2p0
2016-08-26,0.8866502784868123,comm,S2_fb2p0
2016-08-29,0.9315732711123083,comm,S2_fb2p0
2016-08-30,0.9555434813696275,comm,S2_fb2p0
2016-08-31,0.9572837245742722,comm,S2_fb2p0
2016-09-01,0.9665851264142281,comm,S2_fb2p0
2016-09-02,0.9601526395076457,comm,S2_fb2p0
2016-09-05,0.8706730893897988,comm,S2_fb2p0
2016-09-06,0.8724349970602041,comm,S2_fb2p0
2016-09-07,0.8856898640807948,comm,S2_fb2p0
2016-09-08,0.8876062733885918,comm,S2_fb2p0
2016-09-09,0.8824747212168549,comm,S2_fb2p0
2016-09-12,0.829435654021711,comm,S2_fb2p0
2016-09-13,0.8335411434502396,comm,S2_fb2p0
2016-09-14,0.8411904054734823,comm,S2_fb2p0
2016-09-19,0.8561565020725692,comm,S2_fb2p0
2016-09-20,0.8540138630947791,comm,S2_fb2p0
2016-09-21,0.8453367462419611,comm,S2_fb2p0
2016-09-22,0.8360738299422955,comm,S2_fb2p0
2016-09-23,0.8253680901145886,comm,S2_fb2p0
2016-09-26,0.7363600911997804,comm,S2_fb2p0
2016-09-27,0.7364349435396021,comm,S2_fb2p0
2016-09-28,0.7360891563051185,comm,S2_fb2p0
2016-09-29,0.7293932774567349,comm,S2_fb2p0
2016-09-30,0.7235359557937213,comm,S2_fb2p0
2016-10-10,0.7206522302726625,comm,S2_fb2p0
2016-10-11,0.7176719518768359,comm,S2_fb2p0
2016-10-12,0.7218530958828372,comm,S2_fb2p0
2016-10-13,0.7163398792355459,comm,S2_fb2p0
2016-10-14,0.7134590271384903,comm,S2_fb2p0
2016-10-17,0.72663525210908,comm,S2_fb2p0
2016-10-18,0.7277665941044124,comm,S2_fb2p0
2016-10-19,0.7215217161099737,comm,S2_fb2p0
2016-10-20,0.7232250903712816,comm,S2_fb2p0
2016-10-21,0.7178103824834408,comm,S2_fb2p0
2016-10-24,0.6710670061740445,comm,S2_fb2p0
2016-10-25,0.6624305651376465,comm,S2_fb2p0
2016-10-26,0.6577050576538224,comm,S2_fb2p0
2016-10-27,0.6543018909719789,comm,S2_fb2p0
2016-11-14,0.6954397561567036,comm,S2_fb2p0
2016-11-15,0.7123784346034279,comm,S2_fb2p0
2016-11-16,0.7305963643802217,comm,S2_fb2p0
2016-11-17,0.734160579962177,comm,S2_fb2p0
2016-11-18,0.7371284427971184,comm,S2_fb2p0
2017-02-09,0.6609041084173402,comm,S2_fb2p0
2017-02-10,0.6594531724616639,comm,S2_fb2p0
2017-02-13,0.7006978106105495,comm,S2_fb2p0
2017-02-14,0.6953173452644386,comm,S2_fb2p0
2017-02-15,0.6869155614652026,comm,S2_fb2p0
2017-02-16,0.6910870409704274,comm,S2_fb2p0
2017-02-17,0.6952497519518632,comm,S2_fb2p0
2017-02-20,0.7265089764103448,comm,S2_fb2p0
2017-02-21,0.7174817233827375,comm,S2_fb2p0
2017-02-22,0.7323208303523978,comm,S2_fb2p0
2017-02-23,0.7390116608223386,comm,S2_fb2p0
2017-02-24,0.7499512960010186,comm,S2_fb2p0
2017-03-20,0.7213268266624747,comm,S2_fb2p0
2017-03-21,0.7365853250504006,comm,S2_fb2p0
2017-03-22,0.7424476849170096,comm,S2_fb2p0
2017-03-23,0.7407690650363526,comm,S2_fb2p0
2017-03-24,0.7236425321688984,comm,S2_fb2p0
2017-04-10,0.6512507260258611,comm,S2_fb2p0
2017-04-12,0.661280957886812,comm,S2_fb2p0
2017-04-13,0.7215859123033191,comm,S2_fb2p0
2017-04-14,0.7195980339069065,comm,S2_fb2p0
2017-04-17,0.7318366077929431,comm,S2_fb2p0
2017-04-18,0.7339657346849389,comm,S2_fb2p0
2017-04-19,0.7265371884346095,comm,S2_fb2p0
2017-04-20,0.7205435118077745,comm,S2_fb2p0
2017-04-21,0.7189533565106265,comm,S2_fb2p0
2017-04-24,0.7334752225903345,comm,S2_fb2p0
2017-04-25,0.724597565862548,comm,S2_fb2p0
2017-04-26,0.7262234412793689,comm,S2_fb2p0
2017-04-27,0.7227674128811576,comm,S2_fb2p0
2017-04-28,0.7284546612475021,comm,S2_fb2p0
2017-05-02,0.806651543972064,comm,S2_fb2p0
2017-05-03,0.8049016063682991,comm,S2_fb2p0
2017-05-04,0.8132351784234017,comm,S2_fb2p0
2017-05-05,0.8189604711781323,comm,S2_fb2p0
2017-05-08,0.8398780861807078,comm,S2_fb2p0
2017-05-09,0.8266602155124878,comm,S2_fb2p0
2017-05-10,0.8390434948437425,comm,S2_fb2p0
2017-05-11,0.8573318596269496,comm,S2_fb2p0
2017-05-12,0.8534966103814732,comm,S2_fb2p0
2017-05-15,0.7866600266592915,comm,S2_fb2p0
2017-05-16,0.7773550283927425,comm,S2_fb2p0
2017-05-17,0.7771345220323537,comm,S2_fb2p0
2017-05-18,0.7815931705475277,comm,S2_fb2p0
2017-05-19,0.7743728595380426,comm,S2_fb2p0
2017-05-22,0.8029344014624881,comm,S2_fb2p0
2017-05-23,0.8054975044852966,comm,S2_fb2p0
2017-05-24,0.8112474042370431,comm,S2_fb2p0
2017-05-25,0.8078905501846579,comm,S2_fb2p0
2017-05-26,0.7970096848863012,comm,S2_fb2p0
2017-05-31,0.8085058919018693,comm,S2_fb2p0
2017-06-01,0.8289601798674892,comm,S2_fb2p0
2017-06-02,0.8377810032946587,comm,S2_fb2p0
2017-06-05,0.8656366562797269,comm,S2_fb2p0
2017-06-06,0.8693757407865036,comm,S2_fb2p0
2017-06-07,0.8668740645732143,comm,S2_fb2p0
2017-06-08,0.8671424319104587,comm,S2_fb2p0
2017-06-09,0.8444112421193156,comm,S2_fb2p0
2017-06-12,0.8536254367360904,comm,S2_fb2p0
2017-06-13,0.8625170218501704,comm,S2_fb2p0
2017-06-14,0.8689612577017856,comm,S2_fb2p0
2017-06-15,0.8688085521110862,comm,S2_fb2p0
2017-06-16,0.8730310207200781,comm,S2_fb2p0
2017-06-19,0.8888677915707862,comm,S2_fb2p0
2017-06-20,0.8824462021204202,comm,S2_fb2p0
2017-06-21,0.8809809011664038,comm,S2_fb2p0
2017-06-22,0.8869599988027227,comm,S2_fb2p0
2017-06-23,0.8829803994492023,comm,S2_fb2p0
2017-06-26,0.8051238497989152,comm,S2_fb2p0
2017-06-27,0.8137389992609693,comm,S2_fb2p0
2017-06-28,0.8063888613399766,comm,S2_fb2p0
2017-06-29,0.8025195266036192,comm,S2_fb2p0
2017-06-30,0.7926043750996964,comm,S2_fb2p0
2017-07-03,0.8920479434481037,comm,S2_fb2p0
2017-07-04,0.8941836822460257,comm,S2_fb2p0
2017-07-05,0.888251607220266,comm,S2_fb2p0
2017-07-06,0.9095930473427101,comm,S2_fb2p0
2017-07-07,0.9444672705760272,comm,S2_fb2p0
2017-07-10,0.8486671567040864,comm,S2_fb2p0
2017-07-11,0.8478771241582775,comm,S2_fb2p0
2017-07-12,0.8429630140470843,comm,S2_fb2p0
2017-07-13,0.8422830930180744,comm,S2_fb2p0
2017-07-14,0.8417057994785917,comm,S2_fb2p0
2017-07-17,0.8471617106574536,comm,S2_fb2p0
2017-07-18,0.8459957381735037,comm,S2_fb2p0
2017-07-19,0.8441797864516722,comm,S2_fb2p0
2017-07-20,0.8542553840184037,comm,S2_fb2p0
2017-07-21,0.8539915554463962,comm,S2_fb2p0
2017-07-24,0.7880364135710193,comm,S2_fb2p0
2017-07-25,0.782745397942047,comm,S2_fb2p0
2017-07-26,0.7729124295901957,comm,S2_fb2p0
2017-07-27,0.778116368871155,comm,S2_fb2p0
2017-07-28,0.7750880167239665,comm,S2_fb2p0
2017-07-31,0.8019306778733172,comm,S2_fb2p0
2017-08-01,0.7909807323294747,comm,S2_fb2p0
2017-08-02,0.7858124514675404,comm,S2_fb2p0
2017-08-03,0.8269619106006775,comm,S2_fb2p0
2017-08-04,0.8149888246196438,comm,S2_fb2p0
2017-08-07,0.799265637883513,comm,S2_fb2p0
2017-08-08,0.7894362169269088,comm,S2_fb2p0
2017-08-09,0.7893736200677388,comm,S2_fb2p0
2017-08-10,0.7884323833012818,comm,S2_fb2p0
2017-08-11,0.8228685331063477,comm,S2_fb2p0
2017-08-14,0.798997189864146,comm,S2_fb2p0
2017-08-15,0.8122215231855432,comm,S2_fb2p0
2017-08-16,0.8069300553670878,comm,S2_fb2p0
2017-08-17,0.7951789957492277,comm,S2_fb2p0
2017-08-18,0.7961812902898556,comm,S2_fb2p0
2017-08-21,0.6613499972984692,comm,S2_fb2p0
2017-08-22,0.6581991661994315,comm,S2_fb2p0
2017-08-23,0.6653050899567323,comm,S2_fb2p0
2017-08-24,0.6589737346849175,comm,S2_fb2p0
2017-08-25,0.6560770518505102,comm,S2_fb2p0
2017-08-28,0.7078083708667029,comm,S2_fb2p0
2017-08-29,0.7082670177643192,comm,S2_fb2p0
2017-08-30,0.7100129556330234,comm,S2_fb2p0
2017-08-31,0.7123243755036186,comm,S2_fb2p0
2017-09-01,0.7032931599649447,comm,S2_fb2p0
2017-09-04,0.7285558664286337,comm,S2_fb2p0
2017-09-05,0.7294399236941048,comm,S2_fb2p0
2017-09-06,0.7395031339870811,comm,S2_fb2p0
2017-09-07,0.7524703326851714,comm,S2_fb2p0
2017-09-08,0.7630264119039262,comm,S2_fb2p0
2017-09-11,0.6645097901293675,comm,S2_fb2p0
2017-09-12,0.6586456980856095,comm,S2_fb2p0
2017-09-13,0.6520272257164768,comm,S2_fb2p0
2017-09-14,0.6657321454161472,comm,S2_fb2p0
2017-09-15,0.6726036848356255,comm,S2_fb2p0
2017-09-18,0.6519677377818952,comm,S2_fb2p0
2017-09-22,0.6529484923654761,comm,S2_fb2p0
2017-10-09,0.6672967510264849,comm,S2_fb2p0
2017-10-10,0.673881441637317,comm,S2_fb2p0
2017-10-11,0.6835271191100053,comm,S2_fb2p0
2017-10-12,0.6801496238332748,comm,S2_fb2p0
2017-10-13,0.6788196004727834,comm,S2_fb2p0
2017-10-16,0.6750612768415056,comm,S2_fb2p0
2017-10-17,0.66746767349225,comm,S2_fb2p0
2017-10-18,0.6717484854539706,comm,S2_fb2p0
2017-10-19,0.6801716313967756,comm,S2_fb2p0
2017-10-20,0.6746128572466396,comm,S2_fb2p0
2017-10-23,0.6956593755777511,comm,S2_fb2p0
2017-10-24,0.6954656804868306,comm,S2_fb2p0
2017-10-25,0.6896359491814216,comm,S2_fb2p0
2017-10-26,0.6959394881211336,comm,S2_fb2p0
2017-10-27,0.6919588647212268,comm,S2_fb2p0
2017-10-30,0.8189512642708535,comm,S2_fb2p0
2017-10-31,0.8596398892546901,comm,S2_fb2p0
2017-11-01,0.8677420840579875,comm,S2_fb2p0
2017-11-02,0.8679693693135568,comm,S2_fb2p0
2017-11-03,0.8660975001698242,comm,S2_fb2p0
2017-11-06,0.9055144645003744,comm,S2_fb2p0
2017-11-07,0.8957450740015267,comm,S2_fb2p0
2017-11-08,0.9054583737074426,comm,S2_fb2p0
2017-11-09,0.9119564690721546,comm,S2_fb2p0
2017-11-10,0.923817067542283,comm,S2_fb2p0
2017-11-13,0.9272371492605727,comm,S2_fb2p0
2017-11-14,0.9279940011835952,comm,S2_fb2p0
2017-11-15,0.9271482325431095,comm,S2_fb2p0
2017-11-16,0.928682460860581,comm,S2_fb2p0
2017-11-17,0.9264257229532682,comm,S2_fb2p0
2017-11-20,0.9626842956460345,comm,S2_fb2p0
2017-11-21,0.9627701634594111,comm,S2_fb2p0
2017-11-22,0.9489017808527219,comm,S2_fb2p0
2017-11-23,0.9478411489066231,comm,S2_fb2p0
2017-11-24,0.9667433189449695,comm,S2_fb2p0
2017-11-27,0.9538959149236863,comm,S2_fb2p0
2017-11-28,0.9586857357296651,comm,S2_fb2p0
2017-11-29,0.986863613464074,comm,S2_fb2p0
2017-11-30,0.9698878574970563,comm,S2_fb2p0
2017-12-01,0.9781990265714706,comm,S2_fb2p0
2017-12-04,1.2170152142412753,comm,S2_fb2p0
2017-12-05,1.2112839750015476,comm,S2_fb2p0
2017-12-06,1.2470781934852744,comm,S2_fb2p0
2017-12-07,1.2362781277981647,comm,S2_fb2p0
2017-12-08,1.2332128952927,comm,S2_fb2p0
2017-12-11,1.206119842475162,comm,S2_fb2p0
2017-12-12,1.201730140340214,comm,S2_fb2p0
2017-12-13,1.1806238708253127,comm,S2_fb2p0
2017-12-14,1.1758850897741613,comm,S2_fb2p0
2017-12-15,1.1660256399676585,comm,S2_fb2p0
2017-12-18,1.1126523431949198,comm,S2_fb2p0
2017-12-19,1.1088144265422568,comm,S2_fb2p0
2017-12-20,1.1079301329241535,comm,S2_fb2p0
2017-12-21,1.0902918016014398,comm,S2_fb2p0
2017-12-22,1.0909289834976155,comm,S2_fb2p0
2017-12-25,1.0734428551270998,comm,S2_fb2p0
2017-12-26,1.0888888545328423,comm,S2_fb2p0
2017-12-27,1.0782323321637095,comm,S2_fb2p0
2017-12-28,1.0777327706888251,comm,S2_fb2p0
2017-12-29,1.0671130842624503,comm,S2_fb2p0
2018-01-02,1.1340774307337926,comm,S2_fb2p0
2018-01-03,1.168436506989708,comm,S2_fb2p0
2018-01-04,1.170830981319178,comm,S2_fb2p0
2018-01-05,1.1633921611367521,comm,S2_fb2p0
2018-01-08,1.2142769370986,comm,S2_fb2p0
2018-01-09,1.212737393300313,comm,S2_fb2p0
2018-01-10,1.1988937084237732,comm,S2_fb2p0
2018-01-11,1.1815576947542072,comm,S2_fb2p0
2018-01-12,1.2017397049448435,comm,S2_fb2p0
2018-01-15,1.2263612143092852,comm,S2_fb2p0
2018-01-16,1.2384640537133313,comm,S2_fb2p0
2018-01-17,1.2412710898055583,comm,S2_fb2p0
2018-01-18,1.2248749103313605,comm,S2_fb2p0
2018-01-19,1.2035523580549559,comm,S2_fb2p0
2018-01-22,1.2450777653127967,comm,S2_fb2p0
2018-01-23,1.249471305694738,comm,S2_fb2p0
2018-01-24,1.2533817361955766,comm,S2_fb2p0
2018-01-25,1.2412089431253333,comm,S2_fb2p0
2018-01-26,1.2476414254320274,comm,S2_fb2p0
2018-01-29,1.250952566398657,comm,S2_fb2p0
2018-01-30,1.251742031334436,comm,S2_fb2p0
2018-01-31,1.2579581490241498,comm,S2_fb2p0
2018-02-01,1.259355061875682,comm,S2_fb2p0
2018-02-02,1.2481077983117164,comm,S2_fb2p0
2018-02-05,1.2156671074752257,comm,S2_fb2p0
2018-02-06,1.2176181747786035,comm,S2_fb2p0
2018-02-07,1.234395507537003,comm,S2_fb2p0
2018-02-08,1.2306303814523754,comm,S2_fb2p0
2018-02-09,1.2344717058581662,comm,S2_fb2p0
2018-02-12,1.2599120730970435,comm,S2_fb2p0
2018-02-13,1.2777335673577692,comm,S2_fb2p0
2018-02-14,1.2512651495585903,comm,S2_fb2p0
2018-02-22,1.2431343685524665,comm,S2_fb2p0
2018-02-23,1.2711631376550463,comm,S2_fb2p0
2018-02-26,1.2774725362006945,comm,S2_fb2p0
2018-02-27,1.2872853936922302,comm,S2_fb2p0
2018-02-28,1.2842714128198054,comm,S2_fb2p0
2018-03-01,1.2915793292148132,comm,S2_fb2p0
2018-03-02,1.2954494111678025,comm,S2_fb2p0
2018-03-05,1.2794559449562612,comm,S2_fb2p0
2018-03-06,1.2860608267836096,comm,S2_fb2p0
2018-03-07,1.2815762560893589,comm,S2_fb2p0
2018-03-08,1.2954014454866714,comm,S2_fb2p0
2018-03-09,1.3162043424475016,comm,S2_fb2p0
2018-03-12,1.2200833214745945,comm,S2_fb2p0
2018-03-13,1.1902398267599097,comm,S2_fb2p0
2018-03-14,1.1951104391259428,comm,S2_fb2p0
2018-03-15,1.2074387726411293,comm,S2_fb2p0
2018-03-16,1.2073888102355235,comm,S2_fb2p0
2018-03-19,1.238687467920601,comm,S2_fb2p0
2018-03-20,1.2559003668570603,comm,S2_fb2p0
2018-03-21,1.2372623827621838,comm,S2_fb2p0
2018-03-22,1.2572515157067643,comm,S2_fb2p0
2018-03-23,1.2935396650393696,comm,S2_fb2p0
2018-03-26,1.145010264092941,comm,S2_fb2p0
2018-03-27,1.1521450252257868,comm,S2_fb2p0
2018-03-28,1.1504393531414845,comm,S2_fb2p0
2018-03-29,1.1173982203516821,comm,S2_fb2p0
2018-03-30,1.107500367344781,comm,S2_fb2p0
2018-04-02,1.1215537172117442,comm,S2_fb2p0
2018-04-03,1.1355693387977914,comm,S2_fb2p0
2018-04-04,1.1264729271620653,comm,S2_fb2p0
2018-04-09,1.1389824040719632,comm,S2_fb2p0
2018-04-10,1.1666806149452666,comm,S2_fb2p0
2018-04-11,1.194074991571616,comm,S2_fb2p0
2018-04-12,1.1845495603725251,comm,S2_fb2p0
2018-04-13,1.2013245507830603,comm,S2_fb2p0
2018-04-16,1.2453786689384927,comm,S2_fb2p0
2018-04-17,1.2712649820445574,comm,S2_fb2p0
2018-04-18,1.316112035534211,comm,S2_fb2p0
2018-04-19,1.3555812210544627,comm,S2_fb2p0
2018-04-20,1.2773116665562885,comm,S2_fb2p0
2018-04-23,1.1645726697761087,comm,S2_fb2p0
2018-04-24,1.100379389266587,comm,S2_fb2p0
2018-04-25,1.1011374022593297,comm,S2_fb2p0
2018-04-26,1.097490821038771,comm,S2_fb2p0
2018-04-27,1.092541158012593,comm,S2_fb2p0
2018-05-02,1.0093790056430787,comm,S2_fb2p0
2018-05-03,1.008624340615016,comm,S2_fb2p0
2018-05-04,1.0176975547582956,comm,S2_fb2p0
2018-05-07,1.0118720281317517,comm,S2_fb2p0
2018-05-08,1.0099925674950794,comm,S2_fb2p0
2018-05-09,1.004387511368668,comm,S2_fb2p0
2018-05-10,1.0071372682419868,comm,S2_fb2p0
2018-05-11,1.00980402490618,comm,S2_fb2p0
2018-05-14,1.0633219399421625,comm,S2_fb2p0
2018-05-15,1.056574141771294,comm,S2_fb2p0
2018-05-16,1.0644219298708533,comm,S2_fb2p0
2018-05-17,1.0754226155763569,comm,S2_fb2p0
2018-05-18,1.087671090512615,comm,S2_fb2p0
2018-05-21,1.3115709210802042,comm,S2_fb2p0
2018-05-22,1.316309869990809,comm,S2_fb2p0
2018-05-23,1.2909169131138107,comm,S2_fb2p0
2018-05-24,1.2856826802686214,comm,S2_fb2p0
2018-05-25,1.306476545893891,comm,S2_fb2p0
2018-05-28,1.2959873268654103,comm,S2_fb2p0
2018-05-29,1.2799657176688517,comm,S2_fb2p0
2018-05-30,1.2610385585306305,comm,S2_fb2p0
2018-05-31,1.264358450291034,comm,S2_fb2p0
2018-06-01,1.2610869984483195,comm,S2_fb2p0
2018-06-04,1.2024433087549207,comm,S2_fb2p0
2018-06-05,1.2089711561789782,comm,S2_fb2p0
2018-06-06,1.201139353981192,comm,S2_fb2p0
2018-06-07,1.2032488374537387,comm,S2_fb2p0
2018-06-08,1.1897891770716107,comm,S2_fb2p0
2018-06-11,1.1396181832801362,comm,S2_fb2p0
2018-06-12,1.1190040802167474,comm,S2_fb2p0
2018-06-13,1.080619472972213,comm,S2_fb2p0
2018-06-14,1.0808784122529655,comm,S2_fb2p0
2018-06-15,1.069922985183199,comm,S2_fb2p0
2018-06-19,1.0608888547685318,comm,S2_fb2p0
2018-06-20,1.0657684597620583,comm,S2_fb2p0
2018-06-21,1.0566344840645008,comm,S2_fb2p0
2018-06-22,1.0682326981282804,comm,S2_fb2p0
2018-06-25,1.0951846919208341,comm,S2_fb2p0
2018-06-26,1.0910569245623616,comm,S2_fb2p0
2018-06-27,1.0819881713782495,comm,S2_fb2p0
2018-06-28,1.0657216772985953,comm,S2_fb2p0
2018-06-29,1.0404039703662387,comm,S2_fb2p0
2018-07-02,1.0512046343675654,comm,S2_fb2p0
2018-07-03,1.041948635387901,comm,S2_fb2p0
2018-07-04,1.078911117349429,comm,S2_fb2p0
2018-07-05,1.0661145827654654,comm,S2_fb2p0
2018-07-06,1.0539153861733357,comm,S2_fb2p0
2018-07-09,1.1021338210023133,comm,S2_fb2p0
2018-07-10,1.091059191766055,comm,S2_fb2p0
2018-07-11,1.0639341341024602,comm,S2_fb2p0
2018-07-12,1.0625449002792773,comm,S2_fb2p0
2018-07-13,1.0725989709773245,comm,S2_fb2p0
2018-07-16,1.1316563413971978,comm,S2_fb2p0
2018-07-17,1.1531800429199448,comm,S2_fb2p0
2018-07-18,1.1505787302798498,comm,S2_fb2p0
2018-07-19,1.1302057150787772,comm,S2_fb2p0
2018-07-20,1.145122877066102,comm,S2_fb2p0
2018-07-23,1.305054478559872,comm,S2_fb2p0
2018-07-24,1.3174085794184576,comm,S2_fb2p0
2018-07-25,1.3115886701660153,comm,S2_fb2p0
2018-07-26,1.2888789215662382,comm,S2_fb2p0
2018-07-27,1.282649874576707,comm,S2_fb2p0
2018-07-30,1.1791007392306454,comm,S2_fb2p0
2018-07-31,1.1860173954531719,comm,S2_fb2p0
2018-08-01,1.1701928758300837,comm,S2_fb2p0
2018-08-02,1.1549145234647489,comm,S2_fb2p0
2018-08-03,1.137694422782012,comm,S2_fb2p0
2018-08-06,1.2185717653484973,comm,S2_fb2p0
2018-08-07,1.2142884116745492,comm,S2_fb2p0
2018-08-08,1.2278767911694803,comm,S2_fb2p0
2018-08-09,1.352698387084157,comm,S2_fb2p0
2018-08-10,1.2846651153151372,comm,S2_fb2p0
2018-08-13,1.2631661514863224,comm,S2_fb2p0
2018-08-14,1.2195545357462227,comm,S2_fb2p0
2018-08-15,1.2023890106587347,comm,S2_fb2p0
2018-08-16,1.1652522773872336,comm,S2_fb2p0
2018-08-17,1.1821123953467285,comm,S2_fb2p0
2018-08-20,1.0851542266541936,comm,S2_fb2p0
2018-08-21,1.113753425387325,comm,S2_fb2p0
2018-08-22,1.133228529239671,comm,S2_fb2p0
2018-08-23,1.138928210357246,comm,S2_fb2p0
2018-08-24,1.1718156112365203,comm,S2_fb2p0
2018-08-27,1.1318210702617146,comm,S2_fb2p0
2018-08-28,1.1379231769657603,comm,S2_fb2p0
2018-08-29,1.150628140870569,comm,S2_fb2p0
2018-08-30,1.1751304473767212,comm,S2_fb2p0
2018-08-31,1.1708694594545053,comm,S2_fb2p0
2018-09-03,1.043254134171287,comm,S2_fb2p0
2018-09-04,1.0331848180070786,comm,S2_fb2p0
2018-09-05,1.002970897635454,comm,S2_fb2p0
2018-09-06,1.0025223592204706,comm,S2_fb2p0
2018-09-07,0.9854588211255055,comm,S2_fb2p0
2018-09-10,1.0838645997075336,comm,S2_fb2p0
2018-09-11,1.082744850500008,comm,S2_fb2p0
2018-09-12,1.1030534079296856,comm,S2_fb2p0
2018-09-13,1.1220151395495315,comm,S2_fb2p0
2018-09-14,1.1328171307616695,comm,S2_fb2p0
2018-09-17,0.9591147557740103,comm,S2_fb2p0
2018-09-18,0.9321662178230982,comm,S2_fb2p0
2018-09-19,0.9208666207648397,comm,S2_fb2p0
2018-09-20,0.9244600761978226,comm,S2_fb2p0
2018-09-21,0.9447459434137814,comm,S2_fb2p0
2018-09-25,0.9767260476951022,comm,S2_fb2p0
2018-09-26,0.9927384195072291,comm,S2_fb2p0
2018-09-27,0.9901307382881882,comm,S2_fb2p0
2018-09-28,0.9837505937233075,comm,S2_fb2p0
2018-10-08,1.0122759751209778,comm,S2_fb2p0
2018-10-09,1.026693513224903,comm,S2_fb2p0
2018-10-10,1.0199701177665215,comm,S2_fb2p0
2018-10-11,1.0006125058109716,comm,S2_fb2p0
2018-10-12,1.0424957455226322,comm,S2_fb2p0
2018-10-15,1.0862086191452762,comm,S2_fb2p0
2018-10-16,1.091417389660457,comm,S2_fb2p0
2018-10-17,1.1026050922185509,comm,S2_fb2p0
2018-10-18,1.091445075860053,comm,S2_fb2p0
2018-10-19,1.0790131446891205,comm,S2_fb2p0
2018-10-22,1.109052337171199,comm,S2_fb2p0
2018-10-23,1.1052121642899546,comm,S2_fb2p0
2018-10-24,1.0920552979193703,comm,S2_fb2p0
2018-10-25,1.0740398252377816,comm,S2_fb2p0
2018-10-26,1.0717277725486432,comm,S2_fb2p0
2018-10-29,1.082064961780511,comm,S2_fb2p0
2018-10-30,1.0852756812284166,comm,S2_fb2p0
2018-10-31,1.0708908417888638,comm,S2_fb2p0
2018-11-01,1.0635548393681369,comm,S2_fb2p0
2018-11-02,1.0972783124557448,comm,S2_fb2p0
2018-11-05,1.2168491580507592,comm,S2_fb2p0
2018-11-06,1.20539354597761,comm,S2_fb2p0
2018-11-07,1.205452250082128,comm,S2_fb2p0
2018-11-08,1.2056188400350263,comm,S2_fb2p0
2018-11-09,1.1809569712343821,comm,S2_fb2p0
2018-11-12,1.1950469906405004,comm,S2_fb2p0
2018-11-13,1.185425987843847,comm,S2_fb2p0
2018-11-14,1.1571010710414997,comm,S2_fb2p0
2018-11-15,1.2140651937400748,comm,S2_fb2p0
2018-11-16,1.1989988248434296,comm,S2_fb2p0
2018-11-19,1.2238530192739947,comm,S2_fb2p0
2018-11-20,1.2295252653681872,comm,S2_fb2p0
2018-11-21,1.2295920232683328,comm,S2_fb2p0
2018-11-22,1.2518714007907534,comm,S2_fb2p0
2018-11-23,1.269931374922636,comm,S2_fb2p0
2018-11-26,1.251057531349063,comm,S2_fb2p0
2018-11-27,1.2231726680210533,comm,S2_fb2p0
2018-11-28,1.2082832123701526,comm,S2_fb2p0
2018-11-29,1.154713459644847,comm,S2_fb2p0
2018-11-30,1.166299755686116,comm,S2_fb2p0
2018-12-03,1.162051625818234,comm,S2_fb2p0
2018-12-04,1.137121453670397,comm,S2_fb2p0
2018-12-05,1.128653271085343,comm,S2_fb2p0
2018-12-06,1.1207031857454894,comm,S2_fb2p0
2018-12-07,1.116607371669168,comm,S2_fb2p0
2018-12-10,0.9420652268937639,comm,S2_fb2p0
2018-12-11,0.932474964944131,comm,S2_fb2p0
2018-12-12,0.9268155105374198,comm,S2_fb2p0
2018-12-13,0.9510790711609488,comm,S2_fb2p0
2018-12-14,0.9598794979697103,comm,S2_fb2p0
2018-12-17,0.9811712599174212,comm,S2_fb2p0
2018-12-18,1.0021917256649517,comm,S2_fb2p0
2018-12-19,0.9886580027028381,comm,S2_fb2p0
2018-12-20,0.9827458658365182,comm,S2_fb2p0
2018-12-21,0.978092498509587,comm,S2_fb2p0
2018-12-24,1.040247805776099,comm,S2_fb2p0
2018-12-25,1.0215635740900086,comm,S2_fb2p0
2018-12-26,1.0192118742620708,comm,S2_fb2p0
2018-12-27,1.006458316588299,comm,S2_fb2p0
2018-12-28,0.9775635467112391,comm,S2_fb2p0
2019-01-02,0.9517213410786535,comm,S2_fb2p0
2019-01-03,0.9437478011661941,comm,S2_fb2p0
2019-01-04,0.9676073548278248,comm,S2_fb2p0
2019-01-07,1.0360698367115402,comm,S2_fb2p0
2019-01-08,1.0110724840393606,comm,S2_fb2p0
2019-01-09,1.0212915626793138,comm,S2_fb2p0
2019-01-10,1.0251781256533636,comm,S2_fb2p0
2019-01-11,1.0194534770937533,comm,S2_fb2p0
2019-01-14,1.0432012644444815,comm,S2_fb2p0
2019-01-15,1.0408677795118728,comm,S2_fb2p0
2019-01-16,1.0508848314207335,comm,S2_fb2p0
2019-01-17,1.054821755474236,comm,S2_fb2p0
2019-01-18,1.063310687122795,comm,S2_fb2p0
2019-01-21,1.1615656430608468,comm,S2_fb2p0
2019-01-22,1.1314207539657433,comm,S2_fb2p0
2019-01-23,1.141643660595425,comm,S2_fb2p0
2019-01-24,1.1546458586564163,comm,S2_fb2p0
2019-01-25,1.1479167598611402,comm,S2_fb2p0
2019-01-28,1.1135853601308037,comm,S2_fb2p0
2019-01-29,1.0885189397749473,comm,S2_fb2p0
2019-01-30,1.0822194981778521,comm,S2_fb2p0
2019-01-31,1.073154077788208,comm,S2_fb2p0
2019-02-01,1.0758787305117867,comm,S2_fb2p0
2019-02-11,1.161623512703418,comm,S2_fb2p0
2019-02-12,1.1853863126676365,comm,S2_fb2p0
2019-02-13,1.1987185775493567,comm,S2_fb2p0
2019-02-14,1.224608136071512,comm,S2_fb2p0
2019-02-15,1.221186295368519,comm,S2_fb2p0
2019-02-18,1.0845863357730006,comm,S2_fb2p0
2019-02-19,1.1015383780042025,comm,S2_fb2p0
2019-02-20,1.119901628051135,comm,S2_fb2p0
2019-02-21,1.1199148705092317,comm,S2_fb2p0
2019-02-22,1.1370011275575718,comm,S2_fb2p0
2019-02-25,1.1777886178160428,comm,S2_fb2p0
2019-02-26,1.1682675364227835,comm,S2_fb2p0
2019-02-27,1.153954175621483,comm,S2_fb2p0
2019-02-28,1.1611681525151394,comm,S2_fb2p0
2019-03-01,1.1675829609950166,comm,S2_fb2p0
2019-03-04,1.1650485086501194,comm,S2_fb2p0
2019-03-05,1.1295262761721423,comm,S2_fb2p0
2019-03-06,1.1229244122096878,comm,S2_fb2p0
2019-03-07,1.0774447617023255,comm,S2_fb2p0
2019-03-08,1.0624782647286426,comm,S2_fb2p0
2019-03-11,1.069644122310531,comm,S2_fb2p0
2019-03-12,1.0638046378314638,comm,S2_fb2p0
2019-03-13,1.061486038925747,comm,S2_fb2p0
2019-03-14,1.0656196083308973,comm,S2_fb2p0
2019-03-15,1.0549568399331148,comm,S2_fb2p0
2019-03-18,1.0619898806100831,comm,S2_fb2p0
2019-03-19,1.075435270403253,comm,S2_fb2p0
2019-03-20,1.0906296684708117,comm,S2_fb2p0
2019-03-21,1.0907898541517935,comm,S2_fb2p0
2019-03-22,1.0771302129571045,comm,S2_fb2p0
2019-03-25,1.0923443049496648,comm,S2_fb2p0
2019-03-26,1.0825945738168843,comm,S2_fb2p0
2019-03-27,1.0766262466260523,comm,S2_fb2p0
2019-03-28,1.0666868299445658,comm,S2_fb2p0
2019-03-29,1.0550908399677548,comm,S2_fb2p0
2019-04-01,1.1019021170438272,comm,S2_fb2p0
2019-04-02,1.1021390109374376,comm,S2_fb2p0
2019-04-03,1.1322764600166673,comm,S2_fb2p0
2019-04-04,1.1439507297511837,comm,S2_fb2p0
2019-04-08,1.2047460261504916,comm,S2_fb2p0
2019-04-09,1.1871020275718687,comm,S2_fb2p0
2019-04-10,1.1969841171276476,comm,S2_fb2p0
2019-04-11,1.188141519435009,comm,S2_fb2p0
2019-04-12,1.1916249561799204,comm,S2_fb2p0
2019-04-15,1.225964996573113,comm,S2_fb2p0
2019-04-16,1.2249518679396458,comm,S2_fb2p0
2019-04-17,1.230545229459167,comm,S2_fb2p0
2019-04-18,1.2689479956959044,comm,S2_fb2p0
2019-04-19,1.266240647689646,comm,S2_fb2p0
2019-04-22,1.1800792595875471,comm,S2_fb2p0
2019-04-23,1.1838496370394451,comm,S2_fb2p0
2019-04-24,1.188251841494029,comm,S2_fb2p0
2019-04-25,1.1907838879366077,comm,S2_fb2p0
2019-04-26,1.1689037185777165,comm,S2_fb2p0
2019-04-29,1.18227745925432,comm,S2_fb2p0
2019-04-30,1.1719634084764967,comm,S2_fb2p0
2019-05-06,1.1558750078552338,comm,S2_fb2p0
2019-05-07,1.154629514905359,comm,S2_fb2p0
2019-05-08,1.1675088274517704,comm,S2_fb2p0
2019-05-09,1.1545395190969765,comm,S2_fb2p0
2019-05-10,1.1651973158313473,comm,S2_fb2p0
2019-05-13,1.2756162392655868,comm,S2_fb2p0
2019-05-14,1.2449701787532015,comm,S2_fb2p0
2019-05-15,1.2620495636862925,comm,S2_fb2p0
2019-05-16,1.2710703339441163,comm,S2_fb2p0
2019-05-17,1.2461540323697566,comm,S2_fb2p0
2019-05-20,1.2416767028898692,comm,S2_fb2p0
2019-05-21,1.2385177459722387,comm,S2_fb2p0
2019-05-22,1.2061265073868552,comm,S2_fb2p0
2019-05-23,1.177643795743829,comm,S2_fb2p0
2019-05-24,1.1758280049149827,comm,S2_fb2p0
2019-05-27,1.2311393109732882,comm,S2_fb2p0
2019-05-28,1.2367321343060151,comm,S2_fb2p0
2019-05-29,1.2412304055243135,comm,S2_fb2p0
2019-05-30,1.230117023432291,comm,S2_fb2p0
2019-05-31,1.2310772825216172,comm,S2_fb2p0
2019-06-03,1.2613417840238228,comm,S2_fb2p0
2019-06-04,1.2412705431613136,comm,S2_fb2p0
2019-06-05,1.2363753917287488,comm,S2_fb2p0
2019-06-06,1.2218145111144048,comm,S2_fb2p0
2019-06-10,1.1861187132592763,comm,S2_fb2p0
2019-06-11,1.1817000211867499,comm,S2_fb2p0
2019-06-12,1.1771162993686182,comm,S2_fb2p0
2019-06-13,1.2792031765497025,comm,S2_fb2p0
2019-06-14,1.2608528011758484,comm,S2_fb2p0
2019-06-17,1.2551029595240892,comm,S2_fb2p0
2019-06-18,1.2624709835067196,comm,S2_fb2p0
2019-06-19,1.2793258028063554,comm,S2_fb2p0
2019-06-20,1.2718454687806244,comm,S2_fb2p0
2019-06-21,1.261088004674624,comm,S2_fb2p0
2019-06-24,1.2835015170576731,comm,S2_fb2p0
2019-06-25,1.281649016604394,comm,S2_fb2p0
2019-06-26,1.2763008224402232,comm,S2_fb2p0
2019-06-27,1.2710457620319386,comm,S2_fb2p0
2019-06-28,1.236795454179989,comm,S2_fb2p0
2019-07-01,1.18032835997266,comm,S2_fb2p0
2019-07-02,1.149078907738283,comm,S2_fb2p0
2019-07-03,1.1400858122493733,comm,S2_fb2p0
2019-07-04,1.1580190631515443,comm,S2_fb2p0
2019-07-05,1.174526449662896,comm,S2_fb2p0
2019-07-08,1.235588576725022,comm,S2_fb2p0
2019-07-09,1.2018987215961603,comm,S2_fb2p0
2019-07-10,1.2010196884090663,comm,S2_fb2p0
2019-07-11,1.217561461119246,comm,S2_fb2p0
2019-07-12,1.1936381916694425,comm,S2_fb2p0
2019-07-15,1.2289611188622658,comm,S2_fb2p0
2019-07-16,1.2143445570169755,comm,S2_fb2p0
2019-07-17,1.2497862689175796,comm,S2_fb2p0
2019-07-18,1.2355025154933559,comm,S2_fb2p0
2019-07-19,1.246806677664393,comm,S2_fb2p0
2019-07-22,1.2525552870155001,comm,S2_fb2p0
2019-07-23,1.2355483712167177,comm,S2_fb2p0
2019-07-24,1.2493706263869118,comm,S2_fb2p0
2019-07-25,1.2562734237209998,comm,S2_fb2p0
2019-07-26,1.2669555593707136,comm,S2_fb2p0
2019-07-29,1.2258778550243707,comm,S2_fb2p0
2019-07-30,1.235647118278402,comm,S2_fb2p0
2019-07-31,1.2262841367537833,comm,S2_fb2p0
2019-08-01,1.2225024128582567,comm,S2_fb2p0
2019-08-02,1.2050890666657772,comm,S2_fb2p0
2019-08-05,1.1918171324124405,comm,S2_fb2p0
2019-08-06,1.18218561711346,comm,S2_fb2p0
2019-08-07,1.189281128645161,comm,S2_fb2p0
2019-08-08,1.193658441079135,comm,S2_fb2p0
2019-08-09,1.2887006858075722,comm,S2_fb2p0
2019-08-12,1.320131130906654,comm,S2_fb2p0
2019-08-13,1.3090617633774264,comm,S2_fb2p0
2019-08-14,1.293916719931002,comm,S2_fb2p0
2019-08-15,1.2937680456371652,comm,S2_fb2p0
2019-08-16,1.2885247727821427,comm,S2_fb2p0
2019-08-19,1.3075722057277455,comm,S2_fb2p0
2019-08-20,1.3199187293133887,comm,S2_fb2p0
2019-08-21,1.2918299327438862,comm,S2_fb2p0
2019-08-22,1.2854120750851181,comm,S2_fb2p0
2019-08-23,1.2786737919028779,comm,S2_fb2p0
2019-08-26,1.2704634101242278,comm,S2_fb2p0
2019-08-27,1.2842097775312333,comm,S2_fb2p0
2019-08-28,1.3073500466561243,comm,S2_fb2p0
2019-08-29,1.2749650928999452,comm,S2_fb2p0
2019-08-30,1.2819330319334892,comm,S2_fb2p0
2019-09-02,1.2585923057108515,comm,S2_fb2p0
2019-09-03,1.2769974230724195,comm,S2_fb2p0
2019-09-04,1.2803094172960199,comm,S2_fb2p0
2019-09-05,1.2779250883728472,comm,S2_fb2p0
2019-09-06,1.2846781366710218,comm,S2_fb2p0
2019-09-09,1.3114843981330482,comm,S2_fb2p0
2019-09-10,1.316841189390358,comm,S2_fb2p0
2019-09-11,1.3011301093932828,comm,S2_fb2p0
2019-09-12,1.3101995218834512,comm,S2_fb2p0
2019-09-16,1.293799824855729,comm,S2_fb2p0
2019-09-17,1.2917414215385359,comm,S2_fb2p0
2019-09-18,1.2869024438995005,comm,S2_fb2p0
2019-09-19,1.2660836645903422,comm,S2_fb2p0
2019-09-20,1.2815607867187595,comm,S2_fb2p0
2019-09-23,1.2834787046048963,comm,S2_fb2p0
2019-09-24,1.2823163274792626,comm,S2_fb2p0
2019-09-25,1.2706036143615156,comm,S2_fb2p0
2019-09-26,1.2647876632287738,comm,S2_fb2p0
2019-09-27,1.2295950402088083,comm,S2_fb2p0
2019-09-30,1.2106232511157136,comm,S2_fb2p0
2019-10-08,1.2220149880336437,comm,S2_fb2p0
2019-10-09,1.3013914610827253,comm,S2_fb2p0
2019-10-10,1.285930463859858,comm,S2_fb2p0
2019-10-11,1.27173348881758,comm,S2_fb2p0
2019-10-14,1.2641659686084163,comm,S2_fb2p0
2019-10-15,1.2718329692878287,comm,S2_fb2p0
2019-10-16,1.277088870032389,comm,S2_fb2p0
2019-10-17,1.2729902140879616,comm,S2_fb2p0
2019-10-18,1.2881423885621663,comm,S2_fb2p0
2019-10-21,1.2482596215586887,comm,S2_fb2p0
2019-10-22,1.2298334191821236,comm,S2_fb2p0
2019-10-23,1.224171168945636,comm,S2_fb2p0
2019-10-24,1.231998380635362,comm,S2_fb2p0
2019-10-25,1.2288343108075968,comm,S2_fb2p0
2019-10-28,1.2543895350592025,comm,S2_fb2p0
2019-10-29,1.255602841133756,comm,S2_fb2p0
2019-10-30,1.2843100399723195,comm,S2_fb2p0
2019-10-31,1.2759187119377235,comm,S2_fb2p0
2019-11-01,1.265925640122106,comm,S2_fb2p0
2019-11-04,1.2758293983214002,comm,S2_fb2p0
2019-11-05,1.2730389930581196,comm,S2_fb2p0
2019-11-06,1.2603228828701196,comm,S2_fb2p0
2019-11-07,1.2513092742679226,comm,S2_fb2p0
2019-11-08,1.2766128277487445,comm,S2_fb2p0
2019-11-11,1.2579504780499415,comm,S2_fb2p0
2019-11-12,1.2277113118814236,comm,S2_fb2p0
2019-11-13,1.2146701219545488,comm,S2_fb2p0
2019-11-14,1.2258176370488585,comm,S2_fb2p0
2019-11-15,1.2079592402105868,comm,S2_fb2p0
2019-11-18,1.238813954107365,comm,S2_fb2p0
2019-11-19,1.2279766814044462,comm,S2_fb2p0
2019-11-20,1.211323067464393,comm,S2_fb2p0
2019-11-21,1.2310493782863994,comm,S2_fb2p0
2019-11-22,1.244062351718481,comm,S2_fb2p0
2019-11-25,1.262096562516397,comm,S2_fb2p0
2019-11-26,1.257801164466686,comm,S2_fb2p0
2019-11-27,1.2721952572985702,comm,S2_fb2p0
2019-11-28,1.2739154190244464,comm,S2_fb2p0
2019-11-29,1.2774788635265737,comm,S2_fb2p0
2019-12-02,1.2265453142377494,comm,S2_fb2p0
2019-12-03,1.2187453310099106,comm,S2_fb2p0
2019-12-04,1.2305257938007106,comm,S2_fb2p0
2019-12-05,1.2384478094785485,comm,S2_fb2p0
2019-12-06,1.2608879209945039,comm,S2_fb2p0
2019-12-09,1.2527240889496851,comm,S2_fb2p0
2019-12-10,1.2299803304019732,comm,S2_fb2p0
2019-12-11,1.2403386848573401,comm,S2_fb2p0
2019-12-12,1.290898121177664,comm,S2_fb2p0
2019-12-13,1.3064346708104435,comm,S2_fb2p0
2019-12-16,1.29791616254999,comm,S2_fb2p0
2019-12-17,1.3156454755047402,comm,S2_fb2p0
2019-12-18,1.27962952791069,comm,S2_fb2p0
2019-12-19,1.2622664804467718,comm,S2_fb2p0
2019-12-20,1.2445832248611501,comm,S2_fb2p0
2019-12-23,1.1772426048171496,comm,S2_fb2p0
2019-12-24,1.1716529309006476,comm,S2_fb2p0
2019-12-25,1.168119436236643,comm,S2_fb2p0
2019-12-26,1.17401713049936,comm,S2_fb2p0
2019-12-27,1.1821392376016375,comm,S2_fb2p0
2019-12-30,1.2379135458317967,comm,S2_fb2p0
2019-12-31,1.2381547514694393,comm,S2_fb2p0
2020-01-02,1.2453375364184929,comm,S2_fb2p0
2020-01-03,1.2529617135200015,comm,S2_fb2p0
2020-01-06,1.2426186126897971,comm,S2_fb2p0
2020-01-07,1.263500874692483,comm,S2_fb2p0
2020-01-08,1.260135626855282,comm,S2_fb2p0
2020-01-09,1.2541525669852933,comm,S2_fb2p0
2020-01-10,1.2538764923767933,comm,S2_fb2p0
2020-01-13,1.290267567386707,comm,S2_fb2p0
2020-01-14,1.3010320715525026,comm,S2_fb2p0
2020-01-15,1.2752387788026345,comm,S2_fb2p0
2020-01-16,1.2559544913801364,comm,S2_fb2p0
2020-01-17,1.224197126643248,comm,S2_fb2p0
2020-01-20,1.2560089819802394,comm,S2_fb2p0
2020-01-21,1.2498488883019867,comm,S2_fb2p0
2020-01-22,1.2283256129875246,comm,S2_fb2p0
2020-01-23,1.2083084611152153,comm,S2_fb2p0
2020-02-03,1.2091387013833343,comm,S2_fb2p0
2020-02-04,1.2197591815517825,comm,S2_fb2p0
2020-02-05,1.2324142328634693,comm,S2_fb2p0
2020-02-06,1.226323816093284,comm,S2_fb2p0
2020-02-07,1.2080729881074275,comm,S2_fb2p0
2020-02-10,1.2461201403930868,comm,S2_fb2p0
2020-02-11,1.240280886354627,comm,S2_fb2p0
2020-02-12,1.2370587705955696,comm,S2_fb2p0
2020-02-13,1.2430515278469954,comm,S2_fb2p0
2020-02-14,1.3199906276933973,comm,S2_fb2p0
2020-02-17,1.317659755366453,comm,S2_fb2p0
2020-02-18,1.279926690740391,comm,S2_fb2p0
2020-02-19,1.2813240332564844,comm,S2_fb2p0
2020-02-20,1.292473745378705,comm,S2_fb2p0
2020-02-21,1.2785127911598588,comm,S2_fb2p0
2020-02-24,1.251020800372166,comm,S2_fb2p0
2020-02-25,1.2542205912281392,comm,S2_fb2p0
2020-02-26,1.2525253161818088,comm,S2_fb2p0
2020-02-27,1.2444105883054355,comm,S2_fb2p0
2020-02-28,1.2473167898769653,comm,S2_fb2p0
2020-03-02,0.9359070990500853,comm,S2_fb2p0
2020-03-03,0.9451097706607449,comm,S2_fb2p0
2020-03-04,0.9266361269446929,comm,S2_fb2p0
2020-03-05,0.9305962606265931,comm,S2_fb2p0
2020-03-06,0.9336741237081914,comm,S2_fb2p0
2020-03-09,1.2439941230835976,comm,S2_fb2p0
2020-03-10,1.2813506181514724,comm,S2_fb2p0
2020-03-11,1.2656972723594142,comm,S2_fb2p0
2020-03-12,1.2420275662708085,comm,S2_fb2p0
2020-03-13,1.2449438687667198,comm,S2_fb2p0
2020-03-16,1.2484720044791566,comm,S2_fb2p0
2020-03-17,1.2168479848386329,comm,S2_fb2p0
2020-03-18,1.1725626109844232,comm,S2_fb2p0
2020-03-19,1.1333984204091039,comm,S2_fb2p0
2020-03-20,1.1129395428577336,comm,S2_fb2p0
2020-03-23,1.1151952264666325,comm,S2_fb2p0
2020-03-24,1.0979741541401788,comm,S2_fb2p0
2020-03-25,1.0997301682566976,comm,S2_fb2p0
2020-03-26,1.114290017513481,comm,S2_fb2p0
2020-03-27,1.118731805444135,comm,S2_fb2p0
2020-03-30,0.9980402361603469,comm,S2_fb2p0
2020-03-31,1.0057940949713409,comm,S2_fb2p0
2020-04-01,1.0220166131443926,comm,S2_fb2p0
2020-04-02,1.0211001643309985,comm,S2_fb2p0
2020-04-03,1.062002107497804,comm,S2_fb2p0
2020-04-07,0.9599502230861079,comm,S2_fb2p0
2020-04-08,0.9550116839384025,comm,S2_fb2p0
2020-04-09,0.967085910607512,comm,S2_fb2p0
2020-04-10,0.9827529449181095,comm,S2_fb2p0
2020-04-13,0.995376218768292,comm,S2_fb2p0
2020-04-14,0.9839110773847486,comm,S2_fb2p0
2020-04-15,0.9768409374188681,comm,S2_fb2p0
2020-04-16,0.9797312543333011,comm,S2_fb2p0
2020-04-17,0.9977201298321973,comm,S2_fb2p0
2020-04-20,1.0471277762388376,comm,S2_fb2p0
2020-04-21,1.0406988401216448,comm,S2_fb2p0
2020-04-22,1.0118131032666418,comm,S2_fb2p0
2020-04-23,1.0244504646877286,comm,S2_fb2p0
2020-04-24,1.0250835485663414,comm,S2_fb2p0
2020-04-27,1.0155786701248337,comm,S2_fb2p0
2020-04-28,1.0238270896515942,comm,S2_fb2p0
2020-04-29,1.039626084136017,comm,S2_fb2p0
2020-04-30,1.0550412060240737,comm,S2_fb2p0
2020-05-06,1.2605809310196254,comm,S2_fb2p0
2020-05-07,1.269179982770013,comm,S2_fb2p0
2020-05-08,1.259975702928507,comm,S2_fb2p0
2020-05-11,1.2866614994633612,comm,S2_fb2p0
2020-05-12,1.2714997695830934,comm,S2_fb2p0
2020-05-13,1.2513759366454467,comm,S2_fb2p0
2020-05-14,1.2563265123184153,comm,S2_fb2p0
2020-05-15,1.265773576553085,comm,S2_fb2p0
2020-05-18,1.2850247299603785,comm,S2_fb2p0
2020-05-19,1.2892913698921422,comm,S2_fb2p0
2020-05-20,1.2878260290778967,comm,S2_fb2p0
2020-05-21,1.2799164418094355,comm,S2_fb2p0
2020-05-22,1.2426434226659775,comm,S2_fb2p0
2020-05-25,1.1794197970711282,comm,S2_fb2p0
2020-05-26,1.2037589502228208,comm,S2_fb2p0
2020-05-27,1.2153093618240123,comm,S2_fb2p0
2020-05-28,1.2142994490808299,comm,S2_fb2p0
2020-05-29,1.2172430011033142,comm,S2_fb2p0
2020-06-01,1.2280689630411723,comm,S2_fb2p0
2020-06-02,1.2309817809825352,comm,S2_fb2p0
2020-06-03,1.2382562441607163,comm,S2_fb2p0
2020-06-04,1.253836694051266,comm,S2_fb2p0
2020-06-05,1.2801549729100428,comm,S2_fb2p0
2020-06-08,1.2121582231857964,comm,S2_fb2p0
2020-06-09,1.243326740093703,comm,S2_fb2p0
2020-06-10,1.2499781206969482,comm,S2_fb2p0
2020-06-11,1.2309772144920699,comm,S2_fb2p0
2020-06-12,1.1974046508809684,comm,S2_fb2p0
2020-06-15,1.2033443031037687,comm,S2_fb2p0
2020-06-16,1.2608610650263,comm,S2_fb2p0
2020-06-17,1.3116757265225574,comm,S2_fb2p0
2020-06-18,1.290200031054425,comm,S2_fb2p0
2020-06-19,1.2968942726101875,comm,S2_fb2p0
2020-06-22,1.2018320743388957,comm,S2_fb2p0
2020-06-23,1.2210469052380852,comm,S2_fb2p0
2020-06-24,1.2436804538488595,comm,S2_fb2p0
2020-06-29,1.2489570578896168,comm,S2_fb2p0
2020-06-30,1.242826847442216,comm,S2_fb2p0
2020-07-01,1.244759635024735,comm,S2_fb2p0
2020-07-02,1.2406592663826095,comm,S2_fb2p0
2020-07-03,1.2431128773081357,comm,S2_fb2p0
2020-07-06,1.2797487801817775,comm,S2_fb2p0
2020-07-07,1.2732574529520653,comm,S2_fb2p0
2020-07-08,1.2838131203960779,comm,S2_fb2p0
2020-07-09,1.2499871827925755,comm,S2_fb2p0
2020-07-10,1.2343305032088117,comm,S2_fb2p0
2020-07-13,1.2326664360772117,comm,S2_fb2p0
2020-07-14,1.2322101655918882,comm,S2_fb2p0
2020-07-15,1.2341015418215657,comm,S2_fb2p0
2020-07-16,1.250201837109063,comm,S2_fb2p0
2020-07-17,1.2516220932316198,comm,S2_fb2p0
2020-07-20,1.1850897709436372,comm,S2_fb2p0
2020-07-21,1.1759375082563117,comm,S2_fb2p0
2020-07-22,1.1301205816690223,comm,S2_fb2p0
2020-07-23,1.1406272786356455,comm,S2_fb2p0
2020-07-24,1.1363907993481568,comm,S2_fb2p0
2020-07-27,1.2256519990231056,comm,S2_fb2p0
2020-07-28,1.223596559654998,comm,S2_fb2p0
2020-07-29,1.2629628576298848,comm,S2_fb2p0
2020-07-30,1.25454454518496,comm,S2_fb2p0
2020-07-31,1.2494636736207467,comm,S2_fb2p0
2020-08-03,1.1853402710020429,comm,S2_fb2p0
2020-08-04,1.1530453132255625,comm,S2_fb2p0
2020-08-05,1.1573545107762822,comm,S2_fb2p0
2020-08-06,1.1545229293507728,comm,S2_fb2p0
2020-08-07,1.1454465780055754,comm,S2_fb2p0
2020-08-10,1.051672019339171,comm,S2_fb2p0
2020-08-11,1.044352181830355,comm,S2_fb2p0
2020-08-12,1.0570517630872607,comm,S2_fb2p0
2020-08-13,1.0174917893153985,comm,S2_fb2p0
2020-08-14,1.007076942563519,comm,S2_fb2p0
2020-08-17,1.0873264315363445,comm,S2_fb2p0
2020-08-18,1.0817950924963937,comm,S2_fb2p0
2020-08-19,1.0860132176474087,comm,S2_fb2p0
2020-08-20,1.1006801256198628,comm,S2_fb2p0
2020-08-21,1.0710993266014515,comm,S2_fb2p0
2020-08-24,1.1631654202260024,comm,S2_fb2p0
2020-08-25,1.1876512532417793,comm,S2_fb2p0
2020-08-26,1.2020108492357509,comm,S2_fb2p0
2020-08-27,1.204185251019478,comm,S2_fb2p0
2020-08-28,1.2074186385567616,comm,S2_fb2p0
2020-08-31,1.1522718529149811,comm,S2_fb2p0
2020-09-01,1.1533915486518371,comm,S2_fb2p0
2020-09-02,1.1632646350966391,comm,S2_fb2p0
2020-09-03,1.1409091767516621,comm,S2_fb2p0
2020-09-04,1.1591989667401017,comm,S2_fb2p0
2020-09-07,1.1431915724143002,comm,S2_fb2p0
2020-09-08,1.124353094516026,comm,S2_fb2p0
2020-09-09,1.1035756018684477,comm,S2_fb2p0
2020-09-10,1.1035839394301008,comm,S2_fb2p0
2020-09-11,1.1189111509671166,comm,S2_fb2p0
2020-09-14,1.1218492017855717,comm,S2_fb2p0
2020-09-15,1.1063802814228965,comm,S2_fb2p0
2020-09-16,1.1301392834448114,comm,S2_fb2p0
2020-09-17,1.1384340485539814,comm,S2_fb2p0
2020-09-18,1.1294567743308541,comm,S2_fb2p0
2020-09-21,1.1124269709608772,comm,S2_fb2p0
2020-09-22,1.1252530560081955,comm,S2_fb2p0
2020-09-23,1.1451144986312212,comm,S2_fb2p0
2020-09-24,1.1733410067435315,comm,S2_fb2p0
2020-09-25,1.203140270719285,comm,S2_fb2p0
2020-09-28,1.0956310801481295,comm,S2_fb2p0
2020-09-29,1.0621495842429052,comm,S2_fb2p0
2020-09-30,1.0604351665425176,comm,S2_fb2p0
2020-10-09,1.0529500377862768,comm,S2_fb2p0
2020-10-12,1.0376652368778412,comm,S2_fb2p0
2020-10-13,1.021449176088887,comm,S2_fb2p0
2020-10-14,1.023645422112492,comm,S2_fb2p0
2020-10-15,1.0284812727378512,comm,S2_fb2p0
2020-10-16,1.020259495681743,comm,S2_fb2p0
2020-10-19,1.037184240951319,comm,S2_fb2p0
2020-10-20,1.0414280589745366,comm,S2_fb2p0
2020-10-21,1.0402136110704274,comm,S2_fb2p0
2020-10-22,1.0171318137336007,comm,S2_fb2p0
2020-10-23,1.0237324780802424,comm,S2_fb2p0
2020-10-26,1.1074820251847044,comm,S2_fb2p0
2020-10-27,1.0840209434753352,comm,S2_fb2p0
2020-10-28,1.0791098362555658,comm,S2_fb2p0
2020-10-29,1.138721860550332,comm,S2_fb2p0
2020-10-30,1.109873555104637,comm,S2_fb2p0
2020-11-02,1.1040413607910622,comm,S2_fb2p0
2020-11-03,1.0998785619058127,comm,S2_fb2p0
2020-11-04,1.092680890617521,comm,S2_fb2p0
2020-11-05,1.093192115938319,comm,S2_fb2p0
2020-11-06,1.091649542486142,comm,S2_fb2p0
2020-11-09,1.1659660717671902,comm,S2_fb2p0
2020-11-10,1.161664187502079,comm,S2_fb2p0
2020-11-11,1.157383682705468,comm,S2_fb2p0
2020-11-12,1.13533360827251,comm,S2_fb2p0
2020-11-13,1.126345673764497,comm,S2_fb2p0
2020-11-16,1.1626172044791054,comm,S2_fb2p0
2020-11-17,1.1619816881864535,comm,S2_fb2p0
2020-11-18,1.1595815996373302,comm,S2_fb2p0
2020-11-19,1.1343303925432655,comm,S2_fb2p0
2020-11-20,1.1256781654087267,comm,S2_fb2p0
2020-11-23,1.1789904145006433,comm,S2_fb2p0
2020-11-24,1.2047688665313159,comm,S2_fb2p0
2020-11-25,1.217426420718181,comm,S2_fb2p0
2020-11-26,1.2212647735644213,comm,S2_fb2p0
2020-11-27,1.2271256953034655,comm,S2_fb2p0
2020-11-30,1.2128176709620877,comm,S2_fb2p0
2020-12-01,1.2154095529595947,comm,S2_fb2p0
2020-12-02,1.2383073814407581,comm,S2_fb2p0
2020-12-03,1.2678644963566263,comm,S2_fb2p0
2020-12-04,1.2936817448780185,comm,S2_fb2p0
2020-12-07,1.1926484039597551,comm,S2_fb2p0
2020-12-08,1.1823600904871852,comm,S2_fb2p0
2020-12-09,1.187198826257387,comm,S2_fb2p0
2020-12-10,1.1592011604043952,comm,S2_fb2p0
2020-12-11,1.142359514720964,comm,S2_fb2p0
2020-12-14,1.1951126136424601,comm,S2_fb2p0
2020-12-15,1.1753952620853465,comm,S2_fb2p0
2020-12-16,1.1467217855210705,comm,S2_fb2p0
2020-12-17,1.1386032728716504,comm,S2_fb2p0
2020-12-18,1.11651323180908,comm,S2_fb2p0
2020-12-21,0.9870363789665186,comm,S2_fb2p0
2020-12-22,0.9596316892728872,comm,S2_fb2p0
2020-12-23,0.9715034798339857,comm,S2_fb2p0
2020-12-24,0.9777939356246976,comm,S2_fb2p0
2020-12-25,0.950619682037004,comm,S2_fb2p0
2020-12-28,0.8908336928381366,comm,S2_fb2p0
2020-12-29,0.8933590901851809,comm,S2_fb2p0
2020-12-30,0.8794724878225579,comm,S2_fb2p0
2020-12-31,0.879693332711903,comm,S2_fb2p0
2021-01-04,0.8835274044236983,comm,S2_fb2p0
2021-01-05,0.8589039653525175,comm,S2_fb2p0
2021-01-06,0.8640940482347906,comm,S2_fb2p0
2021-01-07,0.8655869870762682,comm,S2_fb2p0
2021-01-08,0.8702511335507496,comm,S2_fb2p0
2021-01-11,0.927384737417015,comm,S2_fb2p0
2021-01-12,0.9325780979800453,comm,S2_fb2p0
2021-01-13,0.9193087684829567,comm,S2_fb2p0
2021-01-14,0.9217094348324182,comm,S2_fb2p0
2021-01-15,0.9139972149625576,comm,S2_fb2p0
2021-01-18,0.9076582280087723,comm,S2_fb2p0
2021-01-19,0.9562485728672693,comm,S2_fb2p0
2021-01-20,0.9700299826376994,comm,S2_fb2p0
2021-01-21,0.9510878787262953,comm,S2_fb2p0
2021-01-22,0.9325225735569701,comm,S2_fb2p0
2021-01-25,0.9144088604074277,comm,S2_fb2p0
2021-01-26,0.9306539920705976,comm,S2_fb2p0
2021-01-27,0.9276568096702612,comm,S2_fb2p0
2021-01-28,0.9473855936900032,comm,S2_fb2p0
2021-01-29,0.9555253165266249,comm,S2_fb2p0
2021-02-01,0.9169419922732226,comm,S2_fb2p0
2021-02-02,0.9321114769562461,comm,S2_fb2p0
2021-02-03,0.9563127880183707,comm,S2_fb2p0
2021-02-04,0.9574537344448325,comm,S2_fb2p0
2021-02-05,0.9433644031330028,comm,S2_fb2p0
2021-02-08,0.7293351234462917,comm,S2_fb2p0
2021-02-09,0.7229951236656946,comm,S2_fb2p0
2021-02-10,0.7154866215755692,comm,S2_fb2p0
2021-02-18,0.7023793394980412,comm,S2_fb2p0
2021-02-19,0.703907207068231,comm,S2_fb2p0
2021-02-22,0.6943694777745075,comm,S2_fb2p0
2021-02-23,0.6995696749996492,comm,S2_fb2p0
2021-02-24,0.6971349728258547,comm,S2_fb2p0
2021-02-25,0.6804585957086536,comm,S2_fb2p0
2021-02-26,0.6719374242481169,comm,S2_fb2p0
2021-03-01,0.6571972839953584,comm,S2_fb2p0
2021-03-02,0.6553748411661724,comm,S2_fb2p0
2021-03-05,0.6550774269153244,comm,S2_fb2p0
2021-04-26,0.6589900608519041,comm,S2_fb2p0
2021-04-27,0.6516647938577418,comm,S2_fb2p0
2021-04-28,0.6556821265596746,comm,S2_fb2p0
2021-04-29,0.6517593609113108,comm,S2_fb2p0
2021-04-30,0.6589083568789033,comm,S2_fb2p0
2021-05-06,0.6649225151125877,comm,S2_fb2p0
2021-05-07,0.6544188705920004,comm,S2_fb2p0
2021-08-02,0.6510982514396608,comm,S2_fb2p0
2021-08-03,0.6668822443070593,comm,S2_fb2p0
2021-08-04,0.6710175543882633,comm,S2_fb2p0
2021-08-05,0.664397527967077,comm,S2_fb2p0
2021-08-06,0.6669784169349361,comm,S2_fb2p0
2021-08-30,0.6971214069439663,comm,S2_fb2p0
2021-08-31,0.6950961522718861,comm,S2_fb2p0
2021-09-01,0.6829805916204361,comm,S2_fb2p0
2021-09-02,0.6941278883268741,comm,S2_fb2p0
2021-09-03,0.6894857341850139,comm,S2_fb2p0
2021-09-06,0.7217073763087412,comm,S2_fb2p0
2021-09-07,0.722545592845594,comm,S2_fb2p0
2021-09-08,0.7150636465225321,comm,S2_fb2p0
2021-09-09,0.703696295174209,comm,S2_fb2p0
2021-09-10,0.7038601718788728,comm,S2_fb2p0
2021-09-13,0.7634033506573837,comm,S2_fb2p0
2021-09-14,0.781443522794228,comm,S2_fb2p0
2021-09-15,0.8005660617687933,comm,S2_fb2p0
2021-09-16,0.7819887240296048,comm,S2_fb2p0
2021-09-17,0.783467714886865,comm,S2_fb2p0
2021-09-22,0.6996245039418526,comm,S2_fb2p0
2021-09-23,0.6912949766157319,comm,S2_fb2p0
2021-09-24,0.7129906078888371,comm,S2_fb2p0
2021-09-27,0.6655456287048943,comm,S2_fb2p0
2021-09-28,0.6770005777649205,comm,S2_fb2p0
2021-09-29,0.6720567812890824,comm,S2_fb2p0
2021-09-30,0.6797179794643009,comm,S2_fb2p0
2022-01-10,0.6634757154268308,comm,S2_fb2p0
2022-01-11,0.6586161518716502,comm,S2_fb2p0
2022-01-12,0.6571876312411709,comm,S2_fb2p0
2022-01-13,0.6567768080647701,comm,S2_fb2p0
2022-01-14,0.6544564526469324,comm,S2_fb2p0
2022-01-17,0.6726060538887081,comm,S2_fb2p0
2022-01-18,0.6601693782799066,comm,S2_fb2p0
2022-01-21,0.6722501178766063,comm,S2_fb2p0
2022-02-07,0.6748405558086957,comm,S2_fb2p0
2022-02-08,0.6776600574469832,comm,S2_fb2p0
2022-02-09,0.7007113475458485,comm,S2_fb2p0
2022-02-10,0.6854119177493375,comm,S2_fb2p0
2022-02-11,0.701777718720404,comm,S2_fb2p0
2022-02-14,0.7154939200604586,comm,S2_fb2p0
2022-02-15,0.7059278375894112,comm,S2_fb2p0
2022-02-16,0.7063277172744025,comm,S2_fb2p0
2022-02-17,0.6986305076954408,comm,S2_fb2p0
2022-02-18,0.6997102785928355,comm,S2_fb2p0
2022-02-21,0.7259495630999683,comm,S2_fb2p0
2022-02-22,0.7124310529094776,comm,S2_fb2p0
2022-02-23,0.7069926342152489,comm,S2_fb2p0
2022-02-24,0.7356908022833054,comm,S2_fb2p0
2022-02-25,0.7356528423498201,comm,S2_fb2p0
2022-02-28,0.7775820363223878,comm,S2_fb2p0
2022-03-01,0.7660710285505261,comm,S2_fb2p0
2022-03-02,0.7571879107806632,comm,S2_fb2p0
2022-03-03,0.7501825061648074,comm,S2_fb2p0
2022-03-04,0.7412958527992254,comm,S2_fb2p0
2022-03-07,0.7001698167458555,comm,S2_fb2p0
2022-03-08,0.698188109892382,comm,S2_fb2p0
2022-03-09,0.7262895913796952,comm,S2_fb2p0
2022-03-10,0.7408372741013453,comm,S2_fb2p0
2022-03-11,0.7124010507555526,comm,S2_fb2p0
2022-04-06,0.681746695727485,comm,S2_fb2p0
2022-04-07,0.6752735605519444,comm,S2_fb2p0
2022-04-08,0.6785781875826311,comm,S2_fb2p0
2022-04-22,0.6682714377117973,comm,S2_fb2p0
2022-04-25,0.6799565976312723,comm,S2_fb2p0
2022-04-26,0.6822407171430259,comm,S2_fb2p0
2022-04-27,0.6839985289911599,comm,S2_fb2p0
2022-04-28,0.6839704968080413,comm,S2_fb2p0
2022-04-29,0.6817571466285702,comm,S2_fb2p0
2022-05-05,0.7423963475616141,comm,S2_fb2p0
2022-05-06,0.7357614990631138,comm,S2_fb2p0
2022-05-09,0.6925582777581005,comm,S2_fb2p0
2022-05-10,0.681853953274698,comm,S2_fb2p0
2022-05-11,0.7017322414985517,comm,S2_fb2p0
2022-05-12,0.695009663008637,comm,S2_fb2p0
2022-05-13,0.7085614717343333,comm,S2_fb2p0
2022-05-16,0.7265346927185788,comm,S2_fb2p0
2022-05-17,0.7187095567533577,comm,S2_fb2p0
2022-05-18,0.703084730208002,comm,S2_fb2p0
2022-05-19,0.6948569817548247,comm,S2_fb2p0
2022-05-20,0.7067785546711743,comm,S2_fb2p0
2022-05-23,0.7264104694851582,comm,S2_fb2p0
2022-05-24,0.7167813172926171,comm,S2_fb2p0
2022-05-25,0.7072383186413949,comm,S2_fb2p0
2022-05-26,0.6887029044563876,comm,S2_fb2p0
2022-05-27,0.7327634884153815,comm,S2_fb2p0
2022-05-30,0.7089556120844751,comm,S2_fb2p0
2022-05-31,0.7289569834903201,comm,S2_fb2p0
2022-06-01,0.743868010537985,comm,S2_fb2p0
2022-06-02,0.7482088377672581,comm,S2_fb2p0
2022-06-06,0.7328334577072596,comm,S2_fb2p0
2022-06-07,0.7266796288649124,comm,S2_fb2p0
2022-06-08,0.7249984424806932,comm,S2_fb2p0
2022-06-09,0.7225618892975484,comm,S2_fb2p0
2022-06-10,0.7225131516612835,comm,S2_fb2p0
2022-06-13,0.7385240099446531,comm,S2_fb2p0
2022-06-14,0.7317774652029043,comm,S2_fb2p0
2022-06-15,0.7398708724433701,comm,S2_fb2p0
2022-06-16,0.7389170791280817,comm,S2_fb2p0
2022-06-17,0.7504794304222362,comm,S2_fb2p0
2022-06-20,0.6737537445732734,comm,S2_fb2p0
2022-06-21,0.6704685948558171,comm,S2_fb2p0
2022-06-22,0.6599514703392225,comm,S2_fb2p0
2022-06-23,0.665062840151584,comm,S2_fb2p0
2022-06-24,0.6834752754534155,comm,S2_fb2p0
2022-06-27,0.7146186900005039,comm,S2_fb2p0
2022-06-28,0.6915924926945283,comm,S2_fb2p0
2022-06-29,0.6940379664363371,comm,S2_fb2p0
2022-06-30,0.6910418512967148,comm,S2_fb2p0
2022-07-01,0.686030125325385,comm,S2_fb2p0
2022-07-04,0.7175090405619079,comm,S2_fb2p0
2022-07-05,0.7094181660114298,comm,S2_fb2p0
2022-07-06,0.6960674448629982,comm,S2_fb2p0
2022-07-07,0.7068389259118654,comm,S2_fb2p0
2022-07-08,0.7048406591217028,comm,S2_fb2p0
2022-09-23,0.6524747198514883,comm,S2_fb2p0
2022-10-10,0.6690488613247159,comm,S2_fb2p0
2022-10-11,0.6677166670386698,comm,S2_fb2p0
2022-11-11,0.6605365969992565,comm,S2_fb2p0
2022-11-14,0.6956568396232062,comm,S2_fb2p0
2022-11-15,0.6949909056163568,comm,S2_fb2p0
2022-11-16,0.7174629067623142,comm,S2_fb2p0
2022-11-17,0.7039352634722617,comm,S2_fb2p0
2022-11-18,0.7185812129453462,comm,S2_fb2p0
2022-11-21,0.8443153894780087,comm,S2_fb2p0
2022-11-22,0.8562934647258262,comm,S2_fb2p0
2022-11-23,0.846836243091468,comm,S2_fb2p0
2022-11-24,0.8434815677283638,comm,S2_fb2p0
2022-11-25,0.8479757492956174,comm,S2_fb2p0
2022-11-28,0.7363141671420657,comm,S2_fb2p0
2022-11-29,0.772985452853098,comm,S2_fb2p0
2022-11-30,0.7594240219385681,comm,S2_fb2p0
2022-12-01,0.7712381629593956,comm,S2_fb2p0
2022-12-02,0.7685050408724348,comm,S2_fb2p0
2022-12-05,0.9123319154351506,comm,S2_fb2p0
2022-12-06,0.9151916695869962,comm,S2_fb2p0
2022-12-07,0.937179232266378,comm,S2_fb2p0
2022-12-08,0.9248036836624505,comm,S2_fb2p0
2022-12-09,0.9583966142052384,comm,S2_fb2p0
2022-12-12,0.8355825068367811,comm,S2_fb2p0
2022-12-13,0.8397936658899434,comm,S2_fb2p0
2022-12-14,0.8359121848943982,comm,S2_fb2p0
2022-12-15,0.8356383936127875,comm,S2_fb2p0
2022-12-16,0.8434774068147413,comm,S2_fb2p0
2022-12-19,0.9413603042932248,comm,S2_fb2p0
2022-12-20,0.9290706507995561,comm,S2_fb2p0
2022-12-21,0.9346075290894518,comm,S2_fb2p0
2022-12-22,0.9355550557422132,comm,S2_fb2p0
2022-12-23,0.9206765532756539,comm,S2_fb2p0
2022-12-26,0.9830610538675963,comm,S2_fb2p0
2022-12-27,1.0037442849683347,comm,S2_fb2p0
2022-12-28,1.049330138000125,comm,S2_fb2p0
2022-12-29,1.0418257487429623,comm,S2_fb2p0
2022-12-30,1.0494944451937525,comm,S2_fb2p0
2023-01-03,0.8505631873375065,comm,S2_fb2p0
2023-01-04,0.8441469346734812,comm,S2_fb2p0
2023-01-05,0.8288373802521697,comm,S2_fb2p0
2023-01-06,0.847554732940265,comm,S2_fb2p0
2023-01-09,0.8504553958970559,comm,S2_fb2p0
2023-01-10,0.8753939528520893,comm,S2_fb2p0
2023-01-11,0.8899794863950978,comm,S2_fb2p0
2023-01-12,0.8783967202345024,comm,S2_fb2p0
2023-01-13,0.892335956536017,comm,S2_fb2p0
2023-01-16,1.092257665809403,comm,S2_fb2p0
2023-01-17,1.1156697604839427,comm,S2_fb2p0
2023-01-18,1.1309844155029176,comm,S2_fb2p0
2023-01-19,1.1745968673182106,comm,S2_fb2p0
2023-01-20,1.181629794810382,comm,S2_fb2p0
2023-01-30,0.8575915914399469,comm,S2_fb2p0
2023-01-31,0.8294806513629156,comm,S2_fb2p0
2023-02-01,0.832186226524925,comm,S2_fb2p0
2023-02-02,0.8109084182177035,comm,S2_fb2p0
2023-02-03,0.7918467835047254,comm,S2_fb2p0
2023-02-06,0.7664463180300006,comm,S2_fb2p0
2023-02-07,0.7655222668006786,comm,S2_fb2p0
2023-02-08,0.7676554222796391,comm,S2_fb2p0
2023-02-09,0.7664178188248125,comm,S2_fb2p0
2023-02-10,0.7539137446244795,comm,S2_fb2p0
2023-02-13,0.6968997997365617,comm,S2_fb2p0
2023-02-14,0.6876772723307216,comm,S2_fb2p0
2023-02-15,0.6984052988506615,comm,S2_fb2p0
2023-02-16,0.6992483666783248,comm,S2_fb2p0
2023-02-17,0.7084590893703173,comm,S2_fb2p0
2023-02-20,0.7265090071598824,comm,S2_fb2p0
2023-02-21,0.7496243378394571,comm,S2_fb2p0
2023-02-22,0.7455283806951732,comm,S2_fb2p0
2023-02-23,0.737288687206344,comm,S2_fb2p0
2023-02-24,0.721124815413887,comm,S2_fb2p0
2023-02-27,0.7176294158331871,comm,S2_fb2p0
2023-02-28,0.7141857098685003,comm,S2_fb2p0
2023-03-01,0.7224770293311529,comm,S2_fb2p0
2023-03-02,0.7409174220667675,comm,S2_fb2p0
2023-03-03,0.7496976520959879,comm,S2_fb2p0
2023-03-06,0.7437729302889668,comm,S2_fb2p0
2023-03-07,0.745160122281807,comm,S2_fb2p0
2023-03-08,0.7441496223145045,comm,S2_fb2p0
2023-03-09,0.7386456245584518,comm,S2_fb2p0
2023-03-10,0.7430414454215016,comm,S2_fb2p0
2023-03-13,0.7976260899884213,comm,S2_fb2p0
2023-03-14,0.7973353269376506,comm,S2_fb2p0
2023-03-15,0.8030557061945668,comm,S2_fb2p0
2023-03-16,0.7598648164748043,comm,S2_fb2p0
2023-03-17,0.7487136937992275,comm,S2_fb2p0
2023-03-20,0.7672332500758389,comm,S2_fb2p0
2023-03-21,0.7652757073923641,comm,S2_fb2p0
2023-03-22,0.7631544458451226,comm,S2_fb2p0
2023-03-23,0.7947054971099822,comm,S2_fb2p0
2023-03-24,0.799580629374786,comm,S2_fb2p0
2023-03-27,0.750475632603748,comm,S2_fb2p0
2023-03-28,0.7721880325461381,comm,S2_fb2p0
2023-03-29,0.7840620163667414,comm,S2_fb2p0
2023-03-30,0.7882541019977461,comm,S2_fb2p0
2023-03-31,0.7924541283054495,comm,S2_fb2p0
2023-04-03,0.81518064235095,comm,S2_fb2p0
2023-04-04,0.7945445296010913,comm,S2_fb2p0
2023-04-06,0.8168852757816367,comm,S2_fb2p0
2023-04-07,0.7963375874442564,comm,S2_fb2p0
2023-04-10,0.7878644973236798,comm,S2_fb2p0
2023-04-11,0.7701042874929666,comm,S2_fb2p0
2023-04-12,0.7697826515586607,comm,S2_fb2p0
2023-04-13,0.7700228893374913,comm,S2_fb2p0
2023-04-14,0.7881873129589292,comm,S2_fb2p0
2023-04-17,0.8017302701633141,comm,S2_fb2p0
2023-04-18,0.8138043262631893,comm,S2_fb2p0
2023-04-19,0.8217015380441912,comm,S2_fb2p0
2023-04-20,0.8162837313130975,comm,S2_fb2p0
2023-04-21,0.7946157983596932,comm,S2_fb2p0
2023-04-24,0.7784842617136943,comm,S2_fb2p0
2023-04-25,0.7909983624932252,comm,S2_fb2p0
2023-04-26,0.7773288856685602,comm,S2_fb2p0
2023-04-27,0.7657741665913086,comm,S2_fb2p0
2023-04-28,0.7542199227705622,comm,S2_fb2p0
2023-05-04,0.7151194850618696,comm,S2_fb2p0
2023-05-05,0.696566113675334,comm,S2_fb2p0
2023-05-08,0.719688748315568,comm,S2_fb2p0
2023-05-09,0.7245088231783665,comm,S2_fb2p0
2023-05-10,0.7180616655274368,comm,S2_fb2p0
2023-05-11,0.7044912235149212,comm,S2_fb2p0
2023-05-12,0.680023898336832,comm,S2_fb2p0
2023-07-17,1.1568210348059031,comm,S2_fb2p0
2023-07-18,1.1517233957270068,comm,S2_fb2p0
2023-07-19,1.1540037027354206,comm,S2_fb2p0
2023-07-20,1.169167846804828,comm,S2_fb2p0
2023-07-21,1.1638263769337451,comm,S2_fb2p0
2023-07-24,1.1846178419382092,comm,S2_fb2p0
2023-07-25,1.2186698059088805,comm,S2_fb2p0
2023-07-26,1.2576291319650743,comm,S2_fb2p0
2023-07-27,1.2386370078998672,comm,S2_fb2p0
2023-07-28,1.25737923772753,comm,S2_fb2p0
2023-07-31,1.2348462928204809,comm,S2_fb2p0
2023-08-01,1.2104542817802786,comm,S2_fb2p0
2023-08-02,1.2067619009303854,comm,S2_fb2p0
2023-08-03,1.2159451232234189,comm,S2_fb2p0
2023-08-04,1.20378097036087,comm,S2_fb2p0
2023-08-07,1.033402582272576,comm,S2_fb2p0
2023-08-08,1.0375395538585674,comm,S2_fb2p0
2023-08-09,1.034101992457194,comm,S2_fb2p0
2023-08-10,1.028011180320324,comm,S2_fb2p0
2023-08-11,1.0206187201525148,comm,S2_fb2p0
2023-08-14,1.1197973537609835,comm,S2_fb2p0
2023-08-15,1.0968138108101206,comm,S2_fb2p0
2023-08-16,1.1139169977464272,comm,S2_fb2p0
2023-08-17,1.1022563124886628,comm,S2_fb2p0
2023-08-18,1.101198581508881,comm,S2_fb2p0
2023-08-21,1.1250674338111457,comm,S2_fb2p0
2023-08-22,1.1355617131849904,comm,S2_fb2p0
2023-08-23,1.1592249860046258,comm,S2_fb2p0
2023-08-24,1.1666527943484641,comm,S2_fb2p0
2023-08-25,1.16823397857991,comm,S2_fb2p0
2023-08-28,1.1846967705091662,comm,S2_fb2p0
2023-08-29,1.175002618228474,comm,S2_fb2p0
2023-08-30,1.169843998791642,comm,S2_fb2p0
2023-08-31,1.1678733847274998,comm,S2_fb2p0
2023-09-01,1.1849530650602922,comm,S2_fb2p0
2023-09-04,1.1646041061207315,comm,S2_fb2p0
2023-09-05,1.1851451248533402,comm,S2_fb2p0
2023-09-06,1.200628529934792,comm,S2_fb2p0
2023-09-07,1.1956317996059889,comm,S2_fb2p0
2023-09-08,1.2014327175402968,comm,S2_fb2p0
2023-09-11,1.2792472670724964,comm,S2_fb2p0
2023-09-12,1.3025162433733666,comm,S2_fb2p0
2023-09-13,1.2900110903007072,comm,S2_fb2p0
2023-09-14,1.2901468050804574,comm,S2_fb2p0
2023-09-15,1.3236246035336754,comm,S2_fb2p0
2023-09-18,1.1384771009112156,comm,S2_fb2p0
2023-09-19,1.1332428373996435,comm,S2_fb2p0
2023-09-20,1.150444586410948,comm,S2_fb2p0
2023-09-21,1.145464477157348,comm,S2_fb2p0
2023-09-22,1.1500894789899168,comm,S2_fb2p0
2023-09-25,1.2208272917446283,comm,S2_fb2p0
2023-09-26,1.2055495077669132,comm,S2_fb2p0
2023-09-27,1.2012377102119591,comm,S2_fb2p0
2023-09-28,1.1883672240795762,comm,S2_fb2p0
2023-10-09,1.1991515669028807,comm,S2_fb2p0
2023-10-10,1.2118145329669412,comm,S2_fb2p0
2023-10-11,1.218074550908174,comm,S2_fb2p0
2023-10-12,1.221727356190152,comm,S2_fb2p0
2023-10-13,1.218441060514865,comm,S2_fb2p0
2023-10-16,1.2330174437626094,comm,S2_fb2p0
2023-10-17,1.256046185301795,comm,S2_fb2p0
2023-10-18,1.2311547984107518,comm,S2_fb2p0
2023-10-19,1.2274077603296458,comm,S2_fb2p0
2023-10-20,1.2221184454676135,comm,S2_fb2p0
2023-10-23,1.2072435301536593,comm,S2_fb2p0
2023-10-24,1.2152182753676934,comm,S2_fb2p0
2023-10-25,1.2068155898090485,comm,S2_fb2p0
2023-10-26,1.2156898705099723,comm,S2_fb2p0
2023-10-27,1.233602879954124,comm,S2_fb2p0
2023-10-30,1.2414667370250176,comm,S2_fb2p0
2023-10-31,1.2326668034725032,comm,S2_fb2p0
2023-11-01,1.234149104060359,comm,S2_fb2p0
2023-11-02,1.2206428535328417,comm,S2_fb2p0
2023-11-03,1.2332418486511487,comm,S2_fb2p0
2023-11-06,1.2024672988768106,comm,S2_fb2p0
2023-11-07,1.191910737292001,comm,S2_fb2p0
2023-11-08,1.1841677129953465,comm,S2_fb2p0
2023-11-09,1.1763460361541793,comm,S2_fb2p0
2023-11-10,1.1843437267824644,comm,S2_fb2p0
2023-11-13,1.2394338833092675,comm,S2_fb2p0
2023-11-14,1.2592666860535477,comm,S2_fb2p0
2023-11-15,1.2435874447435649,comm,S2_fb2p0
2023-11-16,1.2396396468178557,comm,S2_fb2p0
2023-11-17,1.2339113505401977,comm,S2_fb2p0
2023-11-20,1.200290437981289,comm,S2_fb2p0
2023-11-21,1.1825146438941034,comm,S2_fb2p0
2023-11-22,1.198842554502304,comm,S2_fb2p0
2023-11-23,1.2162946988441306,comm,S2_fb2p0
2023-11-24,1.2180657497832137,comm,S2_fb2p0
2023-11-27,1.2308111964409179,comm,S2_fb2p0
2023-11-28,1.2220619064869476,comm,S2_fb2p0
2023-11-29,1.2281403259751142,comm,S2_fb2p0
2023-11-30,1.2271637280103698,comm,S2_fb2p0
2023-12-01,1.1978779927516445,comm,S2_fb2p0
2023-12-04,1.1178388045594143,comm,S2_fb2p0
2023-12-05,1.1116262781543134,comm,S2_fb2p0
2023-12-06,1.1138867454596943,comm,S2_fb2p0
2023-12-07,1.0900401135697075,comm,S2_fb2p0
2023-12-08,1.1045614110403452,comm,S2_fb2p0
2023-12-11,1.0958709965117859,comm,S2_fb2p0
2023-12-12,1.0921832354580019,comm,S2_fb2p0
2023-12-13,1.0913759096860485,comm,S2_fb2p0
2023-12-14,1.091100916228685,comm,S2_fb2p0
2023-12-15,1.0835265970503662,comm,S2_fb2p0
2023-12-18,1.1672754158004655,comm,S2_fb2p0
2023-12-19,1.1534083232545935,comm,S2_fb2p0
2023-12-20,1.1439224428814787,comm,S2_fb2p0
2023-12-21,1.1880504631928555,comm,S2_fb2p0
2023-12-22,1.1618204890089292,comm,S2_fb2p0
2023-12-25,1.1876041382947478,comm,S2_fb2p0
2023-12-26,1.1848495339650373,comm,S2_fb2p0
2023-12-27,1.1710392701169559,comm,S2_fb2p0
2023-12-28,1.153220965918713,comm,S2_fb2p0
2023-12-29,1.1452381583329914,comm,S2_fb2p0
2024-01-02,1.2080031835926204,comm,S2_fb2p0
2024-01-03,1.2250740313012467,comm,S2_fb2p0
2024-01-04,1.2359593739847146,comm,S2_fb2p0
2024-01-05,1.216632000842626,comm,S2_fb2p0
2024-01-08,1.2563313344531768,comm,S2_fb2p0
2024-01-09,1.245911632469425,comm,S2_fb2p0
2024-01-10,1.2340487323287426,comm,S2_fb2p0
2024-01-11,1.2391914170001483,comm,S2_fb2p0
2024-01-12,1.2471722325525,comm,S2_fb2p0
2024-01-15,1.2667984098140976,comm,S2_fb2p0
2024-01-16,1.2784183037896635,comm,S2_fb2p0
2024-01-17,1.2605617388933066,comm,S2_fb2p0
2024-01-18,1.2605585365903915,comm,S2_fb2p0
2024-01-19,1.2703461868250967,comm,S2_fb2p0
2024-01-22,1.258956741928988,comm,S2_fb2p0
2024-01-23,1.2657842562793824,comm,S2_fb2p0
2024-01-24,1.2616592781857967,comm,S2_fb2p0
2024-01-25,1.2742182753254687,comm,S2_fb2p0
2024-01-26,1.2678258707223684,comm,S2_fb2p0
2024-01-29,1.258932714437619,comm,S2_fb2p0
2024-01-30,1.2343261949563802,comm,S2_fb2p0
2024-01-31,1.2126296763300772,comm,S2_fb2p0
2024-02-01,1.2112694517594038,comm,S2_fb2p0
2024-02-02,1.191483380303475,comm,S2_fb2p0
2024-02-05,1.2021021818744646,comm,S2_fb2p0
2024-02-06,1.2048167384900024,comm,S2_fb2p0
2024-02-07,1.1876993053440337,comm,S2_fb2p0
2024-02-08,1.2015382324778463,comm,S2_fb2p0
2024-02-19,1.214930759007108,comm,S2_fb2p0
2024-02-20,1.2212789582728998,comm,S2_fb2p0
2024-02-21,1.2811864972915872,comm,S2_fb2p0
2024-02-22,1.291427169772191,comm,S2_fb2p0
2024-02-23,1.30183699434934,comm,S2_fb2p0
2024-02-26,1.2886069533261366,comm,S2_fb2p0
2024-02-27,1.2964381605294768,comm,S2_fb2p0
2024-02-28,1.3085605369224083,comm,S2_fb2p0
2024-02-29,1.2838767972383591,comm,S2_fb2p0
2024-03-01,1.2939438097375644,comm,S2_fb2p0
2024-03-04,1.2598888515020101,comm,S2_fb2p0
2024-03-05,1.2477979819534537,comm,S2_fb2p0
2024-03-06,1.2340376047632093,comm,S2_fb2p0
2024-03-07,1.2430561366190966,comm,S2_fb2p0
2024-03-08,1.241326193758681,comm,S2_fb2p0
2024-03-11,1.2053940688642741,comm,S2_fb2p0
2024-03-12,1.2129348342374626,comm,S2_fb2p0
2024-03-13,1.2089315477244997,comm,S2_fb2p0
2024-03-14,1.1817024971110817,comm,S2_fb2p0
2024-03-15,1.1539261437904995,comm,S2_fb2p0
2024-03-18,1.1837451719499423,comm,S2_fb2p0
2024-03-19,1.2153341800659443,comm,S2_fb2p0
2024-03-20,1.283645828189769,comm,S2_fb2p0
2024-03-21,1.2766938690977472,comm,S2_fb2p0
2024-03-22,1.2880839726819306,comm,S2_fb2p0
2024-03-25,1.2907573187930055,comm,S2_fb2p0
2024-03-26,1.261372441163012,comm,S2_fb2p0
2024-03-27,1.2465053999520597,comm,S2_fb2p0
2024-03-28,1.2233071823960944,comm,S2_fb2p0
2024-03-29,1.193571847047315,comm,S2_fb2p0
2024-04-01,1.2044428946166523,comm,S2_fb2p0
2024-04-02,1.218509631079307,comm,S2_fb2p0
2024-04-03,1.2048759256611499,comm,S2_fb2p0
2024-04-08,1.2024549623948095,comm,S2_fb2p0
2024-04-09,1.2677355461805382,comm,S2_fb2p0
2024-04-10,1.2726728064562194,comm,S2_fb2p0
2024-04-11,1.2724066592743406,comm,S2_fb2p0
2024-04-12,1.2713819215540976,comm,S2_fb2p0
2024-04-15,1.2476054928328262,comm,S2_fb2p0
2024-04-16,1.2737221689327192,comm,S2_fb2p0
2024-04-17,1.2882134517162063,comm,S2_fb2p0
2024-04-18,1.310037447657528,comm,S2_fb2p0
2024-04-19,1.2939882942549097,comm,S2_fb2p0
2024-04-22,1.257532318985809,comm,S2_fb2p0
2024-04-23,1.2494810223390729,comm,S2_fb2p0
2024-04-24,1.2687223103791325,comm,S2_fb2p0
2024-04-25,1.2508856030524114,comm,S2_fb2p0
2024-04-26,1.2479897983506303,comm,S2_fb2p0
2024-04-29,1.277763645752182,comm,S2_fb2p0
2024-04-30,1.2748974671566462,comm,S2_fb2p0
2024-05-06,1.2724305757786365,comm,S2_fb2p0
2024-05-07,1.255198555595815,comm,S2_fb2p0
2024-05-08,1.2603312354399412,comm,S2_fb2p0
2024-05-09,1.2483835059626136,comm,S2_fb2p0
2024-05-10,1.2499973746170019,comm,S2_fb2p0
2024-05-13,1.2604502759424825,comm,S2_fb2p0
2024-05-14,1.2455744755832976,comm,S2_fb2p0
2024-05-15,1.2432863022580796,comm,S2_fb2p0
2024-05-16,1.2545339733988423,comm,S2_fb2p0
2024-05-17,1.2713524370917455,comm,S2_fb2p0
2024-05-20,1.2938877462796488,comm,S2_fb2p0
2024-05-21,1.281518528512063,comm,S2_fb2p0
2024-05-22,1.2947709477145324,comm,S2_fb2p0
2024-05-23,1.309928539432041,comm,S2_fb2p0
2024-05-24,1.3134013493788668,comm,S2_fb2p0
2024-05-27,1.2346166537833507,comm,S2_fb2p0
2024-05-28,1.2135226029171324,comm,S2_fb2p0
2024-05-29,1.1997670131283862,comm,S2_fb2p0
2024-05-30,1.1902859960825565,comm,S2_fb2p0
2024-05-31,1.1943531237841634,comm,S2_fb2p0
2024-06-03,1.2535772919330568,comm,S2_fb2p0
2024-06-04,1.2327897046727951,comm,S2_fb2p0
2024-06-05,1.2103181469655067,comm,S2_fb2p0
2024-06-06,1.21704597973436,comm,S2_fb2p0
2024-06-07,1.220028347000047,comm,S2_fb2p0
2024-06-11,1.1858361339094574,comm,S2_fb2p0
2024-06-12,1.2121147718096548,comm,S2_fb2p0
2024-06-13,1.201090572226438,comm,S2_fb2p0
2024-06-14,1.1888374636506915,comm,S2_fb2p0
2024-06-17,1.061523683739734,comm,S2_fb2p0
2024-06-18,1.0183567444263921,comm,S2_fb2p0
2024-06-19,1.014006741453978,comm,S2_fb2p0
2024-06-20,1.0119440654860026,comm,S2_fb2p0
2024-06-21,1.0171159715928615,comm,S2_fb2p0
2024-06-24,1.0817684982817926,comm,S2_fb2p0
2024-06-25,1.0674996771211447,comm,S2_fb2p0
2024-06-26,1.0714568719779995,comm,S2_fb2p0
2024-06-27,1.068159275483571,comm,S2_fb2p0
2024-06-28,1.0611044038229895,comm,S2_fb2p0
2024-07-01,1.2021333786008155,comm,S2_fb2p0
2024-07-02,1.1988480213082389,comm,S2_fb2p0
2024-07-03,1.1857506110492493,comm,S2_fb2p0
2024-07-04,1.2080117659045078,comm,S2_fb2p0
2024-07-05,1.2090996465266473,comm,S2_fb2p0
2024-07-08,1.2336879717240656,comm,S2_fb2p0
2024-07-09,1.219226882502102,comm,S2_fb2p0
2024-07-10,1.2226537427941535,comm,S2_fb2p0
2024-07-11,1.2276264068739162,comm,S2_fb2p0
2024-07-12,1.2433297413639126,comm,S2_fb2p0
2024-07-15,1.3113127630433599,comm,S2_fb2p0
2024-07-16,1.314773874868242,comm,S2_fb2p0
2024-07-17,1.294041135286547,comm,S2_fb2p0
2024-07-18,1.2864821912563564,comm,S2_fb2p0
2024-07-19,1.2976073128268826,comm,S2_fb2p0
2024-07-22,1.248749970331265,comm,S2_fb2p0
2024-07-23,1.2353892311768622,comm,S2_fb2p0
2024-07-24,1.2136330814660599,comm,S2_fb2p0
2024-07-25,1.188502904516052,comm,S2_fb2p0
2024-07-26,1.1929734610721483,comm,S2_fb2p0
2024-07-29,1.206781715777865,comm,S2_fb2p0
2024-07-30,1.2097857031608235,comm,S2_fb2p0
2024-07-31,1.1949265285797608,comm,S2_fb2p0
2024-08-01,1.1914255623969698,comm,S2_fb2p0
2024-08-02,1.188751786063779,comm,S2_fb2p0
2024-08-05,1.2369643162272719,comm,S2_fb2p0
2024-08-06,1.230950186906351,comm,S2_fb2p0
2024-08-07,1.200483607698619,comm,S2_fb2p0
2024-08-08,1.2082091940978719,comm,S2_fb2p0
2024-08-09,1.2204248088238798,comm,S2_fb2p0
2024-08-12,1.1818060532307189,comm,S2_fb2p0
2024-08-13,1.1540467343249226,comm,S2_fb2p0
2024-08-14,1.1061358165455066,comm,S2_fb2p0
2024-08-15,1.1124659884120434,comm,S2_fb2p0
2024-08-16,1.134758799823577,comm,S2_fb2p0
2024-08-19,1.1762110925116007,comm,S2_fb2p0
2024-08-20,1.1898596495789229,comm,S2_fb2p0
2024-08-21,1.2795144182789666,comm,S2_fb2p0
2024-08-22,1.2619614081907047,comm,S2_fb2p0
2024-08-23,1.227072410281883,comm,S2_fb2p0
2024-08-26,1.27294505065806,comm,S2_fb2p0
2024-08-27,1.308012838502906,comm,S2_fb2p0
2024-08-28,1.2878879172972828,comm,S2_fb2p0
2024-08-29,1.300831645763278,comm,S2_fb2p0
2024-08-30,1.2926887049175544,comm,S2_fb2p0
2024-09-02,1.2152381928261824,comm,S2_fb2p0
2024-09-03,1.1869821304693084,comm,S2_fb2p0
2024-09-04,1.1751117347082594,comm,S2_fb2p0
2024-09-05,1.1701886420634762,comm,S2_fb2p0
2024-09-06,1.138364314646207,comm,S2_fb2p0
2024-09-09,1.1754205167561451,comm,S2_fb2p0
2024-09-10,1.1605247512231687,comm,S2_fb2p0
2024-09-11,1.143997338528379,comm,S2_fb2p0
2024-09-12,1.1504344993087274,comm,S2_fb2p0
2024-09-13,1.138954559555125,comm,S2_fb2p0
2024-09-18,1.1387736926761982,comm,S2_fb2p0
2024-09-19,1.1391659319816887,comm,S2_fb2p0
2024-09-20,1.2134695159391276,comm,S2_fb2p0
2024-09-23,1.2303474924511957,comm,S2_fb2p0
2024-09-24,1.2504239945448268,comm,S2_fb2p0
2024-09-25,1.2592347195005715,comm,S2_fb2p0
2024-09-26,1.2632709407821499,comm,S2_fb2p0
2024-09-27,1.3319090342522322,comm,S2_fb2p0
2024-09-30,1.3818919647404106,comm,S2_fb2p0
2024-10-08,1.1640809412631257,comm,S2_fb2p0
2024-10-09,1.1325357918789545,comm,S2_fb2p0
2024-10-10,1.1162943025095071,comm,S2_fb2p0
2024-10-11,1.0939511785339988,comm,S2_fb2p0
2024-10-14,1.0905692629358759,comm,S2_fb2p0
2024-10-15,1.106299285502088,comm,S2_fb2p0
2024-10-16,1.1098965929216158,comm,S2_fb2p0
2024-10-17,1.0723407738141741,comm,S2_fb2p0
2024-10-18,1.050597119024139,comm,S2_fb2p0
2024-10-21,1.0519033581047057,comm,S2_fb2p0
2024-10-22,1.0505677818142911,comm,S2_fb2p0
2024-10-23,1.0564425556773291,comm,S2_fb2p0
2024-10-24,1.0635553001452163,comm,S2_fb2p0
2024-10-25,1.0836556066765008,comm,S2_fb2p0
2024-10-28,1.1974459004616744,comm,S2_fb2p0
2024-10-29,1.2000625279280057,comm,S2_fb2p0
2024-10-30,1.2047630060052894,comm,S2_fb2p0
2024-10-31,1.2090001351710218,comm,S2_fb2p0
2024-11-01,1.1748698706909353,comm,S2_fb2p0
2024-11-04,1.181954740726983,comm,S2_fb2p0
2024-11-05,1.1753473520230715,comm,S2_fb2p0
2024-11-06,1.1609951291642766,comm,S2_fb2p0
2024-11-07,1.1398706554837352,comm,S2_fb2p0
2024-11-08,1.1035274634745242,comm,S2_fb2p0
2024-11-11,1.088759510522771,comm,S2_fb2p0
2024-11-12,1.0818485008910752,comm,S2_fb2p0
2024-11-13,1.1212716753472938,comm,S2_fb2p0
2024-11-14,1.1275063915323476,comm,S2_fb2p0
2024-11-15,1.0924430344720875,comm,S2_fb2p0
2024-11-18,0.9922543673912456,comm,S2_fb2p0
2024-11-19,0.9632503349404004,comm,S2_fb2p0
2024-11-20,0.9578854267511627,comm,S2_fb2p0
2024-11-21,0.9608406797530289,comm,S2_fb2p0
2024-11-22,0.9657633995999698,comm,S2_fb2p0
2024-11-25,0.9362273470698955,comm,S2_fb2p0
2024-11-26,0.9287586011843159,comm,S2_fb2p0
2024-11-27,0.9260912391438665,comm,S2_fb2p0
2024-11-28,0.9189096649827935,comm,S2_fb2p0
2024-11-29,0.9378063396489278,comm,S2_fb2p0
2024-12-02,0.9529530323291723,comm,S2_fb2p0
2024-12-03,0.9539680923133734,comm,S2_fb2p0
2024-12-04,0.9195422160912822,comm,S2_fb2p0
2024-12-05,0.895783456241724,comm,S2_fb2p0
2024-12-06,0.8983276908514439,comm,S2_fb2p0
2024-12-09,0.9835910318639164,comm,S2_fb2p0
2024-12-10,0.9920532701033113,comm,S2_fb2p0
2024-12-11,0.9986323561363067,comm,S2_fb2p0
2024-12-12,0.9976897610554549,comm,S2_fb2p0
2024-12-13,1.0481120571699016,comm,S2_fb2p0
2024-12-16,1.0833894645283715,comm,S2_fb2p0
2024-12-17,1.113041922855263,comm,S2_fb2p0
2024-12-18,1.1394657617137938,comm,S2_fb2p0
2024-12-19,1.1395754726876697,comm,S2_fb2p0
2024-12-20,1.1103839727246878,comm,S2_fb2p0
2024-12-23,1.1085606766500182,comm,S2_fb2p0
2024-12-24,1.1199515960296496,comm,S2_fb2p0
2024-12-25,1.133971725268216,comm,S2_fb2p0
2024-12-26,1.1447112042407401,comm,S2_fb2p0
2024-12-27,1.1193459704426634,comm,S2_fb2p0
2024-12-30,1.1386212944559446,comm,S2_fb2p0
2024-12-31,1.1235247771766503,comm,S2_fb2p0
2025-01-02,1.109818804869009,comm,S2_fb2p0
2025-01-03,1.0977617528296173,comm,S2_fb2p0
2025-01-06,1.1554209796610877,comm,S2_fb2p0
2025-01-07,1.1578671577076218,comm,S2_fb2p0
2025-01-08,1.1311955358123618,comm,S2_fb2p0
2025-01-09,1.136778643610159,comm,S2_fb2p0
2025-01-10,1.1421948187510866,comm,S2_fb2p0
2025-01-13,1.0185734720500892,comm,S2_fb2p0
2025-01-14,1.0290441788033933,comm,S2_fb2p0
2025-01-15,1.0791036071999243,comm,S2_fb2p0
2025-01-16,1.0835995566347216,comm,S2_fb2p0
2025-01-17,1.115158058032925,comm,S2_fb2p0
2025-01-20,1.1193169523768274,comm,S2_fb2p0
2025-01-21,1.118175675794141,comm,S2_fb2p0
2025-01-22,1.1066859564805336,comm,S2_fb2p0
2025-01-23,1.1287316815850716,comm,S2_fb2p0
2025-01-24,1.1315190145436682,comm,S2_fb2p0
2025-01-27,1.2443025260703795,comm,S2_fb2p0
2025-02-05,1.1872977531720128,comm,S2_fb2p0
2025-02-06,1.1779022177609617,comm,S2_fb2p0
2025-02-07,1.178641877879939,comm,S2_fb2p0
2025-02-10,1.1823553837300405,comm,S2_fb2p0
2025-02-11,1.174880226837314,comm,S2_fb2p0
2025-02-12,1.1674593216252762,comm,S2_fb2p0
2025-02-13,1.172453931620591,comm,S2_fb2p0
2025-02-14,1.1729257738590526,comm,S2_fb2p0
2025-02-17,1.2020509348706445,comm,S2_fb2p0
2025-02-18,1.2664237797064912,comm,S2_fb2p0
2025-02-19,1.2690230414056127,comm,S2_fb2p0
2025-02-20,1.2741145181375195,comm,S2_fb2p0
2025-02-21,1.2862042669464753,comm,S2_fb2p0
2025-02-24,1.3009712877338846,comm,S2_fb2p0
2025-02-25,1.2784620236112192,comm,S2_fb2p0
2025-02-26,1.2687711580336132,comm,S2_fb2p0
2025-02-27,1.2802721752369182,comm,S2_fb2p0
2025-02-28,1.2588948195798058,comm,S2_fb2p0
2025-03-03,1.257702182567739,comm,S2_fb2p0
2025-03-04,1.2474084665464213,comm,S2_fb2p0
2025-03-05,1.241735275197164,comm,S2_fb2p0
2025-03-06,1.2326585513700896,comm,S2_fb2p0
2025-03-07,1.2416930230328116,comm,S2_fb2p0
2025-03-10,1.229141609812678,comm,S2_fb2p0
2025-03-11,1.2432036273776252,comm,S2_fb2p0
2025-03-12,1.222866639862541,comm,S2_fb2p0
2025-03-13,1.2307553893947987,comm,S2_fb2p0
2025-03-14,1.2951691595886696,comm,S2_fb2p0
2025-03-17,1.3185547355066995,comm,S2_fb2p0
2025-03-18,1.2810782021241887,comm,S2_fb2p0
2025-03-19,1.2806977713084116,comm,S2_fb2p0
2025-03-20,1.2561827838036375,comm,S2_fb2p0
2025-03-21,1.261969697488694,comm,S2_fb2p0
2025-03-24,1.295439843735841,comm,S2_fb2p0
2025-03-25,1.3106648899759923,comm,S2_fb2p0
2025-03-26,1.2978243046804558,comm,S2_fb2p0
2025-03-27,1.2808769153518687,comm,S2_fb2p0
2025-03-28,1.2824763037529088,comm,S2_fb2p0
2025-03-31,1.2739173433969158,comm,S2_fb2p0
2025-04-01,1.286686993703048,comm,S2_fb2p0
2025-04-02,1.2872230967746978,comm,S2_fb2p0
2025-04-03,1.2544805026686865,comm,S2_fb2p0
2025-04-07,1.233717940248704,comm,S2_fb2p0
2025-04-08,1.2311076799758278,comm,S2_fb2p0
2025-04-09,1.2437286922102617,comm,S2_fb2p0
2025-04-10,1.2680519123431455,comm,S2_fb2p0
2025-04-11,1.261138702170086,comm,S2_fb2p0
2025-04-14,0.976000078888555,comm,S2_fb2p0
2025-04-15,0.9964613097898167,comm,S2_fb2p0
2025-04-16,0.9712923260915606,comm,S2_fb2p0
2025-04-17,0.9879364460325725,comm,S2_fb2p0
2025-04-18,0.9807815398231546,comm,S2_fb2p0
2025-04-21,0.9957517274407471,comm,S2_fb2p0
2025-04-22,0.9845076454370933,comm,S2_fb2p0
2025-04-23,1.0072266034113304,comm,S2_fb2p0
2025-04-24,1.0196139286447212,comm,S2_fb2p0
2025-04-25,1.0101521768461854,comm,S2_fb2p0
2025-04-28,0.854103485714964,comm,S2_fb2p0
2025-04-29,0.834257171160099,comm,S2_fb2p0
2025-04-30,0.8227982586312952,comm,S2_fb2p0
2025-05-06,0.8627445002144127,comm,S2_fb2p0
2025-05-07,0.8699956578554977,comm,S2_fb2p0
2025-05-08,0.8496056481973809,comm,S2_fb2p0
2025-05-09,0.8515374686838869,comm,S2_fb2p0
2025-05-12,0.8316793837008517,comm,S2_fb2p0
2025-05-13,0.8590588031884618,comm,S2_fb2p0
2025-05-14,0.8795906131478033,comm,S2_fb2p0
2025-05-15,0.8909112951860018,comm,S2_fb2p0
2025-05-16,0.8242713427909396,comm,S2_fb2p0
2025-05-19,0.7654771371755513,comm,S2_fb2p0
2025-05-20,0.7609524051442051,comm,S2_fb2p0
2025-05-21,0.770650206708004,comm,S2_fb2p0
2025-05-22,0.7683063986523018,comm,S2_fb2p0
2025-05-23,0.7601377388022803,comm,S2_fb2p0
2025-05-26,0.7429337084486084,comm,S2_fb2p0
2025-05-27,0.7382627819249596,comm,S2_fb2p0
2025-05-28,0.7327582197183818,comm,S2_fb2p0
2025-05-29,0.7291099108747849,comm,S2_fb2p0
2025-05-30,0.7201495590039391,comm,S2_fb2p0
2025-06-03,0.8089488081522916,comm,S2_fb2p0
2025-06-04,0.8221771661149118,comm,S2_fb2p0
2025-06-05,0.8253734742484833,comm,S2_fb2p0
2025-06-06,0.837237437167104,comm,S2_fb2p0
2025-06-09,0.8466187527390812,comm,S2_fb2p0
2025-06-10,0.8493769990782553,comm,S2_fb2p0
2025-06-11,0.8643862957311854,comm,S2_fb2p0
2025-06-12,0.8660668323289589,comm,S2_fb2p0
2025-06-13,0.8605226141492915,comm,S2_fb2p0
2025-06-16,0.8081149937596583,comm,S2_fb2p0
2025-06-17,0.8043253723440834,comm,S2_fb2p0
2025-06-18,0.8180321508798922,comm,S2_fb2p0
2025-06-19,0.8198913947083535,comm,S2_fb2p0
2025-06-20,0.8219223668540149,comm,S2_fb2p0
2025-06-23,0.8891746504046222,comm,S2_fb2p0
2025-06-24,0.9314313868668104,comm,S2_fb2p0
2025-06-25,0.9369584010918416,comm,S2_fb2p0
2025-06-26,0.9467260254393366,comm,S2_fb2p0
2025-06-27,0.965642530737001,comm,S2_fb2p0
2025-06-30,0.9367580429247293,comm,S2_fb2p0
2025-07-01,0.9186280807315211,comm,S2_fb2p0
2025-07-02,0.9400702174232524,comm,S2_fb2p0
2025-07-03,0.9563762756837345,comm,S2_fb2p0
2025-07-04,0.9504029135458508,comm,S2_fb2p0
2025-07-07,0.9293672718305225,comm,S2_fb2p0
2025-07-08,0.9247007458805104,comm,S2_fb2p0
2025-07-09,0.9265346957086594,comm,S2_fb2p0
2025-07-10,0.9658375149634617,comm,S2_fb2p0
2025-07-11,0.9885000965991598,comm,S2_fb2p0
2025-07-14,1.047584094261324,comm,S2_fb2p0
2025-07-15,1.0361058814882385,comm,S2_fb2p0
2025-07-16,1.0239741544018817,comm,S2_fb2p0
2025-07-17,1.0292455736232868,comm,S2_fb2p0
2025-07-18,1.0635977698114283,comm,S2_fb2p0
2025-07-21,1.1055695788235183,comm,S2_fb2p0
2025-07-22,1.1567861888272641,comm,S2_fb2p0
2025-07-23,1.1726147848040203,comm,S2_fb2p0
2025-07-24,1.2139585410547657,comm,S2_fb2p0
2025-07-25,1.2756709781550863,comm,S2_fb2p0
2025-07-28,1.1197354027129505,comm,S2_fb2p0
2025-07-29,1.1083287806140967,comm,S2_fb2p0
2025-07-30,1.1259115514267193,comm,S2_fb2p0
2025-07-31,1.0637341127254099,comm,S2_fb2p0
2025-08-01,1.0439958933330031,comm,S2_fb2p0
2025-08-04,0.9556397783767344,comm,S2_fb2p0
2025-08-05,0.9384582536938313,comm,S2_fb2p0
2025-08-06,0.9370056474640182,comm,S2_fb2p0
2025-08-07,0.9344030264948173,comm,S2_fb2p0
2025-08-08,0.9258185393972924,comm,S2_fb2p0
2025-08-11,0.9617138123475535,comm,S2_fb2p0
2025-08-12,0.964483049135416,comm,S2_fb2p0
2025-08-13,0.961088452065568,comm,S2_fb2p0
2025-08-14,0.9823942914979104,comm,S2_fb2p0
2025-08-15,0.9665186142955118,comm,S2_fb2p0
2025-08-18,0.9698010673806639,comm,S2_fb2p0
2025-08-19,0.9584892970623239,comm,S2_fb2p0
2025-08-20,1.0095425088973013,comm,S2_fb2p0
2025-08-21,1.0017129411689367,comm,S2_fb2p0
2025-08-22,0.997090542209245,comm,S2_fb2p0
2025-08-25,1.0868811318042968,comm,S2_fb2p0
2025-08-26,1.0777546019100481,comm,S2_fb2p0
2025-08-27,1.064934755172905,comm,S2_fb2p0
2025-08-28,1.0771388315320554,comm,S2_fb2p0
2025-08-29,1.0756576531993687,comm,S2_fb2p0
2025-09-01,1.127306399376972,comm,S2_fb2p0
2025-09-02,1.1475441940510482,comm,S2_fb2p0
2025-09-03,1.1443210731747644,comm,S2_fb2p0
2025-09-04,1.1506034640084795,comm,S2_fb2p0
2025-09-05,1.1708737752635259,comm,S2_fb2p0
2025-09-08,1.2535459125149178,comm,S2_fb2p0
2025-09-09,1.2549941316260524,comm,S2_fb2p0
2025-09-10,1.2505615609456218,comm,S2_fb2p0
2025-09-11,1.2478435199267195,comm,S2_fb2p0
2025-09-12,1.2317980833198892,comm,S2_fb2p0
2025-09-15,1.3012320845142824,comm,S2_fb2p0
2025-09-16,1.3068526465967047,comm,S2_fb2p0
2025-09-17,1.2723742278451844,comm,S2_fb2p0
2025-09-18,1.2773168218621074,comm,S2_fb2p0
2025-09-19,1.2810833329692342,comm,S2_fb2p0
2025-09-22,1.2947674145747128,comm,S2_fb2p0
2025-09-23,1.3039056450217639,comm,S2_fb2p0
2025-09-24,1.2932511930443358,comm,S2_fb2p0
2025-09-25,1.290955185652727,comm,S2_fb2p0
2025-09-26,1.2673027551563167,comm,S2_fb2p0
2025-09-29,1.1751650328822987,comm,S2_fb2p0
2025-09-30,1.1534300223710885,comm,S2_fb2p0
2025-10-09,1.1387008713187203,comm,S2_fb2p0
2025-10-10,1.1417757526966557,comm,S2_fb2p0
2025-10-13,1.250437336218645,comm,S2_fb2p0
2025-10-14,1.2413097230631573,comm,S2_fb2p0
2025-10-15,1.2475188572595461,comm,S2_fb2p0
2025-10-16,1.235841711334448,comm,S2_fb2p0
2025-10-17,1.2333221703451827,comm,S2_fb2p0
2025-10-20,1.223636658789991,comm,S2_fb2p0
2025-10-21,1.2322963541362075,comm,S2_fb2p0
2025-10-22,1.239953876023088,comm,S2_fb2p0
2025-10-23,1.2609580481962495,comm,S2_fb2p0
2025-10-24,1.2652401567484328,comm,S2_fb2p0
2025-10-27,1.295601174624848,comm,S2_fb2p0
2025-10-28,1.2916523494667695,comm,S2_fb2p0
2025-10-29,1.2826089449728129,comm,S2_fb2p0
2025-10-30,1.2783215994612283,comm,S2_fb2p0
2025-10-31,1.2660277434988862,comm,S2_fb2p0
2025-11-03,1.208887791381216,comm,S2_fb2p0
2025-11-04,1.1955271142232018,comm,S2_fb2p0
2025-11-05,1.182727365260899,comm,S2_fb2p0
2025-11-06,1.186229929011218,comm,S2_fb2p0
2025-11-07,1.189245958745921,comm,S2_fb2p0
2025-11-10,1.1177490558496226,comm,S2_fb2p0
2025-11-11,1.1037344409319245,comm,S2_fb2p0
2025-11-12,1.0940320747747028,comm,S2_fb2p0
2025-11-13,1.0832198651557172,comm,S2_fb2p0
2025-11-14,1.079677489731461,comm,S2_fb2p0
2025-11-17,1.1231049662115378,comm,S2_fb2p0
2025-11-18,1.133212411090449,comm,S2_fb2p0
2025-11-19,1.1282341504797149,comm,S2_fb2p0
2025-11-20,1.0959278900351621,comm,S2_fb2p0
2025-11-21,1.0972686954030144,comm,S2_fb2p0
2025-11-24,0.9528454717606406,comm,S2_fb2p0
2025-11-25,0.978724108830266,comm,S2_fb2p0
2025-11-26,0.9953478531295706,comm,S2_fb2p0
2025-11-27,1.0146597545036788,comm,S2_fb2p0
2025-11-28,1.0243876500159599,comm,S2_fb2p0
2025-12-01,1.1164737673192562,comm,S2_fb2p0
2025-12-02,1.1223495770825231,comm,S2_fb2p0
2025-12-03,1.1054389412139518,comm,S2_fb2p0
2025-12-04,1.143664427681558,comm,S2_fb2p0
2025-12-05,1.123031773481044,comm,S2_fb2p0
2025-12-08,1.1572139257445244,comm,S2_fb2p0
2025-12-09,1.1300685234895298,comm,S2_fb2p0
2025-12-10,1.134443954531209,comm,S2_fb2p0
2025-12-11,1.1040933636651995,comm,S2_fb2p0
2025-12-12,1.0565802422697221,comm,S2_fb2p0
2025-12-15,1.071251745063141,comm,S2_fb2p0
2025-12-16,1.0878188781514326,comm,S2_fb2p0
2025-12-17,1.0824968069204133,comm,S2_fb2p0
2025-12-18,1.1102403533246665,comm,S2_fb2p0
2025-12-19,1.0848315826808665,comm,S2_fb2p0
2025-12-22,1.0357952818231153,comm,S2_fb2p0
2025-12-23,1.0255527149257788,comm,S2_fb2p0
2025-12-24,1.0315674222172984,comm,S2_fb2p0
2025-12-25,1.0450830311884693,comm,S2_fb2p0
2025-12-26,1.0195080662025957,comm,S2_fb2p0
2025-12-29,1.1019801023807876,comm,S2_fb2p0
2025-12-30,1.1187634872207326,comm,S2_fb2p0
2025-12-31,1.1070447912994403,comm,S2_fb2p0
2026-01-05,1.1841574691911656,comm,S2_fb2p0
2026-01-06,1.174602787081715,comm,S2_fb2p0
2026-01-07,1.2034257050179396,comm,S2_fb2p0
2026-01-08,1.2531453715423477,comm,S2_fb2p0
2026-01-09,1.2311128305138637,comm,S2_fb2p0
2026-01-12,0.8508990096285152,comm,S2_fb2p0
2026-01-13,0.835441151972366,comm,S2_fb2p0
2026-01-14,0.8226180325615321,comm,S2_fb2p0
2026-01-15,0.8376098387497829,comm,S2_fb2p0
2026-01-16,0.8547098566155894,comm,S2_fb2p0
2026-01-19,0.9644321374147474,comm,S2_fb2p0
2026-01-20,0.9576598862508439,comm,S2_fb2p0
2026-01-21,0.9524627076992118,comm,S2_fb2p0
2026-01-22,0.9542386265857603,comm,S2_fb2p0
2026-01-23,0.9597856312036974,comm,S2_fb2p0
2026-01-26,1.0260385593275947,comm,S2_fb2p0
2026-01-27,1.01655822378961,comm,S2_fb2p0
2026-01-28,0.9950010303522162,comm,S2_fb2p0
2026-01-29,0.9970937049630597,comm,S2_fb2p0
2026-01-30,0.9995593377372176,comm,S2_fb2p0
2026-02-02,1.0088685692047608,comm,S2_fb2p0
2026-02-03,1.0127773015079928,comm,S2_fb2p0
2026-02-04,1.0109116709415558,comm,S2_fb2p0
2026-02-05,1.0063805026768577,comm,S2_fb2p0
2026-02-06,1.0053925381419901,comm,S2_fb2p0
2026-02-09,0.8264602291616268,comm,S2_fb2p0
2026-02-10,0.8250609863078618,comm,S2_fb2p0
2026-02-11,0.8256967063308492,comm,S2_fb2p0
2026-02-12,0.8256401648489179,comm,S2_fb2p0
2026-02-13,0.8474373687275558,comm,S2_fb2p0
2026-02-24,1.0879545322410045,comm,S2_fb2p0
2026-02-25,1.1031421783799589,comm,S2_fb2p0
2026-02-26,1.1163751495230454,comm,S2_fb2p0
2026-02-27,1.1172687587629406,comm,S2_fb2p0
2026-03-02,1.1890219725221496,comm,S2_fb2p0
2026-03-03,1.1659798779302386,comm,S2_fb2p0
2026-03-04,1.1647255606710654,comm,S2_fb2p0
2026-03-05,1.1566532687840665,comm,S2_fb2p0
2026-03-06,1.2071588032619947,comm,S2_fb2p0
2026-03-09,0.9516173583598395,comm,S2_fb2p0
2026-03-10,0.9347207079588438,comm,S2_fb2p0
2026-03-11,0.9445333105858394,comm,S2_fb2p0
2026-03-12,0.960501331357301,comm,S2_fb2p0
2026-03-13,0.9534404973242468,comm,S2_fb2p0
2026-03-16,1.0295183111784187,comm,S2_fb2p0
2026-03-17,1.0174967078550947,comm,S2_fb2p0
2026-03-18,1.00695198956299,comm,S2_fb2p0
2026-03-19,0.9837733777362441,comm,S2_fb2p0
2026-03-20,1.0066926603726265,comm,S2_fb2p0
2026-03-23,0.9620102493320084,comm,S2_fb2p0
2026-03-24,0.9673645613742333,comm,S2_fb2p0
2026-03-25,0.9591073530441203,comm,S2_fb2p0
2026-03-26,0.9462002955970156,comm,S2_fb2p0
2026-03-27,0.9389948467429651,comm,S2_fb2p0
2026-03-30,0.9418862760937275,comm,S2_fb2p0
2026-03-31,0.9285151632896366,comm,S2_fb2p0
2026-04-01,0.9251136143343645,comm,S2_fb2p0
2026-04-02,0.911205843114584,comm,S2_fb2p0
2026-04-03,0.8996021968574155,comm,S2_fb2p0
2026-04-07,0.890269184322456,comm,S2_fb2p0
2026-04-08,0.8859862088477324,comm,S2_fb2p0
2026-04-09,0.9414610489256477,comm,S2_fb2p0
2026-04-10,0.9304268955834706,comm,S2_fb2p0
2026-04-13,0.8806498418850429,comm,S2_fb2p0
2026-04-14,0.8651842842679053,comm,S2_fb2p0
2026-04-15,0.8727150890622102,comm,S2_fb2p0
2026-04-16,0.8805416787687429,comm,S2_fb2p0
2026-04-17,0.9198510693762766,comm,S2_fb2p0
2026-04-20,1.0544200362212421,comm,S2_fb2p0
2026-04-21,1.0615774034847816,comm,S2_fb2p0
2026-04-22,1.0572506303183002,comm,S2_fb2p0
2026-04-23,1.0755922454777378,comm,S2_fb2p0
2026-04-24,1.0756836333462487,comm,S2_fb2p0
2026-04-27,1.1712327345095386,comm,S2_fb2p0
2026-04-28,1.151101571683635,comm,S2_fb2p0
2026-04-29,1.154248225401222,comm,S2_fb2p0
2026-04-30,1.172743905863501,comm,S2_fb2p0
2026-05-06,1.2071715203673954,comm,S2_fb2p0
2026-05-07,1.2396662952145736,comm,S2_fb2p0
2026-05-08,1.2517717162276971,comm,S2_fb2p0
2026-05-11,1.1902569327364751,comm,S2_fb2p0
2026-05-12,1.182837565324927,comm,S2_fb2p0
2026-05-13,1.1817367047417933,comm,S2_fb2p0
2026-05-14,1.17262155499941,comm,S2_fb2p0
2026-05-15,1.1867045221019197,comm,S2_fb2p0
2026-05-18,1.0976543362054747,comm,S2_fb2p0
2026-05-19,1.0697477128118948,comm,S2_fb2p0
2026-05-20,1.0587377491506855,comm,S2_fb2p0
2026-05-21,1.0742776477724694,comm,S2_fb2p0
2026-05-22,1.0787826446925246,comm,S2_fb2p0
2026-05-25,1.2584324518888865,comm,S2_fb2p0
2026-05-26,1.2120894932918878,comm,S2_fb2p0
2026-05-27,1.1899336964251783,comm,S2_fb2p0
2026-05-28,1.2120707099035022,comm,S2_fb2p0
2026-05-29,1.2230215559264166,comm,S2_fb2p0
2026-06-01,1.2086345221308945,comm,S2_fb2p0
2026-06-02,1.1835227317261015,comm,S2_fb2p0
2026-06-03,1.1814499183359046,comm,S2_fb2p0
2026-06-04,1.1964983601317676,comm,S2_fb2p0
2026-06-05,1.195740285747533,comm,S2_fb2p0
2026-06-08,1.2199551156770814,comm,S2_fb2p0
2026-06-09,1.2251226224652205,comm,S2_fb2p0
2026-06-10,1.2587853965110534,comm,S2_fb2p0
2026-06-11,1.2523255731584944,comm,S2_fb2p0
2026-06-12,1.2571880045663153,comm,S2_fb2p0
2026-06-15,1.2562241665333593,comm,S2_fb2p0
2026-06-16,1.2610675847035808,comm,S2_fb2p0
2026-06-17,1.2488464416906528,comm,S2_fb2p0
2026-06-18,1.2442168708408616,comm,S2_fb2p0
2026-06-22,1.2382141232308541,comm,S2_fb2p0
2026-06-23,1.2443462766701894,comm,S2_fb2p0
2026-06-24,1.2528761071149548,comm,S2_fb2p0
2026-06-25,1.2437556188299497,comm,S2_fb2p0
2026-06-26,1.2584244034564611,comm,S2_fb2p0
2026-06-29,1.2845516370101104,comm,S2_fb2p0
2026-06-30,1.3103807800316778,comm,S2_fb2p0
2026-07-01,1.302061120902351,comm,S2_fb2p0
2026-07-02,1.2968707420032384,comm,S2_fb2p0
2026-07-03,1.286828420584978,comm,S2_fb2p0
2026-07-06,1.2929580169758503,comm,S2_fb2p0
2026-07-07,1.2727330379713033,comm,S2_fb2p0
2026-07-08,1.2718667360071567,comm,S2_fb2p0
2026-07-09,1.2810316476411185,comm,S2_fb2p0
2026-07-10,1.30689144041011,comm,S2_fb2p0
2026-07-13,1.1907390909299467,comm,S2_fb2p0
2026-07-14,1.1816537328612757,comm,S2_fb2p0
2026-07-15,1.200579983163918,comm,S2_fb2p0
2026-07-16,1.2031482159796625,comm,S2_fb2p0
2026-07-17,1.201632463075833,comm,S2_fb2p0
2026-07-20,1.182365730096585,comm,S2_fb2p0
2026-07-21,1.1853101715291445,comm,S2_fb2p0
2026-07-22,1.1726276378528884,comm,S2_fb2p0
2026-07-23,1.1738414906701886,comm,S2_fb2p0
2026-07-24,1.1569133909580291,comm,S2_fb2p0
2026-07-27,1.124264033276103,comm,S2_fb2p0
2026-07-28,1.1057898030053803,comm,S2_fb2p0
2026-07-29,1.0965082576255332,comm,S2_fb2p0
2026-07-30,1.0577697829919532,comm,S2_fb2p0
2026-07-31,1.0441342028071905,comm,S2_fb2p0
2026-08-03,1.0533694038696348,comm,S2_fb2p0
2026-08-04,1.0483105966935247,comm,S2_fb2p0
2026-08-05,1.0533260915173224,comm,S2_fb2p0
2026-08-06,1.0698395647435335,comm,S2_fb2p0
2026-08-07,1.0767395344484547,comm,S2_fb2p0
2026-08-10,1.1983777051766613,comm,S2_fb2p0
2026-08-11,1.196990557072768,comm,S2_fb2p0
2026-08-12,1.1888381811656017,comm,S2_fb2p0
2026-08-13,1.18516726994269,comm,S2_fb2p0
2026-08-14,1.2425469353065115,comm,S2_fb2p0
2026-08-17,1.2643098951622904,comm,S2_fb2p0
2026-08-18,1.2604420936125764,comm,S2_fb2p0
2026-08-19,1.2698293414087163,comm,S2_fb2p0
2026-08-20,1.2815185773321571,comm,S2_fb2p0
2026-08-21,1.285286917561254,comm,S2_fb2p0
2026-08-24,1.2897794839526056,comm,S2_fb2p0
2026-08-25,1.2868776007896505,comm,S2_fb2p0
2026-08-26,1.2836057145820272,comm,S2_fb2p0
2026-08-27,1.292941131380156,comm,S2_fb2p0
2026-08-28,1.3111628330110072,comm,S2_fb2p0
2026-08-31,1.3305733563584063,comm,S2_fb2p0
2015-01-19,1.163401686277798,total,S2_fb2p0
2015-01-20,1.1523736419179778,total,S2_fb2p0
2015-01-21,1.156143294054643,total,S2_fb2p0
2015-01-22,1.161905490139787,total,S2_fb2p0
2015-01-23,1.159615776309583,total,S2_fb2p0
2015-01-26,1.1436411136942193,total,S2_fb2p0
2015-01-27,1.1492575043908257,total,S2_fb2p0
2015-01-28,1.226966949445746,total,S2_fb2p0
2015-01-29,1.2433911449703734,total,S2_fb2p0
2015-01-30,1.2287829978596834,total,S2_fb2p0
2015-02-02,1.2374365122395286,total,S2_fb2p0
2015-02-03,1.2745870874201097,total,S2_fb2p0
2015-02-04,1.3032916996624349,total,S2_fb2p0
2015-02-05,1.2931274835906506,total,S2_fb2p0
2015-02-06,1.336441623763078,total,S2_fb2p0
2015-02-09,1.2271036542355875,total,S2_fb2p0
2015-02-10,1.2166134414741996,total,S2_fb2p0
2015-02-11,1.197682417824646,total,S2_fb2p0
2015-02-12,1.1890450630643352,total,S2_fb2p0
2015-02-13,1.2256716375067773,total,S2_fb2p0
2015-02-16,1.2656949558291521,total,S2_fb2p0
2015-02-17,1.2553851108701475,total,S2_fb2p0
2015-02-25,1.2371471460563073,total,S2_fb2p0
2015-02-26,1.2565708861316973,total,S2_fb2p0
2015-02-27,1.2586636222361336,total,S2_fb2p0
2015-03-02,1.263545868686268,total,S2_fb2p0
2015-03-03,1.283032365877276,total,S2_fb2p0
2015-03-04,1.2399332314012428,total,S2_fb2p0
2015-03-05,1.2336217681828028,total,S2_fb2p0
2015-03-06,1.2443547175594616,total,S2_fb2p0
2015-03-09,1.1470213384996755,total,S2_fb2p0
2015-03-10,1.1803782346492846,total,S2_fb2p0
2015-03-11,1.1575412357097161,total,S2_fb2p0
2015-03-12,1.1873855939552327,total,S2_fb2p0
2015-03-13,1.215969515391738,total,S2_fb2p0
2015-03-16,1.1813954085150948,total,S2_fb2p0
2015-03-17,1.1929236497370268,total,S2_fb2p0
2015-03-18,1.1806132242243028,total,S2_fb2p0
2015-03-19,1.211591456886788,total,S2_fb2p0
2015-03-20,1.23344706374604,total,S2_fb2p0
2015-03-23,1.1651026229726047,total,S2_fb2p0
2015-03-24,1.2619793503554808,total,S2_fb2p0
2015-03-25,1.2525205686825511,total,S2_fb2p0
2015-03-26,1.2453414312088733,total,S2_fb2p0
2015-03-27,1.2200185352250832,total,S2_fb2p0
2015-03-30,1.1419792698095295,total,S2_fb2p0
2015-03-31,1.1372480089336297,total,S2_fb2p0
2015-04-01,1.1204951854060665,total,S2_fb2p0
2015-04-02,1.1094460193616131,total,S2_fb2p0
2015-04-03,1.1054254270189605,total,S2_fb2p0
2015-04-07,1.191878430394524,total,S2_fb2p0
2015-04-08,1.1755955754724436,total,S2_fb2p0
2015-04-09,1.1687938911010511,total,S2_fb2p0
2015-04-10,1.1490954508457307,total,S2_fb2p0
2015-04-13,1.1778380752868245,total,S2_fb2p0
2015-04-14,1.1791214175926437,total,S2_fb2p0
2015-04-15,1.1930764305600794,total,S2_fb2p0
2015-04-16,1.2136156236639732,total,S2_fb2p0
2015-04-17,1.223241907998927,total,S2_fb2p0
2015-04-20,1.2313366715125311,total,S2_fb2p0
2015-04-21,1.247228768949894,total,S2_fb2p0
2015-04-22,1.2796986458227722,total,S2_fb2p0
2015-04-23,1.3037771928137374,total,S2_fb2p0
2015-04-24,1.3257291050512159,total,S2_fb2p0
2015-04-27,1.35666998873679,total,S2_fb2p0
2015-04-28,1.3476999271078451,total,S2_fb2p0
2015-04-29,1.265231652573159,total,S2_fb2p0
2015-04-30,1.2683072746853579,total,S2_fb2p0
2015-05-04,1.3114788585355628,total,S2_fb2p0
2015-05-05,1.3302298476061474,total,S2_fb2p0
2015-05-06,1.3359141287323966,total,S2_fb2p0
2015-05-07,1.268831825098083,total,S2_fb2p0
2015-05-08,1.2597095607983964,total,S2_fb2p0
2015-05-11,1.289304031694409,total,S2_fb2p0
2015-05-12,1.2724002909108951,total,S2_fb2p0
2015-05-13,1.2642711247733098,total,S2_fb2p0
2015-05-14,1.23407776877829,total,S2_fb2p0
2015-05-15,1.2391894744203376,total,S2_fb2p0
2015-05-18,1.2490292728981225,total,S2_fb2p0
2015-05-19,1.2214583496071703,total,S2_fb2p0
2015-05-20,1.1837114337089258,total,S2_fb2p0
2015-05-21,1.198790735927856,total,S2_fb2p0
2015-05-22,1.2042813302032258,total,S2_fb2p0
2015-05-25,1.2152057130727025,total,S2_fb2p0
2015-05-26,1.247848922109512,total,S2_fb2p0
2015-05-27,1.234785785019028,total,S2_fb2p0
2015-05-28,1.2442726662312615,total,S2_fb2p0
2015-05-29,1.2603397237399647,total,S2_fb2p0
2015-06-01,1.254488661316965,total,S2_fb2p0
2015-06-02,1.2539062034230388,total,S2_fb2p0
2015-06-03,1.2570135482057658,total,S2_fb2p0
2015-06-04,1.2503416734946606,total,S2_fb2p0
2015-06-05,1.2492546757219352,total,S2_fb2p0
2015-06-08,1.185227224404942,total,S2_fb2p0
2015-06-09,1.1885571602840344,total,S2_fb2p0
2015-06-10,1.191487875089261,total,S2_fb2p0
2015-06-11,1.1819640848516824,total,S2_fb2p0
2015-06-12,1.1353413953753524,total,S2_fb2p0
2015-06-15,1.14659367899967,total,S2_fb2p0
2015-06-16,1.1264303417632884,total,S2_fb2p0
2015-06-17,1.1204959329248971,total,S2_fb2p0
2015-06-18,1.1158566715389617,total,S2_fb2p0
2015-06-19,1.1279134581510286,total,S2_fb2p0
2015-06-23,1.1904117279037771,total,S2_fb2p0
2015-06-24,1.1983684444614522,total,S2_fb2p0
2015-06-25,1.1829692153836115,total,S2_fb2p0
2015-06-26,1.2415912775876918,total,S2_fb2p0
2015-06-29,1.2468337036920931,total,S2_fb2p0
2015-06-30,1.1787221704890518,total,S2_fb2p0
2015-07-01,1.1768311126104292,total,S2_fb2p0
2015-07-02,1.2112735550320566,total,S2_fb2p0
2015-07-03,1.2215359549210993,total,S2_fb2p0
2015-07-06,1.2079717171668038,total,S2_fb2p0
2015-07-07,1.1659573196198032,total,S2_fb2p0
2015-07-08,1.0817266445687463,total,S2_fb2p0
2015-07-09,1.1113868632553112,total,S2_fb2p0
2015-07-10,1.174272263994892,total,S2_fb2p0
2015-07-13,0.9431704773757946,total,S2_fb2p0
2015-07-14,0.9539141414234084,total,S2_fb2p0
2015-07-15,0.9413607906849847,total,S2_fb2p0
2015-07-16,0.9371552291137435,total,S2_fb2p0
2015-07-17,0.9631449526503238,total,S2_fb2p0
2015-07-20,0.9595566743946804,total,S2_fb2p0
2015-07-21,0.9850282628200366,total,S2_fb2p0
2015-07-22,1.011191391418511,total,S2_fb2p0
2015-07-23,0.9916271644004673,total,S2_fb2p0
2015-07-24,0.9906096761851286,total,S2_fb2p0
2015-07-27,0.9914042325664875,total,S2_fb2p0
2015-07-28,0.9880450360585177,total,S2_fb2p0
2015-07-29,1.012794849908786,total,S2_fb2p0
2015-07-30,0.9951438728237849,total,S2_fb2p0
2015-07-31,0.9866331433459808,total,S2_fb2p0
2015-08-03,1.0486087609262749,total,S2_fb2p0
2015-08-04,1.021197990274006,total,S2_fb2p0
2015-08-05,1.0258523953340115,total,S2_fb2p0
2015-08-06,1.0107834532138644,total,S2_fb2p0
2015-08-07,0.9898906451723638,total,S2_fb2p0
2015-08-10,0.9445292029181273,total,S2_fb2p0
2015-08-11,0.9692501154925867,total,S2_fb2p0
2015-08-12,0.9696382359738596,total,S2_fb2p0
2015-08-13,0.997128817886863,total,S2_fb2p0
2015-08-14,0.9834697346801161,total,S2_fb2p0
2015-08-17,1.0549600245938975,total,S2_fb2p0
2015-08-18,1.0385433371012727,total,S2_fb2p0
2015-08-19,1.0095710510387397,total,S2_fb2p0
2015-08-20,1.008172345095273,total,S2_fb2p0
2015-08-21,1.0099011673360048,total,S2_fb2p0
2015-08-24,1.004457098717877,total,S2_fb2p0
2015-08-25,0.9689965364191957,total,S2_fb2p0
2015-08-26,0.9777803856384688,total,S2_fb2p0
2015-08-27,0.9712783860623507,total,S2_fb2p0
2015-08-28,1.000901988720316,total,S2_fb2p0
2015-08-31,1.0696465565738769,total,S2_fb2p0
2015-09-01,1.0555556129761094,total,S2_fb2p0
2015-09-02,1.0526835553450231,total,S2_fb2p0
2015-09-07,0.9301761800498588,total,S2_fb2p0
2015-09-08,0.9368106712245368,total,S2_fb2p0
2015-09-09,0.9964354156137556,total,S2_fb2p0
2015-09-10,0.9811349044820015,total,S2_fb2p0
2015-09-11,0.9984291419423732,total,S2_fb2p0
2015-09-14,0.957558735960821,total,S2_fb2p0
2015-09-15,0.9370044385890278,total,S2_fb2p0
2015-09-16,0.9397256505143112,total,S2_fb2p0
2015-09-17,0.948169156907187,total,S2_fb2p0
2015-09-18,0.9411935938731013,total,S2_fb2p0
2015-09-21,1.1177373472516268,total,S2_fb2p0
2015-09-22,1.1469075531176727,total,S2_fb2p0
2015-09-23,1.1332276894241395,total,S2_fb2p0
2015-09-24,1.1365750348358172,total,S2_fb2p0
2015-09-25,1.1424080099404235,total,S2_fb2p0
2015-09-28,1.009389346491258,total,S2_fb2p0
2015-09-29,0.9626266155868756,total,S2_fb2p0
2015-09-30,0.9532024328170121,total,S2_fb2p0
2015-10-08,0.960518174190421,total,S2_fb2p0
2015-10-09,0.9711532808692133,total,S2_fb2p0
2015-10-12,1.213544798581371,total,S2_fb2p0
2015-10-13,1.1741707257601663,total,S2_fb2p0
2015-10-14,1.1672047211329237,total,S2_fb2p0
2015-10-15,1.1547586054133308,total,S2_fb2p0
2015-10-16,1.13085825856104,total,S2_fb2p0
2015-10-19,1.153399244969212,total,S2_fb2p0
2015-10-20,1.1067984565183415,total,S2_fb2p0
2015-10-21,1.0789945923370081,total,S2_fb2p0
2015-10-22,1.0619915620581704,total,S2_fb2p0
2015-10-23,1.0562839674258226,total,S2_fb2p0
2015-10-26,1.0851264571893446,total,S2_fb2p0
2015-10-27,1.0913392046458383,total,S2_fb2p0
2015-10-28,1.0732545780978686,total,S2_fb2p0
2015-10-29,1.061836999093804,total,S2_fb2p0
2015-10-30,1.0552193825855258,total,S2_fb2p0
2015-11-02,1.1548255077351424,total,S2_fb2p0
2015-11-03,1.1668009157431884,total,S2_fb2p0
2015-11-04,1.1803126201870284,total,S2_fb2p0
2015-11-05,1.254137167425298,total,S2_fb2p0
2015-11-06,1.2652654233933327,total,S2_fb2p0
2015-11-09,1.2094411472072317,total,S2_fb2p0
2015-11-10,1.1777111145297787,total,S2_fb2p0
2015-11-11,1.1336257989480731,total,S2_fb2p0
2015-11-12,1.1259556160092787,total,S2_fb2p0
2015-11-13,1.1239117115365673,total,S2_fb2p0
2015-11-16,1.0632629967460723,total,S2_fb2p0
2015-11-17,1.0466888515083115,total,S2_fb2p0
2015-11-18,1.0688551793985754,total,S2_fb2p0
2015-11-19,1.0311812493621533,total,S2_fb2p0
2015-11-20,1.0092162591854823,total,S2_fb2p0
2015-11-23,1.0377838037330926,total,S2_fb2p0
2015-11-24,1.015487603214059,total,S2_fb2p0
2015-11-25,1.0408510354672016,total,S2_fb2p0
2015-11-26,1.0953269680340598,total,S2_fb2p0
2015-11-27,1.12739787726624,total,S2_fb2p0
2015-11-30,0.9267918731133684,total,S2_fb2p0
2015-12-01,0.9301171871070965,total,S2_fb2p0
2015-12-02,0.958865303436627,total,S2_fb2p0
2015-12-03,0.934090034528619,total,S2_fb2p0
2015-12-04,0.9282455028632565,total,S2_fb2p0
2015-12-07,0.9510954383809744,total,S2_fb2p0
2015-12-08,0.9344241785692547,total,S2_fb2p0
2015-12-09,0.9427513946366995,total,S2_fb2p0
2015-12-10,0.9453335234991713,total,S2_fb2p0
2015-12-11,0.9501851250827882,total,S2_fb2p0
2015-12-14,0.9623854772793348,total,S2_fb2p0
2015-12-15,0.9753768870467334,total,S2_fb2p0
2015-12-16,0.963507436994437,total,S2_fb2p0
2015-12-17,0.9807622537820779,total,S2_fb2p0
2015-12-18,0.9976812926632326,total,S2_fb2p0
2015-12-21,1.0788754253963864,total,S2_fb2p0
2015-12-22,1.0930681177767634,total,S2_fb2p0
2015-12-23,1.0795382557992939,total,S2_fb2p0
2015-12-24,1.1005772765772364,total,S2_fb2p0
2015-12-25,1.100056479442746,total,S2_fb2p0
2015-12-28,1.0764339947561883,total,S2_fb2p0
2015-12-29,1.0962779811607593,total,S2_fb2p0
2015-12-30,1.134374463075172,total,S2_fb2p0
2015-12-31,1.138586355742673,total,S2_fb2p0
2016-01-04,1.1099291883343163,total,S2_fb2p0
2016-01-05,1.0998255753484554,total,S2_fb2p0
2016-01-06,1.1060194468804654,total,S2_fb2p0
2016-01-07,1.1053716981699875,total,S2_fb2p0
2016-01-08,1.0918389757455589,total,S2_fb2p0
2016-01-11,1.109378098789611,total,S2_fb2p0
2016-01-12,1.0841678385173223,total,S2_fb2p0
2016-01-13,1.0609379958801057,total,S2_fb2p0
2016-01-14,1.0702828819282342,total,S2_fb2p0
2016-01-15,1.0946712249983181,total,S2_fb2p0
2016-01-18,1.171635209472799,total,S2_fb2p0
2016-01-19,1.1954344324364172,total,S2_fb2p0
2016-01-20,1.204322933541872,total,S2_fb2p0
2016-01-21,1.1908250711592483,total,S2_fb2p0
2016-01-22,1.2118414442158012,total,S2_fb2p0
2016-01-25,1.2406162588779102,total,S2_fb2p0
2016-01-26,1.2326183472921892,total,S2_fb2p0
2016-01-27,1.2578983359895886,total,S2_fb2p0
2016-01-28,1.2437926023253378,total,S2_fb2p0
2016-01-29,1.2606140974113003,total,S2_fb2p0
2016-02-01,1.2614090953366448,total,S2_fb2p0
2016-02-02,1.2472321006356115,total,S2_fb2p0
2016-02-03,1.2529844604584337,total,S2_fb2p0
2016-02-04,1.2920771419562158,total,S2_fb2p0
2016-02-05,1.2850912293446548,total,S2_fb2p0
2016-02-15,1.2795311753685417,total,S2_fb2p0
2016-02-16,1.3284717192086102,total,S2_fb2p0
2016-02-17,1.3048513243825444,total,S2_fb2p0
2016-02-18,1.2825669942091764,total,S2_fb2p0
2016-02-19,1.2975212102398763,total,S2_fb2p0
2016-02-22,1.36627120381815,total,S2_fb2p0
2016-02-23,1.3037236938287977,total,S2_fb2p0
2016-02-24,1.251133363626851,total,S2_fb2p0
2016-02-25,1.253534919827509,total,S2_fb2p0
2016-02-26,1.2220832657113627,total,S2_fb2p0
2016-02-29,1.2668708813632388,total,S2_fb2p0
2016-03-01,1.3041825521680606,total,S2_fb2p0
2016-03-02,1.318040391780738,total,S2_fb2p0
2016-03-03,1.3099449369130014,total,S2_fb2p0
2016-03-04,1.3235698117755865,total,S2_fb2p0
2016-03-07,1.2350826901788932,total,S2_fb2p0
2016-03-08,1.2997676977006258,total,S2_fb2p0
2016-03-09,1.2195735739102245,total,S2_fb2p0
2016-03-10,1.2459406251480203,total,S2_fb2p0
2016-03-11,1.19464670668212,total,S2_fb2p0
2016-03-14,0.9112322069451249,total,S2_fb2p0
2016-03-15,0.8811386320365546,total,S2_fb2p0
2016-03-16,0.8751552982453469,total,S2_fb2p0
2016-03-17,0.9001001946122792,total,S2_fb2p0
2016-03-18,0.9554918379885793,total,S2_fb2p0
2016-03-21,1.0453482297494827,total,S2_fb2p0
2016-03-22,1.0659484577356608,total,S2_fb2p0
2016-03-23,1.0664890266433749,total,S2_fb2p0
2016-03-24,1.050118442657119,total,S2_fb2p0
2016-03-25,1.0552994166610976,total,S2_fb2p0
2016-03-28,1.0493855691992864,total,S2_fb2p0
2016-03-29,1.0344661485177873,total,S2_fb2p0
2016-03-30,1.0120821373935314,total,S2_fb2p0
2016-03-31,1.0144015941475069,total,S2_fb2p0
2016-04-01,1.1121809379936198,total,S2_fb2p0
2016-04-05,1.1903893061920718,total,S2_fb2p0
2016-04-06,1.1923767491570587,total,S2_fb2p0
2016-04-07,1.1881892451726375,total,S2_fb2p0
2016-04-08,1.1566801471822974,total,S2_fb2p0
2016-04-11,1.1929444563547682,total,S2_fb2p0
2016-04-12,1.2082899322608531,total,S2_fb2p0
2016-04-13,1.2655314877858532,total,S2_fb2p0
2016-04-14,1.289416195670569,total,S2_fb2p0
2016-04-15,1.2586856664879629,total,S2_fb2p0
2016-04-18,1.2470206790086023,total,S2_fb2p0
2016-04-19,1.2291391225467656,total,S2_fb2p0
2016-04-20,1.2336006351771327,total,S2_fb2p0
2016-04-21,1.2705307758426378,total,S2_fb2p0
2016-04-22,1.3137683985142035,total,S2_fb2p0
2016-04-25,1.2890096370809472,total,S2_fb2p0
2016-04-26,1.2862827161029484,total,S2_fb2p0
2016-04-27,1.3109904262756176,total,S2_fb2p0
2016-04-28,1.2750226696688947,total,S2_fb2p0
2016-04-29,1.182708944743175,total,S2_fb2p0
2016-05-03,1.0407678352936132,total,S2_fb2p0
2016-05-04,1.0245289994874807,total,S2_fb2p0
2016-05-05,1.0248869304115702,total,S2_fb2p0
2016-05-06,0.9819934006287692,total,S2_fb2p0
2016-05-09,0.829647598023998,total,S2_fb2p0
2016-05-10,0.7979105256448144,total,S2_fb2p0
2016-05-11,0.8202426480003561,total,S2_fb2p0
2016-05-12,0.8157743257758241,total,S2_fb2p0
2016-05-13,0.7965383236398197,total,S2_fb2p0
2016-05-16,0.8188786338038658,total,S2_fb2p0
2016-05-17,0.8331442629476177,total,S2_fb2p0
2016-05-18,0.840929057070502,total,S2_fb2p0
2016-05-19,0.8298750921746135,total,S2_fb2p0
2016-05-20,0.8217008862035463,total,S2_fb2p0
2016-05-23,0.8302981813230673,total,S2_fb2p0
2016-05-24,0.814209465494609,total,S2_fb2p0
2016-05-25,0.8073388402916825,total,S2_fb2p0
2016-05-26,0.8041809550554182,total,S2_fb2p0
2016-05-27,0.8213516648165339,total,S2_fb2p0
2016-05-30,0.8427614507340412,total,S2_fb2p0
2016-05-31,0.8437097282536608,total,S2_fb2p0
2016-06-01,0.8265978808627094,total,S2_fb2p0
2016-06-02,0.8345074962414419,total,S2_fb2p0
2016-06-03,0.8459469730086162,total,S2_fb2p0
2016-06-06,0.8931812822971334,total,S2_fb2p0
2016-06-07,0.8894793993040017,total,S2_fb2p0
2016-06-08,0.8890321110458537,total,S2_fb2p0
2016-06-13,0.9455903075282632,total,S2_fb2p0
2016-06-14,0.9387395462111877,total,S2_fb2p0
2016-06-15,0.9144502164488538,total,S2_fb2p0
2016-06-16,0.9059256258039253,total,S2_fb2p0
2016-06-17,0.9087509572302173,total,S2_fb2p0
2016-06-20,0.9378995707239969,total,S2_fb2p0
2016-06-21,0.9437150561076948,total,S2_fb2p0
2016-06-22,0.9540998697738681,total,S2_fb2p0
2016-06-23,0.9668784963756238,total,S2_fb2p0
2016-06-24,0.9502061346553552,total,S2_fb2p0
2016-06-27,0.99776248104142,total,S2_fb2p0
2016-06-28,1.0236975160274866,total,S2_fb2p0
2016-06-29,1.027720598739885,total,S2_fb2p0
2016-06-30,1.0305128822743341,total,S2_fb2p0
2016-07-01,1.0359230115137272,total,S2_fb2p0
2016-07-04,1.311001346843562,total,S2_fb2p0
2016-07-05,1.3651252703917107,total,S2_fb2p0
2016-07-06,1.330249322792585,total,S2_fb2p0
2016-07-07,1.3025034637276967,total,S2_fb2p0
2016-07-08,1.3013681053010868,total,S2_fb2p0
2016-07-11,1.2615425687286055,total,S2_fb2p0
2016-07-12,1.2523109685653946,total,S2_fb2p0
2016-07-13,1.244251869246494,total,S2_fb2p0
2016-07-14,1.2375722194260266,total,S2_fb2p0
2016-07-15,1.2296504809266333,total,S2_fb2p0
2016-07-18,1.2815240552298837,total,S2_fb2p0
2016-07-19,1.3109686387039665,total,S2_fb2p0
2016-07-20,1.2966091766129693,total,S2_fb2p0
2016-07-21,1.2892638049890697,total,S2_fb2p0
2016-07-22,1.284396231262258,total,S2_fb2p0
2016-07-25,1.2919993216653392,total,S2_fb2p0
2016-07-26,1.2730093845258807,total,S2_fb2p0
2016-07-27,1.2670059111919543,total,S2_fb2p0
2016-07-28,1.234941359594076,total,S2_fb2p0
2016-07-29,1.2424823596581982,total,S2_fb2p0
2016-08-01,1.227210094826305,total,S2_fb2p0
2016-08-02,1.2119192504071397,total,S2_fb2p0
2016-08-03,1.209106819065544,total,S2_fb2p0
2016-08-04,1.2168025613828886,total,S2_fb2p0
2016-08-05,1.1903295984938016,total,S2_fb2p0
2016-08-08,1.173100606724898,total,S2_fb2p0
2016-08-09,1.1555830553170148,total,S2_fb2p0
2016-08-10,1.2162761495939538,total,S2_fb2p0
2016-08-11,1.2134102846647714,total,S2_fb2p0
2016-08-12,1.2030482807606633,total,S2_fb2p0
2016-08-15,1.2598892144884102,total,S2_fb2p0
2016-08-16,1.2522376558647135,total,S2_fb2p0
2016-08-17,1.260705769106498,total,S2_fb2p0
2016-08-18,1.245987860025573,total,S2_fb2p0
2016-08-19,1.2797974696486067,total,S2_fb2p0
2016-08-22,1.2929349266284882,total,S2_fb2p0
2016-08-23,1.3068595509473,total,S2_fb2p0
2016-08-24,1.3040343348978396,total,S2_fb2p0
2016-08-25,1.3186125755475673,total,S2_fb2p0
2016-08-26,1.2980564935762504,total,S2_fb2p0
2016-08-29,1.355389082081787,total,S2_fb2p0
2016-08-30,1.3913724176806284,total,S2_fb2p0
2016-08-31,1.396648529234282,total,S2_fb2p0
2016-09-01,1.4131628774035139,total,S2_fb2p0
2016-09-02,1.3990711921242325,total,S2_fb2p0
2016-09-05,1.2595021705312384,total,S2_fb2p0
2016-09-06,1.2635541966692239,total,S2_fb2p0
2016-09-07,1.2830706518231285,total,S2_fb2p0
2016-09-08,1.2883170771400079,total,S2_fb2p0
2016-09-09,1.2810883496221548,total,S2_fb2p0
2016-09-12,1.1939550782725254,total,S2_fb2p0
2016-09-13,1.2025870764863913,total,S2_fb2p0
2016-09-14,1.2174084111137011,total,S2_fb2p0
2016-09-19,1.2347538663432112,total,S2_fb2p0
2016-09-20,1.22781878877441,total,S2_fb2p0
2016-09-21,1.2139895998083252,total,S2_fb2p0
2016-09-22,1.1986234117241266,total,S2_fb2p0
2016-09-23,1.1825640304589198,total,S2_fb2p0
2016-09-26,1.0805379339788688,total,S2_fb2p0
2016-09-27,1.0814766040660995,total,S2_fb2p0
2016-09-28,1.0828298276633648,total,S2_fb2p0
2016-09-29,1.070720490429571,total,S2_fb2p0
2016-09-30,1.073866462766381,total,S2_fb2p0
2016-10-10,1.0632497063768338,total,S2_fb2p0
2016-10-11,1.0545106803005162,total,S2_fb2p0
2016-10-12,1.0598913974075366,total,S2_fb2p0
2016-10-13,1.0510761095816314,total,S2_fb2p0
2016-10-14,1.0449483728373872,total,S2_fb2p0
2016-10-17,1.055939359699029,total,S2_fb2p0
2016-10-18,1.0575406065266029,total,S2_fb2p0
2016-10-19,1.0469666334444985,total,S2_fb2p0
2016-10-20,1.0498154963163406,total,S2_fb2p0
2016-10-21,1.0417195743127554,total,S2_fb2p0
2016-10-24,0.9952034539454218,total,S2_fb2p0
2016-10-25,0.975934195082963,total,S2_fb2p0
2016-10-26,0.9627524350665784,total,S2_fb2p0
2016-10-27,0.960751252749361,total,S2_fb2p0
2016-10-28,0.9484509129735531,total,S2_fb2p0
2016-10-31,0.9298888620931842,total,S2_fb2p0
2016-11-01,0.9191505423296193,total,S2_fb2p0
2016-11-02,0.9186097691649857,total,S2_fb2p0
2016-11-03,0.9155413884296109,total,S2_fb2p0
2016-11-04,0.8655362487477596,total,S2_fb2p0
2016-11-07,0.9386110707823068,total,S2_fb2p0
2016-11-08,0.9261582925260023,total,S2_fb2p0
2016-11-09,0.9151833522370648,total,S2_fb2p0
2016-11-10,1.0091847085528798,total,S2_fb2p0
2016-11-11,0.9994170744659725,total,S2_fb2p0
2016-11-14,1.0891579575787047,total,S2_fb2p0
2016-11-15,1.126235592248398,total,S2_fb2p0
2016-11-16,1.162297130121232,total,S2_fb2p0
2016-11-17,1.1666382980015673,total,S2_fb2p0
2016-11-18,1.1712681083960164,total,S2_fb2p0
2016-11-21,0.9475447697978105,total,S2_fb2p0
2016-11-22,0.924734912667799,total,S2_fb2p0
2016-11-23,0.9079824748251041,total,S2_fb2p0
2016-11-24,0.8976190741339916,total,S2_fb2p0
2016-11-25,0.9051811791284382,total,S2_fb2p0
2016-11-28,0.9017108145456967,total,S2_fb2p0
2016-11-29,0.934996787926614,total,S2_fb2p0
2016-11-30,0.975789233168314,total,S2_fb2p0
2017-02-13,0.7965844880029029,total,S2_fb2p0
2017-02-14,0.7893605990587805,total,S2_fb2p0
2017-02-16,0.7846198543537676,total,S2_fb2p0
2017-02-17,0.7905134978478647,total,S2_fb2p0
2017-02-20,0.8310920323689025,total,S2_fb2p0
2017-02-21,0.8195868452372302,total,S2_fb2p0
2017-02-22,0.8381883869268356,total,S2_fb2p0
2017-02-23,0.8467959634086455,total,S2_fb2p0
2017-02-24,0.860083963586109,total,S2_fb2p0
2017-03-20,0.8471468389706592,total,S2_fb2p0
2017-03-21,0.865859699909551,total,S2_fb2p0
2017-03-22,0.8740700486243891,total,S2_fb2p0
2017-03-23,0.8724815254627647,total,S2_fb2p0
2017-03-24,0.8542314103102676,total,S2_fb2p0
2017-04-05,0.7800680017722758,total,S2_fb2p0
2017-04-10,0.7955061730555864,total,S2_fb2p0
2017-04-11,0.7949311483303336,total,S2_fb2p0
2017-04-12,0.8094968181565452,total,S2_fb2p0
2017-04-13,0.8686041108911295,total,S2_fb2p0
2017-04-14,0.8652124679695294,total,S2_fb2p0
2017-04-17,0.8766683860491152,total,S2_fb2p0
2017-04-18,0.880066335530917,total,S2_fb2p0
2017-04-19,0.8729214780229427,total,S2_fb2p0
2017-04-20,0.8650198248261826,total,S2_fb2p0
2017-04-21,0.8602191121255391,total,S2_fb2p0
2017-04-24,0.8851885295262228,total,S2_fb2p0
2017-04-25,0.8743469628947845,total,S2_fb2p0
2017-04-26,0.8753911278850345,total,S2_fb2p0
2017-04-27,0.87163799167247,total,S2_fb2p0
2017-04-28,0.8777509066986732,total,S2_fb2p0
2017-05-02,0.9998795929864187,total,S2_fb2p0
2017-05-03,0.9981304065708736,total,S2_fb2p0
2017-05-04,1.0106342415757008,total,S2_fb2p0
2017-05-05,1.0194239751360215,total,S2_fb2p0
2017-05-08,1.028298692731907,total,S2_fb2p0
2017-05-09,1.013297748805147,total,S2_fb2p0
2017-05-10,1.035681991327277,total,S2_fb2p0
2017-05-11,1.0598036731709852,total,S2_fb2p0
2017-05-12,1.054305846400991,total,S2_fb2p0
2017-05-15,0.9791211264746277,total,S2_fb2p0
2017-05-16,0.9665098198759825,total,S2_fb2p0
2017-05-17,0.9655372556767955,total,S2_fb2p0
2017-05-18,0.9718827762901293,total,S2_fb2p0
2017-05-19,0.9613072768257739,total,S2_fb2p0
2017-05-22,0.9823919596604122,total,S2_fb2p0
2017-05-23,0.9862648475546485,total,S2_fb2p0
2017-05-24,0.9942487487371802,total,S2_fb2p0
2017-05-25,0.9901418832184808,total,S2_fb2p0
2017-05-26,0.9777092286876102,total,S2_fb2p0
2017-05-31,0.994488827256003,total,S2_fb2p0
2017-06-01,1.0216222805011903,total,S2_fb2p0
2017-06-02,1.0321342395089552,total,S2_fb2p0
2017-06-05,1.0647063380315818,total,S2_fb2p0
2017-06-06,1.0696779392710156,total,S2_fb2p0
2017-06-07,1.06642502184142,total,S2_fb2p0
2017-06-08,1.0659166258911732,total,S2_fb2p0
2017-06-09,1.0436080224722388,total,S2_fb2p0
2017-06-12,1.0550173379449883,total,S2_fb2p0
2017-06-13,1.0670823539209289,total,S2_fb2p0
2017-06-14,1.0752165080120177,total,S2_fb2p0
2017-06-15,1.0739564911090258,total,S2_fb2p0
2017-06-16,1.0784408168157171,total,S2_fb2p0
2017-06-19,1.0983784972652437,total,S2_fb2p0
2017-06-20,1.0898205558657632,total,S2_fb2p0
2017-06-21,1.0875911102071771,total,S2_fb2p0
2017-06-22,1.0950267936583822,total,S2_fb2p0
2017-06-23,1.0914762732674168,total,S2_fb2p0
2017-06-26,1.0133794161093654,total,S2_fb2p0
2017-06-27,1.0236581277090837,total,S2_fb2p0
2017-06-28,1.0121724980986249,total,S2_fb2p0
2017-06-29,1.005711826833965,total,S2_fb2p0
2017-06-30,0.9924286263119504,total,S2_fb2p0
2017-07-03,1.1140799721075552,total,S2_fb2p0
2017-07-04,1.1168419379842724,total,S2_fb2p0
2017-07-05,1.1089042672613116,total,S2_fb2p0
2017-07-06,1.1328093054314925,total,S2_fb2p0
2017-07-07,1.167823790252581,total,S2_fb2p0
2017-07-10,1.0694198993161976,total,S2_fb2p0
2017-07-11,1.0678452641510838,total,S2_fb2p0
2017-07-12,1.0603471852636766,total,S2_fb2p0
2017-07-13,1.0595775403740892,total,S2_fb2p0
2017-07-14,1.0584520738177805,total,S2_fb2p0
2017-07-17,1.0788146566184909,total,S2_fb2p0
2017-07-18,1.076783001014696,total,S2_fb2p0
2017-07-19,1.0728612605078378,total,S2_fb2p0
2017-07-20,1.08567552645506,total,S2_fb2p0
2017-07-21,1.0864760310513646,total,S2_fb2p0
2017-07-24,1.02154555946049,total,S2_fb2p0
2017-07-25,1.012488862241243,total,S2_fb2p0
2017-07-26,0.9986400615680128,total,S2_fb2p0
2017-07-27,1.0063766574068593,total,S2_fb2p0
2017-07-28,1.0028240290711443,total,S2_fb2p0
2017-07-31,1.033305548800469,total,S2_fb2p0
2017-08-01,1.0176783220420755,total,S2_fb2p0
2017-08-02,1.0107438883848316,total,S2_fb2p0
2017-08-03,1.051592323302028,total,S2_fb2p0
2017-08-04,1.0416624681662483,total,S2_fb2p0
2017-08-07,1.0694973412065625,total,S2_fb2p0
2017-08-08,1.0534567983672252,total,S2_fb2p0
2017-08-09,1.0779577209428162,total,S2_fb2p0
2017-08-10,1.0756434074272139,total,S2_fb2p0
2017-08-11,1.1164294615205914,total,S2_fb2p0
2017-08-14,1.0996287141021701,total,S2_fb2p0
2017-08-15,1.1207739749905823,total,S2_fb2p0
2017-08-16,1.1120841314136234,total,S2_fb2p0
2017-08-17,1.0910328718447375,total,S2_fb2p0
2017-08-18,1.0929529527316024,total,S2_fb2p0
2017-08-21,0.9237082397698717,total,S2_fb2p0
2017-08-22,0.9185789064779215,total,S2_fb2p0
2017-08-23,0.930697806027162,total,S2_fb2p0
2017-08-24,0.9205308037460668,total,S2_fb2p0
2017-08-25,0.915079815997821,total,S2_fb2p0
2017-08-28,1.0114856753646024,total,S2_fb2p0
2017-08-29,1.0127406638762617,total,S2_fb2p0
2017-08-30,1.0162824022499204,total,S2_fb2p0
2017-08-31,1.0197606754096697,total,S2_fb2p0
2017-09-01,1.0029107535337107,total,S2_fb2p0
2017-09-04,1.0302215220679014,total,S2_fb2p0
2017-09-05,1.031726740918666,total,S2_fb2p0
2017-09-06,1.0459395326042373,total,S2_fb2p0
2017-09-07,1.0669978729941194,total,S2_fb2p0
2017-09-08,1.0863956540291857,total,S2_fb2p0
2017-09-11,0.9308124040612261,total,S2_fb2p0
2017-09-12,0.9191352806678244,total,S2_fb2p0
2017-09-13,0.90889022433532,total,S2_fb2p0
2017-09-14,0.9302934710935232,total,S2_fb2p0
2017-09-15,0.9428478815601151,total,S2_fb2p0
2017-09-18,0.9210247497975124,total,S2_fb2p0
2017-09-19,0.9149232650050808,total,S2_fb2p0
2017-09-20,0.9076871192135247,total,S2_fb2p0
2017-09-21,0.9028807778195016,total,S2_fb2p0
2017-09-22,0.9241729436273531,total,S2_fb2p0
2017-09-25,0.915523153341597,total,S2_fb2p0
2017-09-26,0.9092775408195934,total,S2_fb2p0
2017-09-27,0.907508763984342,total,S2_fb2p0
2017-09-28,0.9121874849477194,total,S2_fb2p0
2017-09-29,0.9073608145461574,total,S2_fb2p0
2017-10-09,0.9403313913010243,total,S2_fb2p0
2017-10-10,0.951599126049741,total,S2_fb2p0
2017-10-11,0.9661168638510287,total,S2_fb2p0
2017-10-12,0.9610730369760956,total,S2_fb2p0
2017-10-13,0.9553419309357902,total,S2_fb2p0
2017-10-16,0.9449557357204782,total,S2_fb2p0
2017-10-17,0.93433632453019,total,S2_fb2p0
2017-10-18,0.9411360018061897,total,S2_fb2p0
2017-10-19,0.9560742867933487,total,S2_fb2p0
2017-10-20,0.9467818926657142,total,S2_fb2p0
2017-10-23,0.9679805050488269,total,S2_fb2p0
2017-10-24,0.9671742296016794,total,S2_fb2p0
2017-10-25,0.9565683977794271,total,S2_fb2p0
2017-10-26,0.9657317380232453,total,S2_fb2p0
2017-10-27,0.9606008875407722,total,S2_fb2p0
2017-10-30,1.0771751578107673,total,S2_fb2p0
2017-10-31,1.1212458512809302,total,S2_fb2p0
2017-11-01,1.1314113402678445,total,S2_fb2p0
2017-11-02,1.1310175374257092,total,S2_fb2p0
2017-11-03,1.1286409419063606,total,S2_fb2p0
2017-11-06,1.1487879705800426,total,S2_fb2p0
2017-11-07,1.1353594652406458,total,S2_fb2p0
2017-11-08,1.1486804380828657,total,S2_fb2p0
2017-11-09,1.156761692954876,total,S2_fb2p0
2017-11-10,1.1517579970672642,total,S2_fb2p0
2017-11-13,1.1497383068303737,total,S2_fb2p0
2017-11-14,1.1501409343421634,total,S2_fb2p0
2017-11-15,1.1511751146553897,total,S2_fb2p0
2017-11-16,1.1544354852513166,total,S2_fb2p0
2017-11-17,1.1523165486182292,total,S2_fb2p0
2017-11-20,1.1860699997696926,total,S2_fb2p0
2017-11-21,1.186064706704524,total,S2_fb2p0
2017-11-22,1.1678864949736467,total,S2_fb2p0
2017-11-23,1.1654766709474726,total,S2_fb2p0
2017-11-24,1.189659645401991,total,S2_fb2p0
2017-11-27,1.1759704394022292,total,S2_fb2p0
2017-11-28,1.182826230698368,total,S2_fb2p0
2017-11-29,1.2179535367631096,total,S2_fb2p0
2017-11-30,1.1994383379254578,total,S2_fb2p0
2017-12-01,1.210170180446875,total,S2_fb2p0
2017-12-04,1.4467145956660303,total,S2_fb2p0
2017-12-05,1.439223757361396,total,S2_fb2p0
2017-12-06,1.4757615575083036,total,S2_fb2p0
2017-12-07,1.4648463178825928,total,S2_fb2p0
2017-12-08,1.4616127451058678,total,S2_fb2p0
2017-12-11,1.445725747100622,total,S2_fb2p0
2017-12-12,1.439517698448269,total,S2_fb2p0
2017-12-13,1.4154190204506913,total,S2_fb2p0
2017-12-14,1.41085185922373,total,S2_fb2p0
2017-12-15,1.4066152779217456,total,S2_fb2p0
2017-12-18,1.34917431261279,total,S2_fb2p0
2017-12-19,1.3447066791805748,total,S2_fb2p0
2017-12-20,1.3431356440785613,total,S2_fb2p0
2017-12-21,1.3209032091610442,total,S2_fb2p0
2017-12-22,1.3222999713533024,total,S2_fb2p0
2017-12-25,1.319456091705987,total,S2_fb2p0
2017-12-26,1.3395608947643611,total,S2_fb2p0
2017-12-27,1.3256492272139817,total,S2_fb2p0
2017-12-28,1.3254580959353228,total,S2_fb2p0
2017-12-29,1.311266366804953,total,S2_fb2p0
2018-01-02,1.4258083991188326,total,S2_fb2p0
2018-01-03,1.4616987075949288,total,S2_fb2p0
2018-01-04,1.465756603235183,total,S2_fb2p0
2018-01-05,1.456056480269559,total,S2_fb2p0
2018-01-08,1.4782648103586196,total,S2_fb2p0
2018-01-09,1.4759459491455573,total,S2_fb2p0
2018-01-10,1.4580484179888817,total,S2_fb2p0
2018-01-11,1.4357635608872257,total,S2_fb2p0
2018-01-12,1.4613726569699919,total,S2_fb2p0
2018-01-15,1.4809815192406446,total,S2_fb2p0
2018-01-16,1.4971110012409337,total,S2_fb2p0
2018-01-17,1.5016239684341184,total,S2_fb2p0
2018-01-18,1.4810044975644725,total,S2_fb2p0
2018-01-19,1.4547733878873905,total,S2_fb2p0
2018-01-22,1.5001968810634208,total,S2_fb2p0
2018-01-23,1.5062642565615747,total,S2_fb2p0
2018-01-24,1.5109911926565671,total,S2_fb2p0
2018-01-25,1.4952105982289965,total,S2_fb2p0
2018-01-26,1.50343104066937,total,S2_fb2p0
2018-01-29,1.5051345416203021,total,S2_fb2p0
2018-01-30,1.5071711627221716,total,S2_fb2p0
2018-01-31,1.5158709413076534,total,S2_fb2p0
2018-02-01,1.5189488915818323,total,S2_fb2p0
2018-02-02,1.50443762998442,total,S2_fb2p0
2018-02-05,1.4671274969229253,total,S2_fb2p0
2018-02-06,1.4712508296332893,total,S2_fb2p0
2018-02-07,1.485269664608631,total,S2_fb2p0
2018-02-08,1.4933861561195503,total,S2_fb2p0
2018-02-09,1.4993238210589994,total,S2_fb2p0
2018-02-12,1.528132030010286,total,S2_fb2p0
2018-02-13,1.5494527374969032,total,S2_fb2p0
2018-02-14,1.5175406937631402,total,S2_fb2p0
2018-02-22,1.5047296386558477,total,S2_fb2p0
2018-02-23,1.5369885532466663,total,S2_fb2p0
2018-02-26,1.5431731117994194,total,S2_fb2p0
2018-02-27,1.5561649879646422,total,S2_fb2p0
2018-02-28,1.5524089991706085,total,S2_fb2p0
2018-03-01,1.5602136190559242,total,S2_fb2p0
2018-03-02,1.557887634463698,total,S2_fb2p0
2018-03-05,1.5387916973712525,total,S2_fb2p0
2018-03-06,1.5482156915607697,total,S2_fb2p0
2018-03-07,1.5440324217389154,total,S2_fb2p0
2018-03-08,1.563089445051871,total,S2_fb2p0
2018-03-09,1.5837236704282036,total,S2_fb2p0
2018-03-12,1.490319942842697,total,S2_fb2p0
2018-03-13,1.453910013214861,total,S2_fb2p0
2018-03-14,1.4596075497001537,total,S2_fb2p0
2018-03-15,1.4746431168300307,total,S2_fb2p0
2018-03-16,1.4729061289290102,total,S2_fb2p0
2018-03-19,1.508342125554856,total,S2_fb2p0
2018-03-20,1.531876297105058,total,S2_fb2p0
2018-03-21,1.5102065973742118,total,S2_fb2p0
2018-03-22,1.5362669471956234,total,S2_fb2p0
2018-03-23,1.5878285137770014,total,S2_fb2p0
2018-03-26,1.4353053934472493,total,S2_fb2p0
2018-03-27,1.4426329092904884,total,S2_fb2p0
2018-03-28,1.4409746902905423,total,S2_fb2p0
2018-03-29,1.40401754706292,total,S2_fb2p0
2018-03-30,1.3865980931139517,total,S2_fb2p0
2018-04-02,1.4071350623129817,total,S2_fb2p0
2018-04-03,1.4240530006783738,total,S2_fb2p0
2018-04-04,1.4135021610942127,total,S2_fb2p0
2018-04-09,1.4572020524693041,total,S2_fb2p0
2018-04-10,1.484620027766954,total,S2_fb2p0
2018-04-11,1.5173496561221398,total,S2_fb2p0
2018-04-12,1.5070339944165334,total,S2_fb2p0
2018-04-13,1.526752968809381,total,S2_fb2p0
2018-04-16,1.5491735389886006,total,S2_fb2p0
2018-04-17,1.5806893806597855,total,S2_fb2p0
2018-04-18,1.613828906210165,total,S2_fb2p0
2018-04-19,1.6276696947242932,total,S2_fb2p0
2018-04-20,1.5388279440351542,total,S2_fb2p0
2018-04-23,1.4191513469263288,total,S2_fb2p0
2018-04-24,1.3431745356547924,total,S2_fb2p0
2018-04-25,1.342631634463966,total,S2_fb2p0
2018-04-26,1.3388848674440712,total,S2_fb2p0
2018-04-27,1.3331737699445323,total,S2_fb2p0
2018-05-02,1.2407771307750746,total,S2_fb2p0
2018-05-03,1.2428719314361087,total,S2_fb2p0
2018-05-04,1.2540599428842396,total,S2_fb2p0
2018-05-07,1.2467795620300588,total,S2_fb2p0
2018-05-08,1.2440355272730501,total,S2_fb2p0
2018-05-09,1.237998439878453,total,S2_fb2p0
2018-05-10,1.2415871599950203,total,S2_fb2p0
2018-05-11,1.2442147585035792,total,S2_fb2p0
2018-05-14,1.298800115614669,total,S2_fb2p0
2018-05-15,1.2906418091971796,total,S2_fb2p0
2018-05-16,1.3000966498748197,total,S2_fb2p0
2018-05-17,1.3124632320028276,total,S2_fb2p0
2018-05-18,1.350908475567575,total,S2_fb2p0
2018-05-21,1.5833251635137322,total,S2_fb2p0
2018-05-22,1.5861450734028586,total,S2_fb2p0
2018-05-23,1.5543853039443185,total,S2_fb2p0
2018-05-24,1.5473966855401207,total,S2_fb2p0
2018-05-25,1.572856981649452,total,S2_fb2p0
2018-05-28,1.5292475181482694,total,S2_fb2p0
2018-05-29,1.5102541931906075,total,S2_fb2p0
2018-05-30,1.488305338951621,total,S2_fb2p0
2018-05-31,1.4914600393116129,total,S2_fb2p0
2018-06-01,1.487017949840826,total,S2_fb2p0
2018-06-04,1.4386900585617528,total,S2_fb2p0
2018-06-05,1.447497489284051,total,S2_fb2p0
2018-06-06,1.43769613349018,total,S2_fb2p0
2018-06-07,1.4382540023289656,total,S2_fb2p0
2018-06-08,1.4205870518283632,total,S2_fb2p0
2018-06-11,1.4009528235898374,total,S2_fb2p0
2018-06-12,1.3739724868054188,total,S2_fb2p0
2018-06-13,1.3285615656034688,total,S2_fb2p0
2018-06-14,1.3300659096639258,total,S2_fb2p0
2018-06-15,1.317759935567478,total,S2_fb2p0
2018-06-19,1.2881010415774394,total,S2_fb2p0
2018-06-20,1.2939387894636172,total,S2_fb2p0
2018-06-21,1.2833938631293704,total,S2_fb2p0
2018-06-22,1.2993552373609694,total,S2_fb2p0
2018-06-25,1.3362919907226813,total,S2_fb2p0
2018-06-26,1.3328123686376618,total,S2_fb2p0
2018-06-27,1.321024798572675,total,S2_fb2p0
2018-06-28,1.2999164129940781,total,S2_fb2p0
2018-06-29,1.2688106056162076,total,S2_fb2p0
2018-07-02,1.2980433354658971,total,S2_fb2p0
2018-07-03,1.2870937845220698,total,S2_fb2p0
2018-07-04,1.3212404199867185,total,S2_fb2p0
2018-07-05,1.3066900653142675,total,S2_fb2p0
2018-07-06,1.291400531109302,total,S2_fb2p0
2018-07-09,1.3531404222681749,total,S2_fb2p0
2018-07-10,1.3388995892338351,total,S2_fb2p0
2018-07-11,1.3073564306929708,total,S2_fb2p0
2018-07-12,1.3044873776102346,total,S2_fb2p0
2018-07-13,1.316975505651112,total,S2_fb2p0
2018-07-16,1.421203110495744,total,S2_fb2p0
2018-07-17,1.4477422851444366,total,S2_fb2p0
2018-07-18,1.4440165636446176,total,S2_fb2p0
2018-07-19,1.4178645643253682,total,S2_fb2p0
2018-07-20,1.4351073279632778,total,S2_fb2p0
2018-07-23,1.5629777168536834,total,S2_fb2p0
2018-07-24,1.5783519549030707,total,S2_fb2p0
2018-07-25,1.5757572562317004,total,S2_fb2p0
2018-07-26,1.5532271060490004,total,S2_fb2p0
2018-07-27,1.544594262759245,total,S2_fb2p0
2018-07-30,1.4392475343665965,total,S2_fb2p0
2018-07-31,1.4432459409982568,total,S2_fb2p0
2018-08-01,1.4247913619222186,total,S2_fb2p0
2018-08-02,1.4081516993789698,total,S2_fb2p0
2018-08-03,1.3856816925447808,total,S2_fb2p0
2018-08-06,1.4638797811119397,total,S2_fb2p0
2018-08-07,1.4570367391017551,total,S2_fb2p0
2018-08-08,1.4722535762239566,total,S2_fb2p0
2018-08-09,1.606267285095373,total,S2_fb2p0
2018-08-10,1.5370917975555387,total,S2_fb2p0
2018-08-13,1.5169779600424107,total,S2_fb2p0
2018-08-14,1.4636515521253333,total,S2_fb2p0
2018-08-15,1.4620122426660036,total,S2_fb2p0
2018-08-16,1.4193725525530012,total,S2_fb2p0
2018-08-17,1.4381769734096395,total,S2_fb2p0
2018-08-20,1.3332156925304293,total,S2_fb2p0
2018-08-21,1.3658294037254333,total,S2_fb2p0
2018-08-22,1.3878918108753087,total,S2_fb2p0
2018-08-23,1.3962269083713665,total,S2_fb2p0
2018-08-24,1.4371475917237388,total,S2_fb2p0
2018-08-27,1.3973431003318568,total,S2_fb2p0
2018-08-28,1.4061861955381985,total,S2_fb2p0
2018-08-29,1.4214172419145827,total,S2_fb2p0
2018-08-30,1.4535977426065945,total,S2_fb2p0
2018-08-31,1.4493174214899975,total,S2_fb2p0
2018-09-03,1.3072980888190926,total,S2_fb2p0
2018-09-04,1.2948477172057584,total,S2_fb2p0
2018-09-05,1.2629467285676004,total,S2_fb2p0
2018-09-06,1.2618261134250932,total,S2_fb2p0
2018-09-07,1.2388737402302585,total,S2_fb2p0
2018-09-10,1.3833305771576578,total,S2_fb2p0
2018-09-11,1.3822732025799123,total,S2_fb2p0
2018-09-12,1.4118770205930717,total,S2_fb2p0
2018-09-13,1.4371420267203805,total,S2_fb2p0
2018-09-14,1.4506858243274952,total,S2_fb2p0
2018-09-17,1.2754278066777123,total,S2_fb2p0
2018-09-18,1.2395920831825182,total,S2_fb2p0
2018-09-19,1.2231615913828224,total,S2_fb2p0
2018-09-20,1.2256325351579078,total,S2_fb2p0
2018-09-21,1.2520253053932775,total,S2_fb2p0
2018-09-25,1.282412687091945,total,S2_fb2p0
2018-09-26,1.30462830806301,total,S2_fb2p0
2018-09-27,1.3034028308717602,total,S2_fb2p0
2018-09-28,1.298498225461278,total,S2_fb2p0
2018-10-08,1.3232839216096992,total,S2_fb2p0
2018-10-09,1.3374928544449531,total,S2_fb2p0
2018-10-10,1.3276457418010075,total,S2_fb2p0
2018-10-11,1.3070660249210186,total,S2_fb2p0
2018-10-12,1.3457069958701706,total,S2_fb2p0
2018-10-15,1.4264099823891572,total,S2_fb2p0
2018-10-16,1.4352962121756734,total,S2_fb2p0
2018-10-17,1.4490827612555601,total,S2_fb2p0
2018-10-18,1.4373945854909025,total,S2_fb2p0
2018-10-19,1.4218782385038304,total,S2_fb2p0
2018-10-22,1.440154905357235,total,S2_fb2p0
2018-10-23,1.4353535403523252,total,S2_fb2p0
2018-10-24,1.4189006008653628,total,S2_fb2p0
2018-10-25,1.396362849555241,total,S2_fb2p0
2018-10-26,1.3940265587579916,total,S2_fb2p0
2018-10-29,1.4095987251804405,total,S2_fb2p0
2018-10-30,1.416393328237146,total,S2_fb2p0
2018-10-31,1.400506418820162,total,S2_fb2p0
2018-11-01,1.3937566068137692,total,S2_fb2p0
2018-11-02,1.4393724898774312,total,S2_fb2p0
2018-11-05,1.5598457150603098,total,S2_fb2p0
2018-11-06,1.5473690116220773,total,S2_fb2p0
2018-11-07,1.549231619843782,total,S2_fb2p0
2018-11-08,1.5497595710751118,total,S2_fb2p0
2018-11-09,1.5182198539803078,total,S2_fb2p0
2018-11-12,1.4860740098932483,total,S2_fb2p0
2018-11-13,1.4756929742143965,total,S2_fb2p0
2018-11-14,1.4426323658367457,total,S2_fb2p0
2018-11-15,1.4755186281814878,total,S2_fb2p0
2018-11-16,1.4579981566823614,total,S2_fb2p0
2018-11-19,1.4838702512554944,total,S2_fb2p0
2018-11-20,1.4922607994507648,total,S2_fb2p0
2018-11-21,1.4958799673208647,total,S2_fb2p0
2018-11-22,1.52237604005736,total,S2_fb2p0
2018-11-23,1.5441428418715784,total,S2_fb2p0
2018-11-26,1.5478976873409844,total,S2_fb2p0
2018-11-27,1.5147012833068358,total,S2_fb2p0
2018-11-28,1.4963947754676836,total,S2_fb2p0
2018-11-29,1.4407655191109972,total,S2_fb2p0
2018-11-30,1.455776043787246,total,S2_fb2p0
2018-12-03,1.459791702115645,total,S2_fb2p0
2018-12-04,1.432925946006031,total,S2_fb2p0
2018-12-05,1.4216930416231208,total,S2_fb2p0
2018-12-06,1.4117830135189386,total,S2_fb2p0
2018-12-07,1.4085644533484891,total,S2_fb2p0
2018-12-10,1.238580384552905,total,S2_fb2p0
2018-12-11,1.2276339147093884,total,S2_fb2p0
2018-12-12,1.2196509436305376,total,S2_fb2p0
2018-12-13,1.2485433620975115,total,S2_fb2p0
2018-12-14,1.2591017582171098,total,S2_fb2p0
2018-12-17,1.2611906355117433,total,S2_fb2p0
2018-12-18,1.287056692346215,total,S2_fb2p0
2018-12-19,1.2702502696494131,total,S2_fb2p0
2018-12-20,1.262700124814809,total,S2_fb2p0
2018-12-21,1.2562815691738505,total,S2_fb2p0
2018-12-24,1.3201173112354176,total,S2_fb2p0
2018-12-25,1.2986334618603004,total,S2_fb2p0
2018-12-26,1.295980935087014,total,S2_fb2p0
2018-12-27,1.2804295484658685,total,S2_fb2p0
2018-12-28,1.2459826569057781,total,S2_fb2p0
2019-01-02,1.214176130945058,total,S2_fb2p0
2019-01-03,1.2037019354544924,total,S2_fb2p0
2019-01-04,1.230970187421744,total,S2_fb2p0
2019-01-07,1.3014633199680241,total,S2_fb2p0
2019-01-08,1.2719111053190708,total,S2_fb2p0
2019-01-09,1.2838638701394427,total,S2_fb2p0
2019-01-10,1.2884634405750555,total,S2_fb2p0
2019-01-11,1.2822289999426417,total,S2_fb2p0
2019-01-14,1.2970783336088672,total,S2_fb2p0
2019-01-15,1.2945574052481266,total,S2_fb2p0
2019-01-16,1.3067588867913504,total,S2_fb2p0
2019-01-17,1.3112157387655616,total,S2_fb2p0
2019-01-18,1.3201191716452172,total,S2_fb2p0
2019-01-21,1.4253350922647023,total,S2_fb2p0
2019-01-22,1.389264364111832,total,S2_fb2p0
2019-01-23,1.401702982457295,total,S2_fb2p0
2019-01-24,1.4165282739568146,total,S2_fb2p0
2019-01-25,1.4067919464097145,total,S2_fb2p0
2019-01-28,1.3721551337308935,total,S2_fb2p0
2019-01-29,1.3440199667972148,total,S2_fb2p0
2019-01-30,1.335635545715735,total,S2_fb2p0
2019-01-31,1.3257915733355448,total,S2_fb2p0
2019-02-01,1.3280619507991465,total,S2_fb2p0
2019-02-11,1.4051637277238829,total,S2_fb2p0
2019-02-12,1.43406480196881,total,S2_fb2p0
2019-02-13,1.4511488932776193,total,S2_fb2p0
2019-02-14,1.482636155925521,total,S2_fb2p0
2019-02-15,1.4803176040924169,total,S2_fb2p0
2019-02-18,1.3486896391902774,total,S2_fb2p0
2019-02-19,1.3320024842384457,total,S2_fb2p0
2019-02-20,1.3565115014919584,total,S2_fb2p0
2019-02-21,1.3550970400392672,total,S2_fb2p0
2019-02-22,1.3742420928760177,total,S2_fb2p0
2019-02-25,1.4218315647555408,total,S2_fb2p0
2019-02-26,1.4110649499055041,total,S2_fb2p0
2019-02-27,1.3949264301844042,total,S2_fb2p0
2019-02-28,1.4035603054036103,total,S2_fb2p0
2019-03-01,1.409772609711495,total,S2_fb2p0
2019-03-04,1.4077367701334007,total,S2_fb2p0
2019-03-05,1.3671297182775108,total,S2_fb2p0
2019-03-06,1.359062356070101,total,S2_fb2p0
2019-03-07,1.3063558218273723,total,S2_fb2p0
2019-03-08,1.2889429063489526,total,S2_fb2p0
2019-03-11,1.299462435392344,total,S2_fb2p0
2019-03-12,1.2916974317265082,total,S2_fb2p0
2019-03-13,1.2884495116755625,total,S2_fb2p0
2019-03-14,1.2935571877062513,total,S2_fb2p0
2019-03-15,1.2818936942023789,total,S2_fb2p0
2019-03-18,1.2869702959164733,total,S2_fb2p0
2019-03-19,1.3020022823560236,total,S2_fb2p0
2019-03-20,1.3199105584123965,total,S2_fb2p0
2019-03-21,1.3200775326434726,total,S2_fb2p0
2019-03-22,1.3050624935701192,total,S2_fb2p0
2019-03-25,1.3297798475254876,total,S2_fb2p0
2019-03-26,1.319005645318615,total,S2_fb2p0
2019-03-27,1.31147415758454,total,S2_fb2p0
2019-03-28,1.2999795584102523,total,S2_fb2p0
2019-03-29,1.285297384916703,total,S2_fb2p0
2019-04-01,1.362822558835124,total,S2_fb2p0
2019-04-02,1.3619381548988725,total,S2_fb2p0
2019-04-03,1.3959578624499995,total,S2_fb2p0
2019-04-04,1.4094895789581585,total,S2_fb2p0
2019-04-08,1.459921056556131,total,S2_fb2p0
2019-04-09,1.4375794950643042,total,S2_fb2p0
2019-04-10,1.4489807829974983,total,S2_fb2p0
2019-04-11,1.4364012132163306,total,S2_fb2p0
2019-04-12,1.4402966063245446,total,S2_fb2p0
2019-04-15,1.4786386671176208,total,S2_fb2p0
2019-04-16,1.478139104606801,total,S2_fb2p0
2019-04-17,1.4851653355852812,total,S2_fb2p0
2019-04-18,1.5256489543278051,total,S2_fb2p0
2019-04-19,1.5224151643549424,total,S2_fb2p0
2019-04-22,1.4353348578870613,total,S2_fb2p0
2019-04-23,1.4396401199952342,total,S2_fb2p0
2019-04-24,1.4450528905876865,total,S2_fb2p0
2019-04-25,1.4478684604607566,total,S2_fb2p0
2019-04-26,1.422787482508914,total,S2_fb2p0
2019-04-29,1.4356507754381742,total,S2_fb2p0
2019-04-30,1.4230172340344285,total,S2_fb2p0
2019-05-06,1.4029466800787402,total,S2_fb2p0
2019-05-07,1.4001975682428562,total,S2_fb2p0
2019-05-08,1.4160517647061073,total,S2_fb2p0
2019-05-09,1.4005773061878342,total,S2_fb2p0
2019-05-10,1.4122428999798042,total,S2_fb2p0
2019-05-13,1.5219462389093186,total,S2_fb2p0
2019-05-14,1.493157076053387,total,S2_fb2p0
2019-05-15,1.5127750984130461,total,S2_fb2p0
2019-05-16,1.5214054165541575,total,S2_fb2p0
2019-05-17,1.4960091504243336,total,S2_fb2p0
2019-05-20,1.49233293045181,total,S2_fb2p0
2019-05-21,1.4984111041216386,total,S2_fb2p0
2019-05-22,1.4588281758763986,total,S2_fb2p0
2019-05-23,1.4259788553271247,total,S2_fb2p0
2019-05-24,1.4245755435612462,total,S2_fb2p0
2019-05-27,1.4848819189268703,total,S2_fb2p0
2019-05-28,1.4943063147686566,total,S2_fb2p0
2019-05-29,1.5004327198442269,total,S2_fb2p0
2019-05-30,1.4871780616257435,total,S2_fb2p0
2019-05-31,1.4897570302782244,total,S2_fb2p0
2019-06-03,1.5156231416341341,total,S2_fb2p0
2019-06-04,1.4932698598830996,total,S2_fb2p0
2019-06-05,1.487251570592293,total,S2_fb2p0
2019-06-06,1.4710806269697336,total,S2_fb2p0
2019-06-10,1.434828638002206,total,S2_fb2p0
2019-06-11,1.426288055792543,total,S2_fb2p0
2019-06-12,1.419786530895098,total,S2_fb2p0
2019-06-13,1.523708912422599,total,S2_fb2p0
2019-06-14,1.5020712825113125,total,S2_fb2p0
2019-06-17,1.496786326785202,total,S2_fb2p0
2019-06-18,1.5054918772836516,total,S2_fb2p0
2019-06-19,1.5235690313289687,total,S2_fb2p0
2019-06-20,1.5136471103083486,total,S2_fb2p0
2019-06-21,1.5013116692099784,total,S2_fb2p0
2019-06-24,1.5209216964890608,total,S2_fb2p0
2019-06-25,1.5186105766736877,total,S2_fb2p0
2019-06-26,1.5114231384527708,total,S2_fb2p0
2019-06-27,1.5046577277082915,total,S2_fb2p0
2019-06-28,1.465511781284324,total,S2_fb2p0
2019-07-01,1.4157280275032478,total,S2_fb2p0
2019-07-02,1.379684914956311,total,S2_fb2p0
2019-07-03,1.3701523329681131,total,S2_fb2p0
2019-07-04,1.3911959993823193,total,S2_fb2p0
2019-07-05,1.4101854299322605,total,S2_fb2p0
2019-07-08,1.4705402765250046,total,S2_fb2p0
2019-07-09,1.4301305690786745,total,S2_fb2p0
2019-07-10,1.429978855111264,total,S2_fb2p0
2019-07-11,1.4491139330759981,total,S2_fb2p0
2019-07-12,1.4221122245604831,total,S2_fb2p0
2019-07-15,1.4728319866876127,total,S2_fb2p0
2019-07-16,1.4539609060650718,total,S2_fb2p0
2019-07-17,1.4889140553294982,total,S2_fb2p0
2019-07-18,1.4725507020526476,total,S2_fb2p0
2019-07-19,1.485400285986919,total,S2_fb2p0
2019-07-22,1.4929446273704725,total,S2_fb2p0
2019-07-23,1.4737813168560376,total,S2_fb2p0
2019-07-24,1.4904552842898853,total,S2_fb2p0
2019-07-25,1.4976153209167764,total,S2_fb2p0
2019-07-26,1.5105297378330453,total,S2_fb2p0
2019-07-29,1.4757891270395762,total,S2_fb2p0
2019-07-30,1.487665688656561,total,S2_fb2p0
2019-07-31,1.4766101340885058,total,S2_fb2p0
2019-08-01,1.4728778031354919,total,S2_fb2p0
2019-08-02,1.4546302230119987,total,S2_fb2p0
2019-08-05,1.4390783153611997,total,S2_fb2p0
2019-08-06,1.4299389887573277,total,S2_fb2p0
2019-08-07,1.4389658328931458,total,S2_fb2p0
2019-08-08,1.4441421375670207,total,S2_fb2p0
2019-08-09,1.547200810115697,total,S2_fb2p0
2019-08-12,1.5834044375828016,total,S2_fb2p0
2019-08-13,1.5726834994809844,total,S2_fb2p0
2019-08-14,1.5564026088710547,total,S2_fb2p0
2019-08-15,1.554845996270846,total,S2_fb2p0
2019-08-16,1.5477559145167827,total,S2_fb2p0
2019-08-19,1.5685649384561817,total,S2_fb2p0
2019-08-20,1.584960303349003,total,S2_fb2p0
2019-08-21,1.5510742899664878,total,S2_fb2p0
2019-08-22,1.5431522438263325,total,S2_fb2p0
2019-08-23,1.5329251911780275,total,S2_fb2p0
2019-08-26,1.5220425938261983,total,S2_fb2p0
2019-08-27,1.540173601463574,total,S2_fb2p0
2019-08-28,1.5681133576368447,total,S2_fb2p0
2019-08-29,1.5321887521479214,total,S2_fb2p0
2019-08-30,1.5397168275281716,total,S2_fb2p0
2019-09-02,1.5197552103493233,total,S2_fb2p0
2019-09-03,1.5403814224447896,total,S2_fb2p0
2019-09-04,1.5440600106273852,total,S2_fb2p0
2019-09-05,1.5407236406486347,total,S2_fb2p0
2019-09-06,1.5489850830851806,total,S2_fb2p0
2019-09-09,1.5800633232205288,total,S2_fb2p0
2019-09-10,1.5821707516823789,total,S2_fb2p0
2019-09-11,1.5606927567481006,total,S2_fb2p0
2019-09-12,1.57068843119266,total,S2_fb2p0
2019-09-16,1.555611373982572,total,S2_fb2p0
2019-09-17,1.5532439603191188,total,S2_fb2p0
2019-09-18,1.548143487823229,total,S2_fb2p0
2019-09-19,1.5255128856689528,total,S2_fb2p0
2019-09-20,1.5446606186051117,total,S2_fb2p0
2019-09-23,1.5481141207929974,total,S2_fb2p0
2019-09-24,1.5462924455087754,total,S2_fb2p0
2019-09-25,1.5338445327724552,total,S2_fb2p0
2019-09-26,1.5269739806838731,total,S2_fb2p0
2019-09-27,1.4852615291173248,total,S2_fb2p0
2019-09-30,1.4637178155073742,total,S2_fb2p0
2019-10-08,1.476178541854709,total,S2_fb2p0
2019-10-09,1.5576330530733258,total,S2_fb2p0
2019-10-10,1.5404361981976171,total,S2_fb2p0
2019-10-11,1.5235562004428078,total,S2_fb2p0
2019-10-14,1.5136836665566291,total,S2_fb2p0
2019-10-15,1.5236944195569286,total,S2_fb2p0
2019-10-16,1.5298008573873731,total,S2_fb2p0
2019-10-17,1.5259527586493478,total,S2_fb2p0
2019-10-18,1.542808913060782,total,S2_fb2p0
2019-10-21,1.4967446998350975,total,S2_fb2p0
2019-10-22,1.4749025189067069,total,S2_fb2p0
2019-10-23,1.468006036625001,total,S2_fb2p0
2019-10-24,1.4774754593179482,total,S2_fb2p0
2019-10-25,1.473408929713394,total,S2_fb2p0
2019-10-28,1.4976814862792394,total,S2_fb2p0
2019-10-29,1.499482242725406,total,S2_fb2p0
2019-10-30,1.5321483831018046,total,S2_fb2p0
2019-10-31,1.5229139103303726,total,S2_fb2p0
2019-11-01,1.5114367983886625,total,S2_fb2p0
2019-11-04,1.5237558791583012,total,S2_fb2p0
2019-11-05,1.5206363299972308,total,S2_fb2p0
2019-11-06,1.505195387007862,total,S2_fb2p0
2019-11-07,1.4950408642700466,total,S2_fb2p0
2019-11-08,1.5245434380596579,total,S2_fb2p0
2019-11-11,1.5046508845744861,total,S2_fb2p0
2019-11-12,1.4694662202953677,total,S2_fb2p0
2019-11-13,1.4540725489695874,total,S2_fb2p0
2019-11-14,1.4628600575125987,total,S2_fb2p0
2019-11-15,1.4414489398632042,total,S2_fb2p0
2019-11-18,1.4790620412196058,total,S2_fb2p0
2019-11-19,1.4879673508720512,total,S2_fb2p0
2019-11-20,1.4667430845021032,total,S2_fb2p0
2019-11-21,1.490718288467043,total,S2_fb2p0
2019-11-22,1.5067110549937692,total,S2_fb2p0
2019-11-25,1.5245025671872752,total,S2_fb2p0
2019-11-26,1.5204729668779882,total,S2_fb2p0
2019-11-27,1.5353834538752495,total,S2_fb2p0
2019-11-28,1.537520845551408,total,S2_fb2p0
2019-11-29,1.540921130564966,total,S2_fb2p0
2019-12-02,1.4933836891903594,total,S2_fb2p0
2019-12-03,1.483395619703953,total,S2_fb2p0
2019-12-04,1.4947089592461427,total,S2_fb2p0
2019-12-05,1.5042038801107083,total,S2_fb2p0
2019-12-06,1.5319604309590058,total,S2_fb2p0
2019-12-09,1.5199905291331335,total,S2_fb2p0
2019-12-10,1.4918555815259313,total,S2_fb2p0
2019-12-11,1.4994754338765588,total,S2_fb2p0
2019-12-12,1.5525273469953098,total,S2_fb2p0
2019-12-13,1.570478496177022,total,S2_fb2p0
2019-12-16,1.5627349044827652,total,S2_fb2p0
2019-12-17,1.5775795018956804,total,S2_fb2p0
2019-12-18,1.536987542235388,total,S2_fb2p0
2019-12-19,1.5155069028270454,total,S2_fb2p0
2019-12-20,1.4944428058115273,total,S2_fb2p0
2019-12-23,1.4261014984882674,total,S2_fb2p0
2019-12-24,1.4196166034743467,total,S2_fb2p0
2019-12-25,1.4154999853492616,total,S2_fb2p0
2019-12-26,1.4237660226316973,total,S2_fb2p0
2019-12-27,1.4321878879050627,total,S2_fb2p0
2019-12-30,1.489324054064997,total,S2_fb2p0
2019-12-31,1.489246220737829,total,S2_fb2p0
2020-01-02,1.4971868172603227,total,S2_fb2p0
2020-01-03,1.5065226044951707,total,S2_fb2p0
2020-01-06,1.4932157197920035,total,S2_fb2p0
2020-01-07,1.517380800993573,total,S2_fb2p0
2020-01-08,1.5124301673978238,total,S2_fb2p0
2020-01-09,1.5061539910829136,total,S2_fb2p0
2020-01-10,1.5021902287764257,total,S2_fb2p0
2020-01-13,1.5432177781730292,total,S2_fb2p0
2020-01-14,1.5563021494702642,total,S2_fb2p0
2020-01-15,1.5270985636132581,total,S2_fb2p0
2020-01-16,1.502822326956544,total,S2_fb2p0
2020-01-17,1.4638504901621416,total,S2_fb2p0
2020-01-20,1.4968155180254117,total,S2_fb2p0
2020-01-21,1.4916095533274993,total,S2_fb2p0
2020-01-22,1.4680440657418437,total,S2_fb2p0
2020-01-23,1.4461559741019572,total,S2_fb2p0
2020-02-03,1.457923742077476,total,S2_fb2p0
2020-02-04,1.469323108062421,total,S2_fb2p0
2020-02-05,1.483373065809677,total,S2_fb2p0
2020-02-06,1.4747606012420262,total,S2_fb2p0
2020-02-07,1.4525476087997833,total,S2_fb2p0
2020-02-10,1.490027287033165,total,S2_fb2p0
2020-02-11,1.4803463496259353,total,S2_fb2p0
2020-02-12,1.4763232602004939,total,S2_fb2p0
2020-02-13,1.4842948755881733,total,S2_fb2p0
2020-02-14,1.566182862385045,total,S2_fb2p0
2020-02-17,1.5661442880097483,total,S2_fb2p0
2020-02-18,1.5354843934058597,total,S2_fb2p0
2020-02-19,1.5373465870849194,total,S2_fb2p0
2020-02-20,1.5488259511395839,total,S2_fb2p0
2020-02-21,1.5322610846729,total,S2_fb2p0
2020-02-24,1.5023362760438985,total,S2_fb2p0
2020-02-25,1.5064048612990637,total,S2_fb2p0
2020-02-26,1.5046687726305366,total,S2_fb2p0
2020-02-27,1.4974396017736034,total,S2_fb2p0
2020-02-28,1.5061683936257504,total,S2_fb2p0
2020-03-02,1.2514531966016076,total,S2_fb2p0
2020-03-03,1.2622332818466162,total,S2_fb2p0
2020-03-04,1.2394832336369574,total,S2_fb2p0
2020-03-05,1.2432679591599693,total,S2_fb2p0
2020-03-06,1.2480095994578961,total,S2_fb2p0
2020-03-09,1.5001147011020828,total,S2_fb2p0
2020-03-10,1.5403819572251687,total,S2_fb2p0
2020-03-11,1.5210668368923912,total,S2_fb2p0
2020-03-12,1.4945780060324523,total,S2_fb2p0
2020-03-13,1.4986558486693156,total,S2_fb2p0
2020-03-16,1.5010535187109562,total,S2_fb2p0
2020-03-17,1.4677984007064624,total,S2_fb2p0
2020-03-18,1.4160157806687013,total,S2_fb2p0
2020-03-19,1.37370587153431,total,S2_fb2p0
2020-03-20,1.348239717171886,total,S2_fb2p0
2020-03-23,1.365713221799812,total,S2_fb2p0
2020-03-24,1.3446700348163276,total,S2_fb2p0
2020-03-25,1.3449094488988826,total,S2_fb2p0
2020-03-26,1.3638711630515448,total,S2_fb2p0
2020-03-27,1.369462416180433,total,S2_fb2p0
2020-03-30,1.2527267490100655,total,S2_fb2p0
2020-03-31,1.2625579165327219,total,S2_fb2p0
2020-04-01,1.2844768067680619,total,S2_fb2p0
2020-04-02,1.2882249118502194,total,S2_fb2p0
2020-04-03,1.3371640064843797,total,S2_fb2p0
2020-04-07,1.236433897247403,total,S2_fb2p0
2020-04-08,1.2295137601982378,total,S2_fb2p0
2020-04-09,1.2413417026165605,total,S2_fb2p0
2020-04-10,1.2589707115055297,total,S2_fb2p0
2020-04-13,1.2699441127503786,total,S2_fb2p0
2020-04-14,1.2584972796658402,total,S2_fb2p0
2020-04-15,1.2483668806611548,total,S2_fb2p0
2020-04-16,1.2527116886416276,total,S2_fb2p0
2020-04-17,1.2725093090099382,total,S2_fb2p0
2020-04-20,1.326747130469386,total,S2_fb2p0
2020-04-21,1.323404592198634,total,S2_fb2p0
2020-04-22,1.2889046041001195,total,S2_fb2p0
2020-04-23,1.3029951182899024,total,S2_fb2p0
2020-04-24,1.305301787360357,total,S2_fb2p0
2020-04-27,1.297498698753025,total,S2_fb2p0
2020-04-28,1.3094122256537204,total,S2_fb2p0
2020-04-29,1.3289155537290553,total,S2_fb2p0
2020-04-30,1.3454049206826972,total,S2_fb2p0
2020-05-06,1.5411231987528327,total,S2_fb2p0
2020-05-07,1.549291311687285,total,S2_fb2p0
2020-05-08,1.5368669331350773,total,S2_fb2p0
2020-05-11,1.5672676709087492,total,S2_fb2p0
2020-05-12,1.5390841656807894,total,S2_fb2p0
2020-05-13,1.5144023165244846,total,S2_fb2p0
2020-05-14,1.5208565842421022,total,S2_fb2p0
2020-05-15,1.5325332103920124,total,S2_fb2p0
2020-05-18,1.5449062389787138,total,S2_fb2p0
2020-05-19,1.547799279493227,total,S2_fb2p0
2020-05-20,1.5468431578775368,total,S2_fb2p0
2020-05-21,1.5373222487332776,total,S2_fb2p0
2020-05-22,1.494659282155888,total,S2_fb2p0
2020-05-25,1.4317311848889345,total,S2_fb2p0
2020-05-26,1.4592282015280968,total,S2_fb2p0
2020-05-27,1.472930018780605,total,S2_fb2p0
2020-05-28,1.471656541906155,total,S2_fb2p0
2020-05-29,1.474088642376447,total,S2_fb2p0
2020-06-01,1.483003790318919,total,S2_fb2p0
2020-06-02,1.485420194290756,total,S2_fb2p0
2020-06-03,1.4925690380680334,total,S2_fb2p0
2020-06-04,1.5099972837248121,total,S2_fb2p0
2020-06-05,1.5414056036119546,total,S2_fb2p0
2020-06-08,1.473649565179601,total,S2_fb2p0
2020-06-09,1.5114334278683694,total,S2_fb2p0
2020-06-10,1.5193508219099987,total,S2_fb2p0
2020-06-11,1.4975641406488083,total,S2_fb2p0
2020-06-12,1.458129983517152,total,S2_fb2p0
2020-06-15,1.4615831778887478,total,S2_fb2p0
2020-06-16,1.5287095835475353,total,S2_fb2p0
2020-06-17,1.570797192077135,total,S2_fb2p0
2020-06-18,1.5476748996568996,total,S2_fb2p0
2020-06-19,1.5545315547855278,total,S2_fb2p0
2020-06-22,1.4567562517857109,total,S2_fb2p0
2020-06-23,1.4796815560345884,total,S2_fb2p0
2020-06-24,1.500103626037898,total,S2_fb2p0
2020-06-29,1.507414360683898,total,S2_fb2p0
2020-06-30,1.4993535513979948,total,S2_fb2p0
2020-07-01,1.5006523339681506,total,S2_fb2p0
2020-07-02,1.4948073381612639,total,S2_fb2p0
2020-07-03,1.4957363654686529,total,S2_fb2p0
2020-07-06,1.5346866991517685,total,S2_fb2p0
2020-07-07,1.5253065673841038,total,S2_fb2p0
2020-07-08,1.5360845311502396,total,S2_fb2p0
2020-07-09,1.493752488542373,total,S2_fb2p0
2020-07-10,1.4757007238058277,total,S2_fb2p0
2020-07-13,1.460491021794948,total,S2_fb2p0
2020-07-14,1.4601012782208809,total,S2_fb2p0
2020-07-15,1.463173634399894,total,S2_fb2p0
2020-07-16,1.4848623439638957,total,S2_fb2p0
2020-07-17,1.486790056889635,total,S2_fb2p0
2020-07-20,1.417042930287311,total,S2_fb2p0
2020-07-21,1.4051992814090692,total,S2_fb2p0
2020-07-22,1.3484960529487502,total,S2_fb2p0
2020-07-23,1.361710117200704,total,S2_fb2p0
2020-07-24,1.357001559481349,total,S2_fb2p0
2020-07-27,1.4439590291564728,total,S2_fb2p0
2020-07-28,1.4416517336274952,total,S2_fb2p0
2020-07-29,1.4805508480604965,total,S2_fb2p0
2020-07-30,1.469115339940818,total,S2_fb2p0
2020-07-31,1.46249831291523,total,S2_fb2p0
2020-08-03,1.4062496081492668,total,S2_fb2p0
2020-08-04,1.3661357102378535,total,S2_fb2p0
2020-08-05,1.3713521232672077,total,S2_fb2p0
2020-08-06,1.3677694281655814,total,S2_fb2p0
2020-08-07,1.3576254218029093,total,S2_fb2p0
2020-08-10,1.2912207895246315,total,S2_fb2p0
2020-08-11,1.2818285873200628,total,S2_fb2p0
2020-08-12,1.2997384946329469,total,S2_fb2p0
2020-08-13,1.2565876421656748,total,S2_fb2p0
2020-08-14,1.2442433491760432,total,S2_fb2p0
2020-08-17,1.355153325930519,total,S2_fb2p0
2020-08-18,1.3464856471806748,total,S2_fb2p0
2020-08-19,1.3512795364047363,total,S2_fb2p0
2020-08-20,1.3691831539102912,total,S2_fb2p0
2020-08-21,1.3685264266795156,total,S2_fb2p0
2020-08-24,1.4670412595074012,total,S2_fb2p0
2020-08-25,1.4962044536775074,total,S2_fb2p0
2020-08-26,1.5139794416423467,total,S2_fb2p0
2020-08-27,1.5165256816759014,total,S2_fb2p0
2020-08-28,1.521628854926567,total,S2_fb2p0
2020-08-31,1.4546346149484122,total,S2_fb2p0
2020-09-01,1.4556624289535325,total,S2_fb2p0
2020-09-02,1.468688458152422,total,S2_fb2p0
2020-09-03,1.441826271560373,total,S2_fb2p0
2020-09-04,1.4673720195325068,total,S2_fb2p0
2020-09-07,1.4467575596251732,total,S2_fb2p0
2020-09-08,1.4238419334020993,total,S2_fb2p0
2020-09-09,1.4021792263019748,total,S2_fb2p0
2020-09-10,1.402726178096496,total,S2_fb2p0
2020-09-11,1.4210237032344415,total,S2_fb2p0
2020-09-14,1.423102539855663,total,S2_fb2p0
2020-09-15,1.4055147005736024,total,S2_fb2p0
2020-09-16,1.4362136749216174,total,S2_fb2p0
2020-09-17,1.4461092904164659,total,S2_fb2p0
2020-09-18,1.4328130349956472,total,S2_fb2p0
2020-09-21,1.4129874164976017,total,S2_fb2p0
2020-09-22,1.425471071833059,total,S2_fb2p0
2020-09-23,1.4513486108827873,total,S2_fb2p0
2020-09-24,1.48941602866182,total,S2_fb2p0
2020-09-25,1.5273368482416767,total,S2_fb2p0
2020-09-28,1.396581005541268,total,S2_fb2p0
2020-09-29,1.3618853624885816,total,S2_fb2p0
2020-09-30,1.3579841145837959,total,S2_fb2p0
2020-10-09,1.3418156368566643,total,S2_fb2p0
2020-10-12,1.3192275930813182,total,S2_fb2p0
2020-10-13,1.2998206408415558,total,S2_fb2p0
2020-10-14,1.302518317399242,total,S2_fb2p0
2020-10-15,1.3098214164483641,total,S2_fb2p0
2020-10-16,1.2994112998908356,total,S2_fb2p0
2020-10-19,1.3105030453908282,total,S2_fb2p0
2020-10-20,1.3169718177030807,total,S2_fb2p0
2020-10-21,1.3155655224666902,total,S2_fb2p0
2020-10-22,1.2870513382012134,total,S2_fb2p0
2020-10-23,1.2952341310109594,total,S2_fb2p0
2020-10-26,1.3798153446424528,total,S2_fb2p0
2020-10-27,1.3513571102069843,total,S2_fb2p0
2020-10-28,1.345434595653553,total,S2_fb2p0
2020-10-29,1.4072349278766407,total,S2_fb2p0
2020-10-30,1.371995259754043,total,S2_fb2p0
2020-11-02,1.389785719325749,total,S2_fb2p0
2020-11-03,1.383984100821004,total,S2_fb2p0
2020-11-04,1.3750221923421988,total,S2_fb2p0
2020-11-05,1.3749408100265739,total,S2_fb2p0
2020-11-06,1.3715524162942592,total,S2_fb2p0
2020-11-09,1.4411087026320633,total,S2_fb2p0
2020-11-10,1.4348793042025965,total,S2_fb2p0
2020-11-11,1.4282691482710714,total,S2_fb2p0
2020-11-12,1.4014880468282174,total,S2_fb2p0
2020-11-13,1.389149822232042,total,S2_fb2p0
2020-11-16,1.4213445130265958,total,S2_fb2p0
2020-11-17,1.4192173647037745,total,S2_fb2p0
2020-11-18,1.4146053479829652,total,S2_fb2p0
2020-11-19,1.3816520517671969,total,S2_fb2p0
2020-11-20,1.3705906306455349,total,S2_fb2p0
2020-11-23,1.4406427545849274,total,S2_fb2p0
2020-11-24,1.473337787721688,total,S2_fb2p0
2020-11-25,1.488469844136625,total,S2_fb2p0
2020-11-26,1.4927082639982425,total,S2_fb2p0
2020-11-27,1.4919987358138525,total,S2_fb2p0
2020-11-30,1.4699141988907283,total,S2_fb2p0
2020-12-01,1.4716650700253135,total,S2_fb2p0
2020-12-02,1.490627618352225,total,S2_fb2p0
2020-12-03,1.5277780941376458,total,S2_fb2p0
2020-12-04,1.5612324426106599,total,S2_fb2p0
2020-12-07,1.4966665932983356,total,S2_fb2p0
2020-12-08,1.4816222084423776,total,S2_fb2p0
2020-12-09,1.483895907860009,total,S2_fb2p0
2020-12-10,1.4457018174332614,total,S2_fb2p0
2020-12-11,1.4278900468520224,total,S2_fb2p0
2020-12-14,1.5418876899396339,total,S2_fb2p0
2020-12-15,1.5235864848964566,total,S2_fb2p0
2020-12-16,1.4826962030268007,total,S2_fb2p0
2020-12-17,1.4689655452480659,total,S2_fb2p0
2020-12-18,1.4360099343915156,total,S2_fb2p0
2020-12-21,1.298668465609641,total,S2_fb2p0
2020-12-22,1.2641282311377615,total,S2_fb2p0
2020-12-23,1.285237658948026,total,S2_fb2p0
2020-12-24,1.29179472766485,total,S2_fb2p0
2020-12-25,1.267225623651974,total,S2_fb2p0
2020-12-28,1.207007849551666,total,S2_fb2p0
2020-12-29,1.2143206848810724,total,S2_fb2p0
2020-12-30,1.196051496328136,total,S2_fb2p0
2020-12-31,1.1941989876133579,total,S2_fb2p0
2021-01-04,1.206729393046188,total,S2_fb2p0
2021-01-05,1.1732144155621824,total,S2_fb2p0
2021-01-06,1.1808681111631616,total,S2_fb2p0
2021-01-07,1.1823415518725242,total,S2_fb2p0
2021-01-08,1.1851692518665846,total,S2_fb2p0
2021-01-11,1.278441326496979,total,S2_fb2p0
2021-01-12,1.2922040172515645,total,S2_fb2p0
2021-01-13,1.2718530499710001,total,S2_fb2p0
2021-01-14,1.2783544839702223,total,S2_fb2p0
2021-01-15,1.263982887105211,total,S2_fb2p0
2021-01-18,1.25377211278074,total,S2_fb2p0
2021-01-19,1.310137409878695,total,S2_fb2p0
2021-01-20,1.3311204675046606,total,S2_fb2p0
2021-01-21,1.304156840292872,total,S2_fb2p0
2021-01-22,1.280392355782245,total,S2_fb2p0
2021-01-25,1.2646441766906762,total,S2_fb2p0
2021-01-26,1.2852840195293014,total,S2_fb2p0
2021-01-27,1.2801295375019648,total,S2_fb2p0
2021-01-28,1.3082587460079718,total,S2_fb2p0
2021-01-29,1.3191965359335667,total,S2_fb2p0
2021-02-01,1.2725575040454504,total,S2_fb2p0
2021-02-02,1.294657095314227,total,S2_fb2p0
2021-02-03,1.3289025320784564,total,S2_fb2p0
2021-02-04,1.3270878932709094,total,S2_fb2p0
2021-02-05,1.3033047133181297,total,S2_fb2p0
2021-02-08,0.9711358286213272,total,S2_fb2p0
2021-02-09,0.9638319485924237,total,S2_fb2p0
2021-02-10,0.9525195170242656,total,S2_fb2p0
2021-02-18,0.9622652035545897,total,S2_fb2p0
2021-02-19,0.9634172409625068,total,S2_fb2p0
2021-02-22,0.9716035951474569,total,S2_fb2p0
2021-02-23,0.9800233162572696,total,S2_fb2p0
2021-02-24,0.9771563484268069,total,S2_fb2p0
2021-02-25,0.9484163368247411,total,S2_fb2p0
2021-02-26,0.9358779417882752,total,S2_fb2p0
2021-03-01,0.9328519007698863,total,S2_fb2p0
2021-03-02,0.9334096097189993,total,S2_fb2p0
2021-03-03,0.9043445052138718,total,S2_fb2p0
2021-03-04,0.8995475478282958,total,S2_fb2p0
2021-03-05,0.9309035805436146,total,S2_fb2p0
2021-03-08,0.9047425147681745,total,S2_fb2p0
2021-03-09,0.9015744176477373,total,S2_fb2p0
2021-03-10,0.9144236992093071,total,S2_fb2p0
2021-03-11,0.9086176616669684,total,S2_fb2p0
2021-03-12,0.8939975588654732,total,S2_fb2p0
2021-03-15,0.817885932314545,total,S2_fb2p0
2021-03-16,0.8175597152598202,total,S2_fb2p0
2021-03-17,0.8171731647325086,total,S2_fb2p0
2021-03-18,0.8044974386685686,total,S2_fb2p0
2021-03-19,0.815248529089634,total,S2_fb2p0
2021-03-22,0.8395957305535962,total,S2_fb2p0
2021-03-23,0.854514991121067,total,S2_fb2p0
2021-03-24,0.8657328429971314,total,S2_fb2p0
2021-03-25,0.8650704346763177,total,S2_fb2p0
2021-03-26,0.8607127404445334,total,S2_fb2p0
2021-03-29,0.881750976895931,total,S2_fb2p0
2021-03-30,0.8844195097464365,total,S2_fb2p0
2021-03-31,0.8838204715391913,total,S2_fb2p0
2021-04-01,0.8784561245949615,total,S2_fb2p0
2021-04-02,0.8752748823202526,total,S2_fb2p0
2021-04-06,0.8094647794491765,total,S2_fb2p0
2021-04-07,0.8082596716129097,total,S2_fb2p0
2021-04-08,0.8120268635305062,total,S2_fb2p0
2021-04-09,0.8406041126113923,total,S2_fb2p0
2021-04-12,0.8883051788547198,total,S2_fb2p0
2021-04-13,0.8903137141014743,total,S2_fb2p0
2021-04-14,0.884595295618843,total,S2_fb2p0
2021-04-15,0.8735946586176953,total,S2_fb2p0
2021-04-16,0.8688880199679206,total,S2_fb2p0
2021-04-19,0.8721585406277194,total,S2_fb2p0
2021-04-20,0.8675351364724962,total,S2_fb2p0
2021-04-21,0.8695688369015354,total,S2_fb2p0
2021-04-22,0.8623334329557338,total,S2_fb2p0
2021-04-23,0.8930463564799193,total,S2_fb2p0
2021-04-26,0.9906121506238497,total,S2_fb2p0
2021-04-27,0.9783107316134882,total,S2_fb2p0
2021-04-28,0.984594218738807,total,S2_fb2p0
2021-04-29,0.9741754207526375,total,S2_fb2p0
2021-04-30,0.9844743188896642,total,S2_fb2p0
2021-05-06,0.9741760313706052,total,S2_fb2p0
2021-05-07,0.954065297130775,total,S2_fb2p0
2021-05-10,0.9066698340023178,total,S2_fb2p0
2021-05-11,0.8931897785635573,total,S2_fb2p0
2021-05-12,0.8832896159640647,total,S2_fb2p0
2021-05-13,0.8852518174196078,total,S2_fb2p0
2021-05-14,0.9146764229528073,total,S2_fb2p0
2021-05-17,0.7857836856320121,total,S2_fb2p0
2021-05-18,0.7860420199174571,total,S2_fb2p0
2021-05-19,0.8050733212722265,total,S2_fb2p0
2021-07-05,0.7850824006695737,total,S2_fb2p0
2021-07-07,0.787744421111348,total,S2_fb2p0
2021-07-08,0.8001733290348706,total,S2_fb2p0
2021-07-09,0.79591392888838,total,S2_fb2p0
2021-07-12,0.9180063323148486,total,S2_fb2p0
2021-07-13,0.9100743513669984,total,S2_fb2p0
2021-07-14,0.8927434985234066,total,S2_fb2p0
2021-07-15,0.9021105577737966,total,S2_fb2p0
2021-07-16,0.8948935800125882,total,S2_fb2p0
2021-07-19,0.9343403618564019,total,S2_fb2p0
2021-07-20,0.9448673909531673,total,S2_fb2p0
2021-07-21,0.9299892955978958,total,S2_fb2p0
2021-07-22,0.9357373486775905,total,S2_fb2p0
2021-07-23,0.9259187926821789,total,S2_fb2p0
2021-07-26,0.9227571909004435,total,S2_fb2p0
2021-07-27,0.9198950080328774,total,S2_fb2p0
2021-07-28,0.9308144959967006,total,S2_fb2p0
2021-07-29,0.9212920878753154,total,S2_fb2p0
2021-07-30,0.9003430460444447,total,S2_fb2p0
2021-08-02,0.9359185673165937,total,S2_fb2p0
2021-08-03,0.9632949155737329,total,S2_fb2p0
2021-08-04,0.9676318833352309,total,S2_fb2p0
2021-08-05,0.9581194815320117,total,S2_fb2p0
2021-08-06,0.9623540095116113,total,S2_fb2p0
2021-08-09,0.9250029458009863,total,S2_fb2p0
2021-08-10,0.9173405352726952,total,S2_fb2p0
2021-08-11,0.9077101447975986,total,S2_fb2p0
2021-08-12,0.9066224104757716,total,S2_fb2p0
2021-08-13,0.9233063424528557,total,S2_fb2p0
2021-08-16,0.9062664138519247,total,S2_fb2p0
2021-08-17,0.9066245666120933,total,S2_fb2p0
2021-08-18,0.9016781584070626,total,S2_fb2p0
2021-08-19,0.9072300918276764,total,S2_fb2p0
2021-08-20,0.899374124054063,total,S2_fb2p0
2021-08-23,0.8885915587939227,total,S2_fb2p0
2021-08-24,0.8813818257938327,total,S2_fb2p0
2021-08-25,0.8735055053803138,total,S2_fb2p0
2021-08-26,0.8874854098858648,total,S2_fb2p0
2021-08-27,0.8888096581631626,total,S2_fb2p0
2021-08-30,0.9560641355289412,total,S2_fb2p0
2021-08-31,0.9529640284681699,total,S2_fb2p0
2021-09-01,0.9402157847879288,total,S2_fb2p0
2021-09-02,0.9500981734007664,total,S2_fb2p0
2021-09-03,0.941180714469264,total,S2_fb2p0
2021-09-06,0.9925929020676096,total,S2_fb2p0
2021-09-07,0.9923098299787951,total,S2_fb2p0
2021-09-08,0.9837943659202228,total,S2_fb2p0
2021-09-09,0.9668242955073345,total,S2_fb2p0
2021-09-10,0.9640944493680726,total,S2_fb2p0
2021-09-13,1.0732326023474246,total,S2_fb2p0
2021-09-14,1.1019825041985305,total,S2_fb2p0
2021-09-15,1.1309758178764178,total,S2_fb2p0
2021-09-16,1.0993039441110606,total,S2_fb2p0
2021-09-17,1.103453335288722,total,S2_fb2p0
2021-09-22,1.0138932056587413,total,S2_fb2p0
2021-09-23,0.9972669438471631,total,S2_fb2p0
2021-09-24,1.0275537375016008,total,S2_fb2p0
2021-09-27,0.9845371191426031,total,S2_fb2p0
2021-09-28,1.000420084637415,total,S2_fb2p0
2021-09-29,0.9910439773940249,total,S2_fb2p0
2021-09-30,1.000240190105774,total,S2_fb2p0
2021-10-08,0.9116609048967483,total,S2_fb2p0
2021-10-11,0.918793642140159,total,S2_fb2p0
2021-10-12,0.9358070864003026,total,S2_fb2p0
2021-10-13,0.9529966133249638,total,S2_fb2p0
2021-10-14,0.9660109342923416,total,S2_fb2p0
2021-10-15,0.951103709209384,total,S2_fb2p0
2021-10-18,0.9151099011995653,total,S2_fb2p0
2021-10-19,0.9103295475557425,total,S2_fb2p0
2021-10-20,0.9399438629296661,total,S2_fb2p0
2021-10-21,0.940948054648985,total,S2_fb2p0
2021-10-22,0.9415803228809438,total,S2_fb2p0
2021-11-16,0.7862890760085954,total,S2_fb2p0
2021-11-17,0.8033062300950591,total,S2_fb2p0
2021-11-18,0.7996849080923404,total,S2_fb2p0
2021-11-19,0.8103470478079551,total,S2_fb2p0
2021-11-22,0.8430183488035249,total,S2_fb2p0
2021-11-23,0.8822645988807872,total,S2_fb2p0
2021-11-24,0.8724690321012815,total,S2_fb2p0
2021-11-25,0.8636125186394837,total,S2_fb2p0
2021-11-26,0.8669853784376298,total,S2_fb2p0
2021-11-29,0.9144571862823188,total,S2_fb2p0
2021-11-30,0.918000680708801,total,S2_fb2p0
2021-12-01,0.9172430733058157,total,S2_fb2p0
2021-12-02,0.9172473514334585,total,S2_fb2p0
2021-12-03,0.9258404407649278,total,S2_fb2p0
2021-12-06,0.9198077766397362,total,S2_fb2p0
2021-12-07,0.9309814199161158,total,S2_fb2p0
2021-12-08,0.9245601556145197,total,S2_fb2p0
2021-12-09,0.9302985054399041,total,S2_fb2p0
2021-12-10,0.9400157289882815,total,S2_fb2p0
2021-12-13,0.9700192313937951,total,S2_fb2p0
2021-12-14,0.9471284396031491,total,S2_fb2p0
2021-12-15,0.9550943473248432,total,S2_fb2p0
2021-12-16,0.9645887455072061,total,S2_fb2p0
2021-12-17,0.9506302679771956,total,S2_fb2p0
2021-12-20,0.826348171294948,total,S2_fb2p0
2021-12-21,0.8280030055562843,total,S2_fb2p0
2021-12-22,0.8163634528078058,total,S2_fb2p0
2021-12-23,0.8049902514267784,total,S2_fb2p0
2021-12-24,0.8077086260909195,total,S2_fb2p0
2021-12-27,0.8926860387496283,total,S2_fb2p0
2021-12-28,0.9019222469282419,total,S2_fb2p0
2021-12-29,0.900884755868715,total,S2_fb2p0
2021-12-30,0.8897480561078264,total,S2_fb2p0
2021-12-31,0.8912413616725694,total,S2_fb2p0
2022-01-04,0.9242640980155554,total,S2_fb2p0
2022-01-05,0.9270925410575569,total,S2_fb2p0
2022-01-06,0.9224601678584751,total,S2_fb2p0
2022-01-07,0.9175964769997756,total,S2_fb2p0
2022-01-10,0.9985601197036154,total,S2_fb2p0
2022-01-11,0.9899231246484027,total,S2_fb2p0
2022-01-12,0.984594826519428,total,S2_fb2p0
2022-01-13,0.9821502984085793,total,S2_fb2p0
2022-01-14,0.9811899225802021,total,S2_fb2p0
2022-01-17,1.0319591132389017,total,S2_fb2p0
2022-01-18,1.0129896038551423,total,S2_fb2p0
2022-01-19,0.9900934772286617,total,S2_fb2p0
2022-01-20,0.9906727094567948,total,S2_fb2p0
2022-01-21,1.0111128365239561,total,S2_fb2p0
2022-01-24,0.9791118260780353,total,S2_fb2p0
2022-01-25,0.9847262438925815,total,S2_fb2p0
2022-01-26,0.9859446727092688,total,S2_fb2p0
2022-01-27,0.978045378999675,total,S2_fb2p0
2022-01-28,0.9596221194159561,total,S2_fb2p0
2022-02-07,0.9946181569007828,total,S2_fb2p0
2022-02-08,0.9978142519327792,total,S2_fb2p0
2022-02-09,1.021557701587101,total,S2_fb2p0
2022-02-10,0.9998798631633515,total,S2_fb2p0
2022-02-11,1.0217210574279953,total,S2_fb2p0
2022-02-14,1.0406124942244857,total,S2_fb2p0
2022-02-15,1.0301283178693332,total,S2_fb2p0
2022-02-16,1.031272745253342,total,S2_fb2p0
2022-02-17,1.0200137476980708,total,S2_fb2p0
2022-02-18,1.0525706493654154,total,S2_fb2p0
2022-02-21,1.0802229165426258,total,S2_fb2p0
2022-02-22,1.0577845166086133,total,S2_fb2p0
2022-02-23,1.0492048247550256,total,S2_fb2p0
2022-02-24,1.0750962206999743,total,S2_fb2p0
2022-02-25,1.0747914296449976,total,S2_fb2p0
2022-02-28,1.1204685221212256,total,S2_fb2p0
2022-03-01,1.0998326735991317,total,S2_fb2p0
2022-03-02,1.0798609926607805,total,S2_fb2p0
2022-03-03,1.0644659824261422,total,S2_fb2p0
2022-03-04,1.0535846652579601,total,S2_fb2p0
2022-03-07,1.0064656995950083,total,S2_fb2p0
2022-03-08,1.0069247787813624,total,S2_fb2p0
2022-03-09,1.0477985549615922,total,S2_fb2p0
2022-03-10,1.073170748226382,total,S2_fb2p0
2022-03-11,1.0342688993387232,total,S2_fb2p0
2022-03-14,0.8521296408277019,total,S2_fb2p0
2022-03-15,0.8827617129026761,total,S2_fb2p0
2022-03-16,0.8690253018441991,total,S2_fb2p0
2022-03-17,0.8567522895946534,total,S2_fb2p0
2022-03-18,0.8508588730599352,total,S2_fb2p0
2022-03-21,0.8172666327497384,total,S2_fb2p0
2022-03-22,0.8278655024375232,total,S2_fb2p0
2022-03-23,0.8210764891650101,total,S2_fb2p0
2022-03-24,0.8133512945541244,total,S2_fb2p0
2022-03-25,0.8118120607537157,total,S2_fb2p0
2022-03-29,0.7838872506073761,total,S2_fb2p0
2022-03-30,0.808784715910161,total,S2_fb2p0
2022-03-31,0.8161652480523313,total,S2_fb2p0
2022-04-01,0.8119952928133753,total,S2_fb2p0
2022-04-06,0.9303017478315776,total,S2_fb2p0
2022-04-07,0.9254654984983416,total,S2_fb2p0
2022-04-08,0.9322264657704943,total,S2_fb2p0
2022-04-11,0.8491503268451387,total,S2_fb2p0
2022-04-12,0.8661890024332892,total,S2_fb2p0
2022-04-13,0.854530362586223,total,S2_fb2p0
2022-04-14,0.8479885591616445,total,S2_fb2p0
2022-04-15,0.8401290169330345,total,S2_fb2p0
2022-04-18,0.9247851378029543,total,S2_fb2p0
2022-04-19,0.9360163903827252,total,S2_fb2p0
2022-04-20,0.9588632605601964,total,S2_fb2p0
2022-04-21,0.9487982319790742,total,S2_fb2p0
2022-04-22,0.9789292089569217,total,S2_fb2p0
2022-04-25,0.9988848589011364,total,S2_fb2p0
2022-04-26,1.0081771414152412,total,S2_fb2p0
2022-04-27,1.00734724875713,total,S2_fb2p0
2022-04-28,1.0066565570801576,total,S2_fb2p0
2022-04-29,1.0018238636813237,total,S2_fb2p0
2022-05-05,1.0962211053202384,total,S2_fb2p0
2022-05-06,1.0903195837841162,total,S2_fb2p0
2022-05-09,1.064432713518099,total,S2_fb2p0
2022-05-10,1.0508029853092808,total,S2_fb2p0
2022-05-11,1.0768881908552914,total,S2_fb2p0
2022-05-12,1.0650347650526035,total,S2_fb2p0
2022-05-13,1.0805961711505736,total,S2_fb2p0
2022-05-16,1.1408253587021422,total,S2_fb2p0
2022-05-17,1.1308148037216348,total,S2_fb2p0
2022-05-18,1.1093267759761523,total,S2_fb2p0
2022-05-19,1.0986279685325788,total,S2_fb2p0
2022-05-20,1.2143825884206862,total,S2_fb2p0
2022-05-23,1.2250088598576756,total,S2_fb2p0
2022-05-24,1.212729135484554,total,S2_fb2p0
2022-05-25,1.198034680399589,total,S2_fb2p0
2022-05-26,1.16899776870621,total,S2_fb2p0
2022-05-27,1.2111107609964178,total,S2_fb2p0
2022-05-30,1.1969878566991519,total,S2_fb2p0
2022-05-31,1.2270860461937114,total,S2_fb2p0
2022-06-01,1.253971479456573,total,S2_fb2p0
2022-06-02,1.2597705418174023,total,S2_fb2p0
2022-06-06,1.175577775733539,total,S2_fb2p0
2022-06-07,1.167272478766939,total,S2_fb2p0
2022-06-08,1.164752529805796,total,S2_fb2p0
2022-06-09,1.160899320369917,total,S2_fb2p0
2022-06-10,1.1651861096494718,total,S2_fb2p0
2022-06-13,1.1986407902392802,total,S2_fb2p0
2022-06-14,1.1970475674851448,total,S2_fb2p0
2022-06-15,1.2121258532938441,total,S2_fb2p0
2022-06-16,1.213394096776141,total,S2_fb2p0
2022-06-17,1.2399542981980505,total,S2_fb2p0
2022-06-20,1.1282944909714665,total,S2_fb2p0
2022-06-21,1.1257111962551551,total,S2_fb2p0
2022-06-22,1.1105152768082727,total,S2_fb2p0
2022-06-23,1.1242895975816003,total,S2_fb2p0
2022-06-24,1.1539294476782074,total,S2_fb2p0
2022-06-27,1.1868861865026532,total,S2_fb2p0
2022-06-28,1.1649255022411202,total,S2_fb2p0
2022-06-29,1.1659771595327546,total,S2_fb2p0
2022-06-30,1.1620348516030803,total,S2_fb2p0
2022-07-01,1.156986621327723,total,S2_fb2p0
2022-07-04,1.1819954965995139,total,S2_fb2p0
2022-07-05,1.1702211781867264,total,S2_fb2p0
2022-07-06,1.1600329447269453,total,S2_fb2p0
2022-07-07,1.1773410612011541,total,S2_fb2p0
2022-07-08,1.1716633166504549,total,S2_fb2p0
2022-07-11,0.9155708784838912,total,S2_fb2p0
2022-07-12,0.8857998893297131,total,S2_fb2p0
2022-07-13,0.8607024528793122,total,S2_fb2p0
2022-07-14,0.8518681924404177,total,S2_fb2p0
2022-07-15,0.8303838862421604,total,S2_fb2p0
2022-07-18,0.8334696142343212,total,S2_fb2p0
2022-07-19,0.8476908405205464,total,S2_fb2p0
2022-07-20,0.827837415251143,total,S2_fb2p0
2022-07-21,0.8198479139771209,total,S2_fb2p0
2022-07-22,0.8149557552140081,total,S2_fb2p0
2022-07-25,0.8236628920370699,total,S2_fb2p0
2022-07-26,0.8139326672046931,total,S2_fb2p0
2022-07-27,0.8200534077776681,total,S2_fb2p0
2022-07-28,0.8686046743171957,total,S2_fb2p0
2022-07-29,0.8758125158086053,total,S2_fb2p0
2022-08-01,0.8631614540057462,total,S2_fb2p0
2022-08-02,0.8494042719512296,total,S2_fb2p0
2022-08-03,0.8526540872927003,total,S2_fb2p0
2022-08-04,0.8466167098548508,total,S2_fb2p0
2022-08-05,0.8570310153596099,total,S2_fb2p0
2022-08-08,0.8955462634713035,total,S2_fb2p0
2022-08-09,0.8955060415052143,total,S2_fb2p0
2022-08-10,0.8994808966631694,total,S2_fb2p0
2022-08-11,0.9052940524452755,total,S2_fb2p0
2022-08-12,0.9268812225409381,total,S2_fb2p0
2022-08-15,0.8867094537514664,total,S2_fb2p0
2022-08-16,0.8493042453068285,total,S2_fb2p0
2022-08-17,0.8570616200190632,total,S2_fb2p0
2022-08-18,0.8488031892782676,total,S2_fb2p0
2022-08-19,0.8366750910566894,total,S2_fb2p0
2022-08-22,0.8156485611161676,total,S2_fb2p0
2022-08-23,0.8231767485071331,total,S2_fb2p0
2022-08-24,0.8346593093909467,total,S2_fb2p0
2022-08-25,0.8397924402180021,total,S2_fb2p0
2022-08-26,0.8301259106849921,total,S2_fb2p0
2022-08-29,0.8629357569256438,total,S2_fb2p0
2022-08-30,0.852231546349139,total,S2_fb2p0
2022-08-31,0.850219795753863,total,S2_fb2p0
2022-09-01,0.8441085437388177,total,S2_fb2p0
2022-09-02,0.8282944888450385,total,S2_fb2p0
2022-09-05,0.8972365800769683,total,S2_fb2p0
2022-09-06,0.9194836299039674,total,S2_fb2p0
2022-09-07,0.921360807254136,total,S2_fb2p0
2022-09-08,0.9321668648701091,total,S2_fb2p0
2022-09-09,0.9389066019794737,total,S2_fb2p0
2022-09-13,0.9423515677799764,total,S2_fb2p0
2022-09-14,0.9309520290612565,total,S2_fb2p0
2022-09-15,0.934833886431661,total,S2_fb2p0
2022-09-16,0.9351543869302748,total,S2_fb2p0
2022-09-19,0.9696250509787869,total,S2_fb2p0
2022-09-20,0.9551491691819936,total,S2_fb2p0
2022-09-21,0.9450042704457117,total,S2_fb2p0
2022-09-22,0.9586254862593105,total,S2_fb2p0
2022-09-23,0.9866036882080956,total,S2_fb2p0
2022-09-26,0.9310599191320649,total,S2_fb2p0
2022-09-27,0.9363938150613589,total,S2_fb2p0
2022-09-28,0.9376727348460575,total,S2_fb2p0
2022-09-29,0.9336870823117924,total,S2_fb2p0
2022-09-30,0.9385719795899611,total,S2_fb2p0
2022-10-10,1.0134542629657262,total,S2_fb2p0
2022-10-11,1.0138239464293861,total,S2_fb2p0
2022-10-12,0.9839054609044257,total,S2_fb2p0
2022-10-13,0.9852626065726827,total,S2_fb2p0
2022-10-14,0.9846161326208448,total,S2_fb2p0
2022-10-17,0.9106100941074117,total,S2_fb2p0
2022-10-18,0.891929397878457,total,S2_fb2p0
2022-10-19,0.8880975513904049,total,S2_fb2p0
2022-10-20,0.8924116727061331,total,S2_fb2p0
2022-10-21,0.9000559345982343,total,S2_fb2p0
2022-10-24,0.8903446688403668,total,S2_fb2p0
2022-10-25,0.875951973934791,total,S2_fb2p0
2022-10-26,0.8731902178881571,total,S2_fb2p0
2022-10-27,0.866694678041341,total,S2_fb2p0
2022-10-28,0.8655816577771848,total,S2_fb2p0
2022-10-31,0.8525395279412082,total,S2_fb2p0
2022-11-01,0.8471105524691495,total,S2_fb2p0
2022-11-02,0.8618482751693292,total,S2_fb2p0
2022-11-03,0.8713682492296817,total,S2_fb2p0
2022-11-04,0.8979543659378368,total,S2_fb2p0
2022-11-07,0.9676175927455494,total,S2_fb2p0
2022-11-08,0.9692740810518136,total,S2_fb2p0
2022-11-09,0.9794892501547655,total,S2_fb2p0
2022-11-10,0.9759727449468927,total,S2_fb2p0
2022-11-11,1.0103531843685396,total,S2_fb2p0
2022-11-14,1.0587703342323582,total,S2_fb2p0
2022-11-15,1.0583317580631086,total,S2_fb2p0
2022-11-16,1.0891752068694736,total,S2_fb2p0
2022-11-17,1.0700186718065263,total,S2_fb2p0
2022-11-18,0.905969831531817,total,S2_fb2p0
2022-11-21,1.075513534687462,total,S2_fb2p0
2022-11-22,1.0895830523348675,total,S2_fb2p0
2022-11-23,1.0772639663022796,total,S2_fb2p0
2022-11-24,1.0722171658073374,total,S2_fb2p0
2022-11-25,1.0776025656798773,total,S2_fb2p0
2022-11-28,0.9447870044403612,total,S2_fb2p0
2022-11-29,0.9864285025428519,total,S2_fb2p0
2022-11-30,0.9699958013047991,total,S2_fb2p0
2022-12-01,0.983817229774802,total,S2_fb2p0
2022-12-02,0.9797876772150513,total,S2_fb2p0
2022-12-05,1.155166831862361,total,S2_fb2p0
2022-12-06,1.158843169733654,total,S2_fb2p0
2022-12-07,1.181062953716861,total,S2_fb2p0
2022-12-08,1.1657553709471,total,S2_fb2p0
2022-12-09,1.2050205291612104,total,S2_fb2p0
2022-12-12,1.078155659049984,total,S2_fb2p0
2022-12-13,1.0857115145686922,total,S2_fb2p0
2022-12-14,1.0812189127785532,total,S2_fb2p0
2022-12-15,1.0806558576288874,total,S2_fb2p0
2022-12-16,1.0900266565105106,total,S2_fb2p0
2022-12-19,1.212225233235227,total,S2_fb2p0
2022-12-20,1.1986199710850116,total,S2_fb2p0
2022-12-21,1.2040163165982494,total,S2_fb2p0
2022-12-22,1.2045739299262452,total,S2_fb2p0
2022-12-23,1.1873112332794094,total,S2_fb2p0
2022-12-26,1.294043546592437,total,S2_fb2p0
2022-12-27,1.3168271774722529,total,S2_fb2p0
2022-12-28,1.3660141512038841,total,S2_fb2p0
2022-12-29,1.358598449917283,total,S2_fb2p0
2022-12-30,1.3671684100749804,total,S2_fb2p0
2023-01-03,1.1500839401217655,total,S2_fb2p0
2023-01-04,1.1424022167739933,total,S2_fb2p0
2023-01-05,1.124068882607375,total,S2_fb2p0
2023-01-06,1.1483776890376134,total,S2_fb2p0
2023-01-09,1.1541891235190815,total,S2_fb2p0
2023-01-10,1.1870362848928344,total,S2_fb2p0
2023-01-11,1.2057216236931438,total,S2_fb2p0
2023-01-12,1.1900327671335735,total,S2_fb2p0
2023-01-13,1.2066538702598675,total,S2_fb2p0
2023-01-16,1.4314849960039155,total,S2_fb2p0
2023-01-17,1.4612194376105514,total,S2_fb2p0
2023-01-18,1.4770810861761718,total,S2_fb2p0
2023-01-19,1.5264976879038485,total,S2_fb2p0
2023-01-20,1.5351979614186981,total,S2_fb2p0
2023-01-30,1.2080208999752424,total,S2_fb2p0
2023-01-31,1.1704611339771605,total,S2_fb2p0
2023-02-01,1.1743323906498877,total,S2_fb2p0
2023-02-02,1.1468956065732705,total,S2_fb2p0
2023-02-03,1.1226426303439214,total,S2_fb2p0
2023-02-06,1.0767193618954884,total,S2_fb2p0
2023-02-07,1.0764392072517204,total,S2_fb2p0
2023-02-08,1.0797701358323901,total,S2_fb2p0
2023-02-09,1.0782725012713947,total,S2_fb2p0
2023-02-10,1.0628532738436762,total,S2_fb2p0
2023-02-13,0.9992701964990686,total,S2_fb2p0
2023-02-14,0.9878663267145769,total,S2_fb2p0
2023-02-15,1.0016375165296256,total,S2_fb2p0
2023-02-16,1.0033395546476487,total,S2_fb2p0
2023-02-17,1.0155239405626972,total,S2_fb2p0
2023-02-20,1.0371241842232763,total,S2_fb2p0
2023-02-21,1.059000825975193,total,S2_fb2p0
2023-02-22,1.053197615879036,total,S2_fb2p0
2023-02-23,1.0460992947316947,total,S2_fb2p0
2023-02-24,1.0258527394368195,total,S2_fb2p0
2023-02-27,1.0194327537979266,total,S2_fb2p0
2023-02-28,1.0152575240117996,total,S2_fb2p0
2023-03-01,1.0266253012394366,total,S2_fb2p0
2023-03-02,1.0509083574813163,total,S2_fb2p0
2023-03-03,1.0625054176731428,total,S2_fb2p0
2023-03-06,1.0524365312246524,total,S2_fb2p0
2023-03-07,1.0534103798462626,total,S2_fb2p0
2023-03-08,1.0524420185497976,total,S2_fb2p0
2023-03-09,1.0457015966631193,total,S2_fb2p0
2023-03-10,1.0520763578088324,total,S2_fb2p0
2023-03-13,1.1362646241797671,total,S2_fb2p0
2023-03-14,1.1357051628311456,total,S2_fb2p0
2023-03-15,1.1432148317958777,total,S2_fb2p0
2023-03-16,1.0875216040869773,total,S2_fb2p0
2023-03-17,1.0720078621407971,total,S2_fb2p0
2023-03-20,1.1037794911428105,total,S2_fb2p0
2023-03-21,1.1024749848576771,total,S2_fb2p0
2023-03-22,1.1005536125969624,total,S2_fb2p0
2023-03-23,1.1341414498755749,total,S2_fb2p0
2023-03-24,1.1418243135007367,total,S2_fb2p0
2023-03-27,1.0959056716481574,total,S2_fb2p0
2023-03-28,1.1256556013294108,total,S2_fb2p0
2023-03-29,1.1420257616068106,total,S2_fb2p0
2023-03-30,1.1473526649715566,total,S2_fb2p0
2023-03-31,1.153009832136362,total,S2_fb2p0
2023-04-03,1.1727515921282914,total,S2_fb2p0
2023-04-04,1.146328208009632,total,S2_fb2p0
2023-04-06,1.16539876713756,total,S2_fb2p0
2023-04-07,1.1400757815151061,total,S2_fb2p0
2023-04-10,1.1296549961818363,total,S2_fb2p0
2023-04-11,1.1057658397436414,total,S2_fb2p0
2023-04-12,1.1048636366264126,total,S2_fb2p0
2023-04-13,1.1056665968229036,total,S2_fb2p0
2023-04-14,1.1292534941843324,total,S2_fb2p0
2023-04-17,1.1468774035591476,total,S2_fb2p0
2023-04-18,1.1616697571537846,total,S2_fb2p0
2023-04-19,1.1718710567373913,total,S2_fb2p0
2023-04-20,1.1664391452054423,total,S2_fb2p0
2023-04-21,1.1370169396042678,total,S2_fb2p0
2023-04-24,1.134328454746349,total,S2_fb2p0
2023-04-25,1.1503831901922188,total,S2_fb2p0
2023-04-26,1.1322240506244667,total,S2_fb2p0
2023-04-27,1.117188625876086,total,S2_fb2p0
2023-04-28,1.1019022699225784,total,S2_fb2p0
2023-05-04,1.0657700891638457,total,S2_fb2p0
2023-05-05,1.0406636053751857,total,S2_fb2p0
2023-05-08,1.0728834952129165,total,S2_fb2p0
2023-05-09,1.0793701773939872,total,S2_fb2p0
2023-05-10,1.0704905589603684,total,S2_fb2p0
2023-05-11,1.051932941038084,total,S2_fb2p0
2023-05-12,1.020233305982817,total,S2_fb2p0
2023-05-15,0.920464904042464,total,S2_fb2p0
2023-05-16,0.926898112494103,total,S2_fb2p0
2023-05-17,0.9354005722020446,total,S2_fb2p0
2023-05-18,0.9446116746824466,total,S2_fb2p0
2023-05-19,0.9194105289195711,total,S2_fb2p0
2023-05-22,0.8921928069910642,total,S2_fb2p0
2023-05-23,0.8611577767329218,total,S2_fb2p0
2023-05-24,0.8337178812897761,total,S2_fb2p0
2023-05-25,0.826929132534803,total,S2_fb2p0
2023-05-26,0.8422013291605849,total,S2_fb2p0
2023-05-29,0.8477650291167906,total,S2_fb2p0
2023-05-30,0.8446391922882213,total,S2_fb2p0
2023-05-31,0.8323100708204824,total,S2_fb2p0
2023-06-01,0.8467956794537667,total,S2_fb2p0
2023-06-02,0.8841696611696731,total,S2_fb2p0
2023-06-05,0.8549293773568467,total,S2_fb2p0
2023-06-06,0.8453583990491044,total,S2_fb2p0
2023-06-07,0.8311644891385923,total,S2_fb2p0
2023-06-08,0.8381173388425535,total,S2_fb2p0
2023-06-09,0.8396631486140637,total,S2_fb2p0
2023-06-12,0.84522141563123,total,S2_fb2p0
2023-06-13,0.8314858483633768,total,S2_fb2p0
2023-06-14,0.8528851337026281,total,S2_fb2p0
2023-06-15,0.864933199410035,total,S2_fb2p0
2023-06-16,0.8990238444771504,total,S2_fb2p0
2023-06-19,0.8306944719094241,total,S2_fb2p0
2023-06-20,0.8258045898239432,total,S2_fb2p0
2023-06-21,0.8175291760278919,total,S2_fb2p0
2023-06-26,0.7972604385990941,total,S2_fb2p0
2023-06-27,0.8155234838416546,total,S2_fb2p0
2023-06-28,0.8228638204339039,total,S2_fb2p0
2023-06-29,0.8270414582000719,total,S2_fb2p0
2023-06-30,0.8288711060170927,total,S2_fb2p0
2023-07-03,0.8554718463359808,total,S2_fb2p0
2023-07-04,0.8652334628793144,total,S2_fb2p0
2023-07-05,0.848695801292463,total,S2_fb2p0
2023-07-06,0.8453843160629354,total,S2_fb2p0
2023-07-07,0.8449019727439369,total,S2_fb2p0
2023-07-10,0.8657652708950447,total,S2_fb2p0
2023-07-11,0.8779368184064014,total,S2_fb2p0
2023-07-12,0.887191714503149,total,S2_fb2p0
2023-07-13,0.8943302829572223,total,S2_fb2p0
2023-07-14,0.9125231502651346,total,S2_fb2p0
2023-07-17,1.4317305040178174,total,S2_fb2p0
2023-07-18,1.4262990117386878,total,S2_fb2p0
2023-07-19,1.4281918928465267,total,S2_fb2p0
2023-07-20,1.445635591806516,total,S2_fb2p0
2023-07-21,1.4402914487529048,total,S2_fb2p0
2023-07-24,1.4655264358044227,total,S2_fb2p0
2023-07-25,1.5040255193511385,total,S2_fb2p0
2023-07-26,1.539507552471903,total,S2_fb2p0
2023-07-27,1.5151150296484543,total,S2_fb2p0
2023-07-28,1.5376914071740146,total,S2_fb2p0
2023-07-31,1.6023923436275609,total,S2_fb2p0
2023-08-01,1.5256320337106684,total,S2_fb2p0
2023-08-02,1.5216891281225178,total,S2_fb2p0
2023-08-03,1.536976445132401,total,S2_fb2p0
2023-08-04,1.5211685774415598,total,S2_fb2p0
2023-08-07,1.39205526468335,total,S2_fb2p0
2023-08-08,1.397498113902434,total,S2_fb2p0
2023-08-09,1.3936618435178032,total,S2_fb2p0
2023-08-10,1.3853237950614365,total,S2_fb2p0
2023-08-11,1.3758032708195254,total,S2_fb2p0
2023-08-14,1.4684645438576454,total,S2_fb2p0
2023-08-15,1.438233096867397,total,S2_fb2p0
2023-08-16,1.4544957768172149,total,S2_fb2p0
2023-08-17,1.4395656705481277,total,S2_fb2p0
2023-08-18,1.4380216033642952,total,S2_fb2p0
2023-08-21,1.4288487854619811,total,S2_fb2p0
2023-08-22,1.499011311569586,total,S2_fb2p0
2023-08-23,1.526544192309016,total,S2_fb2p0
2023-08-24,1.5352689117592628,total,S2_fb2p0
2023-08-25,1.537040116073118,total,S2_fb2p0
2023-08-28,1.5166848261822021,total,S2_fb2p0
2023-08-29,1.505095776759281,total,S2_fb2p0
2023-08-30,1.49723988589573,total,S2_fb2p0
2023-08-31,1.4920572884139371,total,S2_fb2p0
2023-09-01,1.5096737529910425,total,S2_fb2p0
2023-09-04,1.573322858446813,total,S2_fb2p0
2023-09-05,1.589199012111867,total,S2_fb2p0
2023-09-06,1.5655167209993506,total,S2_fb2p0
2023-09-07,1.5528012304625003,total,S2_fb2p0
2023-09-08,1.5633305919815506,total,S2_fb2p0
2023-09-11,1.5700628842213245,total,S2_fb2p0
2023-09-12,1.5844554345873292,total,S2_fb2p0
2023-09-13,1.5529251573296077,total,S2_fb2p0
2023-09-14,1.5533964985290065,total,S2_fb2p0
2023-09-15,1.5912067095405467,total,S2_fb2p0
2023-09-18,1.5513313352894198,total,S2_fb2p0
2023-09-19,1.5422571855778604,total,S2_fb2p0
2023-09-20,1.5651668076679417,total,S2_fb2p0
2023-09-21,1.5512736722611042,total,S2_fb2p0
2023-09-22,1.556989748340218,total,S2_fb2p0
2023-09-25,1.537547241531868,total,S2_fb2p0
2023-09-26,1.5219532894639114,total,S2_fb2p0
2023-09-27,1.5166490139547888,total,S2_fb2p0
2023-09-28,1.4998014141396465,total,S2_fb2p0
2023-10-09,1.491195734944828,total,S2_fb2p0
2023-10-10,1.509884943684473,total,S2_fb2p0
2023-10-11,1.5185836688415666,total,S2_fb2p0
2023-10-12,1.5234220987790978,total,S2_fb2p0
2023-10-13,1.5228259461791231,total,S2_fb2p0
2023-10-16,1.5194265661286237,total,S2_fb2p0
2023-10-17,1.5476811572601317,total,S2_fb2p0
2023-10-18,1.5174687869244636,total,S2_fb2p0
2023-10-19,1.511589633202691,total,S2_fb2p0
2023-10-20,1.5055941709318161,total,S2_fb2p0
2023-10-23,1.4899995073221182,total,S2_fb2p0
2023-10-24,1.499898879521083,total,S2_fb2p0
2023-10-25,1.4879720674675239,total,S2_fb2p0
2023-10-26,1.4976741566041736,total,S2_fb2p0
2023-10-27,1.520051100578727,total,S2_fb2p0
2023-10-30,1.5247908809125943,total,S2_fb2p0
2023-10-31,1.5139101317958967,total,S2_fb2p0
2023-11-01,1.51577515304621,total,S2_fb2p0
2023-11-02,1.49936798250422,total,S2_fb2p0
2023-11-03,1.5136855573713703,total,S2_fb2p0
2023-11-06,1.4832047032290858,total,S2_fb2p0
2023-11-07,1.4691666153846588,total,S2_fb2p0
2023-11-08,1.4610586812749082,total,S2_fb2p0
2023-11-09,1.4507263650860733,total,S2_fb2p0
2023-11-10,1.4608724053518358,total,S2_fb2p0
2023-11-13,1.5245529712278822,total,S2_fb2p0
2023-11-14,1.5495503768722156,total,S2_fb2p0
2023-11-15,1.5283739254457591,total,S2_fb2p0
2023-11-16,1.5240165288781506,total,S2_fb2p0
2023-11-17,1.5171894741171177,total,S2_fb2p0
2023-11-20,1.502893840238488,total,S2_fb2p0
2023-11-21,1.5007656774454474,total,S2_fb2p0
2023-11-22,1.5240816046048025,total,S2_fb2p0
2023-11-23,1.5478321609181707,total,S2_fb2p0
2023-11-24,1.549958300520508,total,S2_fb2p0
2023-11-27,1.525305367984039,total,S2_fb2p0
2023-11-28,1.5156965469922683,total,S2_fb2p0
2023-11-29,1.524530275940048,total,S2_fb2p0
2023-11-30,1.5250512960179452,total,S2_fb2p0
2023-12-01,1.4896363258685252,total,S2_fb2p0
2023-12-04,1.4702683141720763,total,S2_fb2p0
2023-12-05,1.4663723602447163,total,S2_fb2p0
2023-12-06,1.4696426370659965,total,S2_fb2p0
2023-12-07,1.4364957720037266,total,S2_fb2p0
2023-12-08,1.451267678858644,total,S2_fb2p0
2023-12-11,1.4666096102217165,total,S2_fb2p0
2023-12-12,1.462172587967773,total,S2_fb2p0
2023-12-13,1.4638514750501304,total,S2_fb2p0
2023-12-14,1.4641151805404837,total,S2_fb2p0
2023-12-15,1.4528411440160278,total,S2_fb2p0
2023-12-18,1.5037386541966806,total,S2_fb2p0
2023-12-19,1.4853854421814734,total,S2_fb2p0
2023-12-20,1.4732224302386336,total,S2_fb2p0
2023-12-21,1.5168694880258633,total,S2_fb2p0
2023-12-22,1.480694214863955,total,S2_fb2p0
2023-12-25,1.5037127676850595,total,S2_fb2p0
2023-12-26,1.4998915997039874,total,S2_fb2p0
2023-12-27,1.4824777723484897,total,S2_fb2p0
2023-12-28,1.4580716598743637,total,S2_fb2p0
2023-12-29,1.4487303600661094,total,S2_fb2p0
2024-01-02,1.501285714970356,total,S2_fb2p0
2024-01-03,1.5218028829294523,total,S2_fb2p0
2024-01-04,1.5365779491220066,total,S2_fb2p0
2024-01-05,1.5156299621780707,total,S2_fb2p0
2024-01-08,1.5455513106055385,total,S2_fb2p0
2024-01-09,1.5342173131643042,total,S2_fb2p0
2024-01-10,1.5208551943409347,total,S2_fb2p0
2024-01-11,1.5282899216037023,total,S2_fb2p0
2024-01-12,1.5397576721790582,total,S2_fb2p0
2024-01-15,1.5542213362349115,total,S2_fb2p0
2024-01-16,1.56870521251901,total,S2_fb2p0
2024-01-17,1.5370239792153275,total,S2_fb2p0
2024-01-18,1.5379480448771532,total,S2_fb2p0
2024-01-19,1.5495849537271829,total,S2_fb2p0
2024-01-22,1.5341414466887202,total,S2_fb2p0
2024-01-23,1.542228781692242,total,S2_fb2p0
2024-01-24,1.5348677362706,total,S2_fb2p0
2024-01-25,1.548775611870452,total,S2_fb2p0
2024-01-26,1.5405040764019036,total,S2_fb2p0
2024-01-29,1.529440779730365,total,S2_fb2p0
2024-01-30,1.5017782760195701,total,S2_fb2p0
2024-01-31,1.4768143689332935,total,S2_fb2p0
2024-02-01,1.475598880068808,total,S2_fb2p0
2024-02-02,1.4535340427555226,total,S2_fb2p0
2024-02-05,1.462833836607756,total,S2_fb2p0
2024-02-06,1.466363922345141,total,S2_fb2p0
2024-02-07,1.4450353378443446,total,S2_fb2p0
2024-02-08,1.460551779209998,total,S2_fb2p0
2024-02-19,1.477900744385918,total,S2_fb2p0
2024-02-20,1.4883939730769362,total,S2_fb2p0
2024-02-21,1.5435767531787898,total,S2_fb2p0
2024-02-22,1.5561646464436156,total,S2_fb2p0
2024-02-23,1.5687268781387314,total,S2_fb2p0
2024-02-26,1.5560008468607491,total,S2_fb2p0
2024-02-27,1.564140422191605,total,S2_fb2p0
2024-02-28,1.5739019016192692,total,S2_fb2p0
2024-02-29,1.5454492644692348,total,S2_fb2p0
2024-03-01,1.5560811524963185,total,S2_fb2p0
2024-03-04,1.518957397952263,total,S2_fb2p0
2024-03-05,1.5041181101669892,total,S2_fb2p0
2024-03-06,1.488535245923429,total,S2_fb2p0
2024-03-07,1.4979888281519333,total,S2_fb2p0
2024-03-08,1.495341729751959,total,S2_fb2p0
2024-03-11,1.4582949502658884,total,S2_fb2p0
2024-03-12,1.4654052992365292,total,S2_fb2p0
2024-03-13,1.4605369308180787,total,S2_fb2p0
2024-03-14,1.427820089037007,total,S2_fb2p0
2024-03-15,1.3949970689822149,total,S2_fb2p0
2024-03-18,1.4229834460762345,total,S2_fb2p0
2024-03-19,1.4592992323173808,total,S2_fb2p0
2024-03-20,1.5309825753802244,total,S2_fb2p0
2024-03-21,1.5214866873483703,total,S2_fb2p0
2024-03-22,1.534857863135248,total,S2_fb2p0
2024-03-25,1.5379985641026397,total,S2_fb2p0
2024-03-26,1.5034287017189654,total,S2_fb2p0
2024-03-27,1.4875477403234119,total,S2_fb2p0
2024-03-28,1.461170537913468,total,S2_fb2p0
2024-03-29,1.4250696484613774,total,S2_fb2p0
2024-04-01,1.4431264652088602,total,S2_fb2p0
2024-04-02,1.4593191517383612,total,S2_fb2p0
2024-04-03,1.4423057464636684,total,S2_fb2p0
2024-04-08,1.434592830253324,total,S2_fb2p0
2024-04-09,1.4997010765560412,total,S2_fb2p0
2024-04-10,1.5047501865155815,total,S2_fb2p0
2024-04-11,1.5034061583586666,total,S2_fb2p0
2024-04-12,1.4979948464737716,total,S2_fb2p0
2024-04-15,1.4805510490615923,total,S2_fb2p0
2024-04-16,1.5143026218732663,total,S2_fb2p0
2024-04-17,1.5321094422433825,total,S2_fb2p0
2024-04-18,1.5584130602281736,total,S2_fb2p0
2024-04-19,1.542317434176649,total,S2_fb2p0
2024-04-22,1.5048567338841472,total,S2_fb2p0
2024-04-23,1.497415439024425,total,S2_fb2p0
2024-04-24,1.5200975175318523,total,S2_fb2p0
2024-04-25,1.4974700144622248,total,S2_fb2p0
2024-04-26,1.4931608407517436,total,S2_fb2p0
2024-04-29,1.5204817476289811,total,S2_fb2p0
2024-04-30,1.5180757684820572,total,S2_fb2p0
2024-05-06,1.5197293949912385,total,S2_fb2p0
2024-05-07,1.4972290660431409,total,S2_fb2p0
2024-05-08,1.5055057724610603,total,S2_fb2p0
2024-05-09,1.4908917861477475,total,S2_fb2p0
2024-05-10,1.4931054355288846,total,S2_fb2p0
2024-05-13,1.5058814978161972,total,S2_fb2p0
2024-05-14,1.4872443533471156,total,S2_fb2p0
2024-05-15,1.4859382150917053,total,S2_fb2p0
2024-05-16,1.497496963046167,total,S2_fb2p0
2024-05-17,1.515449121139659,total,S2_fb2p0
2024-05-20,1.536607979974711,total,S2_fb2p0
2024-05-21,1.5399847485870153,total,S2_fb2p0
2024-05-22,1.554272021640869,total,S2_fb2p0
2024-05-23,1.5748815988841482,total,S2_fb2p0
2024-05-24,1.5805835937820107,total,S2_fb2p0
2024-05-27,1.5017554572043859,total,S2_fb2p0
2024-05-28,1.4759270682606127,total,S2_fb2p0
2024-05-29,1.4607988529753826,total,S2_fb2p0
2024-05-30,1.4468502956733007,total,S2_fb2p0
2024-05-31,1.4540321977312558,total,S2_fb2p0
2024-06-03,1.5185641603558164,total,S2_fb2p0
2024-06-04,1.4934730519122996,total,S2_fb2p0
2024-06-05,1.4664472789657848,total,S2_fb2p0
2024-06-06,1.475430759067619,total,S2_fb2p0
2024-06-07,1.478302595049157,total,S2_fb2p0
2024-06-11,1.5620456098738078,total,S2_fb2p0
2024-06-12,1.5929498920808156,total,S2_fb2p0
2024-06-13,1.5477988154598392,total,S2_fb2p0
2024-06-14,1.5316330023858216,total,S2_fb2p0
2024-06-17,1.5383045519054128,total,S2_fb2p0
2024-06-18,1.4935018388637655,total,S2_fb2p0
2024-06-19,1.487404545607011,total,S2_fb2p0
2024-06-20,1.485062965926354,total,S2_fb2p0
2024-06-21,1.4928211530937425,total,S2_fb2p0
2024-06-24,1.4788105456145642,total,S2_fb2p0
2024-06-25,1.4589348857024071,total,S2_fb2p0
2024-06-26,1.4637054358285349,total,S2_fb2p0
2024-06-27,1.458429488630879,total,S2_fb2p0
2024-06-28,1.4491942530582416,total,S2_fb2p0
2024-07-01,1.4962134941485947,total,S2_fb2p0
2024-07-02,1.4915679388020273,total,S2_fb2p0
2024-07-03,1.4736701732474098,total,S2_fb2p0
2024-07-04,1.5003009581995752,total,S2_fb2p0
2024-07-05,1.5029552541884268,total,S2_fb2p0
2024-07-08,1.5229604879875576,total,S2_fb2p0
2024-07-09,1.5069461934753483,total,S2_fb2p0
2024-07-10,1.5140092859579688,total,S2_fb2p0
2024-07-11,1.520194444306267,total,S2_fb2p0
2024-07-12,1.5404461735446002,total,S2_fb2p0
2024-07-15,1.590976218029199,total,S2_fb2p0
2024-07-16,1.5786705469453555,total,S2_fb2p0
2024-07-17,1.5532573558997762,total,S2_fb2p0
2024-07-18,1.5462281115318885,total,S2_fb2p0
2024-07-19,1.5600169052164437,total,S2_fb2p0
2024-07-22,1.5107003748345302,total,S2_fb2p0
2024-07-23,1.4964571989626372,total,S2_fb2p0
2024-07-24,1.4714530845996399,total,S2_fb2p0
2024-07-25,1.4431488647456538,total,S2_fb2p0
2024-07-26,1.447953489707562,total,S2_fb2p0
2024-07-29,1.4622479795668133,total,S2_fb2p0
2024-07-30,1.4678233754027383,total,S2_fb2p0
2024-07-31,1.4505154364851873,total,S2_fb2p0
2024-08-01,1.4444511288470234,total,S2_fb2p0
2024-08-02,1.44129228831526,total,S2_fb2p0
2024-08-05,1.4910420414337662,total,S2_fb2p0
2024-08-06,1.4858276528032806,total,S2_fb2p0
2024-08-07,1.4505805849249853,total,S2_fb2p0
2024-08-08,1.4594901806737408,total,S2_fb2p0
2024-08-09,1.471949877339373,total,S2_fb2p0
2024-08-12,1.4321754770310369,total,S2_fb2p0
2024-08-13,1.400282901608184,total,S2_fb2p0
2024-08-14,1.3456457241271047,total,S2_fb2p0
2024-08-15,1.3487847208136128,total,S2_fb2p0
2024-08-16,1.3676337471766777,total,S2_fb2p0
2024-08-19,1.40982558176612,total,S2_fb2p0
2024-08-20,1.4238267849933541,total,S2_fb2p0
2024-08-21,1.5422380256530037,total,S2_fb2p0
2024-08-22,1.521277623857087,total,S2_fb2p0
2024-08-23,1.4802746445189234,total,S2_fb2p0
2024-08-26,1.5248430379811353,total,S2_fb2p0
2024-08-27,1.5646136082331323,total,S2_fb2p0
2024-08-28,1.5418044100377186,total,S2_fb2p0
2024-08-29,1.558103113794959,total,S2_fb2p0
2024-08-30,1.5493004784083817,total,S2_fb2p0
2024-09-02,1.4683601389588916,total,S2_fb2p0
2024-09-03,1.4367981528199398,total,S2_fb2p0
2024-09-04,1.424168880853937,total,S2_fb2p0
2024-09-05,1.4193136705381202,total,S2_fb2p0
2024-09-06,1.3817061810215632,total,S2_fb2p0
2024-09-09,1.4139437313650178,total,S2_fb2p0
2024-09-10,1.3948182085489698,total,S2_fb2p0
2024-09-11,1.376147906884544,total,S2_fb2p0
2024-09-12,1.3819031072997967,total,S2_fb2p0
2024-09-13,1.3668361258580775,total,S2_fb2p0
2024-09-18,1.3637189594383314,total,S2_fb2p0
2024-09-19,1.3625354911618122,total,S2_fb2p0
2024-09-20,1.4340363296000587,total,S2_fb2p0
2024-09-23,1.4660839909977064,total,S2_fb2p0
2024-09-24,1.4874317501329573,total,S2_fb2p0
2024-09-25,1.4934041617964013,total,S2_fb2p0
2024-09-26,1.4978518421200064,total,S2_fb2p0
2024-09-27,1.5735076255802798,total,S2_fb2p0
2024-09-30,1.6525893740283166,total,S2_fb2p0
2024-10-08,1.4354738141130827,total,S2_fb2p0
2024-10-09,1.400439095871084,total,S2_fb2p0
2024-10-10,1.3832550886373656,total,S2_fb2p0
2024-10-11,1.3565534250326443,total,S2_fb2p0
2024-10-14,1.3664993058495858,total,S2_fb2p0
2024-10-15,1.3873878739023773,total,S2_fb2p0
2024-10-16,1.3918331222602618,total,S2_fb2p0
2024-10-17,1.346838582948062,total,S2_fb2p0
2024-10-18,1.3214354419951038,total,S2_fb2p0
2024-10-21,1.350485478600311,total,S2_fb2p0
2024-10-22,1.3477311553486222,total,S2_fb2p0
2024-10-23,1.3522475678621517,total,S2_fb2p0
2024-10-24,1.3596524273991228,total,S2_fb2p0
2024-10-25,1.3845700481641983,total,S2_fb2p0
2024-10-28,1.5052757853711443,total,S2_fb2p0
2024-10-29,1.5098192894335303,total,S2_fb2p0
2024-10-30,1.514858343243443,total,S2_fb2p0
2024-10-31,1.5199544164485514,total,S2_fb2p0
2024-11-01,1.4778096290651694,total,S2_fb2p0
2024-11-04,1.4704517490789093,total,S2_fb2p0
2024-11-05,1.4610739393122365,total,S2_fb2p0
2024-11-06,1.442571226732509,total,S2_fb2p0
2024-11-07,1.4147681381145436,total,S2_fb2p0
2024-11-08,1.3669674711728936,total,S2_fb2p0
2024-11-11,1.4347937870643257,total,S2_fb2p0
2024-11-12,1.4298926354177344,total,S2_fb2p0
2024-11-13,1.484696095583268,total,S2_fb2p0
2024-11-14,1.494996335030441,total,S2_fb2p0
2024-11-15,1.449382277940253,total,S2_fb2p0
2024-11-18,1.395402360642579,total,S2_fb2p0
2024-11-19,1.371015321154315,total,S2_fb2p0
2024-11-20,1.3608410753416313,total,S2_fb2p0
2024-11-21,1.3659897031432524,total,S2_fb2p0
2024-11-22,1.3756715297761155,total,S2_fb2p0
2024-11-25,1.398964763022791,total,S2_fb2p0
2024-11-26,1.3869522254439042,total,S2_fb2p0
2024-11-27,1.3834669949201797,total,S2_fb2p0
2024-11-28,1.3728619590805873,total,S2_fb2p0
2024-11-29,1.3908873526467274,total,S2_fb2p0
2024-12-02,1.3945186986829232,total,S2_fb2p0
2024-12-03,1.395036308244657,total,S2_fb2p0
2024-12-04,1.3458365301537436,total,S2_fb2p0
2024-12-05,1.313470426358207,total,S2_fb2p0
2024-12-06,1.3181520251482124,total,S2_fb2p0
2024-12-09,1.4060228272999802,total,S2_fb2p0
2024-12-10,1.416295768948809,total,S2_fb2p0
2024-12-11,1.4265812703938365,total,S2_fb2p0
2024-12-12,1.4245926873641324,total,S2_fb2p0
2024-12-13,1.4675906767415952,total,S2_fb2p0
2024-12-16,1.4964437563653579,total,S2_fb2p0
2024-12-17,1.5385574099864823,total,S2_fb2p0
2024-12-18,1.5726910154784763,total,S2_fb2p0
2024-12-19,1.5624472558902234,total,S2_fb2p0
2024-12-20,1.5216285761762551,total,S2_fb2p0
2024-12-23,1.499267070543373,total,S2_fb2p0
2024-12-24,1.5142859940875095,total,S2_fb2p0
2024-12-25,1.5312136042211086,total,S2_fb2p0
2024-12-26,1.5465648333740911,total,S2_fb2p0
2024-12-27,1.5140398881625288,total,S2_fb2p0
2024-12-30,1.5186849866139673,total,S2_fb2p0
2024-12-31,1.4996506694698022,total,S2_fb2p0
2025-01-02,1.4818542244050301,total,S2_fb2p0
2025-01-03,1.4694097727787336,total,S2_fb2p0
2025-01-06,1.4993395696628216,total,S2_fb2p0
2025-01-07,1.5033340704957974,total,S2_fb2p0
2025-01-08,1.4691249635308263,total,S2_fb2p0
2025-01-09,1.4770594666802375,total,S2_fb2p0
2025-01-10,1.4812019929656217,total,S2_fb2p0
2025-01-13,1.3562571074870913,total,S2_fb2p0
2025-01-14,1.3678712570984954,total,S2_fb2p0
2025-01-15,1.4209305742595262,total,S2_fb2p0
2025-01-16,1.4249246042539876,total,S2_fb2p0
2025-01-17,1.4636712530146827,total,S2_fb2p0
2025-01-20,1.4668929196071883,total,S2_fb2p0
2025-01-21,1.4659480654571055,total,S2_fb2p0
2025-01-22,1.4530853775772332,total,S2_fb2p0
2025-01-23,1.4824410083166655,total,S2_fb2p0
2025-01-24,1.485793603780827,total,S2_fb2p0
2025-01-27,1.5309204381535706,total,S2_fb2p0
2025-02-05,1.4658894026389533,total,S2_fb2p0
2025-02-06,1.4549322758360705,total,S2_fb2p0
2025-02-07,1.453150418516231,total,S2_fb2p0
2025-02-10,1.490146200861911,total,S2_fb2p0
2025-02-11,1.4760807523141188,total,S2_fb2p0
2025-02-12,1.467140805329026,total,S2_fb2p0
2025-02-13,1.4749813698270486,total,S2_fb2p0
2025-02-14,1.4759949533406773,total,S2_fb2p0
2025-02-17,1.4864490244799595,total,S2_fb2p0
2025-02-18,1.5589948338287662,total,S2_fb2p0
2025-02-19,1.5614442277730947,total,S2_fb2p0
2025-02-20,1.5641922026085207,total,S2_fb2p0
2025-02-21,1.5471197716900293,total,S2_fb2p0
2025-02-24,1.5657946329515355,total,S2_fb2p0
2025-02-25,1.5387853959869962,total,S2_fb2p0
2025-02-26,1.52792376658975,total,S2_fb2p0
2025-02-27,1.5417764254635415,total,S2_fb2p0
2025-02-28,1.5163697427118832,total,S2_fb2p0
2025-03-03,1.513126977914173,total,S2_fb2p0
2025-03-04,1.5013741118435435,total,S2_fb2p0
2025-03-05,1.4966207640474873,total,S2_fb2p0
2025-03-06,1.4842739937224578,total,S2_fb2p0
2025-03-07,1.4932964300630411,total,S2_fb2p0
2025-03-10,1.4787477434996736,total,S2_fb2p0
2025-03-11,1.4965141226006695,total,S2_fb2p0
2025-03-12,1.471543280414272,total,S2_fb2p0
2025-03-13,1.4805810413783058,total,S2_fb2p0
2025-03-14,1.546956920793835,total,S2_fb2p0
2025-03-17,1.574323818547701,total,S2_fb2p0
2025-03-18,1.535207724043797,total,S2_fb2p0
2025-03-19,1.5358031343304606,total,S2_fb2p0
2025-03-20,1.5065819637207183,total,S2_fb2p0
2025-03-21,1.513143059497544,total,S2_fb2p0
2025-03-24,1.5506532391535541,total,S2_fb2p0
2025-03-25,1.5686006674140838,total,S2_fb2p0
2025-03-26,1.555974009898868,total,S2_fb2p0
2025-03-27,1.5360098709245134,total,S2_fb2p0
2025-03-28,1.538581315755157,total,S2_fb2p0
2025-03-31,1.5291750208743116,total,S2_fb2p0
2025-04-01,1.5445164822542405,total,S2_fb2p0
2025-04-02,1.544784522582358,total,S2_fb2p0
2025-04-03,1.5078135525543785,total,S2_fb2p0
2025-04-07,1.4957390230876988,total,S2_fb2p0
2025-04-08,1.4918845345638003,total,S2_fb2p0
2025-04-09,1.498351552712003,total,S2_fb2p0
2025-04-10,1.5246398268676005,total,S2_fb2p0
2025-04-11,1.5156705330365894,total,S2_fb2p0
2025-04-14,1.2356530507713703,total,S2_fb2p0
2025-04-15,1.2557701190172739,total,S2_fb2p0
2025-04-16,1.2279918280552171,total,S2_fb2p0
2025-04-17,1.2465226854775262,total,S2_fb2p0
2025-04-18,1.2369030351956123,total,S2_fb2p0
2025-04-21,1.2773918922232632,total,S2_fb2p0
2025-04-22,1.263752199685824,total,S2_fb2p0
2025-04-23,1.2908460486152074,total,S2_fb2p0
2025-04-24,1.3057833944147008,total,S2_fb2p0
2025-04-25,1.2938077136971526,total,S2_fb2p0
2025-04-28,1.1399063748511193,total,S2_fb2p0
2025-04-29,1.1157058396018462,total,S2_fb2p0
2025-04-30,1.101800739048153,total,S2_fb2p0
2025-05-06,1.1392718024413213,total,S2_fb2p0
2025-05-07,1.1485046900522904,total,S2_fb2p0
2025-05-08,1.123616832218374,total,S2_fb2p0
2025-05-09,1.125675411840854,total,S2_fb2p0
2025-05-12,1.1127094169749494,total,S2_fb2p0
2025-05-13,1.1465314357503062,total,S2_fb2p0
2025-05-14,1.1715801213448533,total,S2_fb2p0
2025-05-15,1.1856718789098977,total,S2_fb2p0
2025-05-16,1.1161063569772316,total,S2_fb2p0
2025-05-19,1.032061662793314,total,S2_fb2p0
2025-05-20,1.026104283114964,total,S2_fb2p0
2025-05-21,1.0267737581613252,total,S2_fb2p0
2025-05-22,1.0242064807028757,total,S2_fb2p0
2025-05-23,1.0141675843439595,total,S2_fb2p0
2025-05-26,0.9974766220667561,total,S2_fb2p0
2025-05-27,0.9915971019642833,total,S2_fb2p0
2025-05-28,0.984504504643798,total,S2_fb2p0
2025-05-29,0.9798384726049968,total,S2_fb2p0
2025-05-30,0.9689131785710424,total,S2_fb2p0
2025-06-03,1.0555608154627203,total,S2_fb2p0
2025-06-04,1.0717676265026006,total,S2_fb2p0
2025-06-05,1.0758716861574928,total,S2_fb2p0
2025-06-06,1.0901968815049317,total,S2_fb2p0
2025-06-09,1.121728509388701,total,S2_fb2p0
2025-06-10,1.125162075812429,total,S2_fb2p0
2025-06-11,1.1442893654035018,total,S2_fb2p0
2025-06-12,1.146481827414406,total,S2_fb2p0
2025-06-13,1.1391128849326573,total,S2_fb2p0
2025-06-16,1.0998252339482784,total,S2_fb2p0
2025-06-17,1.0945420617783361,total,S2_fb2p0
2025-06-18,1.1115567004783422,total,S2_fb2p0
2025-06-19,1.1136735640296451,total,S2_fb2p0
2025-06-20,1.1160947321448544,total,S2_fb2p0
2025-06-23,1.2565443407295034,total,S2_fb2p0
2025-06-24,1.3024044032052027,total,S2_fb2p0
2025-06-25,1.3122498122478785,total,S2_fb2p0
2025-06-26,1.3249980315581649,total,S2_fb2p0
2025-06-27,1.3494868151904686,total,S2_fb2p0
2025-06-30,1.325682319778262,total,S2_fb2p0
2025-07-01,1.301997677993898,total,S2_fb2p0
2025-07-02,1.329336082897158,total,S2_fb2p0
2025-07-03,1.3499839503321802,total,S2_fb2p0
2025-07-04,1.3420770198550243,total,S2_fb2p0
2025-07-07,1.3148516571226774,total,S2_fb2p0
2025-07-08,1.308198999477355,total,S2_fb2p0
2025-07-09,1.3099345124448634,total,S2_fb2p0
2025-07-10,1.3614949788211221,total,S2_fb2p0
2025-07-11,1.3906559154355607,total,S2_fb2p0
2025-07-14,1.4519994732835482,total,S2_fb2p0
2025-07-15,1.4371017989139079,total,S2_fb2p0
2025-07-16,1.4212788767323814,total,S2_fb2p0
2025-07-17,1.4274478044460823,total,S2_fb2p0
2025-07-18,1.4660472418449757,total,S2_fb2p0
2025-07-21,1.5156675133662316,total,S2_fb2p0
2025-07-22,1.5803332656304423,total,S2_fb2p0
2025-07-23,1.5794907636415345,total,S2_fb2p0
2025-07-24,1.6114381900441832,total,S2_fb2p0
2025-07-25,1.634618609569217,total,S2_fb2p0
2025-07-28,1.5204366658468726,total,S2_fb2p0
2025-07-29,1.506523740638587,total,S2_fb2p0
2025-07-30,1.528495424419275,total,S2_fb2p0
2025-07-31,1.4500883536262343,total,S2_fb2p0
2025-08-01,1.426093681630698,total,S2_fb2p0
2025-08-04,1.3385806909078566,total,S2_fb2p0
2025-08-05,1.3146954749700688,total,S2_fb2p0
2025-08-06,1.3113578660450003,total,S2_fb2p0
2025-08-07,1.306111988534676,total,S2_fb2p0
2025-08-08,1.2958600258806734,total,S2_fb2p0
2025-08-11,1.3851936323398875,total,S2_fb2p0
2025-08-12,1.3873550141081226,total,S2_fb2p0
2025-08-13,1.3802102138759311,total,S2_fb2p0
2025-08-14,1.4039016622809237,total,S2_fb2p0
2025-08-15,1.386764485778581,total,S2_fb2p0
2025-08-18,1.4282788158233217,total,S2_fb2p0
2025-08-19,1.4127375694495399,total,S2_fb2p0
2025-08-20,1.4648041335869693,total,S2_fb2p0
2025-08-21,1.452203010199982,total,S2_fb2p0
2025-08-22,1.4451523977123046,total,S2_fb2p0
2025-08-25,1.464095946311939,total,S2_fb2p0
2025-08-26,1.4527694576198282,total,S2_fb2p0
2025-08-27,1.4362240120613683,total,S2_fb2p0
2025-08-28,1.4544359189005882,total,S2_fb2p0
2025-08-29,1.4529848985037914,total,S2_fb2p0
2025-09-01,1.442765079880455,total,S2_fb2p0
2025-09-02,1.4588400644532198,total,S2_fb2p0
2025-09-03,1.4544477659195263,total,S2_fb2p0
2025-09-04,1.4642066477328115,total,S2_fb2p0
2025-09-05,1.487968984860323,total,S2_fb2p0
2025-09-08,1.5418550360861851,total,S2_fb2p0
2025-09-09,1.5425123317959455,total,S2_fb2p0
2025-09-10,1.5372429060141892,total,S2_fb2p0
2025-09-11,1.533664557112623,total,S2_fb2p0
2025-09-12,1.5152267128543544,total,S2_fb2p0
2025-09-15,1.5679692822842777,total,S2_fb2p0
2025-09-16,1.5757572576155787,total,S2_fb2p0
2025-09-17,1.5345147563284287,total,S2_fb2p0
2025-09-18,1.5426214944247538,total,S2_fb2p0
2025-09-19,1.5499062408456632,total,S2_fb2p0
2025-09-22,1.566025114220099,total,S2_fb2p0
2025-09-23,1.5719918256606638,total,S2_fb2p0
2025-09-24,1.5592814224939329,total,S2_fb2p0
2025-09-25,1.5549223702821664,total,S2_fb2p0
2025-09-26,1.5273638496175521,total,S2_fb2p0
2025-09-29,1.4313758489665889,total,S2_fb2p0
2025-09-30,1.4065999339427762,total,S2_fb2p0
2025-10-09,1.381981900192516,total,S2_fb2p0
2025-10-10,1.3850967177470026,total,S2_fb2p0
2025-10-13,1.4977768275432508,total,S2_fb2p0
2025-10-14,1.4867845847535746,total,S2_fb2p0
2025-10-15,1.4949537064952017,total,S2_fb2p0
2025-10-16,1.4811584970369125,total,S2_fb2p0
2025-10-17,1.4783052671503971,total,S2_fb2p0
2025-10-20,1.5252298594373308,total,S2_fb2p0
2025-10-21,1.535732979363844,total,S2_fb2p0
2025-10-22,1.544666006829616,total,S2_fb2p0
2025-10-23,1.5690262985540335,total,S2_fb2p0
2025-10-24,1.5632499435129217,total,S2_fb2p0
2025-10-27,1.5687330734994926,total,S2_fb2p0
2025-10-28,1.5538942477259594,total,S2_fb2p0
2025-10-29,1.543071066778978,total,S2_fb2p0
2025-10-30,1.5378533494805662,total,S2_fb2p0
2025-10-31,1.523595333917347,total,S2_fb2p0
2025-11-03,1.4612268495888896,total,S2_fb2p0
2025-11-04,1.446256388845034,total,S2_fb2p0
2025-11-05,1.4324308333962792,total,S2_fb2p0
2025-11-06,1.435131707784066,total,S2_fb2p0
2025-11-07,1.437725476452417,total,S2_fb2p0
2025-11-10,1.4406610697390705,total,S2_fb2p0
2025-11-11,1.422840436039773,total,S2_fb2p0
2025-11-12,1.4103322444682853,total,S2_fb2p0
2025-11-13,1.39429981701173,total,S2_fb2p0
2025-11-14,1.3893759522068792,total,S2_fb2p0
2025-11-17,1.5020201886121987,total,S2_fb2p0
2025-11-18,1.517194299035721,total,S2_fb2p0
2025-11-19,1.5112201869348227,total,S2_fb2p0
2025-11-20,1.4697517117796155,total,S2_fb2p0
2025-11-21,1.4726695984273317,total,S2_fb2p0
2025-11-24,1.4061124909450624,total,S2_fb2p0
2025-11-25,1.4622070944354881,total,S2_fb2p0
2025-11-26,1.4847497329727943,total,S2_fb2p0
2025-11-27,1.5115673129900375,total,S2_fb2p0
2025-11-28,1.5247829058862516,total,S2_fb2p0
2025-12-01,1.5296776936836005,total,S2_fb2p0
2025-12-02,1.5364009236644773,total,S2_fb2p0
2025-12-03,1.5146419273568204,total,S2_fb2p0
2025-12-04,1.5530410979693736,total,S2_fb2p0
2025-12-05,1.5251144616674237,total,S2_fb2p0
2025-12-08,1.4726943616865076,total,S2_fb2p0
2025-12-09,1.4432152417021071,total,S2_fb2p0
2025-12-10,1.449604480886732,total,S2_fb2p0
2025-12-11,1.4122692032313713,total,S2_fb2p0
2025-12-12,1.3601642977935195,total,S2_fb2p0
2025-12-15,1.4982162493970825,total,S2_fb2p0
2025-12-16,1.5221279840932274,total,S2_fb2p0
2025-12-17,1.51136063716953,total,S2_fb2p0
2025-12-18,1.5476197897094124,total,S2_fb2p0
2025-12-19,1.5151042796251473,total,S2_fb2p0
2025-12-22,1.4616670402176235,total,S2_fb2p0
2025-12-23,1.448757543692878,total,S2_fb2p0
2025-12-24,1.4556584663876435,total,S2_fb2p0
2025-12-25,1.4738940285334288,total,S2_fb2p0
2025-12-26,1.4379541555487743,total,S2_fb2p0
2025-12-29,1.4070580747335006,total,S2_fb2p0
2025-12-30,1.4284209754023531,total,S2_fb2p0
2025-12-31,1.4113366352116752,total,S2_fb2p0
2026-01-05,1.4560733405462287,total,S2_fb2p0
2026-01-06,1.4346880695298496,total,S2_fb2p0
2026-01-07,1.4661364911657067,total,S2_fb2p0
2026-01-08,1.5276176416150802,total,S2_fb2p0
2026-01-09,1.5012618424594182,total,S2_fb2p0
2026-01-12,1.216587454933336,total,S2_fb2p0
2026-01-13,1.2000099812277594,total,S2_fb2p0
2026-01-14,1.182461568421758,total,S2_fb2p0
2026-01-15,1.2047559256431482,total,S2_fb2p0
2026-01-16,1.2303145569953944,total,S2_fb2p0
2026-01-19,1.4210492196894606,total,S2_fb2p0
2026-01-20,1.414042300988837,total,S2_fb2p0
2026-01-21,1.407379641539333,total,S2_fb2p0
2026-01-22,1.4079358382283012,total,S2_fb2p0
2026-01-23,1.414478272533231,total,S2_fb2p0
2026-01-26,1.482799178192829,total,S2_fb2p0
2026-01-27,1.4705731160305475,total,S2_fb2p0
2026-01-28,1.437226926927827,total,S2_fb2p0
2026-01-29,1.4365516867763393,total,S2_fb2p0
2026-01-30,1.442590633227862,total,S2_fb2p0
2026-02-02,1.4595629877822216,total,S2_fb2p0
2026-02-03,1.4676330582487824,total,S2_fb2p0
2026-02-04,1.4620187702977598,total,S2_fb2p0
2026-02-05,1.458513593860093,total,S2_fb2p0
2026-02-06,1.4594256669000991,total,S2_fb2p0
2026-02-09,1.3287840161850646,total,S2_fb2p0
2026-02-10,1.3268168621984904,total,S2_fb2p0
2026-02-11,1.3281244438171598,total,S2_fb2p0
2026-02-12,1.327322171135756,total,S2_fb2p0
2026-02-13,1.3475616988758148,total,S2_fb2p0
2026-02-24,1.4834173131185382,total,S2_fb2p0
2026-02-25,1.452751575447927,total,S2_fb2p0
2026-02-26,1.4627521443553197,total,S2_fb2p0
2026-02-27,1.4644238211199663,total,S2_fb2p0
2026-03-02,1.4766942796599818,total,S2_fb2p0
2026-03-03,1.4472393200135019,total,S2_fb2p0
2026-03-04,1.4446149915720987,total,S2_fb2p0
2026-03-05,1.43184175682964,total,S2_fb2p0
2026-03-06,1.487736634002811,total,S2_fb2p0
2026-03-09,1.5257907608170196,total,S2_fb2p0
2026-03-10,1.505631212838496,total,S2_fb2p0
2026-03-11,1.5210025078096925,total,S2_fb2p0
2026-03-12,1.5424926806171184,total,S2_fb2p0
2026-03-13,1.5422611936939252,total,S2_fb2p0
2026-03-16,1.5673670046886858,total,S2_fb2p0
2026-03-17,1.5302501410375806,total,S2_fb2p0
2026-03-18,1.5158544273740189,total,S2_fb2p0
2026-03-19,1.482286398476044,total,S2_fb2p0
2026-03-20,1.516331862047565,total,S2_fb2p0
2026-03-23,1.5455255120992781,total,S2_fb2p0
2026-03-24,1.556751589069949,total,S2_fb2p0
2026-03-25,1.544485964044076,total,S2_fb2p0
2026-03-26,1.526221817227428,total,S2_fb2p0
2026-03-27,1.5143685150304922,total,S2_fb2p0
2026-03-30,1.5112011257239548,total,S2_fb2p0
2026-03-31,1.4923665683675467,total,S2_fb2p0
2026-04-01,1.488333832431938,total,S2_fb2p0
2026-04-02,1.4686806094477973,total,S2_fb2p0
2026-04-03,1.451573419734864,total,S2_fb2p0
2026-04-07,1.4348213289322924,total,S2_fb2p0
2026-04-08,1.4295781237098595,total,S2_fb2p0
2026-04-09,1.4895099013280255,total,S2_fb2p0
2026-04-10,1.4729416475088497,total,S2_fb2p0
2026-04-13,1.4471520718863207,total,S2_fb2p0
2026-04-14,1.4257864134319223,total,S2_fb2p0
2026-04-15,1.4362624305497271,total,S2_fb2p0
2026-04-16,1.4442715761213485,total,S2_fb2p0
2026-04-17,1.482689806744484,total,S2_fb2p0
2026-04-20,1.5776628251501037,total,S2_fb2p0
2026-04-21,1.5698466520538714,total,S2_fb2p0
2026-04-22,1.5511744491663635,total,S2_fb2p0
2026-04-23,1.57496362887139,total,S2_fb2p0
2026-04-24,1.5611566078873484,total,S2_fb2p0
2026-04-27,1.4040765724643731,total,S2_fb2p0
2026-04-28,1.3817307626068118,total,S2_fb2p0
2026-04-29,1.38563157523267,total,S2_fb2p0
2026-04-30,1.4068875652569623,total,S2_fb2p0
2026-05-06,1.4440697620552168,total,S2_fb2p0
2026-05-07,1.4831076780406693,total,S2_fb2p0
2026-05-08,1.4984630216489838,total,S2_fb2p0
2026-05-11,1.4326037156877163,total,S2_fb2p0
2026-05-12,1.4244997902426806,total,S2_fb2p0
2026-05-13,1.4242538434327072,total,S2_fb2p0
2026-05-14,1.4133003306287701,total,S2_fb2p0
2026-05-15,1.4317524372125254,total,S2_fb2p0
2026-05-18,1.4843220960030394,total,S2_fb2p0
2026-05-19,1.4473540981504969,total,S2_fb2p0
2026-05-20,1.4333913094937791,total,S2_fb2p0
2026-05-21,1.4529977178498785,total,S2_fb2p0
2026-05-22,1.4596397574362516,total,S2_fb2p0
2026-05-25,1.5001036142792596,total,S2_fb2p0
2026-05-26,1.4665014267302738,total,S2_fb2p0
2026-05-27,1.4403489464609802,total,S2_fb2p0
2026-05-28,1.467888393266791,total,S2_fb2p0
2026-05-29,1.4808168196271612,total,S2_fb2p0
2026-06-01,1.515053412823993,total,S2_fb2p0
2026-06-02,1.482898954713271,total,S2_fb2p0
2026-06-03,1.4797731185099396,total,S2_fb2p0
2026-06-04,1.4957154263395196,total,S2_fb2p0
2026-06-05,1.4960950836808318,total,S2_fb2p0
2026-06-08,1.5236512162673836,total,S2_fb2p0
2026-06-09,1.5301687951387186,total,S2_fb2p0
2026-06-10,1.571228642187538,total,S2_fb2p0
2026-06-11,1.5510592245522308,total,S2_fb2p0
2026-06-12,1.5556845943058697,total,S2_fb2p0
2026-06-15,1.5446520851473804,total,S2_fb2p0
2026-06-16,1.5526818975440404,total,S2_fb2p0
2026-06-17,1.5373448407817873,total,S2_fb2p0
2026-06-18,1.533612507393762,total,S2_fb2p0
2026-06-22,1.522682210419735,total,S2_fb2p0
2026-06-23,1.5314943582775795,total,S2_fb2p0
2026-06-24,1.5436682818590028,total,S2_fb2p0
2026-06-25,1.545023774896633,total,S2_fb2p0
2026-06-26,1.5643993493838924,total,S2_fb2p0
2026-06-29,1.5563846139493032,total,S2_fb2p0
2026-06-30,1.587316795326851,total,S2_fb2p0
2026-07-01,1.5637589893187078,total,S2_fb2p0
2026-07-02,1.5586598053750973,total,S2_fb2p0
2026-07-03,1.546013069695448,total,S2_fb2p0
2026-07-06,1.5504041489928224,total,S2_fb2p0
2026-07-07,1.5266048539265968,total,S2_fb2p0
2026-07-08,1.5252988330509123,total,S2_fb2p0
2026-07-09,1.5370310549858863,total,S2_fb2p0
2026-07-10,1.566718357463911,total,S2_fb2p0
2026-07-13,1.4898788356979336,total,S2_fb2p0
2026-07-14,1.4781322454134107,total,S2_fb2p0
2026-07-15,1.5006145866668883,total,S2_fb2p0
2026-07-16,1.5038772630896535,total,S2_fb2p0
2026-07-17,1.503574788838209,total,S2_fb2p0
2026-07-20,1.4777531309228085,total,S2_fb2p0
2026-07-21,1.4796742689764097,total,S2_fb2p0
2026-07-22,1.4635827713055645,total,S2_fb2p0
2026-07-23,1.4644495885106594,total,S2_fb2p0
2026-07-24,1.4447246866004317,total,S2_fb2p0
2026-07-27,1.4601221987747337,total,S2_fb2p0
2026-07-28,1.4381085119493553,total,S2_fb2p0
2026-07-29,1.4256776711003352,total,S2_fb2p0
2026-07-30,1.377405885196537,total,S2_fb2p0
2026-07-31,1.3603309187076713,total,S2_fb2p0
2026-08-03,1.4488896294652258,total,S2_fb2p0
2026-08-04,1.4407368076345566,total,S2_fb2p0
2026-08-05,1.44680995372388,total,S2_fb2p0
2026-08-06,1.4672476722089347,total,S2_fb2p0
2026-08-07,1.4713789597133164,total,S2_fb2p0
2026-08-10,1.4843824239301626,total,S2_fb2p0
2026-08-11,1.4819573859404267,total,S2_fb2p0
2026-08-12,1.4712651387839828,total,S2_fb2p0
2026-08-13,1.4680922119830773,total,S2_fb2p0
2026-08-14,1.5325364461601219,total,S2_fb2p0
2026-08-17,1.5498819113045366,total,S2_fb2p0
2026-08-18,1.5455967438738638,total,S2_fb2p0
2026-08-19,1.5569567106904356,total,S2_fb2p0
2026-08-20,1.5597470768481114,total,S2_fb2p0
2026-08-21,1.563630646506341,total,S2_fb2p0
2026-08-24,1.5637990863116906,total,S2_fb2p0
2026-08-25,1.5476247291084073,total,S2_fb2p0
2026-08-26,1.5441644880951322,total,S2_fb2p0
2026-08-27,1.5542713060079738,total,S2_fb2p0
2026-08-28,1.573976821959405,total,S2_fb2p0
2026-08-31,1.5972914831454506,total,S2_fb2p0
