date,util,kind,scenario
2015-01-19,0.8725512647083485,comm,S1_fb1p5
2015-01-20,0.8642802314384832,comm,S1_fb1p5
2015-01-21,0.8671074705409823,comm,S1_fb1p5
2015-01-22,0.8714291176048402,comm,S1_fb1p5
2015-01-23,0.8697118322321872,comm,S1_fb1p5
2015-01-26,0.8577308352706645,comm,S1_fb1p5
2015-01-27,0.8619431282931193,comm,S1_fb1p5
2015-01-28,0.9202252120843095,comm,S1_fb1p5
2015-01-29,0.9325433587277799,comm,S1_fb1p5
2015-01-30,0.9215872483947625,comm,S1_fb1p5
2015-02-02,0.9280773841796464,comm,S1_fb1p5
2015-02-03,0.9559403155650823,comm,S1_fb1p5
2015-02-04,0.977468774746826,comm,S1_fb1p5
2015-02-05,0.969845612692988,comm,S1_fb1p5
2015-02-06,1.0023312178223085,comm,S1_fb1p5
2015-02-09,0.9203277406766907,comm,S1_fb1p5
2015-02-10,0.9124600811056497,comm,S1_fb1p5
2015-02-11,0.8982618133684844,comm,S1_fb1p5
2015-02-12,0.8917837972982514,comm,S1_fb1p5
2015-02-13,0.9192537281300831,comm,S1_fb1p5
2015-02-16,0.9492712168718642,comm,S1_fb1p5
2015-02-17,0.9415388331526107,comm,S1_fb1p5
2015-02-25,0.9278603595422303,comm,S1_fb1p5
2015-02-26,0.942428164598773,comm,S1_fb1p5
2015-02-27,0.9439977166771002,comm,S1_fb1p5
2015-03-02,0.947659401514701,comm,S1_fb1p5
2015-03-03,0.962274274407957,comm,S1_fb1p5
2015-03-04,0.9299499235509321,comm,S1_fb1p5
2015-03-05,0.925216326137102,comm,S1_fb1p5
2015-03-06,0.9332660381695961,comm,S1_fb1p5
2015-03-09,0.8602660038747566,comm,S1_fb1p5
2015-03-10,0.8852836759869633,comm,S1_fb1p5
2015-03-11,0.868155926782287,comm,S1_fb1p5
2015-03-12,0.8905391954664245,comm,S1_fb1p5
2015-03-13,0.9119771365438034,comm,S1_fb1p5
2015-03-16,0.8860465563863211,comm,S1_fb1p5
2015-03-17,0.8946927373027701,comm,S1_fb1p5
2015-03-18,0.8854599181682271,comm,S1_fb1p5
2015-03-19,0.908693592665091,comm,S1_fb1p5
2015-03-20,0.9250852978095301,comm,S1_fb1p5
2015-03-23,0.8738269672294536,comm,S1_fb1p5
2015-03-24,0.9464845127666106,comm,S1_fb1p5
2015-03-25,0.9393904265119134,comm,S1_fb1p5
2015-03-26,0.9340060734066549,comm,S1_fb1p5
2015-03-27,0.9150139014188124,comm,S1_fb1p5
2015-03-30,0.8564844523571471,comm,S1_fb1p5
2015-03-31,0.8529360067002222,comm,S1_fb1p5
2015-04-01,0.8403713890545499,comm,S1_fb1p5
2015-04-02,0.8320845145212099,comm,S1_fb1p5
2015-04-03,0.8290690702642204,comm,S1_fb1p5
2015-04-07,0.8939088227958929,comm,S1_fb1p5
2015-04-08,0.8816966816043328,comm,S1_fb1p5
2015-04-09,0.8765954183257884,comm,S1_fb1p5
2015-04-10,0.8618215881342981,comm,S1_fb1p5
2015-04-13,0.8833785564651183,comm,S1_fb1p5
2015-04-14,0.8843410631944828,comm,S1_fb1p5
2015-04-15,0.8948073229200595,comm,S1_fb1p5
2015-04-16,0.9102117177479799,comm,S1_fb1p5
2015-04-17,0.9174314309991952,comm,S1_fb1p5
2015-04-20,0.9235025036343982,comm,S1_fb1p5
2015-04-21,0.9354215767124205,comm,S1_fb1p5
2015-04-22,0.9597739843670791,comm,S1_fb1p5
2015-04-23,0.977832894610303,comm,S1_fb1p5
2015-04-24,0.994296828788412,comm,S1_fb1p5
2015-04-27,1.0175024915525925,comm,S1_fb1p5
2015-04-28,1.0107749453308839,comm,S1_fb1p5
2015-04-29,0.9489237394298694,comm,S1_fb1p5
2015-04-30,0.9512304560140185,comm,S1_fb1p5
2015-05-04,0.9836091439016721,comm,S1_fb1p5
2015-05-05,0.9976723857046106,comm,S1_fb1p5
2015-05-06,1.0019355965492973,comm,S1_fb1p5
2015-05-07,0.9516238688235622,comm,S1_fb1p5
2015-05-08,0.9447821705987972,comm,S1_fb1p5
2015-05-11,0.9669780237708068,comm,S1_fb1p5
2015-05-12,0.9543002181831713,comm,S1_fb1p5
2015-05-13,0.9482033435799824,comm,S1_fb1p5
2015-05-14,0.9255583265837175,comm,S1_fb1p5
2015-05-15,0.9293921058152532,comm,S1_fb1p5
2015-05-18,0.9367719546735919,comm,S1_fb1p5
2015-05-19,0.9160937622053777,comm,S1_fb1p5
2015-05-20,0.8877835752816944,comm,S1_fb1p5
2015-05-21,0.899093051945892,comm,S1_fb1p5
2015-05-22,0.9032109976524194,comm,S1_fb1p5
2015-05-25,0.9114042848045268,comm,S1_fb1p5
2015-05-26,0.9358866915821339,comm,S1_fb1p5
2015-05-27,0.9260893387642711,comm,S1_fb1p5
2015-05-28,0.9332044996734462,comm,S1_fb1p5
2015-05-29,0.9452547928049736,comm,S1_fb1p5
2015-06-01,0.9408664959877236,comm,S1_fb1p5
2015-06-02,0.9404296525672792,comm,S1_fb1p5
2015-06-03,0.9427601611543243,comm,S1_fb1p5
2015-06-04,0.9377562551209956,comm,S1_fb1p5
2015-06-05,0.9369410067914513,comm,S1_fb1p5
2015-06-08,0.8889204183037065,comm,S1_fb1p5
2015-06-09,0.8914178702130257,comm,S1_fb1p5
2015-06-10,0.8936159063169457,comm,S1_fb1p5
2015-06-11,0.8864730636387618,comm,S1_fb1p5
2015-06-12,0.8515060465315143,comm,S1_fb1p5
2015-06-15,0.8599452592497525,comm,S1_fb1p5
2015-06-16,0.8448227563224663,comm,S1_fb1p5
2015-06-17,0.8403719496936729,comm,S1_fb1p5
2015-06-18,0.8368925036542213,comm,S1_fb1p5
2015-06-19,0.8459350936132713,comm,S1_fb1p5
2015-06-23,0.8928087959278328,comm,S1_fb1p5
2015-06-24,0.8987763333460891,comm,S1_fb1p5
2015-06-25,0.8872269115377086,comm,S1_fb1p5
2015-06-26,0.9311934581907688,comm,S1_fb1p5
2015-06-29,0.93512527776907,comm,S1_fb1p5
2015-06-30,0.8840416278667889,comm,S1_fb1p5
2015-07-01,0.8826233344578218,comm,S1_fb1p5
2015-07-02,0.9084551662740423,comm,S1_fb1p5
2015-07-03,0.9161519661908246,comm,S1_fb1p5
2015-07-06,0.905978787875103,comm,S1_fb1p5
2015-07-07,0.8744679897148524,comm,S1_fb1p5
2015-07-08,0.8112949834265597,comm,S1_fb1p5
2015-07-09,0.8335401474414835,comm,S1_fb1p5
2015-07-10,0.880704197996169,comm,S1_fb1p5
2015-07-13,0.7073778580318459,comm,S1_fb1p5
2015-07-14,0.7154356060675563,comm,S1_fb1p5
2015-07-15,0.7060205930137385,comm,S1_fb1p5
2015-07-16,0.7028664218353077,comm,S1_fb1p5
2015-07-17,0.7223587144877429,comm,S1_fb1p5
2015-07-20,0.7196675057960104,comm,S1_fb1p5
2015-07-21,0.7387711971150275,comm,S1_fb1p5
2015-07-22,0.7583935435638832,comm,S1_fb1p5
2015-07-23,0.7437203733003505,comm,S1_fb1p5
2015-07-24,0.7429572571388465,comm,S1_fb1p5
2015-07-27,0.7435531744248656,comm,S1_fb1p5
2015-07-28,0.7410337770438883,comm,S1_fb1p5
2015-07-29,0.7595961374315895,comm,S1_fb1p5
2015-07-30,0.7463579046178387,comm,S1_fb1p5
2015-07-31,0.7399748575094857,comm,S1_fb1p5
2015-08-03,0.7864565706947061,comm,S1_fb1p5
2015-08-04,0.7658984927055045,comm,S1_fb1p5
2015-08-05,0.7693892965005087,comm,S1_fb1p5
2015-08-06,0.7580875899103983,comm,S1_fb1p5
2015-08-07,0.7424179838792728,comm,S1_fb1p5
2015-08-10,0.7083969021885955,comm,S1_fb1p5
2015-08-11,0.72693758661944,comm,S1_fb1p5
2015-08-12,0.7272286769803946,comm,S1_fb1p5
2015-08-13,0.7478466134151474,comm,S1_fb1p5
2015-08-14,0.7376023010100871,comm,S1_fb1p5
2015-08-17,0.7912200184454231,comm,S1_fb1p5
2015-08-18,0.7789075028259546,comm,S1_fb1p5
2015-08-19,0.7571782882790548,comm,S1_fb1p5
2015-08-20,0.7561292588214549,comm,S1_fb1p5
2015-08-21,0.7574258755020036,comm,S1_fb1p5
2015-08-24,0.7533428240384077,comm,S1_fb1p5
2015-08-25,0.7267474023143968,comm,S1_fb1p5
2015-08-26,0.7333352892288516,comm,S1_fb1p5
2015-08-27,0.728458789546763,comm,S1_fb1p5
2015-08-28,0.7506764915402371,comm,S1_fb1p5
2015-08-31,0.8022349174304076,comm,S1_fb1p5
2015-09-01,0.7916667097320822,comm,S1_fb1p5
2015-09-02,0.7895126665087674,comm,S1_fb1p5
2015-09-07,0.6976321350373941,comm,S1_fb1p5
2015-09-08,0.7026080034184026,comm,S1_fb1p5
2015-09-09,0.7473265617103166,comm,S1_fb1p5
2015-09-10,0.7358511783615012,comm,S1_fb1p5
2015-09-11,0.7488218564567799,comm,S1_fb1p5
2015-09-14,0.7181690519706158,comm,S1_fb1p5
2015-09-15,0.7027533289417709,comm,S1_fb1p5
2015-09-16,0.7047942378857335,comm,S1_fb1p5
2015-09-17,0.7111268676803902,comm,S1_fb1p5
2015-09-18,0.7058951954048259,comm,S1_fb1p5
2015-09-21,0.83830301043872,comm,S1_fb1p5
2015-09-22,0.8601806648382545,comm,S1_fb1p5
2015-09-23,0.8499207670681047,comm,S1_fb1p5
2015-09-24,0.852431276126863,comm,S1_fb1p5
2015-09-25,0.8568060074553177,comm,S1_fb1p5
2015-09-28,0.7570420098684436,comm,S1_fb1p5
2015-09-29,0.7219699616901567,comm,S1_fb1p5
2015-09-30,0.7149018246127591,comm,S1_fb1p5
2015-10-08,0.7203886306428158,comm,S1_fb1p5
2015-10-09,0.72836496065191,comm,S1_fb1p5
2015-10-12,0.9101585989360282,comm,S1_fb1p5
2015-10-13,0.8806280443201248,comm,S1_fb1p5
2015-10-14,0.8754035408496929,comm,S1_fb1p5
2015-10-15,0.8660689540599981,comm,S1_fb1p5
2015-10-16,0.8481436939207799,comm,S1_fb1p5
2015-10-19,0.8650494337269091,comm,S1_fb1p5
2015-10-20,0.8300988423887561,comm,S1_fb1p5
2015-10-21,0.8092459442527561,comm,S1_fb1p5
2015-10-22,0.7964936715436278,comm,S1_fb1p5
2015-10-23,0.792212975569367,comm,S1_fb1p5
2015-10-26,0.8138448428920085,comm,S1_fb1p5
2015-10-27,0.8185044034843788,comm,S1_fb1p5
2015-10-28,0.8049409335734015,comm,S1_fb1p5
2015-10-29,0.7963777493203529,comm,S1_fb1p5
2015-10-30,0.7914145369391443,comm,S1_fb1p5
2015-11-02,0.8661191308013568,comm,S1_fb1p5
2015-11-03,0.8751006868073913,comm,S1_fb1p5
2015-11-04,0.8852344651402714,comm,S1_fb1p5
2015-11-05,0.9406028755689735,comm,S1_fb1p5
2015-11-06,0.9489490675449995,comm,S1_fb1p5
2015-11-09,0.9070808604054238,comm,S1_fb1p5
2015-11-10,0.8832833358973341,comm,S1_fb1p5
2015-11-11,0.8502193492110549,comm,S1_fb1p5
2015-11-12,0.844466712006959,comm,S1_fb1p5
2015-11-13,0.8429337836524256,comm,S1_fb1p5
2015-11-16,0.7974472475595542,comm,S1_fb1p5
2015-11-17,0.7850166386312336,comm,S1_fb1p5
2015-11-18,0.8016413845489315,comm,S1_fb1p5
2015-11-19,0.773385937021615,comm,S1_fb1p5
2015-11-20,0.7569121943891116,comm,S1_fb1p5
2015-11-23,0.7783378527998195,comm,S1_fb1p5
2015-11-24,0.7616157024105443,comm,S1_fb1p5
2015-11-25,0.7806382766004012,comm,S1_fb1p5
2015-11-26,0.8214952260255449,comm,S1_fb1p5
2015-11-27,0.8455484079496801,comm,S1_fb1p5
2015-11-30,0.6950939048350263,comm,S1_fb1p5
2015-12-01,0.6975878903303223,comm,S1_fb1p5
2015-12-02,0.7191489775774702,comm,S1_fb1p5
2015-12-03,0.7005675258964643,comm,S1_fb1p5
2015-12-04,0.6961841271474424,comm,S1_fb1p5
2015-12-07,0.7133215787857308,comm,S1_fb1p5
2015-12-08,0.700818133926941,comm,S1_fb1p5
2015-12-09,0.7070635459775246,comm,S1_fb1p5
2015-12-10,0.7090001426243785,comm,S1_fb1p5
2015-12-11,0.7126388438120912,comm,S1_fb1p5
2015-12-14,0.7217891079595011,comm,S1_fb1p5
2015-12-15,0.7315326652850501,comm,S1_fb1p5
2015-12-16,0.7226305777458277,comm,S1_fb1p5
2015-12-17,0.7355716903365584,comm,S1_fb1p5
2015-12-18,0.7482609694974244,comm,S1_fb1p5
2015-12-21,0.8091565690472897,comm,S1_fb1p5
2015-12-22,0.8198010883325725,comm,S1_fb1p5
2015-12-23,0.8096536918494704,comm,S1_fb1p5
2015-12-24,0.8254329574329273,comm,S1_fb1p5
2015-12-25,0.8250423595820595,comm,S1_fb1p5
2015-12-28,0.8073254960671412,comm,S1_fb1p5
2015-12-29,0.8222084858705694,comm,S1_fb1p5
2015-12-30,0.850780847306379,comm,S1_fb1p5
2015-12-31,0.8539397668070047,comm,S1_fb1p5
2016-01-04,0.8324468912507373,comm,S1_fb1p5
2016-01-05,0.8248691815113415,comm,S1_fb1p5
2016-01-06,0.829514585160349,comm,S1_fb1p5
2016-01-07,0.8290287736274906,comm,S1_fb1p5
2016-01-08,0.8188792318091691,comm,S1_fb1p5
2016-01-11,0.8320335740922082,comm,S1_fb1p5
2016-01-12,0.8131258788879918,comm,S1_fb1p5
2016-01-13,0.7957034969100792,comm,S1_fb1p5
2016-01-14,0.8027121614461756,comm,S1_fb1p5
2016-01-15,0.8210034187487386,comm,S1_fb1p5
2016-01-18,0.8787264071045993,comm,S1_fb1p5
2016-01-19,0.8965758243273129,comm,S1_fb1p5
2016-01-20,0.9032422001564039,comm,S1_fb1p5
2016-01-21,0.8931188033694363,comm,S1_fb1p5
2016-01-22,0.9088810831618509,comm,S1_fb1p5
2016-01-25,0.9304621941584326,comm,S1_fb1p5
2016-01-26,0.9244637604691419,comm,S1_fb1p5
2016-01-27,0.9434237519921914,comm,S1_fb1p5
2016-01-28,0.9328444517440034,comm,S1_fb1p5
2016-01-29,0.9454605730584751,comm,S1_fb1p5
2016-02-01,0.9460568215024836,comm,S1_fb1p5
2016-02-02,0.9354240754767087,comm,S1_fb1p5
2016-02-03,0.9397383453438253,comm,S1_fb1p5
2016-02-04,0.9690578564671619,comm,S1_fb1p5
2016-02-05,0.9638184220084912,comm,S1_fb1p5
2016-02-15,0.9596483815264062,comm,S1_fb1p5
2016-02-16,0.9963537894064576,comm,S1_fb1p5
2016-02-17,0.9786384932869083,comm,S1_fb1p5
2016-02-18,0.9619252456568822,comm,S1_fb1p5
2016-02-19,0.9731409076799071,comm,S1_fb1p5
2016-02-22,1.0247034028636124,comm,S1_fb1p5
2016-02-23,0.9777927703715983,comm,S1_fb1p5
2016-02-24,0.9383500227201381,comm,S1_fb1p5
2016-02-25,0.9401511898706318,comm,S1_fb1p5
2016-02-26,0.916562449283522,comm,S1_fb1p5
2016-02-29,0.9501531610224291,comm,S1_fb1p5
2016-03-01,0.9781369141260454,comm,S1_fb1p5
2016-03-02,0.9885302938355535,comm,S1_fb1p5
2016-03-03,0.982458702684751,comm,S1_fb1p5
2016-03-04,0.9926773588316898,comm,S1_fb1p5
2016-03-07,0.9263120176341699,comm,S1_fb1p5
2016-03-08,0.9748257732754693,comm,S1_fb1p5
2016-03-09,0.9146801804326684,comm,S1_fb1p5
2016-03-10,0.9344554688610153,comm,S1_fb1p5
2016-03-11,0.8959850300115901,comm,S1_fb1p5
2016-03-14,0.6834241552088436,comm,S1_fb1p5
2016-03-15,0.660853974027416,comm,S1_fb1p5
2016-03-16,0.6563664736840101,comm,S1_fb1p5
2016-03-17,0.6750751459592095,comm,S1_fb1p5
2016-03-18,0.7166188784914345,comm,S1_fb1p5
2016-03-21,0.784011172312112,comm,S1_fb1p5
2016-03-22,0.7994613433017457,comm,S1_fb1p5
2016-03-23,0.7998667699825311,comm,S1_fb1p5
2016-03-24,0.7875888319928392,comm,S1_fb1p5
2016-03-25,0.7914745624958233,comm,S1_fb1p5
2016-03-28,0.7870391768994648,comm,S1_fb1p5
2016-03-29,0.7758496113883405,comm,S1_fb1p5
2016-03-30,0.7590616030451485,comm,S1_fb1p5
2016-03-31,0.7608011956106302,comm,S1_fb1p5
2016-04-01,0.8341357034952148,comm,S1_fb1p5
2016-04-05,0.7323829407228797,comm,S1_fb1p5
2016-04-06,0.7333773352366253,comm,S1_fb1p5
2016-04-07,0.7307174087427649,comm,S1_fb1p5
2016-04-08,0.7084374914619487,comm,S1_fb1p5
2016-04-11,0.7136646655770992,comm,S1_fb1p5
2016-04-12,0.7234624267046901,comm,S1_fb1p5
2016-04-13,0.7604698457086095,comm,S1_fb1p5
2016-04-14,0.7756335556888759,comm,S1_fb1p5
2016-04-15,0.7568259793229849,comm,S1_fb1p5
2016-04-18,0.7437279604855151,comm,S1_fb1p5
2016-04-19,0.7347119124262326,comm,S1_fb1p5
2016-04-20,0.7399550543995367,comm,S1_fb1p5
2016-04-21,0.7661516472466268,comm,S1_fb1p5
2016-04-22,0.7921804693853018,comm,S1_fb1p5
2016-04-25,0.7239831563183023,comm,S1_fb1p5
2016-04-26,0.7209282202816972,comm,S1_fb1p5
2016-04-27,0.733342606723273,comm,S1_fb1p5
2016-04-28,0.7103786014106364,comm,S1_fb1p5
2016-07-04,0.6810121018792341,comm,S1_fb1p5
2016-07-05,0.7107852901444023,comm,S1_fb1p5
2016-07-06,0.6902918716016335,comm,S1_fb1p5
2016-07-07,0.675415566698455,comm,S1_fb1p5
2016-07-08,0.6723192095483352,comm,S1_fb1p5
2016-07-18,0.6598400405541183,comm,S1_fb1p5
2016-07-19,0.6706492639861588,comm,S1_fb1p5
2016-07-20,0.6619507883943083,comm,S1_fb1p5
2016-07-21,0.6592238788381839,comm,S1_fb1p5
2016-07-22,0.6559679289974142,comm,S1_fb1p5
2016-07-25,0.6544256453554199,comm,S1_fb1p5
2016-08-19,0.6540814001493633,comm,S1_fb1p5
2016-08-22,0.6654590762260593,comm,S1_fb1p5
2016-08-23,0.6723953520672759,comm,S1_fb1p5
2016-08-24,0.6708999141937436,comm,S1_fb1p5
2016-08-25,0.6760896390172629,comm,S1_fb1p5
2016-08-26,0.6649877088651093,comm,S1_fb1p5
2016-08-29,0.6986799533342312,comm,S1_fb1p5
2016-08-30,0.7166576110272206,comm,S1_fb1p5
2016-08-31,0.7179627934307041,comm,S1_fb1p5
2016-09-01,0.7249388448106711,comm,S1_fb1p5
2016-09-02,0.7201144796307343,comm,S1_fb1p5
2016-09-05,0.6530048170423491,comm,S1_fb1p5
2016-09-06,0.654326247795153,comm,S1_fb1p5
2016-09-07,0.6642673980605961,comm,S1_fb1p5
2016-09-08,0.6657047050414437,comm,S1_fb1p5
2016-09-09,0.6618560409126412,comm,S1_fb1p5
2017-06-06,0.6520318055898777,comm,S1_fb1p5
2017-06-07,0.6501555484299107,comm,S1_fb1p5
2017-06-08,0.650356823932844,comm,S1_fb1p5
2017-06-14,0.6517209432763391,comm,S1_fb1p5
2017-06-15,0.6516064140833147,comm,S1_fb1p5
2017-06-16,0.6547732655400585,comm,S1_fb1p5
2017-06-19,0.6666508436780897,comm,S1_fb1p5
2017-06-20,0.6618346515903152,comm,S1_fb1p5
2017-06-21,0.6607356758748029,comm,S1_fb1p5
2017-06-22,0.665219999102042,comm,S1_fb1p5
2017-06-23,0.6622352995869017,comm,S1_fb1p5
2017-07-03,0.6690359575860777,comm,S1_fb1p5
2017-07-04,0.6706377616845193,comm,S1_fb1p5
2017-07-05,0.6661887054151995,comm,S1_fb1p5
2017-07-06,0.6821947855070325,comm,S1_fb1p5
2017-07-07,0.7083504529320204,comm,S1_fb1p5
2017-11-01,0.6508065630434906,comm,S1_fb1p5
2017-11-02,0.6509770269851676,comm,S1_fb1p5
2017-11-06,0.6791358483752807,comm,S1_fb1p5
2017-11-07,0.671808805501145,comm,S1_fb1p5
2017-11-08,0.679093780280582,comm,S1_fb1p5
2017-11-09,0.6839673518041159,comm,S1_fb1p5
2017-11-10,0.6928628006567122,comm,S1_fb1p5
2017-11-13,0.6954278619454295,comm,S1_fb1p5
2017-11-14,0.6959955008876964,comm,S1_fb1p5
2017-11-15,0.6953611744073321,comm,S1_fb1p5
2017-11-16,0.6965118456454358,comm,S1_fb1p5
2017-11-17,0.6948192922149512,comm,S1_fb1p5
2017-11-20,0.722013221734526,comm,S1_fb1p5
2017-11-21,0.7220776225945583,comm,S1_fb1p5
2017-11-22,0.7116763356395415,comm,S1_fb1p5
2017-11-23,0.7108808616799673,comm,S1_fb1p5
2017-11-24,0.725057489208727,comm,S1_fb1p5
2017-11-27,0.7154219361927647,comm,S1_fb1p5
2017-11-28,0.7190143017972488,comm,S1_fb1p5
2017-11-29,0.7401477100980555,comm,S1_fb1p5
2017-11-30,0.7274158931227922,comm,S1_fb1p5
2017-12-01,0.7336492699286029,comm,S1_fb1p5
2017-12-04,0.9127614106809565,comm,S1_fb1p5
2017-12-05,0.9084629812511608,comm,S1_fb1p5
2017-12-06,0.9353086451139558,comm,S1_fb1p5
2017-12-07,0.9272085958486236,comm,S1_fb1p5
2017-12-08,0.9249096714695251,comm,S1_fb1p5
2017-12-11,0.9045898818563715,comm,S1_fb1p5
2017-12-12,0.9012976052551604,comm,S1_fb1p5
2017-12-13,0.8854679031189845,comm,S1_fb1p5
2017-12-14,0.8819138173306209,comm,S1_fb1p5
2017-12-15,0.8745192299757439,comm,S1_fb1p5
2017-12-18,0.83448925739619,comm,S1_fb1p5
2017-12-19,0.8316108199066926,comm,S1_fb1p5
2017-12-20,0.8309475996931152,comm,S1_fb1p5
2017-12-21,0.8177188512010799,comm,S1_fb1p5
2017-12-22,0.8181967376232117,comm,S1_fb1p5
2017-12-25,0.8050821413453249,comm,S1_fb1p5
2017-12-26,0.8166666408996318,comm,S1_fb1p5
2017-12-27,0.8086742491227821,comm,S1_fb1p5
2017-12-28,0.8082995780166189,comm,S1_fb1p5
2017-12-29,0.8003348131968377,comm,S1_fb1p5
2018-01-02,0.8505580730503444,comm,S1_fb1p5
2018-01-03,0.8763273802422811,comm,S1_fb1p5
2018-01-04,0.8781232359893834,comm,S1_fb1p5
2018-01-05,0.8725441208525642,comm,S1_fb1p5
2018-01-08,0.9107077028239501,comm,S1_fb1p5
2018-01-09,0.9095530449752346,comm,S1_fb1p5
2018-01-10,0.8991702813178298,comm,S1_fb1p5
2018-01-11,0.8861682710656553,comm,S1_fb1p5
2018-01-12,0.9013047787086326,comm,S1_fb1p5
2018-01-15,0.9197709107319639,comm,S1_fb1p5
2018-01-16,0.9288480402849986,comm,S1_fb1p5
2018-01-17,0.9309533173541688,comm,S1_fb1p5
2018-01-18,0.9186561827485205,comm,S1_fb1p5
2018-01-19,0.9026642685412168,comm,S1_fb1p5
2018-01-22,0.9338083239845975,comm,S1_fb1p5
2018-01-23,0.9371034792710534,comm,S1_fb1p5
2018-01-24,0.9400363021466824,comm,S1_fb1p5
2018-01-25,0.9309067073439999,comm,S1_fb1p5
2018-01-26,0.9357310690740206,comm,S1_fb1p5
2018-01-29,0.9382144247989928,comm,S1_fb1p5
2018-01-30,0.9388065235008269,comm,S1_fb1p5
2018-01-31,0.9434686117681124,comm,S1_fb1p5
2018-02-01,0.9445162964067614,comm,S1_fb1p5
2018-02-02,0.9360808487337873,comm,S1_fb1p5
2018-02-05,0.9117503306064192,comm,S1_fb1p5
2018-02-06,0.9132136310839526,comm,S1_fb1p5
2018-02-07,0.9257966306527523,comm,S1_fb1p5
2018-02-08,0.9229727860892816,comm,S1_fb1p5
2018-02-09,0.9258537793936247,comm,S1_fb1p5
2018-02-12,0.9449340548227825,comm,S1_fb1p5
2018-02-13,0.958300175518327,comm,S1_fb1p5
2018-02-14,0.9384488621689426,comm,S1_fb1p5
2018-02-22,0.9323507764143498,comm,S1_fb1p5
2018-02-23,0.9533723532412847,comm,S1_fb1p5
2018-02-26,0.958104402150521,comm,S1_fb1p5
2018-02-27,0.9654640452691725,comm,S1_fb1p5
2018-02-28,0.963203559614854,comm,S1_fb1p5
2018-03-01,0.9686844969111099,comm,S1_fb1p5
2018-03-02,0.9715870583758519,comm,S1_fb1p5
2018-03-05,0.9595919587171958,comm,S1_fb1p5
2018-03-06,0.9645456200877072,comm,S1_fb1p5
2018-03-07,0.9611821920670193,comm,S1_fb1p5
2018-03-08,0.9715510841150036,comm,S1_fb1p5
2018-03-09,0.9871532568356262,comm,S1_fb1p5
2018-03-12,0.915062491105946,comm,S1_fb1p5
2018-03-13,0.8926798700699322,comm,S1_fb1p5
2018-03-14,0.896332829344457,comm,S1_fb1p5
2018-03-15,0.9055790794808469,comm,S1_fb1p5
2018-03-16,0.9055416076766426,comm,S1_fb1p5
2018-03-19,0.9290156009404508,comm,S1_fb1p5
2018-03-20,0.9419252751427952,comm,S1_fb1p5
2018-03-21,0.9279467870716378,comm,S1_fb1p5
2018-03-22,0.9429386367800733,comm,S1_fb1p5
2018-03-23,0.9701547487795271,comm,S1_fb1p5
2018-03-26,0.8587576980697057,comm,S1_fb1p5
2018-03-27,0.86410876891934,comm,S1_fb1p5
2018-03-28,0.8628295148561135,comm,S1_fb1p5
2018-03-29,0.8380486652637615,comm,S1_fb1p5
2018-03-30,0.8306252755085858,comm,S1_fb1p5
2018-04-02,0.8411652879088082,comm,S1_fb1p5
2018-04-03,0.8516770040983435,comm,S1_fb1p5
2018-04-04,0.8448546953715489,comm,S1_fb1p5
2018-04-09,0.8542368030539724,comm,S1_fb1p5
2018-04-10,0.87501046120895,comm,S1_fb1p5
2018-04-11,0.895556243678712,comm,S1_fb1p5
2018-04-12,0.8884121702793939,comm,S1_fb1p5
2018-04-13,0.9009934130872953,comm,S1_fb1p5
2018-04-16,0.9340340017038695,comm,S1_fb1p5
2018-04-17,0.953448736533418,comm,S1_fb1p5
2018-04-18,0.9870840266506583,comm,S1_fb1p5
2018-04-19,1.016685915790847,comm,S1_fb1p5
2018-04-20,0.9579837499172162,comm,S1_fb1p5
2018-04-23,0.8734295023320815,comm,S1_fb1p5
2018-04-24,0.8252845419499403,comm,S1_fb1p5
2018-04-25,0.8258530516944973,comm,S1_fb1p5
2018-04-26,0.8231181157790783,comm,S1_fb1p5
2018-04-27,0.8194058685094447,comm,S1_fb1p5
2018-05-02,0.7570342542323091,comm,S1_fb1p5
2018-05-03,0.7564682554612621,comm,S1_fb1p5
2018-05-04,0.7632731660687218,comm,S1_fb1p5
2018-05-07,0.7589040210988138,comm,S1_fb1p5
2018-05-08,0.7574944256213095,comm,S1_fb1p5
2018-05-09,0.7532906335265009,comm,S1_fb1p5
2018-05-10,0.7553529511814902,comm,S1_fb1p5
2018-05-11,0.757353018679635,comm,S1_fb1p5
2018-05-14,0.7974914549566219,comm,S1_fb1p5
2018-05-15,0.7924306063284704,comm,S1_fb1p5
2018-05-16,0.7983164474031399,comm,S1_fb1p5
2018-05-17,0.8065669616822676,comm,S1_fb1p5
2018-05-18,0.8157533178844611,comm,S1_fb1p5
2018-05-21,0.9836781908101532,comm,S1_fb1p5
2018-05-22,0.9872324024931067,comm,S1_fb1p5
2018-05-23,0.968187684835358,comm,S1_fb1p5
2018-05-24,0.9642620102014662,comm,S1_fb1p5
2018-05-25,0.9798574094204182,comm,S1_fb1p5
2018-05-28,0.9719904951490578,comm,S1_fb1p5
2018-05-29,0.9599742882516387,comm,S1_fb1p5
2018-05-30,0.9457789188979728,comm,S1_fb1p5
2018-05-31,0.9482688377182755,comm,S1_fb1p5
2018-06-01,0.9458152488362397,comm,S1_fb1p5
2018-06-04,0.9018324815661906,comm,S1_fb1p5
2018-06-05,0.9067283671342335,comm,S1_fb1p5
2018-06-06,0.9008545154858941,comm,S1_fb1p5
2018-06-07,0.902436628090304,comm,S1_fb1p5
2018-06-08,0.892341882803708,comm,S1_fb1p5
2018-06-11,0.8547136374601021,comm,S1_fb1p5
2018-06-12,0.8392530601625606,comm,S1_fb1p5
2018-06-13,0.8104646047291596,comm,S1_fb1p5
2018-06-14,0.8106588091897241,comm,S1_fb1p5
2018-06-15,0.8024422388873993,comm,S1_fb1p5
2018-06-19,0.7956666410763988,comm,S1_fb1p5
2018-06-20,0.7993263448215436,comm,S1_fb1p5
2018-06-21,0.7924758630483756,comm,S1_fb1p5
2018-06-22,0.8011745235962103,comm,S1_fb1p5
2018-06-25,0.8213885189406255,comm,S1_fb1p5
2018-06-26,0.8182926934217712,comm,S1_fb1p5
2018-06-27,0.8114911285336871,comm,S1_fb1p5
2018-06-28,0.7992912579739465,comm,S1_fb1p5
2018-06-29,0.7803029777746789,comm,S1_fb1p5
2018-07-02,0.788403475775674,comm,S1_fb1p5
2018-07-03,0.7814614765409258,comm,S1_fb1p5
2018-07-04,0.8091833380120718,comm,S1_fb1p5
2018-07-05,0.799585937074099,comm,S1_fb1p5
2018-07-06,0.7904365396300018,comm,S1_fb1p5
2018-07-09,0.826600365751735,comm,S1_fb1p5
2018-07-10,0.8182943938245413,comm,S1_fb1p5
2018-07-11,0.7979506005768451,comm,S1_fb1p5
2018-07-12,0.796908675209458,comm,S1_fb1p5
2018-07-13,0.8044492282329934,comm,S1_fb1p5
2018-07-16,0.8487422560478984,comm,S1_fb1p5
2018-07-17,0.8648850321899586,comm,S1_fb1p5
2018-07-18,0.8629340477098872,comm,S1_fb1p5
2018-07-19,0.8476542863090829,comm,S1_fb1p5
2018-07-20,0.8588421577995765,comm,S1_fb1p5
2018-07-23,0.9787908589199041,comm,S1_fb1p5
2018-07-24,0.9880564345638431,comm,S1_fb1p5
2018-07-25,0.9836915026245114,comm,S1_fb1p5
2018-07-26,0.9666591911746786,comm,S1_fb1p5
2018-07-27,0.9619874059325302,comm,S1_fb1p5
2018-07-30,0.884325554422984,comm,S1_fb1p5
2018-07-31,0.8895130465898788,comm,S1_fb1p5
2018-08-01,0.8776446568725627,comm,S1_fb1p5
2018-08-02,0.8661858925985617,comm,S1_fb1p5
2018-08-03,0.8532708170865091,comm,S1_fb1p5
2018-08-06,0.9139288240113729,comm,S1_fb1p5
2018-08-07,0.9107163087559119,comm,S1_fb1p5
2018-08-08,0.9209075933771104,comm,S1_fb1p5
2018-08-09,1.0145237903131177,comm,S1_fb1p5
2018-08-10,0.9634988364863529,comm,S1_fb1p5
2018-08-13,0.9473746136147418,comm,S1_fb1p5
2018-08-14,0.914665901809667,comm,S1_fb1p5
2018-08-15,0.901791757994051,comm,S1_fb1p5
2018-08-16,0.8739392080404252,comm,S1_fb1p5
2018-08-17,0.8865842965100463,comm,S1_fb1p5
2018-08-20,0.8138656699906451,comm,S1_fb1p5
2018-08-21,0.8353150690404937,comm,S1_fb1p5
2018-08-22,0.8499213969297533,comm,S1_fb1p5
2018-08-23,0.8541961577679344,comm,S1_fb1p5
2018-08-24,0.8788617084273903,comm,S1_fb1p5
2018-08-27,0.8488658026962861,comm,S1_fb1p5
2018-08-28,0.8534423827243203,comm,S1_fb1p5
2018-08-29,0.8629711056529267,comm,S1_fb1p5
2018-08-30,0.8813478355325409,comm,S1_fb1p5
2018-08-31,0.878152094590879,comm,S1_fb1p5
2018-09-03,0.7824406006284653,comm,S1_fb1p5
2018-09-04,0.774888613505309,comm,S1_fb1p5
2018-09-05,0.7522281732265906,comm,S1_fb1p5
2018-09-06,0.751891769415353,comm,S1_fb1p5
2018-09-07,0.7390941158441292,comm,S1_fb1p5
2018-09-10,0.8128984497806502,comm,S1_fb1p5
2018-09-11,0.812058637875006,comm,S1_fb1p5
2018-09-12,0.8272900559472643,comm,S1_fb1p5
2018-09-13,0.8415113546621487,comm,S1_fb1p5
2018-09-14,0.8496128480712521,comm,S1_fb1p5
2018-09-17,0.7193360668305077,comm,S1_fb1p5
2018-09-18,0.6991246633673236,comm,S1_fb1p5
2018-09-19,0.6906499655736298,comm,S1_fb1p5
2018-09-20,0.6933450571483669,comm,S1_fb1p5
2018-09-21,0.708559457560336,comm,S1_fb1p5
2018-09-25,0.7325445357713266,comm,S1_fb1p5
2018-09-26,0.7445538146304218,comm,S1_fb1p5
2018-09-27,0.7425980537161412,comm,S1_fb1p5
2018-09-28,0.7378129452924806,comm,S1_fb1p5
2018-10-08,0.7592069813407333,comm,S1_fb1p5
2018-10-09,0.7700201349186773,comm,S1_fb1p5
2018-10-10,0.764977588324891,comm,S1_fb1p5
2018-10-11,0.7504593793582286,comm,S1_fb1p5
2018-10-12,0.7818718091419742,comm,S1_fb1p5
2018-10-15,0.8146564643589571,comm,S1_fb1p5
2018-10-16,0.8185630422453429,comm,S1_fb1p5
2018-10-17,0.8269538191639132,comm,S1_fb1p5
2018-10-18,0.8185838068950396,comm,S1_fb1p5
2018-10-19,0.8092598585168403,comm,S1_fb1p5
2018-10-22,0.8317892528783992,comm,S1_fb1p5
2018-10-23,0.8289091232174659,comm,S1_fb1p5
2018-10-24,0.8190414734395276,comm,S1_fb1p5
2018-10-25,0.8055298689283362,comm,S1_fb1p5
2018-10-26,0.8037958294114824,comm,S1_fb1p5
2018-10-29,0.8115487213353832,comm,S1_fb1p5
2018-10-30,0.8139567609213124,comm,S1_fb1p5
2018-10-31,0.8031681313416479,comm,S1_fb1p5
2018-11-01,0.7976661295261026,comm,S1_fb1p5
2018-11-02,0.8229587343418087,comm,S1_fb1p5
2018-11-05,0.9126368685380694,comm,S1_fb1p5
2018-11-06,0.9040451594832074,comm,S1_fb1p5
2018-11-07,0.904089187561596,comm,S1_fb1p5
2018-11-08,0.9042141300262697,comm,S1_fb1p5
2018-11-09,0.8857177284257866,comm,S1_fb1p5
2018-11-12,0.8962852429803754,comm,S1_fb1p5
2018-11-13,0.8890694908828852,comm,S1_fb1p5
2018-11-14,0.8678258032811248,comm,S1_fb1p5
2018-11-15,0.910548895305056,comm,S1_fb1p5
2018-11-16,0.8992491186325722,comm,S1_fb1p5
2018-11-19,0.917889764455496,comm,S1_fb1p5
2018-11-20,0.9221439490261405,comm,S1_fb1p5
2018-11-21,0.9221940174512497,comm,S1_fb1p5
2018-11-22,0.938903550593065,comm,S1_fb1p5
2018-11-23,0.9524485311919769,comm,S1_fb1p5
2018-11-26,0.9382931485117972,comm,S1_fb1p5
2018-11-27,0.9173795010157899,comm,S1_fb1p5
2018-11-28,0.9062124092776144,comm,S1_fb1p5
2018-11-29,0.8660350947336353,comm,S1_fb1p5
2018-11-30,0.8747248167645871,comm,S1_fb1p5
2018-12-03,0.8715387193636757,comm,S1_fb1p5
2018-12-04,0.8528410902527979,comm,S1_fb1p5
2018-12-05,0.8464899533140071,comm,S1_fb1p5
2018-12-06,0.8405273893091171,comm,S1_fb1p5
2018-12-07,0.8374555287518761,comm,S1_fb1p5
2018-12-10,0.7065489201703229,comm,S1_fb1p5
2018-12-11,0.6993562237080982,comm,S1_fb1p5
2018-12-12,0.6951116329030649,comm,S1_fb1p5
2018-12-13,0.7133093033707115,comm,S1_fb1p5
2018-12-14,0.7199096234772827,comm,S1_fb1p5
2018-12-17,0.7358784449380659,comm,S1_fb1p5
2018-12-18,0.7516437942487139,comm,S1_fb1p5
2018-12-19,0.7414935020271285,comm,S1_fb1p5
2018-12-20,0.7370593993773887,comm,S1_fb1p5
2018-12-21,0.7335693738821902,comm,S1_fb1p5
2018-12-24,0.7801858543320742,comm,S1_fb1p5
2018-12-25,0.7661726805675064,comm,S1_fb1p5
2018-12-26,0.7644089056965532,comm,S1_fb1p5
2018-12-27,0.7548437374412242,comm,S1_fb1p5
2018-12-28,0.7331726600334293,comm,S1_fb1p5
2019-01-02,0.7137910058089901,comm,S1_fb1p5
2019-01-03,0.7078108508746456,comm,S1_fb1p5
2019-01-04,0.7257055161208686,comm,S1_fb1p5
2019-01-07,0.7770523775336551,comm,S1_fb1p5
2019-01-08,0.7583043630295204,comm,S1_fb1p5
2019-01-09,0.7659686720094854,comm,S1_fb1p5
2019-01-10,0.7688835942400227,comm,S1_fb1p5
2019-01-11,0.764590107820315,comm,S1_fb1p5
2019-01-14,0.7824009483333612,comm,S1_fb1p5
2019-01-15,0.7806508346339046,comm,S1_fb1p5
2019-01-16,0.7881636235655503,comm,S1_fb1p5
2019-01-17,0.791116316605677,comm,S1_fb1p5
2019-01-18,0.7974830153420963,comm,S1_fb1p5
2019-01-21,0.8711742322956351,comm,S1_fb1p5
2019-01-22,0.8485655654743075,comm,S1_fb1p5
2019-01-23,0.8562327454465687,comm,S1_fb1p5
2019-01-24,0.8659843939923123,comm,S1_fb1p5
2019-01-25,0.8609375698958551,comm,S1_fb1p5
2019-01-28,0.8351890200981028,comm,S1_fb1p5
2019-01-29,0.8163892048312105,comm,S1_fb1p5
2019-01-30,0.8116646236333891,comm,S1_fb1p5
2019-01-31,0.804865558341156,comm,S1_fb1p5
2019-02-01,0.8069090478838401,comm,S1_fb1p5
2019-02-11,0.8712176345275634,comm,S1_fb1p5
2019-02-12,0.8890397345007275,comm,S1_fb1p5
2019-02-13,0.8990389331620176,comm,S1_fb1p5
2019-02-14,0.9184561020536339,comm,S1_fb1p5
2019-02-15,0.9158897215263894,comm,S1_fb1p5
2019-02-18,0.8134397518297504,comm,S1_fb1p5
2019-02-19,0.8261537835031519,comm,S1_fb1p5
2019-02-20,0.8399262210383511,comm,S1_fb1p5
2019-02-21,0.8399361528819237,comm,S1_fb1p5
2019-02-22,0.8527508456681788,comm,S1_fb1p5
2019-02-25,0.8833414633620322,comm,S1_fb1p5
2019-02-26,0.8762006523170877,comm,S1_fb1p5
2019-02-27,0.8654656317161122,comm,S1_fb1p5
2019-02-28,0.8708761143863546,comm,S1_fb1p5
2019-03-01,0.8756872207462624,comm,S1_fb1p5
2019-03-04,0.8737863814875896,comm,S1_fb1p5
2019-03-05,0.8471447071291067,comm,S1_fb1p5
2019-03-06,0.8421933091572658,comm,S1_fb1p5
2019-03-07,0.8080835712767441,comm,S1_fb1p5
2019-03-08,0.796858698546482,comm,S1_fb1p5
2019-03-11,0.8022330917328984,comm,S1_fb1p5
2019-03-12,0.7978534783735979,comm,S1_fb1p5
2019-03-13,0.7961145291943104,comm,S1_fb1p5
2019-03-14,0.7992147062481729,comm,S1_fb1p5
2019-03-15,0.791217629949836,comm,S1_fb1p5
2019-03-18,0.7964924104575625,comm,S1_fb1p5
2019-03-19,0.8065764528024398,comm,S1_fb1p5
2019-03-20,0.8179722513531088,comm,S1_fb1p5
2019-03-21,0.8180923906138451,comm,S1_fb1p5
2019-03-22,0.8078476597178285,comm,S1_fb1p5
2019-03-25,0.8192582287122486,comm,S1_fb1p5
2019-03-26,0.8119459303626632,comm,S1_fb1p5
2019-03-27,0.8074696849695392,comm,S1_fb1p5
2019-03-28,0.8000151224584242,comm,S1_fb1p5
2019-03-29,0.7913181299758162,comm,S1_fb1p5
2019-04-01,0.8264265877828704,comm,S1_fb1p5
2019-04-02,0.8266042582030783,comm,S1_fb1p5
2019-04-03,0.8492073450125004,comm,S1_fb1p5
2019-04-04,0.8579630473133879,comm,S1_fb1p5
2019-04-08,0.9035595196128686,comm,S1_fb1p5
2019-04-09,0.8903265206789015,comm,S1_fb1p5
2019-04-10,0.8977380878457357,comm,S1_fb1p5
2019-04-11,0.8911061395762567,comm,S1_fb1p5
2019-04-12,0.8937187171349403,comm,S1_fb1p5
2019-04-15,0.9194737474298347,comm,S1_fb1p5
2019-04-16,0.9187139009547343,comm,S1_fb1p5
2019-04-17,0.9229089220943753,comm,S1_fb1p5
2019-04-18,0.9517109967719284,comm,S1_fb1p5
2019-04-19,0.9496804857672344,comm,S1_fb1p5
2019-04-22,0.8850594446906604,comm,S1_fb1p5
2019-04-23,0.8878872277795838,comm,S1_fb1p5
2019-04-24,0.8911888811205219,comm,S1_fb1p5
2019-04-25,0.8930879159524558,comm,S1_fb1p5
2019-04-26,0.8766777889332874,comm,S1_fb1p5
2019-04-29,0.88670809444074,comm,S1_fb1p5
2019-04-30,0.8789725563573726,comm,S1_fb1p5
2019-05-06,0.8669062558914252,comm,S1_fb1p5
2019-05-07,0.8659721361790191,comm,S1_fb1p5
2019-05-08,0.8756316205888278,comm,S1_fb1p5
2019-05-09,0.8659046393227323,comm,S1_fb1p5
2019-05-10,0.8738979868735105,comm,S1_fb1p5
2019-05-13,0.9567121794491901,comm,S1_fb1p5
2019-05-14,0.933727634064901,comm,S1_fb1p5
2019-05-15,0.9465371727647194,comm,S1_fb1p5
2019-05-16,0.9533027504580872,comm,S1_fb1p5
2019-05-17,0.9346155242773174,comm,S1_fb1p5
2019-05-20,0.9312575271674018,comm,S1_fb1p5
2019-05-21,0.928888309479179,comm,S1_fb1p5
2019-05-22,0.9045948805401414,comm,S1_fb1p5
2019-05-23,0.8832328468078718,comm,S1_fb1p5
2019-05-24,0.8818710036862369,comm,S1_fb1p5
2019-05-27,0.9233544832299662,comm,S1_fb1p5
2019-05-28,0.9275491007295114,comm,S1_fb1p5
2019-05-29,0.9309228041432351,comm,S1_fb1p5
2019-05-30,0.9225877675742181,comm,S1_fb1p5
2019-05-31,0.9233079618912129,comm,S1_fb1p5
2019-06-03,0.9460063380178672,comm,S1_fb1p5
2019-06-04,0.9309529073709851,comm,S1_fb1p5
2019-06-05,0.9272815437965616,comm,S1_fb1p5
2019-06-06,0.9163608833358036,comm,S1_fb1p5
2019-06-10,0.8895890349444573,comm,S1_fb1p5
2019-06-11,0.8862750158900623,comm,S1_fb1p5
2019-06-12,0.8828372245264636,comm,S1_fb1p5
2019-06-13,0.9594023824122769,comm,S1_fb1p5
2019-06-14,0.9456396008818863,comm,S1_fb1p5
2019-06-17,0.9413272196430669,comm,S1_fb1p5
2019-06-18,0.9468532376300397,comm,S1_fb1p5
2019-06-19,0.9594943521047666,comm,S1_fb1p5
2019-06-20,0.9538841015854683,comm,S1_fb1p5
2019-06-21,0.945816003505968,comm,S1_fb1p5
2019-06-24,0.9626261377932548,comm,S1_fb1p5
2019-06-25,0.9612367624532955,comm,S1_fb1p5
2019-06-26,0.9572256168301674,comm,S1_fb1p5
2019-06-27,0.9532843215239539,comm,S1_fb1p5
2019-06-28,0.9275965906349918,comm,S1_fb1p5
2019-07-01,0.8852462699794951,comm,S1_fb1p5
2019-07-02,0.8618091808037123,comm,S1_fb1p5
2019-07-03,0.85506435918703,comm,S1_fb1p5
2019-07-04,0.8685142973636581,comm,S1_fb1p5
2019-07-05,0.880894837247172,comm,S1_fb1p5
2019-07-08,0.9266914325437665,comm,S1_fb1p5
2019-07-09,0.9014240411971202,comm,S1_fb1p5
2019-07-10,0.9007647663067997,comm,S1_fb1p5
2019-07-11,0.9131710958394345,comm,S1_fb1p5
2019-07-12,0.895228643752082,comm,S1_fb1p5
2019-07-15,0.9217208391466993,comm,S1_fb1p5
2019-07-16,0.9107584177627316,comm,S1_fb1p5
2019-07-17,0.9373397016881847,comm,S1_fb1p5
2019-07-18,0.926626886620017,comm,S1_fb1p5
2019-07-19,0.9351050082482947,comm,S1_fb1p5
2019-07-22,0.9394164652616251,comm,S1_fb1p5
2019-07-23,0.9266612784125383,comm,S1_fb1p5
2019-07-24,0.9370279697901839,comm,S1_fb1p5
2019-07-25,0.9422050677907499,comm,S1_fb1p5
2019-07-26,0.9502166695280352,comm,S1_fb1p5
2019-07-29,0.919408391268278,comm,S1_fb1p5
2019-07-30,0.9267353387088014,comm,S1_fb1p5
2019-07-31,0.9197131025653376,comm,S1_fb1p5
2019-08-01,0.9168768096436924,comm,S1_fb1p5
2019-08-02,0.903816799999333,comm,S1_fb1p5
2019-08-05,0.8938628493093302,comm,S1_fb1p5
2019-08-06,0.886639212835095,comm,S1_fb1p5
2019-08-07,0.8919608464838708,comm,S1_fb1p5
2019-08-08,0.8952438308093513,comm,S1_fb1p5
2019-08-09,0.9665255143556791,comm,S1_fb1p5
2019-08-12,0.9900983481799904,comm,S1_fb1p5
2019-08-13,0.9817963225330698,comm,S1_fb1p5
2019-08-14,0.9704375399482514,comm,S1_fb1p5
2019-08-15,0.970326034227874,comm,S1_fb1p5
2019-08-16,0.966393579586607,comm,S1_fb1p5
2019-08-19,0.9806791542958091,comm,S1_fb1p5
2019-08-20,0.9899390469850414,comm,S1_fb1p5
2019-08-21,0.9688724495579146,comm,S1_fb1p5
2019-08-22,0.9640590563138386,comm,S1_fb1p5
2019-08-23,0.9590053439271584,comm,S1_fb1p5
2019-08-26,0.9528475575931709,comm,S1_fb1p5
2019-08-27,0.9631573331484251,comm,S1_fb1p5
2019-08-28,0.9805125349920932,comm,S1_fb1p5
2019-08-29,0.956223819674959,comm,S1_fb1p5
2019-08-30,0.961449773950117,comm,S1_fb1p5
2019-09-02,0.9439442292831386,comm,S1_fb1p5
2019-09-03,0.9577480673043146,comm,S1_fb1p5
2019-09-04,0.9602320629720149,comm,S1_fb1p5
2019-09-05,0.9584438162796354,comm,S1_fb1p5
2019-09-06,0.9635086025032664,comm,S1_fb1p5
2019-09-09,0.9836132985997861,comm,S1_fb1p5
2019-09-10,0.9876308920427684,comm,S1_fb1p5
2019-09-11,0.975847582044962,comm,S1_fb1p5
2019-09-12,0.9826496414125885,comm,S1_fb1p5
2019-09-16,0.9703498686417968,comm,S1_fb1p5
2019-09-17,0.9688060661539019,comm,S1_fb1p5
2019-09-18,0.9651768329246253,comm,S1_fb1p5
2019-09-19,0.9495627484427567,comm,S1_fb1p5
2019-09-20,0.9611705900390697,comm,S1_fb1p5
2019-09-23,0.9626090284536722,comm,S1_fb1p5
2019-09-24,0.961737245609447,comm,S1_fb1p5
2019-09-25,0.9529527107711366,comm,S1_fb1p5
2019-09-26,0.9485907474215803,comm,S1_fb1p5
2019-09-27,0.9221962801566062,comm,S1_fb1p5
2019-09-30,0.9079674383367852,comm,S1_fb1p5
2019-10-08,0.9165112410252327,comm,S1_fb1p5
2019-10-09,0.9760435958120439,comm,S1_fb1p5
2019-10-10,0.9644478478948936,comm,S1_fb1p5
2019-10-11,0.9538001166131851,comm,S1_fb1p5
2019-10-14,0.9481244764563123,comm,S1_fb1p5
2019-10-15,0.9538747269658715,comm,S1_fb1p5
2019-10-16,0.9578166525242918,comm,S1_fb1p5
2019-10-17,0.9547426605659712,comm,S1_fb1p5
2019-10-18,0.9661067914216248,comm,S1_fb1p5
2019-10-21,0.9361947161690166,comm,S1_fb1p5
2019-10-22,0.9223750643865928,comm,S1_fb1p5
2019-10-23,0.9181283767092271,comm,S1_fb1p5
2019-10-24,0.9239987854765215,comm,S1_fb1p5
2019-10-25,0.9216257331056976,comm,S1_fb1p5
2019-10-28,0.9407921512944019,comm,S1_fb1p5
2019-10-29,0.9417021308503171,comm,S1_fb1p5
2019-10-30,0.9632325299792397,comm,S1_fb1p5
2019-10-31,0.9569390339532927,comm,S1_fb1p5
2019-11-01,0.9494442300915795,comm,S1_fb1p5
2019-11-04,0.9568720487410501,comm,S1_fb1p5
2019-11-05,0.9547792447935897,comm,S1_fb1p5
2019-11-06,0.9452421621525897,comm,S1_fb1p5
2019-11-07,0.938481955700942,comm,S1_fb1p5
2019-11-08,0.9574596208115583,comm,S1_fb1p5
2019-11-11,0.943462858537456,comm,S1_fb1p5
2019-11-12,0.9207834839110677,comm,S1_fb1p5
2019-11-13,0.9110025914659116,comm,S1_fb1p5
2019-11-14,0.9193632277866439,comm,S1_fb1p5
2019-11-15,0.9059694301579401,comm,S1_fb1p5
2019-11-18,0.9291104655805238,comm,S1_fb1p5
2019-11-19,0.9209825110533346,comm,S1_fb1p5
2019-11-20,0.9084923005982949,comm,S1_fb1p5
2019-11-21,0.9232870337147996,comm,S1_fb1p5
2019-11-22,0.9330467637888606,comm,S1_fb1p5
2019-11-25,0.9465724218872976,comm,S1_fb1p5
2019-11-26,0.9433508733500144,comm,S1_fb1p5
2019-11-27,0.9541464429739277,comm,S1_fb1p5
2019-11-28,0.9554365642683348,comm,S1_fb1p5
2019-11-29,0.9581091476449303,comm,S1_fb1p5
2019-12-02,0.9199089856783121,comm,S1_fb1p5
2019-12-03,0.914058998257433,comm,S1_fb1p5
2019-12-04,0.9228943453505328,comm,S1_fb1p5
2019-12-05,0.9288358571089113,comm,S1_fb1p5
2019-12-06,0.9456659407458778,comm,S1_fb1p5
2019-12-09,0.9395430667122638,comm,S1_fb1p5
2019-12-10,0.9224852478014799,comm,S1_fb1p5
2019-12-11,0.9302540136430052,comm,S1_fb1p5
2019-12-12,0.9681735908832481,comm,S1_fb1p5
2019-12-13,0.9798260031078327,comm,S1_fb1p5
2019-12-16,0.9734371219124924,comm,S1_fb1p5
2019-12-17,0.9867341066285551,comm,S1_fb1p5
2019-12-18,0.9597221459330175,comm,S1_fb1p5
2019-12-19,0.9466998603350788,comm,S1_fb1p5
2019-12-20,0.9334374186458626,comm,S1_fb1p5
2019-12-23,0.8829319536128623,comm,S1_fb1p5
2019-12-24,0.8787396981754857,comm,S1_fb1p5
2019-12-25,0.8760895771774823,comm,S1_fb1p5
2019-12-26,0.88051284787452,comm,S1_fb1p5
2019-12-27,0.8866044282012281,comm,S1_fb1p5
2019-12-30,0.9284351593738475,comm,S1_fb1p5
2019-12-31,0.9286160636020795,comm,S1_fb1p5
2020-01-02,0.9340031523138697,comm,S1_fb1p5
2020-01-03,0.9397212851400011,comm,S1_fb1p5
2020-01-06,0.9319639595173478,comm,S1_fb1p5
2020-01-07,0.9476256560193622,comm,S1_fb1p5
2020-01-08,0.9451017201414615,comm,S1_fb1p5
2020-01-09,0.94061442523897,comm,S1_fb1p5
2020-01-10,0.940407369282595,comm,S1_fb1p5
2020-01-13,0.9677006755400303,comm,S1_fb1p5
2020-01-14,0.975774053664377,comm,S1_fb1p5
2020-01-15,0.9564290841019758,comm,S1_fb1p5
2020-01-16,0.9419658685351023,comm,S1_fb1p5
2020-01-17,0.918147844982436,comm,S1_fb1p5
2020-01-20,0.9420067364851795,comm,S1_fb1p5
2020-01-21,0.93738666622649,comm,S1_fb1p5
2020-01-22,0.9212442097406435,comm,S1_fb1p5
2020-01-23,0.9062313458364114,comm,S1_fb1p5
2020-02-03,0.9068540260375009,comm,S1_fb1p5
2020-02-04,0.9148193861638368,comm,S1_fb1p5
2020-02-05,0.924310674647602,comm,S1_fb1p5
2020-02-06,0.919742862069963,comm,S1_fb1p5
2020-02-07,0.9060547410805707,comm,S1_fb1p5
2020-02-10,0.9345901052948152,comm,S1_fb1p5
2020-02-11,0.9302106647659703,comm,S1_fb1p5
2020-02-12,0.9277940779466772,comm,S1_fb1p5
2020-02-13,0.9322886458852465,comm,S1_fb1p5
2020-02-14,0.989992970770048,comm,S1_fb1p5
2020-02-17,0.9882448165248399,comm,S1_fb1p5
2020-02-18,0.9599450180552933,comm,S1_fb1p5
2020-02-19,0.9609930249423633,comm,S1_fb1p5
2020-02-20,0.9693553090340287,comm,S1_fb1p5
2020-02-21,0.9588845933698941,comm,S1_fb1p5
2020-02-24,0.9382656002791244,comm,S1_fb1p5
2020-02-25,0.9406654434211044,comm,S1_fb1p5
2020-02-26,0.9393939871363567,comm,S1_fb1p5
2020-02-27,0.9333079412290766,comm,S1_fb1p5
2020-02-28,0.935487592407724,comm,S1_fb1p5
2020-03-02,0.701930324287564,comm,S1_fb1p5
2020-03-03,0.7088323279955586,comm,S1_fb1p5
2020-03-04,0.6949770952085197,comm,S1_fb1p5
2020-03-05,0.6979471954699448,comm,S1_fb1p5
2020-03-06,0.7002555927811436,comm,S1_fb1p5
2020-03-09,0.9329955923126981,comm,S1_fb1p5
2020-03-10,0.9610129636136043,comm,S1_fb1p5
2020-03-11,0.9492729542695607,comm,S1_fb1p5
2020-03-12,0.9315206747031064,comm,S1_fb1p5
2020-03-13,0.9337079015750398,comm,S1_fb1p5
2020-03-16,0.9363540033593674,comm,S1_fb1p5
2020-03-17,0.9126359886289747,comm,S1_fb1p5
2020-03-18,0.8794219582383174,comm,S1_fb1p5
2020-03-19,0.850048815306828,comm,S1_fb1p5
2020-03-20,0.8347046571433001,comm,S1_fb1p5
2020-03-23,0.8363964198499745,comm,S1_fb1p5
2020-03-24,0.8234806156051342,comm,S1_fb1p5
2020-03-25,0.8247976261925232,comm,S1_fb1p5
2020-03-26,0.8357175131351106,comm,S1_fb1p5
2020-03-27,0.8390488540831014,comm,S1_fb1p5
2020-03-30,0.7485301771202602,comm,S1_fb1p5
2020-03-31,0.7543455712285057,comm,S1_fb1p5
2020-04-01,0.7665124598582944,comm,S1_fb1p5
2020-04-02,0.7658251232482488,comm,S1_fb1p5
2020-04-03,0.7965015806233531,comm,S1_fb1p5
2020-04-07,0.7199626673145809,comm,S1_fb1p5
2020-04-08,0.7162587629538019,comm,S1_fb1p5
2020-04-09,0.725314432955634,comm,S1_fb1p5
2020-04-10,0.7370647086885821,comm,S1_fb1p5
2020-04-13,0.746532164076219,comm,S1_fb1p5
2020-04-14,0.7379333080385614,comm,S1_fb1p5
2020-04-15,0.7326307030641511,comm,S1_fb1p5
2020-04-16,0.7347984407499758,comm,S1_fb1p5
2020-04-17,0.748290097374148,comm,S1_fb1p5
2020-04-20,0.7853458321791282,comm,S1_fb1p5
2020-04-21,0.7805241300912336,comm,S1_fb1p5
2020-04-22,0.7588598274499813,comm,S1_fb1p5
2020-04-23,0.7683378485157965,comm,S1_fb1p5
2020-04-24,0.7688126614247561,comm,S1_fb1p5
2020-04-27,0.7616840025936252,comm,S1_fb1p5
2020-04-28,0.7678703172386957,comm,S1_fb1p5
2020-04-29,0.7797195631020127,comm,S1_fb1p5
2020-04-30,0.7912809045180553,comm,S1_fb1p5
2020-05-06,0.9454356982647191,comm,S1_fb1p5
2020-05-07,0.9518849870775097,comm,S1_fb1p5
2020-05-08,0.9449817771963803,comm,S1_fb1p5
2020-05-11,0.9649961245975208,comm,S1_fb1p5
2020-05-12,0.9536248271873201,comm,S1_fb1p5
2020-05-13,0.938531952484085,comm,S1_fb1p5
2020-05-14,0.9422448842388115,comm,S1_fb1p5
2020-05-15,0.9493301824148138,comm,S1_fb1p5
2020-05-18,0.9637685474702838,comm,S1_fb1p5
2020-05-19,0.9669685274191067,comm,S1_fb1p5
2020-05-20,0.9658695218084226,comm,S1_fb1p5
2020-05-21,0.9599373313570766,comm,S1_fb1p5
2020-05-22,0.9319825669994831,comm,S1_fb1p5
2020-05-25,0.8845648478033461,comm,S1_fb1p5
2020-05-26,0.9028192126671155,comm,S1_fb1p5
2020-05-27,0.9114820213680092,comm,S1_fb1p5
2020-05-28,0.9107245868106224,comm,S1_fb1p5
2020-05-29,0.9129322508274856,comm,S1_fb1p5
2020-06-01,0.9210517222808792,comm,S1_fb1p5
2020-06-02,0.9232363357369013,comm,S1_fb1p5
2020-06-03,0.9286921831205373,comm,S1_fb1p5
2020-06-04,0.9403775205384495,comm,S1_fb1p5
2020-06-05,0.9601162296825321,comm,S1_fb1p5
2020-06-08,0.9091186673893472,comm,S1_fb1p5
2020-06-09,0.9324950550702772,comm,S1_fb1p5
2020-06-10,0.9374835905227112,comm,S1_fb1p5
2020-06-11,0.9232329108690523,comm,S1_fb1p5
2020-06-12,0.8980534881607263,comm,S1_fb1p5
2020-06-15,0.9025082273278265,comm,S1_fb1p5
2020-06-16,0.945645798769725,comm,S1_fb1p5
2020-06-17,0.9837567948919179,comm,S1_fb1p5
2020-06-18,0.9676500232908188,comm,S1_fb1p5
2020-06-19,0.9726707044576406,comm,S1_fb1p5
2020-06-22,0.9013740557541717,comm,S1_fb1p5
2020-06-23,0.9157851789285638,comm,S1_fb1p5
2020-06-24,0.9327603403866446,comm,S1_fb1p5
2020-06-29,0.9367177934172125,comm,S1_fb1p5
2020-06-30,0.932120135581662,comm,S1_fb1p5
2020-07-01,0.9335697262685512,comm,S1_fb1p5
2020-07-02,0.9304944497869572,comm,S1_fb1p5
2020-07-03,0.9323346579811018,comm,S1_fb1p5
2020-07-06,0.9598115851363331,comm,S1_fb1p5
2020-07-07,0.9549430897140488,comm,S1_fb1p5
2020-07-08,0.9628598402970583,comm,S1_fb1p5
2020-07-09,0.9374903870944317,comm,S1_fb1p5
2020-07-10,0.9257478774066088,comm,S1_fb1p5
2020-07-13,0.9244998270579088,comm,S1_fb1p5
2020-07-14,0.9241576241939162,comm,S1_fb1p5
2020-07-15,0.9255761563661743,comm,S1_fb1p5
2020-07-16,0.9376513778317973,comm,S1_fb1p5
2020-07-17,0.9387165699237149,comm,S1_fb1p5
2020-07-20,0.888817328207728,comm,S1_fb1p5
2020-07-21,0.8819531311922338,comm,S1_fb1p5
2020-07-22,0.8475904362517667,comm,S1_fb1p5
2020-07-23,0.8554704589767341,comm,S1_fb1p5
2020-07-24,0.8522930995111176,comm,S1_fb1p5
2020-07-27,0.9192389992673292,comm,S1_fb1p5
2020-07-28,0.9176974197412484,comm,S1_fb1p5
2020-07-29,0.9472221432224136,comm,S1_fb1p5
2020-07-30,0.9409084088887198,comm,S1_fb1p5
2020-07-31,0.93709775521556,comm,S1_fb1p5
2020-08-03,0.8890052032515321,comm,S1_fb1p5
2020-08-04,0.8647839849191719,comm,S1_fb1p5
2020-08-05,0.8680158830822116,comm,S1_fb1p5
2020-08-06,0.8658921970130796,comm,S1_fb1p5
2020-08-07,0.8590849335041815,comm,S1_fb1p5
2020-08-10,0.7887540145043783,comm,S1_fb1p5
2020-08-11,0.7832641363727662,comm,S1_fb1p5
2020-08-12,0.7927888223154455,comm,S1_fb1p5
2020-08-13,0.7631188419865489,comm,S1_fb1p5
2020-08-14,0.7553077069226394,comm,S1_fb1p5
2020-08-17,0.8154948236522583,comm,S1_fb1p5
2020-08-18,0.8113463193722953,comm,S1_fb1p5
2020-08-19,0.8145099132355564,comm,S1_fb1p5
2020-08-20,0.8255100942148972,comm,S1_fb1p5
2020-08-21,0.8033244949510885,comm,S1_fb1p5
2020-08-24,0.8723740651695019,comm,S1_fb1p5
2020-08-25,0.8907384399313346,comm,S1_fb1p5
2020-08-26,0.9015081369268131,comm,S1_fb1p5
2020-08-27,0.9031389382646084,comm,S1_fb1p5
2020-08-28,0.9055639789175711,comm,S1_fb1p5
2020-08-31,0.8642038896862358,comm,S1_fb1p5
2020-09-01,0.8650436614888779,comm,S1_fb1p5
2020-09-02,0.8724484763224795,comm,S1_fb1p5
2020-09-03,0.8556818825637467,comm,S1_fb1p5
2020-09-04,0.8693992250550763,comm,S1_fb1p5
2020-09-07,0.8573936793107252,comm,S1_fb1p5
2020-09-08,0.8432648208870195,comm,S1_fb1p5
2020-09-09,0.8276817014013359,comm,S1_fb1p5
2020-09-10,0.8276879545725756,comm,S1_fb1p5
2020-09-11,0.8391833632253374,comm,S1_fb1p5
2020-09-14,0.8413869013391787,comm,S1_fb1p5
2020-09-15,0.8297852110671723,comm,S1_fb1p5
2020-09-16,0.8476044625836086,comm,S1_fb1p5
2020-09-17,0.8538255364154861,comm,S1_fb1p5
2020-09-18,0.8470925807481405,comm,S1_fb1p5
2020-09-21,0.8343202282206578,comm,S1_fb1p5
2020-09-22,0.8439397920061465,comm,S1_fb1p5
2020-09-23,0.858835873973416,comm,S1_fb1p5
2020-09-24,0.8800057550576486,comm,S1_fb1p5
2020-09-25,0.9023552030394638,comm,S1_fb1p5
2020-09-28,0.8217233101110971,comm,S1_fb1p5
2020-09-29,0.7966121881821788,comm,S1_fb1p5
2020-09-30,0.7953263749068881,comm,S1_fb1p5
2020-10-09,0.7897125283397077,comm,S1_fb1p5
2020-10-12,0.7782489276583808,comm,S1_fb1p5
2020-10-13,0.7660868820666653,comm,S1_fb1p5
2020-10-14,0.7677340665843689,comm,S1_fb1p5
2020-10-15,0.7713609545533885,comm,S1_fb1p5
2020-10-16,0.7651946217613073,comm,S1_fb1p5
2020-10-19,0.7778881807134892,comm,S1_fb1p5
2020-10-20,0.7810710442309025,comm,S1_fb1p5
2020-10-21,0.7801602083028206,comm,S1_fb1p5
2020-10-22,0.7628488603002006,comm,S1_fb1p5
2020-10-23,0.7677993585601818,comm,S1_fb1p5
2020-10-26,0.8306115188885282,comm,S1_fb1p5
2020-10-27,0.8130157076065014,comm,S1_fb1p5
2020-10-28,0.8093323771916743,comm,S1_fb1p5
2020-10-29,0.854041395412749,comm,S1_fb1p5
2020-10-30,0.8324051663284777,comm,S1_fb1p5
2020-11-02,0.8280310205932966,comm,S1_fb1p5
2020-11-03,0.8249089214293595,comm,S1_fb1p5
2020-11-04,0.8195106679631406,comm,S1_fb1p5
2020-11-05,0.8198940869537393,comm,S1_fb1p5
2020-11-06,0.8187371568646066,comm,S1_fb1p5
2020-11-09,0.8744745538253926,comm,S1_fb1p5
2020-11-10,0.8712481406265593,comm,S1_fb1p5
2020-11-11,0.868037762029101,comm,S1_fb1p5
2020-11-12,0.8515002062043825,comm,S1_fb1p5
2020-11-13,0.8447592553233728,comm,S1_fb1p5
2020-11-16,0.871962903359329,comm,S1_fb1p5
2020-11-17,0.8714862661398401,comm,S1_fb1p5
2020-11-18,0.8696861997279977,comm,S1_fb1p5
2020-11-19,0.8507477944074492,comm,S1_fb1p5
2020-11-20,0.8442586240565451,comm,S1_fb1p5
2020-11-23,0.8842428108754826,comm,S1_fb1p5
2020-11-24,0.9035766498984868,comm,S1_fb1p5
2020-11-25,0.9130698155386359,comm,S1_fb1p5
2020-11-26,0.9159485801733159,comm,S1_fb1p5
2020-11-27,0.9203442714775991,comm,S1_fb1p5
2020-11-30,0.9096132532215657,comm,S1_fb1p5
2020-12-01,0.9115571647196961,comm,S1_fb1p5
2020-12-02,0.9287305360805685,comm,S1_fb1p5
2020-12-03,0.9508983722674698,comm,S1_fb1p5
2020-12-04,0.9702613086585138,comm,S1_fb1p5
2020-12-07,0.8944863029698165,comm,S1_fb1p5
2020-12-08,0.8867700678653888,comm,S1_fb1p5
2020-12-09,0.8903991196930402,comm,S1_fb1p5
2020-12-10,0.8694008703032965,comm,S1_fb1p5
2020-12-11,0.856769636040723,comm,S1_fb1p5
2020-12-14,0.896334460231845,comm,S1_fb1p5
2020-12-15,0.8815464465640098,comm,S1_fb1p5
2020-12-16,0.8600413391408028,comm,S1_fb1p5
2020-12-17,0.8539524546537377,comm,S1_fb1p5
2020-12-18,0.8373849238568101,comm,S1_fb1p5
2020-12-21,0.740277284224889,comm,S1_fb1p5
2020-12-22,0.7197237669546653,comm,S1_fb1p5
2020-12-23,0.7286276098754892,comm,S1_fb1p5
2020-12-24,0.7333454517185232,comm,S1_fb1p5
2020-12-25,0.712964761527753,comm,S1_fb1p5
2020-12-28,0.6681252696286025,comm,S1_fb1p5
2020-12-29,0.6700193176388857,comm,S1_fb1p5
2020-12-30,0.6596043658669185,comm,S1_fb1p5
2020-12-31,0.6597699995339272,comm,S1_fb1p5
2021-01-04,0.6626455533177736,comm,S1_fb1p5
2021-01-08,0.6526883501630621,comm,S1_fb1p5
2021-01-11,0.6955385530627612,comm,S1_fb1p5
2021-01-12,0.699433573485034,comm,S1_fb1p5
2021-01-13,0.6894815763622176,comm,S1_fb1p5
2021-01-14,0.6912820761243136,comm,S1_fb1p5
2021-01-15,0.6854979112219182,comm,S1_fb1p5
2021-01-18,0.6807436710065792,comm,S1_fb1p5
2021-01-19,0.717186429650452,comm,S1_fb1p5
2021-01-20,0.7275224869782745,comm,S1_fb1p5
2021-01-21,0.7133159090447215,comm,S1_fb1p5
2021-01-22,0.6993919301677276,comm,S1_fb1p5
2021-01-25,0.6858066453055708,comm,S1_fb1p5
2021-01-26,0.6979904940529482,comm,S1_fb1p5
2021-01-27,0.6957426072526959,comm,S1_fb1p5
2021-01-28,0.7105391952675024,comm,S1_fb1p5
2021-01-29,0.7166439873949686,comm,S1_fb1p5
2021-02-01,0.6877064942049169,comm,S1_fb1p5
2021-02-02,0.6990836077171846,comm,S1_fb1p5
2021-02-03,0.7172345910137781,comm,S1_fb1p5
2021-02-04,0.7180903008336244,comm,S1_fb1p5
2021-02-05,0.7075233023497521,comm,S1_fb1p5
2022-12-05,0.684248936576363,comm,S1_fb1p5
2022-12-06,0.6863937521902471,comm,S1_fb1p5
2022-12-07,0.7028844241997835,comm,S1_fb1p5
2022-12-08,0.6936027627468379,comm,S1_fb1p5
2022-12-09,0.7187974606539288,comm,S1_fb1p5
2022-12-19,0.7060202282199186,comm,S1_fb1p5
2022-12-20,0.696802988099667,comm,S1_fb1p5
2022-12-21,0.7009556468170889,comm,S1_fb1p5
2022-12-22,0.70166629180666,comm,S1_fb1p5
2022-12-23,0.6905074149567405,comm,S1_fb1p5
2022-12-26,0.7372957904006973,comm,S1_fb1p5
2022-12-27,0.7528082137262511,comm,S1_fb1p5
2022-12-28,0.7869976035000937,comm,S1_fb1p5
2022-12-29,0.7813693115572218,comm,S1_fb1p5
2022-12-30,0.7871208338953144,comm,S1_fb1p5
2023-01-10,0.656545464639067,comm,S1_fb1p5
2023-01-11,0.6674846147963234,comm,S1_fb1p5
2023-01-12,0.6587975401758768,comm,S1_fb1p5
2023-01-13,0.6692519674020128,comm,S1_fb1p5
2023-01-16,0.8191932493570523,comm,S1_fb1p5
2023-01-17,0.8367523203629571,comm,S1_fb1p5
2023-01-18,0.8482383116271882,comm,S1_fb1p5
2023-01-19,0.8809476504886579,comm,S1_fb1p5
2023-01-20,0.8862223461077864,comm,S1_fb1p5
2023-07-17,0.8676157761044274,comm,S1_fb1p5
2023-07-18,0.8637925467952551,comm,S1_fb1p5
2023-07-19,0.8655027770515654,comm,S1_fb1p5
2023-07-20,0.876875885103621,comm,S1_fb1p5
2023-07-21,0.8728697827003089,comm,S1_fb1p5
2023-07-24,0.888463381453657,comm,S1_fb1p5
2023-07-25,0.9140023544316603,comm,S1_fb1p5
2023-07-26,0.9432218489738057,comm,S1_fb1p5
2023-07-27,0.9289777559249004,comm,S1_fb1p5
2023-07-28,0.9430344282956473,comm,S1_fb1p5
2023-07-31,0.9261347196153606,comm,S1_fb1p5
2023-08-01,0.9078407113352089,comm,S1_fb1p5
2023-08-02,0.9050714256977891,comm,S1_fb1p5
2023-08-03,0.9119588424175642,comm,S1_fb1p5
2023-08-04,0.9028357277706524,comm,S1_fb1p5
2023-08-07,0.7750519367044321,comm,S1_fb1p5
2023-08-08,0.7781546653939256,comm,S1_fb1p5
2023-08-09,0.7755764943428953,comm,S1_fb1p5
2023-08-10,0.7710083852402431,comm,S1_fb1p5
2023-08-11,0.765464040114386,comm,S1_fb1p5
2023-08-14,0.8398480153207377,comm,S1_fb1p5
2023-08-15,0.8226103581075904,comm,S1_fb1p5
2023-08-16,0.8354377483098203,comm,S1_fb1p5
2023-08-17,0.8266922343664972,comm,S1_fb1p5
2023-08-18,0.8258989361316607,comm,S1_fb1p5
2023-08-21,0.8438005753583594,comm,S1_fb1p5
2023-08-22,0.8516712848887429,comm,S1_fb1p5
2023-08-23,0.8694187395034693,comm,S1_fb1p5
2023-08-24,0.874989595761348,comm,S1_fb1p5
2023-08-25,0.8761754839349326,comm,S1_fb1p5
2023-08-28,0.8885225778818746,comm,S1_fb1p5
2023-08-29,0.8812519636713555,comm,S1_fb1p5
2023-08-30,0.8773829990937316,comm,S1_fb1p5
2023-08-31,0.8759050385456248,comm,S1_fb1p5
2023-09-01,0.8887147987952191,comm,S1_fb1p5
2023-09-04,0.8734530795905487,comm,S1_fb1p5
2023-09-05,0.8888588436400051,comm,S1_fb1p5
2023-09-06,0.9004713974510941,comm,S1_fb1p5
2023-09-07,0.8967238497044916,comm,S1_fb1p5
2023-09-08,0.9010745381552225,comm,S1_fb1p5
2023-09-11,0.9594354503043723,comm,S1_fb1p5
2023-09-12,0.976887182530025,comm,S1_fb1p5
2023-09-13,0.9675083177255304,comm,S1_fb1p5
2023-09-14,0.9676101038103431,comm,S1_fb1p5
2023-09-15,0.9927184526502566,comm,S1_fb1p5
2023-09-18,0.8538578256834116,comm,S1_fb1p5
2023-09-19,0.8499321280497325,comm,S1_fb1p5
2023-09-20,0.8628334398082109,comm,S1_fb1p5
2023-09-21,0.8590983578680109,comm,S1_fb1p5
2023-09-22,0.8625671092424376,comm,S1_fb1p5
2023-09-25,0.9156204688084713,comm,S1_fb1p5
2023-09-26,0.9041621308251848,comm,S1_fb1p5
2023-09-27,0.9009282826589693,comm,S1_fb1p5
2023-09-28,0.8912754180596822,comm,S1_fb1p5
2023-10-09,0.8993636751771605,comm,S1_fb1p5
2023-10-10,0.9088608997252058,comm,S1_fb1p5
2023-10-11,0.9135559131811305,comm,S1_fb1p5
2023-10-12,0.916295517142614,comm,S1_fb1p5
2023-10-13,0.9138307953861486,comm,S1_fb1p5
2023-10-16,0.924763082821957,comm,S1_fb1p5
2023-10-17,0.9420346389763462,comm,S1_fb1p5
2023-10-18,0.923366098808064,comm,S1_fb1p5
2023-10-19,0.9205558202472344,comm,S1_fb1p5
2023-10-20,0.9165888341007101,comm,S1_fb1p5
2023-10-23,0.9054326476152446,comm,S1_fb1p5
2023-10-24,0.91141370652577,comm,S1_fb1p5
2023-10-25,0.9051116923567863,comm,S1_fb1p5
2023-10-26,0.9117674028824793,comm,S1_fb1p5
2023-10-27,0.9252021599655931,comm,S1_fb1p5
2023-10-30,0.9311000527687632,comm,S1_fb1p5
2023-10-31,0.9245001026043774,comm,S1_fb1p5
2023-11-01,0.9256118280452692,comm,S1_fb1p5
2023-11-02,0.9154821401496313,comm,S1_fb1p5
2023-11-03,0.9249313864883616,comm,S1_fb1p5
2023-11-06,0.901850474157608,comm,S1_fb1p5
2023-11-07,0.8939330529690008,comm,S1_fb1p5
2023-11-08,0.8881257847465099,comm,S1_fb1p5
2023-11-09,0.8822595271156344,comm,S1_fb1p5
2023-11-10,0.8882577950868482,comm,S1_fb1p5
2023-11-13,0.9295754124819505,comm,S1_fb1p5
2023-11-14,0.9444500145401608,comm,S1_fb1p5
2023-11-15,0.9326905835576736,comm,S1_fb1p5
2023-11-16,0.9297297351133917,comm,S1_fb1p5
2023-11-17,0.9254335129051483,comm,S1_fb1p5
2023-11-20,0.9002178284859669,comm,S1_fb1p5
2023-11-21,0.8868859829205776,comm,S1_fb1p5
2023-11-22,0.8991319158767279,comm,S1_fb1p5
2023-11-23,0.9122210241330979,comm,S1_fb1p5
2023-11-24,0.9135493123374102,comm,S1_fb1p5
2023-11-27,0.9231083973306884,comm,S1_fb1p5
2023-11-28,0.9165464298652106,comm,S1_fb1p5
2023-11-29,0.9211052444813357,comm,S1_fb1p5
2023-11-30,0.9203727960077773,comm,S1_fb1p5
2023-12-01,0.8984084945637334,comm,S1_fb1p5
2023-12-04,0.8383791034195607,comm,S1_fb1p5
2023-12-05,0.8337197086157351,comm,S1_fb1p5
2023-12-06,0.8354150590947709,comm,S1_fb1p5
2023-12-07,0.8175300851772807,comm,S1_fb1p5
2023-12-08,0.8284210582802589,comm,S1_fb1p5
2023-12-11,0.8219032473838394,comm,S1_fb1p5
2023-12-12,0.8191374265935013,comm,S1_fb1p5
2023-12-13,0.8185319322645364,comm,S1_fb1p5
2023-12-14,0.8183256871715138,comm,S1_fb1p5
2023-12-15,0.8126449477877746,comm,S1_fb1p5
2023-12-18,0.8754565618503491,comm,S1_fb1p5
2023-12-19,0.865056242440945,comm,S1_fb1p5
2023-12-20,0.857941832161109,comm,S1_fb1p5
2023-12-21,0.8910378473946416,comm,S1_fb1p5
2023-12-22,0.8713653667566968,comm,S1_fb1p5
2023-12-25,0.8907031037210608,comm,S1_fb1p5
2023-12-26,0.888637150473778,comm,S1_fb1p5
2023-12-27,0.8782794525877169,comm,S1_fb1p5
2023-12-28,0.8649157244390347,comm,S1_fb1p5
2023-12-29,0.8589286187497436,comm,S1_fb1p5
2024-01-02,0.9060023876944653,comm,S1_fb1p5
2024-01-03,0.918805523475935,comm,S1_fb1p5
2024-01-04,0.9269695304885359,comm,S1_fb1p5
2024-01-05,0.9124740006319695,comm,S1_fb1p5
2024-01-08,0.9422485008398825,comm,S1_fb1p5
2024-01-09,0.9344337243520688,comm,S1_fb1p5
2024-01-10,0.9255365492465568,comm,S1_fb1p5
2024-01-11,0.9293935627501112,comm,S1_fb1p5
2024-01-12,0.935379174414375,comm,S1_fb1p5
2024-01-15,0.9500988073605733,comm,S1_fb1p5
2024-01-16,0.9588137278422475,comm,S1_fb1p5
2024-01-17,0.9454213041699798,comm,S1_fb1p5
2024-01-18,0.9454189024427937,comm,S1_fb1p5
2024-01-19,0.9527596401188226,comm,S1_fb1p5
2024-01-22,0.944217556446741,comm,S1_fb1p5
2024-01-23,0.9493381922095367,comm,S1_fb1p5
2024-01-24,0.9462444586393475,comm,S1_fb1p5
2024-01-25,0.9556637064941015,comm,S1_fb1p5
2024-01-26,0.9508694030417763,comm,S1_fb1p5
2024-01-29,0.9441995358282143,comm,S1_fb1p5
2024-01-30,0.9257446462172852,comm,S1_fb1p5
2024-01-31,0.9094722572475579,comm,S1_fb1p5
2024-02-01,0.9084520888195529,comm,S1_fb1p5
2024-02-02,0.8936125352276063,comm,S1_fb1p5
2024-02-05,0.9015766364058485,comm,S1_fb1p5
2024-02-06,0.9036125538675017,comm,S1_fb1p5
2024-02-07,0.8907744790080253,comm,S1_fb1p5
2024-02-08,0.9011536743583848,comm,S1_fb1p5
2024-02-19,0.911198069255331,comm,S1_fb1p5
2024-02-20,0.9159592187046748,comm,S1_fb1p5
2024-02-21,0.9608898729686904,comm,S1_fb1p5
2024-02-22,0.9685703773291432,comm,S1_fb1p5
2024-02-23,0.976377745762005,comm,S1_fb1p5
2024-02-26,0.9664552149946025,comm,S1_fb1p5
2024-02-27,0.9723286203971075,comm,S1_fb1p5
2024-02-28,0.9814204026918062,comm,S1_fb1p5
2024-02-29,0.9629075979287693,comm,S1_fb1p5
2024-03-01,0.9704578573031734,comm,S1_fb1p5
2024-03-04,0.9449166386265077,comm,S1_fb1p5
2024-03-05,0.9358484864650903,comm,S1_fb1p5
2024-03-06,0.925528203572407,comm,S1_fb1p5
2024-03-07,0.9322921024643225,comm,S1_fb1p5
2024-03-08,0.9309946453190108,comm,S1_fb1p5
2024-03-11,0.9040455516482057,comm,S1_fb1p5
2024-03-12,0.9097011256780969,comm,S1_fb1p5
2024-03-13,0.9066986607933748,comm,S1_fb1p5
2024-03-14,0.8862768728333112,comm,S1_fb1p5
2024-03-15,0.8654446078428747,comm,S1_fb1p5
2024-03-18,0.8878088789624567,comm,S1_fb1p5
2024-03-19,0.9115006350494582,comm,S1_fb1p5
2024-03-20,0.9627343711423266,comm,S1_fb1p5
2024-03-21,0.9575204018233103,comm,S1_fb1p5
2024-03-22,0.9660629795114479,comm,S1_fb1p5
2024-03-25,0.9680679890947541,comm,S1_fb1p5
2024-03-26,0.9460293308722592,comm,S1_fb1p5
2024-03-27,0.9348790499640448,comm,S1_fb1p5
2024-03-28,0.9174803867970708,comm,S1_fb1p5
2024-03-29,0.8951788852854863,comm,S1_fb1p5
2024-04-01,0.9033321709624892,comm,S1_fb1p5
2024-04-02,0.9138822233094803,comm,S1_fb1p5
2024-04-03,0.9036569442458625,comm,S1_fb1p5
2024-04-08,0.9018412217961073,comm,S1_fb1p5
2024-04-09,0.9508016596354036,comm,S1_fb1p5
2024-04-10,0.9545046048421645,comm,S1_fb1p5
2024-04-11,0.9543049944557555,comm,S1_fb1p5
2024-04-12,0.9535364411655731,comm,S1_fb1p5
2024-04-15,0.9357041196246196,comm,S1_fb1p5
2024-04-16,0.9552916266995394,comm,S1_fb1p5
2024-04-17,0.9661600887871548,comm,S1_fb1p5
2024-04-18,0.9825280857431461,comm,S1_fb1p5
2024-04-19,0.9704912206911822,comm,S1_fb1p5
2024-04-22,0.9431492392393567,comm,S1_fb1p5
2024-04-23,0.9371107667543046,comm,S1_fb1p5
2024-04-24,0.9515417327843494,comm,S1_fb1p5
2024-04-25,0.9381642022893085,comm,S1_fb1p5
2024-04-26,0.9359923487629727,comm,S1_fb1p5
2024-04-29,0.9583227343141364,comm,S1_fb1p5
2024-04-30,0.9561731003674846,comm,S1_fb1p5
2024-05-06,0.9543229318339773,comm,S1_fb1p5
2024-05-07,0.9413989166968612,comm,S1_fb1p5
2024-05-08,0.9452484265799559,comm,S1_fb1p5
2024-05-09,0.9362876294719603,comm,S1_fb1p5
2024-05-10,0.9374980309627514,comm,S1_fb1p5
2024-05-13,0.9453377069568618,comm,S1_fb1p5
2024-05-14,0.9341808566874732,comm,S1_fb1p5
2024-05-15,0.9324647266935596,comm,S1_fb1p5
2024-05-16,0.9409004800491316,comm,S1_fb1p5
2024-05-17,0.9535143278188091,comm,S1_fb1p5
2024-05-20,0.9704158097097366,comm,S1_fb1p5
2024-05-21,0.9611388963840471,comm,S1_fb1p5
2024-05-22,0.9710782107858993,comm,S1_fb1p5
2024-05-23,0.9824464045740308,comm,S1_fb1p5
2024-05-24,0.98505101203415,comm,S1_fb1p5
2024-05-27,0.925962490337513,comm,S1_fb1p5
2024-05-28,0.9101419521878492,comm,S1_fb1p5
2024-05-29,0.8998252598462896,comm,S1_fb1p5
2024-05-30,0.8927144970619173,comm,S1_fb1p5
2024-05-31,0.8957648428381225,comm,S1_fb1p5
2024-06-03,0.9401829689497927,comm,S1_fb1p5
2024-06-04,0.9245922785045964,comm,S1_fb1p5
2024-06-05,0.90773861022413,comm,S1_fb1p5
2024-06-06,0.9127844848007699,comm,S1_fb1p5
2024-06-07,0.9150212602500354,comm,S1_fb1p5
2024-06-11,0.8893771004320931,comm,S1_fb1p5
2024-06-12,0.9090860788572411,comm,S1_fb1p5
2024-06-13,0.9008179291698285,comm,S1_fb1p5
2024-06-14,0.8916280977380187,comm,S1_fb1p5
2024-06-17,0.7961427628048005,comm,S1_fb1p5
2024-06-18,0.763767558319794,comm,S1_fb1p5
2024-06-19,0.7605050560904834,comm,S1_fb1p5
2024-06-20,0.7589580491145018,comm,S1_fb1p5
2024-06-21,0.7628369786946461,comm,S1_fb1p5
2024-06-24,0.8113263737113444,comm,S1_fb1p5
2024-06-25,0.8006247578408585,comm,S1_fb1p5
2024-06-26,0.8035926539834997,comm,S1_fb1p5
2024-06-27,0.8011194566126782,comm,S1_fb1p5
2024-06-28,0.7958283028672422,comm,S1_fb1p5
2024-07-01,0.9016000339506116,comm,S1_fb1p5
2024-07-02,0.8991360159811791,comm,S1_fb1p5
2024-07-03,0.8893129582869369,comm,S1_fb1p5
2024-07-04,0.9060088244283808,comm,S1_fb1p5
2024-07-05,0.9068247348949855,comm,S1_fb1p5
2024-07-08,0.9252659787930492,comm,S1_fb1p5
2024-07-09,0.9144201618765766,comm,S1_fb1p5
2024-07-10,0.9169903070956151,comm,S1_fb1p5
2024-07-11,0.9207198051554373,comm,S1_fb1p5
2024-07-12,0.9324973060229343,comm,S1_fb1p5
2024-07-15,0.9834845722825198,comm,S1_fb1p5
2024-07-16,0.9860804061511815,comm,S1_fb1p5
2024-07-17,0.9705308514649102,comm,S1_fb1p5
2024-07-18,0.9648616434422674,comm,S1_fb1p5
2024-07-19,0.973205484620162,comm,S1_fb1p5
2024-07-22,0.9365624777484487,comm,S1_fb1p5
2024-07-23,0.9265419233826465,comm,S1_fb1p5
2024-07-24,0.9102248110995449,comm,S1_fb1p5
2024-07-25,0.8913771783870389,comm,S1_fb1p5
2024-07-26,0.8947300958041112,comm,S1_fb1p5
2024-07-29,0.9050862868333989,comm,S1_fb1p5
2024-07-30,0.9073392773706176,comm,S1_fb1p5
2024-07-31,0.8961948964348206,comm,S1_fb1p5
2024-08-01,0.8935691717977274,comm,S1_fb1p5
2024-08-02,0.8915638395478344,comm,S1_fb1p5
2024-08-05,0.9277232371704539,comm,S1_fb1p5
2024-08-06,0.9232126401797632,comm,S1_fb1p5
2024-08-07,0.9003627057739643,comm,S1_fb1p5
2024-08-08,0.9061568955734038,comm,S1_fb1p5
2024-08-09,0.9153186066179099,comm,S1_fb1p5
2024-08-12,0.8863545399230391,comm,S1_fb1p5
2024-08-13,0.8655350507436919,comm,S1_fb1p5
2024-08-14,0.8296018624091299,comm,S1_fb1p5
2024-08-15,0.8343494913090325,comm,S1_fb1p5
2024-08-16,0.8510690998676829,comm,S1_fb1p5
2024-08-19,0.8821583193837006,comm,S1_fb1p5
2024-08-20,0.8923947371841922,comm,S1_fb1p5
2024-08-21,0.959635813709225,comm,S1_fb1p5
2024-08-22,0.9464710561430285,comm,S1_fb1p5
2024-08-23,0.9203043077114124,comm,S1_fb1p5
2024-08-26,0.954708787993545,comm,S1_fb1p5
2024-08-27,0.9810096288771796,comm,S1_fb1p5
2024-08-28,0.9659159379729622,comm,S1_fb1p5
2024-08-29,0.9756237343224584,comm,S1_fb1p5
2024-08-30,0.9695165286881658,comm,S1_fb1p5
2024-09-02,0.9114286446196368,comm,S1_fb1p5
2024-09-03,0.8902365978519814,comm,S1_fb1p5
2024-09-04,0.8813338010311945,comm,S1_fb1p5
2024-09-05,0.877641481547607,comm,S1_fb1p5
2024-09-06,0.8537732359846553,comm,S1_fb1p5
2024-09-09,0.8815653875671088,comm,S1_fb1p5
2024-09-10,0.8703935634173765,comm,S1_fb1p5
2024-09-11,0.8579980038962842,comm,S1_fb1p5
2024-09-12,0.8628258744815455,comm,S1_fb1p5
2024-09-13,0.8542159196663437,comm,S1_fb1p5
2024-09-18,0.8540802695071487,comm,S1_fb1p5
2024-09-19,0.8543744489862666,comm,S1_fb1p5
2024-09-20,0.9101021369543457,comm,S1_fb1p5
2024-09-23,0.9227606193383967,comm,S1_fb1p5
2024-09-24,0.93781799590862,comm,S1_fb1p5
2024-09-25,0.9444260396254287,comm,S1_fb1p5
2024-09-26,0.9474532055866124,comm,S1_fb1p5
2024-09-27,0.998931775689174,comm,S1_fb1p5
2024-09-30,1.036418973555308,comm,S1_fb1p5
2024-10-08,0.8730607059473442,comm,S1_fb1p5
2024-10-09,0.8494018439092159,comm,S1_fb1p5
2024-10-10,0.8372207268821303,comm,S1_fb1p5
2024-10-11,0.8204633839004991,comm,S1_fb1p5
2024-10-14,0.817926947201907,comm,S1_fb1p5
2024-10-15,0.829724464126566,comm,S1_fb1p5
2024-10-16,0.8324224446912118,comm,S1_fb1p5
2024-10-17,0.8042555803606306,comm,S1_fb1p5
2024-10-18,0.7879478392681042,comm,S1_fb1p5
2024-10-21,0.7889275185785293,comm,S1_fb1p5
2024-10-22,0.7879258363607184,comm,S1_fb1p5
2024-10-23,0.7923319167579967,comm,S1_fb1p5
2024-10-24,0.7976664751089123,comm,S1_fb1p5
2024-10-25,0.8127417050073756,comm,S1_fb1p5
2024-10-28,0.8980844253462559,comm,S1_fb1p5
2024-10-29,0.9000468959460042,comm,S1_fb1p5
2024-10-30,0.903572254503967,comm,S1_fb1p5
2024-10-31,0.9067501013782664,comm,S1_fb1p5
2024-11-01,0.8811524030182015,comm,S1_fb1p5
2024-11-04,0.8864660555452373,comm,S1_fb1p5
2024-11-05,0.8815105140173036,comm,S1_fb1p5
2024-11-06,0.8707463468732075,comm,S1_fb1p5
2024-11-07,0.8549029916128015,comm,S1_fb1p5
2024-11-08,0.8276455976058932,comm,S1_fb1p5
2024-11-11,0.8165696328920783,comm,S1_fb1p5
2024-11-12,0.8113863756683064,comm,S1_fb1p5
2024-11-13,0.8409537565104702,comm,S1_fb1p5
2024-11-14,0.8456297936492607,comm,S1_fb1p5
2024-11-15,0.8193322758540657,comm,S1_fb1p5
2024-11-18,0.7441907755434342,comm,S1_fb1p5
2024-11-19,0.7224377512053003,comm,S1_fb1p5
2024-11-20,0.7184140700633721,comm,S1_fb1p5
2024-11-21,0.7206305098147717,comm,S1_fb1p5
2024-11-22,0.7243225496999773,comm,S1_fb1p5
2024-11-25,0.7021705103024216,comm,S1_fb1p5
2024-11-26,0.6965689508882369,comm,S1_fb1p5
2024-11-27,0.6945684293578999,comm,S1_fb1p5
2024-11-28,0.6891822487370951,comm,S1_fb1p5
2024-11-29,0.7033547547366958,comm,S1_fb1p5
2024-12-02,0.7147147742468792,comm,S1_fb1p5
2024-12-03,0.7154760692350302,comm,S1_fb1p5
2024-12-04,0.6896566620684617,comm,S1_fb1p5
2024-12-05,0.671837592181293,comm,S1_fb1p5
2024-12-06,0.6737457681385829,comm,S1_fb1p5
2024-12-09,0.7376932738979373,comm,S1_fb1p5
2024-12-10,0.7440399525774836,comm,S1_fb1p5
2024-12-11,0.74897426710223,comm,S1_fb1p5
2024-12-12,0.7482673207915912,comm,S1_fb1p5
2024-12-13,0.7860840428774262,comm,S1_fb1p5
2024-12-16,0.8125420983962787,comm,S1_fb1p5
2024-12-17,0.8347814421414473,comm,S1_fb1p5
2024-12-18,0.8545993212853452,comm,S1_fb1p5
2024-12-19,0.8546816045157523,comm,S1_fb1p5
2024-12-20,0.8327879795435159,comm,S1_fb1p5
2024-12-23,0.8314205074875137,comm,S1_fb1p5
2024-12-24,0.8399636970222372,comm,S1_fb1p5
2024-12-25,0.850478793951162,comm,S1_fb1p5
2024-12-26,0.858533403180555,comm,S1_fb1p5
2024-12-27,0.8395094778319976,comm,S1_fb1p5
2024-12-30,0.8539659708419585,comm,S1_fb1p5
2024-12-31,0.8426435828824878,comm,S1_fb1p5
2025-01-02,0.8323641036517567,comm,S1_fb1p5
2025-01-03,0.823321314622213,comm,S1_fb1p5
2025-01-06,0.8665657347458159,comm,S1_fb1p5
2025-01-07,0.8684003682807163,comm,S1_fb1p5
2025-01-08,0.8483966518592714,comm,S1_fb1p5
2025-01-09,0.8525839827076193,comm,S1_fb1p5
2025-01-10,0.856646114063315,comm,S1_fb1p5
2025-01-13,0.7639301040375669,comm,S1_fb1p5
2025-01-14,0.7717831341025448,comm,S1_fb1p5
2025-01-15,0.8093277053999433,comm,S1_fb1p5
2025-01-16,0.8126996674760412,comm,S1_fb1p5
2025-01-17,0.8363685435246938,comm,S1_fb1p5
2025-01-20,0.8394877142826205,comm,S1_fb1p5
2025-01-21,0.8386317568456056,comm,S1_fb1p5
2025-01-22,0.8300144673604002,comm,S1_fb1p5
2025-01-23,0.8465487611888037,comm,S1_fb1p5
2025-01-24,0.8486392609077512,comm,S1_fb1p5
2025-01-27,0.9332268945527847,comm,S1_fb1p5
2025-02-05,0.8904733148790097,comm,S1_fb1p5
2025-02-06,0.8834266633207212,comm,S1_fb1p5
2025-02-07,0.8839814084099542,comm,S1_fb1p5
2025-02-10,0.8867665377975303,comm,S1_fb1p5
2025-02-11,0.8811601701279855,comm,S1_fb1p5
2025-02-12,0.8755944912189573,comm,S1_fb1p5
2025-02-13,0.8793404487154434,comm,S1_fb1p5
2025-02-14,0.8796943303942895,comm,S1_fb1p5
2025-02-17,0.9015382011529833,comm,S1_fb1p5
2025-02-18,0.9498178347798684,comm,S1_fb1p5
2025-02-19,0.9517672810542096,comm,S1_fb1p5
2025-02-20,0.9555858886031396,comm,S1_fb1p5
2025-02-21,0.9646532002098565,comm,S1_fb1p5
2025-02-24,0.9757284658004134,comm,S1_fb1p5
2025-02-25,0.9588465177084144,comm,S1_fb1p5
2025-02-26,0.9515783685252099,comm,S1_fb1p5
2025-02-27,0.9602041314276886,comm,S1_fb1p5
2025-02-28,0.9441711146848543,comm,S1_fb1p5
2025-03-03,0.9432766369258043,comm,S1_fb1p5
2025-03-04,0.935556349909816,comm,S1_fb1p5
2025-03-05,0.931301456397873,comm,S1_fb1p5
2025-03-06,0.9244939135275673,comm,S1_fb1p5
2025-03-07,0.9312697672746086,comm,S1_fb1p5
2025-03-10,0.9218562073595085,comm,S1_fb1p5
2025-03-11,0.9324027205332188,comm,S1_fb1p5
2025-03-12,0.9171499798969056,comm,S1_fb1p5
2025-03-13,0.9230665420460991,comm,S1_fb1p5
2025-03-14,0.9713768696915023,comm,S1_fb1p5
2025-03-17,0.9889160516300247,comm,S1_fb1p5
2025-03-18,0.9608086515931415,comm,S1_fb1p5
2025-03-19,0.9605233284813087,comm,S1_fb1p5
2025-03-20,0.9421370878527281,comm,S1_fb1p5
2025-03-21,0.9464772731165205,comm,S1_fb1p5
2025-03-24,0.9715798828018807,comm,S1_fb1p5
2025-03-25,0.9829986674819943,comm,S1_fb1p5
2025-03-26,0.9733682285103418,comm,S1_fb1p5
2025-03-27,0.9606576865139016,comm,S1_fb1p5
2025-03-28,0.9618572278146815,comm,S1_fb1p5
2025-03-31,0.9554380075476868,comm,S1_fb1p5
2025-04-01,0.9650152452772861,comm,S1_fb1p5
2025-04-02,0.9654173225810233,comm,S1_fb1p5
2025-04-03,0.9408603770015149,comm,S1_fb1p5
2025-04-07,0.925288455186528,comm,S1_fb1p5
2025-04-08,0.9233307599818709,comm,S1_fb1p5
2025-04-09,0.9327965191576963,comm,S1_fb1p5
2025-04-10,0.9510389342573591,comm,S1_fb1p5
2025-04-11,0.9458540266275646,comm,S1_fb1p5
2025-04-14,0.7320000591664163,comm,S1_fb1p5
2025-04-15,0.7473459823423625,comm,S1_fb1p5
2025-04-16,0.7284692445686705,comm,S1_fb1p5
2025-04-17,0.7409523345244293,comm,S1_fb1p5
2025-04-18,0.735586154867366,comm,S1_fb1p5
2025-04-21,0.7468137955805604,comm,S1_fb1p5
2025-04-22,0.73838073407782,comm,S1_fb1p5
2025-04-23,0.7554199525584978,comm,S1_fb1p5
2025-04-24,0.764710446483541,comm,S1_fb1p5
2025-04-25,0.7576141326346391,comm,S1_fb1p5
2025-05-07,0.6524967433916233,comm,S1_fb1p5
2025-05-14,0.6596929598608524,comm,S1_fb1p5
2025-05-15,0.6681834713895013,comm,S1_fb1p5
2025-06-23,0.6668809878034666,comm,S1_fb1p5
2025-06-24,0.6985735401501078,comm,S1_fb1p5
2025-06-25,0.7027188008188813,comm,S1_fb1p5
2025-06-26,0.7100445190795024,comm,S1_fb1p5
2025-06-27,0.7242318980527507,comm,S1_fb1p5
2025-06-30,0.702568532193547,comm,S1_fb1p5
2025-07-01,0.6889710605486409,comm,S1_fb1p5
2025-07-02,0.7050526630674393,comm,S1_fb1p5
2025-07-03,0.717282206762801,comm,S1_fb1p5
2025-07-04,0.7128021851593881,comm,S1_fb1p5
2025-07-07,0.6970254538728919,comm,S1_fb1p5
2025-07-08,0.6935255594103829,comm,S1_fb1p5
2025-07-09,0.6949010217814945,comm,S1_fb1p5
2025-07-10,0.7243781362225963,comm,S1_fb1p5
2025-07-11,0.7413750724493698,comm,S1_fb1p5
2025-07-14,0.7856880706959929,comm,S1_fb1p5
2025-07-15,0.7770794111161788,comm,S1_fb1p5
2025-07-16,0.7679806158014112,comm,S1_fb1p5
2025-07-17,0.7719341802174651,comm,S1_fb1p5
2025-07-18,0.7976983273585713,comm,S1_fb1p5
2025-07-21,0.8291771841176387,comm,S1_fb1p5
2025-07-22,0.867589641620448,comm,S1_fb1p5
2025-07-23,0.8794610886030152,comm,S1_fb1p5
2025-07-24,0.9104689057910744,comm,S1_fb1p5
2025-07-25,0.9567532336163148,comm,S1_fb1p5
2025-07-28,0.839801552034713,comm,S1_fb1p5
2025-07-29,0.8312465854605725,comm,S1_fb1p5
2025-07-30,0.8444336635700395,comm,S1_fb1p5
2025-07-31,0.7978005845440573,comm,S1_fb1p5
2025-08-01,0.7829969199997524,comm,S1_fb1p5
2025-08-04,0.7167298337825508,comm,S1_fb1p5
2025-08-05,0.7038436902703735,comm,S1_fb1p5
2025-08-06,0.7027542355980136,comm,S1_fb1p5
2025-08-07,0.700802269871113,comm,S1_fb1p5
2025-08-08,0.6943639045479694,comm,S1_fb1p5
2025-08-11,0.7212853592606652,comm,S1_fb1p5
2025-08-12,0.723362286851562,comm,S1_fb1p5
2025-08-13,0.7208163390491761,comm,S1_fb1p5
2025-08-14,0.7367957186234327,comm,S1_fb1p5
2025-08-15,0.7248889607216339,comm,S1_fb1p5
2025-08-18,0.7273508005354979,comm,S1_fb1p5
2025-08-19,0.7188669727967428,comm,S1_fb1p5
2025-08-20,0.7571568816729761,comm,S1_fb1p5
2025-08-21,0.7512847058767026,comm,S1_fb1p5
2025-08-22,0.7478179066569338,comm,S1_fb1p5
2025-08-25,0.8151608488532227,comm,S1_fb1p5
2025-08-26,0.8083159514325361,comm,S1_fb1p5
2025-08-27,0.7987010663796787,comm,S1_fb1p5
2025-08-28,0.8078541236490415,comm,S1_fb1p5
2025-08-29,0.8067432398995265,comm,S1_fb1p5
2025-09-01,0.8454797995327291,comm,S1_fb1p5
2025-09-02,0.8606581455382862,comm,S1_fb1p5
2025-09-03,0.8582408048810733,comm,S1_fb1p5
2025-09-04,0.8629525980063596,comm,S1_fb1p5
2025-09-05,0.8781553314476443,comm,S1_fb1p5
2025-09-08,0.9401594343861883,comm,S1_fb1p5
2025-09-09,0.9412455987195393,comm,S1_fb1p5
2025-09-10,0.9379211707092163,comm,S1_fb1p5
2025-09-11,0.9358826399450396,comm,S1_fb1p5
2025-09-12,0.9238485624899169,comm,S1_fb1p5
2025-09-15,0.9759240633857119,comm,S1_fb1p5
2025-09-16,0.9801394849475287,comm,S1_fb1p5
2025-09-17,0.9542806708838883,comm,S1_fb1p5
2025-09-18,0.9579876163965805,comm,S1_fb1p5
2025-09-19,0.9608124997269257,comm,S1_fb1p5
2025-09-22,0.9710755609310345,comm,S1_fb1p5
2025-09-23,0.9779292337663229,comm,S1_fb1p5
2025-09-24,0.9699383947832517,comm,S1_fb1p5
2025-09-25,0.9682163892395453,comm,S1_fb1p5
2025-09-26,0.9504770663672375,comm,S1_fb1p5
2025-09-29,0.881373774661724,comm,S1_fb1p5
2025-09-30,0.8650725167783164,comm,S1_fb1p5
2025-10-09,0.8540256534890402,comm,S1_fb1p5
2025-10-10,0.8563318145224916,comm,S1_fb1p5
2025-10-13,0.9378280021639838,comm,S1_fb1p5
2025-10-14,0.930982292297368,comm,S1_fb1p5
2025-10-15,0.9356391429446597,comm,S1_fb1p5
2025-10-16,0.926881283500836,comm,S1_fb1p5
2025-10-17,0.9249916277588871,comm,S1_fb1p5
2025-10-20,0.9177274940924932,comm,S1_fb1p5
2025-10-21,0.9242222656021556,comm,S1_fb1p5
2025-10-22,0.9299654070173159,comm,S1_fb1p5
2025-10-23,0.9457185361471871,comm,S1_fb1p5
2025-10-24,0.9489301175613246,comm,S1_fb1p5
2025-10-27,0.9717008809686358,comm,S1_fb1p5
2025-10-28,0.9687392621000772,comm,S1_fb1p5
2025-10-29,0.9619567087296097,comm,S1_fb1p5
2025-10-30,0.9587411995959212,comm,S1_fb1p5
2025-10-31,0.9495208076241647,comm,S1_fb1p5
2025-11-03,0.906665843535912,comm,S1_fb1p5
2025-11-04,0.8966453356674013,comm,S1_fb1p5
2025-11-05,0.8870455239456743,comm,S1_fb1p5
2025-11-06,0.8896724467584134,comm,S1_fb1p5
2025-11-07,0.8919344690594407,comm,S1_fb1p5
2025-11-10,0.8383117918872168,comm,S1_fb1p5
2025-11-11,0.8278008306989433,comm,S1_fb1p5
2025-11-12,0.8205240560810272,comm,S1_fb1p5
2025-11-13,0.8124148988667879,comm,S1_fb1p5
2025-11-14,0.8097581172985958,comm,S1_fb1p5
2025-11-17,0.8423287246586534,comm,S1_fb1p5
2025-11-18,0.8499093083178367,comm,S1_fb1p5
2025-11-19,0.846175612859786,comm,S1_fb1p5
2025-11-20,0.8219459175263716,comm,S1_fb1p5
2025-11-21,0.8229515215522608,comm,S1_fb1p5
2025-11-24,0.7146341038204804,comm,S1_fb1p5
2025-11-25,0.7340430816226995,comm,S1_fb1p5
2025-11-26,0.746510889847178,comm,S1_fb1p5
2025-11-27,0.7609948158777592,comm,S1_fb1p5
2025-11-28,0.7682907375119699,comm,S1_fb1p5
2025-12-01,0.8373553254894421,comm,S1_fb1p5
2025-12-02,0.8417621828118923,comm,S1_fb1p5
2025-12-03,0.8290792059104639,comm,S1_fb1p5
2025-12-04,0.8577483207611685,comm,S1_fb1p5
2025-12-05,0.8422738301107829,comm,S1_fb1p5
2025-12-08,0.8679104443083934,comm,S1_fb1p5
2025-12-09,0.8475513926171474,comm,S1_fb1p5
2025-12-10,0.8508329658984068,comm,S1_fb1p5
2025-12-11,0.8280700227488996,comm,S1_fb1p5
2025-12-12,0.7924351817022917,comm,S1_fb1p5
2025-12-15,0.8034388087973557,comm,S1_fb1p5
2025-12-16,0.8158641586135745,comm,S1_fb1p5
2025-12-17,0.8118726051903099,comm,S1_fb1p5
2025-12-18,0.8326802649934999,comm,S1_fb1p5
2025-12-19,0.8136236870106498,comm,S1_fb1p5
2025-12-22,0.7768464613673364,comm,S1_fb1p5
2025-12-23,0.7691645361943342,comm,S1_fb1p5
2025-12-24,0.7736755666629738,comm,S1_fb1p5
2025-12-25,0.783812273391352,comm,S1_fb1p5
2025-12-26,0.7646310496519467,comm,S1_fb1p5
2025-12-29,0.8264850767855906,comm,S1_fb1p5
2025-12-30,0.8390726154155494,comm,S1_fb1p5
2025-12-31,0.8302835934745803,comm,S1_fb1p5
2026-01-05,0.8881181018933741,comm,S1_fb1p5
2026-01-06,0.8809520903112864,comm,S1_fb1p5
2026-01-07,0.9025692787634546,comm,S1_fb1p5
2026-01-08,0.9398590286567609,comm,S1_fb1p5
2026-01-09,0.9233346228853977,comm,S1_fb1p5
2026-01-19,0.7233241030610605,comm,S1_fb1p5
2026-01-20,0.7182449146881329,comm,S1_fb1p5
2026-01-21,0.7143470307744089,comm,S1_fb1p5
2026-01-22,0.7156789699393202,comm,S1_fb1p5
2026-01-23,0.7198392234027731,comm,S1_fb1p5
2026-01-26,0.7695289194956961,comm,S1_fb1p5
2026-01-27,0.7624186678422076,comm,S1_fb1p5
2026-01-28,0.7462507727641622,comm,S1_fb1p5
2026-01-29,0.7478202787222948,comm,S1_fb1p5
2026-01-30,0.7496695033029133,comm,S1_fb1p5
2026-02-02,0.7566514269035706,comm,S1_fb1p5
2026-02-03,0.7595829761309947,comm,S1_fb1p5
2026-02-04,0.7581837532061668,comm,S1_fb1p5
2026-02-05,0.7547853770076434,comm,S1_fb1p5
2026-02-06,0.7540444036064926,comm,S1_fb1p5
2026-02-24,0.8159658991807534,comm,S1_fb1p5
2026-02-25,0.8273566337849692,comm,S1_fb1p5
2026-02-26,0.837281362142284,comm,S1_fb1p5
2026-02-27,0.8379515690722054,comm,S1_fb1p5
2026-03-02,0.8917664793916122,comm,S1_fb1p5
2026-03-03,0.8744849084476789,comm,S1_fb1p5
2026-03-04,0.8735441705032989,comm,S1_fb1p5
2026-03-05,0.8674899515880499,comm,S1_fb1p5
2026-03-06,0.9053691024464959,comm,S1_fb1p5
2026-03-09,0.7137130187698797,comm,S1_fb1p5
2026-03-10,0.7010405309691329,comm,S1_fb1p5
2026-03-11,0.7083999829393797,comm,S1_fb1p5
2026-03-12,0.7203759985179757,comm,S1_fb1p5
2026-03-13,0.7150803729931852,comm,S1_fb1p5
2026-03-16,0.772138733383814,comm,S1_fb1p5
2026-03-17,0.7631225308913211,comm,S1_fb1p5
2026-03-18,0.7552139921722424,comm,S1_fb1p5
2026-03-19,0.7378300333021831,comm,S1_fb1p5
2026-03-20,0.7550194952794699,comm,S1_fb1p5
2026-03-23,0.7215076869990064,comm,S1_fb1p5
2026-03-24,0.725523421030675,comm,S1_fb1p5
2026-03-25,0.7193305147830903,comm,S1_fb1p5
2026-03-26,0.7096502216977617,comm,S1_fb1p5
2026-03-27,0.7042461350572238,comm,S1_fb1p5
2026-03-30,0.7064147070702956,comm,S1_fb1p5
2026-03-31,0.6963863724672275,comm,S1_fb1p5
2026-04-01,0.6938352107507734,comm,S1_fb1p5
2026-04-02,0.683404382335938,comm,S1_fb1p5
2026-04-03,0.6747016476430616,comm,S1_fb1p5
2026-04-07,0.6677018882418421,comm,S1_fb1p5
2026-04-08,0.6644896566357993,comm,S1_fb1p5
2026-04-09,0.7060957866942359,comm,S1_fb1p5
2026-04-10,0.6978201716876029,comm,S1_fb1p5
2026-04-13,0.6604873814137822,comm,S1_fb1p5
2026-04-15,0.6545363167966577,comm,S1_fb1p5
2026-04-16,0.6604062590765571,comm,S1_fb1p5
2026-04-17,0.6898883020322075,comm,S1_fb1p5
2026-04-20,0.7908150271659317,comm,S1_fb1p5
2026-04-21,0.7961830526135861,comm,S1_fb1p5
2026-04-22,0.7929379727387252,comm,S1_fb1p5
2026-04-23,0.8066941841083033,comm,S1_fb1p5
2026-04-24,0.8067627250096865,comm,S1_fb1p5
2026-04-27,0.878424550882154,comm,S1_fb1p5
2026-04-28,0.8633261787627262,comm,S1_fb1p5
2026-04-29,0.8656861690509166,comm,S1_fb1p5
2026-04-30,0.8795579293976258,comm,S1_fb1p5
2026-05-06,0.9053786402755465,comm,S1_fb1p5
2026-05-07,0.9297497214109303,comm,S1_fb1p5
2026-05-08,0.9388287871707728,comm,S1_fb1p5
2026-05-11,0.8926926995523563,comm,S1_fb1p5
2026-05-12,0.8871281739936951,comm,S1_fb1p5
2026-05-13,0.886302528556345,comm,S1_fb1p5
2026-05-14,0.8794661662495574,comm,S1_fb1p5
2026-05-15,0.8900283915764399,comm,S1_fb1p5
2026-05-18,0.8232407521541061,comm,S1_fb1p5
2026-05-19,0.8023107846089211,comm,S1_fb1p5
2026-05-20,0.7940533118630142,comm,S1_fb1p5
2026-05-21,0.805708235829352,comm,S1_fb1p5
2026-05-22,0.8090869835193933,comm,S1_fb1p5
2026-05-25,0.943824338916665,comm,S1_fb1p5
2026-05-26,0.9090671199689158,comm,S1_fb1p5
2026-05-27,0.8924502723188837,comm,S1_fb1p5
2026-05-28,0.9090530324276266,comm,S1_fb1p5
2026-05-29,0.9172661669448124,comm,S1_fb1p5
2026-06-01,0.9064758915981708,comm,S1_fb1p5
2026-06-02,0.887642048794576,comm,S1_fb1p5
2026-06-03,0.8860874387519284,comm,S1_fb1p5
2026-06-04,0.8973737700988258,comm,S1_fb1p5
2026-06-05,0.8968052143106497,comm,S1_fb1p5
2026-06-08,0.914966336757811,comm,S1_fb1p5
2026-06-09,0.9188419668489154,comm,S1_fb1p5
2026-06-10,0.94408904738329,comm,S1_fb1p5
2026-06-11,0.9392441798688708,comm,S1_fb1p5
2026-06-12,0.9428910034247365,comm,S1_fb1p5
2026-06-15,0.9421681249000194,comm,S1_fb1p5
2026-06-16,0.9458006885276856,comm,S1_fb1p5
2026-06-17,0.9366348312679896,comm,S1_fb1p5
2026-06-18,0.9331626531306462,comm,S1_fb1p5
2026-06-22,0.9286605924231406,comm,S1_fb1p5
2026-06-23,0.933259707502642,comm,S1_fb1p5
2026-06-24,0.9396570803362161,comm,S1_fb1p5
2026-06-25,0.9328167141224623,comm,S1_fb1p5
2026-06-26,0.9438183025923458,comm,S1_fb1p5
2026-06-29,0.9634137277575828,comm,S1_fb1p5
2026-06-30,0.9827855850237583,comm,S1_fb1p5
2026-07-01,0.9765458406767632,comm,S1_fb1p5
2026-07-02,0.9726530565024287,comm,S1_fb1p5
2026-07-03,0.9651213154387336,comm,S1_fb1p5
2026-07-06,0.9697185127318877,comm,S1_fb1p5
2026-07-07,0.9545497784784774,comm,S1_fb1p5
2026-07-08,0.9539000520053675,comm,S1_fb1p5
2026-07-09,0.9607737357308389,comm,S1_fb1p5
2026-07-10,0.9801685803075825,comm,S1_fb1p5
2026-07-13,0.89305431819746,comm,S1_fb1p5
2026-07-14,0.8862402996459567,comm,S1_fb1p5
2026-07-15,0.9004349873729384,comm,S1_fb1p5
2026-07-16,0.9023611619847468,comm,S1_fb1p5
2026-07-17,0.9012243473068747,comm,S1_fb1p5
2026-07-20,0.8867742975724388,comm,S1_fb1p5
2026-07-21,0.8889826286468584,comm,S1_fb1p5
2026-07-22,0.8794707283896662,comm,S1_fb1p5
2026-07-23,0.8803811180026414,comm,S1_fb1p5
2026-07-24,0.8676850432185219,comm,S1_fb1p5
2026-07-27,0.8431980249570772,comm,S1_fb1p5
2026-07-28,0.8293423522540352,comm,S1_fb1p5
2026-07-29,0.8223811932191498,comm,S1_fb1p5
2026-07-30,0.7933273372439649,comm,S1_fb1p5
2026-07-31,0.7831006521053929,comm,S1_fb1p5
2026-08-03,0.7900270529022261,comm,S1_fb1p5
2026-08-04,0.7862329475201435,comm,S1_fb1p5
2026-08-05,0.7899945686379918,comm,S1_fb1p5
2026-08-06,0.8023796735576502,comm,S1_fb1p5
2026-08-07,0.807554650836341,comm,S1_fb1p5
2026-08-10,0.8987832788824961,comm,S1_fb1p5
2026-08-11,0.8977429178045759,comm,S1_fb1p5
2026-08-12,0.8916286358742013,comm,S1_fb1p5
2026-08-13,0.8888754524570176,comm,S1_fb1p5
2026-08-14,0.9319102014798836,comm,S1_fb1p5
2026-08-17,0.9482324213717178,comm,S1_fb1p5
2026-08-18,0.9453315702094324,comm,S1_fb1p5
2026-08-19,0.9523720060565373,comm,S1_fb1p5
2026-08-20,0.9611389329991179,comm,S1_fb1p5
2026-08-21,0.9639651881709406,comm,S1_fb1p5
2026-08-24,0.9673346129644541,comm,S1_fb1p5
2026-08-25,0.9651582005922379,comm,S1_fb1p5
2026-08-26,0.9627042859365205,comm,S1_fb1p5
2026-08-27,0.9697058485351171,comm,S1_fb1p5
2026-08-28,0.9833721247582554,comm,S1_fb1p5
2026-08-31,0.9979300172688047,comm,S1_fb1p5
2015-01-19,0.8725512647083485,total,S1_fb1p5
2015-01-20,0.8642802314384832,total,S1_fb1p5
2015-01-21,0.8671074705409823,total,S1_fb1p5
2015-01-22,0.8714291176048402,total,S1_fb1p5
2015-01-23,0.8697118322321872,total,S1_fb1p5
2015-01-26,0.8577308352706645,total,S1_fb1p5
2015-01-27,0.8619431282931193,total,S1_fb1p5
2015-01-28,0.9202252120843095,total,S1_fb1p5
2015-01-29,0.9325433587277799,total,S1_fb1p5
2015-01-30,0.9215872483947625,total,S1_fb1p5
2015-02-02,0.9280773841796464,total,S1_fb1p5
2015-02-03,0.9559403155650823,total,S1_fb1p5
2015-02-04,0.977468774746826,total,S1_fb1p5
2015-02-05,0.969845612692988,total,S1_fb1p5
2015-02-06,1.0023312178223085,total,S1_fb1p5
2015-02-09,0.9203277406766907,total,S1_fb1p5
2015-02-10,0.9124600811056497,total,S1_fb1p5
2015-02-11,0.8982618133684844,total,S1_fb1p5
2015-02-12,0.8917837972982514,total,S1_fb1p5
2015-02-13,0.9192537281300831,total,S1_fb1p5
2015-02-16,0.9492712168718642,total,S1_fb1p5
2015-02-17,0.9415388331526107,total,S1_fb1p5
2015-02-25,0.9278603595422303,total,S1_fb1p5
2015-02-26,0.942428164598773,total,S1_fb1p5
2015-02-27,0.9439977166771002,total,S1_fb1p5
2015-03-02,0.947659401514701,total,S1_fb1p5
2015-03-03,0.962274274407957,total,S1_fb1p5
2015-03-04,0.9299499235509321,total,S1_fb1p5
2015-03-05,0.925216326137102,total,S1_fb1p5
2015-03-06,0.9332660381695961,total,S1_fb1p5
2015-03-09,0.8602660038747566,total,S1_fb1p5
2015-03-10,0.8852836759869633,total,S1_fb1p5
2015-03-11,0.868155926782287,total,S1_fb1p5
2015-03-12,0.8905391954664245,total,S1_fb1p5
2015-03-13,0.9119771365438034,total,S1_fb1p5
2015-03-16,0.8860465563863211,total,S1_fb1p5
2015-03-17,0.8946927373027701,total,S1_fb1p5
2015-03-18,0.8854599181682271,total,S1_fb1p5
2015-03-19,0.908693592665091,total,S1_fb1p5
2015-03-20,0.9250852978095301,total,S1_fb1p5
2015-03-23,0.8738269672294536,total,S1_fb1p5
2015-03-24,0.9464845127666106,total,S1_fb1p5
2015-03-25,0.9393904265119134,total,S1_fb1p5
2015-03-26,0.9340060734066549,total,S1_fb1p5
2015-03-27,0.9150139014188124,total,S1_fb1p5
2015-03-30,0.8564844523571471,total,S1_fb1p5
2015-03-31,0.8529360067002222,total,S1_fb1p5
2015-04-01,0.8403713890545499,total,S1_fb1p5
2015-04-02,0.8320845145212099,total,S1_fb1p5
2015-04-03,0.8290690702642204,total,S1_fb1p5
2015-04-07,0.8939088227958929,total,S1_fb1p5
2015-04-08,0.8816966816043328,total,S1_fb1p5
2015-04-09,0.8765954183257884,total,S1_fb1p5
2015-04-10,0.8618215881342981,total,S1_fb1p5
2015-04-13,0.8833785564651183,total,S1_fb1p5
2015-04-14,0.8843410631944828,total,S1_fb1p5
2015-04-15,0.8948073229200595,total,S1_fb1p5
2015-04-16,0.9102117177479799,total,S1_fb1p5
2015-04-17,0.9174314309991952,total,S1_fb1p5
2015-04-20,0.9235025036343982,total,S1_fb1p5
2015-04-21,0.9354215767124205,total,S1_fb1p5
2015-04-22,0.9597739843670791,total,S1_fb1p5
2015-04-23,0.977832894610303,total,S1_fb1p5
2015-04-24,0.994296828788412,total,S1_fb1p5
2015-04-27,1.0175024915525925,total,S1_fb1p5
2015-04-28,1.0107749453308839,total,S1_fb1p5
2015-04-29,0.9489237394298694,total,S1_fb1p5
2015-04-30,0.9512304560140185,total,S1_fb1p5
2015-05-04,0.9836091439016721,total,S1_fb1p5
2015-05-05,0.9976723857046106,total,S1_fb1p5
2015-05-06,1.0019355965492973,total,S1_fb1p5
2015-05-07,0.9516238688235622,total,S1_fb1p5
2015-05-08,0.9447821705987972,total,S1_fb1p5
2015-05-11,0.9669780237708068,total,S1_fb1p5
2015-05-12,0.9543002181831713,total,S1_fb1p5
2015-05-13,0.9482033435799824,total,S1_fb1p5
2015-05-14,0.9255583265837175,total,S1_fb1p5
2015-05-15,0.9293921058152532,total,S1_fb1p5
2015-05-18,0.9367719546735919,total,S1_fb1p5
2015-05-19,0.9160937622053777,total,S1_fb1p5
2015-05-20,0.8877835752816944,total,S1_fb1p5
2015-05-21,0.899093051945892,total,S1_fb1p5
2015-05-22,0.9032109976524194,total,S1_fb1p5
2015-05-25,0.9114042848045268,total,S1_fb1p5
2015-05-26,0.9358866915821339,total,S1_fb1p5
2015-05-27,0.9260893387642711,total,S1_fb1p5
2015-05-28,0.9332044996734462,total,S1_fb1p5
2015-05-29,0.9452547928049736,total,S1_fb1p5
2015-06-01,0.9408664959877236,total,S1_fb1p5
2015-06-02,0.9404296525672792,total,S1_fb1p5
2015-06-03,0.9427601611543243,total,S1_fb1p5
2015-06-04,0.9377562551209956,total,S1_fb1p5
2015-06-05,0.9369410067914513,total,S1_fb1p5
2015-06-08,0.8889204183037065,total,S1_fb1p5
2015-06-09,0.8914178702130257,total,S1_fb1p5
2015-06-10,0.8936159063169457,total,S1_fb1p5
2015-06-11,0.8864730636387618,total,S1_fb1p5
2015-06-12,0.8515060465315143,total,S1_fb1p5
2015-06-15,0.8599452592497525,total,S1_fb1p5
2015-06-16,0.8448227563224663,total,S1_fb1p5
2015-06-17,0.8403719496936729,total,S1_fb1p5
2015-06-18,0.8368925036542213,total,S1_fb1p5
2015-06-19,0.8459350936132713,total,S1_fb1p5
2015-06-23,0.8928087959278328,total,S1_fb1p5
2015-06-24,0.8987763333460891,total,S1_fb1p5
2015-06-25,0.8872269115377086,total,S1_fb1p5
2015-06-26,0.9311934581907688,total,S1_fb1p5
2015-06-29,0.93512527776907,total,S1_fb1p5
2015-06-30,0.8840416278667889,total,S1_fb1p5
2015-07-01,0.8826233344578218,total,S1_fb1p5
2015-07-02,0.9084551662740423,total,S1_fb1p5
2015-07-03,0.9161519661908246,total,S1_fb1p5
2015-07-06,0.905978787875103,total,S1_fb1p5
2015-07-07,0.8744679897148524,total,S1_fb1p5
2015-07-08,0.8112949834265597,total,S1_fb1p5
2015-07-09,0.8335401474414835,total,S1_fb1p5
2015-07-10,0.880704197996169,total,S1_fb1p5
2015-08-03,0.7864565706947061,total,S1_fb1p5
2015-08-17,0.7912200184454231,total,S1_fb1p5
2015-08-31,0.8022349174304076,total,S1_fb1p5
2015-09-01,0.7916667097320822,total,S1_fb1p5
2015-09-02,0.7895126665087674,total,S1_fb1p5
2015-09-21,0.83830301043872,total,S1_fb1p5
2015-09-22,0.8601806648382545,total,S1_fb1p5
2015-09-23,0.8499207670681047,total,S1_fb1p5
2015-09-24,0.852431276126863,total,S1_fb1p5
2015-09-25,0.8568060074553177,total,S1_fb1p5
2015-10-12,0.9101585989360282,total,S1_fb1p5
2015-10-13,0.8806280443201248,total,S1_fb1p5
2015-10-14,0.8754035408496929,total,S1_fb1p5
2015-10-15,0.8660689540599981,total,S1_fb1p5
2015-10-16,0.8481436939207799,total,S1_fb1p5
2015-10-19,0.8650494337269091,total,S1_fb1p5
2015-10-20,0.8300988423887561,total,S1_fb1p5
2015-10-21,0.8092459442527561,total,S1_fb1p5
2015-10-22,0.7964936715436278,total,S1_fb1p5
2015-10-23,0.792212975569367,total,S1_fb1p5
2015-10-26,0.8138448428920085,total,S1_fb1p5
2015-10-27,0.8185044034843788,total,S1_fb1p5
2015-10-28,0.8049409335734015,total,S1_fb1p5
2015-10-29,0.7963777493203529,total,S1_fb1p5
2015-10-30,0.7914145369391443,total,S1_fb1p5
2015-11-02,0.8661191308013568,total,S1_fb1p5
2015-11-03,0.8751006868073913,total,S1_fb1p5
2015-11-04,0.8852344651402714,total,S1_fb1p5
2015-11-05,0.9406028755689735,total,S1_fb1p5
2015-11-06,0.9489490675449995,total,S1_fb1p5
2015-11-09,0.9070808604054238,total,S1_fb1p5
2015-11-10,0.8832833358973341,total,S1_fb1p5
2015-11-11,0.8502193492110549,total,S1_fb1p5
2015-11-12,0.844466712006959,total,S1_fb1p5
2015-11-13,0.8429337836524256,total,S1_fb1p5
2015-11-16,0.7974472475595542,total,S1_fb1p5
2015-11-17,0.7850166386312336,total,S1_fb1p5
2015-11-18,0.8016413845489315,total,S1_fb1p5
2015-11-25,0.7806382766004012,total,S1_fb1p5
2015-11-26,0.8214952260255449,total,S1_fb1p5
2015-11-27,0.8455484079496801,total,S1_fb1p5
2015-12-21,0.8091565690472897,total,S1_fb1p5
2015-12-22,0.8198010883325725,total,S1_fb1p5
2015-12-23,0.8096536918494704,total,S1_fb1p5
2015-12-24,0.8254329574329273,total,S1_fb1p5
2015-12-25,0.8250423595820595,total,S1_fb1p5
2015-12-28,0.8073254960671412,total,S1_fb1p5
2015-12-29,0.8222084858705694,total,S1_fb1p5
2015-12-30,0.850780847306379,total,S1_fb1p5
2015-12-31,0.8539397668070047,total,S1_fb1p5
2016-01-04,0.8324468912507373,total,S1_fb1p5
2016-01-05,0.8248691815113415,total,S1_fb1p5
2016-01-06,0.829514585160349,total,S1_fb1p5
2016-01-07,0.8290287736274906,total,S1_fb1p5
2016-01-08,0.8188792318091691,total,S1_fb1p5
2016-01-11,0.8320335740922082,total,S1_fb1p5
2016-01-12,0.8131258788879918,total,S1_fb1p5
2016-01-13,0.7957034969100792,total,S1_fb1p5
2016-01-14,0.8027121614461756,total,S1_fb1p5
2016-01-15,0.8210034187487386,total,S1_fb1p5
2016-01-18,0.8787264071045993,total,S1_fb1p5
2016-01-19,0.8965758243273129,total,S1_fb1p5
2016-01-20,0.9032422001564039,total,S1_fb1p5
2016-01-21,0.8931188033694363,total,S1_fb1p5
2016-01-22,0.9088810831618509,total,S1_fb1p5
2016-01-25,0.9304621941584326,total,S1_fb1p5
2016-01-26,0.9244637604691419,total,S1_fb1p5
2016-01-27,0.9434237519921914,total,S1_fb1p5
2016-01-28,0.9328444517440034,total,S1_fb1p5
2016-01-29,0.9454605730584751,total,S1_fb1p5
2016-02-01,0.9460568215024836,total,S1_fb1p5
2016-02-02,0.9354240754767087,total,S1_fb1p5
2016-02-03,0.9397383453438253,total,S1_fb1p5
2016-02-04,0.9690578564671619,total,S1_fb1p5
2016-02-05,0.9638184220084912,total,S1_fb1p5
2016-02-15,0.9596483815264062,total,S1_fb1p5
2016-02-16,0.9963537894064576,total,S1_fb1p5
2016-02-17,0.9786384932869083,total,S1_fb1p5
2016-02-18,0.9619252456568822,total,S1_fb1p5
2016-02-19,0.9731409076799071,total,S1_fb1p5
2016-02-22,1.0247034028636124,total,S1_fb1p5
2016-02-23,0.9777927703715983,total,S1_fb1p5
2016-02-24,0.9383500227201381,total,S1_fb1p5
2016-02-25,0.9401511898706318,total,S1_fb1p5
2016-02-26,0.916562449283522,total,S1_fb1p5
2016-02-29,0.9501531610224291,total,S1_fb1p5
2016-03-01,0.9781369141260454,total,S1_fb1p5
2016-03-02,0.9885302938355535,total,S1_fb1p5
2016-03-03,0.982458702684751,total,S1_fb1p5
2016-03-04,0.9926773588316898,total,S1_fb1p5
2016-03-07,0.9263120176341699,total,S1_fb1p5
2016-03-08,0.9748257732754693,total,S1_fb1p5
2016-03-09,0.9146801804326684,total,S1_fb1p5
2016-03-10,0.9344554688610153,total,S1_fb1p5
2016-03-11,0.8959850300115901,total,S1_fb1p5
2016-03-21,0.784011172312112,total,S1_fb1p5
2016-03-22,0.7994613433017457,total,S1_fb1p5
2016-03-23,0.7998667699825311,total,S1_fb1p5
2016-03-24,0.7875888319928392,total,S1_fb1p5
2016-03-25,0.7914745624958233,total,S1_fb1p5
2016-03-28,0.7870391768994648,total,S1_fb1p5
2016-04-01,0.8341357034952148,total,S1_fb1p5
2016-04-05,0.8927919796440539,total,S1_fb1p5
2016-04-06,0.894282561867794,total,S1_fb1p5
2016-04-07,0.891141933879478,total,S1_fb1p5
2016-04-08,0.867510110386723,total,S1_fb1p5
2016-04-11,0.8947083422660761,total,S1_fb1p5
2016-04-12,0.90621744919564,total,S1_fb1p5
2016-04-13,0.9491486158393898,total,S1_fb1p5
2016-04-14,0.9670621467529268,total,S1_fb1p5
2016-04-15,0.9440142498659722,total,S1_fb1p5
2016-04-18,0.9352655092564517,total,S1_fb1p5
2016-04-19,0.9218543419100742,total,S1_fb1p5
2016-04-20,0.9252004763828495,total,S1_fb1p5
2016-04-21,0.9528980818819783,total,S1_fb1p5
2016-04-22,0.9853262988856526,total,S1_fb1p5
2016-04-25,0.9667572278107105,total,S1_fb1p5
2016-04-26,0.9647120370772112,total,S1_fb1p5
2016-04-27,0.9832428197067131,total,S1_fb1p5
2016-04-28,0.956267002251671,total,S1_fb1p5
2016-04-29,0.8870317085573811,total,S1_fb1p5
2016-05-03,0.7805758764702099,total,S1_fb1p5
2016-07-04,0.9832510101326716,total,S1_fb1p5
2016-07-05,1.023843952793783,total,S1_fb1p5
2016-07-06,0.9976869920944387,total,S1_fb1p5
2016-07-07,0.9768775977957724,total,S1_fb1p5
2016-07-08,0.9760260789758152,total,S1_fb1p5
2016-07-11,0.9461569265464541,total,S1_fb1p5
2016-07-12,0.9392332264240459,total,S1_fb1p5
2016-07-13,0.9331889019348705,total,S1_fb1p5
2016-07-14,0.92817916456952,total,S1_fb1p5
2016-07-15,0.9222378606949749,total,S1_fb1p5
2016-07-18,0.9611430414224127,total,S1_fb1p5
2016-07-19,0.9832264790279749,total,S1_fb1p5
2016-07-20,0.972456882459727,total,S1_fb1p5
2016-07-21,0.9669478537418023,total,S1_fb1p5
2016-07-22,0.9632971734466935,total,S1_fb1p5
2016-07-25,0.9689994912490043,total,S1_fb1p5
2016-07-26,0.9547570383944106,total,S1_fb1p5
2016-07-27,0.9502544333939658,total,S1_fb1p5
2016-07-28,0.9262060196955568,total,S1_fb1p5
2016-07-29,0.9318617697436485,total,S1_fb1p5
2016-08-01,0.9204075711197287,total,S1_fb1p5
2016-08-02,0.9089394378053547,total,S1_fb1p5
2016-08-03,0.906830114299158,total,S1_fb1p5
2016-08-04,0.9126019210371664,total,S1_fb1p5
2016-08-05,0.8927471988703513,total,S1_fb1p5
2016-08-08,0.8798254550436735,total,S1_fb1p5
2016-08-09,0.866687291487761,total,S1_fb1p5
2016-08-10,0.9122071121954654,total,S1_fb1p5
2016-08-11,0.9100577134985784,total,S1_fb1p5
2016-08-12,0.9022862105704975,total,S1_fb1p5
2016-08-15,0.9449169108663077,total,S1_fb1p5
2016-08-16,0.9391782418985352,total,S1_fb1p5
2016-08-17,0.9455293268298735,total,S1_fb1p5
2016-08-18,0.9344908950191797,total,S1_fb1p5
2016-08-19,0.959848102236455,total,S1_fb1p5
2016-08-22,0.9697011949713662,total,S1_fb1p5
2016-08-23,0.980144663210475,total,S1_fb1p5
2016-08-24,0.9780257511733798,total,S1_fb1p5
2016-08-25,0.9889594316606755,total,S1_fb1p5
2016-08-26,0.9735423701821878,total,S1_fb1p5
2016-08-29,1.0165418115613403,total,S1_fb1p5
2016-08-30,1.0435293132604713,total,S1_fb1p5
2016-08-31,1.0474863969257115,total,S1_fb1p5
2016-09-01,1.0598721580526353,total,S1_fb1p5
2016-09-02,1.0493033940931742,total,S1_fb1p5
2016-09-05,0.9446266278984287,total,S1_fb1p5
2016-09-06,0.9476656475019178,total,S1_fb1p5
2016-09-07,0.9623029888673464,total,S1_fb1p5
2016-09-08,0.9662378078550059,total,S1_fb1p5
2016-09-09,0.9608162622166161,total,S1_fb1p5
2016-09-12,0.895466308704394,total,S1_fb1p5
2016-09-13,0.9019403073647935,total,S1_fb1p5
2016-09-14,0.9130563083352757,total,S1_fb1p5
2016-09-19,0.9260653997574083,total,S1_fb1p5
2016-09-20,0.9208640915808075,total,S1_fb1p5
2016-09-21,0.910492199856244,total,S1_fb1p5
2016-09-22,0.8989675587930949,total,S1_fb1p5
2016-09-23,0.8869230228441899,total,S1_fb1p5
2016-09-26,0.8104034504841515,total,S1_fb1p5
2016-09-27,0.8111074530495745,total,S1_fb1p5
2016-09-28,0.8121223707475236,total,S1_fb1p5
2016-09-29,0.8030403678221782,total,S1_fb1p5
2016-09-30,0.8053998470747857,total,S1_fb1p5
2016-10-10,0.7974372797826252,total,S1_fb1p5
2016-10-11,0.7908830102253872,total,S1_fb1p5
2016-10-12,0.7949185480556524,total,S1_fb1p5
2016-10-13,0.7883070821862236,total,S1_fb1p5
2016-10-14,0.7837112796280404,total,S1_fb1p5
2016-10-17,0.7919545197742717,total,S1_fb1p5
2016-10-18,0.7931554548949521,total,S1_fb1p5
2016-10-19,0.785224975083374,total,S1_fb1p5
2016-10-20,0.7873616222372555,total,S1_fb1p5
2016-10-21,0.7812896807345665,total,S1_fb1p5
2016-11-14,0.8168684681840286,total,S1_fb1p5
2016-11-15,0.8446766941862985,total,S1_fb1p5
2016-11-16,0.8717228475909239,total,S1_fb1p5
2016-11-17,0.8749787235011754,total,S1_fb1p5
2016-11-18,0.8784510812970122,total,S1_fb1p5
2017-05-11,0.7948527548782389,total,S1_fb1p5
2017-05-12,0.7907293848007432,total,S1_fb1p5
2017-06-05,0.7985297535236863,total,S1_fb1p5
2017-06-06,0.8022584544532616,total,S1_fb1p5
2017-06-07,0.7998187663810651,total,S1_fb1p5
2017-06-08,0.7994374694183798,total,S1_fb1p5
2017-06-09,0.7827060168541791,total,S1_fb1p5
2017-06-12,0.7912630034587413,total,S1_fb1p5
2017-06-13,0.8003117654406967,total,S1_fb1p5
2017-06-14,0.8064123810090134,total,S1_fb1p5
2017-06-15,0.8054673683317694,total,S1_fb1p5
2017-06-16,0.8088306126117878,total,S1_fb1p5
2017-06-19,0.8237838729489327,total,S1_fb1p5
2017-06-20,0.8173654168993224,total,S1_fb1p5
2017-06-21,0.8156933326553828,total,S1_fb1p5
2017-06-22,0.8212700952437867,total,S1_fb1p5
2017-06-23,0.8186072049505626,total,S1_fb1p5
2017-07-03,0.8355599790806664,total,S1_fb1p5
2017-07-04,0.8376314534882044,total,S1_fb1p5
2017-07-05,0.8316782004459837,total,S1_fb1p5
2017-07-06,0.8496069790736195,total,S1_fb1p5
2017-07-07,0.8758678426894357,total,S1_fb1p5
2017-07-10,0.8020649244871483,total,S1_fb1p5
2017-07-11,0.8008839481133129,total,S1_fb1p5
2017-07-12,0.7952603889477573,total,S1_fb1p5
2017-07-13,0.7946831552805669,total,S1_fb1p5
2017-07-14,0.7938390553633354,total,S1_fb1p5
2017-07-17,0.8091109924638682,total,S1_fb1p5
2017-07-18,0.807587250761022,total,S1_fb1p5
2017-07-19,0.8046459453808783,total,S1_fb1p5
2017-07-20,0.814256644841295,total,S1_fb1p5
2017-07-21,0.8148570232885235,total,S1_fb1p5
2017-08-03,0.788694242476521,total,S1_fb1p5
2017-08-04,0.7812468511246862,total,S1_fb1p5
2017-08-07,0.8021230059049219,total,S1_fb1p5
2017-08-08,0.7900925987754189,total,S1_fb1p5
2017-08-09,0.8084682907071122,total,S1_fb1p5
2017-08-10,0.8067325555704103,total,S1_fb1p5
2017-08-11,0.8373220961404435,total,S1_fb1p5
2017-08-14,0.8247215355766276,total,S1_fb1p5
2017-08-15,0.8405804812429367,total,S1_fb1p5
2017-08-16,0.8340630985602175,total,S1_fb1p5
2017-08-17,0.818274653883553,total,S1_fb1p5
2017-08-18,0.8197147145487018,total,S1_fb1p5
2017-09-06,0.7844546494531781,total,S1_fb1p5
2017-09-07,0.8002484047455896,total,S1_fb1p5
2017-09-08,0.8147967405218893,total,S1_fb1p5
2017-10-30,0.8078813683580754,total,S1_fb1p5
2017-10-31,0.8409343884606977,total,S1_fb1p5
2017-11-01,0.8485585052008835,total,S1_fb1p5
2017-11-02,0.8482631530692819,total,S1_fb1p5
2017-11-03,0.8464807064297705,total,S1_fb1p5
2017-11-06,0.8615909779350319,total,S1_fb1p5
2017-11-07,0.8515195989304843,total,S1_fb1p5
2017-11-08,0.8615103285621492,total,S1_fb1p5
2017-11-09,0.8675712697161571,total,S1_fb1p5
2017-11-10,0.8638184978004482,total,S1_fb1p5
2017-11-13,0.8623037301227803,total,S1_fb1p5
2017-11-14,0.8626057007566225,total,S1_fb1p5
2017-11-15,0.8633813359915422,total,S1_fb1p5
2017-11-16,0.8658266139384875,total,S1_fb1p5
2017-11-17,0.864237411463672,total,S1_fb1p5
2017-11-20,0.8895524998272694,total,S1_fb1p5
2017-11-21,0.889548530028393,total,S1_fb1p5
2017-11-22,0.875914871230235,total,S1_fb1p5
2017-11-23,0.8741075032106045,total,S1_fb1p5
2017-11-24,0.8922447340514933,total,S1_fb1p5
2017-11-27,0.8819778295516719,total,S1_fb1p5
2017-11-28,0.8871196730237759,total,S1_fb1p5
2017-11-29,0.9134651525723322,total,S1_fb1p5
2017-11-30,0.8995787534440934,total,S1_fb1p5
2017-12-01,0.9076276353351562,total,S1_fb1p5
2017-12-04,1.0850359467495228,total,S1_fb1p5
2017-12-05,1.079417818021047,total,S1_fb1p5
2017-12-06,1.1068211681312277,total,S1_fb1p5
2017-12-07,1.0986347384119446,total,S1_fb1p5
2017-12-08,1.096209558829401,total,S1_fb1p5
2017-12-11,1.0842943103254665,total,S1_fb1p5
2017-12-12,1.0796382738362016,total,S1_fb1p5
2017-12-13,1.0615642653380184,total,S1_fb1p5
2017-12-14,1.0581388944177974,total,S1_fb1p5
2017-12-15,1.0549614584413092,total,S1_fb1p5
2017-12-18,1.0118807344595924,total,S1_fb1p5
2017-12-19,1.008530009385431,total,S1_fb1p5
2017-12-20,1.007351733058921,total,S1_fb1p5
2017-12-21,0.9906774068707832,total,S1_fb1p5
2017-12-22,0.9917249785149767,total,S1_fb1p5
2017-12-25,0.9895920687794901,total,S1_fb1p5
2017-12-26,1.004670671073271,total,S1_fb1p5
2017-12-27,0.9942369204104862,total,S1_fb1p5
2017-12-28,0.9940935719514921,total,S1_fb1p5
2017-12-29,0.9834497751037147,total,S1_fb1p5
2018-01-02,1.0693562993391243,total,S1_fb1p5
2018-01-03,1.0962740306961967,total,S1_fb1p5
2018-01-04,1.0993174524263871,total,S1_fb1p5
2018-01-05,1.0920423602021694,total,S1_fb1p5
2018-01-08,1.1086986077689647,total,S1_fb1p5
2018-01-09,1.106959461859168,total,S1_fb1p5
2018-01-10,1.0935363134916614,total,S1_fb1p5
2018-01-11,1.0768226706654191,total,S1_fb1p5
2018-01-12,1.0960294927274938,total,S1_fb1p5
2018-01-15,1.1107361394304833,total,S1_fb1p5
2018-01-16,1.1228332509307002,total,S1_fb1p5
2018-01-17,1.1262179763255888,total,S1_fb1p5
2018-01-18,1.1107533731733543,total,S1_fb1p5
2018-01-19,1.091080040915543,total,S1_fb1p5
2018-01-22,1.1251476607975657,total,S1_fb1p5
2018-01-23,1.129698192421181,total,S1_fb1p5
2018-01-24,1.1332433944924254,total,S1_fb1p5
2018-01-25,1.1214079486717474,total,S1_fb1p5
2018-01-26,1.1275732805020275,total,S1_fb1p5
2018-01-29,1.1288509062152265,total,S1_fb1p5
2018-01-30,1.1303783720416287,total,S1_fb1p5
2018-01-31,1.1369032059807402,total,S1_fb1p5
2018-02-01,1.1392116686863742,total,S1_fb1p5
2018-02-02,1.128328222488315,total,S1_fb1p5
2018-02-05,1.100345622692194,total,S1_fb1p5
2018-02-06,1.103438122224967,total,S1_fb1p5
2018-02-07,1.1139522484564732,total,S1_fb1p5
2018-02-08,1.1200396170896627,total,S1_fb1p5
2018-02-09,1.1244928657942497,total,S1_fb1p5
2018-02-12,1.1460990225077146,total,S1_fb1p5
2018-02-13,1.1620895531226774,total,S1_fb1p5
2018-02-14,1.138155520322355,total,S1_fb1p5
2018-02-22,1.1285472289918859,total,S1_fb1p5
2018-02-23,1.1527414149349997,total,S1_fb1p5
2018-02-26,1.1573798338495647,total,S1_fb1p5
2018-02-27,1.1671237409734816,total,S1_fb1p5
2018-02-28,1.1643067493779564,total,S1_fb1p5
2018-03-01,1.1701602142919432,total,S1_fb1p5
2018-03-02,1.1684157258477734,total,S1_fb1p5
2018-03-05,1.1540937730284393,total,S1_fb1p5
2018-03-06,1.1611617686705773,total,S1_fb1p5
2018-03-07,1.1580243163041866,total,S1_fb1p5
2018-03-08,1.1723170837889034,total,S1_fb1p5
2018-03-09,1.1877927528211527,total,S1_fb1p5
2018-03-12,1.1177399571320226,total,S1_fb1p5
2018-03-13,1.0904325099111456,total,S1_fb1p5
2018-03-14,1.0947056622751152,total,S1_fb1p5
2018-03-15,1.105982337622523,total,S1_fb1p5
2018-03-16,1.1046795966967575,total,S1_fb1p5
2018-03-19,1.1312565941661419,total,S1_fb1p5
2018-03-20,1.1489072228287933,total,S1_fb1p5
2018-03-21,1.132654948030659,total,S1_fb1p5
2018-03-22,1.1522002103967175,total,S1_fb1p5
2018-03-23,1.190871385332751,total,S1_fb1p5
2018-03-26,1.076479045085437,total,S1_fb1p5
2018-03-27,1.0819746819678662,total,S1_fb1p5
2018-03-28,1.0807310177179068,total,S1_fb1p5
2018-03-29,1.05301316029719,total,S1_fb1p5
2018-03-30,1.0399485698354638,total,S1_fb1p5
2018-04-02,1.0553512967347363,total,S1_fb1p5
2018-04-03,1.0680397505087804,total,S1_fb1p5
2018-04-04,1.0601266208206594,total,S1_fb1p5
2018-04-09,1.092901539351978,total,S1_fb1p5
2018-04-10,1.1134650208252153,total,S1_fb1p5
2018-04-11,1.1380122420916048,total,S1_fb1p5
2018-04-12,1.1302754958124002,total,S1_fb1p5
2018-04-13,1.1450647266070357,total,S1_fb1p5
2018-04-16,1.1618801542414505,total,S1_fb1p5
2018-04-17,1.185517035494839,total,S1_fb1p5
2018-04-18,1.2103716796576238,total,S1_fb1p5
2018-04-19,1.22075227104322,total,S1_fb1p5
2018-04-20,1.1541209580263656,total,S1_fb1p5
2018-04-23,1.0643635101947466,total,S1_fb1p5
2018-04-24,1.0073809017410944,total,S1_fb1p5
2018-04-25,1.0069737258479745,total,S1_fb1p5
2018-04-26,1.0041636505830533,total,S1_fb1p5
2018-04-27,0.9998803274583993,total,S1_fb1p5
2018-05-02,0.930582848081306,total,S1_fb1p5
2018-05-03,0.9321539485770817,total,S1_fb1p5
2018-05-04,0.9405449571631798,total,S1_fb1p5
2018-05-07,0.935084671522544,total,S1_fb1p5
2018-05-08,0.9330266454547875,total,S1_fb1p5
2018-05-09,0.9284988299088397,total,S1_fb1p5
2018-05-10,0.9311903699962653,total,S1_fb1p5
2018-05-11,0.9331610688776845,total,S1_fb1p5
2018-05-14,0.9741000867110017,total,S1_fb1p5
2018-05-15,0.9679813568978848,total,S1_fb1p5
2018-05-16,0.9750724874061147,total,S1_fb1p5
2018-05-17,0.9843474240021206,total,S1_fb1p5
2018-05-18,1.0131813566756813,total,S1_fb1p5
2018-05-21,1.187493872635299,total,S1_fb1p5
2018-05-22,1.1896088050521438,total,S1_fb1p5
2018-05-23,1.1657889779582389,total,S1_fb1p5
2018-05-24,1.1605475141550905,total,S1_fb1p5
2018-05-25,1.179642736237089,total,S1_fb1p5
2018-05-28,1.1469356386112022,total,S1_fb1p5
2018-05-29,1.1326906448929555,total,S1_fb1p5
2018-05-30,1.1162290042137157,total,S1_fb1p5
2018-05-31,1.1185950294837097,total,S1_fb1p5
2018-06-01,1.1152634623806195,total,S1_fb1p5
2018-06-04,1.0790175439213145,total,S1_fb1p5
2018-06-05,1.0856231169630384,total,S1_fb1p5
2018-06-06,1.078272100117635,total,S1_fb1p5
2018-06-07,1.0786905017467243,total,S1_fb1p5
2018-06-08,1.0654402888712724,total,S1_fb1p5
2018-06-11,1.050714617692378,total,S1_fb1p5
2018-06-12,1.030479365104064,total,S1_fb1p5
2018-06-13,0.9964211742026017,total,S1_fb1p5
2018-06-14,0.9975494322479443,total,S1_fb1p5
2018-06-15,0.9883199516756086,total,S1_fb1p5
2018-06-19,0.9660757811830796,total,S1_fb1p5
2018-06-20,0.9704540920977129,total,S1_fb1p5
2018-06-21,0.9625453973470279,total,S1_fb1p5
2018-06-22,0.9745164280207269,total,S1_fb1p5
2018-06-25,1.0022189930420111,total,S1_fb1p5
2018-06-26,0.9996092764782464,total,S1_fb1p5
2018-06-27,0.9907685989295063,total,S1_fb1p5
2018-06-28,0.9749373097455587,total,S1_fb1p5
2018-06-29,0.9516079542121556,total,S1_fb1p5
2018-07-02,0.9735325015994228,total,S1_fb1p5
2018-07-03,0.9653203383915524,total,S1_fb1p5
2018-07-04,0.9909303149900388,total,S1_fb1p5
2018-07-05,0.9800175489857006,total,S1_fb1p5
2018-07-06,0.9685503983319764,total,S1_fb1p5
2018-07-09,1.0148553167011312,total,S1_fb1p5
2018-07-10,1.0041746919253765,total,S1_fb1p5
2018-07-11,0.9805173230197282,total,S1_fb1p5
2018-07-12,0.9783655332076759,total,S1_fb1p5
2018-07-13,0.987731629238334,total,S1_fb1p5
2018-07-16,1.065902332871808,total,S1_fb1p5
2018-07-17,1.0858067138583276,total,S1_fb1p5
2018-07-18,1.0830124227334632,total,S1_fb1p5
2018-07-19,1.0633984232440261,total,S1_fb1p5
2018-07-20,1.0763304959724582,total,S1_fb1p5
2018-07-23,1.1722332876402626,total,S1_fb1p5
2018-07-24,1.183763966177303,total,S1_fb1p5
2018-07-25,1.1818179421737753,total,S1_fb1p5
2018-07-26,1.1649203295367503,total,S1_fb1p5
2018-07-27,1.158445697069434,total,S1_fb1p5
2018-07-30,1.0794356507749474,total,S1_fb1p5
2018-07-31,1.0824344557486925,total,S1_fb1p5
2018-08-01,1.068593521441664,total,S1_fb1p5
2018-08-02,1.0561137745342275,total,S1_fb1p5
2018-08-03,1.0392612694085854,total,S1_fb1p5
2018-08-06,1.097909835833955,total,S1_fb1p5
2018-08-07,1.0927775543263165,total,S1_fb1p5
2018-08-08,1.1041901821679674,total,S1_fb1p5
2018-08-09,1.2047004638215297,total,S1_fb1p5
2018-08-10,1.152818848166654,total,S1_fb1p5
2018-08-13,1.137733470031808,total,S1_fb1p5
2018-08-14,1.097738664094,total,S1_fb1p5
2018-08-15,1.0965091819995028,total,S1_fb1p5
2018-08-16,1.0645294144147508,total,S1_fb1p5
2018-08-17,1.0786327300572296,total,S1_fb1p5
2018-08-20,0.9999117693978219,total,S1_fb1p5
2018-08-21,1.024372052794075,total,S1_fb1p5
2018-08-22,1.0409188581564817,total,S1_fb1p5
2018-08-23,1.0471701812785248,total,S1_fb1p5
2018-08-24,1.0778606937928041,total,S1_fb1p5
2018-08-27,1.0480073252488926,total,S1_fb1p5
2018-08-28,1.0546396466536487,total,S1_fb1p5
2018-08-29,1.0660629314359371,total,S1_fb1p5
2018-08-30,1.090198306954946,total,S1_fb1p5
2018-08-31,1.0869880661174982,total,S1_fb1p5
2018-09-03,0.9804735666143194,total,S1_fb1p5
2018-09-04,0.9711357879043188,total,S1_fb1p5
2018-09-05,0.9472100464257003,total,S1_fb1p5
2018-09-06,0.9463695850688199,total,S1_fb1p5
2018-09-07,0.9291553051726938,total,S1_fb1p5
2018-09-10,1.0374979328682434,total,S1_fb1p5
2018-09-11,1.0367049019349341,total,S1_fb1p5
2018-09-12,1.0589077654448038,total,S1_fb1p5
2018-09-13,1.0778565200402854,total,S1_fb1p5
2018-09-14,1.0880143682456214,total,S1_fb1p5
2018-09-17,0.9565708550082842,total,S1_fb1p5
2018-09-18,0.9296940623868887,total,S1_fb1p5
2018-09-19,0.9173711935371168,total,S1_fb1p5
2018-09-20,0.9192244013684309,total,S1_fb1p5
2018-09-21,0.9390189790449581,total,S1_fb1p5
2018-09-25,0.9618095153189588,total,S1_fb1p5
2018-09-26,0.9784712310472574,total,S1_fb1p5
2018-09-27,0.9775521231538202,total,S1_fb1p5
2018-09-28,0.9738736690959585,total,S1_fb1p5
2018-10-08,0.9924629412072743,total,S1_fb1p5
2018-10-09,1.0031196408337149,total,S1_fb1p5
2018-10-10,0.9957343063507557,total,S1_fb1p5
2018-10-11,0.9802995186907639,total,S1_fb1p5
2018-10-12,1.0092802469026279,total,S1_fb1p5
2018-10-15,1.0698074867918679,total,S1_fb1p5
2018-10-16,1.076472159131755,total,S1_fb1p5
2018-10-17,1.08681207094167,total,S1_fb1p5
2018-10-18,1.0780459391181767,total,S1_fb1p5
2018-10-19,1.0664086788778728,total,S1_fb1p5
2018-10-22,1.0801161790179261,total,S1_fb1p5
2018-10-23,1.076515155264244,total,S1_fb1p5
2018-10-24,1.0641754506490222,total,S1_fb1p5
2018-10-25,1.0472721371664306,total,S1_fb1p5
2018-10-26,1.0455199190684938,total,S1_fb1p5
2018-10-29,1.0571990438853305,total,S1_fb1p5
2018-10-30,1.0622949961778594,total,S1_fb1p5
2018-10-31,1.0503798141151213,total,S1_fb1p5
2018-11-01,1.0453174551103268,total,S1_fb1p5
2018-11-02,1.0795293674080733,total,S1_fb1p5
2018-11-05,1.1698842862952323,total,S1_fb1p5
2018-11-06,1.160526758716558,total,S1_fb1p5
2018-11-07,1.1619237148828367,total,S1_fb1p5
2018-11-08,1.1623196783063339,total,S1_fb1p5
2018-11-09,1.1386648904852308,total,S1_fb1p5
2018-11-12,1.1145555074199363,total,S1_fb1p5
2018-11-13,1.1067697306607973,total,S1_fb1p5
2018-11-14,1.0819742743775593,total,S1_fb1p5
2018-11-15,1.106638971136116,total,S1_fb1p5
2018-11-16,1.093498617511771,total,S1_fb1p5
2018-11-19,1.1129026884416209,total,S1_fb1p5
2018-11-20,1.1191955995880736,total,S1_fb1p5
2018-11-21,1.1219099754906485,total,S1_fb1p5
2018-11-22,1.1417820300430201,total,S1_fb1p5
2018-11-23,1.1581071314036837,total,S1_fb1p5
2018-11-26,1.1609232655057382,total,S1_fb1p5
2018-11-27,1.136025962480127,total,S1_fb1p5
2018-11-28,1.1222960816007628,total,S1_fb1p5
2018-11-29,1.0805741393332478,total,S1_fb1p5
2018-11-30,1.0918320328404345,total,S1_fb1p5
2018-12-03,1.0948437765867338,total,S1_fb1p5
2018-12-04,1.0746944595045234,total,S1_fb1p5
2018-12-05,1.0662697812173407,total,S1_fb1p5
2018-12-06,1.058837260139204,total,S1_fb1p5
2018-12-07,1.0564233400113667,total,S1_fb1p5
2018-12-10,0.9289352884146788,total,S1_fb1p5
2018-12-11,0.9207254360320414,total,S1_fb1p5
2018-12-12,0.9147382077229033,total,S1_fb1p5
2018-12-13,0.9364075215731337,total,S1_fb1p5
2018-12-14,0.9443263186628323,total,S1_fb1p5
2018-12-17,0.9458929766338074,total,S1_fb1p5
2018-12-18,0.9652925192596613,total,S1_fb1p5
2018-12-19,0.9526877022370599,total,S1_fb1p5
2018-12-20,0.9470250936111069,total,S1_fb1p5
2018-12-21,0.9422111768803879,total,S1_fb1p5
2018-12-24,0.9900879834265633,total,S1_fb1p5
2018-12-25,0.9739750963952253,total,S1_fb1p5
2018-12-26,0.9719857013152605,total,S1_fb1p5
2018-12-27,0.9603221613494015,total,S1_fb1p5
2018-12-28,0.9344869926793334,total,S1_fb1p5
2019-01-02,0.9106320982087935,total,S1_fb1p5
2019-01-03,0.9027764515908694,total,S1_fb1p5
2019-01-04,0.923227640566308,total,S1_fb1p5
2019-01-07,0.9760974899760182,total,S1_fb1p5
2019-01-08,0.953933328989303,total,S1_fb1p5
2019-01-09,0.962897902604582,total,S1_fb1p5
2019-01-10,0.9663475804312917,total,S1_fb1p5
2019-01-11,0.9616717499569813,total,S1_fb1p5
2019-01-14,0.9728087502066505,total,S1_fb1p5
2019-01-15,0.970918053936095,total,S1_fb1p5
2019-01-16,0.9800691650935127,total,S1_fb1p5
2019-01-17,0.9834118040741712,total,S1_fb1p5
2019-01-18,0.9900893787339128,total,S1_fb1p5
2019-01-21,1.0690013191985268,total,S1_fb1p5
2019-01-22,1.041948273083874,total,S1_fb1p5
2019-01-23,1.0512772368429713,total,S1_fb1p5
2019-01-24,1.062396205467611,total,S1_fb1p5
2019-01-25,1.0550939598072857,total,S1_fb1p5
2019-01-28,1.02911635029817,total,S1_fb1p5
2019-01-29,1.008014975097911,total,S1_fb1p5
2019-01-30,1.0017266592868013,total,S1_fb1p5
2019-01-31,0.9943436800016586,total,S1_fb1p5
2019-02-01,0.9960464630993598,total,S1_fb1p5
2019-02-11,1.0538727957929122,total,S1_fb1p5
2019-02-12,1.0755486014766076,total,S1_fb1p5
2019-02-13,1.0883616699582144,total,S1_fb1p5
2019-02-14,1.1119771169441408,total,S1_fb1p5
2019-02-15,1.1102382030693125,total,S1_fb1p5
2019-02-18,1.011517229392708,total,S1_fb1p5
2019-02-19,0.9990018631788343,total,S1_fb1p5
2019-02-20,1.0173836261189688,total,S1_fb1p5
2019-02-21,1.0163227800294505,total,S1_fb1p5
2019-02-22,1.0306815696570133,total,S1_fb1p5
2019-02-25,1.0663736735666556,total,S1_fb1p5
2019-02-26,1.058298712429128,total,S1_fb1p5
2019-02-27,1.046194822638303,total,S1_fb1p5
2019-02-28,1.0526702290527077,total,S1_fb1p5
2019-03-01,1.0573294572836214,total,S1_fb1p5
2019-03-04,1.0558025776000506,total,S1_fb1p5
2019-03-05,1.0253472887081332,total,S1_fb1p5
2019-03-06,1.0192967670525757,total,S1_fb1p5
2019-03-07,0.9797668663705292,total,S1_fb1p5
2019-03-08,0.9667071797617145,total,S1_fb1p5
2019-03-11,0.974596826544258,total,S1_fb1p5
2019-03-12,0.9687730737948811,total,S1_fb1p5
2019-03-13,0.9663371337566719,total,S1_fb1p5
2019-03-14,0.9701678907796886,total,S1_fb1p5
2019-03-15,0.961420270651784,total,S1_fb1p5
2019-03-18,0.965227721937355,total,S1_fb1p5
2019-03-19,0.9765017117670177,total,S1_fb1p5
2019-03-20,0.9899329188092973,total,S1_fb1p5
2019-03-21,0.9900581494826044,total,S1_fb1p5
2019-03-22,0.9787968701775893,total,S1_fb1p5
2019-03-25,0.9973348856441158,total,S1_fb1p5
2019-03-26,0.9892542339889613,total,S1_fb1p5
2019-03-27,0.9836056181884049,total,S1_fb1p5
2019-03-28,0.9749846688076892,total,S1_fb1p5
2019-03-29,0.9639730386875273,total,S1_fb1p5
2019-04-01,1.0221169191263428,total,S1_fb1p5
2019-04-02,1.0214536161741545,total,S1_fb1p5
2019-04-03,1.0469683968374996,total,S1_fb1p5
2019-04-04,1.0571171842186189,total,S1_fb1p5
2019-04-08,1.0949407924170982,total,S1_fb1p5
2019-04-09,1.078184621298228,total,S1_fb1p5
2019-04-10,1.086735587248124,total,S1_fb1p5
2019-04-11,1.077300909912248,total,S1_fb1p5
2019-04-12,1.0802224547434085,total,S1_fb1p5
2019-04-15,1.1089790003382156,total,S1_fb1p5
2019-04-16,1.1086043284551008,total,S1_fb1p5
2019-04-17,1.1138740016889608,total,S1_fb1p5
2019-04-18,1.1442367157458537,total,S1_fb1p5
2019-04-19,1.1418113732662067,total,S1_fb1p5
2019-04-22,1.076501143415296,total,S1_fb1p5
2019-04-23,1.0797300899964257,total,S1_fb1p5
2019-04-24,1.083789667940765,total,S1_fb1p5
2019-04-25,1.0859013453455675,total,S1_fb1p5
2019-04-26,1.0670906118816854,total,S1_fb1p5
2019-04-29,1.0767380815786307,total,S1_fb1p5
2019-04-30,1.0672629255258212,total,S1_fb1p5
2019-05-06,1.0522100100590552,total,S1_fb1p5
2019-05-07,1.0501481761821423,total,S1_fb1p5
2019-05-08,1.0620388235295806,total,S1_fb1p5
2019-05-09,1.0504329796408756,total,S1_fb1p5
2019-05-10,1.0591821749848531,total,S1_fb1p5
2019-05-13,1.1414596791819889,total,S1_fb1p5
2019-05-14,1.11986780704004,total,S1_fb1p5
2019-05-15,1.1345813238097846,total,S1_fb1p5
2019-05-16,1.141054062415618,total,S1_fb1p5
2019-05-17,1.1220068628182502,total,S1_fb1p5
2019-05-20,1.1192496978388575,total,S1_fb1p5
2019-05-21,1.123808328091229,total,S1_fb1p5
2019-05-22,1.094121131907299,total,S1_fb1p5
2019-05-23,1.0694841414953435,total,S1_fb1p5
2019-05-24,1.0684316576709345,total,S1_fb1p5
2019-05-27,1.1136614391951527,total,S1_fb1p5
2019-05-28,1.1207297360764923,total,S1_fb1p5
2019-05-29,1.1253245398831702,total,S1_fb1p5
2019-05-30,1.1153835462193078,total,S1_fb1p5
2019-05-31,1.1173177727086683,total,S1_fb1p5
2019-06-03,1.1367173562256008,total,S1_fb1p5
2019-06-04,1.1199523949123247,total,S1_fb1p5
2019-06-05,1.1154386779442198,total,S1_fb1p5
2019-06-06,1.1033104702273002,total,S1_fb1p5
2019-06-10,1.0761214785016546,total,S1_fb1p5
2019-06-11,1.0697160418444074,total,S1_fb1p5
2019-06-12,1.0648398981713236,total,S1_fb1p5
2019-06-13,1.1427816843169492,total,S1_fb1p5
2019-06-14,1.1265534618834843,total,S1_fb1p5
2019-06-17,1.1225897450889015,total,S1_fb1p5
2019-06-18,1.1291189079627388,total,S1_fb1p5
2019-06-19,1.1426767734967265,total,S1_fb1p5
2019-06-20,1.1352353327312614,total,S1_fb1p5
2019-06-21,1.1259837519074838,total,S1_fb1p5
2019-06-24,1.1406912723667955,total,S1_fb1p5
2019-06-25,1.1389579325052657,total,S1_fb1p5
2019-06-26,1.133567353839578,total,S1_fb1p5
2019-06-27,1.1284932957812186,total,S1_fb1p5
2019-06-28,1.099133835963243,total,S1_fb1p5
2019-07-01,1.0617960206274357,total,S1_fb1p5
2019-07-02,1.0347636862172334,total,S1_fb1p5
2019-07-03,1.027614249726085,total,S1_fb1p5
2019-07-04,1.0433969995367396,total,S1_fb1p5
2019-07-05,1.0576390724491953,total,S1_fb1p5
2019-07-08,1.1029052073937535,total,S1_fb1p5
2019-07-09,1.072597926809006,total,S1_fb1p5
2019-07-10,1.072484141333448,total,S1_fb1p5
2019-07-11,1.0868354498069985,total,S1_fb1p5
2019-07-12,1.0665841684203623,total,S1_fb1p5
2019-07-15,1.1046239900157095,total,S1_fb1p5
2019-07-16,1.0904706795488037,total,S1_fb1p5
2019-07-17,1.1166855414971237,total,S1_fb1p5
2019-07-18,1.1044130265394858,total,S1_fb1p5
2019-07-19,1.1140502144901892,total,S1_fb1p5
2019-07-22,1.1197084705278544,total,S1_fb1p5
2019-07-23,1.1053359876420281,total,S1_fb1p5
2019-07-24,1.117841463217414,total,S1_fb1p5
2019-07-25,1.1232114906875823,total,S1_fb1p5
2019-07-26,1.132897303374784,total,S1_fb1p5
2019-07-29,1.1068418452796822,total,S1_fb1p5
2019-07-30,1.1157492664924207,total,S1_fb1p5
2019-07-31,1.1074576005663794,total,S1_fb1p5
2019-08-01,1.104658352351619,total,S1_fb1p5
2019-08-02,1.090972667258999,total,S1_fb1p5
2019-08-05,1.0793087365208998,total,S1_fb1p5
2019-08-06,1.0724542415679958,total,S1_fb1p5
2019-08-07,1.0792243746698595,total,S1_fb1p5
2019-08-08,1.0831066031752656,total,S1_fb1p5
2019-08-09,1.1604006075867728,total,S1_fb1p5
2019-08-12,1.1875533281871011,total,S1_fb1p5
2019-08-13,1.1795126246107384,total,S1_fb1p5
2019-08-14,1.1673019566532912,total,S1_fb1p5
2019-08-15,1.1661344972031344,total,S1_fb1p5
2019-08-16,1.160816935887587,total,S1_fb1p5
2019-08-19,1.1764237038421363,total,S1_fb1p5
2019-08-20,1.1887202275117523,total,S1_fb1p5
2019-08-21,1.1633057174748658,total,S1_fb1p5
2019-08-22,1.1573641828697494,total,S1_fb1p5
2019-08-23,1.1496938933835208,total,S1_fb1p5
2019-08-26,1.1415319453696486,total,S1_fb1p5
2019-08-27,1.1551302010976805,total,S1_fb1p5
2019-08-28,1.1760850182276334,total,S1_fb1p5
2019-08-29,1.149141564110941,total,S1_fb1p5
2019-08-30,1.1547876206461287,total,S1_fb1p5
2019-09-02,1.1398164077619926,total,S1_fb1p5
2019-09-03,1.1552860668335923,total,S1_fb1p5
2019-09-04,1.1580450079705389,total,S1_fb1p5
2019-09-05,1.155542730486476,total,S1_fb1p5
2019-09-06,1.1617388123138854,total,S1_fb1p5
2019-09-09,1.1850474924153966,total,S1_fb1p5
2019-09-10,1.1866280637617843,total,S1_fb1p5
2019-09-11,1.1705195675610753,total,S1_fb1p5
2019-09-12,1.178016323394495,total,S1_fb1p5
2019-09-16,1.1667085304869291,total,S1_fb1p5
2019-09-17,1.1649329702393392,total,S1_fb1p5
2019-09-18,1.1611076158674218,total,S1_fb1p5
2019-09-19,1.1441346642517147,total,S1_fb1p5
2019-09-20,1.1584954639538338,total,S1_fb1p5
2019-09-23,1.1610855905947481,total,S1_fb1p5
2019-09-24,1.1597193341315817,total,S1_fb1p5
2019-09-25,1.1503833995793413,total,S1_fb1p5
2019-09-26,1.145230485512905,total,S1_fb1p5
2019-09-27,1.1139461468379934,total,S1_fb1p5
2019-09-30,1.0977883616305306,total,S1_fb1p5
2019-10-08,1.1071339063910317,total,S1_fb1p5
2019-10-09,1.1682247898049944,total,S1_fb1p5
2019-10-10,1.1553271486482128,total,S1_fb1p5
2019-10-11,1.142667150332106,total,S1_fb1p5
2019-10-14,1.135262749917472,total,S1_fb1p5
2019-10-15,1.1427708146676965,total,S1_fb1p5
2019-10-16,1.1473506430405298,total,S1_fb1p5
2019-10-17,1.1444645689870108,total,S1_fb1p5
2019-10-18,1.1571066847955866,total,S1_fb1p5
2019-10-21,1.1225585248763232,total,S1_fb1p5
2019-10-22,1.10617688918003,total,S1_fb1p5
2019-10-23,1.1010045274687508,total,S1_fb1p5
2019-10-24,1.1081065944884612,total,S1_fb1p5
2019-10-25,1.1050566972850455,total,S1_fb1p5
2019-10-28,1.1232611147094296,total,S1_fb1p5
2019-10-29,1.1246116820440544,total,S1_fb1p5
2019-10-30,1.1491112873263534,total,S1_fb1p5
2019-10-31,1.1421854327477794,total,S1_fb1p5
2019-11-01,1.1335775987914969,total,S1_fb1p5
2019-11-04,1.142816909368726,total,S1_fb1p5
2019-11-05,1.1404772474979232,total,S1_fb1p5
2019-11-06,1.1288965402558966,total,S1_fb1p5
2019-11-07,1.1212806482025348,total,S1_fb1p5
2019-11-08,1.1434075785447433,total,S1_fb1p5
2019-11-11,1.1284881634308646,total,S1_fb1p5
2019-11-12,1.1020996652215258,total,S1_fb1p5
2019-11-13,1.0905544117271906,total,S1_fb1p5
2019-11-14,1.0971450431344492,total,S1_fb1p5
2019-11-15,1.081086704897403,total,S1_fb1p5
2019-11-18,1.1092965309147043,total,S1_fb1p5
2019-11-19,1.1159755131540385,total,S1_fb1p5
2019-11-20,1.1000573133765774,total,S1_fb1p5
2019-11-21,1.1180387163502823,total,S1_fb1p5
2019-11-22,1.1300332912453268,total,S1_fb1p5
2019-11-25,1.1433769253904564,total,S1_fb1p5
2019-11-26,1.1403547251584911,total,S1_fb1p5
2019-11-27,1.1515375904064373,total,S1_fb1p5
2019-11-28,1.153140634163556,total,S1_fb1p5
2019-11-29,1.1556908479237245,total,S1_fb1p5
2019-12-02,1.1200377668927697,total,S1_fb1p5
2019-12-03,1.1125467147779649,total,S1_fb1p5
2019-12-04,1.121031719434607,total,S1_fb1p5
2019-12-05,1.1281529100830312,total,S1_fb1p5
2019-12-06,1.1489703232192543,total,S1_fb1p5
2019-12-09,1.13999289684985,total,S1_fb1p5
2019-12-10,1.1188916861444484,total,S1_fb1p5
2019-12-11,1.124606575407419,total,S1_fb1p5
2019-12-12,1.1643955102464822,total,S1_fb1p5
2019-12-13,1.1778588721327665,total,S1_fb1p5
2019-12-16,1.172051178362074,total,S1_fb1p5
2019-12-17,1.1831846264217603,total,S1_fb1p5
2019-12-18,1.152740656676541,total,S1_fb1p5
2019-12-19,1.136630177120284,total,S1_fb1p5
2019-12-20,1.1208321043586456,total,S1_fb1p5
2019-12-23,1.0695761238662007,total,S1_fb1p5
2019-12-24,1.06471245260576,total,S1_fb1p5
2019-12-25,1.0616249890119462,total,S1_fb1p5
2019-12-26,1.067824516973773,total,S1_fb1p5
2019-12-27,1.0741409159287971,total,S1_fb1p5
2019-12-30,1.1169930405487476,total,S1_fb1p5
2019-12-31,1.1169346655533718,total,S1_fb1p5
2020-01-02,1.122890112945242,total,S1_fb1p5
2020-01-03,1.129891953371378,total,S1_fb1p5
2020-01-06,1.1199117898440027,total,S1_fb1p5
2020-01-07,1.1380356007451797,total,S1_fb1p5
2020-01-08,1.1343226255483678,total,S1_fb1p5
2020-01-09,1.1296154933121854,total,S1_fb1p5
2020-01-10,1.1266426715823192,total,S1_fb1p5
2020-01-13,1.1574133336297718,total,S1_fb1p5
2020-01-14,1.1672266121026982,total,S1_fb1p5
2020-01-15,1.1453239227099437,total,S1_fb1p5
2020-01-16,1.1271167452174078,total,S1_fb1p5
2020-01-17,1.0978878676216062,total,S1_fb1p5
2020-01-20,1.1226116385190588,total,S1_fb1p5
2020-01-21,1.1187071649956246,total,S1_fb1p5
2020-01-22,1.101033049306383,total,S1_fb1p5
2020-01-23,1.0846169805764678,total,S1_fb1p5
2020-02-03,1.093442806558107,total,S1_fb1p5
2020-02-04,1.1019923310468156,total,S1_fb1p5
2020-02-05,1.1125297993572578,total,S1_fb1p5
2020-02-06,1.1060704509315196,total,S1_fb1p5
2020-02-07,1.0894107065998375,total,S1_fb1p5
2020-02-10,1.1175204652748738,total,S1_fb1p5
2020-02-11,1.1102597622194514,total,S1_fb1p5
2020-02-12,1.1072424451503704,total,S1_fb1p5
2020-02-13,1.1132211566911299,total,S1_fb1p5
2020-02-14,1.1746371467887837,total,S1_fb1p5
2020-02-17,1.1746082160073112,total,S1_fb1p5
2020-02-18,1.1516132950543947,total,S1_fb1p5
2020-02-19,1.1530099403136898,total,S1_fb1p5
2020-02-20,1.161619463354688,total,S1_fb1p5
2020-02-21,1.149195813504675,total,S1_fb1p5
2020-02-24,1.126752207032924,total,S1_fb1p5
2020-02-25,1.1298036459742977,total,S1_fb1p5
2020-02-26,1.1285015794729025,total,S1_fb1p5
2020-02-27,1.1230797013302025,total,S1_fb1p5
2020-02-28,1.1296262952193128,total,S1_fb1p5
2020-03-02,0.9385898974512057,total,S1_fb1p5
2020-03-03,0.9466749613849622,total,S1_fb1p5
2020-03-04,0.9296124252277181,total,S1_fb1p5
2020-03-05,0.932450969369977,total,S1_fb1p5
2020-03-06,0.936007199593422,total,S1_fb1p5
2020-03-09,1.1250860258265623,total,S1_fb1p5
2020-03-10,1.1552864679188766,total,S1_fb1p5
2020-03-11,1.1408001276692934,total,S1_fb1p5
2020-03-12,1.1209335045243392,total,S1_fb1p5
2020-03-13,1.1239918865019867,total,S1_fb1p5
2020-03-16,1.125790139033217,total,S1_fb1p5
2020-03-17,1.1008488005298467,total,S1_fb1p5
2020-03-18,1.0620118355015258,total,S1_fb1p5
2020-03-19,1.0302794036507326,total,S1_fb1p5
2020-03-20,1.0111797878789146,total,S1_fb1p5
2020-03-23,1.024284916349859,total,S1_fb1p5
2020-03-24,1.0085025261122458,total,S1_fb1p5
2020-03-25,1.008682086674162,total,S1_fb1p5
2020-03-26,1.0229033722886585,total,S1_fb1p5
2020-03-27,1.0270968121353248,total,S1_fb1p5
2020-03-30,0.939545061757549,total,S1_fb1p5
2020-03-31,0.9469184373995415,total,S1_fb1p5
2020-04-01,0.9633576050760465,total,S1_fb1p5
2020-04-02,0.9661686838876645,total,S1_fb1p5
2020-04-03,1.0028730048632848,total,S1_fb1p5
2020-04-07,0.9273254229355522,total,S1_fb1p5
2020-04-08,0.9221353201486783,total,S1_fb1p5
2020-04-09,0.9310062769624204,total,S1_fb1p5
2020-04-10,0.9442280336291473,total,S1_fb1p5
2020-04-13,0.9524580845627839,total,S1_fb1p5
2020-04-14,0.9438729597493802,total,S1_fb1p5
2020-04-15,0.9362751604958661,total,S1_fb1p5
2020-04-16,0.9395337664812207,total,S1_fb1p5
2020-04-17,0.9543819817574536,total,S1_fb1p5
2020-04-20,0.9950603478520397,total,S1_fb1p5
2020-04-21,0.9925534441489755,total,S1_fb1p5
2020-04-22,0.9666784530750896,total,S1_fb1p5
2020-04-23,0.9772463387174268,total,S1_fb1p5
2020-04-24,0.9789763405202677,total,S1_fb1p5
2020-04-27,0.9731240240647687,total,S1_fb1p5
2020-04-28,0.9820591692402904,total,S1_fb1p5
2020-04-29,0.9966866652967916,total,S1_fb1p5
2020-04-30,1.0090536905120229,total,S1_fb1p5
2020-05-06,1.1558423990646245,total,S1_fb1p5
2020-05-07,1.1619684837654638,total,S1_fb1p5
2020-05-08,1.152650199851308,total,S1_fb1p5
2020-05-11,1.175450753181562,total,S1_fb1p5
2020-05-12,1.1543131242605922,total,S1_fb1p5
2020-05-13,1.1358017373933635,total,S1_fb1p5
2020-05-14,1.1406424381815767,total,S1_fb1p5
2020-05-15,1.1493999077940094,total,S1_fb1p5
2020-05-18,1.1586796792340353,total,S1_fb1p5
2020-05-19,1.1608494596199201,total,S1_fb1p5
2020-05-20,1.1601323684081526,total,S1_fb1p5
2020-05-21,1.1529916865499583,total,S1_fb1p5
2020-05-22,1.120994461616916,total,S1_fb1p5
2020-05-25,1.0737983886667009,total,S1_fb1p5
2020-05-26,1.0944211511460726,total,S1_fb1p5
2020-05-27,1.1046975140854536,total,S1_fb1p5
2020-05-28,1.1037424064296162,total,S1_fb1p5
2020-05-29,1.1055664817823352,total,S1_fb1p5
2020-06-01,1.1122528427391893,total,S1_fb1p5
2020-06-02,1.1140651457180668,total,S1_fb1p5
2020-06-03,1.119426778551025,total,S1_fb1p5
2020-06-04,1.1324979627936091,total,S1_fb1p5
2020-06-05,1.156054202708966,total,S1_fb1p5
2020-06-08,1.1052371738847009,total,S1_fb1p5
2020-06-09,1.133575070901277,total,S1_fb1p5
2020-06-10,1.139513116432499,total,S1_fb1p5
2020-06-11,1.1231731054866063,total,S1_fb1p5
2020-06-12,1.093597487637864,total,S1_fb1p5
2020-06-15,1.0961873834165607,total,S1_fb1p5
2020-06-16,1.1465321876606513,total,S1_fb1p5
2020-06-17,1.1780978940578513,total,S1_fb1p5
2020-06-18,1.1607561747426747,total,S1_fb1p5
2020-06-19,1.1658986660891457,total,S1_fb1p5
2020-06-22,1.0925671888392832,total,S1_fb1p5
2020-06-23,1.1097611670259413,total,S1_fb1p5
2020-06-24,1.1250777195284234,total,S1_fb1p5
2020-06-29,1.1305607705129235,total,S1_fb1p5
2020-06-30,1.124515163548496,total,S1_fb1p5
2020-07-01,1.125489250476113,total,S1_fb1p5
2020-07-02,1.1211055036209479,total,S1_fb1p5
2020-07-03,1.1218022741014897,total,S1_fb1p5
2020-07-06,1.1510150243638264,total,S1_fb1p5
2020-07-07,1.1439799255380778,total,S1_fb1p5
2020-07-08,1.1520633983626798,total,S1_fb1p5
2020-07-09,1.1203143664067796,total,S1_fb1p5
2020-07-10,1.1067755428543709,total,S1_fb1p5
2020-07-13,1.0953682663462112,total,S1_fb1p5
2020-07-14,1.0950759586656607,total,S1_fb1p5
2020-07-15,1.0973802257999206,total,S1_fb1p5
2020-07-16,1.1136467579729217,total,S1_fb1p5
2020-07-17,1.1150925426672262,total,S1_fb1p5
2020-07-20,1.0627821977154832,total,S1_fb1p5
2020-07-21,1.053899461056802,total,S1_fb1p5
2020-07-22,1.0113720397115626,total,S1_fb1p5
2020-07-23,1.021282587900528,total,S1_fb1p5
2020-07-24,1.0177511696110118,total,S1_fb1p5
2020-07-27,1.0829692718673547,total,S1_fb1p5
2020-07-28,1.0812388002206215,total,S1_fb1p5
2020-07-29,1.1104131360453724,total,S1_fb1p5
2020-07-30,1.1018365049556136,total,S1_fb1p5
2020-07-31,1.0968737346864226,total,S1_fb1p5
2020-08-03,1.05468720611195,total,S1_fb1p5
2020-08-04,1.0246017826783902,total,S1_fb1p5
2020-08-05,1.0285140924504057,total,S1_fb1p5
2020-08-06,1.025827071124186,total,S1_fb1p5
2020-08-07,1.018219066352182,total,S1_fb1p5
2020-08-10,0.9684155921434736,total,S1_fb1p5
2020-08-11,0.9613714404900472,total,S1_fb1p5
2020-08-12,0.9748038709747101,total,S1_fb1p5
2020-08-13,0.9424407316242561,total,S1_fb1p5
2020-08-14,0.9331825118820325,total,S1_fb1p5
2020-08-17,1.0163649944478892,total,S1_fb1p5
2020-08-18,1.009864235385506,total,S1_fb1p5
2020-08-19,1.0134596523035522,total,S1_fb1p5
2020-08-20,1.0268873654327184,total,S1_fb1p5
2020-08-21,1.0263948200096367,total,S1_fb1p5
2020-08-24,1.1002809446305508,total,S1_fb1p5
2020-08-25,1.1221533402581305,total,S1_fb1p5
2020-08-26,1.13548458123176,total,S1_fb1p5
2020-08-27,1.137394261256926,total,S1_fb1p5
2020-08-28,1.1412216411949252,total,S1_fb1p5
2020-08-31,1.0909759612113092,total,S1_fb1p5
2020-09-01,1.0917468217151494,total,S1_fb1p5
2020-09-02,1.1015163436143165,total,S1_fb1p5
2020-09-03,1.0813697036702798,total,S1_fb1p5
2020-09-04,1.10052901464938,total,S1_fb1p5
2020-09-07,1.0850681697188798,total,S1_fb1p5
2020-09-08,1.0678814500515745,total,S1_fb1p5
2020-09-09,1.051634419726481,total,S1_fb1p5
2020-09-10,1.052044633572372,total,S1_fb1p5
2020-09-11,1.0657677774258312,total,S1_fb1p5
2020-09-14,1.067326904891747,total,S1_fb1p5
2020-09-15,1.0541360254302017,total,S1_fb1p5
2020-09-16,1.077160256191213,total,S1_fb1p5
2020-09-17,1.0845819678123494,total,S1_fb1p5
2020-09-18,1.0746097762467353,total,S1_fb1p5
2020-09-21,1.0597405623732012,total,S1_fb1p5
2020-09-22,1.0691033038747944,total,S1_fb1p5
2020-09-23,1.0885114581620905,total,S1_fb1p5
2020-09-24,1.117062021496365,total,S1_fb1p5
2020-09-25,1.1455026361812577,total,S1_fb1p5
2020-09-28,1.047435754155951,total,S1_fb1p5
2020-09-29,1.0214140218664363,total,S1_fb1p5
2020-09-30,1.018488085937847,total,S1_fb1p5
2020-10-09,1.0063617276424983,total,S1_fb1p5
2020-10-12,0.9894206948109887,total,S1_fb1p5
2020-10-13,0.9748654806311667,total,S1_fb1p5
2020-10-14,0.9768887380494314,total,S1_fb1p5
2020-10-15,0.9823660623362731,total,S1_fb1p5
2020-10-16,0.9745584749181266,total,S1_fb1p5
2020-10-19,0.982877284043121,total,S1_fb1p5
2020-10-20,0.9877288632773105,total,S1_fb1p5
2020-10-21,0.9866741418500178,total,S1_fb1p5
2020-10-22,0.9652885036509101,total,S1_fb1p5
2020-10-23,0.9714255982582196,total,S1_fb1p5
2020-10-26,1.0348615084818396,total,S1_fb1p5
2020-10-27,1.0135178326552383,total,S1_fb1p5
2020-10-28,1.0090759467401649,total,S1_fb1p5
2020-10-29,1.0554261959074804,total,S1_fb1p5
2020-10-30,1.0289964448155322,total,S1_fb1p5
2020-11-02,1.0423392894943118,total,S1_fb1p5
2020-11-03,1.0379880756157531,total,S1_fb1p5
2020-11-04,1.0312666442566492,total,S1_fb1p5
2020-11-05,1.0312056075199305,total,S1_fb1p5
2020-11-06,1.0286643122206942,total,S1_fb1p5
2020-11-09,1.0808315269740474,total,S1_fb1p5
2020-11-10,1.0761594781519475,total,S1_fb1p5
2020-11-11,1.0712018612033036,total,S1_fb1p5
2020-11-12,1.051116035121163,total,S1_fb1p5
2020-11-13,1.0418623666740314,total,S1_fb1p5
2020-11-16,1.0660083847699469,total,S1_fb1p5
2020-11-17,1.0644130235278308,total,S1_fb1p5
2020-11-18,1.060954010987224,total,S1_fb1p5
2020-11-19,1.0362390388253977,total,S1_fb1p5
2020-11-20,1.0279429729841512,total,S1_fb1p5
2020-11-23,1.0804820659386956,total,S1_fb1p5
2020-11-24,1.105003340791266,total,S1_fb1p5
2020-11-25,1.1163523831024689,total,S1_fb1p5
2020-11-26,1.119531197998682,total,S1_fb1p5
2020-11-27,1.1189990518603894,total,S1_fb1p5
2020-11-30,1.1024356491680463,total,S1_fb1p5
2020-12-01,1.1037488025189852,total,S1_fb1p5
2020-12-02,1.1179707137641686,total,S1_fb1p5
2020-12-03,1.1458335706032343,total,S1_fb1p5
2020-12-04,1.170924331957995,total,S1_fb1p5
2020-12-07,1.1224999449737518,total,S1_fb1p5
2020-12-08,1.1112166563317833,total,S1_fb1p5
2020-12-09,1.1129219308950067,total,S1_fb1p5
2020-12-10,1.084276363074946,total,S1_fb1p5
2020-12-11,1.0709175351390168,total,S1_fb1p5
2020-12-14,1.1564157674547255,total,S1_fb1p5
2020-12-15,1.1426898636723426,total,S1_fb1p5
2020-12-16,1.1120221522701006,total,S1_fb1p5
2020-12-17,1.1017241589360496,total,S1_fb1p5
2020-12-18,1.0770074507936367,total,S1_fb1p5
2020-12-21,0.9740013492072307,total,S1_fb1p5
2020-12-22,0.9480961733533212,total,S1_fb1p5
2020-12-23,0.9639282442110196,total,S1_fb1p5
2020-12-24,0.9688460457486375,total,S1_fb1p5
2020-12-25,0.9504192177389805,total,S1_fb1p5
2020-12-28,0.9052558871637495,total,S1_fb1p5
2020-12-29,0.9107405136608043,total,S1_fb1p5
2020-12-30,0.897038622246102,total,S1_fb1p5
2020-12-31,0.8956492407100185,total,S1_fb1p5
2021-01-04,0.9050470447846408,total,S1_fb1p5
2021-01-05,0.8799108116716368,total,S1_fb1p5
2021-01-06,0.8856510833723712,total,S1_fb1p5
2021-01-07,0.8867561639043932,total,S1_fb1p5
2021-01-08,0.8888769388999385,total,S1_fb1p5
2021-01-11,0.9588309948727342,total,S1_fb1p5
2021-01-12,0.9691530129386734,total,S1_fb1p5
2021-01-13,0.9538897874782502,total,S1_fb1p5
2021-01-14,0.9587658629776667,total,S1_fb1p5
2021-01-15,0.9479871653289083,total,S1_fb1p5
2021-01-18,0.940329084585555,total,S1_fb1p5
2021-01-19,0.9826030574090214,total,S1_fb1p5
2021-01-20,0.9983403506284955,total,S1_fb1p5
2021-01-21,0.978117630219654,total,S1_fb1p5
2021-01-22,0.9602942668366836,total,S1_fb1p5
2021-01-25,0.9484831325180071,total,S1_fb1p5
2021-01-26,0.9639630146469761,total,S1_fb1p5
2021-01-27,0.9600971531264736,total,S1_fb1p5
2021-01-28,0.9811940595059788,total,S1_fb1p5
2021-01-29,0.989397401950175,total,S1_fb1p5
2021-02-01,0.9544181280340879,total,S1_fb1p5
2021-02-02,0.9709928214856702,total,S1_fb1p5
2021-02-03,0.9966768990588423,total,S1_fb1p5
2021-02-04,0.9953159199531821,total,S1_fb1p5
2021-02-05,0.9774785349885973,total,S1_fb1p5
2021-09-13,0.8049244517605685,total,S1_fb1p5
2021-09-14,0.8264868781488978,total,S1_fb1p5
2021-09-15,0.8482318634073133,total,S1_fb1p5
2021-09-16,0.8244779580832955,total,S1_fb1p5
2021-09-17,0.8275900014665415,total,S1_fb1p5
2022-02-14,0.7804593706683642,total,S1_fb1p5
2022-02-18,0.7894279870240616,total,S1_fb1p5
2022-02-21,0.8101671874069695,total,S1_fb1p5
2022-02-22,0.7933383874564599,total,S1_fb1p5
2022-02-23,0.7869036185662693,total,S1_fb1p5
2022-02-24,0.8063221655249807,total,S1_fb1p5
2022-02-25,0.8060935722337482,total,S1_fb1p5
2022-02-28,0.8403513915909192,total,S1_fb1p5
2022-03-01,0.8248745051993488,total,S1_fb1p5
2022-03-02,0.8098957444955854,total,S1_fb1p5
2022-03-03,0.7983494868196067,total,S1_fb1p5
2022-03-04,0.7901884989434701,total,S1_fb1p5
2022-03-09,0.7858489162211942,total,S1_fb1p5
2022-03-10,0.8048780611697863,total,S1_fb1p5
2022-05-05,0.8221658289901788,total,S1_fb1p5
2022-05-06,0.817739687838087,total,S1_fb1p5
2022-05-09,0.7983245351385744,total,S1_fb1p5
2022-05-10,0.7881022389819606,total,S1_fb1p5
2022-05-11,0.8076661431414687,total,S1_fb1p5
2022-05-12,0.7987760737894527,total,S1_fb1p5
2022-05-13,0.8104471283629302,total,S1_fb1p5
2022-05-16,0.8556190190266066,total,S1_fb1p5
2022-05-17,0.848111102791226,total,S1_fb1p5
2022-05-18,0.8319950819821142,total,S1_fb1p5
2022-05-19,0.8239709763994341,total,S1_fb1p5
2022-05-20,0.9107869413155146,total,S1_fb1p5
2022-05-23,0.9187566448932567,total,S1_fb1p5
2022-05-24,0.9095468516134155,total,S1_fb1p5
2022-05-25,0.8985260102996917,total,S1_fb1p5
2022-05-26,0.8767483265296576,total,S1_fb1p5
2022-05-27,0.9083330707473134,total,S1_fb1p5
2022-05-30,0.8977408925243638,total,S1_fb1p5
2022-05-31,0.9203145346452836,total,S1_fb1p5
2022-06-01,0.9404786095924298,total,S1_fb1p5
2022-06-02,0.9448279063630518,total,S1_fb1p5
2022-06-06,0.8816833318001542,total,S1_fb1p5
2022-06-07,0.8754543590752043,total,S1_fb1p5
2022-06-08,0.873564397354347,total,S1_fb1p5
2022-06-09,0.8706744902774376,total,S1_fb1p5
2022-06-10,0.8738895822371038,total,S1_fb1p5
2022-06-13,0.8989805926794602,total,S1_fb1p5
2022-06-14,0.8977856756138587,total,S1_fb1p5
2022-06-15,0.909094389970383,total,S1_fb1p5
2022-06-16,0.9100455725821057,total,S1_fb1p5
2022-06-17,0.9299657236485378,total,S1_fb1p5
2022-06-20,0.8462208682285999,total,S1_fb1p5
2022-06-21,0.8442833971913664,total,S1_fb1p5
2022-06-22,0.8328864576062045,total,S1_fb1p5
2022-06-23,0.8432171981862002,total,S1_fb1p5
2022-06-24,0.8654470857586556,total,S1_fb1p5
2022-06-27,0.8901646398769898,total,S1_fb1p5
2022-06-28,0.8736941266808401,total,S1_fb1p5
2022-06-29,0.8744828696495659,total,S1_fb1p5
2022-06-30,0.8715261387023102,total,S1_fb1p5
2022-07-01,0.8677399659957922,total,S1_fb1p5
2022-07-04,0.8864966224496353,total,S1_fb1p5
2022-07-05,0.8776658836400447,total,S1_fb1p5
2022-07-06,0.8700247085452089,total,S1_fb1p5
2022-07-07,0.8830057959008656,total,S1_fb1p5
2022-07-08,0.8787474874878412,total,S1_fb1p5
2022-11-14,0.7940777506742688,total,S1_fb1p5
2022-11-15,0.7937488185473315,total,S1_fb1p5
2022-11-16,0.8168814051521052,total,S1_fb1p5
2022-11-17,0.8025140038548948,total,S1_fb1p5
2022-11-21,0.8066351510155966,total,S1_fb1p5
2022-11-22,0.8171872892511506,total,S1_fb1p5
2022-11-23,0.8079479747267098,total,S1_fb1p5
2022-11-24,0.804162874355503,total,S1_fb1p5
2022-11-25,0.808201924259908,total,S1_fb1p5
2022-12-05,0.8663751238967707,total,S1_fb1p5
2022-12-06,0.8691323773002405,total,S1_fb1p5
2022-12-07,0.8857972152876458,total,S1_fb1p5
2022-12-08,0.874316528210325,total,S1_fb1p5
2022-12-09,0.9037653968709078,total,S1_fb1p5
2022-12-12,0.8086167442874879,total,S1_fb1p5
2022-12-13,0.8142836359265191,total,S1_fb1p5
2022-12-14,0.8109141845839148,total,S1_fb1p5
2022-12-15,0.8104918932216655,total,S1_fb1p5
2022-12-16,0.8175199923828829,total,S1_fb1p5
2022-12-19,0.9091689249264203,total,S1_fb1p5
2022-12-20,0.8989649783137588,total,S1_fb1p5
2022-12-21,0.9030122374486871,total,S1_fb1p5
2022-12-22,0.903430447444684,total,S1_fb1p5
2022-12-23,0.8904834249595569,total,S1_fb1p5
2022-12-26,0.9705326599443278,total,S1_fb1p5
2022-12-27,0.9876203831041896,total,S1_fb1p5
2022-12-28,1.0245106134029132,total,S1_fb1p5
2022-12-29,1.0189488374379623,total,S1_fb1p5
2022-12-30,1.0253763075562352,total,S1_fb1p5
2023-01-03,0.8625629550913241,total,S1_fb1p5
2023-01-04,0.8568016625804951,total,S1_fb1p5
2023-01-05,0.8430516619555313,total,S1_fb1p5
2023-01-06,0.86128326677821,total,S1_fb1p5
2023-01-09,0.8656418426393112,total,S1_fb1p5
2023-01-10,0.8902772136696258,total,S1_fb1p5
2023-01-11,0.9042912177698579,total,S1_fb1p5
2023-01-12,0.8925245753501803,total,S1_fb1p5
2023-01-13,0.9049904026949007,total,S1_fb1p5
2023-01-16,1.0736137470029368,total,S1_fb1p5
2023-01-17,1.0959145782079136,total,S1_fb1p5
2023-01-18,1.1078108146321288,total,S1_fb1p5
2023-01-19,1.1448732659278864,total,S1_fb1p5
2023-01-20,1.1513984710640237,total,S1_fb1p5
2023-01-30,0.9060156749814319,total,S1_fb1p5
2023-01-31,0.8778458504828703,total,S1_fb1p5
2023-02-01,0.8807492929874159,total,S1_fb1p5
2023-02-02,0.860171704929953,total,S1_fb1p5
2023-02-03,0.841981972757941,total,S1_fb1p5
2023-02-06,0.8075395214216163,total,S1_fb1p5
2023-02-07,0.8073294054387903,total,S1_fb1p5
2023-02-08,0.8098276018742926,total,S1_fb1p5
2023-02-09,0.808704375953546,total,S1_fb1p5
2023-02-10,0.7971399553827572,total,S1_fb1p5
2023-02-21,0.7942506194813947,total,S1_fb1p5
2023-02-22,0.789898211909277,total,S1_fb1p5
2023-02-23,0.7845744710487711,total,S1_fb1p5
2023-03-02,0.7881812681109872,total,S1_fb1p5
2023-03-03,0.796879063254857,total,S1_fb1p5
2023-03-06,0.7893273984184892,total,S1_fb1p5
2023-03-07,0.7900577848846969,total,S1_fb1p5
2023-03-08,0.7893315139123482,total,S1_fb1p5
2023-03-09,0.7842761974973396,total,S1_fb1p5
2023-03-10,0.7890572683566243,total,S1_fb1p5
2023-03-13,0.8521984681348254,total,S1_fb1p5
2023-03-14,0.8517788721233593,total,S1_fb1p5
2023-03-15,0.8574111238469083,total,S1_fb1p5
2023-03-16,0.815641203065233,total,S1_fb1p5
2023-03-17,0.8040058966055978,total,S1_fb1p5
2023-03-20,0.8278346183571078,total,S1_fb1p5
2023-03-21,0.8268562386432579,total,S1_fb1p5
2023-03-22,0.8254152094477217,total,S1_fb1p5
2023-03-23,0.8506060874066811,total,S1_fb1p5
2023-03-24,0.8563682351255526,total,S1_fb1p5
2023-03-27,0.821929253736118,total,S1_fb1p5
2023-03-28,0.844241700997058,total,S1_fb1p5
2023-03-29,0.856519321205108,total,S1_fb1p5
2023-03-30,0.8605144987286675,total,S1_fb1p5
2023-03-31,0.8647573741022714,total,S1_fb1p5
2023-04-03,0.8795636940962185,total,S1_fb1p5
2023-04-04,0.8597461560072239,total,S1_fb1p5
2023-04-06,0.87404907535317,total,S1_fb1p5
2023-04-07,0.8550568361363297,total,S1_fb1p5
2023-04-10,0.8472412471363772,total,S1_fb1p5
2023-04-11,0.8293243798077311,total,S1_fb1p5
2023-04-12,0.8286477274698095,total,S1_fb1p5
2023-04-13,0.8292499476171776,total,S1_fb1p5
2023-04-14,0.8469401206382492,total,S1_fb1p5
2023-04-17,0.8601580526693606,total,S1_fb1p5
2023-04-18,0.8712523178653384,total,S1_fb1p5
2023-04-19,0.8789032925530434,total,S1_fb1p5
2023-04-20,0.8748293589040819,total,S1_fb1p5
2023-04-21,0.8527627047032008,total,S1_fb1p5
2023-04-24,0.8507463410597617,total,S1_fb1p5
2023-04-25,0.8627873926441642,total,S1_fb1p5
2023-04-26,0.8491680379683502,total,S1_fb1p5
2023-04-27,0.8378914694070645,total,S1_fb1p5
2023-04-28,0.8264267024419338,total,S1_fb1p5
2023-05-04,0.7993275668728842,total,S1_fb1p5
2023-05-05,0.7804977040313892,total,S1_fb1p5
2023-05-08,0.8046626214096874,total,S1_fb1p5
2023-05-09,0.8095276330454904,total,S1_fb1p5
2023-05-10,0.8028679192202763,total,S1_fb1p5
2023-05-11,0.788949705778563,total,S1_fb1p5
2023-07-17,1.073797878013363,total,S1_fb1p5
2023-07-18,1.069724258804016,total,S1_fb1p5
2023-07-19,1.071143919634895,total,S1_fb1p5
2023-07-20,1.084226693854887,total,S1_fb1p5
2023-07-21,1.0802185865646785,total,S1_fb1p5
2023-07-24,1.099144826853317,total,S1_fb1p5
2023-07-25,1.1280191395133539,total,S1_fb1p5
2023-07-26,1.1546306643539272,total,S1_fb1p5
2023-07-27,1.1363362722363406,total,S1_fb1p5
2023-07-28,1.153268555380511,total,S1_fb1p5
2023-07-31,1.2017942577206706,total,S1_fb1p5
2023-08-01,1.1442240252830012,total,S1_fb1p5
2023-08-02,1.1412668460918884,total,S1_fb1p5
2023-08-03,1.1527323338493007,total,S1_fb1p5
2023-08-04,1.1408764330811698,total,S1_fb1p5
2023-08-07,1.0440414485125125,total,S1_fb1p5
2023-08-08,1.0481235854268256,total,S1_fb1p5
2023-08-09,1.0452463826383522,total,S1_fb1p5
2023-08-10,1.0389928462960774,total,S1_fb1p5
2023-08-11,1.031852453114644,total,S1_fb1p5
2023-08-14,1.101348407893234,total,S1_fb1p5
2023-08-15,1.0786748226505478,total,S1_fb1p5
2023-08-16,1.0908718326129112,total,S1_fb1p5
2023-08-17,1.0796742529110959,total,S1_fb1p5
2023-08-18,1.0785162025232213,total,S1_fb1p5
2023-08-21,1.0716365890964858,total,S1_fb1p5
2023-08-22,1.1242584836771896,total,S1_fb1p5
2023-08-23,1.144908144231762,total,S1_fb1p5
2023-08-24,1.151451683819447,total,S1_fb1p5
2023-08-25,1.1527800870548386,total,S1_fb1p5
2023-08-28,1.1375136196366515,total,S1_fb1p5
2023-08-29,1.1288218325694606,total,S1_fb1p5
2023-08-30,1.1229299144217975,total,S1_fb1p5
2023-08-31,1.1190429663104529,total,S1_fb1p5
2023-09-01,1.132255314743282,total,S1_fb1p5
2023-09-04,1.1799921438351098,total,S1_fb1p5
2023-09-05,1.1918992590839002,total,S1_fb1p5
2023-09-06,1.174137540749513,total,S1_fb1p5
2023-09-07,1.1646009228468752,total,S1_fb1p5
2023-09-08,1.172497943986163,total,S1_fb1p5
2023-09-11,1.1775471631659935,total,S1_fb1p5
2023-09-12,1.188341575940497,total,S1_fb1p5
2023-09-13,1.1646938679972059,total,S1_fb1p5
2023-09-14,1.165047373896755,total,S1_fb1p5
2023-09-15,1.19340503215541,total,S1_fb1p5
2023-09-18,1.163498501467065,total,S1_fb1p5
2023-09-19,1.1566928891833952,total,S1_fb1p5
2023-09-20,1.1738751057509562,total,S1_fb1p5
2023-09-21,1.163455254195828,total,S1_fb1p5
2023-09-22,1.1677423112551635,total,S1_fb1p5
2023-09-25,1.153160431148901,total,S1_fb1p5
2023-09-26,1.1414649670979335,total,S1_fb1p5
2023-09-27,1.1374867604660917,total,S1_fb1p5
2023-09-28,1.1248510606047348,total,S1_fb1p5
2023-10-09,1.118396801208621,total,S1_fb1p5
2023-10-10,1.1324137077633547,total,S1_fb1p5
2023-10-11,1.138937751631175,total,S1_fb1p5
2023-10-12,1.1425665740843234,total,S1_fb1p5
2023-10-13,1.1421194596343422,total,S1_fb1p5
2023-10-16,1.1395699245964677,total,S1_fb1p5
2023-10-17,1.1607608679450987,total,S1_fb1p5
2023-10-18,1.1381015901933476,total,S1_fb1p5
2023-10-19,1.1336922249020183,total,S1_fb1p5
2023-10-20,1.129195628198862,total,S1_fb1p5
2023-10-23,1.1174996304915887,total,S1_fb1p5
2023-10-24,1.1249241596408122,total,S1_fb1p5
2023-10-25,1.1159790506006428,total,S1_fb1p5
2023-10-26,1.1232556174531303,total,S1_fb1p5
2023-10-27,1.1400383254340452,total,S1_fb1p5
2023-10-30,1.1435931606844456,total,S1_fb1p5
2023-10-31,1.1354325988469225,total,S1_fb1p5
2023-11-01,1.1368313647846575,total,S1_fb1p5
2023-11-02,1.124525986878165,total,S1_fb1p5
2023-11-03,1.1352641680285278,total,S1_fb1p5
2023-11-06,1.1124035274218145,total,S1_fb1p5
2023-11-07,1.1018749615384942,total,S1_fb1p5
2023-11-08,1.0957940109561812,total,S1_fb1p5
2023-11-09,1.088044773814555,total,S1_fb1p5
2023-11-10,1.0956543040138769,total,S1_fb1p5
2023-11-13,1.1434147284209115,total,S1_fb1p5
2023-11-14,1.1621627826541616,total,S1_fb1p5
2023-11-15,1.1462804440843193,total,S1_fb1p5
2023-11-16,1.143012396658613,total,S1_fb1p5
2023-11-17,1.1378921055878384,total,S1_fb1p5
2023-11-20,1.127170380178866,total,S1_fb1p5
2023-11-21,1.1255742580840855,total,S1_fb1p5
2023-11-22,1.1430612034536018,total,S1_fb1p5
2023-11-23,1.160874120688628,total,S1_fb1p5
2023-11-24,1.1624687253903812,total,S1_fb1p5
2023-11-27,1.1439790259880294,total,S1_fb1p5
2023-11-28,1.1367724102442012,total,S1_fb1p5
2023-11-29,1.143397706955036,total,S1_fb1p5
2023-11-30,1.143788472013459,total,S1_fb1p5
2023-12-01,1.117227244401394,total,S1_fb1p5
2023-12-04,1.102701235629057,total,S1_fb1p5
2023-12-05,1.0997792701835372,total,S1_fb1p5
2023-12-06,1.1022319777994973,total,S1_fb1p5
2023-12-07,1.077371829002795,total,S1_fb1p5
2023-12-08,1.0884507591439831,total,S1_fb1p5
2023-12-11,1.0999572076662874,total,S1_fb1p5
2023-12-12,1.0966294409758297,total,S1_fb1p5
2023-12-13,1.0978886062875977,total,S1_fb1p5
2023-12-14,1.0980863854053626,total,S1_fb1p5
2023-12-15,1.0896308580120209,total,S1_fb1p5
2023-12-18,1.1278039906475106,total,S1_fb1p5
2023-12-19,1.114039081636105,total,S1_fb1p5
2023-12-20,1.1049168226789752,total,S1_fb1p5
2023-12-21,1.1376521160193975,total,S1_fb1p5
2023-12-22,1.1105206611479663,total,S1_fb1p5
2023-12-25,1.1277845757637948,total,S1_fb1p5
2023-12-26,1.1249186997779905,total,S1_fb1p5
2023-12-27,1.1118583292613673,total,S1_fb1p5
2023-12-28,1.0935537449057728,total,S1_fb1p5
2023-12-29,1.086547770049582,total,S1_fb1p5
2024-01-02,1.125964286227767,total,S1_fb1p5
2024-01-03,1.1413521621970892,total,S1_fb1p5
2024-01-04,1.152433461841505,total,S1_fb1p5
2024-01-05,1.136722471633553,total,S1_fb1p5
2024-01-08,1.1591634829541537,total,S1_fb1p5
2024-01-09,1.1506629848732282,total,S1_fb1p5
2024-01-10,1.1406413957557011,total,S1_fb1p5
2024-01-11,1.1462174412027768,total,S1_fb1p5
2024-01-12,1.1548182541342937,total,S1_fb1p5
2024-01-15,1.1656660021761835,total,S1_fb1p5
2024-01-16,1.1765289093892575,total,S1_fb1p5
2024-01-17,1.1527679844114957,total,S1_fb1p5
2024-01-18,1.153461033657865,total,S1_fb1p5
2024-01-19,1.1621887152953871,total,S1_fb1p5
2024-01-22,1.1506060850165403,total,S1_fb1p5
2024-01-23,1.1566715862691814,total,S1_fb1p5
2024-01-24,1.1511508022029502,total,S1_fb1p5
2024-01-25,1.161581708902839,total,S1_fb1p5
2024-01-26,1.1553780573014276,total,S1_fb1p5
2024-01-29,1.1470805847977739,total,S1_fb1p5
2024-01-30,1.1263337070146777,total,S1_fb1p5
2024-01-31,1.1076107766999703,total,S1_fb1p5
2024-02-01,1.106699160051606,total,S1_fb1p5
2024-02-02,1.0901505320666418,total,S1_fb1p5
2024-02-05,1.097125377455817,total,S1_fb1p5
2024-02-06,1.0997729417588558,total,S1_fb1p5
2024-02-07,1.0837765033832583,total,S1_fb1p5
2024-02-08,1.0954138344074984,total,S1_fb1p5
2024-02-19,1.1084255582894385,total,S1_fb1p5
2024-02-20,1.116295479807702,total,S1_fb1p5
2024-02-21,1.1576825648840923,total,S1_fb1p5
2024-02-22,1.1671234848327117,total,S1_fb1p5
2024-02-23,1.1765451586040485,total,S1_fb1p5
2024-02-26,1.1670006351455617,total,S1_fb1p5
2024-02-27,1.1731053166437038,total,S1_fb1p5
2024-02-28,1.180426426214452,total,S1_fb1p5
2024-02-29,1.1590869483519262,total,S1_fb1p5
2024-03-01,1.1670608643722389,total,S1_fb1p5
2024-03-04,1.1392180484641974,total,S1_fb1p5
2024-03-05,1.1280885826252418,total,S1_fb1p5
2024-03-06,1.1164014344425717,total,S1_fb1p5
2024-03-07,1.12349162111395,total,S1_fb1p5
2024-03-08,1.1215062973139691,total,S1_fb1p5
2024-03-11,1.0937212126994162,total,S1_fb1p5
2024-03-12,1.0990539744273968,total,S1_fb1p5
2024-03-13,1.095402698113559,total,S1_fb1p5
2024-03-14,1.0708650667777553,total,S1_fb1p5
2024-03-15,1.046247801736661,total,S1_fb1p5
2024-03-18,1.0672375845571758,total,S1_fb1p5
2024-03-19,1.0944744242380355,total,S1_fb1p5
2024-03-20,1.1482369315351684,total,S1_fb1p5
2024-03-21,1.1411150155112777,total,S1_fb1p5
2024-03-22,1.151143397351436,total,S1_fb1p5
2024-03-25,1.1534989230769797,total,S1_fb1p5
2024-03-26,1.127571526289224,total,S1_fb1p5
2024-03-27,1.115660805242559,total,S1_fb1p5
2024-03-28,1.095877903435101,total,S1_fb1p5
2024-03-29,1.0688022363460332,total,S1_fb1p5
2024-04-01,1.0823448489066452,total,S1_fb1p5
2024-04-02,1.094489363803771,total,S1_fb1p5
2024-04-03,1.0817293098477512,total,S1_fb1p5
2024-04-08,1.075944622689993,total,S1_fb1p5
2024-04-09,1.124775807417031,total,S1_fb1p5
2024-04-10,1.1285626398866864,total,S1_fb1p5
2024-04-11,1.127554618769,total,S1_fb1p5
2024-04-12,1.1234961348553287,total,S1_fb1p5
2024-04-15,1.1104132867961942,total,S1_fb1p5
2024-04-16,1.1357269664049496,total,S1_fb1p5
2024-04-17,1.149082081682537,total,S1_fb1p5
2024-04-18,1.1688097951711303,total,S1_fb1p5
2024-04-19,1.1567380756324868,total,S1_fb1p5
2024-04-22,1.1286425504131103,total,S1_fb1p5
2024-04-23,1.1230615792683187,total,S1_fb1p5
2024-04-24,1.140073138148889,total,S1_fb1p5
2024-04-25,1.1231025108466686,total,S1_fb1p5
2024-04-26,1.1198706305638078,total,S1_fb1p5
2024-04-29,1.1403613107217359,total,S1_fb1p5
2024-04-30,1.1385568263615429,total,S1_fb1p5
2024-05-06,1.139797046243429,total,S1_fb1p5
2024-05-07,1.1229217995323557,total,S1_fb1p5
2024-05-08,1.1291293293457954,total,S1_fb1p5
2024-05-09,1.1181688396108107,total,S1_fb1p5
2024-05-10,1.1198290766466634,total,S1_fb1p5
2024-05-13,1.1294111233621478,total,S1_fb1p5
2024-05-14,1.1154332650103367,total,S1_fb1p5
2024-05-15,1.114453661318779,total,S1_fb1p5
2024-05-16,1.1231227222846254,total,S1_fb1p5
2024-05-17,1.1365868408547444,total,S1_fb1p5
2024-05-20,1.1524559849810334,total,S1_fb1p5
2024-05-21,1.1549885614402615,total,S1_fb1p5
2024-05-22,1.1657040162306518,total,S1_fb1p5
2024-05-23,1.1811611991631112,total,S1_fb1p5
2024-05-24,1.1854376953365082,total,S1_fb1p5
2024-05-27,1.1263165929032892,total,S1_fb1p5
2024-05-28,1.1069453011954595,total,S1_fb1p5
2024-05-29,1.095599139731537,total,S1_fb1p5
2024-05-30,1.0851377217549754,total,S1_fb1p5
2024-05-31,1.0905241482984418,total,S1_fb1p5
2024-06-03,1.1389231202668622,total,S1_fb1p5
2024-06-04,1.1201047889342248,total,S1_fb1p5
2024-06-05,1.0998354592243387,total,S1_fb1p5
2024-06-06,1.106573069300714,total,S1_fb1p5
2024-06-07,1.1087269462868679,total,S1_fb1p5
2024-06-11,1.1715342074053559,total,S1_fb1p5
2024-06-12,1.1947124190606118,total,S1_fb1p5
2024-06-13,1.1608491115948794,total,S1_fb1p5
2024-06-14,1.1487247517893662,total,S1_fb1p5
2024-06-17,1.1537284139290596,total,S1_fb1p5
2024-06-18,1.1201263791478242,total,S1_fb1p5
2024-06-19,1.1155534092052584,total,S1_fb1p5
2024-06-20,1.1137972244447654,total,S1_fb1p5
2024-06-21,1.119615864820307,total,S1_fb1p5
2024-06-24,1.109107909210923,total,S1_fb1p5
2024-06-25,1.0942011642768052,total,S1_fb1p5
2024-06-26,1.097779076871401,total,S1_fb1p5
2024-06-27,1.0938221164731592,total,S1_fb1p5
2024-06-28,1.0868956897936812,total,S1_fb1p5
2024-07-01,1.122160120611446,total,S1_fb1p5
2024-07-02,1.1186759541015205,total,S1_fb1p5
2024-07-03,1.1052526299355574,total,S1_fb1p5
2024-07-04,1.1252257186496815,total,S1_fb1p5
2024-07-05,1.12721644064132,total,S1_fb1p5
2024-07-08,1.1422203659906682,total,S1_fb1p5
2024-07-09,1.1302096451065111,total,S1_fb1p5
2024-07-10,1.1355069644684765,total,S1_fb1p5
2024-07-11,1.1401458332297003,total,S1_fb1p5
2024-07-12,1.1553346301584502,total,S1_fb1p5
2024-07-15,1.1932321635218994,total,S1_fb1p5
2024-07-16,1.1840029102090166,total,S1_fb1p5
2024-07-17,1.1649430169248323,total,S1_fb1p5
2024-07-18,1.1596710836489164,total,S1_fb1p5
2024-07-19,1.1700126789123326,total,S1_fb1p5
2024-07-22,1.1330252811258976,total,S1_fb1p5
2024-07-23,1.122342899221978,total,S1_fb1p5
2024-07-24,1.10358981344973,total,S1_fb1p5
2024-07-25,1.0823616485592402,total,S1_fb1p5
2024-07-26,1.0859651172806715,total,S1_fb1p5
2024-07-29,1.09668598467511,total,S1_fb1p5
2024-07-30,1.1008675315520537,total,S1_fb1p5
2024-07-31,1.0878865773638906,total,S1_fb1p5
2024-08-01,1.0833383466352675,total,S1_fb1p5
2024-08-02,1.0809692162364448,total,S1_fb1p5
2024-08-05,1.1182815310753247,total,S1_fb1p5
2024-08-06,1.1143707396024605,total,S1_fb1p5
2024-08-07,1.087935438693739,total,S1_fb1p5
2024-08-08,1.0946176355053057,total,S1_fb1p5
2024-08-09,1.1039624080045298,total,S1_fb1p5
2024-08-12,1.0741316077732777,total,S1_fb1p5
2024-08-13,1.050212176206138,total,S1_fb1p5
2024-08-14,1.0092342930953284,total,S1_fb1p5
2024-08-15,1.0115885406102096,total,S1_fb1p5
2024-08-16,1.0257253103825084,total,S1_fb1p5
2024-08-19,1.05736918632459,total,S1_fb1p5
2024-08-20,1.0678700887450157,total,S1_fb1p5
2024-08-21,1.1566785192397528,total,S1_fb1p5
2024-08-22,1.1409582178928153,total,S1_fb1p5
2024-08-23,1.1102059833891926,total,S1_fb1p5
2024-08-26,1.1436322784858515,total,S1_fb1p5
2024-08-27,1.1734602061748491,total,S1_fb1p5
2024-08-28,1.156353307528289,total,S1_fb1p5
2024-08-29,1.1685773353462192,total,S1_fb1p5
2024-08-30,1.1619753588062862,total,S1_fb1p5
2024-09-02,1.1012701042191686,total,S1_fb1p5
2024-09-03,1.0775986146149548,total,S1_fb1p5
2024-09-04,1.0681266606404527,total,S1_fb1p5
2024-09-05,1.0644852529035902,total,S1_fb1p5
2024-09-06,1.0362796357661723,total,S1_fb1p5
2024-09-09,1.0604577985237635,total,S1_fb1p5
2024-09-10,1.0461136564117273,total,S1_fb1p5
2024-09-11,1.032110930163408,total,S1_fb1p5
2024-09-12,1.0364273304748475,total,S1_fb1p5
2024-09-13,1.025127094393558,total,S1_fb1p5
2024-09-18,1.0227892195787485,total,S1_fb1p5
2024-09-19,1.0219016183713592,total,S1_fb1p5
2024-09-20,1.075527247200044,total,S1_fb1p5
2024-09-23,1.0995629932482798,total,S1_fb1p5
2024-09-24,1.1155738125997179,total,S1_fb1p5
2024-09-25,1.120053121347301,total,S1_fb1p5
2024-09-26,1.1233888815900048,total,S1_fb1p5
2024-09-27,1.18013071918521,total,S1_fb1p5
2024-09-30,1.2394420305212375,total,S1_fb1p5
2024-10-08,1.076605360584812,total,S1_fb1p5
2024-10-09,1.050329321903313,total,S1_fb1p5
2024-10-10,1.037441316478024,total,S1_fb1p5
2024-10-11,1.0174150687744832,total,S1_fb1p5
2024-10-14,1.0248744793871893,total,S1_fb1p5
2024-10-15,1.040540905426783,total,S1_fb1p5
2024-10-16,1.0438748416951964,total,S1_fb1p5
2024-10-17,1.0101289372110465,total,S1_fb1p5
2024-10-18,0.9910765814963278,total,S1_fb1p5
2024-10-21,1.0128641089502333,total,S1_fb1p5
2024-10-22,1.0107983665114666,total,S1_fb1p5
2024-10-23,1.0141856758966137,total,S1_fb1p5
2024-10-24,1.0197393205493421,total,S1_fb1p5
2024-10-25,1.0384275361231488,total,S1_fb1p5
2024-10-28,1.1289568390283582,total,S1_fb1p5
2024-10-29,1.1323644670751476,total,S1_fb1p5
2024-10-30,1.1361437574325823,total,S1_fb1p5
2024-10-31,1.1399658123364136,total,S1_fb1p5
2024-11-01,1.108357221798877,total,S1_fb1p5
2024-11-04,1.102838811809182,total,S1_fb1p5
2024-11-05,1.0958054544841773,total,S1_fb1p5
2024-11-06,1.0819284200493817,total,S1_fb1p5
2024-11-07,1.0610761035859078,total,S1_fb1p5
2024-11-08,1.0252256033796703,total,S1_fb1p5
2024-11-11,1.0760953402982443,total,S1_fb1p5
2024-11-12,1.0724194765633008,total,S1_fb1p5
2024-11-13,1.113522071687451,total,S1_fb1p5
2024-11-14,1.1212472512728309,total,S1_fb1p5
2024-11-15,1.0870367084551897,total,S1_fb1p5
2024-11-18,1.0465517704819343,total,S1_fb1p5
2024-11-19,1.0282614908657364,total,S1_fb1p5
2024-11-20,1.0206308065062235,total,S1_fb1p5
2024-11-21,1.0244922773574392,total,S1_fb1p5
2024-11-22,1.0317536473320865,total,S1_fb1p5
2024-11-25,1.0492235722670933,total,S1_fb1p5
2024-11-26,1.040214169082928,total,S1_fb1p5
2024-11-27,1.0376002461901348,total,S1_fb1p5
2024-11-28,1.0296464693104403,total,S1_fb1p5
2024-11-29,1.0431655144850456,total,S1_fb1p5
2024-12-02,1.0458890240121923,total,S1_fb1p5
2024-12-03,1.0462772311834927,total,S1_fb1p5
2024-12-04,1.0093773976153078,total,S1_fb1p5
2024-12-05,0.9851028197686552,total,S1_fb1p5
2024-12-06,0.9886140188611592,total,S1_fb1p5
2024-12-09,1.0545171204749852,total,S1_fb1p5
2024-12-10,1.0622218267116068,total,S1_fb1p5
2024-12-11,1.0699359527953773,total,S1_fb1p5
2024-12-12,1.0684445155230993,total,S1_fb1p5
2024-12-13,1.1006930075561963,total,S1_fb1p5
2024-12-16,1.1223328172740183,total,S1_fb1p5
2024-12-17,1.1539180574898615,total,S1_fb1p5
2024-12-18,1.1795182616088573,total,S1_fb1p5
2024-12-19,1.1718354419176675,total,S1_fb1p5
2024-12-20,1.1412214321321914,total,S1_fb1p5
2024-12-23,1.1244503029075297,total,S1_fb1p5
2024-12-24,1.1357144955656322,total,S1_fb1p5
2024-12-25,1.1484102031658314,total,S1_fb1p5
2024-12-26,1.1599236250305682,total,S1_fb1p5
2024-12-27,1.1355299161218966,total,S1_fb1p5
2024-12-30,1.1390137399604754,total,S1_fb1p5
2024-12-31,1.1247380021023516,total,S1_fb1p5
2025-01-02,1.1113906683037726,total,S1_fb1p5
2025-01-03,1.1020573295840501,total,S1_fb1p5
2025-01-06,1.1245046772471161,total,S1_fb1p5
2025-01-07,1.127500552871848,total,S1_fb1p5
2025-01-08,1.1018437226481197,total,S1_fb1p5
2025-01-09,1.1077946000101782,total,S1_fb1p5
2025-01-10,1.1109014947242162,total,S1_fb1p5
2025-01-13,1.0171928306153186,total,S1_fb1p5
2025-01-14,1.0259034428238716,total,S1_fb1p5
2025-01-15,1.0656979306946446,total,S1_fb1p5
2025-01-16,1.0686934531904908,total,S1_fb1p5
2025-01-17,1.097753439761012,total,S1_fb1p5
2025-01-20,1.1001696897053912,total,S1_fb1p5
2025-01-21,1.0994610490928292,total,S1_fb1p5
2025-01-22,1.089814033182925,total,S1_fb1p5
2025-01-23,1.1118307562374992,total,S1_fb1p5
2025-01-24,1.1143452028356202,total,S1_fb1p5
2025-01-27,1.148190328615178,total,S1_fb1p5
2025-02-05,1.0994170519792148,total,S1_fb1p5
2025-02-06,1.0911992068770529,total,S1_fb1p5
2025-02-07,1.089862813887173,total,S1_fb1p5
2025-02-10,1.1176096506464333,total,S1_fb1p5
2025-02-11,1.107060564235589,total,S1_fb1p5
2025-02-12,1.1003556039967695,total,S1_fb1p5
2025-02-13,1.1062360273702865,total,S1_fb1p5
2025-02-14,1.106996215005508,total,S1_fb1p5
2025-02-17,1.1148367683599696,total,S1_fb1p5
2025-02-18,1.1692461253715747,total,S1_fb1p5
2025-02-19,1.171083170829821,total,S1_fb1p5
2025-02-20,1.1731441519563905,total,S1_fb1p5
2025-02-21,1.160339828767522,total,S1_fb1p5
2025-02-24,1.1743459747136518,total,S1_fb1p5
2025-02-25,1.1540890469902472,total,S1_fb1p5
2025-02-26,1.1459428249423125,total,S1_fb1p5
2025-02-27,1.1563323190976562,total,S1_fb1p5
2025-02-28,1.1372773070339124,total,S1_fb1p5
2025-03-03,1.1348452334356296,total,S1_fb1p5
2025-03-04,1.1260305838826576,total,S1_fb1p5
2025-03-05,1.1224655730356154,total,S1_fb1p5
2025-03-06,1.1132054952918433,total,S1_fb1p5
2025-03-07,1.1199723225472809,total,S1_fb1p5
2025-03-10,1.1090608076247552,total,S1_fb1p5
2025-03-11,1.1223855919505021,total,S1_fb1p5
2025-03-12,1.103657460310704,total,S1_fb1p5
2025-03-13,1.1104357810337293,total,S1_fb1p5
2025-03-14,1.1602176905953763,total,S1_fb1p5
2025-03-17,1.1807428639107758,total,S1_fb1p5
2025-03-18,1.1514057930328478,total,S1_fb1p5
2025-03-19,1.1518523507478455,total,S1_fb1p5
2025-03-20,1.1299364727905388,total,S1_fb1p5
2025-03-21,1.1348572946231579,total,S1_fb1p5
2025-03-24,1.1629899293651655,total,S1_fb1p5
2025-03-25,1.1764505005605628,total,S1_fb1p5
2025-03-26,1.166980507424151,total,S1_fb1p5
2025-03-27,1.1520074031933851,total,S1_fb1p5
2025-03-28,1.1539359868163679,total,S1_fb1p5
2025-03-31,1.1468812656557337,total,S1_fb1p5
2025-04-01,1.1583873616906806,total,S1_fb1p5
2025-04-02,1.1585883919367685,total,S1_fb1p5
2025-04-03,1.1308601644157839,total,S1_fb1p5
2025-04-07,1.121804267315774,total,S1_fb1p5
2025-04-08,1.1189134009228503,total,S1_fb1p5
2025-04-09,1.1237636645340023,total,S1_fb1p5
2025-04-10,1.1434798701507005,total,S1_fb1p5
2025-04-11,1.136752899777442,total,S1_fb1p5
2025-04-14,0.9267397880785277,total,S1_fb1p5
2025-04-15,0.9418275892629553,total,S1_fb1p5
2025-04-16,0.9209938710414128,total,S1_fb1p5
2025-04-17,0.9348920141081447,total,S1_fb1p5
2025-04-18,0.9276772763967093,total,S1_fb1p5
2025-04-21,0.9580439191674474,total,S1_fb1p5
2025-04-22,0.9478141497643681,total,S1_fb1p5
2025-04-23,0.9681345364614055,total,S1_fb1p5
2025-04-24,0.9793375458110256,total,S1_fb1p5
2025-04-25,0.9703557852728645,total,S1_fb1p5
2025-04-28,0.8549297811383395,total,S1_fb1p5
2025-04-29,0.8367793797013846,total,S1_fb1p5
2025-04-30,0.8263505542861147,total,S1_fb1p5
2025-05-06,0.8544538518309909,total,S1_fb1p5
2025-05-07,0.8613785175392177,total,S1_fb1p5
2025-05-08,0.8427126241637805,total,S1_fb1p5
2025-05-09,0.8442565588806404,total,S1_fb1p5
2025-05-12,0.834532062731212,total,S1_fb1p5
2025-05-13,0.8598985768127297,total,S1_fb1p5
2025-05-14,0.87868509100864,total,S1_fb1p5
2025-05-15,0.8892539091824233,total,S1_fb1p5
2025-05-16,0.8370797677329237,total,S1_fb1p5
2025-06-03,0.7916706115970402,total,S1_fb1p5
2025-06-04,0.8038257198769504,total,S1_fb1p5
2025-06-05,0.8069037646181195,total,S1_fb1p5
2025-06-06,0.8176476611286988,total,S1_fb1p5
2025-06-09,0.8412963820415257,total,S1_fb1p5
2025-06-10,0.8438715568593217,total,S1_fb1p5
2025-06-11,0.8582170240526263,total,S1_fb1p5
2025-06-12,0.8598613705608045,total,S1_fb1p5
2025-06-13,0.854334663699493,total,S1_fb1p5
2025-06-16,0.8248689254612088,total,S1_fb1p5
2025-06-17,0.820906546333752,total,S1_fb1p5
2025-06-18,0.8336675253587568,total,S1_fb1p5
2025-06-19,0.8352551730222338,total,S1_fb1p5
2025-06-20,0.8370710491086407,total,S1_fb1p5
2025-06-23,0.9424082555471275,total,S1_fb1p5
2025-06-24,0.9768033024039019,total,S1_fb1p5
2025-06-25,0.9841873591859089,total,S1_fb1p5
2025-06-26,0.9937485236686235,total,S1_fb1p5
2025-06-27,1.0121151113928515,total,S1_fb1p5
2025-06-30,0.9942617398336965,total,S1_fb1p5
2025-07-01,0.9764982584954235,total,S1_fb1p5
2025-07-02,0.9970020621728686,total,S1_fb1p5
2025-07-03,1.0124879627491352,total,S1_fb1p5
2025-07-04,1.0065577648912682,total,S1_fb1p5
2025-07-07,0.986138742842008,total,S1_fb1p5
2025-07-08,0.9811492496080162,total,S1_fb1p5
2025-07-09,0.9824508843336476,total,S1_fb1p5
2025-07-10,1.0211212341158415,total,S1_fb1p5
2025-07-11,1.0429919365766704,total,S1_fb1p5
2025-07-14,1.0889996049626611,total,S1_fb1p5
2025-07-15,1.077826349185431,total,S1_fb1p5
2025-07-16,1.0659591575492862,total,S1_fb1p5
2025-07-17,1.0705858533345618,total,S1_fb1p5
2025-07-18,1.0995354313837318,total,S1_fb1p5
2025-07-21,1.1367506350246737,total,S1_fb1p5
2025-07-22,1.1852499492228319,total,S1_fb1p5
2025-07-23,1.1846180727311508,total,S1_fb1p5
2025-07-24,1.2085786425331373,total,S1_fb1p5
2025-07-25,1.2259639571769128,total,S1_fb1p5
2025-07-28,1.1403274993851544,total,S1_fb1p5
2025-07-29,1.1298928054789403,total,S1_fb1p5
2025-07-30,1.1463715683144564,total,S1_fb1p5
2025-07-31,1.0875662652196758,total,S1_fb1p5
2025-08-01,1.0695702612230233,total,S1_fb1p5
2025-08-04,1.0039355181808924,total,S1_fb1p5
2025-08-05,0.9860216062275516,total,S1_fb1p5
2025-08-06,0.9835183995337502,total,S1_fb1p5
2025-08-07,0.9795839914010069,total,S1_fb1p5
2025-08-08,0.9718950194105052,total,S1_fb1p5
2025-08-11,1.0388952242549157,total,S1_fb1p5
2025-08-12,1.0405162605810918,total,S1_fb1p5
2025-08-13,1.0351576604069483,total,S1_fb1p5
2025-08-14,1.0529262467106928,total,S1_fb1p5
2025-08-15,1.0400733643339357,total,S1_fb1p5
2025-08-18,1.0712091118674913,total,S1_fb1p5
2025-08-19,1.059553177087155,total,S1_fb1p5
2025-08-20,1.098603100190227,total,S1_fb1p5
2025-08-21,1.0891522576499866,total,S1_fb1p5
2025-08-22,1.0838642982842286,total,S1_fb1p5
2025-08-25,1.0980719597339543,total,S1_fb1p5
2025-08-26,1.0895770932148712,total,S1_fb1p5
2025-08-27,1.0771680090460263,total,S1_fb1p5
2025-08-28,1.0908269391754413,total,S1_fb1p5
2025-08-29,1.0897386738778434,total,S1_fb1p5
2025-09-01,1.0820738099103413,total,S1_fb1p5
2025-09-02,1.0941300483399148,total,S1_fb1p5
2025-09-03,1.0908358244396448,total,S1_fb1p5
2025-09-04,1.0981549857996087,total,S1_fb1p5
2025-09-05,1.1159767386452424,total,S1_fb1p5
2025-09-08,1.156391277064639,total,S1_fb1p5
2025-09-09,1.156884248846959,total,S1_fb1p5
2025-09-10,1.152932179510642,total,S1_fb1p5
2025-09-11,1.1502484178344672,total,S1_fb1p5
2025-09-12,1.1364200346407658,total,S1_fb1p5
2025-09-15,1.1759769617132083,total,S1_fb1p5
2025-09-16,1.181817943211684,total,S1_fb1p5
2025-09-17,1.1508860672463215,total,S1_fb1p5
2025-09-18,1.1569661208185653,total,S1_fb1p5
2025-09-19,1.1624296806342473,total,S1_fb1p5
2025-09-22,1.1745188356650742,total,S1_fb1p5
2025-09-23,1.178993869245498,total,S1_fb1p5
2025-09-24,1.1694610668704497,total,S1_fb1p5
2025-09-25,1.1661917777116249,total,S1_fb1p5
2025-09-26,1.145522887213164,total,S1_fb1p5
2025-09-29,1.0735318867249415,total,S1_fb1p5
2025-09-30,1.054949950457082,total,S1_fb1p5
2025-10-09,1.036486425144387,total,S1_fb1p5
2025-10-10,1.038822538310252,total,S1_fb1p5
2025-10-13,1.123332620657438,total,S1_fb1p5
2025-10-14,1.115088438565181,total,S1_fb1p5
2025-10-15,1.1212152798714012,total,S1_fb1p5
2025-10-16,1.1108688727776843,total,S1_fb1p5
2025-10-17,1.1087289503627977,total,S1_fb1p5
2025-10-20,1.1439223945779982,total,S1_fb1p5
2025-10-21,1.151799734522883,total,S1_fb1p5
2025-10-22,1.158499505122212,total,S1_fb1p5
2025-10-23,1.176769723915525,total,S1_fb1p5
2025-10-24,1.1724374576346912,total,S1_fb1p5
2025-10-27,1.1765498051246195,total,S1_fb1p5
2025-10-28,1.1654206857944696,total,S1_fb1p5
2025-10-29,1.1573033000842337,total,S1_fb1p5
2025-10-30,1.1533900121104246,total,S1_fb1p5
2025-10-31,1.1426965004380103,total,S1_fb1p5
2025-11-03,1.0959201371916671,total,S1_fb1p5
2025-11-04,1.0846922916337756,total,S1_fb1p5
2025-11-05,1.0743231250472094,total,S1_fb1p5
2025-11-06,1.0763487808380494,total,S1_fb1p5
2025-11-07,1.0782941073393126,total,S1_fb1p5
2025-11-10,1.0804958023043028,total,S1_fb1p5
2025-11-11,1.0671303270298298,total,S1_fb1p5
2025-11-12,1.057749183351214,total,S1_fb1p5
2025-11-13,1.0457248627587974,total,S1_fb1p5
2025-11-14,1.0420319641551592,total,S1_fb1p5
2025-11-17,1.126515141459149,total,S1_fb1p5
2025-11-18,1.1378957242767909,total,S1_fb1p5
2025-11-19,1.133415140201117,total,S1_fb1p5
2025-11-20,1.1023137838347115,total,S1_fb1p5
2025-11-21,1.1045021988204988,total,S1_fb1p5
2025-11-24,1.0545843682087968,total,S1_fb1p5
2025-11-25,1.096655320826616,total,S1_fb1p5
2025-11-26,1.1135622997295958,total,S1_fb1p5
2025-11-27,1.133675484742528,total,S1_fb1p5
2025-11-28,1.1435871794146888,total,S1_fb1p5
2025-12-01,1.1472582702627003,total,S1_fb1p5
2025-12-02,1.152300692748358,total,S1_fb1p5
2025-12-03,1.1359814455176154,total,S1_fb1p5
2025-12-04,1.1647808234770303,total,S1_fb1p5
2025-12-05,1.1438358462505678,total,S1_fb1p5
2025-12-08,1.1045207712648808,total,S1_fb1p5
2025-12-09,1.0824114312765805,total,S1_fb1p5
2025-12-10,1.087203360665049,total,S1_fb1p5
2025-12-11,1.0592019024235284,total,S1_fb1p5
2025-12-12,1.0201232233451396,total,S1_fb1p5
2025-12-15,1.1236621870478118,total,S1_fb1p5
2025-12-16,1.1415959880699205,total,S1_fb1p5
2025-12-17,1.1335204778771475,total,S1_fb1p5
2025-12-18,1.1607148422820592,total,S1_fb1p5
2025-12-19,1.1363282097188605,total,S1_fb1p5
2025-12-22,1.0962502801632175,total,S1_fb1p5
2025-12-23,1.0865681577696584,total,S1_fb1p5
2025-12-24,1.0917438497907326,total,S1_fb1p5
2025-12-25,1.1054205214000714,total,S1_fb1p5
2025-12-26,1.0784656166615807,total,S1_fb1p5
2025-12-29,1.0552935560501255,total,S1_fb1p5
2025-12-30,1.071315731551765,total,S1_fb1p5
2025-12-31,1.0585024764087563,total,S1_fb1p5
2026-01-05,1.0920550054096716,total,S1_fb1p5
2026-01-06,1.0760160521473872,total,S1_fb1p5
2026-01-07,1.09960236837428,total,S1_fb1p5
2026-01-08,1.14571323121131,total,S1_fb1p5
2026-01-09,1.1259463818445636,total,S1_fb1p5
2026-01-12,0.912440591200002,total,S1_fb1p5
2026-01-13,0.9000074859208196,total,S1_fb1p5
2026-01-14,0.8868461763163187,total,S1_fb1p5
2026-01-15,0.9035669442323611,total,S1_fb1p5
2026-01-16,0.9227359177465458,total,S1_fb1p5
2026-01-19,1.0657869147670955,total,S1_fb1p5
2026-01-20,1.0605317257416278,total,S1_fb1p5
2026-01-21,1.0555347311544998,total,S1_fb1p5
2026-01-22,1.0559518786712259,total,S1_fb1p5
2026-01-23,1.0608587043999234,total,S1_fb1p5
2026-01-26,1.1120993836446218,total,S1_fb1p5
2026-01-27,1.1029298370229106,total,S1_fb1p5
2026-01-28,1.0779201951958703,total,S1_fb1p5
2026-01-29,1.0774137650822544,total,S1_fb1p5
2026-01-30,1.0819429749208966,total,S1_fb1p5
2026-02-02,1.0946722408366663,total,S1_fb1p5
2026-02-03,1.1007247936865867,total,S1_fb1p5
2026-02-04,1.09651407772332,total,S1_fb1p5
2026-02-05,1.09388519539507,total,S1_fb1p5
2026-02-06,1.0945692501750743,total,S1_fb1p5
2026-02-09,0.9965880121387986,total,S1_fb1p5
2026-02-10,0.9951126466488679,total,S1_fb1p5
2026-02-11,0.9960933328628698,total,S1_fb1p5
2026-02-12,0.9954916283518168,total,S1_fb1p5
2026-02-13,1.010671274156861,total,S1_fb1p5
2026-02-24,1.1125629848389036,total,S1_fb1p5
2026-02-25,1.0895636815859453,total,S1_fb1p5
2026-02-26,1.0970641082664898,total,S1_fb1p5
2026-02-27,1.0983178658399746,total,S1_fb1p5
2026-03-02,1.1075207097449862,total,S1_fb1p5
2026-03-03,1.0854294900101265,total,S1_fb1p5
2026-03-04,1.083461243679074,total,S1_fb1p5
2026-03-05,1.07388131762223,total,S1_fb1p5
2026-03-06,1.1158024755021083,total,S1_fb1p5
2026-03-09,1.1443430706127646,total,S1_fb1p5
2026-03-10,1.129223409628872,total,S1_fb1p5
2026-03-11,1.1407518808572694,total,S1_fb1p5
2026-03-12,1.1568695104628388,total,S1_fb1p5
2026-03-13,1.156695895270444,total,S1_fb1p5
2026-03-16,1.1755252535165144,total,S1_fb1p5
2026-03-17,1.1476876057781855,total,S1_fb1p5
2026-03-18,1.1368908205305142,total,S1_fb1p5
2026-03-19,1.1117147988570328,total,S1_fb1p5
2026-03-20,1.1372488965356737,total,S1_fb1p5
2026-03-23,1.1591441340744586,total,S1_fb1p5
2026-03-24,1.167563691802462,total,S1_fb1p5
2026-03-25,1.1583644730330571,total,S1_fb1p5
2026-03-26,1.1446663629205711,total,S1_fb1p5
2026-03-27,1.1357763862728691,total,S1_fb1p5
2026-03-30,1.1334008442929662,total,S1_fb1p5
2026-03-31,1.11927492627566,total,S1_fb1p5
2026-04-01,1.1162503743239536,total,S1_fb1p5
2026-04-02,1.101510457085848,total,S1_fb1p5
2026-04-03,1.0886800648011479,total,S1_fb1p5
2026-04-07,1.0761159966992193,total,S1_fb1p5
2026-04-08,1.0721835927823946,total,S1_fb1p5
2026-04-09,1.1171324259960191,total,S1_fb1p5
2026-04-10,1.1047062356316373,total,S1_fb1p5
2026-04-13,1.0853640539147404,total,S1_fb1p5
2026-04-14,1.0693398100739417,total,S1_fb1p5
2026-04-15,1.0771968229122952,total,S1_fb1p5
2026-04-16,1.0832036820910114,total,S1_fb1p5
2026-04-17,1.112017355058363,total,S1_fb1p5
2026-04-20,1.1832471188625777,total,S1_fb1p5
2026-04-21,1.1773849890404036,total,S1_fb1p5
2026-04-22,1.1633808368747727,total,S1_fb1p5
2026-04-23,1.1812227216535425,total,S1_fb1p5
2026-04-24,1.1708674559155112,total,S1_fb1p5
2026-04-27,1.0530574293482797,total,S1_fb1p5
2026-04-28,1.036298071955109,total,S1_fb1p5
2026-04-29,1.0392236814245024,total,S1_fb1p5
2026-04-30,1.0551656739427218,total,S1_fb1p5
2026-05-06,1.0830523215414125,total,S1_fb1p5
2026-05-07,1.112330758530502,total,S1_fb1p5
2026-05-08,1.123847266236738,total,S1_fb1p5
2026-05-11,1.0744527867657871,total,S1_fb1p5
2026-05-12,1.0683748426820103,total,S1_fb1p5
2026-05-13,1.0681903825745305,total,S1_fb1p5
2026-05-14,1.0599752479715776,total,S1_fb1p5
2026-05-15,1.0738143279093941,total,S1_fb1p5
2026-05-18,1.1132415720022795,total,S1_fb1p5
2026-05-19,1.0855155736128725,total,S1_fb1p5
2026-05-20,1.0750434821203343,total,S1_fb1p5
2026-05-21,1.089748288387409,total,S1_fb1p5
2026-05-22,1.0947298180771887,total,S1_fb1p5
2026-05-25,1.1250777107094447,total,S1_fb1p5
2026-05-26,1.0998760700477053,total,S1_fb1p5
2026-05-27,1.0802617098457352,total,S1_fb1p5
2026-05-28,1.1009162949500932,total,S1_fb1p5
2026-05-29,1.110612614720371,total,S1_fb1p5
2026-06-01,1.1362900596179948,total,S1_fb1p5
2026-06-02,1.1121742160349533,total,S1_fb1p5
2026-06-03,1.1098298388824548,total,S1_fb1p5
2026-06-04,1.1217865697546396,total,S1_fb1p5
2026-06-05,1.1220713127606239,total,S1_fb1p5
2026-06-08,1.1427384122005377,total,S1_fb1p5
2026-06-09,1.147626596354039,total,S1_fb1p5
2026-06-10,1.1784214816406535,total,S1_fb1p5
2026-06-11,1.1632944184141731,total,S1_fb1p5
2026-06-12,1.1667634457294023,total,S1_fb1p5
2026-06-15,1.1584890638605354,total,S1_fb1p5
2026-06-16,1.1645114231580302,total,S1_fb1p5
2026-06-17,1.1530086305863405,total,S1_fb1p5
2026-06-18,1.1502093805453215,total,S1_fb1p5
2026-06-22,1.1420116578148014,total,S1_fb1p5
2026-06-23,1.1486207687081846,total,S1_fb1p5
2026-06-24,1.157751211394252,total,S1_fb1p5
2026-06-25,1.1587678311724747,total,S1_fb1p5
2026-06-26,1.1732995120379193,total,S1_fb1p5
2026-06-29,1.1672884604619773,total,S1_fb1p5
2026-06-30,1.1904875964951382,total,S1_fb1p5
2026-07-01,1.1728192419890309,total,S1_fb1p5
2026-07-02,1.168994854031323,total,S1_fb1p5
2026-07-03,1.159509802271586,total,S1_fb1p5
2026-07-06,1.162803111744617,total,S1_fb1p5
2026-07-07,1.1449536404449476,total,S1_fb1p5
2026-07-08,1.1439741247881843,total,S1_fb1p5
2026-07-09,1.1527732912394149,total,S1_fb1p5
2026-07-10,1.1750387680979333,total,S1_fb1p5
2026-07-13,1.11740912677345,total,S1_fb1p5
2026-07-14,1.108599184060058,total,S1_fb1p5
2026-07-15,1.125460940000166,total,S1_fb1p5
2026-07-16,1.1279079473172402,total,S1_fb1p5
2026-07-17,1.1276810916286566,total,S1_fb1p5
2026-07-20,1.1083148481921063,total,S1_fb1p5
2026-07-21,1.1097557017323074,total,S1_fb1p5
2026-07-22,1.0976870784791732,total,S1_fb1p5
2026-07-23,1.0983371913829945,total,S1_fb1p5
2026-07-24,1.0835435149503239,total,S1_fb1p5
2026-07-27,1.0950916490810503,total,S1_fb1p5
2026-07-28,1.0785813839620164,total,S1_fb1p5
2026-07-29,1.0692582533252513,total,S1_fb1p5
2026-07-30,1.0330544138974027,total,S1_fb1p5
2026-07-31,1.0202481890307535,total,S1_fb1p5
2026-08-03,1.0866672220989193,total,S1_fb1p5
2026-08-04,1.0805526057259176,total,S1_fb1p5
2026-08-05,1.08510746529291,total,S1_fb1p5
2026-08-06,1.1004357541567011,total,S1_fb1p5
2026-08-07,1.1035342197849873,total,S1_fb1p5
2026-08-10,1.113286817947622,total,S1_fb1p5
2026-08-11,1.11146803945532,total,S1_fb1p5
2026-08-12,1.1034488540879872,total,S1_fb1p5
2026-08-13,1.1010691589873078,total,S1_fb1p5
2026-08-14,1.1494023346200914,total,S1_fb1p5
2026-08-17,1.1624114334784024,total,S1_fb1p5
2026-08-18,1.159197557905398,total,S1_fb1p5
2026-08-19,1.1677175330178267,total,S1_fb1p5
2026-08-20,1.1698103076360835,total,S1_fb1p5
2026-08-21,1.1727229848797558,total,S1_fb1p5
2026-08-24,1.172849314733768,total,S1_fb1p5
2026-08-25,1.1607185468313055,total,S1_fb1p5
2026-08-26,1.1581233660713492,total,S1_fb1p5
2026-08-27,1.1657034795059804,total,S1_fb1p5
2026-08-28,1.1804826164695539,total,S1_fb1p5
2026-08-31,1.1979686123590878,total,S1_fb1p5
