created_date,date,contract,instrument,quantity,order_quantity,price,open,base,roll,impact,commission,commission_from_framework,reason
2015-01-16,2015-01-19,AL1503.SHF,AL,-155,-155,12835.0,12840.0,1.0,0.0,0.0,697.5,True,normal_rebalance
2015-01-16,2015-01-19,C1505.DCE,C,520,520,2412.0,2409.0,2.0,0.0,1.0,936.0,True,normal_rebalance
2015-01-16,2015-01-19,MA1506.ZCE,MA,-182,-182,1984.0,1986.0,2.0,0.0,0.0,382.2,True,normal_rebalance
2015-01-16,2015-01-19,P1505.DCE,P,-83,-83,4932.0,4936.0,2.0,0.0,0.0,311.25,True,normal_rebalance
2015-01-16,2015-01-19,RB1505.SHF,RB,-232,-232,2498.0,2499.0,1.0,0.0,0.0,86.93040000000002,True,normal_rebalance
2015-01-23,2015-01-26,AL1503.SHF,AL,-4,-4,12785.0,12790.0,1.0,0.0,0.0,18.0,True,normal_rebalance
2015-01-23,2015-01-26,C1505.DCE,C,5,5,2417.0,2415.0,2.0,0.0,0.0,9.0,True,normal_rebalance
2015-01-23,2015-01-26,CF1505.ZCE,CF,-62,-62,12995.0,13005.0,2.0,0.0,0.0,399.9,True,normal_rebalance
2015-01-23,2015-01-26,MA1506.ZCE,MA,-2,-2,2044.0,2046.0,2.0,0.0,0.0,4.199999999999999,True,normal_rebalance
2015-01-23,2015-01-26,P1505.DCE,P,83,83,4856.0,4852.0,2.0,0.0,0.0,311.25,True,signal_exit
2015-01-23,2015-01-26,RB1505.SHF,RB,-6,-6,2481.0,2482.0,1.0,0.0,0.0,2.2329000000000003,True,normal_rebalance
2015-01-27,2015-01-28,AL1503.SHF,AL,159,159,12810.0,12800.0,1.0,1.0,0.0,715.5,True,roll
2015-01-27,2015-01-28,AL1504.SHF,AL,-180,-180,12845.0,12855.0,1.0,1.0,0.0,810.0,True,roll
2015-01-27,2015-01-28,C1505.DCE,C,-525,-525,2417.0,2421.0,2.0,1.0,1.0,945.0,True,roll
2015-01-27,2015-01-28,C1509.DCE,C,529,529,2479.0,2475.0,2.0,1.0,1.0,952.1999999999999,True,roll
2015-01-30,2015-02-02,CF1505.ZCE,CF,62,62,13085.0,13075.0,2.0,0.0,0.0,399.9,True,signal_exit
2015-01-30,2015-02-02,P1505.DCE,P,-77,-77,4676.0,4680.0,2.0,0.0,0.0,288.75,True,normal_rebalance
2015-02-04,2015-02-05,AL1504.SHF,AL,1,1,13205.0,13200.0,1.0,0.0,0.0,4.5,True,margin_forced
2015-02-04,2015-02-05,C1509.DCE,C,-2,-2,2491.0,2493.0,2.0,0.0,0.0,3.5999999999999996,True,margin_forced
2015-02-04,2015-02-05,MA1506.ZCE,MA,1,1,2135.0,2133.0,2.0,0.0,0.0,2.0999999999999996,True,margin_forced
2015-02-04,2015-02-05,P1505.DCE,P,1,1,4782.0,4778.0,2.0,0.0,0.0,3.75,True,margin_forced
2015-02-04,2015-02-05,RB1505.SHF,RB,1,1,2481.0,2480.0,1.0,0.0,0.0,0.37215000000000004,True,margin_forced
2015-02-06,2015-02-09,AL1504.SHF,AL,22,22,13355.0,13350.0,1.0,0.0,0.0,99.0,True,normal_rebalance
2015-02-06,2015-02-09,C1509.DCE,C,-49,-49,2502.0,2504.0,2.0,0.0,0.0,88.19999999999999,True,normal_rebalance
2015-02-06,2015-02-09,CF1505.ZCE,CF,-54,-54,13190.0,13200.0,2.0,0.0,0.0,348.29999999999995,True,normal_rebalance
2015-02-06,2015-02-09,P1505.DCE,P,76,76,4934.0,4930.0,2.0,0.0,0.0,285.0,True,signal_exit
2015-02-06,2015-02-09,RB1505.SHF,RB,-9,-9,2494.0,2495.0,1.0,0.0,0.0,3.3669000000000002,True,normal_rebalance
2015-02-13,2015-02-16,AL1504.SHF,AL,7,7,13090.0,13085.0,1.0,0.0,0.0,31.5,True,normal_rebalance
2015-02-13,2015-02-16,CF1505.ZCE,CF,-5,-5,13270.0,13280.0,2.0,0.0,0.0,32.25,True,normal_rebalance
2015-02-13,2015-02-16,RB1505.SHF,RB,-15,-15,2513.0,2514.0,1.0,0.0,0.0,5.65425,True,normal_rebalance
2015-02-17,2015-02-25,C1509.DCE,C,-2,-2,2508.0,2510.0,2.0,0.0,0.0,3.5999999999999996,True,normal_rebalance
2015-02-27,2015-03-02,AL1504.SHF,AL,150,150,12940.0,12930.0,1.0,1.0,0.0,675.0,True,roll
2015-02-27,2015-03-02,AL1505.SHF,AL,-148,-148,12950.0,12960.0,1.0,1.0,0.0,666.0,True,roll
2015-02-27,2015-03-02,C1509.DCE,C,-12,-12,2534.0,2536.0,2.0,0.0,0.0,21.599999999999998,True,normal_rebalance
2015-02-27,2015-03-02,CF1505.ZCE,CF,-4,-4,13390.0,13400.0,2.0,0.0,0.0,25.799999999999997,True,normal_rebalance
2015-03-06,2015-03-09,C1509.DCE,C,-34,-34,2534.0,2536.0,2.0,0.0,0.0,61.199999999999996,True,normal_rebalance
2015-03-06,2015-03-09,CF1505.ZCE,CF,63,63,13145.0,13135.0,2.0,0.0,0.0,406.34999999999997,True,signal_exit
2015-03-06,2015-03-09,P1509.DCE,P,-49,-49,4826.0,4830.0,2.0,0.0,0.0,183.75,True,normal_rebalance
2015-03-06,2015-03-09,RB1505.SHF,RB,-9,-9,2416.0,2417.0,1.0,0.0,0.0,3.2615999999999996,True,normal_rebalance
2015-03-09,2015-03-10,RB1505.SHF,RB,270,270,2402.0,2400.0,1.0,1.0,0.0,97.281,True,roll
2015-03-09,2015-03-10,RB1510.SHF,RB,-308,-308,2481.0,2483.0,1.0,1.0,0.0,114.62219999999999,True,roll
2015-03-13,2015-03-16,AL1505.SHF,AL,4,4,13100.0,13095.0,1.0,0.0,0.0,18.0,True,normal_rebalance
2015-03-13,2015-03-16,C1509.DCE,C,-58,-58,2548.0,2550.0,2.0,0.0,0.0,104.39999999999999,True,normal_rebalance
2015-03-13,2015-03-16,FG1506.ZCE,FG,-296,-296,913.0,915.0,2.0,0.0,0.0,1332.0,True,normal_rebalance
2015-03-13,2015-03-16,MA1506.ZCE,MA,183,183,2430.0,2428.0,2.0,0.0,0.0,384.29999999999995,True,signal_exit
2015-03-13,2015-03-16,RB1510.SHF,RB,18,18,2492.0,2491.0,1.0,0.0,0.0,6.728400000000001,True,normal_rebalance
2015-03-20,2015-03-23,FG1506.ZCE,FG,296,296,957.0,955.0,2.0,0.0,0.0,1332.0,True,signal_exit
2015-03-20,2015-03-23,MA1506.ZCE,MA,-153,-153,2335.0,2337.0,2.0,0.0,0.0,321.29999999999995,True,normal_rebalance
2015-03-20,2015-03-23,P1509.DCE,P,-1,-1,4646.0,4650.0,2.0,0.0,0.0,3.75,True,normal_rebalance
2015-03-23,2015-03-24,AL1505.SHF,AL,144,144,13320.0,13310.0,1.0,1.0,0.0,648.0,True,roll
2015-03-23,2015-03-24,AL1506.SHF,AL,-167,-167,13290.0,13300.0,1.0,1.0,0.0,751.5,True,roll
2015-03-27,2015-03-30,C1509.DCE,C,-39,-39,2531.0,2533.0,2.0,0.0,0.0,70.19999999999999,True,normal_rebalance
2015-03-27,2015-03-30,MA1506.ZCE,MA,153,153,2403.0,2401.0,2.0,0.0,0.0,321.29999999999995,True,signal_exit
2015-03-27,2015-03-30,RB1510.SHF,RB,33,33,2473.0,2472.0,1.0,0.0,0.0,12.24135,True,normal_rebalance
2015-03-27,2015-03-30,RU1509.SHF,RU,-26,-26,12830.0,12840.0,2.0,0.0,0.0,117.0,True,normal_rebalance
2015-04-03,2015-04-07,AL1506.SHF,AL,348,348,13390.0,13380.0,1.0,0.0,1.0,1566.0,True,normal_rebalance
2015-04-03,2015-04-07,C1509.DCE,C,11,11,2516.0,2514.0,2.0,0.0,0.0,19.799999999999997,True,normal_rebalance
2015-04-03,2015-04-07,P1509.DCE,P,-11,-11,4702.0,4706.0,2.0,0.0,0.0,41.25,True,normal_rebalance
2015-04-03,2015-04-07,RU1509.SHF,RU,-4,-4,12765.0,12775.0,2.0,0.0,0.0,18.0,True,normal_rebalance
2015-04-10,2015-04-13,AL1506.SHF,AL,-367,-367,13240.0,13250.0,1.0,0.0,1.0,1651.5,True,normal_rebalance
2015-04-10,2015-04-13,C1509.DCE,C,7,7,2529.0,2527.0,2.0,0.0,0.0,12.600000000000001,True,normal_rebalance
2015-04-10,2015-04-13,P1509.DCE,P,-1,-1,4640.0,4644.0,2.0,0.0,0.0,3.75,True,normal_rebalance
2015-04-10,2015-04-13,RU1509.SHF,RU,-1,-1,12345.0,12355.0,2.0,0.0,0.0,4.5,True,normal_rebalance
2015-04-17,2015-04-20,C1509.DCE,C,-18,-18,2523.0,2525.0,2.0,0.0,0.0,32.4,True,normal_rebalance
2015-04-17,2015-04-20,P1509.DCE,P,-5,-5,4748.0,4752.0,2.0,0.0,0.0,18.75,True,normal_rebalance
2015-04-17,2015-04-20,RU1509.SHF,RU,-6,-6,12690.0,12700.0,2.0,0.0,0.0,27.0,True,normal_rebalance
2015-04-23,2015-04-24,AL1506.SHF,AL,186,186,13170.0,13160.0,1.0,1.0,0.0,837.0,True,roll
2015-04-23,2015-04-24,AL1507.SHF,AL,-192,-192,13170.0,13180.0,1.0,1.0,0.0,864.0,True,roll
2015-04-23,2015-04-24,C1509.DCE,C,-9,-9,2507.0,2509.0,2.0,0.0,0.0,16.2,True,margin_forced
2015-04-23,2015-04-24,P1509.DCE,P,2,2,4902.0,4898.0,2.0,0.0,0.0,7.5,True,margin_forced
2015-04-23,2015-04-24,RB1510.SHF,RB,7,7,2326.0,2325.0,1.0,0.0,0.0,2.4423000000000004,True,margin_forced
2015-04-23,2015-04-24,RU1509.SHF,RU,1,1,13390.0,13380.0,2.0,0.0,0.0,4.5,True,margin_forced
2015-04-24,2015-04-27,AL1507.SHF,AL,4,4,13280.0,13275.0,1.0,0.0,0.0,18.0,True,margin_forced
2015-04-24,2015-04-27,C1509.DCE,C,-11,-11,2499.0,2501.0,2.0,0.0,0.0,19.799999999999997,True,margin_forced
2015-04-24,2015-04-27,P1509.DCE,P,2,2,4874.0,4870.0,2.0,0.0,0.0,7.5,True,margin_forced
2015-04-24,2015-04-27,RB1510.SHF,RB,5,5,2385.0,2384.0,1.0,0.0,0.0,1.7887500000000003,True,margin_forced
2015-04-24,2015-04-27,RU1509.SHF,RU,1,1,13530.0,13520.0,2.0,0.0,0.0,4.5,True,margin_forced
2015-04-27,2015-04-28,AL1507.SHF,AL,8,8,13365.0,13360.0,1.0,0.0,0.0,36.0,True,margin_forced
2015-04-27,2015-04-28,C1509.DCE,C,-14,-14,2503.0,2505.0,2.0,0.0,0.0,25.200000000000003,True,margin_forced
2015-04-27,2015-04-28,P1509.DCE,P,3,3,4890.0,4886.0,2.0,0.0,0.0,11.25,True,margin_forced
2015-04-27,2015-04-28,RB1510.SHF,RB,11,11,2418.0,2417.0,1.0,0.0,0.0,3.9897,True,margin_forced
2015-04-27,2015-04-28,RU1509.SHF,RU,2,2,14260.0,14250.0,2.0,0.0,0.0,9.0,True,margin_forced
2015-04-28,2015-04-29,AL1507.SHF,AL,7,7,13390.0,13385.0,1.0,0.0,0.0,31.5,True,margin_forced
2015-04-28,2015-04-29,C1509.DCE,C,-11,-11,2480.0,2482.0,2.0,0.0,0.0,19.799999999999997,True,margin_forced
2015-04-28,2015-04-29,P1509.DCE,P,3,3,4874.0,4870.0,2.0,0.0,0.0,11.25,True,margin_forced
2015-04-28,2015-04-29,RB1510.SHF,RB,9,9,2399.0,2398.0,1.0,0.0,0.0,3.2386500000000007,True,margin_forced
2015-04-28,2015-04-29,RU1509.SHF,RU,2,2,14330.0,14320.0,2.0,0.0,0.0,9.0,True,margin_forced
2015-04-30,2015-05-04,FG1509.ZCE,FG,-212,-212,926.0,928.0,2.0,0.0,0.0,954.0,True,normal_rebalance
2015-04-30,2015-05-04,P1509.DCE,P,-5,-5,4866.0,4870.0,2.0,0.0,0.0,18.75,True,normal_rebalance
2015-04-30,2015-05-04,RU1509.SHF,RU,31,31,14670.0,14660.0,2.0,0.0,0.0,139.5,True,signal_exit
2015-05-04,2015-05-05,AL1507.SHF,AL,2,2,13445.0,13440.0,1.0,0.0,0.0,9.0,True,margin_forced
2015-05-04,2015-05-05,C1509.DCE,C,-3,-3,2494.0,2496.0,2.0,0.0,0.0,5.3999999999999995,True,margin_forced
2015-05-04,2015-05-05,FG1509.ZCE,FG,2,2,942.0,940.0,2.0,0.0,0.0,9.0,True,margin_forced
2015-05-04,2015-05-05,P1509.DCE,P,1,1,4994.0,4990.0,2.0,0.0,0.0,3.75,True,margin_forced
2015-05-04,2015-05-05,RB1510.SHF,RB,2,2,2415.0,2414.0,1.0,0.0,0.0,0.7245,True,margin_forced
2015-05-05,2015-05-06,AL1507.SHF,AL,4,4,13425.0,13420.0,1.0,0.0,0.0,18.0,True,margin_forced
2015-05-05,2015-05-06,C1509.DCE,C,-7,-7,2495.0,2497.0,2.0,0.0,0.0,12.600000000000001,True,margin_forced
2015-05-05,2015-05-06,FG1509.ZCE,FG,5,5,951.0,949.0,2.0,0.0,0.0,22.5,True,margin_forced
2015-05-05,2015-05-06,P1509.DCE,P,2,2,5074.0,5070.0,2.0,0.0,0.0,7.5,True,margin_forced
2015-05-05,2015-05-06,RB1510.SHF,RB,6,6,2431.0,2430.0,1.0,0.0,0.0,2.1879,True,margin_forced
2015-05-06,2015-05-07,AL1507.SHF,AL,5,5,13545.0,13540.0,1.0,0.0,0.0,22.5,True,margin_forced
2015-05-06,2015-05-07,C1509.DCE,C,-8,-8,2493.0,2495.0,2.0,0.0,0.0,14.399999999999999,True,margin_forced
2015-05-06,2015-05-07,FG1509.ZCE,FG,6,6,939.0,937.0,2.0,0.0,0.0,27.0,True,margin_forced
2015-05-06,2015-05-07,P1509.DCE,P,2,2,5158.0,5154.0,2.0,0.0,0.0,7.5,True,margin_forced
2015-05-06,2015-05-07,RB1510.SHF,RB,6,6,2434.0,2433.0,1.0,0.0,0.0,2.1906000000000003,True,margin_forced
2015-05-08,2015-05-11,FG1509.ZCE,FG,199,199,957.0,955.0,2.0,0.0,0.0,895.5,True,signal_exit
2015-05-08,2015-05-11,MA1509.ZCE,MA,-162,-162,2521.0,2523.0,2.0,0.0,0.0,340.2,True,normal_rebalance
2015-05-15,2015-05-18,AL1507.SHF,AL,3,3,13285.0,13280.0,1.0,0.0,0.0,13.5,True,normal_rebalance
2015-05-15,2015-05-18,CF1509.ZCE,CF,-51,-51,13225.0,13235.0,2.0,0.0,0.0,328.95,True,normal_rebalance
2015-05-15,2015-05-18,FG1509.ZCE,FG,-234,-234,942.0,944.0,2.0,0.0,0.0,1053.0,True,normal_rebalance
2015-05-15,2015-05-18,MA1509.ZCE,MA,162,162,2492.0,2490.0,2.0,0.0,0.0,340.2,True,signal_exit
2015-05-15,2015-05-18,P1509.DCE,P,57,57,5114.0,5110.0,2.0,0.0,0.0,213.75,True,signal_exit
2015-05-22,2015-05-25,C1509.DCE,C,16,16,2502.0,2500.0,2.0,0.0,0.0,28.799999999999997,True,normal_rebalance
2015-05-22,2015-05-25,CF1509.ZCE,CF,-2,-2,13005.0,13015.0,2.0,0.0,0.0,12.899999999999999,True,normal_rebalance
2015-05-22,2015-05-25,FG1509.ZCE,FG,-3,-3,908.0,910.0,2.0,0.0,0.0,13.5,True,normal_rebalance
2015-05-27,2015-05-28,AL1507.SHF,AL,159,159,13100.0,13090.0,1.0,1.0,0.0,715.5,True,roll
2015-05-27,2015-05-28,AL1508.SHF,AL,-160,-160,13140.0,13150.0,1.0,1.0,0.0,720.0,True,roll
2015-05-29,2015-06-01,C1509.DCE,C,-16,-16,2471.0,2473.0,2.0,0.0,0.0,28.799999999999997,True,normal_rebalance
2015-05-29,2015-06-01,CF1509.ZCE,CF,53,53,13170.0,13160.0,2.0,0.0,0.0,341.84999999999997,True,signal_exit
2015-05-29,2015-06-01,FG1509.ZCE,FG,352,352,949.0,947.0,2.0,0.0,0.0,1584.0,True,normal_rebalance
2015-05-29,2015-06-01,M1509.DCE,M,-108,-108,2545.0,2547.0,2.0,0.0,0.0,243.0,True,normal_rebalance
2015-05-29,2015-06-01,MA1509.ZCE,MA,-95,-95,2478.0,2480.0,2.0,0.0,0.0,199.5,True,normal_rebalance
2015-05-29,2015-06-01,RB1510.SHF,RB,-21,-21,2355.0,2356.0,1.0,0.0,0.0,7.4182500000000005,True,normal_rebalance
2015-06-05,2015-06-08,AL1508.SHF,AL,-1,-1,12980.0,12985.0,1.0,0.0,0.0,4.5,True,normal_rebalance
2015-06-05,2015-06-08,C1509.DCE,C,-94,-94,2368.0,2370.0,2.0,0.0,0.0,169.2,True,normal_rebalance
2015-06-05,2015-06-08,FG1509.ZCE,FG,2,2,952.0,950.0,2.0,0.0,0.0,9.0,True,normal_rebalance
2015-06-05,2015-06-08,MA1509.ZCE,MA,-13,-13,2440.0,2442.0,2.0,0.0,0.0,27.299999999999997,True,normal_rebalance
2015-06-05,2015-06-08,RB1510.SHF,RB,-18,-18,2337.0,2338.0,1.0,0.0,0.0,6.3099,True,normal_rebalance
2015-06-12,2015-06-15,AL1508.SHF,AL,-23,-23,12770.0,12775.0,1.0,0.0,0.0,103.5,True,normal_rebalance
2015-06-12,2015-06-15,C1509.DCE,C,5,5,2356.0,2354.0,2.0,0.0,0.0,9.0,True,normal_rebalance
2015-06-12,2015-06-15,FG1509.ZCE,FG,27,27,953.0,951.0,2.0,0.0,0.0,121.5,True,normal_rebalance
2015-06-12,2015-06-15,M1509.DCE,M,-5,-5,2495.0,2497.0,2.0,0.0,0.0,11.25,True,normal_rebalance
2015-06-12,2015-06-15,MA1509.ZCE,MA,108,108,2447.0,2445.0,2.0,0.0,0.0,226.8,True,signal_exit
2015-06-12,2015-06-15,RB1510.SHF,RB,-4,-4,2297.0,2298.0,1.0,0.0,0.0,1.3782,True,normal_rebalance
2015-06-12,2015-06-15,RU1509.SHF,RU,-9,-9,13875.0,13885.0,2.0,0.0,0.0,40.5,True,normal_rebalance
2015-06-19,2015-06-23,AL1508.SHF,AL,-6,-6,12690.0,12695.0,1.0,0.0,0.0,27.0,True,normal_rebalance
2015-06-19,2015-06-23,C1509.DCE,C,16,16,2395.0,2393.0,2.0,0.0,0.0,28.799999999999997,True,normal_rebalance
2015-06-19,2015-06-23,FG1509.ZCE,FG,13,13,930.0,928.0,2.0,0.0,0.0,58.5,True,normal_rebalance
2015-06-19,2015-06-23,RB1510.SHF,RB,-7,-7,2239.0,2240.0,1.0,0.0,0.0,2.35095,True,normal_rebalance
2015-06-24,2015-06-25,C1509.DCE,C,-197,-197,2377.0,2380.0,2.0,1.0,0.0,354.6,True,roll
2015-06-24,2015-06-25,C1601.DCE,C,220,220,2140.0,2137.0,2.0,1.0,0.0,396.0,True,roll
2015-06-25,2015-06-26,AL1508.SHF,AL,190,190,12755.0,12745.0,1.0,1.0,0.0,855.0,True,roll
2015-06-25,2015-06-26,AL1509.SHF,AL,-210,-210,12745.0,12755.0,1.0,1.0,0.0,945.0,True,roll
2015-06-26,2015-06-29,FG1509.ZCE,FG,3,3,928.0,926.0,2.0,0.0,0.0,13.5,True,normal_rebalance
2015-06-26,2015-06-29,M1509.DCE,M,1,1,2646.0,2644.0,2.0,0.0,0.0,2.25,True,normal_rebalance
2015-06-26,2015-06-29,RB1510.SHF,RB,-15,-15,2214.0,2215.0,1.0,0.0,0.0,4.9815000000000005,True,normal_rebalance
2015-07-03,2015-07-06,C1601.DCE,C,27,27,2143.0,2141.0,2.0,0.0,0.0,48.599999999999994,True,normal_rebalance
2015-07-03,2015-07-06,FG1509.ZCE,FG,18,18,917.0,915.0,2.0,0.0,0.0,81.0,True,normal_rebalance
2015-07-03,2015-07-06,M1509.DCE,M,16,16,2734.0,2732.0,2.0,0.0,0.0,36.0,True,normal_rebalance
2015-07-03,2015-07-06,RB1510.SHF,RB,-34,-34,2115.0,2116.0,1.0,0.0,0.0,10.7865,True,normal_rebalance
2015-07-03,2015-07-06,RU1509.SHF,RU,-1,-1,13210.0,13220.0,2.0,0.0,0.0,4.5,True,normal_rebalance
2015-07-10,2015-07-13,AL1509.SHF,AL,78,78,12380.0,12375.0,1.0,0.0,0.0,351.0,True,normal_rebalance
2015-07-10,2015-07-13,CF1601.ZCE,CF,-53,-53,12980.0,12990.0,2.0,0.0,0.0,341.84999999999997,True,normal_rebalance
2015-07-10,2015-07-13,FG1509.ZCE,FG,-10,-10,880.0,882.0,2.0,0.0,0.0,45.0,True,normal_rebalance
2015-07-10,2015-07-13,M1509.DCE,M,96,96,2756.0,2754.0,2.0,0.0,0.0,216.0,True,signal_exit
2015-07-10,2015-07-13,RB1510.SHF,RB,93,93,2003.0,2002.0,1.0,0.0,0.0,27.941850000000002,True,normal_rebalance
2015-07-10,2015-07-13,RU1509.SHF,RU,-2,-2,12115.0,12125.0,2.0,0.0,0.0,9.0,True,normal_rebalance
2015-07-16,2015-07-17,RU1509.SHF,RU,12,12,12265.0,12250.0,2.0,1.0,0.0,54.0,True,roll
2015-07-16,2015-07-17,RU1601.SHF,RU,-14,-14,13285.0,13300.0,2.0,1.0,0.0,63.0,True,roll
2015-07-17,2015-07-20,CF1601.ZCE,CF,53,53,12645.0,12635.0,2.0,0.0,0.0,341.84999999999997,True,signal_exit
2015-07-17,2015-07-20,FG1509.ZCE,FG,3,3,867.0,865.0,2.0,0.0,0.0,13.5,True,normal_rebalance
2015-07-17,2015-07-20,P1601.DCE,P,-56,-56,4816.0,4820.0,2.0,0.0,0.0,210.0,True,normal_rebalance
2015-07-20,2015-07-21,RB1510.SHF,RB,217,217,2070.0,2068.0,1.0,1.0,0.0,67.3785,True,roll
2015-07-20,2015-07-21,RB1601.SHF,RB,-228,-228,2102.0,2104.0,1.0,1.0,0.0,71.8884,True,roll
2015-07-21,2015-07-22,AL1509.SHF,AL,132,132,12425.0,12415.0,1.0,1.0,0.0,594.0,True,roll
2015-07-21,2015-07-22,AL1510.SHF,AL,-151,-151,12440.0,12450.0,1.0,1.0,0.0,679.5,True,roll
2015-07-24,2015-07-27,AL1510.SHF,AL,-1,-1,12265.0,12270.0,1.0,0.0,0.0,4.5,True,normal_rebalance
2015-07-24,2015-07-27,C1601.DCE,C,-247,-247,2027.0,2029.0,2.0,0.0,0.0,444.6,True,signal_exit
2015-07-24,2015-07-27,FG1509.ZCE,FG,6,6,845.0,843.0,2.0,0.0,0.0,27.0,True,normal_rebalance
2015-07-24,2015-07-27,JD1509.DCE,JD,-132,-132,4377.0,4379.0,2.0,0.0,0.0,297.0,True,normal_rebalance
2015-07-24,2015-07-27,P1601.DCE,P,56,56,4854.0,4850.0,2.0,0.0,0.0,210.0,True,signal_exit
2015-07-24,2015-07-27,SR1601.ZCE,SR,76,76,5223.0,5221.0,2.0,0.0,0.0,342.0,True,normal_rebalance
2015-07-31,2015-08-03,AL1510.SHF,AL,-19,-19,12240.0,12245.0,1.0,0.0,0.0,85.5,True,normal_rebalance
2015-07-31,2015-08-03,FG1509.ZCE,FG,6,6,879.0,877.0,2.0,0.0,0.0,27.0,True,normal_rebalance
2015-07-31,2015-08-03,JD1509.DCE,JD,132,132,4424.0,4422.0,2.0,0.0,0.0,297.0,True,signal_exit
2015-07-31,2015-08-03,P1601.DCE,P,-71,-71,4732.0,4736.0,2.0,0.0,0.0,266.25,True,normal_rebalance
2015-07-31,2015-08-03,RB1601.SHF,RB,-17,-17,2094.0,2095.0,1.0,0.0,0.0,5.339700000000001,True,normal_rebalance
2015-07-31,2015-08-03,RU1601.SHF,RU,-3,-3,12645.0,12655.0,2.0,0.0,0.0,13.5,True,normal_rebalance
2015-08-07,2015-08-10,P1601.DCE,P,-50,-50,4556.0,4560.0,2.0,0.0,0.0,187.5,True,normal_rebalance
2015-08-07,2015-08-10,SR1601.ZCE,SR,-76,-76,5054.0,5056.0,2.0,0.0,0.0,342.0,True,signal_exit
2015-08-10,2015-08-11,FG1509.ZCE,FG,-183,-183,903.0,906.0,2.0,1.0,0.0,549.0,True,roll
2015-08-10,2015-08-11,FG1601.ZCE,FG,181,181,891.0,888.0,2.0,1.0,0.0,814.5,True,roll
2015-08-14,2015-08-17,AL1510.SHF,AL,-9,-9,12115.0,12120.0,1.0,0.0,0.0,40.5,True,normal_rebalance
2015-08-14,2015-08-17,FG1601.ZCE,FG,8,8,904.0,902.0,2.0,0.0,0.0,36.0,True,normal_rebalance
2015-08-14,2015-08-17,P1601.DCE,P,37,37,4578.0,4574.0,2.0,0.0,0.0,138.75,True,normal_rebalance
2015-08-14,2015-08-17,RB1601.SHF,RB,-39,-39,2088.0,2089.0,1.0,0.0,0.0,12.2148,True,normal_rebalance
2015-08-14,2015-08-17,RU1601.SHF,RU,-1,-1,12300.0,12310.0,2.0,0.0,0.0,4.5,True,normal_rebalance
2015-08-14,2015-08-17,SR1601.ZCE,SR,51,51,5319.0,5317.0,2.0,0.0,0.0,229.5,True,normal_rebalance
2015-08-21,2015-08-24,AL1510.SHF,AL,-12,-12,11965.0,11970.0,1.0,0.0,0.0,54.0,True,normal_rebalance
2015-08-21,2015-08-24,RB1601.SHF,RB,-29,-29,2020.0,2021.0,1.0,0.0,0.0,8.787,True,normal_rebalance
2015-08-21,2015-08-24,RU1601.SHF,RU,-1,-1,12040.0,12050.0,2.0,0.0,0.0,4.5,True,normal_rebalance
2015-08-21,2015-08-24,SR1601.ZCE,SR,4,4,5309.0,5307.0,2.0,0.0,0.0,18.0,True,normal_rebalance
2015-08-28,2015-08-31,AL1510.SHF,AL,192,192,11960.0,11950.0,1.0,1.0,0.0,864.0,True,roll
2015-08-28,2015-08-31,AL1511.SHF,AL,-236,-236,11940.0,11950.0,1.0,1.0,0.0,1062.0,True,roll
2015-08-28,2015-08-31,P1601.DCE,P,14,14,4314.0,4310.0,2.0,0.0,0.0,52.5,True,normal_rebalance
2015-09-02,2015-09-07,AL1511.SHF,AL,14,14,11845.0,11840.0,1.0,0.0,0.0,63.0,True,normal_rebalance
2015-09-02,2015-09-07,C1601.DCE,C,-168,-168,1947.0,1949.0,2.0,0.0,0.0,302.4,True,normal_rebalance
2015-09-02,2015-09-07,FG1601.ZCE,FG,-189,-189,843.0,845.0,2.0,0.0,0.0,850.5,True,signal_exit
2015-09-02,2015-09-07,P1601.DCE,P,70,70,4236.0,4232.0,2.0,0.0,0.0,262.5,True,signal_exit
2015-09-02,2015-09-07,RB1601.SHF,RB,12,12,1955.0,1954.0,1.0,0.0,0.0,3.519,True,normal_rebalance
2015-09-02,2015-09-07,RU1601.SHF,RU,-11,-11,11170.0,11180.0,2.0,0.0,0.0,49.5,True,normal_rebalance
2015-09-02,2015-09-07,SR1601.ZCE,SR,-4,-4,5219.0,5221.0,2.0,0.0,0.0,18.0,True,normal_rebalance
2015-09-08,2015-09-09,C1601.DCE,C,168,168,1971.0,1968.0,2.0,1.0,0.0,302.4,True,roll
2015-09-08,2015-09-09,C1605.DCE,C,-197,-197,1933.0,1936.0,2.0,1.0,0.0,354.59999999999997,True,roll
2015-09-11,2015-09-14,AL1511.SHF,AL,7,7,12005.0,12000.0,1.0,0.0,0.0,31.5,True,normal_rebalance
2015-09-11,2015-09-14,MA1601.ZCE,MA,-185,-185,1938.0,1940.0,2.0,0.0,0.0,388.5,True,normal_rebalance
2015-09-11,2015-09-14,RU1601.SHF,RU,30,30,11810.0,11800.0,2.0,0.0,0.0,135.0,True,signal_exit
2015-09-11,2015-09-14,SR1601.ZCE,SR,-5,-5,5529.0,5531.0,2.0,0.0,0.0,22.5,True,normal_rebalance
2015-09-18,2015-09-21,AL1511.SHF,AL,-21,-21,11950.0,11955.0,1.0,0.0,0.0,94.5,True,normal_rebalance
2015-09-18,2015-09-21,FG1601.ZCE,FG,191,191,852.0,850.0,2.0,0.0,0.0,859.5,True,normal_rebalance
2015-09-18,2015-09-21,MA1601.ZCE,MA,30,30,1929.0,1927.0,2.0,0.0,0.0,63.0,True,normal_rebalance
2015-09-18,2015-09-21,RB1601.SHF,RB,-57,-57,1919.0,1920.0,1.0,0.0,0.0,16.407450000000004,True,normal_rebalance
2015-09-18,2015-09-21,SR1601.ZCE,SR,9,9,5415.0,5413.0,2.0,0.0,0.0,40.5,True,normal_rebalance
2015-09-21,2015-09-22,AL1511.SHF,AL,236,236,11915.0,11905.0,1.0,1.0,0.0,1062.0,True,roll
2015-09-21,2015-09-22,AL1512.SHF,AL,-262,-262,11935.0,11945.0,1.0,1.0,0.0,1179.0,True,roll
2015-09-25,2015-09-28,AL1512.SHF,AL,22,22,11815.0,11810.0,1.0,0.0,0.0,99.0,True,normal_rebalance
2015-09-25,2015-09-28,FG1601.ZCE,FG,-191,-191,819.0,821.0,2.0,0.0,0.0,859.5,True,signal_exit
2015-09-25,2015-09-28,MA1601.ZCE,MA,-70,-70,1949.0,1951.0,2.0,0.0,0.0,147.0,True,normal_rebalance
2015-09-30,2015-10-08,MA1601.ZCE,MA,-9,-9,1960.0,1962.0,2.0,0.0,0.0,18.9,True,normal_rebalance
2015-10-09,2015-10-12,C1605.DCE,C,-64,-64,1805.0,1807.0,2.0,0.0,0.0,115.19999999999999,True,normal_rebalance
2015-10-09,2015-10-12,FG1601.ZCE,FG,232,232,843.0,841.0,2.0,0.0,0.0,1044.0,True,normal_rebalance
2015-10-09,2015-10-12,MA1601.ZCE,MA,61,61,2033.0,2031.0,2.0,0.0,0.0,128.1,True,normal_rebalance
2015-10-09,2015-10-12,RB1601.SHF,RB,-101,-101,1856.0,1857.0,1.0,0.0,0.0,28.118400000000005,True,normal_rebalance
2015-10-09,2015-10-12,SR1601.ZCE,SR,19,19,5715.0,5713.0,2.0,0.0,0.0,85.5,True,normal_rebalance
2015-10-16,2015-10-19,FG1601.ZCE,FG,20,20,829.0,827.0,2.0,0.0,0.0,90.0,True,normal_rebalance
2015-10-16,2015-10-19,RB1601.SHF,RB,-25,-25,1828.0,1829.0,1.0,0.0,0.0,6.855,True,normal_rebalance
2015-10-16,2015-10-19,SR1601.ZCE,SR,7,7,5584.0,5582.0,2.0,0.0,0.0,31.5,True,normal_rebalance
2015-10-22,2015-10-23,AL1512.SHF,AL,240,240,10740.0,10730.0,1.0,1.0,0.0,1080.0,True,roll
2015-10-22,2015-10-23,AL1601.SHF,AL,-268,-268,10750.0,10760.0,1.0,1.0,0.0,1206.0,True,roll
2015-10-23,2015-10-26,C1605.DCE,C,261,261,1806.0,1804.0,2.0,0.0,0.0,469.79999999999995,True,signal_exit
2015-10-23,2015-10-26,JD1601.DCE,JD,-267,-267,3659.0,3661.0,2.0,0.0,0.0,600.75,True,normal_rebalance
2015-10-23,2015-10-26,SR1601.ZCE,SR,5,5,5588.0,5586.0,2.0,0.0,0.0,22.5,True,normal_rebalance
2015-10-30,2015-11-02,FG1601.ZCE,FG,23,23,885.0,883.0,2.0,0.0,0.0,103.5,True,normal_rebalance
2015-10-30,2015-11-02,JD1601.DCE,JD,-38,-38,3651.0,3653.0,2.0,0.0,0.0,85.5,True,normal_rebalance
2015-10-30,2015-11-02,MA1601.ZCE,MA,-38,-38,1859.0,1861.0,2.0,0.0,0.0,79.8,True,normal_rebalance
2015-10-30,2015-11-02,RB1601.SHF,RB,-50,-50,1781.0,1782.0,1.0,0.0,0.0,13.357500000000002,True,normal_rebalance
2015-10-30,2015-11-02,SR1601.ZCE,SR,18,18,5507.0,5505.0,2.0,0.0,0.0,81.0,True,normal_rebalance
2015-11-04,2015-11-05,RB1601.SHF,RB,534,534,1782.0,1780.0,1.0,1.0,0.0,142.73820000000003,True,roll
2015-11-04,2015-11-05,RB1605.SHF,RB,-615,-615,1779.0,1781.0,1.0,1.0,0.0,164.11275,True,roll
2015-11-06,2015-11-09,AL1601.SHF,AL,21,21,10555.0,10550.0,1.0,0.0,0.0,94.5,True,normal_rebalance
2015-11-06,2015-11-09,MA1601.ZCE,MA,211,211,1913.0,1911.0,2.0,0.0,0.0,443.09999999999997,True,signal_exit
2015-11-06,2015-11-09,RU1601.SHF,RU,-25,-25,10540.0,10550.0,2.0,0.0,0.0,112.5,True,normal_rebalance
2015-11-13,2015-11-16,AL1601.SHF,AL,23,23,10135.0,10130.0,1.0,0.0,0.0,103.5,True,normal_rebalance
2015-11-13,2015-11-16,FG1601.ZCE,FG,19,19,885.0,883.0,2.0,0.0,0.0,85.5,True,normal_rebalance
2015-11-13,2015-11-16,JD1601.DCE,JD,305,305,3781.0,3779.0,2.0,0.0,0.0,686.25,True,signal_exit
2015-11-13,2015-11-16,P1601.DCE,P,-99,-99,4126.0,4130.0,2.0,0.0,0.0,371.25,True,normal_rebalance
2015-11-13,2015-11-16,RU1601.SHF,RU,-3,-3,10855.0,10865.0,2.0,0.0,0.0,13.5,True,normal_rebalance
2015-11-13,2015-11-16,SR1601.ZCE,SR,11,11,5428.0,5426.0,2.0,0.0,0.0,49.5,True,normal_rebalance
2015-11-17,2015-11-18,SR1601.ZCE,SR,-115,-115,5414.0,5417.0,2.0,1.0,0.0,345.0,True,roll
2015-11-17,2015-11-18,SR1605.ZCE,SR,139,139,5395.0,5392.0,2.0,1.0,0.0,625.5,True,roll
2015-11-20,2015-11-23,FG1601.ZCE,FG,26,26,861.0,859.0,2.0,0.0,0.0,117.0,True,normal_rebalance
2015-11-20,2015-11-23,P1601.DCE,P,-18,-18,4096.0,4100.0,2.0,0.0,0.0,67.5,True,normal_rebalance
2015-11-20,2015-11-23,RB1605.SHF,RB,-24,-24,1694.0,1695.0,1.0,0.0,0.0,6.098400000000002,True,normal_rebalance
2015-11-20,2015-11-23,RU1601.SHF,RU,-3,-3,10300.0,10310.0,2.0,0.0,0.0,13.5,True,normal_rebalance
2015-11-23,2015-11-24,AL1601.SHF,AL,224,224,9855.0,9845.0,1.0,1.0,0.0,1008.0,True,roll
2015-11-23,2015-11-24,AL1602.SHF,AL,-227,-227,9800.0,9810.0,1.0,1.0,0.0,1021.5,True,roll
2015-11-24,2015-11-25,RU1601.SHF,RU,31,31,10415.0,10400.0,2.0,1.0,0.0,139.5,True,roll
2015-11-24,2015-11-25,RU1605.SHF,RU,-35,-35,9615.0,9630.0,2.0,1.0,0.0,157.5,True,roll
2015-11-27,2015-11-30,AL1602.SHF,AL,64,64,10365.0,10360.0,1.0,0.0,0.0,288.0,True,normal_rebalance
2015-11-27,2015-11-30,FG1601.ZCE,FG,-53,-53,895.0,897.0,2.0,0.0,0.0,238.5,True,normal_rebalance
2015-11-27,2015-11-30,JD1605.DCE,JD,-245,-245,3200.0,3202.0,2.0,0.0,0.0,551.25,True,normal_rebalance
2015-11-27,2015-11-30,MA1601.ZCE,MA,-144,-144,1855.0,1857.0,2.0,0.0,0.0,216.0,True,normal_rebalance
2015-11-27,2015-11-30,P1601.DCE,P,117,117,4336.0,4330.0,2.0,1.0,0.0,438.75,True,roll
2015-11-27,2015-11-30,RU1605.SHF,RU,35,35,10015.0,10005.0,2.0,0.0,0.0,157.5,True,signal_exit
2015-11-27,2015-11-30,SR1605.ZCE,SR,-26,-26,5553.0,5555.0,2.0,0.0,0.0,117.0,True,normal_rebalance
2015-11-30,2015-12-01,MA1601.ZCE,MA,144,144,1829.0,1826.0,2.0,1.0,0.0,216.0,True,roll
2015-11-30,2015-12-01,MA1605.ZCE,MA,-168,-168,1648.0,1651.0,2.0,1.0,0.0,352.79999999999995,True,roll
2015-12-02,2015-12-03,FG1601.ZCE,FG,-267,-267,871.0,874.0,2.0,1.0,0.0,801.0,True,roll
2015-12-02,2015-12-03,FG1605.ZCE,FG,252,252,825.0,822.0,2.0,1.0,0.0,1134.0,True,roll
2015-12-04,2015-12-07,JD1605.DCE,JD,-2,-2,3271.0,3273.0,2.0,0.0,0.0,4.5,True,normal_rebalance
2015-12-11,2015-12-14,JD1605.DCE,JD,-9,-9,3181.0,3183.0,2.0,0.0,0.0,20.25,True,normal_rebalance
2015-12-11,2015-12-14,MA1605.ZCE,MA,-3,-3,1643.0,1645.0,2.0,0.0,0.0,6.299999999999999,True,normal_rebalance
2015-12-17,2015-12-18,AL1602.SHF,AL,163,163,10535.0,10525.0,1.0,1.0,0.0,733.5,True,roll
2015-12-17,2015-12-18,AL1603.SHF,AL,-164,-164,10460.0,10470.0,1.0,1.0,0.0,738.0,True,roll
2015-12-18,2015-12-21,FG1605.ZCE,FG,18,18,836.0,834.0,2.0,0.0,0.0,81.0,True,normal_rebalance
2015-12-18,2015-12-21,JD1605.DCE,JD,-29,-29,3219.0,3221.0,2.0,0.0,0.0,65.25,True,normal_rebalance
2015-12-18,2015-12-21,MA1605.ZCE,MA,-20,-20,1664.0,1666.0,2.0,0.0,0.0,42.0,True,normal_rebalance
2015-12-25,2015-12-28,MA1605.ZCE,MA,-8,-8,1710.0,1712.0,2.0,0.0,0.0,16.799999999999997,True,normal_rebalance
2015-12-31,2016-01-04,FG1605.ZCE,FG,12,12,835.0,833.0,2.0,0.0,0.0,54.0,True,normal_rebalance
2015-12-31,2016-01-04,MA1605.ZCE,MA,199,199,1752.0,1750.0,2.0,0.0,0.0,417.9,True,signal_exit
2015-12-31,2016-01-04,RU1605.SHF,RU,-27,-27,10575.0,10585.0,2.0,0.0,0.0,121.5,True,normal_rebalance
2016-01-08,2016-01-11,FG1605.ZCE,FG,10,10,843.0,841.0,2.0,0.0,0.0,45.0,True,normal_rebalance
2016-01-08,2016-01-11,JD1605.DCE,JD,-11,-11,3264.0,3266.0,2.0,0.0,0.0,24.75,True,normal_rebalance
2016-01-15,2016-01-18,CF1605.ZCE,CF,-136,-136,11195.0,11205.0,2.0,0.0,0.0,877.1999999999999,True,normal_rebalance
2016-01-15,2016-01-18,FG1605.ZCE,FG,2,2,838.0,836.0,2.0,0.0,0.0,9.0,True,normal_rebalance
2016-01-15,2016-01-18,JD1605.DCE,JD,296,296,3161.0,3159.0,2.0,0.0,0.0,666.0,True,signal_exit
2016-01-22,2016-01-25,CF1605.ZCE,CF,-1,-1,11415.0,11425.0,2.0,0.0,0.0,6.449999999999999,True,normal_rebalance
2016-01-22,2016-01-25,FG1605.ZCE,FG,5,5,870.0,868.0,2.0,0.0,0.0,22.5,True,normal_rebalance
2016-01-22,2016-01-25,SR1605.ZCE,SR,1,1,5490.0,5488.0,2.0,0.0,0.0,4.5,True,normal_rebalance
2016-01-28,2016-01-29,AL1603.SHF,AL,164,164,10760.0,10750.0,1.0,1.0,0.0,738.0,True,roll
2016-01-28,2016-01-29,AL1604.SHF,AL,-192,-192,10750.0,10760.0,1.0,1.0,0.0,864.0,True,roll
2016-01-29,2016-02-01,RB1605.SHF,RB,34,34,1817.0,1816.0,1.0,0.0,0.0,9.266700000000002,True,normal_rebalance
2016-01-29,2016-02-01,SR1605.ZCE,SR,8,8,5396.0,5394.0,2.0,0.0,0.0,36.0,True,normal_rebalance
2016-02-03,2016-02-04,CF1605.ZCE,CF,137,137,11475.0,11460.0,2.0,1.0,0.0,883.65,True,roll
2016-02-03,2016-02-04,CF1609.ZCE,CF,-148,-148,10695.0,10710.0,2.0,1.0,0.0,954.5999999999999,True,roll
2016-02-05,2016-02-15,SR1605.ZCE,SR,1,1,5432.0,5430.0,2.0,0.0,0.0,4.5,True,normal_rebalance
2016-02-16,2016-02-17,AL1604.SHF,AL,5,5,11055.0,11050.0,1.0,0.0,0.0,22.5,True,margin_forced
2016-02-16,2016-02-17,CF1609.ZCE,CF,4,4,10505.0,10495.0,2.0,0.0,0.0,25.799999999999997,True,margin_forced
2016-02-16,2016-02-17,FG1605.ZCE,FG,-7,-7,860.0,862.0,2.0,0.0,0.0,31.5,True,margin_forced
2016-02-16,2016-02-17,RB1605.SHF,RB,13,13,1867.0,1866.0,1.0,0.0,0.0,3.6406500000000004,True,margin_forced
2016-02-16,2016-02-17,RU1605.SHF,RU,1,1,10540.0,10530.0,2.0,0.0,0.0,4.5,True,margin_forced
2016-02-16,2016-02-17,SR1605.ZCE,SR,-3,-3,5353.0,5355.0,2.0,0.0,0.0,13.5,True,margin_forced
2016-02-17,2016-02-18,AL1604.SHF,AL,1,1,10995.0,10990.0,1.0,0.0,0.0,4.5,True,margin_forced
2016-02-17,2016-02-18,CF1609.ZCE,CF,1,1,10540.0,10530.0,2.0,0.0,0.0,6.449999999999999,True,margin_forced
2016-02-17,2016-02-18,FG1605.ZCE,FG,-2,-2,882.0,884.0,2.0,0.0,0.0,9.0,True,margin_forced
2016-02-17,2016-02-18,RB1605.SHF,RB,3,3,1865.0,1864.0,1.0,0.0,0.0,0.8392500000000002,True,margin_forced
2016-02-17,2016-02-18,RU1605.SHF,RU,1,1,10490.0,10480.0,2.0,0.0,0.0,4.5,True,margin_forced
2016-02-17,2016-02-18,SR1605.ZCE,SR,-1,-1,5307.0,5309.0,2.0,0.0,0.0,4.5,True,margin_forced
2016-02-19,2016-02-22,CF1609.ZCE,CF,6,6,10450.0,10440.0,2.0,0.0,0.0,38.699999999999996,True,normal_rebalance
2016-02-19,2016-02-22,RU1605.SHF,RU,-2,-2,10590.0,10600.0,2.0,0.0,0.0,9.0,True,normal_rebalance
2016-02-22,2016-02-23,AL1604.SHF,AL,10,10,11245.0,11240.0,1.0,0.0,0.0,45.0,True,margin_forced
2016-02-22,2016-02-23,CF1609.ZCE,CF,7,7,10520.0,10510.0,2.0,0.0,0.0,45.15,True,margin_forced
2016-02-22,2016-02-23,FG1605.ZCE,FG,-15,-15,903.0,905.0,2.0,0.0,0.0,67.5,True,margin_forced
2016-02-22,2016-02-23,RB1605.SHF,RB,29,29,1958.0,1957.0,1.0,0.0,0.0,8.517300000000002,True,margin_forced
2016-02-22,2016-02-23,RU1605.SHF,RU,2,2,10760.0,10750.0,2.0,0.0,0.0,9.0,True,margin_forced
2016-02-22,2016-02-23,SR1605.ZCE,SR,-6,-6,5346.0,5348.0,2.0,0.0,0.0,27.0,True,margin_forced
2016-02-23,2016-02-24,AL1604.SHF,AL,1,1,11210.0,11205.0,1.0,0.0,0.0,4.5,True,margin_forced
2016-02-23,2016-02-24,CF1609.ZCE,CF,1,1,10490.0,10480.0,2.0,0.0,0.0,6.449999999999999,True,margin_forced
2016-02-23,2016-02-24,FG1605.ZCE,FG,-1,-1,899.0,901.0,2.0,0.0,0.0,4.5,True,margin_forced
2016-02-23,2016-02-24,RB1605.SHF,RB,2,2,1923.0,1922.0,1.0,0.0,0.0,0.5769000000000001,True,margin_forced
2016-02-23,2016-02-24,RU1605.SHF,RU,1,1,10670.0,10660.0,2.0,0.0,0.0,4.5,True,margin_forced
2016-02-23,2016-02-24,SR1605.ZCE,SR,-1,-1,5398.0,5400.0,2.0,0.0,0.0,4.5,True,margin_forced
2016-02-26,2016-02-29,AL1604.SHF,AL,-14,-14,11270.0,11275.0,1.0,0.0,0.0,63.0,True,normal_rebalance
2016-02-26,2016-02-29,FG1605.ZCE,FG,8,8,924.0,922.0,2.0,0.0,0.0,36.0,True,normal_rebalance
2016-02-26,2016-02-29,RB1605.SHF,RB,45,45,1923.0,1922.0,1.0,0.0,0.0,12.980250000000002,True,normal_rebalance
2016-02-26,2016-02-29,RU1605.SHF,RU,-3,-3,10400.0,10410.0,2.0,0.0,0.0,13.5,True,normal_rebalance
2016-02-26,2016-02-29,SR1605.ZCE,SR,8,8,5427.0,5425.0,2.0,0.0,0.0,36.0,True,normal_rebalance
2016-02-29,2016-03-01,AL1604.SHF,AL,189,189,11310.0,11300.0,1.0,1.0,0.0,850.5,True,roll
2016-02-29,2016-03-01,AL1605.SHF,AL,-212,-212,11350.0,11360.0,1.0,1.0,0.0,954.0,True,roll
2016-02-29,2016-03-01,CF1609.ZCE,CF,2,2,10010.0,10000.0,2.0,0.0,0.0,12.899999999999999,True,margin_forced
2016-02-29,2016-03-01,FG1605.ZCE,FG,-3,-3,920.0,922.0,2.0,0.0,0.0,13.5,True,margin_forced
2016-02-29,2016-03-01,RB1605.SHF,RB,5,5,1976.0,1975.0,1.0,0.0,0.0,1.4820000000000002,True,margin_forced
2016-02-29,2016-03-01,RU1605.SHF,RU,1,1,10320.0,10310.0,2.0,0.0,0.0,4.5,True,margin_forced
2016-02-29,2016-03-01,SR1605.ZCE,SR,-2,-2,5343.0,5345.0,2.0,0.0,0.0,6.0,True,margin_forced
2016-03-01,2016-03-02,AL1605.SHF,AL,5,5,11265.0,11260.0,1.0,0.0,0.0,22.5,True,margin_forced
2016-03-01,2016-03-02,CF1609.ZCE,CF,3,3,10070.0,10060.0,2.0,0.0,0.0,19.349999999999998,True,margin_forced
2016-03-01,2016-03-02,FG1605.ZCE,FG,-6,-6,929.0,931.0,2.0,0.0,0.0,27.0,True,margin_forced
2016-03-01,2016-03-02,RB1605.SHF,RB,11,11,1998.0,1997.0,1.0,0.0,0.0,3.2967,True,margin_forced
2016-03-01,2016-03-02,RU1605.SHF,RU,1,1,10410.0,10400.0,2.0,0.0,0.0,4.5,True,margin_forced
2016-03-01,2016-03-02,SR1605.ZCE,SR,-118,-118,5349.0,5352.0,2.0,1.0,0.0,354.0,True,roll
2016-03-01,2016-03-02,SR1609.ZCE,SR,127,127,5477.0,5474.0,2.0,1.0,0.0,571.5,True,roll
2016-03-02,2016-03-03,AL1605.SHF,AL,3,3,11310.0,11305.0,1.0,0.0,0.0,13.5,True,margin_forced
2016-03-02,2016-03-03,CF1609.ZCE,CF,2,2,10065.0,10055.0,2.0,0.0,0.0,12.899999999999999,True,margin_forced
2016-03-02,2016-03-03,FG1605.ZCE,FG,-4,-4,926.0,928.0,2.0,0.0,0.0,18.0,True,margin_forced
2016-03-02,2016-03-03,RB1605.SHF,RB,7,7,1991.0,1990.0,1.0,0.0,0.0,2.0905500000000004,True,margin_forced
2016-03-02,2016-03-03,RU1605.SHF,RU,1,1,10590.0,10580.0,2.0,0.0,0.0,4.5,True,margin_forced
2016-03-02,2016-03-03,SR1609.ZCE,SR,-2,-2,5471.0,5473.0,2.0,0.0,0.0,9.0,True,margin_forced
2016-03-03,2016-03-04,AL1605.SHF,AL,2,2,11370.0,11365.0,1.0,0.0,0.0,9.0,True,margin_forced
2016-03-03,2016-03-04,CF1609.ZCE,CF,1,1,10175.0,10165.0,2.0,0.0,0.0,6.449999999999999,True,margin_forced
2016-03-03,2016-03-04,FG1605.ZCE,FG,-3,-3,921.0,923.0,2.0,0.0,0.0,13.5,True,margin_forced
2016-03-03,2016-03-04,RB1605.SHF,RB,4,4,1973.0,1972.0,1.0,0.0,0.0,1.1838,True,margin_forced
2016-03-03,2016-03-04,RU1605.SHF,RU,1,1,10720.0,10710.0,2.0,0.0,0.0,4.5,True,margin_forced
2016-03-03,2016-03-04,SR1609.ZCE,SR,-1,-1,5458.0,5460.0,2.0,0.0,0.0,4.5,True,margin_forced
2016-03-04,2016-03-07,CF1609.ZCE,CF,-55,-55,10230.0,10240.0,2.0,0.0,0.0,354.75,True,normal_rebalance
2016-03-04,2016-03-07,RB1605.SHF,RB,72,72,1991.0,1990.0,1.0,0.0,0.0,21.502800000000004,True,normal_rebalance
2016-03-04,2016-03-07,RU1605.SHF,RU,4,4,11435.0,11425.0,2.0,0.0,0.0,18.0,True,normal_rebalance
2016-03-04,2016-03-07,SR1609.ZCE,SR,-124,-124,5492.0,5494.0,2.0,0.0,0.0,558.0,True,signal_exit
2016-03-11,2016-03-14,AL1605.SHF,AL,22,22,11340.0,11335.0,1.0,0.0,0.0,99.0,True,normal_rebalance
2016-03-11,2016-03-14,CF1609.ZCE,CF,25,25,10150.0,10140.0,2.0,0.0,0.0,161.25,True,normal_rebalance
2016-03-11,2016-03-14,FG1605.ZCE,FG,-72,-72,954.0,956.0,2.0,0.0,0.0,324.0,True,normal_rebalance
2016-03-11,2016-03-14,MA1605.ZCE,MA,-110,-110,1909.0,1911.0,2.0,0.0,0.0,231.0,True,normal_rebalance
2016-03-11,2016-03-14,RB1605.SHF,RB,224,224,2059.0,2058.0,1.0,0.0,0.0,69.18240000000002,True,normal_rebalance
2016-03-11,2016-03-14,RU1605.SHF,RU,19,19,11385.0,11375.0,2.0,0.0,0.0,85.5,True,signal_exit
2016-03-14,2016-03-15,RB1605.SHF,RB,190,190,2044.0,2042.0,1.0,1.0,0.0,58.25400000000001,True,roll
2016-03-14,2016-03-15,RB1610.SHF,RB,-173,-173,1978.0,1980.0,1.0,1.0,0.0,51.3291,True,roll
2016-03-18,2016-03-21,CF1609.ZCE,CF,69,69,10390.0,10380.0,2.0,0.0,0.0,445.04999999999995,True,normal_rebalance
2016-03-18,2016-03-21,MA1605.ZCE,MA,-13,-13,2004.0,2006.0,2.0,0.0,0.0,27.299999999999997,True,normal_rebalance
2016-03-18,2016-03-21,SR1609.ZCE,SR,98,98,5564.0,5562.0,2.0,0.0,0.0,441.0,True,normal_rebalance
2016-03-25,2016-03-28,AL1605.SHF,AL,-9,-9,11715.0,11720.0,1.0,0.0,0.0,40.5,True,normal_rebalance
2016-03-25,2016-03-28,MA1605.ZCE,MA,-3,-3,1921.0,1923.0,2.0,0.0,0.0,6.299999999999999,True,normal_rebalance
2016-03-25,2016-03-28,P1609.DCE,P,63,63,5502.0,5498.0,2.0,0.0,0.0,236.25,True,normal_rebalance
2016-03-25,2016-03-28,RB1610.SHF,RB,-6,-6,2189.0,2190.0,1.0,0.0,0.0,1.9701000000000002,True,normal_rebalance
2016-03-25,2016-03-28,SR1609.ZCE,SR,-98,-98,5608.0,5610.0,2.0,0.0,0.0,441.0,True,signal_exit
2016-03-31,2016-04-01,AL1605.SHF,AL,189,189,11780.0,11770.0,1.0,1.0,0.0,850.5,True,roll
2016-03-31,2016-04-01,AL1606.SHF,AL,-226,-226,11755.0,11765.0,1.0,1.0,0.0,1017.0,True,roll
2016-04-01,2016-04-05,AL1606.SHF,AL,34,34,11875.0,11870.0,1.0,0.0,0.0,153.0,True,normal_rebalance
2016-04-01,2016-04-05,C1701.DCE,C,-158,-158,1428.0,1430.0,2.0,0.0,0.0,284.4,True,normal_rebalance
2016-04-01,2016-04-05,CF1609.ZCE,CF,82,82,10265.0,10255.0,2.0,0.0,0.0,528.9,True,signal_exit
2016-04-01,2016-04-05,FG1605.ZCE,FG,-6,-6,926.0,928.0,2.0,0.0,0.0,27.0,True,normal_rebalance
2016-04-01,2016-04-05,RB1610.SHF,RB,14,14,2208.0,2207.0,1.0,0.0,0.0,4.6368,True,normal_rebalance
2016-04-01,2016-04-05,T1606.CFX,T,26,26,99.93,99.925,1.0,0.0,0.0,117.0,True,normal_rebalance
2016-04-07,2016-04-08,FG1605.ZCE,FG,-188,-188,915.0,918.0,2.0,1.0,0.0,564.0,True,roll
2016-04-07,2016-04-08,FG1609.ZCE,FG,163,163,972.0,969.0,2.0,1.0,0.0,733.5,True,roll
2016-04-08,2016-04-11,AL1606.SHF,AL,13,13,11675.0,11670.0,1.0,0.0,0.0,58.5,True,normal_rebalance
2016-04-08,2016-04-11,C1701.DCE,C,-20,-20,1429.0,1431.0,2.0,0.0,0.0,36.0,True,normal_rebalance
2016-04-08,2016-04-11,MA1605.ZCE,MA,126,126,1856.0,1853.0,2.0,1.0,0.0,189.0,True,roll
2016-04-08,2016-04-11,MA1609.ZCE,MA,-125,-125,1912.0,1915.0,2.0,1.0,0.0,262.5,True,roll
2016-04-08,2016-04-11,P1609.DCE,P,-3,-3,5446.0,5450.0,2.0,0.0,0.0,11.25,True,normal_rebalance
2016-04-08,2016-04-11,T1606.CFX,T,3,3,99.645,99.64,1.0,0.0,0.0,13.5,True,normal_rebalance
2016-04-15,2016-04-18,C1701.DCE,C,-5,-5,1461.0,1463.0,2.0,0.0,0.0,9.0,True,normal_rebalance
2016-04-15,2016-04-18,RB1610.SHF,RB,319,319,2288.0,2287.0,1.0,0.0,0.0,109.48080000000002,True,normal_rebalance
2016-04-15,2016-04-18,T1606.CFX,T,1,1,99.505,99.5,1.0,0.0,0.0,4.5,True,normal_rebalance
2016-04-22,2016-04-25,AL1606.SHF,AL,46,46,12855.0,12850.0,1.0,0.0,0.0,207.0,True,normal_rebalance
2016-04-22,2016-04-25,FG1609.ZCE,FG,-12,-12,1019.0,1021.0,2.0,0.0,0.0,54.0,True,normal_rebalance
2016-04-22,2016-04-25,RB1610.SHF,RB,-26,-26,2607.0,2608.0,1.0,0.0,0.0,10.167300000000001,True,normal_rebalance
2016-04-22,2016-04-25,T1606.CFX,T,6,6,99.31,99.305,1.0,0.0,0.0,27.0,True,normal_rebalance
2016-04-28,2016-04-29,AL1606.SHF,AL,133,133,12565.0,12555.0,1.0,1.0,0.0,598.5,True,roll
2016-04-28,2016-04-29,AL1607.SHF,AL,-98,-98,12550.0,12560.0,1.0,1.0,0.0,441.0,True,roll
2016-04-29,2016-05-03,AL1607.SHF,AL,3,3,12665.0,12660.0,1.0,0.0,0.0,13.5,True,normal_rebalance
2016-04-29,2016-05-03,C1701.DCE,C,-92,-92,1523.0,1525.0,2.0,0.0,0.0,165.6,True,normal_rebalance
2016-04-29,2016-05-03,FG1609.ZCE,FG,-25,-25,1000.0,1002.0,2.0,0.0,0.0,112.5,True,normal_rebalance
2016-04-29,2016-05-03,MA1609.ZCE,MA,17,17,2046.0,2044.0,2.0,0.0,0.0,35.699999999999996,True,normal_rebalance
2016-04-29,2016-05-03,P1609.DCE,P,-60,-60,5396.0,5400.0,2.0,0.0,0.0,225.0,True,signal_exit
2016-04-29,2016-05-03,RB1610.SHF,RB,-20,-20,2544.0,2545.0,1.0,0.0,0.0,7.632,True,normal_rebalance
2016-04-29,2016-05-03,T1606.CFX,T,-2,-2,99.635,99.64,1.0,0.0,0.0,9.0,True,normal_rebalance
2016-05-05,2016-05-06,T1606.CFX,T,-34,-34,99.805,99.815,1.0,1.0,0.0,153.0,True,roll
2016-05-05,2016-05-06,T1609.CFX,T,32,32,98.41,98.4,1.0,1.0,0.0,144.0,True,roll
2016-05-06,2016-05-09,AL1607.SHF,AL,13,13,12320.0,12315.0,1.0,0.0,0.0,58.5,True,normal_rebalance
2016-05-06,2016-05-09,FG1609.ZCE,FG,-22,-22,943.0,945.0,2.0,0.0,0.0,99.0,True,normal_rebalance
2016-05-06,2016-05-09,MA1609.ZCE,MA,13,13,1924.0,1922.0,2.0,0.0,0.0,27.299999999999997,True,normal_rebalance
2016-05-06,2016-05-09,RB1610.SHF,RB,-181,-181,2342.0,2343.0,1.0,0.0,0.0,63.585300000000004,True,normal_rebalance
2016-05-06,2016-05-09,T1609.CFX,T,-2,-2,98.58,98.585,1.0,0.0,0.0,9.0,True,normal_rebalance
2016-05-13,2016-05-16,C1701.DCE,C,91,91,1540.0,1538.0,2.0,0.0,0.0,163.8,True,normal_rebalance
2016-05-13,2016-05-16,FG1609.ZCE,FG,9,9,957.0,955.0,2.0,0.0,0.0,40.5,True,normal_rebalance
2016-05-13,2016-05-16,M1609.DCE,M,66,66,2792.0,2790.0,2.0,0.0,0.0,148.5,True,normal_rebalance
2016-05-13,2016-05-16,MA1609.ZCE,MA,95,95,1897.0,1895.0,2.0,0.0,0.0,199.5,True,signal_exit
2016-05-13,2016-05-16,RB1610.SHF,RB,-17,-17,2021.0,2022.0,1.0,0.0,0.0,5.153550000000001,True,normal_rebalance
2016-05-13,2016-05-16,RU1609.SHF,RU,-10,-10,11205.0,11215.0,2.0,0.0,0.0,45.0,True,normal_rebalance
2016-05-20,2016-05-23,M1609.DCE,M,8,8,2902.0,2900.0,2.0,0.0,0.0,18.0,True,normal_rebalance
2016-05-20,2016-05-23,RB1610.SHF,RB,-6,-6,2064.0,2065.0,1.0,0.0,0.0,1.8576000000000001,True,normal_rebalance
2016-05-20,2016-05-23,RU1609.SHF,RU,-2,-2,10865.0,10875.0,2.0,0.0,0.0,9.0,True,normal_rebalance
2016-05-27,2016-05-30,AL1607.SHF,AL,-4,-4,12195.0,12200.0,1.0,0.0,0.0,18.0,True,normal_rebalance
2016-05-27,2016-05-30,M1609.DCE,M,-2,-2,2860.0,2862.0,2.0,0.0,0.0,4.5,True,normal_rebalance
2016-06-02,2016-06-03,AL1607.SHF,AL,86,86,12250.0,12240.0,1.0,1.0,0.0,387.0,True,roll
2016-06-02,2016-06-03,AL1608.SHF,AL,-95,-95,12090.0,12100.0,1.0,1.0,0.0,427.5,True,roll
2016-06-03,2016-06-06,M1609.DCE,M,-2,-2,3072.0,3074.0,2.0,0.0,0.0,4.5,True,normal_rebalance
2016-06-03,2016-06-06,RB1610.SHF,RB,-15,-15,2008.0,2009.0,1.0,0.0,0.0,4.518,True,normal_rebalance
2016-06-03,2016-06-06,RU1609.SHF,RU,-1,-1,10585.0,10595.0,2.0,0.0,0.0,4.5,True,normal_rebalance
2016-06-03,2016-06-06,T1609.CFX,T,4,4,99.05,99.045,1.0,0.0,0.0,18.0,True,normal_rebalance
2016-06-08,2016-06-13,C1701.DCE,C,-6,-6,1630.0,1632.0,2.0,0.0,0.0,10.799999999999999,True,normal_rebalance
2016-06-08,2016-06-13,FG1609.ZCE,FG,4,4,1020.0,1018.0,2.0,0.0,0.0,18.0,True,normal_rebalance
2016-06-08,2016-06-13,RB1610.SHF,RB,-10,-10,2091.0,2092.0,1.0,0.0,0.0,3.1365000000000003,True,normal_rebalance
2016-06-08,2016-06-13,RU1609.SHF,RU,-3,-3,10345.0,10355.0,2.0,0.0,0.0,13.5,True,normal_rebalance
2016-06-08,2016-06-13,T1609.CFX,T,2,2,99.005,99.0,1.0,0.0,0.0,9.0,True,normal_rebalance
2016-06-17,2016-06-20,AL1608.SHF,AL,-7,-7,11960.0,11965.0,1.0,0.0,0.0,31.5,True,normal_rebalance
2016-06-17,2016-06-20,C1701.DCE,C,190,190,1597.0,1595.0,2.0,0.0,0.0,342.0,True,signal_exit
2016-06-17,2016-06-20,FG1609.ZCE,FG,6,6,998.0,996.0,2.0,0.0,0.0,27.0,True,normal_rebalance
2016-06-17,2016-06-20,M1609.DCE,M,-7,-7,3231.0,3233.0,2.0,0.0,0.0,15.75,True,normal_rebalance
2016-06-17,2016-06-20,P1609.DCE,P,-44,-44,5114.0,5118.0,2.0,0.0,0.0,165.0,True,normal_rebalance
2016-06-17,2016-06-20,RB1610.SHF,RB,-6,-6,2071.0,2072.0,1.0,0.0,0.0,1.8639,True,normal_rebalance
2016-06-17,2016-06-20,T1609.CFX,T,2,2,99.685,99.68,1.0,0.0,0.0,9.0,True,normal_rebalance
2016-06-24,2016-06-27,AL1608.SHF,AL,-6,-6,12150.0,12155.0,1.0,0.0,0.0,27.0,True,normal_rebalance
2016-06-24,2016-06-27,C1701.DCE,C,-164,-164,1548.0,1550.0,2.0,0.0,0.0,295.2,True,normal_rebalance
2016-06-24,2016-06-27,FG1609.ZCE,FG,7,7,1010.0,1008.0,2.0,0.0,0.0,31.5,True,normal_rebalance
2016-06-24,2016-06-27,P1609.DCE,P,44,44,5012.0,5008.0,2.0,0.0,0.0,165.0,True,signal_exit
2016-06-24,2016-06-27,RB1610.SHF,RB,-18,-18,2124.0,2125.0,1.0,0.0,0.0,5.7348,True,normal_rebalance
2016-06-24,2016-06-27,T1609.CFX,T,1,1,100.195,100.19,1.0,0.0,0.0,4.5,True,normal_rebalance
2016-07-01,2016-07-04,AL1608.SHF,AL,249,249,12785.0,12780.0,1.0,0.0,0.0,1120.5,True,normal_rebalance
2016-07-01,2016-07-04,C1701.DCE,C,-60,-60,1559.0,1561.0,2.0,0.0,0.0,108.0,True,normal_rebalance
2016-07-01,2016-07-04,FG1609.ZCE,FG,5,5,1110.0,1108.0,2.0,0.0,0.0,22.5,True,normal_rebalance
2016-07-01,2016-07-04,M1609.DCE,M,9,9,3443.0,3441.0,2.0,0.0,0.0,20.25,True,normal_rebalance
2016-07-01,2016-07-04,RB1610.SHF,RB,314,314,2350.0,2349.0,1.0,0.0,0.0,110.685,True,normal_rebalance
2016-07-01,2016-07-04,RU1609.SHF,RU,-5,-5,11435.0,11445.0,2.0,0.0,0.0,22.5,True,normal_rebalance
2016-07-01,2016-07-04,T1609.CFX,T,9,9,100.66,100.655,1.0,0.0,0.0,40.5,True,normal_rebalance
2016-07-04,2016-07-05,AL1608.SHF,AL,-141,-141,12680.0,12690.0,1.0,1.0,0.0,634.5,True,roll
2016-07-04,2016-07-05,AL1609.SHF,AL,152,152,12540.0,12530.0,1.0,1.0,0.0,684.0,True,roll
2016-07-08,2016-07-11,C1701.DCE,C,9,9,1535.0,1533.0,2.0,0.0,0.0,16.2,True,normal_rebalance
2016-07-08,2016-07-11,FG1609.ZCE,FG,-13,-13,1050.0,1052.0,2.0,0.0,0.0,58.5,True,normal_rebalance
2016-07-08,2016-07-11,M1609.DCE,M,-5,-5,3099.0,3101.0,2.0,0.0,0.0,11.25,True,normal_rebalance
2016-07-08,2016-07-11,RU1609.SHF,RU,6,6,10790.0,10780.0,2.0,0.0,0.0,27.0,True,normal_rebalance
2016-07-15,2016-07-18,CF1701.ZCE,CF,27,27,16110.0,16100.0,2.0,0.0,0.0,243.0,True,normal_rebalance
2016-07-15,2016-07-18,M1609.DCE,M,-67,-67,3187.0,3190.0,2.0,1.0,0.0,150.75,True,roll
2016-07-15,2016-07-18,MA1609.ZCE,MA,-124,-124,1933.0,1935.0,2.0,0.0,0.0,260.4,True,normal_rebalance
2016-07-15,2016-07-18,RU1609.SHF,RU,15,15,11475.0,11465.0,2.0,0.0,0.0,67.5,True,signal_exit
2016-07-22,2016-07-25,AL1609.SHF,AL,-1,-1,12185.0,12190.0,1.0,0.0,0.0,4.5,True,normal_rebalance
2016-07-22,2016-07-25,C1701.DCE,C,-6,-6,1478.0,1480.0,2.0,0.0,0.0,10.799999999999999,True,normal_rebalance
2016-07-22,2016-07-25,MA1609.ZCE,MA,-1,-1,1854.0,1856.0,2.0,0.0,0.0,2.0999999999999996,True,normal_rebalance
2016-07-22,2016-07-25,RB1610.SHF,RB,-22,-22,2310.0,2311.0,1.0,0.0,0.0,7.622999999999999,True,normal_rebalance
2016-07-29,2016-08-01,AL1609.SHF,AL,-12,-12,12285.0,12290.0,1.0,0.0,0.0,54.0,True,normal_rebalance
2016-07-29,2016-08-01,C1701.DCE,C,-9,-9,1448.0,1450.0,2.0,0.0,0.0,16.2,True,normal_rebalance
2016-07-29,2016-08-01,FG1609.ZCE,FG,-3,-3,1078.0,1080.0,2.0,0.0,0.0,13.5,True,normal_rebalance
2016-07-29,2016-08-01,MA1609.ZCE,MA,-5,-5,1853.0,1855.0,2.0,0.0,0.0,10.5,True,normal_rebalance
2016-08-02,2016-08-03,AL1609.SHF,AL,-139,-139,12330.0,12340.0,1.0,1.0,0.0,625.5,True,roll
2016-08-02,2016-08-03,AL1610.SHF,AL,137,137,12250.0,12240.0,1.0,1.0,0.0,616.5,True,roll
2016-08-05,2016-08-08,C1701.DCE,C,230,230,1475.0,1473.0,2.0,0.0,0.0,414.0,True,signal_exit
2016-08-05,2016-08-08,JD1701.DCE,JD,-162,-162,3503.0,3505.0,2.0,0.0,0.0,364.5,True,normal_rebalance
2016-08-05,2016-08-08,MA1609.ZCE,MA,-4,-4,1902.0,1904.0,2.0,0.0,0.0,8.399999999999999,True,normal_rebalance
2016-08-09,2016-08-10,MA1609.ZCE,MA,134,134,1918.0,1915.0,2.0,1.0,0.0,201.0,True,roll
2016-08-09,2016-08-10,MA1701.ZCE,MA,-151,-151,2043.0,2046.0,2.0,1.0,0.0,317.09999999999997,True,roll
2016-08-09,2016-08-10,T1609.CFX,T,-48,-48,101.735,101.745,1.0,1.0,0.0,216.0,True,roll
2016-08-09,2016-08-10,T1612.CFX,T,53,53,101.36,101.35,1.0,1.0,0.0,238.5,True,roll
2016-08-12,2016-08-15,AL1610.SHF,AL,9,9,12275.0,12270.0,1.0,0.0,0.0,40.5,True,normal_rebalance
2016-08-12,2016-08-15,CF1701.ZCE,CF,2,2,14665.0,14655.0,2.0,0.0,0.0,18.0,True,normal_rebalance
2016-08-12,2016-08-15,FG1609.ZCE,FG,-119,-119,1152.0,1155.0,2.0,1.0,0.0,357.0,True,roll
2016-08-12,2016-08-15,FG1701.ZCE,FG,116,116,1184.0,1181.0,2.0,1.0,0.0,522.0,True,roll
2016-08-12,2016-08-15,JD1701.DCE,JD,-38,-38,3439.0,3441.0,2.0,0.0,0.0,85.5,True,normal_rebalance
2016-08-12,2016-08-15,MA1701.ZCE,MA,151,151,2039.0,2037.0,2.0,0.0,0.0,317.09999999999997,True,signal_exit
2016-08-12,2016-08-15,RB1610.SHF,RB,15,15,2562.0,2561.0,1.0,0.0,0.0,5.764500000000001,True,normal_rebalance
2016-08-12,2016-08-15,RU1701.SHF,RU,-21,-21,12975.0,12985.0,2.0,0.0,0.0,94.5,True,normal_rebalance
2016-08-18,2016-08-19,RB1610.SHF,RB,-162,-162,2575.0,2577.0,1.0,1.0,0.0,62.572500000000005,True,roll
2016-08-18,2016-08-19,RB1701.SHF,RB,189,189,2539.0,2537.0,1.0,1.0,0.0,71.98065000000001,True,roll
2016-08-19,2016-08-22,C1701.DCE,C,-322,-322,1468.0,1470.0,2.0,0.0,0.0,579.5999999999999,True,normal_rebalance
2016-08-19,2016-08-22,CF1701.ZCE,CF,2,2,14605.0,14595.0,2.0,0.0,0.0,18.0,True,normal_rebalance
2016-08-19,2016-08-22,JD1701.DCE,JD,200,200,3488.0,3486.0,2.0,0.0,0.0,450.0,True,signal_exit
2016-08-19,2016-08-22,RU1701.SHF,RU,-2,-2,13055.0,13065.0,2.0,0.0,0.0,9.0,True,normal_rebalance
2016-08-26,2016-08-29,C1701.DCE,C,-28,-28,1446.0,1448.0,2.0,0.0,0.0,50.400000000000006,True,normal_rebalance
2016-08-26,2016-08-29,MA1701.ZCE,MA,-156,-156,1947.0,1949.0,2.0,0.0,0.0,327.59999999999997,True,normal_rebalance
2016-08-26,2016-08-29,RU1701.SHF,RU,23,23,12355.0,12345.0,2.0,0.0,0.0,103.5,True,signal_exit
2016-09-02,2016-09-05,AL1610.SHF,AL,-146,-146,12300.0,12310.0,1.0,1.0,0.0,657.0,True,roll
2016-09-02,2016-09-05,AL1611.SHF,AL,125,125,12220.0,12210.0,1.0,1.0,0.0,562.5,True,roll
2016-09-02,2016-09-05,CF1701.ZCE,CF,-31,-31,13815.0,13825.0,2.0,0.0,0.0,279.0,True,signal_exit
2016-09-02,2016-09-05,FG1701.ZCE,FG,-12,-12,1193.0,1195.0,2.0,0.0,0.0,54.0,True,normal_rebalance
2016-09-02,2016-09-05,MA1701.ZCE,MA,156,156,1971.0,1969.0,2.0,0.0,0.0,327.59999999999997,True,signal_exit
2016-09-02,2016-09-05,P1701.DCE,P,50,50,5466.0,5462.0,2.0,0.0,0.0,187.5,True,normal_rebalance
2016-09-02,2016-09-05,RB1701.SHF,RB,-5,-5,2414.0,2415.0,1.0,0.0,0.0,1.8105000000000002,True,normal_rebalance
2016-09-02,2016-09-05,RU1701.SHF,RU,-15,-15,12425.0,12435.0,2.0,0.0,0.0,67.5,True,normal_rebalance
2016-09-02,2016-09-05,T1612.CFX,T,-6,-6,100.72,100.725,1.0,0.0,0.0,27.0,True,normal_rebalance
2016-09-09,2016-09-12,AL1611.SHF,AL,-2,-2,12025.0,12030.0,1.0,0.0,0.0,9.0,True,normal_rebalance
2016-09-09,2016-09-12,C1701.DCE,C,47,47,1440.0,1438.0,2.0,0.0,0.0,84.6,True,normal_rebalance
2016-09-09,2016-09-12,FG1701.ZCE,FG,58,58,1171.0,1169.0,2.0,0.0,0.0,261.0,True,normal_rebalance
2016-09-09,2016-09-12,RB1701.SHF,RB,-21,-21,2342.0,2343.0,1.0,0.0,0.0,7.377300000000001,True,normal_rebalance
2016-09-09,2016-09-12,RU1701.SHF,RU,15,15,12755.0,12745.0,2.0,0.0,0.0,67.5,True,signal_exit
2016-09-09,2016-09-12,T1612.CFX,T,-5,-5,100.745,100.75,1.0,0.0,0.0,22.5,True,normal_rebalance
2016-09-14,2016-09-19,CF1701.ZCE,CF,31,31,14290.0,14280.0,2.0,0.0,0.0,279.0,True,normal_rebalance
2016-09-14,2016-09-19,FG1701.ZCE,FG,-59,-59,1094.0,1096.0,2.0,0.0,0.0,265.5,True,normal_rebalance
2016-09-14,2016-09-19,P1701.DCE,P,-50,-50,5406.0,5410.0,2.0,0.0,0.0,187.5,True,signal_exit
2016-09-14,2016-09-19,RU1701.SHF,RU,-16,-16,12595.0,12605.0,2.0,0.0,0.0,72.0,True,normal_rebalance
2016-09-23,2016-09-26,AL1611.SHF,AL,-6,-6,12490.0,12495.0,1.0,0.0,0.0,27.0,True,normal_rebalance
2016-09-23,2016-09-26,C1701.DCE,C,45,45,1417.0,1415.0,2.0,0.0,0.0,81.0,True,normal_rebalance
2016-09-23,2016-09-26,CF1701.ZCE,CF,-31,-31,14950.0,14960.0,2.0,0.0,0.0,279.0,True,signal_exit
2016-09-23,2016-09-26,FG1701.ZCE,FG,58,58,1121.0,1119.0,2.0,0.0,0.0,261.0,True,normal_rebalance
2016-09-23,2016-09-26,P1701.DCE,P,33,33,5710.0,5706.0,2.0,0.0,0.0,123.75,True,normal_rebalance
2016-09-23,2016-09-26,RU1701.SHF,RU,16,16,13545.0,13535.0,2.0,0.0,0.0,72.0,True,signal_exit
2016-09-23,2016-09-26,T1612.CFX,T,-1,-1,101.15,101.155,1.0,0.0,0.0,4.5,True,normal_rebalance
2016-09-29,2016-09-30,AL1611.SHF,AL,-117,-117,12570.0,12580.0,1.0,1.0,0.0,526.5,True,roll
2016-09-29,2016-09-30,AL1612.SHF,AL,112,112,12380.0,12370.0,1.0,1.0,0.0,504.0,True,roll
2016-09-30,2016-10-10,CF1701.ZCE,CF,24,24,15710.0,15700.0,2.0,0.0,0.0,216.0,True,normal_rebalance
2016-09-30,2016-10-10,P1701.DCE,P,-33,-33,5426.0,5430.0,2.0,0.0,0.0,123.75,True,signal_exit
2016-09-30,2016-10-10,T1612.CFX,T,-1,-1,101.405,101.41,1.0,0.0,0.0,4.5,True,normal_rebalance
2016-10-14,2016-10-17,FG1701.ZCE,FG,15,15,1066.0,1064.0,2.0,0.0,0.0,67.5,True,normal_rebalance
2016-10-14,2016-10-17,RB1701.SHF,RB,3,3,2392.0,2391.0,1.0,0.0,0.0,1.0764,True,normal_rebalance
2016-10-21,2016-10-24,C1701.DCE,C,258,258,1482.0,1480.0,2.0,0.0,0.0,464.4,True,signal_exit
2016-10-21,2016-10-24,CF1701.ZCE,CF,27,27,14860.0,14850.0,2.0,0.0,0.0,243.0,True,normal_rebalance
2016-10-21,2016-10-24,RB1701.SHF,RB,5,5,2481.0,2480.0,1.0,0.0,0.0,1.8607500000000003,True,normal_rebalance
2016-10-28,2016-10-31,AL1612.SHF,AL,-19,-19,13880.0,13885.0,1.0,0.0,0.0,85.5,True,normal_rebalance
2016-10-28,2016-10-31,CF1701.ZCE,CF,4,4,15175.0,15165.0,2.0,0.0,0.0,36.0,True,normal_rebalance
2016-10-28,2016-10-31,FG1701.ZCE,FG,23,23,1123.0,1121.0,2.0,0.0,0.0,103.5,True,normal_rebalance
2016-11-03,2016-11-04,AL1612.SHF,AL,-93,-93,13705.0,13715.0,1.0,1.0,0.0,418.5,True,roll
2016-11-03,2016-11-04,AL1701.SHF,AL,76,76,13500.0,13490.0,1.0,1.0,0.0,342.0,True,roll
2016-11-04,2016-11-07,CF1701.ZCE,CF,8,8,15240.0,15230.0,2.0,0.0,0.0,72.0,True,normal_rebalance
2016-11-04,2016-11-07,FG1701.ZCE,FG,7,7,1201.0,1199.0,2.0,0.0,0.0,31.5,True,normal_rebalance
2016-11-04,2016-11-07,RB1701.SHF,RB,27,27,2737.0,2736.0,1.0,0.0,0.0,11.08485,True,normal_rebalance
2016-11-04,2016-11-07,T1612.CFX,T,5,5,101.48,101.475,1.0,0.0,0.0,22.5,True,normal_rebalance
2016-11-09,2016-11-10,T1612.CFX,T,-45,-45,101.115,101.125,1.0,1.0,0.0,202.5,True,roll
2016-11-09,2016-11-10,T1703.CFX,T,61,61,100.235,100.225,1.0,1.0,0.0,274.5,True,roll
2016-11-11,2016-11-14,AL1701.SHF,AL,14,14,14215.0,14210.0,1.0,0.0,0.0,63.0,True,normal_rebalance
2016-11-11,2016-11-14,CF1701.ZCE,CF,14,14,16580.0,16570.0,2.0,0.0,0.0,126.0,True,normal_rebalance
2016-11-11,2016-11-14,FG1701.ZCE,FG,38,38,1310.0,1308.0,2.0,0.0,0.0,171.0,True,normal_rebalance
2016-11-11,2016-11-14,RB1701.SHF,RB,-15,-15,3146.0,3147.0,1.0,0.0,0.0,7.0785,True,normal_rebalance
2016-11-18,2016-11-21,AL1701.SHF,AL,-12,-12,13650.0,13655.0,1.0,0.0,0.0,54.0,True,normal_rebalance
2016-11-18,2016-11-21,CF1701.ZCE,CF,-25,-25,16015.0,16025.0,2.0,0.0,0.0,225.0,True,normal_rebalance
2016-11-18,2016-11-21,FG1701.ZCE,FG,-51,-51,1225.0,1227.0,2.0,0.0,0.0,229.5,True,normal_rebalance
2016-11-18,2016-11-21,RB1701.SHF,RB,-60,-60,2782.0,2783.0,1.0,0.0,0.0,25.038,True,normal_rebalance
2016-11-18,2016-11-21,T1703.CFX,T,-5,-5,99.485,99.49,1.0,0.0,0.0,22.5,True,normal_rebalance
2016-11-22,2016-11-23,CF1701.ZCE,CF,-52,-52,16225.0,16240.0,2.0,1.0,0.0,335.4,True,roll
2016-11-22,2016-11-23,CF1705.ZCE,CF,52,52,16315.0,16300.0,2.0,1.0,0.0,468.0,True,roll
2016-11-23,2016-11-24,AL1701.SHF,AL,-78,-78,14100.0,14110.0,1.0,1.0,0.0,351.0,True,roll
2016-11-23,2016-11-24,AL1702.SHF,AL,73,73,13895.0,13885.0,1.0,1.0,0.0,328.5,True,roll
2016-11-25,2016-11-28,CF1705.ZCE,CF,-52,-52,15820.0,15830.0,2.0,0.0,0.0,468.0,True,signal_exit
2016-11-25,2016-11-28,P1705.DCE,P,72,72,6326.0,6322.0,2.0,0.0,0.0,270.0,True,normal_rebalance
2016-11-25,2016-11-28,RB1701.SHF,RB,-13,-13,3154.0,3155.0,1.0,0.0,0.0,6.1503,True,normal_rebalance
2016-11-28,2016-11-29,RB1701.SHF,RB,-110,-110,3178.0,3180.0,1.0,1.0,0.0,52.437,True,roll
2016-11-28,2016-11-29,RB1705.SHF,RB,100,100,3308.0,3306.0,1.0,1.0,0.0,49.620000000000005,True,roll
2016-11-30,2016-12-01,AL1702.SHF,AL,-21,-21,13195.0,13200.0,1.0,0.0,0.0,94.5,True,volatility_forced
2016-11-30,2016-12-01,FG1701.ZCE,FG,-60,-60,1232.0,1234.0,2.0,0.0,0.0,270.0,True,volatility_forced
2016-11-30,2016-12-01,P1705.DCE,P,-10,-10,6270.0,6274.0,2.0,0.0,0.0,37.5,True,volatility_forced
2016-11-30,2016-12-01,RB1705.SHF,RB,-36,-36,2999.0,3000.0,1.0,0.0,0.0,16.1946,True,volatility_forced
2016-11-30,2016-12-01,T1703.CFX,T,-24,-24,98.6,98.605,1.0,0.0,0.0,108.0,True,volatility_forced
2016-12-01,2016-12-02,RB1705.SHF,RB,-1,-1,3195.0,3196.0,1.0,0.0,0.0,0.47925,True,volatility_forced
2016-12-01,2016-12-02,T1703.CFX,T,-5,-5,98.13,98.135,1.0,0.0,0.0,22.5,True,volatility_forced
2016-12-02,2016-12-05,FG1701.ZCE,FG,-133,-133,1215.0,1217.0,2.0,0.0,0.0,399.0,True,signal_exit
2016-12-02,2016-12-05,MA1705.ZCE,MA,128,128,2574.0,2572.0,2.0,0.0,0.0,192.0,True,normal_rebalance
2016-12-09,2016-12-12,AL1702.SHF,AL,7,7,13340.0,13335.0,1.0,0.0,0.0,31.5,True,normal_rebalance
2016-12-09,2016-12-12,P1705.DCE,P,7,7,6270.0,6266.0,2.0,0.0,0.0,26.25,True,normal_rebalance
2016-12-09,2016-12-12,RB1705.SHF,RB,2,2,3369.0,3368.0,1.0,0.0,0.0,1.0107000000000002,True,normal_rebalance
2016-12-12,2016-12-13,T1703.CFX,T,-4,-4,96.69,96.695,1.0,0.0,0.0,18.0,True,volatility_forced
2016-12-15,2016-12-16,T1703.CFX,T,-9,-9,94.625,94.63,1.0,0.0,0.0,40.5,True,volatility_forced
2016-12-16,2016-12-19,AL1702.SHF,AL,2,2,12870.0,12865.0,1.0,0.0,0.0,9.0,True,normal_rebalance
2016-12-16,2016-12-19,MA1705.ZCE,MA,1,1,2954.0,2952.0,2.0,0.0,0.0,1.5,True,normal_rebalance
2016-12-16,2016-12-19,P1705.DCE,P,2,2,6422.0,6418.0,2.0,0.0,0.0,7.5,True,normal_rebalance
2016-12-16,2016-12-19,T1703.CFX,T,-3,-3,95.465,95.47,1.0,0.0,0.0,13.5,True,normal_rebalance
2016-12-19,2016-12-20,MA1705.ZCE,MA,-18,-18,2823.0,2825.0,2.0,0.0,0.0,27.0,True,volatility_forced
2016-12-19,2016-12-20,RB1705.SHF,RB,-1,-1,3160.0,3161.0,1.0,0.0,0.0,0.474,True,volatility_forced
2016-12-19,2016-12-20,T1703.CFX,T,-1,-1,93.995,94.0,1.0,0.0,0.0,4.5,True,volatility_forced
2016-12-20,2016-12-21,AL1702.SHF,AL,-1,-1,12700.0,12705.0,1.0,0.0,0.0,4.5,True,volatility_forced
2016-12-20,2016-12-21,MA1705.ZCE,MA,-4,-4,2831.0,2833.0,2.0,0.0,0.0,6.0,True,volatility_forced
2016-12-20,2016-12-21,P1705.DCE,P,-5,-5,6254.0,6258.0,2.0,0.0,0.0,18.75,True,volatility_forced
2016-12-20,2016-12-21,RB1705.SHF,RB,-1,-1,3167.0,3168.0,1.0,0.0,0.0,0.4750500000000001,True,volatility_forced
2016-12-21,2016-12-22,T1703.CFX,T,-3,-3,96.385,96.39,1.0,0.0,0.0,13.5,True,volatility_forced
2016-12-22,2016-12-23,RB1705.SHF,RB,-1,-1,3011.0,3012.0,1.0,0.0,0.0,0.45165000000000005,True,volatility_forced
2016-12-26,2016-12-27,RB1705.SHF,RB,-1,-1,2931.0,2932.0,1.0,0.0,0.0,0.43965000000000004,True,volatility_forced
2016-12-27,2016-12-28,MA1705.ZCE,MA,-1,-1,2858.0,2860.0,2.0,0.0,0.0,1.5,True,volatility_forced
2017-01-03,2017-01-04,AL1702.SHF,AL,-60,-60,12605.0,12615.0,1.0,1.0,0.0,270.0,True,roll
2017-01-03,2017-01-04,AL1703.SHF,AL,66,66,12655.0,12645.0,1.0,1.0,0.0,297.0,True,roll
2017-01-03,2017-01-04,MA1705.ZCE,MA,-7,-7,2686.0,2688.0,2.0,0.0,0.0,10.5,True,volatility_forced
2017-01-04,2017-01-05,AL1703.SHF,AL,-1,-1,12660.0,12665.0,1.0,0.0,0.0,4.5,True,volatility_forced
2017-01-06,2017-01-09,FG1705.ZCE,FG,97,97,1209.0,1207.0,2.0,0.0,0.0,436.5,True,normal_rebalance
2017-01-06,2017-01-09,MA1705.ZCE,MA,-99,-99,2648.0,2650.0,2.0,0.0,0.0,148.5,True,signal_exit
2017-01-13,2017-01-16,FG1705.ZCE,FG,-97,-97,1273.0,1275.0,2.0,0.0,0.0,436.5,True,signal_exit
2017-01-13,2017-01-16,P1705.DCE,P,10,10,6268.0,6264.0,2.0,0.0,0.0,37.5,True,normal_rebalance
2017-01-13,2017-01-16,RB1705.SHF,RB,7,7,3191.0,3190.0,1.0,0.0,0.0,3.35055,True,normal_rebalance
2017-01-13,2017-01-16,RU1705.SHF,RU,10,10,20295.0,20285.0,2.0,0.0,0.0,45.0,True,normal_rebalance
2017-01-13,2017-01-16,T1703.CFX,T,3,3,97.485,97.48,1.0,0.0,0.0,13.5,True,normal_rebalance
2017-01-18,2017-01-19,T1703.CFX,T,-10,-10,96.515,96.525,1.0,1.0,0.0,45.0,True,roll
2017-01-18,2017-01-19,T1706.CFX,T,10,10,95.095,95.085,1.0,1.0,0.0,45.0,True,roll
2017-01-20,2017-01-23,AL1703.SHF,AL,5,5,13440.0,13435.0,1.0,0.0,0.0,22.5,True,normal_rebalance
2017-01-20,2017-01-23,FG1705.ZCE,FG,109,109,1306.0,1304.0,2.0,0.0,0.0,490.5,True,normal_rebalance
2017-01-20,2017-01-23,P1705.DCE,P,7,7,6284.0,6280.0,2.0,0.0,0.0,26.25,True,normal_rebalance
2017-01-20,2017-01-23,RU1705.SHF,RU,-10,-10,19775.0,19785.0,2.0,0.0,0.0,45.0,True,signal_exit
2017-01-26,2017-02-03,FG1705.ZCE,FG,-109,-109,1343.0,1345.0,2.0,0.0,0.0,490.5,True,signal_exit
2017-01-26,2017-02-03,P1705.DCE,P,2,2,6232.0,6228.0,2.0,0.0,0.0,7.5,True,normal_rebalance
2017-01-26,2017-02-03,RB1705.SHF,RB,4,4,3350.0,3349.0,1.0,0.0,0.0,2.0100000000000002,True,normal_rebalance
2017-01-26,2017-02-03,RU1705.SHF,RU,8,8,21485.0,21475.0,2.0,0.0,0.0,36.0,True,normal_rebalance
2017-01-26,2017-02-03,T1706.CFX,T,-20,-20,94.265,94.27,1.0,0.0,0.0,90.0,True,normal_rebalance
2017-02-03,2017-02-06,AL1703.SHF,AL,11,11,13745.0,13740.0,1.0,0.0,0.0,49.5,True,normal_rebalance
2017-02-03,2017-02-06,CF1705.ZCE,CF,36,36,15865.0,15855.0,2.0,0.0,0.0,324.0,True,normal_rebalance
2017-02-03,2017-02-06,JD1705.DCE,JD,-154,-154,3293.0,3295.0,2.0,0.0,0.0,346.5,True,normal_rebalance
2017-02-03,2017-02-06,MA1705.ZCE,MA,144,144,2916.0,2914.0,2.0,0.0,0.0,216.0,True,normal_rebalance
2017-02-03,2017-02-06,P1705.DCE,P,-85,-85,6118.0,6122.0,2.0,0.0,0.0,318.75,True,signal_exit
2017-02-03,2017-02-06,RU1705.SHF,RU,-8,-8,20165.0,20175.0,2.0,0.0,0.0,36.0,True,signal_exit
2017-02-03,2017-02-06,T1706.CFX,T,-3,-3,93.315,93.32,1.0,0.0,0.0,13.5,True,normal_rebalance
2017-02-08,2017-02-09,AL1703.SHF,AL,-81,-81,13650.0,13660.0,1.0,1.0,0.0,364.5,True,roll
2017-02-08,2017-02-09,AL1704.SHF,AL,91,91,13760.0,13750.0,1.0,1.0,0.0,409.5,True,roll
2017-02-10,2017-02-13,CF1705.ZCE,CF,-36,-36,15870.0,15880.0,2.0,0.0,0.0,324.0,True,signal_exit
2017-02-10,2017-02-13,JD1705.DCE,JD,-19,-19,3328.0,3330.0,2.0,0.0,0.0,42.75,True,normal_rebalance
2017-02-10,2017-02-13,MA1705.ZCE,MA,18,18,2959.0,2957.0,2.0,0.0,0.0,27.0,True,normal_rebalance
2017-02-10,2017-02-13,P1705.DCE,P,48,48,6244.0,6240.0,2.0,0.0,0.0,180.0,True,normal_rebalance
2017-02-17,2017-02-20,CF1705.ZCE,CF,43,43,15510.0,15500.0,2.0,0.0,0.0,387.0,True,normal_rebalance
2017-02-17,2017-02-20,JD1705.DCE,JD,-10,-10,3274.0,3276.0,2.0,0.0,0.0,22.5,True,normal_rebalance
2017-02-17,2017-02-20,P1705.DCE,P,-48,-48,5896.0,5900.0,2.0,0.0,0.0,180.0,True,signal_exit
2017-02-17,2017-02-20,RB1705.SHF,RB,8,8,3482.0,3481.0,1.0,0.0,0.0,4.1784,True,normal_rebalance
2017-02-17,2017-02-20,T1706.CFX,T,-1,-1,95.29,95.295,1.0,0.0,0.0,4.5,True,normal_rebalance
2017-02-24,2017-02-27,AL1704.SHF,AL,-25,-25,13775.0,13780.0,1.0,0.0,0.0,112.5,True,normal_rebalance
2017-02-24,2017-02-27,CF1705.ZCE,CF,12,12,15915.0,15905.0,2.0,0.0,0.0,108.0,True,normal_rebalance
2017-02-24,2017-02-27,FG1705.ZCE,FG,109,109,1346.0,1344.0,2.0,0.0,0.0,490.5,True,normal_rebalance
2017-02-24,2017-02-27,JD1705.DCE,JD,183,183,3354.0,3352.0,2.0,0.0,0.0,411.75,True,signal_exit
2017-02-24,2017-02-27,MA1705.ZCE,MA,-162,-162,2927.0,2929.0,2.0,0.0,0.0,243.0,True,signal_exit
2017-02-24,2017-02-27,RB1705.SHF,RB,-8,-8,3497.0,3498.0,1.0,0.0,0.0,4.196400000000001,True,normal_rebalance
2017-02-24,2017-02-27,T1706.CFX,T,3,3,95.765,95.76,1.0,0.0,0.0,13.5,True,normal_rebalance
2017-03-03,2017-03-06,AL1704.SHF,AL,-3,-3,14115.0,14120.0,1.0,0.0,0.0,13.5,True,normal_rebalance
2017-03-03,2017-03-06,CF1705.ZCE,CF,6,6,15980.0,15970.0,2.0,0.0,0.0,54.0,True,normal_rebalance
2017-03-03,2017-03-06,FG1705.ZCE,FG,4,4,1314.0,1312.0,2.0,0.0,0.0,18.0,True,normal_rebalance
2017-03-03,2017-03-06,RB1705.SHF,RB,-3,-3,3568.0,3569.0,1.0,0.0,0.0,1.6056,True,normal_rebalance
2017-03-06,2017-03-07,AL1704.SHF,AL,-63,-63,13725.0,13735.0,1.0,1.0,0.0,283.5,True,roll
2017-03-06,2017-03-07,AL1705.SHF,AL,57,57,13815.0,13805.0,1.0,1.0,0.0,256.5,True,roll
2017-03-10,2017-03-13,CF1705.ZCE,CF,-6,-6,15455.0,15465.0,2.0,0.0,0.0,54.0,True,normal_rebalance
2017-03-10,2017-03-13,FG1705.ZCE,FG,-113,-113,1224.0,1226.0,2.0,0.0,0.0,508.5,True,signal_exit
2017-03-10,2017-03-13,MA1705.ZCE,MA,114,114,2737.0,2735.0,2.0,0.0,0.0,171.0,True,normal_rebalance
2017-03-17,2017-03-20,AL1705.SHF,AL,15,15,13835.0,13830.0,1.0,0.0,0.0,67.5,True,normal_rebalance
2017-03-17,2017-03-20,CF1705.ZCE,CF,-18,-18,15240.0,15250.0,2.0,0.0,0.0,162.0,True,normal_rebalance
2017-03-17,2017-03-20,JD1705.DCE,JD,-206,-206,3180.0,3182.0,2.0,0.0,0.0,463.5,True,normal_rebalance
2017-03-17,2017-03-20,MA1705.ZCE,MA,39,39,2682.0,2680.0,2.0,0.0,0.0,58.5,True,normal_rebalance
2017-03-17,2017-03-20,RB1705.SHF,RB,15,15,3572.0,3571.0,1.0,0.0,0.0,8.037,True,normal_rebalance
2017-03-17,2017-03-20,T1706.CFX,T,26,26,96.305,96.3,1.0,0.0,0.0,117.0,True,normal_rebalance
2017-03-23,2017-03-24,RB1705.SHF,RB,-84,-84,3409.0,3411.0,1.0,1.0,0.0,42.9534,True,roll
2017-03-23,2017-03-24,RB1710.SHF,RB,87,87,3132.0,3130.0,1.0,1.0,0.0,40.872600000000006,True,roll
2017-03-24,2017-03-27,AL1705.SHF,AL,-1,-1,13720.0,13725.0,1.0,0.0,0.0,4.5,True,normal_rebalance
2017-03-24,2017-03-27,CF1705.ZCE,CF,12,12,15305.0,15295.0,2.0,0.0,0.0,108.0,True,normal_rebalance
2017-03-24,2017-03-27,FG1705.ZCE,FG,117,117,1215.0,1213.0,2.0,0.0,0.0,526.5,True,normal_rebalance
2017-03-24,2017-03-27,JD1705.DCE,JD,206,206,3260.0,3258.0,2.0,0.0,0.0,463.5,True,signal_exit
2017-03-24,2017-03-27,MA1705.ZCE,MA,-153,-153,2543.0,2545.0,2.0,0.0,0.0,229.5,True,signal_exit
2017-03-24,2017-03-27,RB1710.SHF,RB,-9,-9,3137.0,3138.0,1.0,0.0,0.0,4.23495,True,normal_rebalance
2017-03-24,2017-03-27,T1706.CFX,T,-2,-2,97.31,97.315,1.0,0.0,0.0,9.0,True,normal_rebalance
2017-03-31,2017-04-05,AL1705.SHF,AL,4,4,13935.0,13930.0,1.0,0.0,0.0,18.0,True,normal_rebalance
2017-03-31,2017-04-05,CF1705.ZCE,CF,-49,-49,14750.0,14765.0,2.0,1.0,0.0,316.04999999999995,True,roll
2017-03-31,2017-04-05,CF1709.ZCE,CF,34,34,15245.0,15230.0,2.0,1.0,0.0,306.0,True,roll
2017-03-31,2017-04-05,FG1705.ZCE,FG,10,10,1319.0,1317.0,2.0,0.0,0.0,45.0,True,normal_rebalance
2017-03-31,2017-04-05,JD1705.DCE,JD,-152,-152,3084.0,3086.0,2.0,0.0,0.0,342.0,True,normal_rebalance
2017-03-31,2017-04-05,RB1710.SHF,RB,2,2,3201.0,3200.0,1.0,0.0,0.0,0.9603000000000002,True,normal_rebalance
2017-03-31,2017-04-05,T1706.CFX,T,4,4,97.015,97.01,1.0,0.0,0.0,18.0,True,normal_rebalance
2017-04-07,2017-04-10,AL1705.SHF,AL,4,4,13955.0,13950.0,1.0,0.0,0.0,18.0,True,normal_rebalance
2017-04-07,2017-04-10,FG1705.ZCE,FG,12,12,1301.0,1299.0,2.0,0.0,0.0,54.0,True,normal_rebalance
2017-04-11,2017-04-12,FG1705.ZCE,FG,-139,-139,1255.0,1258.0,2.0,1.0,0.0,417.0,True,roll
2017-04-11,2017-04-12,FG1709.ZCE,FG,145,145,1235.0,1232.0,2.0,1.0,0.0,652.5,True,roll
2017-04-12,2017-04-13,AL1705.SHF,AL,-79,-79,13840.0,13850.0,1.0,1.0,0.0,355.5,True,roll
2017-04-12,2017-04-13,AL1706.SHF,AL,87,87,13950.0,13940.0,1.0,1.0,0.0,391.5,True,roll
2017-04-12,2017-04-13,JD1705.DCE,JD,152,152,2882.0,2879.0,2.0,1.0,0.0,342.0,True,roll
2017-04-12,2017-04-13,JD1709.DCE,JD,-161,-161,3915.0,3918.0,2.0,1.0,0.0,362.25,True,roll
2017-04-14,2017-04-17,CF1709.ZCE,CF,1,1,15725.0,15715.0,2.0,0.0,0.0,9.0,True,normal_rebalance
2017-04-14,2017-04-17,RB1710.SHF,RB,4,4,2943.0,2942.0,1.0,0.0,0.0,1.7658,True,normal_rebalance
2017-04-21,2017-04-24,CF1709.ZCE,CF,3,3,16105.0,16095.0,2.0,0.0,0.0,27.0,True,normal_rebalance
2017-04-21,2017-04-24,JD1709.DCE,JD,13,13,3785.0,3783.0,2.0,0.0,0.0,29.25,True,normal_rebalance
2017-04-21,2017-04-24,RB1710.SHF,RB,6,6,2924.0,2923.0,1.0,0.0,0.0,2.6316000000000006,True,normal_rebalance
2017-04-21,2017-04-24,T1706.CFX,T,1,1,95.695,95.69,1.0,0.0,0.0,4.5,True,normal_rebalance
2017-04-28,2017-05-02,AL1706.SHF,AL,9,9,14065.0,14060.0,1.0,0.0,0.0,40.5,True,normal_rebalance
2017-04-28,2017-05-02,CF1709.ZCE,CF,5,5,15960.0,15950.0,2.0,0.0,0.0,45.0,True,normal_rebalance
2017-04-28,2017-05-02,FG1709.ZCE,FG,-38,-38,1306.0,1308.0,2.0,0.0,0.0,171.0,True,normal_rebalance
2017-04-28,2017-05-02,JD1709.DCE,JD,-1,-1,3966.0,3968.0,2.0,0.0,0.0,2.25,True,normal_rebalance
2017-04-28,2017-05-02,RB1710.SHF,RB,28,28,3153.0,3152.0,1.0,0.0,0.0,13.2426,True,normal_rebalance
2017-04-28,2017-05-02,RU1709.SHF,RU,-6,-6,14840.0,14850.0,2.0,0.0,0.0,27.0,True,normal_rebalance
2017-04-28,2017-05-02,T1706.CFX,T,5,5,95.905,95.9,1.0,0.0,0.0,22.5,True,normal_rebalance
2017-05-05,2017-05-08,AL1706.SHF,AL,1,1,13940.0,13935.0,1.0,0.0,0.0,4.5,True,normal_rebalance
2017-05-05,2017-05-08,CF1709.ZCE,CF,-43,-43,15820.0,15830.0,2.0,0.0,0.0,387.0,True,signal_exit
2017-05-05,2017-05-08,FG1709.ZCE,FG,-12,-12,1229.0,1231.0,2.0,0.0,0.0,54.0,True,normal_rebalance
2017-05-05,2017-05-08,RB1710.SHF,RB,-1,-1,2947.0,2948.0,1.0,0.0,0.0,0.44205000000000005,True,normal_rebalance
2017-05-05,2017-05-08,SR1709.ZCE,SR,72,72,6687.0,6685.0,2.0,0.0,0.0,324.0,True,normal_rebalance
2017-05-05,2017-05-08,T1706.CFX,T,-45,-45,95.195,95.2,1.0,0.0,0.0,202.5,True,normal_rebalance
2017-05-09,2017-05-10,AL1706.SHF,AL,-97,-97,13790.0,13800.0,1.0,1.0,0.0,436.5,True,roll
2017-05-09,2017-05-10,AL1707.SHF,AL,107,107,13860.0,13850.0,1.0,1.0,0.0,481.5,True,roll
2017-05-09,2017-05-10,T1706.CFX,T,22,22,94.8,94.79,1.0,1.0,0.0,99.0,True,roll
2017-05-09,2017-05-10,T1709.CFX,T,-24,-24,94.09,94.1,1.0,1.0,0.0,108.0,True,roll
2017-05-12,2017-05-15,CF1709.ZCE,CF,39,39,15970.0,15960.0,2.0,0.0,0.0,351.0,True,normal_rebalance
2017-05-12,2017-05-15,FG1709.ZCE,FG,-4,-4,1263.0,1265.0,2.0,0.0,0.0,18.0,True,normal_rebalance
2017-05-12,2017-05-15,SR1709.ZCE,SR,-72,-72,6646.0,6648.0,2.0,0.0,0.0,324.0,True,signal_exit
2017-05-12,2017-05-15,T1709.CFX,T,1,1,94.305,94.3,1.0,0.0,0.0,4.5,True,normal_rebalance
2017-05-19,2017-05-22,AL1707.SHF,AL,9,9,14110.0,14105.0,1.0,0.0,0.0,40.5,True,normal_rebalance
2017-05-19,2017-05-22,FG1709.ZCE,FG,-1,-1,1347.0,1349.0,2.0,0.0,0.0,4.5,True,normal_rebalance
2017-05-19,2017-05-22,RU1709.SHF,RU,-4,-4,13795.0,13805.0,2.0,0.0,0.0,18.0,True,normal_rebalance
2017-05-26,2017-05-31,AL1707.SHF,AL,1,1,14005.0,14000.0,1.0,0.0,0.0,4.5,True,normal_rebalance
2017-06-02,2017-06-05,AL1707.SHF,AL,-3,-3,13765.0,13770.0,1.0,0.0,0.0,13.5,True,normal_rebalance
2017-06-02,2017-06-05,CF1709.ZCE,CF,-39,-39,15365.0,15375.0,2.0,0.0,0.0,351.0,True,signal_exit
2017-06-02,2017-06-05,FG1709.ZCE,FG,-8,-8,1301.0,1303.0,2.0,0.0,0.0,36.0,True,normal_rebalance
2017-06-02,2017-06-05,JD1709.DCE,JD,38,38,3622.0,3620.0,2.0,0.0,0.0,85.5,True,normal_rebalance
2017-06-02,2017-06-05,RB1710.SHF,RB,-10,-10,3009.0,3010.0,1.0,0.0,0.0,4.5135,True,normal_rebalance
2017-06-02,2017-06-05,SR1709.ZCE,SR,77,77,6590.0,6588.0,2.0,0.0,0.0,346.5,True,normal_rebalance
2017-06-08,2017-06-09,AL1707.SHF,AL,-114,-114,13745.0,13755.0,1.0,1.0,0.0,513.0,True,roll
2017-06-08,2017-06-09,AL1708.SHF,AL,104,104,13810.0,13800.0,1.0,1.0,0.0,468.0,True,roll
2017-06-16,2017-06-19,RB1710.SHF,RB,-4,-4,3099.0,3100.0,1.0,0.0,0.0,1.8594,True,normal_rebalance
2017-06-16,2017-06-19,RU1709.SHF,RU,1,1,12880.0,12870.0,2.0,0.0,0.0,4.5,True,normal_rebalance
2017-06-16,2017-06-19,SR1709.ZCE,SR,4,4,6573.0,6571.0,2.0,0.0,0.0,18.0,True,normal_rebalance
2017-06-23,2017-06-26,CF1709.ZCE,CF,42,42,15250.0,15240.0,2.0,0.0,0.0,378.0,True,normal_rebalance
2017-06-23,2017-06-26,SR1709.ZCE,SR,-81,-81,6525.0,6527.0,2.0,0.0,0.0,364.5,True,signal_exit
2017-06-30,2017-07-03,AL1708.SHF,AL,10,10,13955.0,13950.0,1.0,0.0,0.0,45.0,True,normal_rebalance
2017-06-30,2017-07-03,CF1709.ZCE,CF,-42,-42,14960.0,14970.0,2.0,0.0,0.0,378.0,True,signal_exit
2017-06-30,2017-07-03,JD1709.DCE,JD,111,111,3952.0,3950.0,2.0,0.0,0.0,249.75,True,signal_exit
2017-06-30,2017-07-03,M1709.DCE,M,-153,-153,2656.0,2658.0,2.0,0.0,0.0,344.25,True,normal_rebalance
2017-06-30,2017-07-03,P1709.DCE,P,57,57,5284.0,5280.0,2.0,0.0,0.0,213.75,True,normal_rebalance
2017-06-30,2017-07-03,RB1710.SHF,RB,6,6,3342.0,3341.0,1.0,0.0,0.0,3.0078000000000005,True,normal_rebalance
2017-06-30,2017-07-03,RU1709.SHF,RU,-2,-2,13330.0,13340.0,2.0,0.0,0.0,9.0,True,normal_rebalance
2017-06-30,2017-07-03,T1709.CFX,T,-3,-3,95.305,95.31,1.0,0.0,0.0,13.5,True,normal_rebalance
2017-07-05,2017-07-06,P1709.DCE,P,-57,-57,5344.0,5350.0,2.0,1.0,0.0,213.75,True,roll
2017-07-05,2017-07-06,P1801.DCE,P,65,65,5150.0,5144.0,2.0,1.0,0.0,243.75,True,roll
2017-07-06,2017-07-07,AL1708.SHF,AL,-114,-114,14140.0,14150.0,1.0,1.0,0.0,513.0,True,roll
2017-07-06,2017-07-07,AL1709.SHF,AL,125,125,14250.0,14240.0,1.0,1.0,0.0,562.5,True,roll
2017-07-07,2017-07-10,JD1709.DCE,JD,-79,-79,3948.0,3950.0,2.0,0.0,0.0,177.75,True,normal_rebalance
2017-07-07,2017-07-10,M1709.DCE,M,153,153,2846.0,2844.0,2.0,0.0,0.0,344.25,True,signal_exit
2017-07-07,2017-07-10,RB1710.SHF,RB,1,1,3436.0,3435.0,1.0,0.0,0.0,0.5154000000000001,True,normal_rebalance
2017-07-07,2017-07-10,RU1709.SHF,RU,1,1,12830.0,12820.0,2.0,0.0,0.0,4.5,True,normal_rebalance
2017-07-14,2017-07-17,JD1709.DCE,JD,-7,-7,3893.0,3895.0,2.0,0.0,0.0,15.75,True,normal_rebalance
2017-07-14,2017-07-17,T1709.CFX,T,-2,-2,95.435,95.44,1.0,0.0,0.0,9.0,True,normal_rebalance
2017-07-21,2017-07-24,FG1709.ZCE,FG,31,31,1427.0,1425.0,2.0,0.0,0.0,139.5,True,normal_rebalance
2017-07-21,2017-07-24,P1801.DCE,P,-5,-5,5306.0,5310.0,2.0,0.0,0.0,18.75,True,normal_rebalance
2017-07-21,2017-07-24,RB1710.SHF,RB,-25,-25,3527.0,3528.0,1.0,0.0,0.0,13.22625,True,normal_rebalance
2017-07-21,2017-07-24,RU1709.SHF,RU,10,10,13935.0,13925.0,2.0,0.0,0.0,45.0,True,signal_exit
2017-07-28,2017-07-31,AL1709.SHF,AL,5,5,14355.0,14350.0,1.0,0.0,0.0,22.5,True,normal_rebalance
2017-07-28,2017-07-31,FG1709.ZCE,FG,-30,-30,1397.0,1399.0,2.0,0.0,0.0,135.0,True,normal_rebalance
2017-07-28,2017-07-31,JD1709.DCE,JD,-10,-10,4003.0,4005.0,2.0,0.0,0.0,22.5,True,normal_rebalance
2017-07-28,2017-07-31,RB1710.SHF,RB,8,8,3566.0,3565.0,1.0,0.0,0.0,4.2792,True,normal_rebalance
2017-07-28,2017-07-31,RU1709.SHF,RU,-7,-7,12490.0,12500.0,2.0,0.0,0.0,31.5,True,normal_rebalance
2017-07-28,2017-07-31,T1709.CFX,T,-1,-1,94.975,94.98,1.0,0.0,0.0,4.5,True,normal_rebalance
2017-08-02,2017-08-03,JD1709.DCE,JD,96,96,3957.0,3954.0,2.0,1.0,0.0,216.0,True,roll
2017-08-02,2017-08-03,JD1801.DCE,JD,-117,-117,4093.0,4096.0,2.0,1.0,0.0,263.25,True,roll
2017-08-02,2017-08-03,RU1709.SHF,RU,7,7,12325.0,12310.0,2.0,1.0,0.0,31.5,True,roll
2017-08-02,2017-08-03,RU1801.SHF,RU,-9,-9,15210.0,15225.0,2.0,1.0,0.0,40.5,True,roll
2017-08-03,2017-08-04,AL1709.SHF,AL,-130,-130,14630.0,14640.0,1.0,1.0,0.0,585.0,True,roll
2017-08-03,2017-08-04,AL1710.SHF,AL,120,120,14730.0,14720.0,1.0,1.0,0.0,540.0,True,roll
2017-08-04,2017-08-07,FG1709.ZCE,FG,1,1,1407.0,1405.0,2.0,0.0,0.0,4.5,True,normal_rebalance
2017-08-04,2017-08-07,JD1801.DCE,JD,6,6,4300.0,4298.0,2.0,0.0,0.0,13.5,True,normal_rebalance
2017-08-04,2017-08-07,RB1710.SHF,RB,2,2,3881.0,3880.0,1.0,0.0,0.0,1.1643000000000001,True,normal_rebalance
2017-08-04,2017-08-07,T1709.CFX,T,-7,-7,94.595,94.6,1.0,0.0,0.0,31.5,True,normal_rebalance
2017-08-08,2017-08-09,RB1710.SHF,RB,-95,-95,4040.0,4042.0,1.0,1.0,0.0,57.57000000000001,True,roll
2017-08-08,2017-08-09,RB1801.SHF,RB,108,108,3893.0,3891.0,1.0,1.0,0.0,63.06660000000001,True,roll
2017-08-08,2017-08-09,T1709.CFX,T,36,36,94.425,94.415,1.0,1.0,0.0,162.0,True,roll
2017-08-08,2017-08-09,T1712.CFX,T,-41,-41,94.405,94.415,1.0,1.0,0.0,184.5,True,roll
2017-08-10,2017-08-11,FG1709.ZCE,FG,-84,-84,1408.0,1411.0,2.0,1.0,0.0,252.0,True,roll
2017-08-10,2017-08-11,FG1801.ZCE,FG,106,106,1425.0,1422.0,2.0,1.0,0.0,477.0,True,roll
2017-08-11,2017-08-14,AL1710.SHF,AL,-35,-35,16175.0,16180.0,1.0,0.0,0.0,157.5,True,normal_rebalance
2017-08-11,2017-08-14,C1801.DCE,C,341,341,1729.0,1727.0,2.0,0.0,0.0,613.8,True,normal_rebalance
2017-08-11,2017-08-14,JD1801.DCE,JD,111,111,4479.0,4477.0,2.0,0.0,0.0,249.75,True,signal_exit
2017-08-11,2017-08-14,M1801.DCE,M,-94,-94,2736.0,2738.0,2.0,0.0,0.0,211.5,True,normal_rebalance
2017-08-11,2017-08-14,P1801.DCE,P,-60,-60,5406.0,5410.0,2.0,0.0,0.0,225.0,True,signal_exit
2017-08-18,2017-08-21,AL1710.SHF,AL,-28,-28,16430.0,16435.0,1.0,0.0,0.0,126.0,True,normal_rebalance
2017-08-18,2017-08-21,C1801.DCE,C,-25,-25,1727.0,1729.0,2.0,0.0,0.0,45.0,True,normal_rebalance
2017-08-18,2017-08-21,FG1801.ZCE,FG,46,46,1441.0,1439.0,2.0,0.0,0.0,207.0,True,normal_rebalance
2017-08-18,2017-08-21,RB1801.SHF,RB,-25,-25,3867.0,3868.0,1.0,0.0,0.0,14.50125,True,normal_rebalance
2017-08-18,2017-08-21,RU1801.SHF,RU,9,9,16590.0,16580.0,2.0,0.0,0.0,40.5,True,signal_exit
2017-08-18,2017-08-21,T1712.CFX,T,4,4,94.865,94.86,1.0,0.0,0.0,18.0,True,normal_rebalance
2017-08-25,2017-08-28,AL1710.SHF,AL,-57,-57,16570.0,16580.0,1.0,1.0,0.0,256.5,True,roll
2017-08-25,2017-08-28,AL1711.SHF,AL,70,70,16665.0,16655.0,1.0,1.0,0.0,315.0,True,roll
2017-08-25,2017-08-28,C1801.DCE,C,6,6,1721.0,1719.0,2.0,0.0,0.0,10.799999999999999,True,normal_rebalance
2017-08-25,2017-08-28,FG1801.ZCE,FG,-152,-152,1446.0,1448.0,2.0,0.0,0.0,684.0,True,signal_exit
2017-08-25,2017-08-28,M1801.DCE,M,-14,-14,2739.0,2741.0,2.0,0.0,0.0,31.5,True,normal_rebalance
2017-08-25,2017-08-28,MA1801.ZCE,MA,92,92,2761.0,2759.0,2.0,0.0,0.0,276.0,True,normal_rebalance
2017-08-25,2017-08-28,RU1801.SHF,RU,-11,-11,16700.0,16710.0,2.0,0.0,0.0,49.5,True,normal_rebalance
2017-08-25,2017-08-28,T1712.CFX,T,-6,-6,94.63,94.635,1.0,0.0,0.0,27.0,True,normal_rebalance
2017-09-01,2017-09-04,C1801.DCE,C,11,11,1694.0,1692.0,2.0,0.0,0.0,19.799999999999997,True,normal_rebalance
2017-09-01,2017-09-04,M1801.DCE,M,-16,-16,2706.0,2708.0,2.0,0.0,0.0,36.0,True,normal_rebalance
2017-09-01,2017-09-04,MA1801.ZCE,MA,5,5,2912.0,2910.0,2.0,0.0,0.0,15.0,True,normal_rebalance
2017-09-01,2017-09-04,RB1801.SHF,RB,3,3,4061.0,4060.0,1.0,0.0,0.0,1.8274500000000002,True,normal_rebalance
2017-09-01,2017-09-04,T1712.CFX,T,-1,-1,94.675,94.68,1.0,0.0,0.0,4.5,True,normal_rebalance
2017-09-08,2017-09-11,AL1711.SHF,AL,-12,-12,15940.0,15945.0,1.0,0.0,0.0,54.0,True,normal_rebalance
2017-09-08,2017-09-11,C1801.DCE,C,-77,-77,1684.0,1686.0,2.0,0.0,0.0,138.6,True,normal_rebalance
2017-09-08,2017-09-11,M1801.DCE,M,124,124,2720.0,2718.0,2.0,0.0,0.0,279.0,True,signal_exit
2017-09-08,2017-09-11,MA1801.ZCE,MA,52,52,2881.0,2879.0,2.0,0.0,0.0,156.0,True,normal_rebalance
2017-09-08,2017-09-11,RB1801.SHF,RB,-3,-3,3911.0,3912.0,1.0,0.0,0.0,1.7599500000000003,True,normal_rebalance
2017-09-08,2017-09-11,RU1801.SHF,RU,11,11,16810.0,16800.0,2.0,0.0,0.0,49.5,True,signal_exit
2017-09-08,2017-09-11,SR1801.ZCE,SR,-51,-51,6152.0,6154.0,2.0,0.0,0.0,229.5,True,normal_rebalance
2017-09-08,2017-09-11,T1712.CFX,T,8,8,95.13,95.125,1.0,0.0,0.0,36.0,True,normal_rebalance
2017-09-15,2017-09-18,C1801.DCE,C,15,15,1693.0,1691.0,2.0,0.0,0.0,27.0,True,normal_rebalance
2017-09-15,2017-09-18,JD1801.DCE,JD,-108,-108,4128.0,4130.0,2.0,0.0,0.0,243.0,True,normal_rebalance
2017-09-15,2017-09-18,MA1801.ZCE,MA,-63,-63,2803.0,2805.0,2.0,0.0,0.0,189.0,True,normal_rebalance
2017-09-15,2017-09-18,RB1801.SHF,RB,4,4,3809.0,3808.0,1.0,0.0,0.0,2.2854,True,normal_rebalance
2017-09-15,2017-09-18,RU1801.SHF,RU,-9,-9,15780.0,15790.0,2.0,0.0,0.0,40.5,True,normal_rebalance
2017-09-15,2017-09-18,SR1801.ZCE,SR,51,51,6198.0,6196.0,2.0,0.0,0.0,229.5,True,signal_exit
2017-09-22,2017-09-25,AL1711.SHF,AL,-6,-6,16545.0,16550.0,1.0,0.0,0.0,27.0,True,normal_rebalance
2017-09-22,2017-09-25,C1801.DCE,C,23,23,1718.0,1716.0,2.0,0.0,0.0,41.4,True,normal_rebalance
2017-09-22,2017-09-25,MA1801.ZCE,MA,-8,-8,2688.0,2690.0,2.0,0.0,0.0,24.0,True,normal_rebalance
2017-09-27,2017-09-28,AL1711.SHF,AL,-52,-52,16510.0,16520.0,1.0,1.0,0.0,234.0,True,roll
2017-09-27,2017-09-28,AL1712.SHF,AL,51,51,16650.0,16640.0,1.0,1.0,0.0,229.5,True,roll
2017-09-29,2017-10-09,JD1801.DCE,JD,108,108,4211.0,4209.0,2.0,0.0,0.0,243.0,True,signal_exit
2017-09-29,2017-10-09,MA1801.ZCE,MA,-3,-3,2730.0,2732.0,2.0,0.0,0.0,9.0,True,normal_rebalance
2017-09-29,2017-10-09,RU1801.SHF,RU,1,1,13625.0,13615.0,2.0,0.0,0.0,4.5,True,normal_rebalance
2017-09-29,2017-10-09,SR1801.ZCE,SR,-75,-75,6103.0,6105.0,2.0,0.0,0.0,337.5,True,normal_rebalance
2017-09-29,2017-10-09,T1712.CFX,T,-1,-1,95.16,95.165,1.0,0.0,0.0,4.5,True,normal_rebalance
2017-10-13,2017-10-16,AL1712.SHF,AL,1,1,16655.0,16650.0,1.0,0.0,0.0,4.5,True,normal_rebalance
2017-10-13,2017-10-16,FG1801.ZCE,FG,78,78,1377.0,1375.0,2.0,0.0,0.0,351.0,True,normal_rebalance
2017-10-13,2017-10-16,MA1801.ZCE,MA,-75,-75,2651.0,2653.0,2.0,0.0,0.0,225.0,True,signal_exit
2017-10-13,2017-10-16,RB1801.SHF,RB,-2,-2,3817.0,3818.0,1.0,0.0,0.0,1.1451000000000002,True,normal_rebalance
2017-10-20,2017-10-23,AL1712.SHF,AL,5,5,16315.0,16310.0,1.0,0.0,0.0,22.5,True,normal_rebalance
2017-10-20,2017-10-23,C1801.DCE,C,11,11,1667.0,1665.0,2.0,0.0,0.0,19.799999999999997,True,normal_rebalance
2017-10-20,2017-10-23,FG1801.ZCE,FG,3,3,1397.0,1395.0,2.0,0.0,0.0,13.5,True,normal_rebalance
2017-10-20,2017-10-23,RB1801.SHF,RB,-1,-1,3776.0,3777.0,1.0,0.0,0.0,0.5664,True,normal_rebalance
2017-10-27,2017-10-30,AL1712.SHF,AL,16,16,16235.0,16230.0,1.0,0.0,0.0,72.0,True,normal_rebalance
2017-10-27,2017-10-30,C1801.DCE,C,68,68,1664.0,1662.0,2.0,0.0,0.0,122.39999999999999,True,normal_rebalance
2017-10-27,2017-10-30,FG1801.ZCE,FG,20,20,1320.0,1318.0,2.0,0.0,0.0,90.0,True,normal_rebalance
2017-10-27,2017-10-30,RB1801.SHF,RB,8,8,3582.0,3581.0,1.0,0.0,0.0,4.2984,True,normal_rebalance
2017-10-27,2017-10-30,RU1801.SHF,RU,-6,-6,13280.0,13290.0,2.0,0.0,0.0,27.0,True,normal_rebalance
2017-10-27,2017-10-30,SR1801.ZCE,SR,-7,-7,6391.0,6393.0,2.0,0.0,0.0,31.5,True,normal_rebalance
2017-10-30,2017-10-31,AL1712.SHF,AL,-73,-73,16250.0,16260.0,1.0,1.0,0.0,328.5,True,roll
2017-10-30,2017-10-31,AL1801.SHF,AL,85,85,16355.0,16345.0,1.0,1.0,0.0,382.5,True,roll
2017-11-03,2017-11-06,C1801.DCE,C,7,7,1672.0,1670.0,2.0,0.0,0.0,12.600000000000001,True,normal_rebalance
2017-11-03,2017-11-06,FG1801.ZCE,FG,3,3,1359.0,1357.0,2.0,0.0,0.0,13.5,True,normal_rebalance
2017-11-03,2017-11-06,RB1801.SHF,RB,7,7,3623.0,3622.0,1.0,0.0,0.0,3.8041500000000004,True,normal_rebalance
2017-11-03,2017-11-06,SR1801.ZCE,SR,-6,-6,6381.0,6383.0,2.0,0.0,0.0,27.0,True,normal_rebalance
2017-11-03,2017-11-06,T1712.CFX,T,3,3,92.885,92.88,1.0,0.0,0.0,13.5,True,normal_rebalance
2017-11-09,2017-11-10,RB1801.SHF,RB,-99,-99,3759.0,3761.0,1.0,1.0,0.0,55.82115,True,roll
2017-11-09,2017-11-10,RB1805.SHF,RB,116,116,3762.0,3760.0,1.0,1.0,0.0,65.4588,True,roll
2017-11-09,2017-11-10,T1712.CFX,T,34,34,92.745,92.735,1.0,1.0,0.0,153.0,True,roll
2017-11-09,2017-11-10,T1803.CFX,T,-32,-32,92.795,92.805,1.0,1.0,0.0,144.0,True,roll
2017-11-10,2017-11-13,AL1801.SHF,AL,1,1,15550.0,15545.0,1.0,0.0,0.0,4.5,True,normal_rebalance
2017-11-10,2017-11-13,C1801.DCE,C,9,9,1687.0,1685.0,2.0,0.0,0.0,16.2,True,normal_rebalance
2017-11-10,2017-11-13,FG1801.ZCE,FG,9,9,1422.0,1420.0,2.0,0.0,0.0,40.5,True,normal_rebalance
2017-11-17,2017-11-20,AL1801.SHF,AL,11,11,15370.0,15365.0,1.0,0.0,0.0,49.5,True,normal_rebalance
2017-11-17,2017-11-20,C1801.DCE,C,17,17,1684.0,1682.0,2.0,0.0,0.0,30.599999999999998,True,normal_rebalance
2017-11-17,2017-11-20,FG1801.ZCE,FG,11,11,1478.0,1476.0,2.0,0.0,0.0,49.5,True,normal_rebalance
2017-11-17,2017-11-20,RB1805.SHF,RB,1,1,3628.0,3627.0,1.0,0.0,0.0,0.5442,True,normal_rebalance
2017-11-17,2017-11-20,RU1801.SHF,RU,1,1,13325.0,13315.0,2.0,0.0,0.0,4.5,True,normal_rebalance
2017-11-24,2017-11-27,AL1801.SHF,AL,3,3,15055.0,15050.0,1.0,0.0,0.0,13.5,True,normal_rebalance
2017-11-24,2017-11-27,C1801.DCE,C,-406,-406,1700.0,1702.0,2.0,0.0,0.0,730.8000000000001,True,signal_exit
2017-11-24,2017-11-27,M1805.DCE,M,182,182,2845.0,2843.0,2.0,0.0,0.0,409.5,True,normal_rebalance
2017-11-24,2017-11-27,RB1805.SHF,RB,9,9,3816.0,3815.0,1.0,0.0,0.0,5.151600000000001,True,normal_rebalance
2017-11-24,2017-11-27,RU1801.SHF,RU,-1,-1,13840.0,13850.0,2.0,0.0,0.0,4.5,True,normal_rebalance
2017-11-24,2017-11-27,SR1801.ZCE,SR,-8,-8,6400.0,6402.0,2.0,0.0,0.0,36.0,True,normal_rebalance
2017-11-28,2017-11-29,RU1801.SHF,RU,14,14,13555.0,13540.0,2.0,1.0,0.0,63.0,True,roll
2017-11-28,2017-11-29,RU1805.SHF,RU,-14,-14,13950.0,13965.0,2.0,1.0,0.0,63.0,True,roll
2017-11-29,2017-11-30,FG1801.ZCE,FG,-124,-124,1479.0,1482.0,2.0,1.0,0.0,372.0,True,roll
2017-11-29,2017-11-30,FG1805.ZCE,FG,118,118,1469.0,1466.0,2.0,1.0,0.0,531.0,True,roll
2017-12-01,2017-12-04,AL1801.SHF,AL,-100,-100,14565.0,14575.0,1.0,1.0,0.0,450.0,True,roll
2017-12-01,2017-12-04,AL1802.SHF,AL,-138,-138,14690.0,14700.0,1.0,1.0,0.0,621.0,True,roll
2017-12-01,2017-12-04,C1801.DCE,C,496,496,1713.0,1711.0,2.0,0.0,0.0,892.8,True,normal_rebalance
2017-12-01,2017-12-04,FG1805.ZCE,FG,7,7,1466.0,1464.0,2.0,0.0,0.0,31.5,True,normal_rebalance
2017-12-01,2017-12-04,M1805.DCE,M,-182,-182,2799.0,2801.0,2.0,0.0,0.0,409.5,True,signal_exit
2017-12-01,2017-12-04,RB1805.SHF,RB,22,22,3973.0,3972.0,1.0,0.0,0.0,13.1109,True,normal_rebalance
2017-12-05,2017-12-06,C1801.DCE,C,-496,-496,1719.0,1722.0,2.0,1.0,0.0,892.8,True,roll
2017-12-05,2017-12-06,C1805.DCE,C,561,561,1783.0,1780.0,2.0,1.0,0.0,1009.8,True,roll
2017-12-08,2017-12-11,FG1805.ZCE,FG,-125,-125,1464.0,1466.0,2.0,0.0,0.0,562.5,True,signal_exit
2017-12-08,2017-12-11,MA1801.ZCE,MA,81,81,3150.0,3148.0,2.0,0.0,0.0,121.5,True,normal_rebalance
2017-12-08,2017-12-11,SR1801.ZCE,SR,-12,-12,6548.0,6550.0,2.0,0.0,0.0,54.0,True,normal_rebalance
2017-12-08,2017-12-11,T1803.CFX,T,-2,-2,92.665,92.67,1.0,0.0,0.0,9.0,True,normal_rebalance
2017-12-11,2017-12-12,MA1801.ZCE,MA,-81,-81,3147.0,3150.0,2.0,1.0,0.0,121.5,True,roll
2017-12-11,2017-12-12,MA1805.ZCE,MA,91,91,2885.0,2882.0,2.0,1.0,0.0,273.0,True,roll
2017-12-14,2017-12-15,SR1801.ZCE,SR,108,108,6254.0,6251.0,2.0,1.0,0.0,324.0,True,roll
2017-12-14,2017-12-15,SR1805.ZCE,SR,-93,-93,5964.0,5967.0,2.0,1.0,0.0,418.5,True,roll
2017-12-15,2017-12-18,AL1802.SHF,AL,257,257,14505.0,14500.0,1.0,0.0,0.0,1156.5,True,normal_rebalance
2017-12-15,2017-12-18,FG1805.ZCE,FG,95,95,1447.0,1445.0,2.0,0.0,0.0,427.5,True,normal_rebalance
2017-12-15,2017-12-18,MA1805.ZCE,MA,-91,-91,2896.0,2898.0,2.0,0.0,0.0,273.0,True,signal_exit
2017-12-15,2017-12-18,SR1805.ZCE,SR,3,3,5976.0,5974.0,2.0,0.0,0.0,13.5,True,normal_rebalance
2017-12-22,2017-12-25,AL1802.SHF,AL,7,7,14690.0,14685.0,1.0,0.0,0.0,31.5,True,normal_rebalance
2017-12-22,2017-12-25,C1805.DCE,C,-81,-81,1821.0,1823.0,2.0,0.0,0.0,145.8,True,normal_rebalance
2017-12-22,2017-12-25,FG1805.ZCE,FG,6,6,1516.0,1514.0,2.0,0.0,0.0,27.0,True,normal_rebalance
2017-12-22,2017-12-25,T1803.CFX,T,-2,-2,93.205,93.21,1.0,0.0,0.0,9.0,True,normal_rebalance
2017-12-29,2018-01-02,FG1805.ZCE,FG,18,18,1489.0,1487.0,2.0,0.0,0.0,81.0,True,normal_rebalance
2017-12-29,2018-01-02,RU1805.SHF,RU,-3,-3,14080.0,14090.0,2.0,0.0,0.0,13.5,True,normal_rebalance
2017-12-29,2018-01-02,SR1805.ZCE,SR,-13,-13,5921.0,5923.0,2.0,0.0,0.0,58.5,True,normal_rebalance
2017-12-29,2018-01-02,T1803.CFX,T,79,79,93.175,93.17,1.0,0.0,0.0,355.5,True,normal_rebalance
2018-01-02,2018-01-03,AL1802.SHF,AL,-126,-126,15050.0,15060.0,1.0,1.0,0.0,567.0,True,roll
2018-01-02,2018-01-03,AL1803.SHF,AL,136,136,15200.0,15190.0,1.0,1.0,0.0,612.0,True,roll
2018-01-05,2018-01-08,FG1805.ZCE,FG,7,7,1459.0,1457.0,2.0,0.0,0.0,31.5,True,normal_rebalance
2018-01-05,2018-01-08,RU1805.SHF,RU,-1,-1,14050.0,14060.0,2.0,0.0,0.0,4.5,True,normal_rebalance
2018-01-05,2018-01-08,SR1805.ZCE,SR,-11,-11,5862.0,5864.0,2.0,0.0,0.0,49.5,True,normal_rebalance
2018-01-05,2018-01-08,T1803.CFX,T,-81,-81,92.5,92.505,1.0,0.0,0.0,364.5,True,normal_rebalance
2018-01-12,2018-01-15,C1805.DCE,C,-1,-1,1828.0,1830.0,2.0,0.0,0.0,1.7999999999999998,True,normal_rebalance
2018-01-12,2018-01-15,RB1805.SHF,RB,14,14,3787.0,3786.0,1.0,0.0,0.0,7.9527,True,normal_rebalance
2018-01-12,2018-01-15,RU1805.SHF,RU,-2,-2,14280.0,14290.0,2.0,0.0,0.0,9.0,True,normal_rebalance
2018-01-12,2018-01-15,SR1805.ZCE,SR,-10,-10,5868.0,5870.0,2.0,0.0,0.0,45.0,True,normal_rebalance
2018-01-19,2018-01-22,RB1805.SHF,RB,11,11,3938.0,3937.0,1.0,0.0,0.0,6.4977,True,normal_rebalance
2018-01-19,2018-01-22,RU1805.SHF,RU,-2,-2,14085.0,14095.0,2.0,0.0,0.0,9.0,True,normal_rebalance
2018-01-19,2018-01-22,SR1805.ZCE,SR,-2,-2,5748.0,5750.0,2.0,0.0,0.0,9.0,True,normal_rebalance
2018-01-26,2018-01-29,RB1805.SHF,RB,9,9,3943.0,3942.0,1.0,0.0,0.0,5.32305,True,normal_rebalance
2018-02-02,2018-02-05,AL1803.SHF,AL,-257,-257,14355.0,14360.0,1.0,0.0,0.0,1156.5,True,normal_rebalance
2018-02-02,2018-02-05,RB1805.SHF,RB,16,16,3961.0,3960.0,1.0,0.0,0.0,9.5064,True,normal_rebalance
2018-02-06,2018-02-07,AL1803.SHF,AL,121,121,14185.0,14175.0,1.0,1.0,0.0,544.5,True,roll
2018-02-06,2018-02-07,AL1804.SHF,AL,-135,-135,14220.0,14230.0,1.0,1.0,0.0,607.5,True,roll
2018-02-07,2018-02-08,T1803.CFX,T,38,38,92.17,92.16,1.0,1.0,0.0,171.0,True,roll
2018-02-07,2018-02-08,T1806.CFX,T,-40,-40,92.19,92.2,1.0,1.0,0.0,180.0,True,roll
2018-02-09,2018-02-12,RB1805.SHF,RB,10,10,3891.0,3890.0,1.0,0.0,0.0,5.836500000000001,True,normal_rebalance
2018-02-14,2018-02-22,RB1805.SHF,RB,13,13,3946.0,3945.0,1.0,0.0,0.0,7.694700000000001,True,normal_rebalance
2018-02-23,2018-02-26,SR1805.ZCE,SR,-1,-1,5804.0,5806.0,2.0,0.0,0.0,4.5,True,normal_rebalance
2018-03-01,2018-03-02,AL1804.SHF,AL,135,135,14385.0,14375.0,1.0,1.0,0.0,607.5,True,roll
2018-03-01,2018-03-02,AL1805.SHF,AL,-135,-135,14440.0,14450.0,1.0,1.0,0.0,607.5,True,roll
2018-03-01,2018-03-02,T1806.CFX,T,1,1,92.695,92.69,1.0,0.0,0.0,4.5,True,margin_forced
2018-03-08,2018-03-09,T1806.CFX,T,1,1,92.905,92.9,1.0,0.0,0.0,4.5,True,margin_forced
2018-03-09,2018-03-12,C1805.DCE,C,-479,-479,1828.0,1830.0,2.0,0.0,0.0,862.1999999999999,True,signal_exit
2018-03-09,2018-03-12,FG1805.ZCE,FG,21,21,1465.0,1463.0,2.0,0.0,0.0,94.5,True,normal_rebalance
2018-03-09,2018-03-12,M1805.DCE,M,149,149,3089.0,3087.0,2.0,0.0,0.0,335.25,True,normal_rebalance
2018-03-09,2018-03-12,RB1805.SHF,RB,-11,-11,3736.0,3737.0,1.0,0.0,0.0,6.1644000000000005,True,normal_rebalance
2018-03-09,2018-03-12,SR1805.ZCE,SR,-8,-8,5625.0,5627.0,2.0,0.0,0.0,36.0,True,normal_rebalance
2018-03-15,2018-03-16,M1805.DCE,M,-149,-149,3047.0,3050.0,2.0,1.0,0.0,335.25,True,roll
2018-03-15,2018-03-16,M1809.DCE,M,160,160,3009.0,3006.0,2.0,1.0,0.0,360.0,True,roll
2018-03-16,2018-03-19,AL1805.SHF,AL,-3,-3,13995.0,14000.0,1.0,0.0,0.0,13.5,True,normal_rebalance
2018-03-16,2018-03-19,FG1805.ZCE,FG,6,6,1476.0,1474.0,2.0,0.0,0.0,27.0,True,normal_rebalance
2018-03-16,2018-03-19,SR1805.ZCE,SR,-1,-1,5688.0,5690.0,2.0,0.0,0.0,4.5,True,normal_rebalance
2018-03-23,2018-03-26,AL1805.SHF,AL,-6,-6,13780.0,13785.0,1.0,0.0,0.0,27.0,True,normal_rebalance
2018-03-23,2018-03-26,FG1805.ZCE,FG,-35,-35,1374.0,1376.0,2.0,0.0,0.0,157.5,True,normal_rebalance
2018-03-23,2018-03-26,RB1805.SHF,RB,-66,-66,3378.0,3379.0,1.0,0.0,0.0,33.4422,True,normal_rebalance
2018-03-23,2018-03-26,RU1805.SHF,RU,4,4,11215.0,11205.0,2.0,0.0,0.0,18.0,True,normal_rebalance
2018-03-23,2018-03-26,SR1805.ZCE,SR,-1,-1,5658.0,5660.0,2.0,0.0,0.0,4.5,True,normal_rebalance
2018-03-28,2018-03-29,RB1805.SHF,RB,-144,-144,3423.0,3425.0,1.0,1.0,0.0,73.93680000000002,True,roll
2018-03-28,2018-03-29,RB1810.SHF,RB,137,137,3220.0,3218.0,1.0,1.0,0.0,66.171,True,roll
2018-03-29,2018-03-30,RU1805.SHF,RU,18,18,11135.0,11120.0,2.0,1.0,0.0,81.0,True,roll
2018-03-29,2018-03-30,RU1809.SHF,RU,-20,-20,11475.0,11490.0,2.0,1.0,0.0,90.0,True,roll
2018-03-30,2018-04-02,AL1805.SHF,AL,-9,-9,13760.0,13765.0,1.0,0.0,0.0,40.5,True,normal_rebalance
2018-03-30,2018-04-02,M1809.DCE,M,-45,-45,3158.0,3160.0,2.0,0.0,0.0,101.25,True,normal_rebalance
2018-03-30,2018-04-02,SR1805.ZCE,SR,137,137,5662.0,5659.0,2.0,1.0,0.0,411.0,True,roll
2018-03-30,2018-04-02,SR1809.ZCE,SR,-156,-156,5557.0,5560.0,2.0,1.0,0.0,702.0,True,roll
2018-03-30,2018-04-02,T1806.CFX,T,-1,-1,93.53,93.535,1.0,0.0,0.0,4.5,True,normal_rebalance
2018-04-04,2018-04-09,T1806.CFX,T,-4,-4,93.695,93.7,1.0,0.0,0.0,18.0,True,normal_rebalance
2018-04-09,2018-04-10,AL1805.SHF,AL,153,153,14275.0,14265.0,1.0,1.0,0.0,688.5,True,roll
2018-04-09,2018-04-10,AL1806.SHF,AL,-159,-159,14310.0,14320.0,1.0,1.0,0.0,715.5,True,roll
2018-04-10,2018-04-11,FG1805.ZCE,FG,-118,-118,1389.0,1392.0,2.0,1.0,0.0,354.0,True,roll
2018-04-10,2018-04-11,FG1809.ZCE,FG,131,131,1345.0,1342.0,2.0,1.0,0.0,589.5,True,roll
2018-04-13,2018-04-16,FG1809.ZCE,FG,-131,-131,1365.0,1367.0,2.0,0.0,0.0,589.5,True,signal_exit
2018-04-13,2018-04-16,MA1809.ZCE,MA,127,127,2660.0,2658.0,2.0,0.0,0.0,381.0,True,normal_rebalance
2018-04-13,2018-04-16,RB1810.SHF,RB,5,5,3451.0,3450.0,1.0,0.0,0.0,2.58825,True,normal_rebalance
2018-04-13,2018-04-16,RU1809.SHF,RU,-3,-3,11505.0,11515.0,2.0,0.0,0.0,13.5,True,normal_rebalance
2018-04-13,2018-04-16,SR1809.ZCE,SR,-3,-3,5536.0,5538.0,2.0,0.0,0.0,13.5,True,normal_rebalance
2018-04-13,2018-04-16,T1806.CFX,T,4,4,93.905,93.9,1.0,0.0,0.0,18.0,True,normal_rebalance
2018-04-17,2018-04-18,T1806.CFX,T,3,3,95.075,95.07,1.0,0.0,0.0,13.5,True,margin_forced
2018-04-18,2018-04-19,AL1806.SHF,AL,2,2,15215.0,15210.0,1.0,0.0,0.0,9.0,True,margin_forced
2018-04-18,2018-04-19,M1809.DCE,M,-2,-2,3224.0,3226.0,2.0,0.0,0.0,4.5,True,margin_forced
2018-04-18,2018-04-19,MA1809.ZCE,MA,-2,-2,2726.0,2728.0,2.0,0.0,0.0,6.0,True,margin_forced
2018-04-18,2018-04-19,RB1810.SHF,RB,-2,-2,3476.0,3477.0,1.0,0.0,0.0,1.0428000000000002,True,margin_forced
2018-04-18,2018-04-19,RU1809.SHF,RU,1,1,11285.0,11275.0,2.0,0.0,0.0,4.5,True,margin_forced
2018-04-18,2018-04-19,SR1809.ZCE,SR,2,2,5437.0,5435.0,2.0,0.0,0.0,9.0,True,margin_forced
2018-04-18,2018-04-19,T1806.CFX,T,4,4,95.205,95.2,1.0,0.0,0.0,18.0,True,margin_forced
2018-04-19,2018-04-20,AL1806.SHF,AL,7,7,15285.0,15280.0,1.0,0.0,0.0,31.5,True,margin_forced
2018-04-19,2018-04-20,M1809.DCE,M,-5,-5,3207.0,3209.0,2.0,0.0,0.0,11.25,True,margin_forced
2018-04-19,2018-04-20,MA1809.ZCE,MA,-6,-6,2708.0,2710.0,2.0,0.0,0.0,18.0,True,margin_forced
2018-04-19,2018-04-20,RB1810.SHF,RB,-6,-6,3504.0,3505.0,1.0,0.0,0.0,3.1536000000000004,True,margin_forced
2018-04-19,2018-04-20,RU1809.SHF,RU,1,1,11760.0,11750.0,2.0,0.0,0.0,4.5,True,margin_forced
2018-04-19,2018-04-20,SR1809.ZCE,SR,7,7,5484.0,5482.0,2.0,0.0,0.0,31.5,True,margin_forced
2018-04-19,2018-04-20,T1806.CFX,T,1,1,95.01,95.005,1.0,0.0,0.0,4.5,True,margin_forced
2018-04-20,2018-04-23,AL1806.SHF,AL,37,37,14965.0,14960.0,1.0,0.0,0.0,166.5,True,normal_rebalance
2018-04-20,2018-04-23,MA1809.ZCE,MA,5,5,2645.0,2643.0,2.0,0.0,0.0,15.0,True,normal_rebalance
2018-04-20,2018-04-23,RB1810.SHF,RB,6,6,3456.0,3455.0,1.0,0.0,0.0,3.1104,True,normal_rebalance
2018-04-20,2018-04-23,SR1809.ZCE,SR,-5,-5,5487.0,5489.0,2.0,0.0,0.0,22.5,True,normal_rebalance
2018-04-27,2018-05-02,AL1806.SHF,AL,22,22,14460.0,14455.0,1.0,0.0,0.0,99.0,True,normal_rebalance
2018-04-27,2018-05-02,RB1810.SHF,RB,4,4,3641.0,3640.0,1.0,0.0,0.0,2.1846,True,normal_rebalance
2018-05-02,2018-05-03,AL1806.SHF,AL,91,91,14550.0,14540.0,1.0,1.0,0.0,409.5,True,roll
2018-05-02,2018-05-03,AL1807.SHF,AL,-85,-85,14590.0,14600.0,1.0,1.0,0.0,382.5,True,roll
2018-05-04,2018-05-07,RU1809.SHF,RU,1,1,11605.0,11595.0,2.0,0.0,0.0,4.5,True,normal_rebalance
2018-05-11,2018-05-14,AL1807.SHF,AL,-9,-9,14665.0,14670.0,1.0,0.0,0.0,40.5,True,normal_rebalance
2018-05-11,2018-05-14,MA1809.ZCE,MA,16,16,2798.0,2796.0,2.0,0.0,0.0,48.0,True,normal_rebalance
2018-05-11,2018-05-14,RU1809.SHF,RU,-1,-1,11640.0,11650.0,2.0,0.0,0.0,4.5,True,normal_rebalance
2018-05-17,2018-05-18,T1806.CFX,T,31,31,93.87,93.86,1.0,1.0,0.0,139.5,True,roll
2018-05-17,2018-05-18,T1809.CFX,T,-34,-34,93.89,93.9,1.0,1.0,0.0,153.0,True,roll
2018-05-18,2018-05-21,C1809.DCE,C,508,508,1776.0,1774.0,2.0,0.0,0.0,914.4000000000001,True,normal_rebalance
2018-05-18,2018-05-21,M1809.DCE,M,-108,-108,2951.0,2953.0,2.0,0.0,0.0,243.0,True,signal_exit
2018-05-18,2018-05-21,RU1809.SHF,RU,1,1,11770.0,11760.0,2.0,0.0,0.0,4.5,True,normal_rebalance
2018-05-21,2018-05-22,AL1807.SHF,AL,1,1,14810.0,14805.0,1.0,0.0,0.0,4.5,True,margin_forced
2018-05-21,2018-05-22,C1809.DCE,C,-5,-5,1777.0,1779.0,2.0,0.0,0.0,9.0,True,margin_forced
2018-05-21,2018-05-22,MA1809.ZCE,MA,-2,-2,2808.0,2810.0,2.0,0.0,0.0,6.0,True,margin_forced
2018-05-21,2018-05-22,RB1810.SHF,RB,-2,-2,3585.0,3586.0,1.0,0.0,0.0,1.0755000000000001,True,margin_forced
2018-05-21,2018-05-22,RU1809.SHF,RU,1,1,12235.0,12225.0,2.0,0.0,0.0,4.5,True,margin_forced
2018-05-21,2018-05-22,SR1809.ZCE,SR,2,2,5543.0,5541.0,2.0,0.0,0.0,9.0,True,margin_forced
2018-05-21,2018-05-22,T1809.CFX,T,1,1,94.345,94.34,1.0,0.0,0.0,4.5,True,margin_forced
2018-05-22,2018-05-23,AL1807.SHF,AL,2,2,14615.0,14610.0,1.0,0.0,0.0,9.0,True,margin_forced
2018-05-22,2018-05-23,C1809.DCE,C,-7,-7,1767.0,1769.0,2.0,0.0,0.0,12.600000000000001,True,margin_forced
2018-05-22,2018-05-23,MA1809.ZCE,MA,-2,-2,2784.0,2786.0,2.0,0.0,0.0,6.0,True,margin_forced
2018-05-22,2018-05-23,RB1810.SHF,RB,-2,-2,3574.0,3575.0,1.0,0.0,0.0,1.0722,True,margin_forced
2018-05-22,2018-05-23,RU1809.SHF,RU,1,1,12175.0,12165.0,2.0,0.0,0.0,4.5,True,margin_forced
2018-05-22,2018-05-23,SR1809.ZCE,SR,2,2,5525.0,5523.0,2.0,0.0,0.0,9.0,True,margin_forced
2018-05-22,2018-05-23,T1809.CFX,T,1,1,94.68,94.675,1.0,0.0,0.0,4.5,True,margin_forced
2018-05-25,2018-05-28,SR1809.ZCE,SR,4,4,5523.0,5521.0,2.0,0.0,0.0,18.0,True,normal_rebalance
2018-05-25,2018-05-28,T1809.CFX,T,60,60,95.055,95.05,1.0,0.0,0.0,270.0,True,normal_rebalance
2018-06-01,2018-06-04,AL1807.SHF,AL,-25,-25,14630.0,14635.0,1.0,0.0,0.0,112.5,True,normal_rebalance
2018-06-01,2018-06-04,C1809.DCE,C,-496,-496,1767.0,1769.0,2.0,0.0,0.0,892.8,True,signal_exit
2018-06-01,2018-06-04,M1809.DCE,M,114,114,3036.0,3034.0,2.0,0.0,0.0,256.5,True,normal_rebalance
2018-06-01,2018-06-04,MA1809.ZCE,MA,4,4,2793.0,2791.0,2.0,0.0,0.0,12.0,True,normal_rebalance
2018-06-01,2018-06-04,RB1810.SHF,RB,25,25,3740.0,3739.0,1.0,0.0,0.0,14.025000000000002,True,normal_rebalance
2018-06-01,2018-06-04,T1809.CFX,T,1,1,94.805,94.8,1.0,0.0,0.0,4.5,True,normal_rebalance
2018-06-07,2018-06-08,AL1807.SHF,AL,116,116,14970.0,14960.0,1.0,1.0,0.0,522.0,True,roll
2018-06-07,2018-06-08,AL1808.SHF,AL,-123,-123,15030.0,15040.0,1.0,1.0,0.0,553.5,True,roll
2018-06-08,2018-06-11,RB1810.SHF,RB,22,22,3805.0,3804.0,1.0,0.0,0.0,12.5565,True,normal_rebalance
2018-06-08,2018-06-11,RU1809.SHF,RU,-2,-2,11420.0,11430.0,2.0,0.0,0.0,9.0,True,normal_rebalance
2018-06-08,2018-06-11,SR1809.ZCE,SR,45,45,5259.0,5257.0,2.0,0.0,0.0,202.5,True,normal_rebalance
2018-06-08,2018-06-11,T1809.CFX,T,-62,-62,94.675,94.68,1.0,0.0,0.0,279.0,True,normal_rebalance
2018-06-15,2018-06-19,M1809.DCE,M,4,4,3097.0,3095.0,2.0,0.0,0.0,9.0,True,normal_rebalance
2018-06-15,2018-06-19,MA1809.ZCE,MA,4,4,2822.0,2820.0,2.0,0.0,0.0,12.0,True,normal_rebalance
2018-06-15,2018-06-19,RB1810.SHF,RB,22,22,3873.0,3872.0,1.0,0.0,0.0,12.780899999999999,True,normal_rebalance
2018-06-15,2018-06-19,T1809.CFX,T,64,64,95.205,95.2,1.0,0.0,0.0,288.0,True,normal_rebalance
2018-06-22,2018-06-25,AL1808.SHF,AL,-2,-2,14195.0,14200.0,1.0,0.0,0.0,9.0,True,normal_rebalance
2018-06-22,2018-06-25,MA1809.ZCE,MA,6,6,2746.0,2744.0,2.0,0.0,0.0,18.0,True,normal_rebalance
2018-06-22,2018-06-25,T1809.CFX,T,1,1,95.505,95.5,1.0,0.0,0.0,4.5,True,normal_rebalance
2018-06-29,2018-07-02,AL1808.SHF,AL,-9,-9,14140.0,14145.0,1.0,0.0,0.0,40.5,True,normal_rebalance
2018-06-29,2018-07-02,SR1809.ZCE,SR,-4,-4,5109.0,5111.0,2.0,0.0,0.0,18.0,True,normal_rebalance
2018-06-29,2018-07-02,T1809.CFX,T,-67,-67,95.955,95.96,1.0,0.0,0.0,301.5,True,normal_rebalance
2018-07-02,2018-07-03,M1809.DCE,M,-118,-118,3172.0,3175.0,2.0,1.0,0.0,265.5,True,roll
2018-07-02,2018-07-03,M1901.DCE,M,117,117,3249.0,3246.0,2.0,1.0,0.0,263.25,True,roll
2018-07-03,2018-07-04,AL1808.SHF,AL,134,134,14080.0,14070.0,1.0,1.0,0.0,603.0,True,roll
2018-07-03,2018-07-04,AL1809.SHF,AL,-153,-153,14120.0,14130.0,1.0,1.0,0.0,688.5,True,roll
2018-07-06,2018-07-09,MA1809.ZCE,MA,13,13,2906.0,2904.0,2.0,0.0,0.0,39.0,True,normal_rebalance
2018-07-06,2018-07-09,RU1809.SHF,RU,-4,-4,10290.0,10300.0,2.0,0.0,0.0,18.0,True,normal_rebalance
2018-07-06,2018-07-09,SR1809.ZCE,SR,-11,-11,4948.0,4950.0,2.0,0.0,0.0,49.5,True,normal_rebalance
2018-07-06,2018-07-09,T1809.CFX,T,-2,-2,95.575,95.58,1.0,0.0,0.0,9.0,True,normal_rebalance
2018-07-13,2018-07-16,AL1809.SHF,AL,-8,-8,14070.0,14075.0,1.0,0.0,0.0,36.0,True,normal_rebalance
2018-07-13,2018-07-16,M1901.DCE,M,13,13,3089.0,3087.0,2.0,0.0,0.0,29.25,True,normal_rebalance
2018-07-13,2018-07-16,MA1809.ZCE,MA,8,8,2874.0,2872.0,2.0,0.0,0.0,24.0,True,normal_rebalance
2018-07-13,2018-07-16,RU1809.SHF,RU,-2,-2,10360.0,10370.0,2.0,0.0,0.0,9.0,True,normal_rebalance
2018-07-13,2018-07-16,T1809.CFX,T,80,80,96.205,96.2,1.0,0.0,0.0,360.0,True,normal_rebalance
2018-07-20,2018-07-23,AL1809.SHF,AL,3,3,14075.0,14070.0,1.0,0.0,0.0,13.5,True,margin_forced
2018-07-20,2018-07-23,C1901.DCE,C,602,602,1860.0,1858.0,2.0,0.0,0.0,1083.6,True,normal_rebalance
2018-07-20,2018-07-23,M1901.DCE,M,-130,-130,3156.0,3158.0,2.0,0.0,0.0,292.5,True,signal_exit
2018-07-20,2018-07-23,MA1809.ZCE,MA,-3,-3,2921.0,2923.0,2.0,0.0,0.0,9.0,True,margin_forced
2018-07-20,2018-07-23,RB1810.SHF,RB,-4,-4,3989.0,3990.0,1.0,0.0,0.0,2.3934,True,margin_forced
2018-07-20,2018-07-23,RU1809.SHF,RU,3,3,10295.0,10285.0,2.0,0.0,0.0,13.5,True,margin_forced
2018-07-20,2018-07-23,SR1809.ZCE,SR,18,18,4871.0,4869.0,2.0,0.0,0.0,81.0,True,margin_forced
2018-07-20,2018-07-23,T1809.CFX,T,-5,-5,95.695,95.7,1.0,0.0,0.0,22.5,True,normal_rebalance
2018-07-23,2018-07-24,AL1809.SHF,AL,1,1,14295.0,14290.0,1.0,0.0,0.0,4.5,True,margin_forced
2018-07-23,2018-07-24,C1901.DCE,C,-3,-3,1833.0,1835.0,2.0,0.0,0.0,5.3999999999999995,True,margin_forced
2018-07-23,2018-07-24,MA1809.ZCE,MA,-1,-1,2927.0,2929.0,2.0,0.0,0.0,3.0,True,margin_forced
2018-07-23,2018-07-24,RB1810.SHF,RB,-1,-1,4023.0,4024.0,1.0,0.0,0.0,0.60345,True,margin_forced
2018-07-23,2018-07-24,RU1809.SHF,RU,1,1,10205.0,10195.0,2.0,0.0,0.0,4.5,True,margin_forced
2018-07-23,2018-07-24,SR1809.ZCE,SR,1,1,4835.0,4833.0,2.0,0.0,0.0,4.5,True,margin_forced
2018-07-24,2018-07-25,AL1809.SHF,AL,3,3,14390.0,14385.0,1.0,0.0,0.0,13.5,True,margin_forced
2018-07-24,2018-07-25,C1901.DCE,C,-8,-8,1840.0,1842.0,2.0,0.0,0.0,14.399999999999999,True,margin_forced
2018-07-24,2018-07-25,MA1809.ZCE,MA,-3,-3,2962.0,2964.0,2.0,0.0,0.0,9.0,True,margin_forced
2018-07-24,2018-07-25,RB1810.SHF,RB,-3,-3,3980.0,3981.0,1.0,0.0,0.0,1.791,True,margin_forced
2018-07-24,2018-07-25,RU1809.SHF,RU,1,1,10145.0,10135.0,2.0,0.0,0.0,4.5,True,margin_forced
2018-07-24,2018-07-25,SR1809.ZCE,SR,2,2,4852.0,4850.0,2.0,0.0,0.0,9.0,True,margin_forced
2018-07-25,2018-07-26,AL1809.SHF,AL,2,2,14375.0,14370.0,1.0,0.0,0.0,9.0,True,margin_forced
2018-07-25,2018-07-26,C1901.DCE,C,-6,-6,1834.0,1836.0,2.0,0.0,0.0,10.799999999999999,True,margin_forced
2018-07-25,2018-07-26,MA1809.ZCE,MA,-2,-2,2921.0,2923.0,2.0,0.0,0.0,6.0,True,margin_forced
2018-07-25,2018-07-26,RB1810.SHF,RB,-2,-2,4015.0,4016.0,1.0,0.0,0.0,1.2045000000000001,True,margin_forced
2018-07-25,2018-07-26,RU1809.SHF,RU,1,1,10330.0,10320.0,2.0,0.0,0.0,4.5,True,margin_forced
2018-07-25,2018-07-26,SR1809.ZCE,SR,1,1,4882.0,4880.0,2.0,0.0,0.0,4.5,True,margin_forced
2018-07-27,2018-07-30,AL1809.SHF,AL,-9,-9,14385.0,14390.0,1.0,0.0,0.0,40.5,True,normal_rebalance
2018-07-27,2018-07-30,C1901.DCE,C,-585,-585,1829.0,1831.0,2.0,0.0,0.0,1053.0,True,signal_exit
2018-07-27,2018-07-30,M1901.DCE,M,147,147,3191.0,3189.0,2.0,0.0,0.0,330.75,True,normal_rebalance
2018-07-27,2018-07-30,MA1809.ZCE,MA,6,6,2931.0,2929.0,2.0,0.0,0.0,18.0,True,normal_rebalance
2018-07-27,2018-07-30,RB1810.SHF,RB,7,7,4133.0,4132.0,1.0,0.0,0.0,4.339650000000001,True,normal_rebalance
2018-07-27,2018-07-30,RU1809.SHF,RU,-5,-5,10275.0,10285.0,2.0,0.0,0.0,22.5,True,normal_rebalance
2018-07-27,2018-07-30,SR1809.ZCE,SR,-10,-10,4899.0,4901.0,2.0,0.0,0.0,30.0,True,normal_rebalance
2018-07-30,2018-07-31,SR1809.ZCE,SR,105,105,4993.0,4990.0,2.0,1.0,0.0,315.0,True,roll
2018-07-30,2018-07-31,SR1901.ZCE,SR,-114,-114,5162.0,5165.0,2.0,1.0,0.0,513.0,True,roll
2018-08-03,2018-08-06,AL1809.SHF,AL,-18,-18,14395.0,14400.0,1.0,0.0,0.0,81.0,True,normal_rebalance
2018-08-03,2018-08-06,M1901.DCE,M,8,8,3167.0,3165.0,2.0,0.0,0.0,18.0,True,normal_rebalance
2018-08-03,2018-08-06,MA1809.ZCE,MA,-8,-8,3164.0,3166.0,2.0,0.0,0.0,24.0,True,normal_rebalance
2018-08-03,2018-08-06,RB1810.SHF,RB,30,30,4191.0,4190.0,1.0,0.0,0.0,18.8595,True,normal_rebalance
2018-08-03,2018-08-06,RU1809.SHF,RU,-2,-2,10170.0,10180.0,2.0,0.0,0.0,9.0,True,normal_rebalance
2018-08-08,2018-08-09,AL1809.SHF,AL,179,179,14445.0,14435.0,1.0,1.0,0.0,805.5,True,roll
2018-08-08,2018-08-09,AL1810.SHF,AL,-192,-192,14510.0,14520.0,1.0,1.0,0.0,864.0,True,roll
2018-08-08,2018-08-09,RU1809.SHF,RU,27,27,10445.0,10430.0,2.0,1.0,0.0,121.5,True,roll
2018-08-08,2018-08-09,RU1901.SHF,RU,-31,-31,12465.0,12480.0,2.0,1.0,0.0,139.5,True,roll
2018-08-09,2018-08-10,AL1810.SHF,AL,2,2,14840.0,14835.0,1.0,0.0,0.0,9.0,True,margin_forced
2018-08-09,2018-08-10,M1901.DCE,M,-2,-2,3278.0,3280.0,2.0,0.0,0.0,4.5,True,margin_forced
2018-08-09,2018-08-10,MA1809.ZCE,MA,-160,-160,3150.0,3153.0,2.0,1.0,0.0,240.0,True,roll
2018-08-09,2018-08-10,MA1901.ZCE,MA,115,115,3294.0,3291.0,2.0,1.0,0.0,345.0,True,roll
2018-08-09,2018-08-10,RB1810.SHF,RB,-2,-2,4226.0,4227.0,1.0,0.0,0.0,1.2678,True,margin_forced
2018-08-09,2018-08-10,RU1901.SHF,RU,1,1,12610.0,12600.0,2.0,0.0,0.0,4.5,True,margin_forced
2018-08-09,2018-08-10,SR1901.ZCE,SR,1,1,5154.0,5152.0,2.0,0.0,0.0,4.5,True,margin_forced
2018-08-10,2018-08-13,AL1810.SHF,AL,18,18,14625.0,14620.0,1.0,0.0,0.0,81.0,True,normal_rebalance
2018-08-10,2018-08-13,RB1810.SHF,RB,7,7,4203.0,4202.0,1.0,0.0,0.0,4.41315,True,normal_rebalance
2018-08-14,2018-08-15,T1809.CFX,T,-38,-38,95.42,95.43,1.0,1.0,0.0,171.0,True,roll
2018-08-14,2018-08-15,T1812.CFX,T,41,41,95.345,95.335,1.0,1.0,0.0,184.5,True,roll
2018-08-17,2018-08-20,M1901.DCE,M,-1,-1,3225.0,3227.0,2.0,0.0,0.0,2.25,True,normal_rebalance
2018-08-17,2018-08-20,RB1810.SHF,RB,-241,-241,4483.0,4485.0,1.0,1.0,0.0,162.06045,True,roll
2018-08-17,2018-08-20,RB1901.SHF,RB,198,198,4284.0,4282.0,1.0,1.0,0.0,127.23480000000002,True,roll
2018-08-24,2018-08-27,M1901.DCE,M,-13,-13,3120.0,3122.0,2.0,0.0,0.0,29.25,True,normal_rebalance
2018-08-24,2018-08-27,MA1901.ZCE,MA,-8,-8,3306.0,3308.0,2.0,0.0,0.0,24.0,True,normal_rebalance
2018-08-24,2018-08-27,RU1901.SHF,RU,8,8,12485.0,12475.0,2.0,0.0,0.0,36.0,True,normal_rebalance
2018-08-24,2018-08-27,SR1901.ZCE,SR,9,9,5097.0,5095.0,2.0,0.0,0.0,40.5,True,normal_rebalance
2018-08-24,2018-08-27,T1812.CFX,T,-81,-81,94.565,94.57,1.0,0.0,0.0,364.5,True,normal_rebalance
2018-08-31,2018-09-03,AL1810.SHF,AL,15,15,14900.0,14895.0,1.0,0.0,0.0,67.5,True,normal_rebalance
2018-08-31,2018-09-03,M1901.DCE,M,-18,-18,3101.0,3103.0,2.0,0.0,0.0,40.5,True,normal_rebalance
2018-08-31,2018-09-03,MA1901.ZCE,MA,-3,-3,3259.0,3261.0,2.0,0.0,0.0,9.0,True,normal_rebalance
2018-08-31,2018-09-03,RB1901.SHF,RB,-38,-38,4079.0,4080.0,1.0,0.0,0.0,23.250300000000003,True,normal_rebalance
2018-08-31,2018-09-03,RU1901.SHF,RU,2,2,12360.0,12350.0,2.0,0.0,0.0,9.0,True,normal_rebalance
2018-08-31,2018-09-03,SR1901.ZCE,SR,5,5,5010.0,5008.0,2.0,0.0,0.0,22.5,True,normal_rebalance
2018-08-31,2018-09-03,T1812.CFX,T,78,78,95.075,95.07,1.0,0.0,0.0,351.0,True,normal_rebalance
2018-09-04,2018-09-05,AL1810.SHF,AL,157,157,14730.0,14720.0,1.0,1.0,0.0,706.5,True,roll
2018-09-04,2018-09-05,AL1811.SHF,AL,-147,-147,14765.0,14775.0,1.0,1.0,0.0,661.5,True,roll
2018-09-07,2018-09-10,C1901.DCE,C,414,414,1918.0,1916.0,2.0,0.0,0.0,745.1999999999999,True,normal_rebalance
2018-09-07,2018-09-10,M1901.DCE,M,-121,-121,3130.0,3132.0,2.0,0.0,0.0,272.25,True,signal_exit
2018-09-07,2018-09-10,T1812.CFX,T,-84,-84,94.62,94.625,1.0,0.0,0.0,378.0,True,normal_rebalance
2018-09-14,2018-09-17,C1901.DCE,C,-414,-414,1881.0,1883.0,2.0,0.0,0.0,745.1999999999999,True,signal_exit
2018-09-14,2018-09-17,M1901.DCE,M,102,102,3122.0,3120.0,2.0,0.0,0.0,229.5,True,normal_rebalance
2018-09-14,2018-09-17,MA1901.ZCE,MA,-1,-1,3261.0,3263.0,2.0,0.0,0.0,3.0,True,normal_rebalance
2018-09-14,2018-09-17,RB1901.SHF,RB,-25,-25,4095.0,4096.0,1.0,0.0,0.0,15.356250000000001,True,normal_rebalance
2018-09-21,2018-09-25,AL1811.SHF,AL,-3,-3,14665.0,14670.0,1.0,0.0,0.0,13.5,True,normal_rebalance
2018-09-21,2018-09-25,M1901.DCE,M,13,13,3212.0,3210.0,2.0,0.0,0.0,29.25,True,normal_rebalance
2018-09-21,2018-09-25,P1901.DCE,P,-110,-110,4690.0,4694.0,2.0,0.0,0.0,412.5,True,normal_rebalance
2018-09-21,2018-09-25,SR1901.ZCE,SR,99,99,4904.0,4902.0,2.0,0.0,0.0,445.5,True,signal_exit
2018-09-28,2018-10-08,AL1811.SHF,AL,-8,-8,14365.0,14370.0,1.0,0.0,0.0,36.0,True,normal_rebalance
2018-09-28,2018-10-08,M1901.DCE,M,1,1,3422.0,3420.0,2.0,0.0,0.0,2.25,True,normal_rebalance
2018-09-28,2018-10-08,P1901.DCE,P,-6,-6,4746.0,4750.0,2.0,0.0,0.0,22.5,True,normal_rebalance
2018-09-28,2018-10-08,RU1901.SHF,RU,-1,-1,12470.0,12480.0,2.0,0.0,0.0,4.5,True,normal_rebalance
2018-10-11,2018-10-12,AL1811.SHF,AL,158,158,14220.0,14210.0,1.0,1.0,0.0,711.0,True,roll
2018-10-11,2018-10-12,AL1812.SHF,AL,-181,-181,14240.0,14250.0,1.0,1.0,0.0,814.5,True,roll
2018-10-12,2018-10-15,M1901.DCE,M,9,9,3446.0,3444.0,2.0,0.0,0.0,20.25,True,normal_rebalance
2018-10-12,2018-10-15,RB1901.SHF,RB,31,31,4109.0,4108.0,1.0,0.0,0.0,19.10685,True,normal_rebalance
2018-10-12,2018-10-15,T1812.CFX,T,-6,-6,95.095,95.1,1.0,0.0,0.0,27.0,True,normal_rebalance
2018-10-19,2018-10-22,M1901.DCE,M,12,12,3441.0,3439.0,2.0,0.0,0.0,27.0,True,normal_rebalance
2018-10-19,2018-10-22,RU1901.SHF,RU,-3,-3,12035.0,12045.0,2.0,0.0,0.0,13.5,True,normal_rebalance
2018-10-19,2018-10-22,T1812.CFX,T,102,102,95.185,95.18,1.0,0.0,0.0,459.0,True,normal_rebalance
2018-10-26,2018-10-29,AL1812.SHF,AL,-6,-6,14150.0,14155.0,1.0,0.0,0.0,27.0,True,normal_rebalance
2018-10-26,2018-10-29,M1901.DCE,M,1,1,3399.0,3397.0,2.0,0.0,0.0,2.25,True,normal_rebalance
2018-10-26,2018-10-29,P1901.DCE,P,-1,-1,4636.0,4640.0,2.0,0.0,0.0,3.75,True,normal_rebalance
2018-10-26,2018-10-29,RB1901.SHF,RB,5,5,4231.0,4230.0,1.0,0.0,0.0,3.17325,True,normal_rebalance
2018-10-26,2018-10-29,RU1901.SHF,RU,-1,-1,11795.0,11805.0,2.0,0.0,0.0,4.5,True,normal_rebalance
2018-10-26,2018-10-29,T1812.CFX,T,1,1,95.61,95.605,1.0,0.0,0.0,4.5,True,normal_rebalance
2018-11-02,2018-11-05,AL1812.SHF,AL,187,187,13955.0,13945.0,1.0,1.0,0.0,841.5,True,roll
2018-11-02,2018-11-05,AL1901.SHF,AL,-194,-194,13935.0,13945.0,1.0,1.0,0.0,873.0,True,roll
2018-11-02,2018-11-05,C1901.DCE,C,449,449,1882.0,1880.0,2.0,0.0,0.0,808.1999999999999,True,normal_rebalance
2018-11-02,2018-11-05,M1901.DCE,M,-138,-138,3067.0,3069.0,2.0,0.0,0.0,310.5,True,signal_exit
2018-11-02,2018-11-05,MA1901.ZCE,MA,-12,-12,2943.0,2945.0,2.0,0.0,0.0,36.0,True,normal_rebalance
2018-11-09,2018-11-12,C1901.DCE,C,23,23,1923.0,1921.0,2.0,0.0,0.0,41.4,True,normal_rebalance
2018-11-09,2018-11-12,P1901.DCE,P,-3,-3,4386.0,4390.0,2.0,0.0,0.0,11.25,True,normal_rebalance
2018-11-09,2018-11-12,RU1901.SHF,RU,-1,-1,11285.0,11295.0,2.0,0.0,0.0,4.5,True,normal_rebalance
2018-11-09,2018-11-12,T1812.CFX,T,-7,-7,96.055,96.06,1.0,0.0,0.0,31.5,True,normal_rebalance
2018-11-14,2018-11-15,C1901.DCE,C,-472,-472,1895.0,1898.0,2.0,1.0,0.0,849.5999999999999,True,roll
2018-11-14,2018-11-15,C1905.DCE,C,548,548,1993.0,1990.0,2.0,1.0,0.0,986.4000000000001,True,roll
2018-11-14,2018-11-15,T1812.CFX,T,-44,-44,96.44,96.45,1.0,1.0,0.0,198.0,True,roll
2018-11-14,2018-11-15,T1903.CFX,T,40,40,96.455,96.445,1.0,1.0,0.0,180.0,True,roll
2018-11-16,2018-11-19,P1901.DCE,P,-4,-4,4232.0,4236.0,2.0,0.0,0.0,15.0,True,normal_rebalance
2018-11-16,2018-11-19,RB1901.SHF,RB,3,3,3871.0,3870.0,1.0,0.0,0.0,1.7419500000000003,True,normal_rebalance
2018-11-16,2018-11-19,RU1901.SHF,RU,-4,-4,11220.0,11230.0,2.0,0.0,0.0,18.0,True,normal_rebalance
2018-11-23,2018-11-26,C1905.DCE,C,-102,-102,1955.0,1957.0,2.0,0.0,0.0,183.6,True,normal_rebalance
2018-11-23,2018-11-26,MA1901.ZCE,MA,-91,-91,2446.0,2448.0,2.0,0.0,0.0,273.0,True,signal_exit
2018-11-23,2018-11-26,RU1901.SHF,RU,-22,-22,10695.0,10705.0,2.0,0.0,0.0,99.0,True,normal_rebalance
2018-11-23,2018-11-26,T1903.CFX,T,2,2,96.755,96.75,1.0,0.0,0.0,9.0,True,normal_rebalance
2018-11-28,2018-11-29,RB1901.SHF,RB,-174,-174,3647.0,3649.0,1.0,1.0,0.0,95.18670000000002,True,roll
2018-11-28,2018-11-29,RB1905.SHF,RB,145,145,3295.0,3293.0,1.0,1.0,0.0,71.66625,True,roll
2018-11-30,2018-12-03,AL1901.SHF,AL,11,11,13590.0,13585.0,1.0,0.0,0.0,49.5,True,normal_rebalance
2018-11-30,2018-12-03,C1905.DCE,C,-16,-16,1928.0,1930.0,2.0,0.0,0.0,28.799999999999997,True,normal_rebalance
2018-11-30,2018-12-03,P1901.DCE,P,17,17,4244.0,4240.0,2.0,0.0,0.0,63.75,True,normal_rebalance
2018-11-30,2018-12-03,RU1901.SHF,RU,52,52,10915.0,10900.0,2.0,1.0,0.0,234.0,True,roll
2018-11-30,2018-12-03,RU1905.SHF,RU,-54,-54,11175.0,11190.0,2.0,1.0,0.0,243.0,True,roll
2018-12-03,2018-12-04,P1901.DCE,P,107,107,4216.0,4210.0,2.0,1.0,0.0,401.25,True,roll
2018-12-03,2018-12-04,P1905.DCE,P,-95,-95,4494.0,4500.0,2.0,1.0,0.0,356.25,True,roll
2018-12-07,2018-12-10,AL1901.SHF,AL,183,183,13670.0,13660.0,1.0,1.0,0.0,823.5,True,roll
2018-12-07,2018-12-10,AL1902.SHF,AL,-163,-163,13680.0,13690.0,1.0,1.0,0.0,733.5,True,roll
2018-12-07,2018-12-10,C1905.DCE,C,-430,-430,1858.0,1860.0,2.0,0.0,0.0,774.0,True,signal_exit
2018-12-07,2018-12-10,M1905.DCE,M,90,90,2707.0,2705.0,2.0,0.0,0.0,202.5,True,normal_rebalance
2018-12-07,2018-12-10,P1905.DCE,P,95,95,4496.0,4492.0,2.0,0.0,0.0,356.25,True,signal_exit
2018-12-07,2018-12-10,SR1905.ZCE,SR,-103,-103,4956.0,4958.0,2.0,0.0,0.0,463.5,True,normal_rebalance
2018-12-14,2018-12-17,M1905.DCE,M,11,11,2667.0,2665.0,2.0,0.0,0.0,24.75,True,normal_rebalance
2018-12-14,2018-12-17,P1905.DCE,P,-106,-106,4506.0,4510.0,2.0,0.0,0.0,397.5,True,normal_rebalance
2018-12-14,2018-12-17,SR1905.ZCE,SR,103,103,4973.0,4971.0,2.0,0.0,0.0,463.5,True,signal_exit
2018-12-14,2018-12-17,T1903.CFX,T,-3,-3,96.575,96.58,1.0,0.0,0.0,13.5,True,normal_rebalance
2018-12-21,2018-12-24,AL1902.SHF,AL,-9,-9,13725.0,13730.0,1.0,0.0,0.0,40.5,True,normal_rebalance
2018-12-21,2018-12-24,JD1905.DCE,JD,192,192,3469.0,3467.0,2.0,0.0,0.0,432.0,True,normal_rebalance
2018-12-21,2018-12-24,M1905.DCE,M,-101,-101,2645.0,2647.0,2.0,0.0,0.0,227.25,True,signal_exit
2018-12-21,2018-12-24,P1905.DCE,P,106,106,4594.0,4590.0,2.0,0.0,0.0,397.5,True,signal_exit
2018-12-21,2018-12-24,RU1905.SHF,RU,-1,-1,11315.0,11325.0,2.0,0.0,0.0,4.5,True,normal_rebalance
2018-12-21,2018-12-24,SR1905.ZCE,SR,-101,-101,4884.0,4886.0,2.0,0.0,0.0,454.5,True,normal_rebalance
2018-12-28,2019-01-02,AL1902.SHF,AL,-7,-7,13550.0,13555.0,1.0,0.0,0.0,31.5,True,normal_rebalance
2018-12-28,2019-01-02,JD1905.DCE,JD,-192,-192,3458.0,3460.0,2.0,0.0,0.0,432.0,True,signal_exit
2018-12-28,2019-01-02,M1905.DCE,M,135,135,2627.0,2625.0,2.0,0.0,0.0,303.75,True,normal_rebalance
2018-12-28,2019-01-02,RB1905.SHF,RB,7,7,3399.0,3398.0,1.0,0.0,0.0,3.56895,True,normal_rebalance
2019-01-04,2019-01-07,AL1902.SHF,AL,179,179,13440.0,13430.0,1.0,1.0,0.0,805.5,True,roll
2019-01-04,2019-01-07,AL1903.SHF,AL,-201,-201,13450.0,13460.0,1.0,1.0,0.0,904.5,True,roll
2019-01-04,2019-01-07,M1905.DCE,M,4,4,2697.0,2695.0,2.0,0.0,0.0,9.0,True,normal_rebalance
2019-01-04,2019-01-07,RB1905.SHF,RB,6,6,3491.0,3490.0,1.0,0.0,0.0,3.1419000000000006,True,normal_rebalance
2019-01-11,2019-01-14,AP1905.ZCE,AP,24,24,10592.0,10590.0,2.0,0.0,0.0,720.0,True,normal_rebalance
2019-01-11,2019-01-14,M1905.DCE,M,-139,-139,2627.0,2629.0,2.0,0.0,0.0,312.75,True,signal_exit
2019-01-11,2019-01-14,RB1905.SHF,RB,30,30,3536.0,3535.0,1.0,0.0,0.0,15.912,True,normal_rebalance
2019-01-11,2019-01-14,SR1905.ZCE,SR,-10,-10,4766.0,4768.0,2.0,0.0,0.0,45.0,True,normal_rebalance
2019-01-11,2019-01-14,T1903.CFX,T,-1,-1,98.135,98.14,1.0,0.0,0.0,4.5,True,normal_rebalance
2019-01-18,2019-01-21,AL1903.SHF,AL,-10,-10,13475.0,13480.0,1.0,0.0,0.0,45.0,True,normal_rebalance
2019-01-18,2019-01-21,AP1905.ZCE,AP,3,3,10602.0,10600.0,2.0,0.0,0.0,90.0,True,normal_rebalance
2019-01-18,2019-01-21,P1905.DCE,P,-99,-99,4684.0,4688.0,2.0,0.0,0.0,371.25,True,normal_rebalance
2019-01-18,2019-01-21,RB1905.SHF,RB,3,3,3637.0,3636.0,1.0,0.0,0.0,1.63665,True,normal_rebalance
2019-01-18,2019-01-21,RU1905.SHF,RU,-8,-8,11665.0,11675.0,2.0,0.0,0.0,36.0,True,normal_rebalance
2019-01-18,2019-01-21,SR1905.ZCE,SR,111,111,4963.0,4961.0,2.0,0.0,0.0,499.5,True,signal_exit
2019-01-25,2019-01-28,P1905.DCE,P,99,99,4774.0,4770.0,2.0,0.0,0.0,371.25,True,signal_exit
2019-01-25,2019-01-28,RB1905.SHF,RB,6,6,3713.0,3712.0,1.0,0.0,0.0,3.3417000000000003,True,normal_rebalance
2019-01-25,2019-01-28,SR1905.ZCE,SR,-73,-73,5012.0,5014.0,2.0,0.0,0.0,328.5,True,normal_rebalance
2019-02-01,2019-02-11,AP1905.ZCE,AP,3,3,10902.0,10900.0,2.0,0.0,0.0,90.0,True,normal_rebalance
2019-02-01,2019-02-11,FG1905.ZCE,FG,195,195,1392.0,1390.0,2.0,0.0,0.0,877.5,True,normal_rebalance
2019-02-01,2019-02-11,RB1905.SHF,RB,14,14,3851.0,3850.0,1.0,0.0,0.0,8.087100000000001,True,normal_rebalance
2019-02-01,2019-02-11,RU1905.SHF,RU,27,27,11410.0,11400.0,2.0,0.0,0.0,121.5,True,normal_rebalance
2019-02-01,2019-02-11,SR1905.ZCE,SR,-13,-13,5070.0,5072.0,2.0,0.0,0.0,58.5,True,normal_rebalance
2019-02-15,2019-02-18,AP1905.ZCE,AP,-1,-1,11284.0,11286.0,2.0,0.0,0.0,30.0,True,normal_rebalance
2019-02-15,2019-02-18,FG1905.ZCE,FG,-195,-195,1327.0,1329.0,2.0,0.0,0.0,877.5,True,signal_exit
2019-02-15,2019-02-18,RB1905.SHF,RB,-23,-23,3614.0,3615.0,1.0,0.0,0.0,12.468300000000001,True,normal_rebalance
2019-02-15,2019-02-18,RU1905.SHF,RU,-15,-15,11660.0,11670.0,2.0,0.0,0.0,67.5,True,normal_rebalance
2019-02-15,2019-02-18,SR1905.ZCE,SR,11,11,4996.0,4994.0,2.0,0.0,0.0,49.5,True,normal_rebalance
2019-02-18,2019-02-19,T1903.CFX,T,-38,-38,97.75,97.76,1.0,1.0,0.0,171.0,True,roll
2019-02-18,2019-02-19,T1906.CFX,T,33,33,97.22,97.21,1.0,1.0,0.0,148.5,True,roll
2019-02-19,2019-02-20,AL1903.SHF,AL,211,211,13470.0,13460.0,1.0,1.0,0.0,949.5,True,roll
2019-02-19,2019-02-20,AL1905.SHF,AL,-205,-205,13460.0,13470.0,1.0,1.0,0.0,922.5,True,roll
2019-02-22,2019-02-25,P1905.DCE,P,-88,-88,4708.0,4712.0,2.0,0.0,0.0,330.0,True,normal_rebalance
2019-02-22,2019-02-25,RU1905.SHF,RU,5,5,12635.0,12625.0,2.0,0.0,0.0,22.5,True,normal_rebalance
2019-02-22,2019-02-25,SR1905.ZCE,SR,75,75,5214.0,5212.0,2.0,0.0,0.0,337.5,True,signal_exit
2019-03-01,2019-03-04,AP1905.ZCE,AP,-1,-1,11098.0,11100.0,2.0,0.0,0.0,30.0,True,normal_rebalance
2019-03-01,2019-03-04,RB1905.SHF,RB,-4,-4,3814.0,3815.0,1.0,0.0,0.0,2.2884,True,normal_rebalance
2019-03-08,2019-03-11,RB1905.SHF,RB,-5,-5,3709.0,3710.0,1.0,0.0,0.0,2.78175,True,normal_rebalance
2019-03-15,2019-03-18,AP1905.ZCE,AP,3,3,11248.0,11246.0,2.0,0.0,0.0,90.0,True,normal_rebalance
2019-03-15,2019-03-18,P1905.DCE,P,-2,-2,4450.0,4454.0,2.0,0.0,0.0,7.5,True,normal_rebalance
2019-03-22,2019-03-25,AP1905.ZCE,AP,2,2,11250.0,11248.0,2.0,0.0,0.0,60.0,True,normal_rebalance
2019-03-22,2019-03-25,P1905.DCE,P,-4,-4,4452.0,4456.0,2.0,0.0,0.0,15.0,True,normal_rebalance
2019-03-22,2019-03-25,RU1905.SHF,RU,46,46,11860.0,11845.0,2.0,1.0,0.0,207.0,True,roll
2019-03-22,2019-03-25,RU1909.SHF,RU,-53,-53,12100.0,12115.0,2.0,1.0,0.0,238.5,True,roll
2019-03-22,2019-03-25,T1906.CFX,T,2,2,98.005,98.0,1.0,0.0,0.0,9.0,True,normal_rebalance
2019-03-29,2019-04-01,AP1905.ZCE,AP,1,1,11636.0,11634.0,2.0,0.0,0.0,30.0,True,normal_rebalance
2019-03-29,2019-04-01,P1905.DCE,P,-9,-9,4330.0,4334.0,2.0,0.0,0.0,33.75,True,normal_rebalance
2019-03-29,2019-04-01,T1906.CFX,T,4,4,97.705,97.7,1.0,0.0,0.0,18.0,True,normal_rebalance
2019-04-01,2019-04-02,RB1905.SHF,RB,-179,-179,3803.0,3805.0,1.0,1.0,0.0,102.11054999999999,True,roll
2019-04-01,2019-04-02,RB1910.SHF,RB,194,194,3494.0,3492.0,1.0,1.0,0.0,101.67540000000001,True,roll
2019-04-04,2019-04-08,AP1905.ZCE,AP,1,1,11658.0,11656.0,2.0,0.0,0.0,30.0,True,normal_rebalance
2019-04-04,2019-04-08,FG1905.ZCE,FG,181,181,1291.0,1289.0,2.0,0.0,0.0,814.5,True,normal_rebalance
2019-04-04,2019-04-08,RU1909.SHF,RU,24,24,11870.0,11860.0,2.0,0.0,0.0,108.0,True,normal_rebalance
2019-04-04,2019-04-08,T1906.CFX,T,-1,-1,96.435,96.44,1.0,0.0,0.0,4.5,True,normal_rebalance
2019-04-10,2019-04-11,P1905.DCE,P,103,103,4462.0,4456.0,2.0,1.0,0.0,386.25,True,roll
2019-04-10,2019-04-11,P1909.DCE,P,-105,-105,4676.0,4682.0,2.0,1.0,0.0,393.75,True,roll
2019-04-12,2019-04-15,AL1905.SHF,AL,-11,-11,13840.0,13845.0,1.0,0.0,0.0,49.5,True,normal_rebalance
2019-04-12,2019-04-15,AP1905.ZCE,AP,-35,-35,11889.0,11891.0,2.0,0.0,0.0,262.5,True,signal_exit
2019-04-12,2019-04-15,FG1905.ZCE,FG,-181,-181,1289.0,1292.0,2.0,1.0,0.0,543.0,True,roll
2019-04-12,2019-04-15,JD1909.DCE,JD,261,261,4286.0,4284.0,2.0,0.0,0.0,587.25,True,normal_rebalance
2019-04-12,2019-04-15,SC1906.INE,SC,5,5,479.2,479.0,2.0,0.0,0.0,150.0,True,normal_rebalance
2019-04-17,2019-04-18,AL1905.SHF,AL,216,216,13975.0,13965.0,1.0,1.0,0.0,972.0,True,roll
2019-04-17,2019-04-18,AL1906.SHF,AL,-230,-230,13990.0,14000.0,1.0,1.0,0.0,1035.0,True,roll
2019-04-19,2019-04-22,AL1906.SHF,AL,-4,-4,14070.0,14075.0,1.0,0.0,0.0,18.0,True,normal_rebalance
2019-04-19,2019-04-22,AP1910.ZCE,AP,32,32,8318.0,8316.0,2.0,0.0,0.0,240.0,True,normal_rebalance
2019-04-19,2019-04-22,JD1909.DCE,JD,-261,-261,4306.0,4308.0,2.0,0.0,0.0,587.25,True,signal_exit
2019-04-26,2019-04-29,AP1910.ZCE,AP,2,2,8185.0,8183.0,2.0,0.0,0.0,15.0,True,normal_rebalance
2019-04-26,2019-04-29,P1909.DCE,P,-3,-3,4500.0,4504.0,2.0,0.0,0.0,11.25,True,normal_rebalance
2019-04-26,2019-04-29,RB1910.SHF,RB,1,1,3744.0,3743.0,1.0,0.0,0.0,0.5616,True,normal_rebalance
2019-04-26,2019-04-29,RU1909.SHF,RU,-2,-2,11300.0,11310.0,2.0,0.0,0.0,9.0,True,normal_rebalance
2019-04-30,2019-05-06,AL1906.SHF,AL,-7,-7,14095.0,14100.0,1.0,0.0,0.0,31.5,True,normal_rebalance
2019-04-30,2019-05-06,AP1910.ZCE,AP,2,2,8166.0,8164.0,2.0,0.0,0.0,15.0,True,normal_rebalance
2019-04-30,2019-05-06,MA1909.ZCE,MA,-130,-130,2368.0,2370.0,2.0,0.0,0.0,390.0,True,normal_rebalance
2019-04-30,2019-05-06,P1909.DCE,P,-6,-6,4372.0,4376.0,2.0,0.0,0.0,22.5,True,normal_rebalance
2019-04-30,2019-05-06,RB1910.SHF,RB,6,6,3761.0,3760.0,1.0,0.0,0.0,3.3849,True,normal_rebalance
2019-04-30,2019-05-06,RU1909.SHF,RU,31,31,11520.0,11510.0,2.0,0.0,0.0,139.5,True,signal_exit
2019-05-10,2019-05-13,AP1910.ZCE,AP,-36,-36,8578.0,8580.0,2.0,0.0,0.0,270.0,True,signal_exit
2019-05-10,2019-05-13,JD1909.DCE,JD,280,280,4331.0,4329.0,2.0,0.0,0.0,630.0,True,normal_rebalance
2019-05-10,2019-05-13,MA1909.ZCE,MA,130,130,2458.0,2456.0,2.0,0.0,0.0,390.0,True,signal_exit
2019-05-10,2019-05-13,RB1910.SHF,RB,14,14,3748.0,3747.0,1.0,0.0,0.0,7.870800000000001,True,normal_rebalance
2019-05-10,2019-05-13,RU1909.SHF,RU,-27,-27,11810.0,11820.0,2.0,0.0,0.0,121.5,True,normal_rebalance
2019-05-13,2019-05-14,SC1906.INE,SC,-5,-5,500.6,500.9,2.0,1.0,0.0,150.0,True,roll
2019-05-13,2019-05-14,SC1907.INE,SC,3,3,499.3,499.0,2.0,1.0,0.0,90.0,True,roll
2019-05-16,2019-05-17,AL1906.SHF,AL,241,241,14360.0,14350.0,1.0,1.0,0.0,1084.5,True,roll
2019-05-16,2019-05-17,AL1907.SHF,AL,-228,-228,14355.0,14365.0,1.0,1.0,0.0,1026.0,True,roll
2019-05-17,2019-05-20,AP1910.ZCE,AP,26,26,9428.0,9426.0,2.0,0.0,0.0,195.0,True,normal_rebalance
2019-05-17,2019-05-20,FG1909.ZCE,FG,186,186,1407.0,1405.0,2.0,0.0,0.0,837.0,True,normal_rebalance
2019-05-17,2019-05-20,JD1909.DCE,JD,-280,-280,4343.0,4345.0,2.0,0.0,0.0,630.0,True,signal_exit
2019-05-17,2019-05-20,MA1909.ZCE,MA,-135,-135,2445.0,2447.0,2.0,0.0,0.0,405.0,True,normal_rebalance
2019-05-17,2019-05-20,RU1909.SHF,RU,27,27,12205.0,12195.0,2.0,0.0,0.0,121.5,True,signal_exit
2019-05-17,2019-05-20,SC1907.INE,SC,-3,-3,511.1,511.3,2.0,0.0,0.0,90.0,True,signal_exit
2019-05-20,2019-05-21,T1906.CFX,T,-38,-38,97.34,97.35,1.0,1.0,0.0,171.0,True,roll
2019-05-20,2019-05-21,T1909.CFX,T,40,40,96.84,96.83,1.0,1.0,0.0,180.0,True,roll
2019-05-24,2019-05-27,AP1910.ZCE,AP,3,3,10002.0,10000.0,2.0,0.0,0.0,22.5,True,normal_rebalance
2019-05-24,2019-05-27,FG1909.ZCE,FG,5,5,1398.0,1396.0,2.0,0.0,0.0,22.5,True,normal_rebalance
2019-05-24,2019-05-27,P1909.DCE,P,-3,-3,4376.0,4380.0,2.0,0.0,0.0,11.25,True,normal_rebalance
2019-05-31,2019-06-03,AP1910.ZCE,AP,-29,-29,9648.0,9650.0,2.0,0.0,0.0,217.5,True,signal_exit
2019-05-31,2019-06-03,JD1909.DCE,JD,221,221,4504.0,4502.0,2.0,0.0,0.0,497.25,True,normal_rebalance
2019-05-31,2019-06-03,P1909.DCE,P,6,6,4464.0,4460.0,2.0,0.0,0.0,22.5,True,normal_rebalance
2019-06-06,2019-06-10,CF1909.ZCE,CF,-38,-38,12710.0,12720.0,2.0,0.0,0.0,245.10000000000002,True,normal_rebalance
2019-06-06,2019-06-10,FG1909.ZCE,FG,7,7,1400.0,1398.0,2.0,0.0,0.0,31.5,True,normal_rebalance
2019-06-06,2019-06-10,JD1909.DCE,JD,33,33,4449.0,4447.0,2.0,0.0,0.0,74.25,True,normal_rebalance
2019-06-06,2019-06-10,P1909.DCE,P,111,111,4380.0,4376.0,2.0,0.0,0.0,416.25,True,signal_exit
2019-06-06,2019-06-10,RB1910.SHF,RB,5,5,3717.0,3716.0,1.0,0.0,0.0,2.7877500000000004,True,normal_rebalance
2019-06-12,2019-06-13,AL1907.SHF,AL,228,228,14010.0,14000.0,1.0,1.0,0.0,1026.0,True,roll
2019-06-12,2019-06-13,AL1908.SHF,AL,-279,-279,13920.0,13930.0,1.0,1.0,0.0,1255.5,True,roll
2019-06-14,2019-06-17,CF1909.ZCE,CF,-7,-7,13445.0,13455.0,2.0,0.0,0.0,45.15,True,normal_rebalance
2019-06-14,2019-06-17,FG1909.ZCE,FG,-22,-22,1464.0,1466.0,2.0,0.0,0.0,99.0,True,normal_rebalance
2019-06-14,2019-06-17,JD1909.DCE,JD,15,15,4484.0,4482.0,2.0,0.0,0.0,33.75,True,normal_rebalance
2019-06-21,2019-06-24,AL1908.SHF,AL,6,6,13760.0,13755.0,1.0,0.0,0.0,27.0,True,margin_forced
2019-06-21,2019-06-24,CF1909.ZCE,CF,45,45,13630.0,13620.0,2.0,0.0,0.0,290.25,True,signal_exit
2019-06-21,2019-06-24,FG1909.ZCE,FG,-4,-4,1483.0,1485.0,2.0,0.0,0.0,18.0,True,margin_forced
2019-06-21,2019-06-24,JD1909.DCE,JD,-11,-11,4422.0,4424.0,2.0,0.0,0.0,24.75,True,margin_forced
2019-06-21,2019-06-24,MA1909.ZCE,MA,3,3,2387.0,2385.0,2.0,0.0,0.0,9.0,True,margin_forced
2019-06-21,2019-06-24,P1909.DCE,P,-121,-121,4332.0,4336.0,2.0,0.0,0.0,453.75,True,normal_rebalance
2019-06-21,2019-06-24,RB1910.SHF,RB,-5,-5,3856.0,3857.0,1.0,0.0,0.0,2.8920000000000003,True,margin_forced
2019-06-28,2019-07-01,AL1908.SHF,AL,-2,-2,13825.0,13830.0,1.0,0.0,0.0,9.0,True,normal_rebalance
2019-06-28,2019-07-01,CF1909.ZCE,CF,-49,-49,13770.0,13780.0,2.0,0.0,0.0,316.04999999999995,True,normal_rebalance
2019-06-28,2019-07-01,FG1909.ZCE,FG,3,3,1498.0,1496.0,2.0,0.0,0.0,13.5,True,normal_rebalance
2019-06-28,2019-07-01,MA1909.ZCE,MA,-7,-7,2274.0,2276.0,2.0,0.0,0.0,21.0,True,normal_rebalance
2019-06-28,2019-07-01,P1909.DCE,P,121,121,4290.0,4286.0,2.0,0.0,0.0,453.75,True,signal_exit
2019-06-28,2019-07-01,RB1910.SHF,RB,4,4,4071.0,4070.0,1.0,0.0,0.0,2.4426,True,normal_rebalance
2019-06-28,2019-07-01,T1909.CFX,T,2,2,97.355,97.35,1.0,0.0,0.0,9.0,True,normal_rebalance
2019-07-05,2019-07-08,CF1909.ZCE,CF,49,49,13890.0,13880.0,2.0,0.0,0.0,316.04999999999995,True,signal_exit
2019-07-05,2019-07-08,JD1909.DCE,JD,-14,-14,4583.0,4585.0,2.0,0.0,0.0,31.5,True,normal_rebalance
2019-07-05,2019-07-08,P1909.DCE,P,-142,-142,4240.0,4244.0,2.0,0.0,0.0,532.5,True,normal_rebalance
2019-07-12,2019-07-15,FG1909.ZCE,FG,5,5,1488.0,1486.0,2.0,0.0,0.0,22.5,True,normal_rebalance
2019-07-12,2019-07-15,JD1909.DCE,JD,-6,-6,4602.0,4604.0,2.0,0.0,0.0,13.5,True,normal_rebalance
2019-07-12,2019-07-15,MA1909.ZCE,MA,-5,-5,2228.0,2230.0,2.0,0.0,0.0,15.0,True,normal_rebalance
2019-07-12,2019-07-15,P1909.DCE,P,-2,-2,4182.0,4186.0,2.0,0.0,0.0,7.5,True,normal_rebalance
2019-07-12,2019-07-15,RB1910.SHF,RB,3,3,3958.0,3957.0,1.0,0.0,0.0,1.7811000000000003,True,normal_rebalance
2019-07-12,2019-07-15,T1909.CFX,T,2,2,98.305,98.3,1.0,0.0,0.0,9.0,True,normal_rebalance
2019-07-16,2019-07-17,AL1908.SHF,AL,275,275,13885.0,13875.0,1.0,1.0,0.0,1237.5,True,roll
2019-07-16,2019-07-17,AL1909.SHF,AL,-299,-299,13885.0,13895.0,1.0,1.0,0.0,1345.5,True,roll
2019-07-19,2019-07-22,FG1909.ZCE,FG,9,9,1498.0,1496.0,2.0,0.0,0.0,40.5,True,normal_rebalance
2019-07-19,2019-07-22,JD1909.DCE,JD,-12,-12,4758.0,4760.0,2.0,0.0,0.0,27.0,True,normal_rebalance
2019-07-19,2019-07-22,MA1909.ZCE,MA,-4,-4,2182.0,2184.0,2.0,0.0,0.0,12.0,True,normal_rebalance
2019-07-26,2019-07-29,CF1909.ZCE,CF,-56,-56,13330.0,13340.0,2.0,0.0,0.0,361.2,True,normal_rebalance
2019-07-26,2019-07-29,FG1909.ZCE,FG,19,19,1501.0,1499.0,2.0,0.0,0.0,85.5,True,normal_rebalance
2019-07-26,2019-07-29,JD1909.DCE,JD,-39,-39,4438.0,4440.0,2.0,0.0,0.0,87.75,True,normal_rebalance
2019-07-26,2019-07-29,MA1909.ZCE,MA,-12,-12,2044.0,2046.0,2.0,0.0,0.0,36.0,True,normal_rebalance
2019-07-26,2019-07-29,P1909.DCE,P,144,144,4340.0,4336.0,2.0,0.0,0.0,540.0,True,signal_exit
2019-07-26,2019-07-29,RB1910.SHF,RB,7,7,3931.0,3930.0,1.0,0.0,0.0,4.12755,True,normal_rebalance
2019-08-02,2019-08-05,FG1909.ZCE,FG,1,1,1472.0,1470.0,2.0,0.0,0.0,4.5,True,normal_rebalance
2019-08-02,2019-08-05,RB1910.SHF,RB,5,5,3818.0,3817.0,1.0,0.0,0.0,2.8635,True,normal_rebalance
2019-08-05,2019-08-06,JD1909.DCE,JD,-187,-187,4313.0,4316.0,2.0,1.0,0.0,420.75,True,roll
2019-08-05,2019-08-06,JD2001.DCE,JD,177,177,4196.0,4193.0,2.0,1.0,0.0,398.25,True,roll
2019-08-08,2019-08-09,AL1909.SHF,AL,299,299,13900.0,13890.0,1.0,1.0,0.0,1345.5,True,roll
2019-08-08,2019-08-09,AL1910.SHF,AL,-333,-333,13865.0,13875.0,1.0,1.0,0.0,1498.5,True,roll
2019-08-08,2019-08-09,CF1909.ZCE,CF,56,56,12235.0,12220.0,2.0,1.0,0.0,361.2,True,roll
2019-08-08,2019-08-09,CF2001.ZCE,CF,-56,-56,12760.0,12775.0,2.0,1.0,0.0,361.2,True,roll
2019-08-09,2019-08-12,FG1909.ZCE,FG,-209,-209,1484.0,1487.0,2.0,1.0,0.0,627.0,True,roll
2019-08-09,2019-08-12,FG2001.ZCE,FG,231,231,1388.0,1385.0,2.0,1.0,0.0,693.0,True,roll
2019-08-09,2019-08-12,JD2001.DCE,JD,-8,-8,4158.0,4160.0,2.0,0.0,0.0,18.0,True,normal_rebalance
2019-08-12,2019-08-13,AL1910.SHF,AL,6,6,14160.0,14155.0,1.0,0.0,0.0,27.0,True,margin_forced
2019-08-12,2019-08-13,CF2001.ZCE,CF,1,1,12745.0,12735.0,2.0,0.0,0.0,6.449999999999999,True,margin_forced
2019-08-12,2019-08-13,FG2001.ZCE,FG,-4,-4,1408.0,1410.0,2.0,0.0,0.0,12.0,True,margin_forced
2019-08-12,2019-08-13,JD2001.DCE,JD,-3,-3,4154.0,4156.0,2.0,0.0,0.0,6.75,True,margin_forced
2019-08-12,2019-08-13,MA1909.ZCE,MA,3,3,2138.0,2136.0,2.0,0.0,0.0,9.0,True,margin_forced
2019-08-12,2019-08-13,RB1910.SHF,RB,-4,-4,3677.0,3678.0,1.0,0.0,0.0,2.2062,True,margin_forced
2019-08-13,2019-08-14,AL1910.SHF,AL,3,3,14190.0,14185.0,1.0,0.0,0.0,13.5,True,margin_forced
2019-08-13,2019-08-14,CF2001.ZCE,CF,1,1,12760.0,12750.0,2.0,0.0,0.0,6.449999999999999,True,margin_forced
2019-08-13,2019-08-14,FG2001.ZCE,FG,-2,-2,1399.0,1401.0,2.0,0.0,0.0,6.0,True,margin_forced
2019-08-13,2019-08-14,JD2001.DCE,JD,-2,-2,4168.0,4170.0,2.0,0.0,0.0,4.5,True,margin_forced
2019-08-13,2019-08-14,MA1909.ZCE,MA,2,2,2150.0,2148.0,2.0,0.0,0.0,6.0,True,margin_forced
2019-08-13,2019-08-14,RB1910.SHF,RB,-2,-2,3682.0,3683.0,1.0,0.0,0.0,1.1046,True,margin_forced
2019-08-14,2019-08-15,T1909.CFX,T,-44,-44,99.39,99.4,1.0,1.0,0.0,198.0,True,roll
2019-08-14,2019-08-15,T1912.CFX,T,44,44,99.185,99.175,1.0,1.0,0.0,198.0,True,roll
2019-08-16,2019-08-19,AL1910.SHF,AL,11,11,14210.0,14205.0,1.0,0.0,0.0,49.5,True,margin_forced
2019-08-16,2019-08-19,CF2001.ZCE,CF,-3,-3,12830.0,12840.0,2.0,0.0,0.0,19.349999999999998,True,normal_rebalance
2019-08-16,2019-08-19,FG2001.ZCE,FG,-1,-1,1425.0,1427.0,2.0,0.0,0.0,3.0,True,margin_forced
2019-08-16,2019-08-19,JD2001.DCE,JD,-1,-1,4264.0,4266.0,2.0,0.0,0.0,2.25,True,margin_forced
2019-08-16,2019-08-19,MA1909.ZCE,MA,155,155,2080.0,2077.0,2.0,1.0,0.0,232.5,True,roll
2019-08-16,2019-08-19,MA2001.ZCE,MA,-186,-186,2185.0,2188.0,2.0,1.0,0.0,279.0,True,roll
2019-08-19,2019-08-20,AL1910.SHF,AL,2,2,14385.0,14380.0,1.0,0.0,0.0,9.0,True,margin_forced
2019-08-19,2019-08-20,CF2001.ZCE,CF,1,1,12875.0,12865.0,2.0,0.0,0.0,6.449999999999999,True,margin_forced
2019-08-19,2019-08-20,FG2001.ZCE,FG,-2,-2,1430.0,1432.0,2.0,0.0,0.0,6.0,True,margin_forced
2019-08-19,2019-08-20,JD2001.DCE,JD,-1,-1,4153.0,4155.0,2.0,0.0,0.0,2.25,True,margin_forced
2019-08-19,2019-08-20,MA2001.ZCE,MA,2,2,2209.0,2207.0,2.0,0.0,0.0,3.0,True,margin_forced
2019-08-19,2019-08-20,RB1910.SHF,RB,-2,-2,3754.0,3755.0,1.0,0.0,0.0,1.1262,True,margin_forced
2019-08-20,2019-08-21,AL1910.SHF,AL,5,5,14340.0,14335.0,1.0,0.0,0.0,22.5,True,margin_forced
2019-08-20,2019-08-21,CF2001.ZCE,CF,1,1,12860.0,12850.0,2.0,0.0,0.0,6.449999999999999,True,margin_forced
2019-08-20,2019-08-21,FG2001.ZCE,FG,-4,-4,1431.0,1433.0,2.0,0.0,0.0,12.0,True,margin_forced
2019-08-20,2019-08-21,JD2001.DCE,JD,-3,-3,4145.0,4147.0,2.0,0.0,0.0,6.75,True,margin_forced
2019-08-20,2019-08-21,MA2001.ZCE,MA,3,3,2192.0,2190.0,2.0,0.0,0.0,4.5,True,margin_forced
2019-08-20,2019-08-21,RB1910.SHF,RB,-4,-4,3700.0,3701.0,1.0,0.0,0.0,2.22,True,margin_forced
2019-08-20,2019-08-21,T1912.CFX,T,-1,-1,98.86,98.865,1.0,0.0,0.0,4.5,True,margin_forced
2019-08-22,2019-08-23,AL1910.SHF,AL,4,4,14360.0,14355.0,1.0,0.0,0.0,18.0,True,margin_forced
2019-08-22,2019-08-23,CF2001.ZCE,CF,1,1,12830.0,12820.0,2.0,0.0,0.0,6.449999999999999,True,margin_forced
2019-08-22,2019-08-23,FG2001.ZCE,FG,-3,-3,1417.0,1419.0,2.0,0.0,0.0,9.0,True,margin_forced
2019-08-22,2019-08-23,JD2001.DCE,JD,-2,-2,4237.0,4239.0,2.0,0.0,0.0,4.5,True,margin_forced
2019-08-22,2019-08-23,MA2001.ZCE,MA,3,3,2149.0,2147.0,2.0,0.0,0.0,4.5,True,margin_forced
2019-08-22,2019-08-23,RB1910.SHF,RB,-222,-222,3716.0,3718.0,1.0,1.0,0.0,123.7428,True,roll
2019-08-22,2019-08-23,RB2001.SHF,RB,269,269,3434.0,3432.0,1.0,1.0,0.0,138.56190000000004,True,roll
2019-08-23,2019-08-26,AL1910.SHF,AL,5,5,14285.0,14280.0,1.0,0.0,0.0,22.5,True,normal_rebalance
2019-08-23,2019-08-26,CF2001.ZCE,CF,-10,-10,12600.0,12610.0,2.0,0.0,0.0,64.5,True,normal_rebalance
2019-08-23,2019-08-26,FG2001.ZCE,FG,7,7,1404.0,1402.0,2.0,0.0,0.0,21.0,True,normal_rebalance
2019-08-28,2019-08-29,AL1910.SHF,AL,2,2,14290.0,14285.0,1.0,0.0,0.0,9.0,True,margin_forced
2019-08-28,2019-08-29,CF2001.ZCE,CF,1,1,12505.0,12495.0,2.0,0.0,0.0,6.449999999999999,True,margin_forced
2019-08-28,2019-08-29,FG2001.ZCE,FG,-2,-2,1388.0,1390.0,2.0,0.0,0.0,6.0,True,margin_forced
2019-08-28,2019-08-29,JD2001.DCE,JD,-1,-1,4348.0,4350.0,2.0,0.0,0.0,2.25,True,margin_forced
2019-08-28,2019-08-29,MA2001.ZCE,MA,2,2,2166.0,2164.0,2.0,0.0,0.0,3.0,True,margin_forced
2019-08-28,2019-08-29,RB2001.SHF,RB,-2,-2,3314.0,3315.0,1.0,0.0,0.0,0.9942000000000001,True,margin_forced
2019-08-30,2019-09-02,FG2001.ZCE,FG,5,5,1378.0,1376.0,2.0,0.0,0.0,15.0,True,normal_rebalance
2019-08-30,2019-09-02,JD2001.DCE,JD,5,5,4422.0,4420.0,2.0,0.0,0.0,11.25,True,normal_rebalance
2019-08-30,2019-09-02,RB2001.SHF,RB,-470,-470,3340.0,3341.0,1.0,0.0,0.0,235.47000000000003,True,normal_rebalance
2019-09-06,2019-09-09,JD2001.DCE,JD,1,1,4384.0,4382.0,2.0,0.0,0.0,2.25,True,normal_rebalance
2019-09-09,2019-09-10,AL1910.SHF,AL,3,3,14425.0,14420.0,1.0,0.0,0.0,13.5,True,margin_forced
2019-09-09,2019-09-10,CF2001.ZCE,CF,1,1,12885.0,12875.0,2.0,0.0,0.0,6.449999999999999,True,margin_forced
2019-09-09,2019-09-10,FG2001.ZCE,FG,-2,-2,1427.0,1429.0,2.0,0.0,0.0,6.0,True,margin_forced
2019-09-09,2019-09-10,JD2001.DCE,JD,-2,-2,4385.0,4387.0,2.0,0.0,0.0,4.5,True,margin_forced
2019-09-09,2019-09-10,MA2001.ZCE,MA,2,2,2266.0,2264.0,2.0,0.0,0.0,3.0,True,margin_forced
2019-09-09,2019-09-10,RB2001.SHF,RB,2,2,3501.0,3500.0,1.0,0.0,0.0,1.0503,True,margin_forced
2019-09-09,2019-09-10,T1912.CFX,T,-1,-1,99.015,99.02,1.0,0.0,0.0,4.5,True,margin_forced
2019-09-10,2019-09-11,AL1910.SHF,AL,292,292,14380.0,14370.0,1.0,1.0,0.0,1314.0,True,roll
2019-09-10,2019-09-11,AL1911.SHF,AL,-287,-287,14360.0,14370.0,1.0,1.0,0.0,1291.5,True,roll
2019-09-10,2019-09-11,CF2001.ZCE,CF,1,1,12950.0,12940.0,2.0,0.0,0.0,6.449999999999999,True,margin_forced
2019-09-10,2019-09-11,FG2001.ZCE,FG,-3,-3,1425.0,1427.0,2.0,0.0,0.0,9.0,True,margin_forced
2019-09-10,2019-09-11,JD2001.DCE,JD,-2,-2,4367.0,4369.0,2.0,0.0,0.0,4.5,True,margin_forced
2019-09-10,2019-09-11,MA2001.ZCE,MA,2,2,2250.0,2248.0,2.0,0.0,0.0,3.0,True,margin_forced
2019-09-10,2019-09-11,RB2001.SHF,RB,3,3,3480.0,3479.0,1.0,0.0,0.0,1.566,True,margin_forced
2019-09-10,2019-09-11,T1912.CFX,T,-1,-1,98.865,98.87,1.0,0.0,0.0,4.5,True,margin_forced
2019-09-11,2019-09-12,AL1911.SHF,AL,1,1,14425.0,14420.0,1.0,0.0,0.0,4.5,True,margin_forced
2019-09-11,2019-09-12,CF2001.ZCE,CF,1,1,13010.0,13000.0,2.0,0.0,0.0,6.449999999999999,True,margin_forced
2019-09-11,2019-09-12,FG2001.ZCE,FG,-1,-1,1423.0,1425.0,2.0,0.0,0.0,3.0,True,margin_forced
2019-09-11,2019-09-12,JD2001.DCE,JD,-1,-1,4377.0,4379.0,2.0,0.0,0.0,2.25,True,margin_forced
2019-09-11,2019-09-12,MA2001.ZCE,MA,1,1,2247.0,2245.0,2.0,0.0,0.0,1.5,True,margin_forced
2019-09-11,2019-09-12,RB2001.SHF,RB,1,1,3487.0,3486.0,1.0,0.0,0.0,0.52305,True,margin_forced
2019-09-12,2019-09-16,FG2001.ZCE,FG,-9,-9,1460.0,1462.0,2.0,0.0,0.0,27.0,True,normal_rebalance
2019-09-12,2019-09-16,JD2001.DCE,JD,2,2,4493.0,4491.0,2.0,0.0,0.0,4.5,True,normal_rebalance
2019-09-12,2019-09-16,MA2001.ZCE,MA,1,1,2312.0,2310.0,2.0,0.0,0.0,1.5,True,normal_rebalance
2019-09-12,2019-09-16,RB2001.SHF,RB,369,369,3562.0,3561.0,1.0,0.0,0.0,197.1567,True,normal_rebalance
2019-09-20,2019-09-23,CF2001.ZCE,CF,-4,-4,12950.0,12960.0,2.0,0.0,0.0,25.799999999999997,True,normal_rebalance
2019-09-20,2019-09-23,MA2001.ZCE,MA,32,32,2322.0,2320.0,2.0,0.0,0.0,48.0,True,normal_rebalance
2019-09-20,2019-09-23,RB2001.SHF,RB,10,10,3389.0,3388.0,1.0,0.0,0.0,5.083500000000001,True,normal_rebalance
2019-09-27,2019-09-30,FG2001.ZCE,FG,-14,-14,1439.0,1441.0,2.0,0.0,0.0,42.0,True,normal_rebalance
2019-09-27,2019-09-30,JD2001.DCE,JD,10,10,4382.0,4380.0,2.0,0.0,0.0,22.5,True,normal_rebalance
2019-09-30,2019-10-08,AL1911.SHF,AL,-1,-1,13990.0,13995.0,1.0,0.0,0.0,4.5,True,normal_rebalance
2019-09-30,2019-10-08,CF2001.ZCE,CF,-2,-2,12035.0,12045.0,2.0,0.0,0.0,12.899999999999999,True,normal_rebalance
2019-09-30,2019-10-08,RB2001.SHF,RB,3,3,3459.0,3458.0,1.0,0.0,0.0,1.55655,True,normal_rebalance
2019-10-08,2019-10-09,AL1911.SHF,AL,287,287,13980.0,13970.0,1.0,1.0,0.0,1291.5,True,roll
2019-10-08,2019-10-09,AL1912.SHF,AL,-324,-324,13945.0,13955.0,1.0,1.0,0.0,1458.0,True,roll
2019-10-09,2019-10-10,AL1912.SHF,AL,1,1,13905.0,13900.0,1.0,0.0,0.0,4.5,True,margin_forced
2019-10-09,2019-10-10,CF2001.ZCE,CF,1,1,12365.0,12355.0,2.0,0.0,0.0,6.449999999999999,True,margin_forced
2019-10-09,2019-10-10,FG2001.ZCE,FG,-1,-1,1445.0,1447.0,2.0,0.0,0.0,3.0,True,margin_forced
2019-10-09,2019-10-10,JD2001.DCE,JD,-1,-1,4408.0,4410.0,2.0,0.0,0.0,2.25,True,margin_forced
2019-10-09,2019-10-10,MA2001.ZCE,MA,1,1,2402.0,2400.0,2.0,0.0,0.0,1.5,True,margin_forced
2019-10-09,2019-10-10,RB2001.SHF,RB,-1,-1,3425.0,3426.0,1.0,0.0,0.0,0.51375,True,margin_forced
2019-10-11,2019-10-14,RB2001.SHF,RB,8,8,3408.0,3407.0,1.0,0.0,0.0,4.089600000000001,True,normal_rebalance
2019-10-18,2019-10-21,FG2001.ZCE,FG,-37,-37,1494.0,1496.0,2.0,0.0,0.0,111.0,True,normal_rebalance
2019-10-18,2019-10-21,JD2001.DCE,JD,8,8,4602.0,4600.0,2.0,0.0,0.0,18.0,True,normal_rebalance
2019-10-18,2019-10-21,RB2001.SHF,RB,10,10,3315.0,3314.0,1.0,0.0,0.0,4.9725,True,normal_rebalance
2019-10-25,2019-10-28,CF2001.ZCE,CF,-4,-4,12780.0,12790.0,2.0,0.0,0.0,25.799999999999997,True,normal_rebalance
2019-10-25,2019-10-28,JD2001.DCE,JD,-7,-7,4836.0,4838.0,2.0,0.0,0.0,15.75,True,normal_rebalance
2019-10-25,2019-10-28,RB2001.SHF,RB,26,26,3348.0,3347.0,1.0,0.0,0.0,13.057200000000002,True,normal_rebalance
2019-11-01,2019-11-04,JD2001.DCE,JD,-17,-17,4878.0,4880.0,2.0,0.0,0.0,38.25,True,normal_rebalance
2019-11-01,2019-11-04,MA2001.ZCE,MA,-4,-4,2079.0,2081.0,2.0,0.0,0.0,6.0,True,normal_rebalance
2019-11-01,2019-11-04,RB2001.SHF,RB,2,2,3376.0,3375.0,1.0,0.0,0.0,1.0128,True,normal_rebalance
2019-11-08,2019-11-11,FG2001.ZCE,FG,4,4,1502.0,1500.0,2.0,0.0,0.0,12.0,True,normal_rebalance
2019-11-13,2019-11-14,AL1912.SHF,AL,323,323,13790.0,13780.0,1.0,1.0,0.0,1453.5,True,roll
2019-11-13,2019-11-14,AL2001.SHF,AL,-336,-336,13730.0,13740.0,1.0,1.0,0.0,1512.0,True,roll
2019-11-15,2019-11-18,FG2001.ZCE,FG,11,11,1492.0,1490.0,2.0,0.0,0.0,33.0,True,normal_rebalance
2019-11-15,2019-11-18,JD2001.DCE,JD,-152,-152,4309.0,4311.0,2.0,0.0,0.0,342.0,True,signal_exit
2019-11-15,2019-11-18,MA2001.ZCE,MA,-11,-11,1950.0,1952.0,2.0,0.0,0.0,16.5,True,normal_rebalance
2019-11-15,2019-11-18,RB2001.SHF,RB,2,2,3549.0,3548.0,1.0,0.0,0.0,1.0647000000000002,True,normal_rebalance
2019-11-15,2019-11-18,SR2001.ZCE,SR,85,85,5596.0,5594.0,2.0,0.0,0.0,255.0,True,normal_rebalance
2019-11-15,2019-11-18,T1912.CFX,T,1,1,98.055,98.05,1.0,0.0,0.0,4.5,True,normal_rebalance
2019-11-18,2019-11-19,T1912.CFX,T,-42,-42,98.475,98.485,1.0,1.0,0.0,189.0,True,roll
2019-11-18,2019-11-19,T2003.CFX,T,46,46,98.16,98.15,1.0,1.0,0.0,207.0,True,roll
2019-11-22,2019-11-25,MA2001.ZCE,MA,-8,-8,1945.0,1947.0,2.0,0.0,0.0,12.0,True,normal_rebalance
2019-11-22,2019-11-25,SR2001.ZCE,SR,6,6,5582.0,5580.0,2.0,0.0,0.0,18.0,True,normal_rebalance
2019-11-26,2019-11-27,CF2001.ZCE,CF,69,69,12880.0,12865.0,2.0,1.0,0.0,445.04999999999995,True,roll
2019-11-26,2019-11-27,CF2005.ZCE,CF,-77,-77,13340.0,13355.0,2.0,1.0,0.0,496.65,True,roll
2019-11-29,2019-12-02,AL2001.SHF,AL,628,628,13890.0,13885.0,1.0,0.0,0.0,2826.0,True,normal_rebalance
2019-11-29,2019-12-02,SR2001.ZCE,SR,5,5,5565.0,5563.0,2.0,0.0,0.0,15.0,True,normal_rebalance
2019-12-03,2019-12-04,SR2001.ZCE,SR,-96,-96,5563.0,5566.0,2.0,1.0,0.0,288.0,True,roll
2019-12-03,2019-12-04,SR2005.ZCE,SR,110,110,5431.0,5428.0,2.0,1.0,0.0,330.0,True,roll
2019-12-05,2019-12-06,RB2001.SHF,RB,-232,-232,3578.0,3580.0,1.0,1.0,0.0,124.51440000000001,True,roll
2019-12-05,2019-12-06,RB2005.SHF,RB,242,242,3401.0,3399.0,1.0,1.0,0.0,123.45630000000001,True,roll
2019-12-06,2019-12-09,FG2001.ZCE,FG,1,1,1464.0,1462.0,2.0,0.0,0.0,3.0,True,normal_rebalance
2019-12-10,2019-12-11,FG2001.ZCE,FG,-174,-174,1467.0,1470.0,2.0,1.0,0.0,522.0,True,roll
2019-12-10,2019-12-11,FG2005.ZCE,FG,203,203,1464.0,1461.0,2.0,1.0,0.0,609.0,True,roll
2019-12-11,2019-12-12,AL2001.SHF,AL,-292,-292,13980.0,13990.0,1.0,1.0,0.0,1314.0,True,roll
2019-12-11,2019-12-12,AL2002.SHF,AL,316,316,13935.0,13925.0,1.0,1.0,0.0,1422.0,True,roll
2019-12-13,2019-12-16,AL2002.SHF,AL,-19,-19,13940.0,13945.0,1.0,0.0,0.0,85.5,True,margin_forced
2019-12-13,2019-12-16,CF2005.ZCE,CF,4,4,13390.0,13380.0,2.0,0.0,0.0,25.799999999999997,True,margin_forced
2019-12-13,2019-12-16,FG2005.ZCE,FG,-10,-10,1461.0,1463.0,2.0,0.0,0.0,30.0,True,margin_forced
2019-12-13,2019-12-16,MA2001.ZCE,MA,160,160,2014.0,2011.0,2.0,1.0,0.0,240.0,True,roll
2019-12-13,2019-12-16,RB2005.SHF,RB,-12,-12,3524.0,3525.0,1.0,0.0,0.0,6.343200000000001,True,margin_forced
2019-12-13,2019-12-16,SP2005.SHF,SP,-130,-130,4554.0,4558.0,2.0,0.0,0.0,17.760599999999997,True,normal_rebalance
2019-12-13,2019-12-16,SR2005.ZCE,SR,-6,-6,5470.0,5472.0,2.0,0.0,0.0,18.0,True,margin_forced
2019-12-16,2019-12-17,T2003.CFX,T,-1,-1,97.71,97.715,1.0,0.0,0.0,4.5,True,margin_forced
2019-12-17,2019-12-18,AL2002.SHF,AL,-4,-4,14005.0,14010.0,1.0,0.0,0.0,18.0,True,margin_forced
2019-12-17,2019-12-18,CF2005.ZCE,CF,1,1,13375.0,13365.0,2.0,0.0,0.0,6.449999999999999,True,margin_forced
2019-12-17,2019-12-18,FG2005.ZCE,FG,-3,-3,1453.0,1455.0,2.0,0.0,0.0,9.0,True,margin_forced
2019-12-17,2019-12-18,RB2005.SHF,RB,-3,-3,3488.0,3489.0,1.0,0.0,0.0,1.5696000000000003,True,margin_forced
2019-12-17,2019-12-18,SP2005.SHF,SP,2,2,4562.0,4558.0,2.0,0.0,0.0,0.27372,True,margin_forced
2019-12-17,2019-12-18,SR2005.ZCE,SR,-2,-2,5407.0,5409.0,2.0,0.0,0.0,6.0,True,margin_forced
2019-12-20,2019-12-23,CF2005.ZCE,CF,-11,-11,13390.0,13400.0,2.0,0.0,0.0,70.94999999999999,True,normal_rebalance
2019-12-20,2019-12-23,FG2005.ZCE,FG,16,16,1471.0,1469.0,2.0,0.0,0.0,48.0,True,normal_rebalance
2019-12-20,2019-12-23,MA2005.ZCE,MA,-147,-147,2146.0,2148.0,2.0,0.0,0.0,220.5,True,normal_rebalance
2019-12-20,2019-12-23,P2005.DCE,P,55,55,6054.0,6050.0,2.0,0.0,0.0,206.25,True,normal_rebalance
2019-12-20,2019-12-23,RB2005.SHF,RB,6,6,3511.0,3510.0,1.0,0.0,0.0,3.1599000000000004,True,normal_rebalance
2019-12-20,2019-12-23,SP2005.SHF,SP,128,128,4552.0,4548.0,2.0,0.0,0.0,17.47968,True,signal_exit
2019-12-20,2019-12-23,SR2005.ZCE,SR,-102,-102,5450.0,5452.0,2.0,0.0,0.0,306.0,True,signal_exit
2019-12-27,2019-12-30,CF2005.ZCE,CF,-1,-1,13620.0,13630.0,2.0,0.0,0.0,6.449999999999999,True,normal_rebalance
2019-12-27,2019-12-30,FG2005.ZCE,FG,19,19,1483.0,1481.0,2.0,0.0,0.0,57.0,True,normal_rebalance
2019-12-27,2019-12-30,MA2005.ZCE,MA,-18,-18,2198.0,2200.0,2.0,0.0,0.0,27.0,True,normal_rebalance
2019-12-27,2019-12-30,P2005.DCE,P,1,1,6330.0,6326.0,2.0,0.0,0.0,3.75,True,normal_rebalance
2019-12-27,2019-12-30,RB2005.SHF,RB,13,13,3542.0,3541.0,1.0,0.0,0.0,6.9069,True,normal_rebalance
2020-01-03,2020-01-06,CF2005.ZCE,CF,1,1,13960.0,13950.0,2.0,0.0,0.0,6.449999999999999,True,normal_rebalance
2020-01-03,2020-01-06,P2005.DCE,P,2,2,6350.0,6346.0,2.0,0.0,0.0,7.5,True,normal_rebalance
2020-01-09,2020-01-10,AL2002.SHF,AL,-293,-293,14065.0,14075.0,1.0,1.0,0.0,1318.5,True,roll
2020-01-09,2020-01-10,AL2003.SHF,AL,307,307,14005.0,13995.0,1.0,1.0,0.0,1381.5,True,roll
2020-01-10,2020-01-13,MA2005.ZCE,MA,22,22,2257.0,2255.0,2.0,0.0,0.0,66.0,True,normal_rebalance
2020-01-10,2020-01-13,P2005.DCE,P,-58,-58,6462.0,6466.0,2.0,0.0,0.0,217.5,True,signal_exit
2020-01-10,2020-01-13,SR2005.ZCE,SR,90,90,5798.0,5796.0,2.0,0.0,0.0,405.0,True,normal_rebalance
2020-01-14,2020-01-15,AL2003.SHF,AL,-1,-1,13925.0,13930.0,1.0,0.0,0.0,4.5,True,margin_forced
2020-01-14,2020-01-15,CF2005.ZCE,CF,1,1,14205.0,14195.0,2.0,0.0,0.0,6.449999999999999,True,margin_forced
2020-01-14,2020-01-15,FG2005.ZCE,FG,-1,-1,1497.0,1499.0,2.0,0.0,0.0,4.5,True,margin_forced
2020-01-14,2020-01-15,MA2005.ZCE,MA,1,1,2377.0,2375.0,2.0,0.0,0.0,3.0,True,margin_forced
2020-01-14,2020-01-15,RB2005.SHF,RB,-1,-1,3569.0,3570.0,1.0,0.0,0.0,0.5353500000000001,True,margin_forced
2020-01-14,2020-01-15,SR2005.ZCE,SR,-1,-1,5887.0,5889.0,2.0,0.0,0.0,4.5,True,margin_forced
2020-01-17,2020-01-20,AL2003.SHF,AL,-81,-81,14295.0,14300.0,1.0,0.0,0.0,364.5,True,normal_rebalance
2020-01-17,2020-01-20,FG2005.ZCE,FG,9,9,1508.0,1506.0,2.0,0.0,0.0,40.5,True,normal_rebalance
2020-01-17,2020-01-20,MA2005.ZCE,MA,142,142,2291.0,2289.0,2.0,0.0,0.0,426.0,True,signal_exit
2020-01-17,2020-01-20,RB2005.SHF,RB,17,17,3600.0,3599.0,1.0,0.0,0.0,9.180000000000001,True,normal_rebalance
2020-01-17,2020-01-20,SP2005.SHF,SP,-195,-195,4676.0,4680.0,2.0,0.0,0.0,27.354599999999998,True,normal_rebalance
2020-01-17,2020-01-20,SR2005.ZCE,SR,15,15,5854.0,5852.0,2.0,0.0,0.0,67.5,True,normal_rebalance
2020-01-23,2020-02-03,FG2005.ZCE,FG,21,21,1387.0,1385.0,2.0,0.0,0.0,94.5,True,normal_rebalance
2020-01-23,2020-02-03,RB2005.SHF,RB,39,39,3234.0,3233.0,1.0,0.0,0.0,18.9189,True,normal_rebalance
2020-01-23,2020-02-03,SP2005.SHF,SP,22,22,4416.0,4412.0,2.0,0.0,0.0,2.91456,True,normal_rebalance
2020-02-07,2020-02-10,AL2003.SHF,AL,31,31,13695.0,13690.0,1.0,0.0,0.0,139.5,True,normal_rebalance
2020-02-07,2020-02-10,FG2005.ZCE,FG,-30,-30,1410.0,1412.0,2.0,0.0,0.0,135.0,True,normal_rebalance
2020-02-07,2020-02-10,SR2005.ZCE,SR,12,12,5779.0,5777.0,2.0,0.0,0.0,54.0,True,normal_rebalance
2020-02-13,2020-02-14,AL2003.SHF,AL,-256,-256,13745.0,13755.0,1.0,1.0,0.0,1152.0,True,roll
2020-02-13,2020-02-14,AL2004.SHF,AL,288,288,13780.0,13770.0,1.0,1.0,0.0,1296.0,True,roll
2020-02-14,2020-02-17,AL2004.SHF,AL,-4,-4,13680.0,13685.0,1.0,0.0,0.0,18.0,True,margin_forced
2020-02-14,2020-02-17,CF2005.ZCE,CF,2,2,13090.0,13080.0,2.0,0.0,0.0,12.899999999999999,True,margin_forced
2020-02-14,2020-02-17,FG2005.ZCE,FG,-7,-7,1403.0,1405.0,2.0,0.0,0.0,31.5,True,margin_forced
2020-02-14,2020-02-17,RB2005.SHF,RB,-4,-4,3392.0,3393.0,1.0,0.0,0.0,2.0352,True,margin_forced
2020-02-14,2020-02-17,SP2005.SHF,SP,3,3,4492.0,4488.0,2.0,0.0,0.0,0.40428,True,margin_forced
2020-02-14,2020-02-17,SR2005.ZCE,SR,-2,-2,5667.0,5669.0,2.0,0.0,0.0,9.0,True,margin_forced
2020-02-17,2020-02-18,AL2004.SHF,AL,-4,-4,13680.0,13685.0,1.0,0.0,0.0,18.0,True,margin_forced
2020-02-17,2020-02-18,CF2005.ZCE,CF,2,2,13405.0,13395.0,2.0,0.0,0.0,12.899999999999999,True,margin_forced
2020-02-17,2020-02-18,FG2005.ZCE,FG,-3,-3,1406.0,1408.0,2.0,0.0,0.0,13.5,True,margin_forced
2020-02-17,2020-02-18,RB2005.SHF,RB,-4,-4,3425.0,3426.0,1.0,0.0,0.0,2.055,True,margin_forced
2020-02-17,2020-02-18,SP2005.SHF,SP,3,3,4514.0,4510.0,2.0,0.0,0.0,0.40625999999999995,True,margin_forced
2020-02-17,2020-02-18,SR2005.ZCE,SR,-2,-2,5753.0,5755.0,2.0,0.0,0.0,9.0,True,margin_forced
2020-02-17,2020-02-18,T2003.CFX,T,-45,-45,100.475,100.485,1.0,1.0,0.0,202.5,True,roll
2020-02-17,2020-02-18,T2006.CFX,T,47,47,99.89,99.88,1.0,1.0,0.0,211.5,True,roll
2020-02-21,2020-02-24,CF2005.ZCE,CF,4,4,13205.0,13195.0,2.0,0.0,0.0,25.799999999999997,True,normal_rebalance
2020-02-28,2020-03-02,AL2004.SHF,AL,-280,-280,13295.0,13300.0,1.0,0.0,0.0,1260.0,True,signal_exit
2020-02-28,2020-03-02,FG2005.ZCE,FG,30,30,1393.0,1391.0,2.0,0.0,0.0,135.0,True,normal_rebalance
2020-02-28,2020-03-02,RB2005.SHF,RB,28,28,3322.0,3321.0,1.0,0.0,0.0,13.9524,True,normal_rebalance
2020-02-28,2020-03-02,SP2005.SHF,SP,-48,-48,4458.0,4462.0,2.0,0.0,0.0,6.419519999999999,True,normal_rebalance
2020-02-28,2020-03-02,SR2005.ZCE,SR,26,26,5692.0,5690.0,2.0,0.0,0.0,117.0,True,normal_rebalance
2020-02-28,2020-03-02,T2006.CFX,T,11,11,101.21,101.205,1.0,0.0,0.0,49.5,True,normal_rebalance
2020-03-06,2020-03-09,AL2005.SHF,AL,-251,-251,12995.0,13000.0,1.0,0.0,0.0,1129.5,True,normal_rebalance
2020-03-06,2020-03-09,CF2005.ZCE,CF,3,3,12200.0,12190.0,2.0,0.0,0.0,19.349999999999998,True,margin_forced
2020-03-06,2020-03-09,FG2005.ZCE,FG,-5,-5,1360.0,1362.0,2.0,0.0,0.0,22.5,True,margin_forced
2020-03-06,2020-03-09,RB2005.SHF,RB,-6,-6,3349.0,3350.0,1.0,0.0,0.0,3.0141000000000004,True,margin_forced
2020-03-06,2020-03-09,SP2005.SHF,SP,4,4,4510.0,4506.0,2.0,0.0,0.0,0.5412,True,margin_forced
2020-03-06,2020-03-09,SR2005.ZCE,SR,-3,-3,5622.0,5624.0,2.0,0.0,0.0,13.5,True,margin_forced
2020-03-06,2020-03-09,T2006.CFX,T,-10,-10,102.12,102.125,1.0,0.0,0.0,45.0,True,margin_forced
2020-03-13,2020-03-16,AL2005.SHF,AL,-5,-5,12940.0,12945.0,1.0,0.0,0.0,22.5,True,normal_rebalance
2020-03-13,2020-03-16,SR2005.ZCE,SR,-2,-2,5516.0,5518.0,2.0,0.0,0.0,6.0,True,normal_rebalance
2020-03-16,2020-03-17,SR2005.ZCE,SR,-133,-133,5438.0,5441.0,2.0,1.0,0.0,399.0,True,roll
2020-03-16,2020-03-17,SR2009.ZCE,SR,119,119,5393.0,5390.0,2.0,1.0,0.0,535.5,True,roll
2020-03-20,2020-03-23,CF2005.ZCE,CF,-6,-6,10590.0,10600.0,2.0,0.0,0.0,38.699999999999996,True,normal_rebalance
2020-03-20,2020-03-23,FG2005.ZCE,FG,81,81,1321.0,1319.0,2.0,0.0,0.0,364.5,True,normal_rebalance
2020-03-20,2020-03-23,MA2005.ZCE,MA,-235,-235,1701.0,1703.0,2.0,0.0,0.0,705.0,True,normal_rebalance
2020-03-20,2020-03-23,RB2005.SHF,RB,-315,-315,3433.0,3435.0,1.0,1.0,0.0,162.20925000000003,True,roll
2020-03-20,2020-03-23,RB2010.SHF,RB,449,449,3312.0,3310.0,1.0,1.0,0.0,223.06320000000005,True,roll
2020-03-20,2020-03-23,SP2005.SHF,SP,211,211,4480.0,4476.0,2.0,0.0,0.0,28.3584,True,signal_exit
2020-03-20,2020-03-23,SR2009.ZCE,SR,35,35,5442.0,5440.0,2.0,0.0,0.0,157.5,True,normal_rebalance
2020-03-20,2020-03-23,T2006.CFX,T,5,5,101.085,101.08,1.0,0.0,0.0,22.5,True,normal_rebalance
2020-03-27,2020-03-30,AL2005.SHF,AL,56,56,11725.0,11720.0,1.0,0.0,0.0,252.0,True,normal_rebalance
2020-03-27,2020-03-30,M2009.DCE,M,216,216,2957.0,2955.0,2.0,0.0,0.0,486.0,True,normal_rebalance
2020-03-27,2020-03-30,MA2005.ZCE,MA,-6,-6,1596.0,1598.0,2.0,0.0,0.0,18.0,True,normal_rebalance
2020-03-27,2020-03-30,SR2009.ZCE,SR,-154,-154,5448.0,5450.0,2.0,0.0,0.0,693.0,True,signal_exit
2020-03-27,2020-03-30,T2006.CFX,T,1,1,101.455,101.45,1.0,0.0,0.0,4.5,True,normal_rebalance
2020-03-31,2020-04-01,FG2005.ZCE,FG,-320,-320,1278.0,1281.0,2.0,1.0,0.0,960.0,True,roll
2020-03-31,2020-04-01,FG2009.ZCE,FG,332,332,1300.0,1297.0,2.0,1.0,0.0,1494.0,True,roll
2020-04-01,2020-04-02,AL2005.SHF,AL,200,200,11410.0,11400.0,1.0,1.0,0.0,900.0,True,roll
2020-04-01,2020-04-02,AL2006.SHF,AL,-185,-185,11420.0,11430.0,1.0,1.0,0.0,832.5,True,roll
2020-04-01,2020-04-02,CF2005.ZCE,CF,77,77,10175.0,10160.0,2.0,1.0,0.0,496.6499999999999,True,roll
2020-04-01,2020-04-02,CF2009.ZCE,CF,-82,-82,10485.0,10500.0,2.0,1.0,0.0,528.9,True,roll
2020-04-03,2020-04-07,CF2009.ZCE,CF,3,3,11290.0,11280.0,2.0,0.0,0.0,19.349999999999998,True,normal_rebalance
2020-04-03,2020-04-07,FG2009.ZCE,FG,-92,-92,1228.0,1230.0,2.0,0.0,0.0,414.0,True,normal_rebalance
2020-04-03,2020-04-07,M2009.DCE,M,-216,-216,2793.0,2795.0,2.0,0.0,0.0,486.0,True,signal_exit
2020-04-03,2020-04-07,MA2005.ZCE,MA,18,18,1662.0,1660.0,2.0,0.0,0.0,54.0,True,normal_rebalance
2020-04-03,2020-04-07,RB2010.SHF,RB,-79,-79,3217.0,3218.0,1.0,0.0,0.0,38.12145000000001,True,normal_rebalance
2020-04-03,2020-04-07,SR2009.ZCE,SR,130,130,5312.0,5310.0,2.0,0.0,0.0,585.0,True,normal_rebalance
2020-04-10,2020-04-13,MA2005.ZCE,MA,3,3,1824.0,1822.0,2.0,0.0,0.0,4.5,True,normal_rebalance
2020-04-10,2020-04-13,SR2009.ZCE,SR,16,16,5345.0,5343.0,2.0,0.0,0.0,72.0,True,normal_rebalance
2020-04-13,2020-04-14,MA2005.ZCE,MA,220,220,1765.0,1762.0,2.0,1.0,0.0,330.0,True,roll
2020-04-13,2020-04-14,MA2009.ZCE,MA,-206,-206,1843.0,1846.0,2.0,1.0,0.0,618.0,True,roll
2020-04-17,2020-04-20,CF2009.ZCE,CF,-3,-3,11290.0,11300.0,2.0,0.0,0.0,19.349999999999998,True,normal_rebalance
2020-04-17,2020-04-20,FG2009.ZCE,FG,-28,-28,1258.0,1260.0,2.0,0.0,0.0,126.0,True,normal_rebalance
2020-04-17,2020-04-20,RB2010.SHF,RB,14,14,3400.0,3399.0,1.0,0.0,0.0,7.140000000000001,True,normal_rebalance
2020-04-17,2020-04-20,SR2009.ZCE,SR,31,31,5292.0,5290.0,2.0,0.0,0.0,139.5,True,normal_rebalance
2020-04-24,2020-04-27,AL2006.SHF,AL,-4,-4,12415.0,12420.0,1.0,0.0,0.0,18.0,True,normal_rebalance
2020-04-24,2020-04-27,M2009.DCE,M,258,258,2752.0,2750.0,2.0,0.0,0.0,580.5,True,normal_rebalance
2020-04-24,2020-04-27,RB2010.SHF,RB,21,21,3346.0,3345.0,1.0,0.0,0.0,10.5399,True,normal_rebalance
2020-04-24,2020-04-27,SR2009.ZCE,SR,-177,-177,5034.0,5036.0,2.0,0.0,0.0,796.5,True,signal_exit
2020-04-30,2020-05-06,AL2006.SHF,AL,189,189,12605.0,12595.0,1.0,1.0,0.0,850.5,True,roll
2020-04-30,2020-05-06,AL2007.SHF,AL,-220,-220,12390.0,12400.0,1.0,1.0,0.0,990.0,True,roll
2020-04-30,2020-05-06,MA2009.ZCE,MA,206,206,1842.0,1840.0,2.0,0.0,0.0,618.0,True,signal_exit
2020-04-30,2020-05-06,SP2009.SHF,SP,-239,-239,4496.0,4500.0,2.0,0.0,0.0,32.23632,True,normal_rebalance
2020-04-30,2020-05-06,T2006.CFX,T,-2,-2,102.965,102.97,1.0,0.0,0.0,9.0,True,normal_rebalance
2020-05-11,2020-05-12,T2006.CFX,T,-2,-2,101.8,101.805,1.0,0.0,0.0,9.0,True,margin_forced
2020-05-15,2020-05-18,FG2009.ZCE,FG,-1,-1,1346.0,1348.0,2.0,0.0,0.0,4.5,True,normal_rebalance
2020-05-15,2020-05-18,T2006.CFX,T,-50,-50,101.68,101.69,1.0,1.0,0.0,225.0,True,roll
2020-05-15,2020-05-18,T2009.CFX,T,49,49,100.97,100.96,1.0,1.0,0.0,220.5,True,roll
2020-05-22,2020-05-25,AL2007.SHF,AL,-27,-27,12800.0,12805.0,1.0,0.0,0.0,121.5,True,normal_rebalance
2020-05-22,2020-05-25,CF2009.ZCE,CF,-8,-8,11565.0,11575.0,2.0,0.0,0.0,51.599999999999994,True,normal_rebalance
2020-05-22,2020-05-25,M2009.DCE,M,39,39,2760.0,2758.0,2.0,0.0,0.0,87.75,True,normal_rebalance
2020-05-22,2020-05-25,MA2009.ZCE,MA,-204,-204,1683.0,1685.0,2.0,0.0,0.0,612.0,True,normal_rebalance
2020-05-22,2020-05-25,RB2010.SHF,RB,6,6,3517.0,3516.0,1.0,0.0,0.0,3.1653,True,normal_rebalance
2020-05-22,2020-05-25,SP2009.SHF,SP,239,239,4400.0,4396.0,2.0,0.0,0.0,31.548000000000002,True,signal_exit
2020-05-29,2020-06-01,AL2007.SHF,AL,-6,-6,13240.0,13245.0,1.0,0.0,0.0,27.0,True,normal_rebalance
2020-05-29,2020-06-01,CF2009.ZCE,CF,-3,-3,11450.0,11460.0,2.0,0.0,0.0,19.349999999999998,True,normal_rebalance
2020-05-29,2020-06-01,FG2009.ZCE,FG,-7,-7,1427.0,1429.0,2.0,0.0,0.0,31.5,True,normal_rebalance
2020-05-29,2020-06-01,MA2009.ZCE,MA,-5,-5,1685.0,1687.0,2.0,0.0,0.0,15.0,True,normal_rebalance
2020-06-05,2020-06-08,CF2009.ZCE,CF,93,93,12030.0,12020.0,2.0,0.0,0.0,599.8499999999999,True,signal_exit
2020-06-05,2020-06-08,JD2007.DCE,JD,-263,-263,3100.0,3102.0,2.0,0.0,0.0,591.75,True,normal_rebalance
2020-06-05,2020-06-08,M2009.DCE,M,-297,-297,2843.0,2845.0,2.0,0.0,0.0,668.25,True,signal_exit
2020-06-05,2020-06-08,MA2009.ZCE,MA,-3,-3,1772.0,1774.0,2.0,0.0,0.0,9.0,True,normal_rebalance
2020-06-05,2020-06-08,SR2009.ZCE,SR,106,106,5122.0,5120.0,2.0,0.0,0.0,477.0,True,normal_rebalance
2020-06-12,2020-06-15,MA2009.ZCE,MA,-25,-25,1719.0,1721.0,2.0,0.0,0.0,75.0,True,normal_rebalance
2020-06-12,2020-06-15,SR2009.ZCE,SR,7,7,5082.0,5080.0,2.0,0.0,0.0,31.5,True,normal_rebalance
2020-06-16,2020-06-17,JD2007.DCE,JD,263,263,2844.0,2841.0,2.0,1.0,0.0,591.75,True,roll
2020-06-16,2020-06-17,JD2009.DCE,JD,-274,-274,3736.0,3739.0,2.0,1.0,0.0,616.5,True,roll
2020-06-16,2020-06-17,T2009.CFX,T,-2,-2,100.1,100.105,1.0,0.0,0.0,9.0,True,margin_forced
2020-06-17,2020-06-18,AL2007.SHF,AL,3,3,13845.0,13840.0,1.0,0.0,0.0,13.5,True,margin_forced
2020-06-17,2020-06-18,FG2009.ZCE,FG,-2,-2,1449.0,1451.0,2.0,0.0,0.0,9.0,True,margin_forced
2020-06-17,2020-06-18,JD2009.DCE,JD,3,3,3744.0,3742.0,2.0,0.0,0.0,6.75,True,margin_forced
2020-06-17,2020-06-18,MA2009.ZCE,MA,3,3,1709.0,1707.0,2.0,0.0,0.0,9.0,True,margin_forced
2020-06-17,2020-06-18,RB2010.SHF,RB,-4,-4,3588.0,3589.0,1.0,0.0,0.0,2.1528,True,margin_forced
2020-06-17,2020-06-18,SR2009.ZCE,SR,-2,-2,5085.0,5087.0,2.0,0.0,0.0,9.0,True,margin_forced
2020-06-19,2020-06-22,AL2007.SHF,AL,458,458,13805.0,13800.0,1.0,0.0,0.0,2061.0,True,normal_rebalance
2020-06-19,2020-06-22,JD2009.DCE,JD,36,36,3900.0,3898.0,2.0,0.0,0.0,81.0,True,normal_rebalance
2020-06-19,2020-06-22,P2009.DCE,P,81,81,5190.0,5186.0,2.0,0.0,0.0,303.75,True,normal_rebalance
2020-06-19,2020-06-22,SR2009.ZCE,SR,-111,-111,5092.0,5094.0,2.0,0.0,0.0,499.5,True,signal_exit
2020-06-19,2020-06-22,T2009.CFX,T,-1,-1,100.15,100.155,1.0,0.0,0.0,4.5,True,normal_rebalance
2020-06-23,2020-06-24,AL2007.SHF,AL,-208,-208,13825.0,13835.0,1.0,1.0,0.0,936.0,True,roll
2020-06-23,2020-06-24,AL2008.SHF,AL,232,232,13665.0,13655.0,1.0,1.0,0.0,1044.0,True,roll
2020-06-24,2020-06-29,P2009.DCE,P,2,2,5004.0,5000.0,2.0,0.0,0.0,7.5,True,normal_rebalance
2020-07-03,2020-07-06,FG2009.ZCE,FG,11,11,1488.0,1486.0,2.0,0.0,0.0,49.5,True,normal_rebalance
2020-07-10,2020-07-13,FG2009.ZCE,FG,2,2,1544.0,1542.0,2.0,0.0,0.0,9.0,True,normal_rebalance
2020-07-10,2020-07-13,P2009.DCE,P,-83,-83,5000.0,5004.0,2.0,0.0,0.0,311.25,True,signal_exit
2020-07-10,2020-07-13,SR2009.ZCE,SR,104,104,5220.0,5218.0,2.0,0.0,0.0,468.0,True,normal_rebalance
2020-07-10,2020-07-13,T2009.CFX,T,-1,-1,98.585,98.59,1.0,0.0,0.0,4.5,True,normal_rebalance
2020-07-17,2020-07-20,AL2008.SHF,AL,-48,-48,14115.0,14120.0,1.0,0.0,0.0,216.0,True,normal_rebalance
2020-07-17,2020-07-20,JD2009.DCE,JD,-26,-26,3997.0,3999.0,2.0,0.0,0.0,58.5,True,normal_rebalance
2020-07-17,2020-07-20,MA2009.ZCE,MA,-23,-23,1794.0,1796.0,2.0,0.0,0.0,69.0,True,normal_rebalance
2020-07-17,2020-07-20,P2009.DCE,P,81,81,5472.0,5468.0,2.0,0.0,0.0,303.75,True,normal_rebalance
2020-07-17,2020-07-20,RB2010.SHF,RB,10,10,3722.0,3721.0,1.0,0.0,0.0,5.583,True,normal_rebalance
2020-07-17,2020-07-20,SR2009.ZCE,SR,-104,-104,5119.0,5121.0,2.0,0.0,0.0,468.0,True,signal_exit
2020-07-24,2020-07-27,C2009.DCE,C,428,428,2262.0,2260.0,2.0,0.0,0.0,770.4000000000001,True,normal_rebalance
2020-07-24,2020-07-27,FG2009.ZCE,FG,-3,-3,1657.0,1659.0,2.0,0.0,0.0,13.5,True,normal_rebalance
2020-07-24,2020-07-27,MA2009.ZCE,MA,-15,-15,1723.0,1725.0,2.0,0.0,0.0,45.0,True,normal_rebalance
2020-07-24,2020-07-27,P2009.DCE,P,-81,-81,5746.0,5750.0,2.0,0.0,0.0,303.75,True,signal_exit
2020-07-28,2020-07-29,AL2008.SHF,AL,-184,-184,14505.0,14515.0,1.0,1.0,0.0,828.0,True,roll
2020-07-28,2020-07-29,AL2009.SHF,AL,209,209,14385.0,14375.0,1.0,1.0,0.0,940.5,True,roll
2020-07-31,2020-08-03,C2009.DCE,C,-54,-54,2315.0,2317.0,2.0,0.0,0.0,97.19999999999999,True,normal_rebalance
2020-07-31,2020-08-03,JD2009.DCE,JD,-5,-5,4181.0,4183.0,2.0,0.0,0.0,11.25,True,normal_rebalance
2020-07-31,2020-08-03,MA2009.ZCE,MA,272,272,1730.0,1728.0,2.0,0.0,0.0,816.0,True,signal_exit
2020-07-31,2020-08-03,RB2010.SHF,RB,28,28,3772.0,3771.0,1.0,0.0,0.0,15.842400000000001,True,normal_rebalance
2020-07-31,2020-08-03,SC2009.INE,SC,-10,-10,286.1,286.3,2.0,0.0,0.0,300.0,True,normal_rebalance
2020-07-31,2020-08-03,T2009.CFX,T,3,3,98.645,98.64,1.0,0.0,0.0,13.5,True,normal_rebalance
2020-08-07,2020-08-10,C2009.DCE,C,-374,-374,2229.0,2232.0,2.0,1.0,0.0,673.2,True,roll
2020-08-07,2020-08-10,FG2009.ZCE,FG,-40,-40,1898.0,1900.0,2.0,0.0,0.0,180.0,True,normal_rebalance
2020-08-07,2020-08-10,P2009.DCE,P,79,79,5920.0,5916.0,2.0,0.0,0.0,296.25,True,normal_rebalance
2020-08-07,2020-08-10,SC2009.INE,SC,-1,-1,281.6,281.8,2.0,0.0,0.0,30.0,True,normal_rebalance
2020-08-07,2020-08-10,T2009.CFX,T,6,6,98.87,98.865,1.0,0.0,0.0,27.0,True,normal_rebalance
2020-08-12,2020-08-13,FG2009.ZCE,FG,-172,-172,1913.0,1916.0,2.0,1.0,0.0,516.0,True,roll
2020-08-12,2020-08-13,FG2101.ZCE,FG,125,125,1852.0,1849.0,2.0,1.0,0.0,562.5,True,roll
2020-08-12,2020-08-13,SC2009.INE,SC,11,11,284.9,284.6,2.0,1.0,0.0,330.0,True,roll
2020-08-12,2020-08-13,SC2010.INE,SC,-13,-13,294.7,295.0,2.0,1.0,0.0,390.0,True,roll
2020-08-14,2020-08-17,AL2009.SHF,AL,14,14,14400.0,14395.0,1.0,0.0,0.0,63.0,True,normal_rebalance
2020-08-14,2020-08-17,C2101.DCE,C,304,304,2300.0,2298.0,2.0,0.0,0.0,547.2,True,normal_rebalance
2020-08-14,2020-08-17,P2009.DCE,P,-79,-79,5796.0,5802.0,2.0,1.0,0.0,296.25,True,roll
2020-08-14,2020-08-17,RB2010.SHF,RB,32,32,3793.0,3792.0,1.0,0.0,0.0,18.206400000000002,True,normal_rebalance
2020-08-14,2020-08-17,T2009.CFX,T,7,7,99.655,99.65,1.0,0.0,0.0,31.5,True,normal_rebalance
2020-08-20,2020-08-21,JD2009.DCE,JD,266,266,3683.0,3680.0,2.0,1.0,0.0,598.5,True,roll
2020-08-20,2020-08-21,JD2010.DCE,JD,-249,-249,3579.0,3582.0,2.0,1.0,0.0,560.25,True,roll
2020-08-20,2020-08-21,T2009.CFX,T,-61,-61,98.93,98.94,1.0,1.0,0.0,274.5,True,roll
2020-08-20,2020-08-21,T2012.CFX,T,69,69,98.205,98.195,1.0,1.0,0.0,310.5,True,roll
2020-08-21,2020-08-24,AL2009.SHF,AL,29,29,14645.0,14640.0,1.0,0.0,0.0,130.5,True,normal_rebalance
2020-08-21,2020-08-24,C2101.DCE,C,45,45,2301.0,2299.0,2.0,0.0,0.0,81.0,True,normal_rebalance
2020-08-21,2020-08-24,RB2010.SHF,RB,19,19,3776.0,3775.0,1.0,0.0,0.0,10.761600000000001,True,normal_rebalance
2020-08-26,2020-08-27,RB2010.SHF,RB,-496,-496,3778.0,3780.0,1.0,1.0,0.0,281.0832,True,roll
2020-08-26,2020-08-27,RB2101.SHF,RB,503,503,3736.0,3734.0,1.0,1.0,0.0,281.88120000000004,True,roll
2020-08-27,2020-08-28,AL2009.SHF,AL,-252,-252,14655.0,14665.0,1.0,1.0,0.0,1134.0,True,roll
2020-08-27,2020-08-28,AL2010.SHF,AL,251,251,14585.0,14575.0,1.0,1.0,0.0,1129.5,True,roll
2020-08-28,2020-08-31,FG2101.ZCE,FG,-18,-18,1823.0,1825.0,2.0,0.0,0.0,81.0,True,normal_rebalance
2020-09-04,2020-09-07,FG2101.ZCE,FG,-5,-5,1750.0,1752.0,2.0,0.0,0.0,22.5,True,normal_rebalance
2020-09-04,2020-09-07,SC2010.INE,SC,13,13,285.5,285.2,2.0,1.0,0.0,390.0,True,roll
2020-09-04,2020-09-07,SC2012.INE,SC,-12,-12,310.6,310.9,2.0,1.0,0.0,360.0,True,roll
2020-09-09,2020-09-10,SC2011.INE,SC,-13,-13,267.0,267.3,2.0,1.0,0.0,390.0,True,roll
2020-09-09,2020-09-10,SC2012.INE,SC,12,12,278.4,278.1,2.0,1.0,0.0,360.0,True,roll
2020-09-18,2020-09-21,FG2101.ZCE,FG,6,6,1665.0,1663.0,2.0,0.0,0.0,27.0,True,normal_rebalance
2020-09-18,2020-09-21,JD2010.DCE,JD,-29,-29,3350.0,3352.0,2.0,0.0,0.0,65.25,True,normal_rebalance
2020-09-18,2020-09-21,SC2011.INE,SC,2,2,275.3,275.1,2.0,0.0,0.0,60.0,True,normal_rebalance
2020-09-21,2020-09-22,JD2010.DCE,JD,278,278,3263.0,3260.0,2.0,1.0,0.0,625.5,True,roll
2020-09-21,2020-09-22,JD2011.DCE,JD,-324,-324,3448.0,3451.0,2.0,1.0,0.0,729.0,True,roll
2020-09-25,2020-09-28,AL2010.SHF,AL,-41,-41,14120.0,14125.0,1.0,0.0,0.0,184.5,True,normal_rebalance
2020-09-25,2020-09-28,C2101.DCE,C,-27,-27,2422.0,2424.0,2.0,0.0,0.0,48.599999999999994,True,normal_rebalance
2020-09-25,2020-09-28,JD2011.DCE,JD,20,20,3605.0,3603.0,2.0,0.0,0.0,45.0,True,normal_rebalance
2020-09-25,2020-09-28,T2012.CFX,T,-3,-3,98.085,98.09,1.0,0.0,0.0,13.5,True,normal_rebalance
2020-09-28,2020-09-29,AL2010.SHF,AL,-210,-210,14290.0,14300.0,1.0,1.0,0.0,945.0,True,roll
2020-09-28,2020-09-29,AL2011.SHF,AL,189,189,14165.0,14155.0,1.0,1.0,0.0,850.5,True,roll
2020-09-30,2020-10-09,FG2101.ZCE,FG,2,2,1755.0,1753.0,2.0,0.0,0.0,9.0,True,normal_rebalance
2020-10-09,2020-10-12,C2101.DCE,C,-3,-3,2535.0,2537.0,2.0,0.0,0.0,5.3999999999999995,True,normal_rebalance
2020-10-09,2020-10-12,FG2101.ZCE,FG,11,11,1753.0,1751.0,2.0,0.0,0.0,49.5,True,normal_rebalance
2020-10-12,2020-10-13,SC2011.INE,SC,11,11,262.3,262.0,2.0,1.0,0.0,330.0,True,roll
2020-10-12,2020-10-13,SC2012.INE,SC,-10,-10,274.3,274.6,2.0,1.0,0.0,300.0,True,roll
2020-10-16,2020-10-19,AL2011.SHF,AL,12,12,14715.0,14710.0,1.0,0.0,0.0,54.0,True,normal_rebalance
2020-10-16,2020-10-19,FG2101.ZCE,FG,3,3,1733.0,1731.0,2.0,0.0,0.0,13.5,True,normal_rebalance
2020-10-16,2020-10-19,SC2012.INE,SC,-2,-2,271.3,271.5,2.0,0.0,0.0,60.0,True,normal_rebalance
2020-10-23,2020-10-26,AL2011.SHF,AL,26,26,14750.0,14745.0,1.0,0.0,0.0,117.0,True,normal_rebalance
2020-10-23,2020-10-26,FG2101.ZCE,FG,12,12,1712.0,1710.0,2.0,0.0,0.0,54.0,True,normal_rebalance
2020-10-23,2020-10-26,JD2011.DCE,JD,304,304,3563.0,3560.0,2.0,1.0,0.0,684.0,True,roll
2020-10-23,2020-10-26,JD2101.DCE,JD,-331,-331,4072.0,4075.0,2.0,1.0,0.0,744.75,True,roll
2020-10-23,2020-10-26,SC2012.INE,SC,-2,-2,266.5,266.7,2.0,0.0,0.0,60.0,True,normal_rebalance
2020-10-28,2020-10-29,AL2011.SHF,AL,-227,-227,14510.0,14520.0,1.0,1.0,0.0,1021.5,True,roll
2020-10-28,2020-10-29,AL2012.SHF,AL,270,270,14405.0,14395.0,1.0,1.0,0.0,1215.0,True,roll
2020-10-30,2020-11-02,C2101.DCE,C,38,38,2626.0,2624.0,2.0,0.0,0.0,68.4,True,normal_rebalance
2020-10-30,2020-11-02,RB2101.SHF,RB,15,15,3704.0,3703.0,1.0,0.0,0.0,8.334,True,normal_rebalance
2020-10-30,2020-11-02,SC2012.INE,SC,1,1,227.4,227.2,2.0,0.0,0.0,30.0,True,normal_rebalance
2020-10-30,2020-11-02,T2012.CFX,T,8,8,98.035,98.03,1.0,0.0,0.0,36.0,True,normal_rebalance
2020-11-06,2020-11-09,FG2101.ZCE,FG,36,36,1752.0,1750.0,2.0,0.0,0.0,162.0,True,normal_rebalance
2020-11-06,2020-11-09,JD2101.DCE,JD,-40,-40,3950.0,3952.0,2.0,0.0,0.0,90.0,True,normal_rebalance
2020-11-06,2020-11-09,RB2101.SHF,RB,75,75,3792.0,3791.0,1.0,0.0,0.0,42.660000000000004,True,normal_rebalance
2020-11-11,2020-11-12,SC2012.INE,SC,13,13,257.1,256.8,2.0,1.0,0.0,390.0,True,roll
2020-11-11,2020-11-12,SC2101.INE,SC,-11,-11,266.6,266.9,2.0,1.0,0.0,330.0,True,roll
2020-11-13,2020-11-16,C2101.DCE,C,38,38,2567.0,2565.0,2.0,0.0,0.0,68.4,True,normal_rebalance
2020-11-13,2020-11-16,FG2101.ZCE,FG,28,28,1837.0,1835.0,2.0,0.0,0.0,126.0,True,normal_rebalance
2020-11-13,2020-11-16,JD2101.DCE,JD,-22,-22,3782.0,3784.0,2.0,0.0,0.0,49.5,True,normal_rebalance
2020-11-13,2020-11-16,RB2101.SHF,RB,21,21,3841.0,3840.0,1.0,0.0,0.0,12.099150000000002,True,normal_rebalance
2020-11-20,2020-11-23,C2101.DCE,C,54,54,2605.0,2603.0,2.0,0.0,0.0,97.19999999999999,True,normal_rebalance
2020-11-20,2020-11-23,FG2101.ZCE,FG,11,11,1880.0,1878.0,2.0,0.0,0.0,49.5,True,normal_rebalance
2020-11-20,2020-11-23,JD2101.DCE,JD,-39,-39,3774.0,3776.0,2.0,0.0,0.0,87.75,True,normal_rebalance
2020-11-20,2020-11-23,RB2101.SHF,RB,25,25,3982.0,3981.0,1.0,0.0,0.0,14.932500000000003,True,normal_rebalance
2020-11-20,2020-11-23,SC2101.INE,SC,-3,-3,260.6,260.8,2.0,0.0,0.0,90.0,True,normal_rebalance
2020-11-20,2020-11-23,T2012.CFX,T,-74,-74,97.445,97.455,1.0,1.0,0.0,333.0,True,roll
2020-11-20,2020-11-23,T2103.CFX,T,80,80,97.225,97.215,1.0,1.0,0.0,360.0,True,roll
2020-11-26,2020-11-27,AL2012.SHF,AL,-270,-270,15950.0,15960.0,1.0,1.0,0.0,1215.0,True,roll
2020-11-26,2020-11-27,AL2101.SHF,AL,295,295,15875.0,15865.0,1.0,1.0,0.0,1327.5,True,roll
2020-11-27,2020-11-30,C2101.DCE,C,21,21,2575.0,2573.0,2.0,0.0,0.0,37.8,True,normal_rebalance
2020-11-27,2020-11-30,FG2101.ZCE,FG,15,15,1847.0,1845.0,2.0,0.0,0.0,67.5,True,normal_rebalance
2020-11-27,2020-11-30,JD2101.DCE,JD,-10,-10,3667.0,3669.0,2.0,0.0,0.0,22.5,True,normal_rebalance
2020-12-01,2020-12-02,C2101.DCE,C,-470,-470,2605.0,2608.0,2.0,1.0,0.0,846.0,True,roll
2020-12-01,2020-12-02,C2105.DCE,C,554,554,2692.0,2689.0,2.0,1.0,0.0,997.1999999999999,True,roll
2020-12-04,2020-12-07,AL2101.SHF,AL,-88,-88,16395.0,16400.0,1.0,0.0,0.0,396.0,True,normal_rebalance
2020-12-04,2020-12-07,FG2101.ZCE,FG,5,5,1890.0,1888.0,2.0,0.0,0.0,22.5,True,normal_rebalance
2020-12-04,2020-12-07,SC2101.INE,SC,-2,-2,294.9,295.1,2.0,0.0,0.0,60.0,True,normal_rebalance
2020-12-04,2020-12-07,T2103.CFX,T,13,13,97.355,97.35,1.0,0.0,0.0,58.5,True,normal_rebalance
2020-12-07,2020-12-08,SC2101.INE,SC,16,16,292.9,292.6,2.0,1.0,0.0,480.0,True,roll
2020-12-07,2020-12-08,SC2102.INE,SC,-17,-17,305.4,305.7,2.0,1.0,0.0,510.0,True,roll
2020-12-08,2020-12-09,RB2101.SHF,RB,-639,-639,3961.0,3963.0,1.0,1.0,0.0,379.66185,True,roll
2020-12-08,2020-12-09,RB2105.SHF,RB,670,670,3906.0,3904.0,1.0,1.0,0.0,392.5530000000001,True,roll
2020-12-10,2020-12-11,JD2101.DCE,JD,442,442,3941.0,3938.0,2.0,1.0,0.0,994.5,True,roll
2020-12-10,2020-12-11,JD2105.DCE,JD,-353,-353,3877.0,3880.0,2.0,1.0,0.0,794.25,True,roll
2020-12-11,2020-12-14,FG2101.ZCE,FG,9,9,1993.0,1991.0,2.0,0.0,0.0,27.0,True,normal_rebalance
2020-12-11,2020-12-14,T2103.CFX,T,15,15,97.205,97.2,1.0,0.0,0.0,67.5,True,normal_rebalance
2020-12-14,2020-12-15,FG2101.ZCE,FG,-240,-240,1998.0,2001.0,2.0,1.0,0.0,720.0,True,roll
2020-12-14,2020-12-15,FG2105.ZCE,FG,219,219,1896.0,1893.0,2.0,1.0,0.0,985.5,True,roll
2020-12-18,2020-12-21,JD2105.DCE,JD,27,27,4057.0,4055.0,2.0,0.0,0.0,60.75,True,normal_rebalance
2020-12-18,2020-12-21,RB2105.SHF,RB,-178,-178,4313.0,4314.0,1.0,0.0,0.0,115.1571,True,normal_rebalance
2020-12-18,2020-12-21,SC2102.INE,SC,1,1,316.2,316.0,2.0,0.0,0.0,30.0,True,normal_rebalance
2020-12-24,2020-12-25,AL2101.SHF,AL,-207,-207,16075.0,16085.0,1.0,1.0,0.0,931.5,True,roll
2020-12-24,2020-12-25,AL2102.SHF,AL,178,178,15970.0,15960.0,1.0,1.0,0.0,801.0,True,roll
2020-12-25,2020-12-28,AP2105.ZCE,AP,-102,-102,6739.0,6741.0,2.0,0.0,0.0,765.0,True,normal_rebalance
2020-12-25,2020-12-28,JD2105.DCE,JD,326,326,4223.0,4221.0,2.0,0.0,0.0,733.5,True,signal_exit
2020-12-25,2020-12-28,RB2105.SHF,RB,-85,-85,4339.0,4340.0,1.0,0.0,0.0,55.322250000000004,True,normal_rebalance
2020-12-25,2020-12-28,SC2102.INE,SC,2,2,309.8,309.6,2.0,0.0,0.0,60.0,True,normal_rebalance
2020-12-31,2021-01-04,AP2105.ZCE,AP,-6,-6,6628.0,6630.0,2.0,0.0,0.0,45.0,True,normal_rebalance
2020-12-31,2021-01-04,RB2105.SHF,RB,-11,-11,4353.0,4354.0,1.0,0.0,0.0,7.182450000000001,True,normal_rebalance
2020-12-31,2021-01-04,T2103.CFX,T,3,3,97.955,97.95,1.0,0.0,0.0,13.5,True,normal_rebalance
2021-01-08,2021-01-11,AL2102.SHF,AL,35,35,15390.0,15385.0,1.0,0.0,0.0,157.5,True,normal_rebalance
2021-01-08,2021-01-11,AP2105.ZCE,AP,-8,-8,6298.0,6300.0,2.0,0.0,0.0,60.0,True,normal_rebalance
2021-01-08,2021-01-11,C2105.DCE,C,38,38,2844.0,2842.0,2.0,0.0,0.0,68.4,True,normal_rebalance
2021-01-08,2021-01-11,FG2105.ZCE,FG,-219,-219,1768.0,1770.0,2.0,0.0,0.0,985.5,True,signal_exit
2021-01-08,2021-01-11,SP2103.SHF,SP,145,145,6120.0,6116.0,2.0,0.0,0.0,66.555,True,normal_rebalance
2021-01-08,2021-01-11,T2103.CFX,T,11,11,97.905,97.9,1.0,0.0,0.0,49.5,True,normal_rebalance
2021-01-11,2021-01-12,SC2102.INE,SC,14,14,326.8,326.5,2.0,1.0,0.0,420.0,True,roll
2021-01-11,2021-01-12,SC2103.INE,SC,-13,-13,333.1,333.4,2.0,1.0,0.0,390.0,True,roll
2021-01-15,2021-01-18,AL2102.SHF,AL,5,5,14870.0,14865.0,1.0,0.0,0.0,22.5,True,normal_rebalance
2021-01-15,2021-01-18,SP2103.SHF,SP,-11,-11,6296.0,6300.0,2.0,0.0,0.0,5.1942,True,normal_rebalance
2021-01-18,2021-01-19,AL2102.SHF,AL,-218,-218,14890.0,14900.0,1.0,1.0,0.0,981.0,True,roll
2021-01-18,2021-01-19,AL2103.SHF,AL,254,254,14935.0,14925.0,1.0,1.0,0.0,1143.0,True,roll
2021-01-22,2021-01-25,AP2105.ZCE,AP,3,3,6082.0,6080.0,2.0,0.0,0.0,22.5,True,normal_rebalance
2021-01-22,2021-01-25,RB2105.SHF,RB,-7,-7,4279.0,4280.0,1.0,0.0,0.0,4.49295,True,normal_rebalance
2021-01-22,2021-01-25,SP2103.SHF,SP,-16,-16,6276.0,6280.0,2.0,0.0,0.0,7.5312,True,normal_rebalance
2021-01-29,2021-02-01,C2105.DCE,C,-50,-50,2712.0,2714.0,2.0,0.0,0.0,90.0,True,normal_rebalance
2021-01-29,2021-02-01,RB2105.SHF,RB,-13,-13,4272.0,4273.0,1.0,0.0,0.0,8.330400000000001,True,normal_rebalance
2021-02-05,2021-02-08,AL2103.SHF,AL,-60,-60,15625.0,15630.0,1.0,0.0,0.0,270.0,True,normal_rebalance
2021-02-05,2021-02-08,AP2105.ZCE,AP,13,13,6062.0,6060.0,2.0,0.0,0.0,97.5,True,normal_rebalance
2021-02-05,2021-02-08,C2105.DCE,C,-159,-159,2816.0,2818.0,2.0,0.0,0.0,286.2,True,normal_rebalance
2021-02-05,2021-02-08,RB2105.SHF,RB,-68,-68,4290.0,4291.0,1.0,0.0,0.0,43.75800000000001,True,normal_rebalance
2021-02-05,2021-02-08,SC2103.INE,SC,1,1,359.4,359.2,2.0,0.0,0.0,30.0,True,normal_rebalance
2021-02-05,2021-02-08,SP2103.SHF,SP,-36,-36,6596.0,6600.0,2.0,0.0,0.0,7.123679999999999,True,normal_rebalance
2021-02-05,2021-02-08,T2103.CFX,T,-206,-206,97.3,97.305,1.0,0.0,0.0,927.0,True,normal_rebalance
2021-02-08,2021-02-09,SC2103.INE,SC,12,12,363.0,362.7,2.0,1.0,0.0,360.0,True,roll
2021-02-08,2021-02-09,SC2104.INE,SC,-11,-11,369.8,370.1,2.0,1.0,0.0,330.0,True,roll
2021-02-08,2021-02-09,SP2103.SHF,SP,-82,-82,6656.0,6662.0,2.0,1.0,0.0,16.373759999999997,True,roll
2021-02-08,2021-02-09,SP2105.SHF,SP,80,80,6614.0,6608.0,2.0,1.0,0.0,39.684000000000005,True,roll
2021-02-10,2021-02-18,C2105.DCE,C,-11,-11,2780.0,2782.0,2.0,0.0,0.0,19.799999999999997,True,normal_rebalance
2021-02-10,2021-02-18,T2103.CFX,T,-12,-12,96.955,96.96,1.0,0.0,0.0,54.0,True,normal_rebalance
2021-02-19,2021-02-22,SC2104.INE,SC,2,2,387.8,387.6,2.0,0.0,0.0,60.0,True,normal_rebalance
2021-02-19,2021-02-22,SP2105.SHF,SP,7,7,6976.0,6972.0,2.0,0.0,0.0,3.6624000000000003,True,normal_rebalance
2021-02-19,2021-02-22,T2103.CFX,T,96,96,96.99,96.98,1.0,1.0,0.0,432.0,True,roll
2021-02-19,2021-02-22,T2106.CFX,T,-104,-104,96.53,96.54,1.0,1.0,0.0,468.0,True,roll
2021-02-22,2021-02-23,AL2103.SHF,AL,-194,-194,16645.0,16655.0,1.0,1.0,0.0,873.0,True,roll
2021-02-22,2021-02-23,AL2104.SHF,AL,188,188,16745.0,16735.0,1.0,1.0,0.0,846.0,True,roll
2021-02-26,2021-03-01,AL2104.SHF,AL,-19,-19,17320.0,17325.0,1.0,0.0,0.0,85.5,True,normal_rebalance
2021-02-26,2021-03-01,RB2105.SHF,RB,7,7,4656.0,4655.0,1.0,0.0,0.0,4.8888,True,normal_rebalance
2021-02-26,2021-03-01,T2106.CFX,T,-3,-3,96.545,96.55,1.0,0.0,0.0,13.5,True,normal_rebalance
2021-03-05,2021-03-08,AL2104.SHF,AL,-29,-29,17310.0,17315.0,1.0,0.0,0.0,130.5,True,normal_rebalance
2021-03-12,2021-03-15,C2105.DCE,C,-372,-372,2715.0,2717.0,2.0,0.0,0.0,669.6,True,signal_exit
2021-03-12,2021-03-15,P2105.DCE,P,71,71,7974.0,7970.0,2.0,0.0,0.0,266.25,True,normal_rebalance
2021-03-12,2021-03-15,RB2105.SHF,RB,-23,-23,4728.0,4729.0,1.0,0.0,0.0,16.311600000000002,True,normal_rebalance
2021-03-12,2021-03-15,SC2104.INE,SC,9,9,419.3,419.0,2.0,1.0,0.0,270.0,True,roll
2021-03-12,2021-03-15,SC2105.INE,SC,-7,-7,425.1,425.4,2.0,1.0,0.0,210.0,True,roll
2021-03-16,2021-03-17,AL2104.SHF,AL,-140,-140,17510.0,17520.0,1.0,1.0,0.0,630.0,True,roll
2021-03-16,2021-03-17,AL2105.SHF,AL,135,135,17520.0,17510.0,1.0,1.0,0.0,607.5,True,roll
2021-03-19,2021-03-22,C2105.DCE,C,351,351,2702.0,2700.0,2.0,0.0,0.0,631.8,True,normal_rebalance
2021-03-19,2021-03-22,P2105.DCE,P,-71,-71,7690.0,7694.0,2.0,0.0,0.0,266.25,True,signal_exit
2021-03-19,2021-03-22,T2106.CFX,T,-1,-1,97.105,97.11,1.0,0.0,0.0,4.5,True,normal_rebalance
2021-03-26,2021-03-29,AP2105.ZCE,AP,100,100,5177.0,5174.0,2.0,1.0,0.0,750.0,True,roll
2021-03-26,2021-03-29,AP2110.ZCE,AP,-96,-96,5882.0,5885.0,2.0,1.0,0.0,720.0,True,roll
2021-03-26,2021-03-29,C2105.DCE,C,39,39,2714.0,2712.0,2.0,0.0,0.0,70.19999999999999,True,normal_rebalance
2021-03-26,2021-03-29,FG2105.ZCE,FG,130,130,2134.0,2132.0,2.0,0.0,0.0,585.0,True,normal_rebalance
2021-03-26,2021-03-29,SP2105.SHF,SP,-87,-87,7072.0,7076.0,2.0,0.0,0.0,46.144800000000004,True,signal_exit
2021-04-02,2021-04-06,AP2110.ZCE,AP,10,10,5734.0,5732.0,2.0,0.0,0.0,75.0,True,normal_rebalance
2021-04-02,2021-04-06,C2105.DCE,C,-390,-390,2619.0,2621.0,2.0,0.0,0.0,702.0,True,signal_exit
2021-04-02,2021-04-06,FG2105.ZCE,FG,133,133,2132.0,2130.0,2.0,0.0,0.0,598.5,True,normal_rebalance
2021-04-02,2021-04-06,P2105.DCE,P,50,50,7604.0,7600.0,2.0,0.0,0.0,187.5,True,normal_rebalance
2021-04-02,2021-04-06,RB2105.SHF,RB,-12,-12,5162.0,5163.0,1.0,0.0,0.0,9.291599999999999,True,normal_rebalance
2021-04-02,2021-04-06,SC2105.INE,SC,7,7,390.9,390.7,2.0,0.0,0.0,210.0,True,signal_exit
2021-04-07,2021-04-08,RB2105.SHF,RB,-280,-280,5118.0,5120.0,1.0,1.0,0.0,214.95600000000002,True,roll
2021-04-07,2021-04-08,RB2110.SHF,RB,275,275,5112.0,5110.0,1.0,1.0,0.0,210.86999999999998,True,roll
2021-04-08,2021-04-09,FG2105.ZCE,FG,-263,-263,2120.0,2123.0,2.0,1.0,0.0,789.0,True,roll
2021-04-08,2021-04-09,FG2109.ZCE,FG,297,297,2162.0,2159.0,2.0,1.0,0.0,1336.5,True,roll
2021-04-09,2021-04-12,AL2105.SHF,AL,13,13,17490.0,17485.0,1.0,0.0,0.0,58.5,True,normal_rebalance
2021-04-09,2021-04-12,FG2109.ZCE,FG,-3,-3,2094.0,2096.0,2.0,0.0,0.0,13.5,True,normal_rebalance
2021-04-09,2021-04-12,P2105.DCE,P,4,4,7576.0,7572.0,2.0,0.0,0.0,15.0,True,normal_rebalance
2021-04-09,2021-04-12,T2106.CFX,T,-5,-5,97.24,97.245,1.0,0.0,0.0,22.5,True,normal_rebalance
2021-04-13,2021-04-14,P2105.DCE,P,-54,-54,7566.0,7572.0,2.0,1.0,0.0,202.5,True,roll
2021-04-13,2021-04-14,P2109.DCE,P,64,64,6812.0,6806.0,2.0,1.0,0.0,240.0,True,roll
2021-04-16,2021-04-19,T2106.CFX,T,-2,-2,97.76,97.765,1.0,0.0,0.0,9.0,True,normal_rebalance
2021-04-22,2021-04-23,AL2105.SHF,AL,-148,-148,18170.0,18180.0,1.0,1.0,0.0,666.0,True,roll
2021-04-22,2021-04-23,AL2106.SHF,AL,179,179,18170.0,18160.0,1.0,1.0,0.0,805.5,True,roll
2021-04-23,2021-04-26,AL2106.SHF,AL,9,9,18360.0,18355.0,1.0,0.0,0.0,40.5,True,normal_rebalance
2021-04-23,2021-04-26,AP2110.ZCE,AP,-5,-5,5811.0,5813.0,2.0,0.0,0.0,37.5,True,normal_rebalance
2021-04-23,2021-04-26,FG2109.ZCE,FG,-88,-88,2259.0,2261.0,2.0,0.0,0.0,396.0,True,normal_rebalance
2021-04-23,2021-04-26,P2109.DCE,P,12,12,7554.0,7550.0,2.0,0.0,0.0,45.0,True,normal_rebalance
2021-04-23,2021-04-26,RB2110.SHF,RB,58,58,5301.0,5300.0,1.0,0.0,0.0,46.118700000000004,True,normal_rebalance
2021-04-23,2021-04-26,SC2106.INE,SC,-9,-9,395.6,395.8,2.0,0.0,0.0,270.0,True,normal_rebalance
2021-04-23,2021-04-26,T2106.CFX,T,-25,-25,97.745,97.75,1.0,0.0,0.0,112.5,True,normal_rebalance
2021-04-30,2021-05-06,AP2110.ZCE,AP,-3,-3,5758.0,5760.0,2.0,0.0,0.0,22.5,True,normal_rebalance
2021-04-30,2021-05-06,FG2109.ZCE,FG,127,127,2452.0,2450.0,2.0,0.0,0.0,571.5,True,normal_rebalance
2021-04-30,2021-05-06,SC2106.INE,SC,9,9,423.8,423.6,2.0,0.0,0.0,270.0,True,signal_exit
2021-05-07,2021-05-10,P2109.DCE,P,-8,-8,8098.0,8102.0,2.0,0.0,0.0,30.0,True,normal_rebalance
2021-05-07,2021-05-10,RB2110.SHF,RB,-40,-40,5676.0,5677.0,1.0,0.0,0.0,34.056,True,normal_rebalance
2021-05-14,2021-05-17,AL2106.SHF,AL,-18,-18,19370.0,19375.0,1.0,0.0,0.0,81.0,True,normal_rebalance
2021-05-14,2021-05-17,AP2110.ZCE,AP,-14,-14,5696.0,5698.0,2.0,0.0,0.0,105.0,True,normal_rebalance
2021-05-14,2021-05-17,FG2109.ZCE,FG,-111,-111,2762.0,2764.0,2.0,0.0,0.0,1665.0,True,normal_rebalance
2021-05-14,2021-05-17,RB2110.SHF,RB,-113,-113,5679.0,5680.0,1.0,0.0,0.0,96.25905,True,normal_rebalance
2021-05-19,2021-05-20,AL2106.SHF,AL,-27,-27,19215.0,19220.0,1.0,0.0,0.0,121.5,True,volatility_forced
2021-05-19,2021-05-20,FG2109.ZCE,FG,-55,-55,2613.0,2615.0,2.0,0.0,0.0,825.0,True,volatility_forced
2021-05-19,2021-05-20,P2109.DCE,P,-6,-6,7996.0,8000.0,2.0,0.0,0.0,22.5,True,volatility_forced
2021-05-19,2021-05-20,RB2110.SHF,RB,-33,-33,5199.0,5200.0,1.0,0.0,0.0,25.73505,True,volatility_forced
2021-05-20,2021-05-21,AL2106.SHF,AL,-15,-15,19055.0,19060.0,1.0,0.0,0.0,67.5,True,volatility_forced
2021-05-20,2021-05-21,AP2110.ZCE,AP,18,18,6162.0,6160.0,2.0,0.0,0.0,135.0,True,volatility_forced
2021-05-20,2021-05-21,FG2109.ZCE,FG,-19,-19,2644.0,2646.0,2.0,0.0,0.0,285.0,True,volatility_forced
2021-05-20,2021-05-21,P2109.DCE,P,-8,-8,7898.0,7902.0,2.0,0.0,0.0,30.0,True,volatility_forced
2021-05-20,2021-05-21,RB2110.SHF,RB,-18,-18,5186.0,5187.0,1.0,0.0,0.0,14.002200000000002,True,volatility_forced
2021-05-20,2021-05-21,T2106.CFX,T,140,140,98.73,98.72,1.0,1.0,0.0,630.0,True,roll
2021-05-20,2021-05-21,T2109.CFX,T,-121,-121,98.4,98.41,1.0,1.0,0.0,544.5,True,roll
2021-05-21,2021-05-24,AL2106.SHF,AL,-128,-128,19190.0,19200.0,1.0,1.0,0.0,576.0,True,roll
2021-05-21,2021-05-24,AL2107.SHF,AL,118,118,19130.0,19120.0,1.0,1.0,0.0,531.0,True,roll
2021-05-21,2021-05-24,AP2110.ZCE,AP,1,1,6479.0,6477.0,2.0,0.0,0.0,7.5,True,normal_rebalance
2021-05-21,2021-05-24,P2109.DCE,P,-5,-5,7616.0,7620.0,2.0,0.0,0.0,18.75,True,normal_rebalance
2021-05-24,2021-05-25,AL2107.SHF,AL,-9,-9,18125.0,18130.0,1.0,0.0,0.0,40.5,True,volatility_forced
2021-05-24,2021-05-25,AP2110.ZCE,AP,6,6,6368.0,6366.0,2.0,0.0,0.0,45.0,True,volatility_forced
2021-05-24,2021-05-25,FG2109.ZCE,FG,-7,-7,2595.0,2597.0,2.0,0.0,0.0,157.5,True,volatility_forced
2021-05-24,2021-05-25,P2109.DCE,P,-4,-4,7556.0,7560.0,2.0,0.0,0.0,15.0,True,volatility_forced
2021-05-24,2021-05-25,RB2110.SHF,RB,-1,-1,4975.0,4976.0,1.0,0.0,0.0,0.7462500000000001,True,volatility_forced
2021-05-24,2021-05-25,T2109.CFX,T,5,5,98.445,98.44,1.0,0.0,0.0,22.5,True,volatility_forced
2021-05-26,2021-05-27,AP2110.ZCE,AP,14,14,6052.0,6050.0,2.0,0.0,0.0,105.0,True,volatility_forced
2021-05-26,2021-05-27,RB2110.SHF,RB,-5,-5,4646.0,4647.0,1.0,0.0,0.0,3.4844999999999997,True,volatility_forced
2021-05-27,2021-05-28,AP2110.ZCE,AP,5,5,6335.0,6333.0,2.0,0.0,0.0,37.5,True,volatility_forced
2021-06-04,2021-06-07,AL2107.SHF,AL,22,22,18460.0,18455.0,1.0,0.0,0.0,99.0,True,normal_rebalance
2021-06-04,2021-06-07,AP2110.ZCE,AP,-11,-11,6298.0,6300.0,2.0,0.0,0.0,82.5,True,normal_rebalance
2021-06-04,2021-06-07,FG2109.ZCE,FG,29,29,2702.0,2700.0,2.0,0.0,0.0,652.5,True,normal_rebalance
2021-06-04,2021-06-07,P2109.DCE,P,2,2,8030.0,8026.0,2.0,0.0,0.0,7.5,True,normal_rebalance
2021-06-04,2021-06-07,RB2110.SHF,RB,12,12,5176.0,5175.0,1.0,0.0,0.0,9.3168,True,normal_rebalance
2021-06-11,2021-06-15,AP2110.ZCE,AP,-12,-12,6318.0,6320.0,2.0,0.0,0.0,90.0,True,normal_rebalance
2021-06-11,2021-06-15,FG2109.ZCE,FG,19,19,2711.0,2709.0,2.0,0.0,0.0,427.5,True,normal_rebalance
2021-06-11,2021-06-15,P2109.DCE,P,3,3,6962.0,6958.0,2.0,0.0,0.0,11.25,True,normal_rebalance
2021-06-11,2021-06-15,RB2110.SHF,RB,9,9,5201.0,5200.0,1.0,0.0,0.0,7.02135,True,normal_rebalance
2021-06-11,2021-06-15,T2109.CFX,T,-10,-10,97.645,97.65,1.0,0.0,0.0,45.0,True,normal_rebalance
2021-06-18,2021-06-21,AP2110.ZCE,AP,-7,-7,6367.0,6369.0,2.0,0.0,0.0,52.5,True,normal_rebalance
2021-06-18,2021-06-21,C2109.DCE,C,310,310,2626.0,2624.0,2.0,0.0,0.0,558.0,True,normal_rebalance
2021-06-18,2021-06-21,P2109.DCE,P,-50,-50,6812.0,6816.0,2.0,0.0,0.0,187.5,True,signal_exit
2021-06-24,2021-06-25,AL2107.SHF,AL,-131,-131,18620.0,18630.0,1.0,1.0,0.0,589.5,True,roll
2021-06-24,2021-06-25,AL2108.SHF,AL,146,146,18740.0,18730.0,1.0,1.0,0.0,657.0,True,roll
2021-06-25,2021-06-28,AP2110.ZCE,AP,-5,-5,6175.0,6177.0,2.0,0.0,0.0,37.5,True,normal_rebalance
2021-06-25,2021-06-28,C2109.DCE,C,-310,-310,2586.0,2588.0,2.0,0.0,0.0,558.0,True,signal_exit
2021-06-25,2021-06-28,P2109.DCE,P,51,51,7044.0,7040.0,2.0,0.0,0.0,191.25,True,normal_rebalance
2021-06-25,2021-06-28,RB2110.SHF,RB,9,9,5078.0,5077.0,1.0,0.0,0.0,6.8553,True,normal_rebalance
2021-07-02,2021-07-05,AL2108.SHF,AL,6,6,18910.0,18905.0,1.0,0.0,0.0,27.0,True,normal_rebalance
2021-07-02,2021-07-05,AP2110.ZCE,AP,-6,-6,6178.0,6180.0,2.0,0.0,0.0,45.0,True,normal_rebalance
2021-07-02,2021-07-05,FG2109.ZCE,FG,9,9,2838.0,2836.0,2.0,0.0,0.0,202.5,True,normal_rebalance
2021-07-02,2021-07-05,P2109.DCE,P,2,2,7640.0,7636.0,2.0,0.0,0.0,7.5,True,normal_rebalance
2021-07-02,2021-07-05,RB2110.SHF,RB,22,22,5116.0,5115.0,1.0,0.0,0.0,16.882800000000003,True,normal_rebalance
2021-07-02,2021-07-05,T2109.CFX,T,-6,-6,98.425,98.43,1.0,0.0,0.0,27.0,True,normal_rebalance
2021-07-09,2021-07-12,AL2108.SHF,AL,36,36,19010.0,19005.0,1.0,0.0,0.0,162.0,True,normal_rebalance
2021-07-09,2021-07-12,AP2110.ZCE,AP,-22,-22,6163.0,6165.0,2.0,0.0,0.0,165.0,True,normal_rebalance
2021-07-09,2021-07-12,FG2109.ZCE,FG,64,64,2913.0,2911.0,2.0,0.0,0.0,1440.0,True,normal_rebalance
2021-07-09,2021-07-12,P2109.DCE,P,17,17,7818.0,7814.0,2.0,0.0,0.0,63.75,True,normal_rebalance
2021-07-09,2021-07-12,RB2110.SHF,RB,50,50,5476.0,5475.0,1.0,0.0,0.0,41.07000000000001,True,normal_rebalance
2021-07-09,2021-07-12,T2109.CFX,T,267,267,99.115,99.11,1.0,0.0,0.0,1201.5,True,normal_rebalance
2021-07-16,2021-07-19,AL2108.SHF,AL,18,18,19475.0,19470.0,1.0,0.0,0.0,81.0,True,normal_rebalance
2021-07-16,2021-07-19,AP2110.ZCE,AP,-3,-3,6058.0,6060.0,2.0,0.0,0.0,22.5,True,normal_rebalance
2021-07-16,2021-07-19,P2109.DCE,P,11,11,8114.0,8110.0,2.0,0.0,0.0,41.25,True,normal_rebalance
2021-07-16,2021-07-19,RB2110.SHF,RB,27,27,5581.0,5580.0,1.0,0.0,0.0,22.603050000000003,True,normal_rebalance
2021-07-22,2021-07-23,AL2108.SHF,AL,-206,-206,19200.0,19210.0,1.0,1.0,0.0,927.0,True,roll
2021-07-22,2021-07-23,AL2109.SHF,AL,218,218,19245.0,19235.0,1.0,1.0,0.0,981.0,True,roll
2021-07-23,2021-07-26,RB2110.SHF,RB,14,14,5661.0,5660.0,1.0,0.0,0.0,11.888100000000001,True,normal_rebalance
2021-07-26,2021-07-27,FG2109.ZCE,FG,-262,-262,2982.0,2985.0,2.0,1.0,0.0,786.0,True,roll
2021-07-26,2021-07-27,FG2201.ZCE,FG,253,253,2918.0,2915.0,2.0,1.0,0.0,2277.0,True,roll
2021-07-30,2021-08-02,AP2110.ZCE,AP,-6,-6,5948.0,5950.0,2.0,0.0,0.0,45.0,True,normal_rebalance
2021-07-30,2021-08-02,P2109.DCE,P,8,8,8518.0,8514.0,2.0,0.0,0.0,30.0,True,normal_rebalance
2021-07-30,2021-08-02,RB2110.SHF,RB,34,34,5684.0,5683.0,1.0,0.0,0.0,28.988400000000002,True,normal_rebalance
2021-08-06,2021-08-09,FG2201.ZCE,FG,-18,-18,2705.0,2707.0,2.0,0.0,0.0,162.0,True,normal_rebalance
2021-08-06,2021-08-09,P2109.DCE,P,-5,-5,8526.0,8530.0,2.0,0.0,0.0,18.75,True,normal_rebalance
2021-08-06,2021-08-09,RB2110.SHF,RB,-57,-57,5369.0,5370.0,1.0,0.0,0.0,45.90495,True,normal_rebalance
2021-08-11,2021-08-12,RB2110.SHF,RB,-243,-243,5478.0,5480.0,1.0,1.0,0.0,199.67310000000003,True,roll
2021-08-11,2021-08-12,RB2201.SHF,RB,236,236,5562.0,5560.0,1.0,1.0,0.0,196.89480000000003,True,roll
2021-08-13,2021-08-16,AL2109.SHF,AL,23,23,20165.0,20160.0,1.0,0.0,0.0,103.5,True,normal_rebalance
2021-08-13,2021-08-16,FG2201.ZCE,FG,-26,-26,2730.0,2732.0,2.0,0.0,0.0,234.0,True,normal_rebalance
2021-08-13,2021-08-16,T2109.CFX,T,-11,-11,99.935,99.94,1.0,0.0,0.0,49.5,True,normal_rebalance
2021-08-18,2021-08-19,P2109.DCE,P,-84,-84,8680.0,8686.0,2.0,1.0,0.0,315.0,True,roll
2021-08-18,2021-08-19,P2201.DCE,P,82,82,8154.0,8148.0,2.0,1.0,0.0,307.5,True,roll
2021-08-19,2021-08-20,T2109.CFX,T,-124,-124,100.395,100.405,1.0,1.0,0.0,558.0,True,roll
2021-08-19,2021-08-20,T2112.CFX,T,118,118,100.14,100.13,1.0,1.0,0.0,531.0,True,roll
2021-08-20,2021-08-23,AP2110.ZCE,AP,-2,-2,6000.0,6002.0,2.0,0.0,0.0,15.0,True,normal_rebalance
2021-08-23,2021-08-24,AL2109.SHF,AL,-241,-241,20440.0,20450.0,1.0,1.0,0.0,1084.5,True,roll
2021-08-23,2021-08-24,AL2110.SHF,AL,245,245,20430.0,20420.0,1.0,1.0,0.0,1102.5,True,roll
2021-08-27,2021-08-30,AP2110.ZCE,AP,-29,-29,6065.0,6067.0,2.0,0.0,0.0,217.5,True,normal_rebalance
2021-08-27,2021-08-30,FG2201.ZCE,FG,-76,-76,2638.0,2640.0,2.0,0.0,0.0,684.0,True,normal_rebalance
2021-08-27,2021-08-30,P2201.DCE,P,14,14,8256.0,8252.0,2.0,0.0,0.0,52.5,True,normal_rebalance
2021-08-27,2021-08-30,RB2201.SHF,RB,2,2,5243.0,5242.0,1.0,0.0,0.0,1.5729,True,normal_rebalance
2021-08-27,2021-08-30,RU2201.SHF,RU,-64,-64,13820.0,13830.0,2.0,0.0,0.0,288.0,True,normal_rebalance
2021-08-27,2021-08-30,T2112.CFX,T,5,5,99.895,99.89,1.0,0.0,0.0,22.5,True,normal_rebalance
2021-09-01,2021-09-02,AP2110.ZCE,AP,167,167,5712.0,5709.0,2.0,1.0,0.0,1252.5,True,roll
2021-09-01,2021-09-02,AP2201.ZCE,AP,-198,-198,5592.0,5595.0,2.0,1.0,0.0,1485.0,True,roll
2021-09-03,2021-09-06,RB2201.SHF,RB,36,36,5420.0,5419.0,1.0,0.0,0.0,29.268,True,normal_rebalance
2021-09-03,2021-09-06,RU2201.SHF,RU,-16,-16,13815.0,13825.0,2.0,0.0,0.0,72.0,True,normal_rebalance
2021-09-03,2021-09-06,T2112.CFX,T,12,12,100.325,100.32,1.0,0.0,0.0,54.0,True,normal_rebalance
2021-09-10,2021-09-13,AL2110.SHF,AL,4,4,22730.0,22725.0,1.0,0.0,0.0,18.0,True,normal_rebalance
2021-09-10,2021-09-13,AP2201.ZCE,AP,-9,-9,5596.0,5598.0,2.0,0.0,0.0,67.5,True,normal_rebalance
2021-09-10,2021-09-13,FG2201.ZCE,FG,-133,-133,2562.0,2564.0,2.0,0.0,0.0,1197.0,True,signal_exit
2021-09-10,2021-09-13,P2201.DCE,P,8,8,8158.0,8154.0,2.0,0.0,0.0,30.0,True,normal_rebalance
2021-09-10,2021-09-13,RB2201.SHF,RB,31,31,5641.0,5640.0,1.0,0.0,0.0,26.230650000000004,True,normal_rebalance
2021-09-10,2021-09-13,RU2201.SHF,RU,-9,-9,13425.0,13435.0,2.0,0.0,0.0,40.5,True,normal_rebalance
2021-09-10,2021-09-13,T2112.CFX,T,27,27,100.04,100.035,1.0,0.0,0.0,121.5,True,normal_rebalance
2021-09-10,2021-09-13,UR2201.ZCE,UR,162,162,2587.0,2585.0,2.0,0.0,0.0,1215.0,True,normal_rebalance
2021-09-17,2021-09-22,AL2110.SHF,AL,-80,-80,22395.0,22400.0,1.0,0.0,0.0,360.0,True,normal_rebalance
2021-09-23,2021-09-24,AL2110.SHF,AL,-169,-169,23510.0,23520.0,1.0,1.0,0.0,760.5,True,roll
2021-09-23,2021-09-24,AL2111.SHF,AL,172,172,23575.0,23565.0,1.0,1.0,0.0,774.0,True,roll
2021-09-24,2021-09-27,AP2201.ZCE,AP,73,73,6361.0,6359.0,2.0,0.0,0.0,547.5,True,normal_rebalance
2021-09-24,2021-09-27,UR2201.ZCE,UR,-30,-30,2828.0,2830.0,2.0,0.0,0.0,225.0,True,normal_rebalance
2021-09-30,2021-10-08,AL2111.SHF,AL,-3,-3,22900.0,22905.0,1.0,0.0,0.0,13.5,True,normal_rebalance
2021-09-30,2021-10-08,AP2201.ZCE,AP,9,9,6752.0,6750.0,2.0,0.0,0.0,67.5,True,normal_rebalance
2021-09-30,2021-10-08,CF2201.ZCE,CF,80,80,21265.0,21255.0,2.0,0.0,0.0,516.0,True,normal_rebalance
2021-09-30,2021-10-08,P2201.DCE,P,-104,-104,9342.0,9346.0,2.0,0.0,0.0,390.0,True,signal_exit
2021-09-30,2021-10-08,RU2201.SHF,RU,89,89,14530.0,14520.0,2.0,0.0,0.0,400.5,True,signal_exit
2021-09-30,2021-10-08,UR2201.ZCE,UR,83,83,3172.0,3170.0,2.0,0.0,0.0,622.5,True,normal_rebalance
2021-10-08,2021-10-11,CF2201.ZCE,CF,-1,-1,22190.0,22200.0,2.0,0.0,0.0,6.449999999999999,True,normal_rebalance
2021-10-15,2021-10-18,AP2201.ZCE,AP,13,13,6999.0,6997.0,2.0,0.0,0.0,97.5,True,normal_rebalance
2021-10-15,2021-10-18,CF2201.ZCE,CF,-16,-16,22800.0,22810.0,2.0,0.0,0.0,103.19999999999999,True,normal_rebalance
2021-10-15,2021-10-18,UR2201.ZCE,UR,-39,-39,3111.0,3113.0,2.0,0.0,0.0,292.5,True,normal_rebalance
2021-10-21,2021-10-22,AL2111.SHF,AL,-169,-169,22590.0,22600.0,1.0,1.0,0.0,760.5,True,roll
2021-10-21,2021-10-22,AL2112.SHF,AL,116,116,22610.0,22600.0,1.0,1.0,0.0,522.0,True,roll
2021-10-22,2021-10-25,AL2112.SHF,AL,-25,-25,21850.0,21855.0,1.0,0.0,0.0,112.5,True,normal_rebalance
2021-10-22,2021-10-25,AP2201.ZCE,AP,33,33,8012.0,8010.0,2.0,0.0,0.0,247.5,True,normal_rebalance
2021-10-22,2021-10-25,CF2201.ZCE,CF,-63,-63,21190.0,21200.0,2.0,0.0,0.0,945.0,True,signal_exit
2021-10-22,2021-10-25,P2201.DCE,P,54,54,9474.0,9470.0,2.0,0.0,0.0,202.5,True,normal_rebalance
2021-10-22,2021-10-25,RB2201.SHF,RB,-103,-103,4913.0,4914.0,1.0,0.0,0.0,75.90585,True,normal_rebalance
2021-10-22,2021-10-25,T2112.CFX,T,-39,-39,99.095,99.1,1.0,0.0,0.0,175.5,True,normal_rebalance
2021-10-22,2021-10-25,UR2201.ZCE,UR,-58,-58,2798.0,2800.0,2.0,0.0,0.0,435.0,True,normal_rebalance
2021-10-25,2021-10-26,AL2112.SHF,AL,-8,-8,21590.0,21595.0,1.0,0.0,0.0,36.0,True,volatility_forced
2021-10-25,2021-10-26,AP2201.ZCE,AP,21,21,8366.0,8364.0,2.0,0.0,0.0,157.5,True,volatility_forced
2021-10-25,2021-10-26,RB2201.SHF,RB,-20,-20,4829.0,4830.0,1.0,0.0,0.0,14.487000000000002,True,volatility_forced
2021-10-25,2021-10-26,T2112.CFX,T,-13,-13,99.055,99.06,1.0,0.0,0.0,58.5,True,volatility_forced
2021-10-25,2021-10-26,UR2201.ZCE,UR,-10,-10,2753.0,2755.0,2.0,0.0,0.0,75.0,True,volatility_forced
2021-10-27,2021-10-28,AL2112.SHF,AL,-7,-7,19995.0,20000.0,1.0,0.0,0.0,31.5,True,volatility_forced
2021-10-27,2021-10-28,RB2201.SHF,RB,-14,-14,4619.0,4620.0,1.0,0.0,0.0,9.699900000000001,True,volatility_forced
2021-10-27,2021-10-28,UR2201.ZCE,UR,-12,-12,2441.0,2443.0,2.0,0.0,0.0,90.0,True,volatility_forced
2021-10-28,2021-10-29,AP2201.ZCE,AP,7,7,7960.0,7958.0,2.0,0.0,0.0,52.5,True,volatility_forced
2021-10-29,2021-11-01,RU2201.SHF,RU,-41,-41,14790.0,14800.0,2.0,0.0,0.0,184.5,True,normal_rebalance
2021-10-29,2021-11-01,SC2112.INE,SC,10,10,520.3,520.1,2.0,0.0,0.0,300.0,True,normal_rebalance
2021-10-29,2021-11-01,UR2201.ZCE,UR,-96,-96,2399.0,2401.0,2.0,0.0,0.0,720.0,True,signal_exit
2021-11-02,2021-11-03,RB2201.SHF,RB,-2,-2,4249.0,4250.0,1.0,0.0,0.0,1.2747000000000002,True,volatility_forced
2021-11-03,2021-11-04,RB2201.SHF,RB,-7,-7,4397.0,4398.0,1.0,0.0,0.0,4.61685,True,volatility_forced
2021-11-04,2021-11-05,AP2201.ZCE,AP,4,4,7639.0,7637.0,2.0,0.0,0.0,30.0,True,volatility_forced
2021-11-04,2021-11-05,P2201.DCE,P,-2,-2,9606.0,9610.0,2.0,0.0,0.0,7.5,True,volatility_forced
2021-11-04,2021-11-05,RU2201.SHF,RU,3,3,14015.0,14005.0,2.0,0.0,0.0,13.5,True,volatility_forced
2021-11-08,2021-11-09,SC2112.INE,SC,-1,-1,529.8,530.0,2.0,0.0,0.0,30.0,True,volatility_forced
2021-11-11,2021-11-12,SC2112.INE,SC,-9,-9,515.7,516.0,2.0,1.0,0.0,270.0,True,roll
2021-11-11,2021-11-12,SC2201.INE,SC,9,9,513.1,512.8,2.0,1.0,0.0,270.0,True,roll
2021-11-12,2021-11-15,AL2112.SHF,AL,11,11,19555.0,19550.0,1.0,0.0,0.0,49.5,True,normal_rebalance
2021-11-12,2021-11-15,AP2201.ZCE,AP,47,47,8001.0,7999.0,2.0,0.0,0.0,352.5,True,signal_exit
2021-11-12,2021-11-15,M2201.DCE,M,-325,-325,3153.0,3155.0,2.0,0.0,0.0,731.25,True,normal_rebalance
2021-11-12,2021-11-15,RB2201.SHF,RB,3,3,4196.0,4195.0,1.0,0.0,0.0,1.8882000000000003,True,normal_rebalance
2021-11-12,2021-11-15,RU2201.SHF,RU,-4,-4,14345.0,14355.0,2.0,0.0,0.0,18.0,True,normal_rebalance
2021-11-12,2021-11-15,T2112.CFX,T,8,8,99.815,99.81,1.0,0.0,0.0,36.0,True,normal_rebalance
2021-11-16,2021-11-17,AL2112.SHF,AL,-87,-87,18740.0,18750.0,1.0,1.0,0.0,391.5,True,roll
2021-11-16,2021-11-17,AL2201.SHF,AL,101,101,18610.0,18600.0,1.0,1.0,0.0,454.5,True,roll
2021-11-19,2021-11-22,M2201.DCE,M,-46,-46,3198.0,3200.0,2.0,0.0,0.0,103.5,True,normal_rebalance
2021-11-19,2021-11-22,P2201.DCE,P,8,8,9884.0,9880.0,2.0,0.0,0.0,30.0,True,normal_rebalance
2021-11-19,2021-11-22,RB2201.SHF,RB,20,20,4251.0,4250.0,1.0,0.0,0.0,12.753,True,normal_rebalance
2021-11-19,2021-11-22,RU2201.SHF,RU,-1,-1,14940.0,14950.0,2.0,0.0,0.0,4.5,True,normal_rebalance
2021-11-19,2021-11-22,T2112.CFX,T,1,1,99.935,99.93,1.0,0.0,0.0,4.5,True,normal_rebalance
2021-11-22,2021-11-23,T2112.CFX,T,-119,-119,99.94,99.95,1.0,1.0,0.0,535.5,True,roll
2021-11-22,2021-11-23,T2203.CFX,T,130,130,99.835,99.825,1.0,1.0,0.0,585.0,True,roll
2021-11-25,2021-11-26,RU2201.SHF,RU,43,43,15480.0,15465.0,2.0,1.0,0.0,193.5,True,roll
2021-11-25,2021-11-26,RU2205.SHF,RU,-51,-51,15690.0,15705.0,2.0,1.0,0.0,229.5,True,roll
2021-11-26,2021-11-29,AL2201.SHF,AL,7,7,18805.0,18800.0,1.0,0.0,0.0,31.5,True,normal_rebalance
2021-11-26,2021-11-29,M2201.DCE,M,-43,-43,3214.0,3216.0,2.0,0.0,0.0,96.75,True,normal_rebalance
2021-11-26,2021-11-29,P2201.DCE,P,2,2,9378.0,9374.0,2.0,0.0,0.0,7.5,True,normal_rebalance
2021-11-26,2021-11-29,RB2201.SHF,RB,-182,-182,4293.0,4295.0,1.0,1.0,0.0,117.19890000000001,True,roll
2021-11-26,2021-11-29,RB2205.SHF,RB,224,224,4057.0,4055.0,1.0,1.0,0.0,136.31520000000003,True,roll
2021-11-26,2021-11-29,RU2205.SHF,RU,1,1,15070.0,15060.0,2.0,0.0,0.0,4.5,True,normal_rebalance
2021-12-03,2021-12-06,AL2201.SHF,AL,9,9,18930.0,18925.0,1.0,0.0,0.0,40.5,True,normal_rebalance
2021-12-03,2021-12-06,RU2205.SHF,RU,3,3,14705.0,14695.0,2.0,0.0,0.0,13.5,True,normal_rebalance
2021-12-03,2021-12-06,SC2201.INE,SC,-9,-9,450.8,451.0,2.0,0.0,0.0,270.0,True,signal_exit
2021-12-03,2021-12-06,SP2201.SHF,SP,117,117,5972.0,5968.0,2.0,0.0,0.0,52.404300000000006,True,normal_rebalance
2021-12-06,2021-12-07,M2201.DCE,M,414,414,3230.0,3227.0,2.0,1.0,0.0,931.5,True,roll
2021-12-06,2021-12-07,M2205.DCE,M,-440,-440,3074.0,3077.0,2.0,1.0,0.0,990.0,True,roll
2021-12-10,2021-12-13,AL2201.SHF,AL,13,13,18830.0,18825.0,1.0,0.0,0.0,58.5,True,normal_rebalance
2021-12-10,2021-12-13,RB2205.SHF,RB,1,1,4323.0,4322.0,1.0,0.0,0.0,0.64845,True,normal_rebalance
2021-12-10,2021-12-13,SP2201.SHF,SP,-3,-3,5732.0,5736.0,2.0,0.0,0.0,1.2897000000000003,True,normal_rebalance
2021-12-13,2021-12-14,P2201.DCE,P,-62,-62,9044.0,9050.0,2.0,1.0,0.0,232.5,True,roll
2021-12-13,2021-12-14,P2205.DCE,P,68,68,7980.0,7974.0,2.0,1.0,0.0,255.0,True,roll
2021-12-16,2021-12-17,SP2201.SHF,SP,-114,-114,5652.0,5658.0,2.0,1.0,0.0,19.329839999999997,True,roll
2021-12-16,2021-12-17,SP2205.SHF,SP,108,108,5646.0,5640.0,2.0,1.0,0.0,45.7326,True,roll
2021-12-17,2021-12-20,M2205.DCE,M,440,440,3182.0,3180.0,2.0,0.0,0.0,990.0,True,signal_exit
2021-12-17,2021-12-20,P2205.DCE,P,48,48,7932.0,7928.0,2.0,0.0,0.0,180.0,True,normal_rebalance
2021-12-17,2021-12-20,SC2202.INE,SC,7,7,465.2,465.0,2.0,0.0,0.0,210.0,True,normal_rebalance
2021-12-17,2021-12-20,SP2205.SHF,SP,-108,-108,5398.0,5402.0,2.0,0.0,0.0,43.723800000000004,True,signal_exit
2021-12-17,2021-12-20,T2203.CFX,T,-3,-3,100.0,100.005,1.0,0.0,0.0,13.5,True,normal_rebalance
2021-12-23,2021-12-24,AL2201.SHF,AL,-130,-130,20180.0,20190.0,1.0,1.0,0.0,585.0,True,roll
2021-12-23,2021-12-24,AL2202.SHF,AL,132,132,20250.0,20240.0,1.0,1.0,0.0,594.0,True,roll
2021-12-24,2021-12-27,JD2205.DCE,JD,-463,-463,4103.0,4105.0,2.0,0.0,0.0,1041.75,True,normal_rebalance
2021-12-24,2021-12-27,P2205.DCE,P,-48,-48,8386.0,8390.0,2.0,0.0,0.0,180.0,True,normal_rebalance
2021-12-24,2021-12-27,RB2205.SHF,RB,25,25,4511.0,4510.0,1.0,0.0,0.0,16.91625,True,normal_rebalance
2021-12-31,2022-01-04,JD2205.DCE,JD,-60,-60,4119.0,4121.0,2.0,0.0,0.0,135.0,True,normal_rebalance
2021-12-31,2022-01-04,RB2205.SHF,RB,1,1,4303.0,4302.0,1.0,0.0,0.0,0.6454500000000001,True,normal_rebalance
2021-12-31,2022-01-04,RU2205.SHF,RU,-1,-1,14900.0,14910.0,2.0,0.0,0.0,4.5,True,normal_rebalance
2021-12-31,2022-01-04,SC2202.INE,SC,-7,-7,494.6,494.8,2.0,0.0,0.0,210.0,True,signal_exit
2021-12-31,2022-01-04,SP2205.SHF,SP,99,99,6036.0,6032.0,2.0,0.0,0.0,44.8173,True,normal_rebalance
2021-12-31,2022-01-04,T2203.CFX,T,3,3,100.635,100.63,1.0,0.0,0.0,13.5,True,normal_rebalance
2022-01-07,2022-01-10,AL2202.SHF,AL,12,12,21105.0,21100.0,1.0,0.0,0.0,54.0,True,normal_rebalance
2022-01-07,2022-01-10,CF2205.ZCE,CF,94,94,21010.0,21000.0,2.0,0.0,0.0,606.3,True,normal_rebalance
2022-01-07,2022-01-10,JD2205.DCE,JD,-42,-42,4078.0,4080.0,2.0,0.0,0.0,94.5,True,normal_rebalance
2022-01-07,2022-01-10,P2205.DCE,P,-68,-68,8858.0,8862.0,2.0,0.0,0.0,255.0,True,signal_exit
2022-01-07,2022-01-10,RB2205.SHF,RB,32,32,4526.0,4525.0,1.0,0.0,0.0,21.724800000000002,True,normal_rebalance
2022-01-07,2022-01-10,RU2205.SHF,RU,-4,-4,14900.0,14910.0,2.0,0.0,0.0,18.0,True,normal_rebalance
2022-01-07,2022-01-10,SC2203.INE,SC,7,7,516.3,516.1,2.0,0.0,0.0,210.0,True,normal_rebalance
2022-01-07,2022-01-10,SP2205.SHF,SP,-99,-99,6210.0,6214.0,2.0,0.0,0.0,46.10925,True,signal_exit
2022-01-07,2022-01-10,T2203.CFX,T,10,10,100.485,100.48,1.0,0.0,0.0,45.0,True,normal_rebalance
2022-01-14,2022-01-17,AL2202.SHF,AL,10,10,21235.0,21230.0,1.0,0.0,0.0,45.0,True,normal_rebalance
2022-01-14,2022-01-17,CF2205.ZCE,CF,-94,-94,21370.0,21380.0,2.0,0.0,0.0,606.3,True,signal_exit
2022-01-14,2022-01-17,JD2205.DCE,JD,-12,-12,4048.0,4050.0,2.0,0.0,0.0,27.0,True,normal_rebalance
2022-01-14,2022-01-17,P2205.DCE,P,81,81,9054.0,9050.0,2.0,0.0,0.0,303.75,True,normal_rebalance
2022-01-14,2022-01-17,RB2205.SHF,RB,26,26,4671.0,4670.0,1.0,0.0,0.0,18.216900000000003,True,normal_rebalance
2022-01-14,2022-01-17,RU2205.SHF,RU,-2,-2,15140.0,15150.0,2.0,0.0,0.0,9.0,True,normal_rebalance
2022-01-14,2022-01-17,SC2203.INE,SC,2,2,529.0,528.8,2.0,0.0,0.0,60.0,True,normal_rebalance
2022-01-14,2022-01-17,T2203.CFX,T,14,14,100.855,100.85,1.0,0.0,0.0,63.0,True,normal_rebalance
2022-01-20,2022-01-21,AL2202.SHF,AL,-154,-154,21600.0,21610.0,1.0,1.0,0.0,693.0,True,roll
2022-01-20,2022-01-21,AL2203.SHF,AL,184,184,21610.0,21600.0,1.0,1.0,0.0,828.0,True,roll
2022-01-21,2022-01-24,JD2205.DCE,JD,577,577,4057.0,4055.0,2.0,0.0,0.0,1298.25,True,signal_exit
2022-01-21,2022-01-24,LH2203.DCE,LH,-29,-29,13740.0,13750.0,2.0,0.0,0.0,87.0,True,normal_rebalance
2022-01-21,2022-01-24,P2205.DCE,P,9,9,9610.0,9606.0,2.0,0.0,0.0,33.75,True,normal_rebalance
2022-01-21,2022-01-24,RB2205.SHF,RB,3,3,4721.0,4720.0,1.0,0.0,0.0,2.1244500000000004,True,normal_rebalance
2022-01-21,2022-01-24,SC2203.INE,SC,2,2,537.5,537.3,2.0,0.0,0.0,60.0,True,normal_rebalance
2022-01-28,2022-02-07,LH2203.DCE,LH,-4,-4,13490.0,13500.0,2.0,0.0,0.0,12.0,True,normal_rebalance
2022-01-28,2022-02-07,P2205.DCE,P,10,10,10016.0,10012.0,2.0,0.0,0.0,37.5,True,normal_rebalance
2022-01-28,2022-02-07,RB2205.SHF,RB,22,22,4876.0,4875.0,1.0,0.0,0.0,16.0908,True,normal_rebalance
2022-01-28,2022-02-07,RU2205.SHF,RU,-9,-9,14490.0,14500.0,2.0,0.0,0.0,40.5,True,normal_rebalance
2022-02-08,2022-02-09,LH2203.DCE,LH,33,33,13540.0,13525.0,2.0,1.0,0.0,49.5,True,roll
2022-02-08,2022-02-09,LH2205.DCE,LH,-38,-38,14745.0,14760.0,2.0,1.0,0.0,114.0,True,roll
2022-02-09,2022-02-10,SC2203.INE,SC,-11,-11,544.1,544.4,2.0,1.0,0.0,330.0,True,roll
2022-02-09,2022-02-10,SC2204.INE,SC,10,10,548.8,548.5,2.0,1.0,0.0,300.0,True,roll
2022-02-11,2022-02-14,RB2205.SHF,RB,17,17,4901.0,4900.0,1.0,0.0,0.0,12.497550000000002,True,normal_rebalance
2022-02-17,2022-02-18,T2203.CFX,T,-154,-154,100.72,100.73,1.0,1.0,0.0,693.0,True,roll
2022-02-17,2022-02-18,T2206.CFX,T,170,170,100.355,100.345,1.0,1.0,0.0,765.0,True,roll
2022-02-18,2022-02-21,AL2203.SHF,AL,7,7,22765.0,22760.0,1.0,0.0,0.0,31.5,True,normal_rebalance
2022-02-18,2022-02-21,LH2205.DCE,LH,-3,-3,14200.0,14210.0,2.0,0.0,0.0,9.0,True,normal_rebalance
2022-02-18,2022-02-21,P2205.DCE,P,1,1,10368.0,10364.0,2.0,0.0,0.0,3.75,True,normal_rebalance
2022-02-18,2022-02-21,RU2205.SHF,RU,-2,-2,14245.0,14255.0,2.0,0.0,0.0,9.0,True,normal_rebalance
2022-02-23,2022-02-24,AL2203.SHF,AL,-191,-191,22735.0,22745.0,1.0,1.0,0.0,859.5,True,roll
2022-02-23,2022-02-24,AL2204.SHF,AL,223,223,22690.0,22680.0,1.0,1.0,0.0,1003.5,True,roll
2022-02-25,2022-02-28,LH2205.DCE,LH,-6,-6,14290.0,14300.0,2.0,0.0,0.0,18.0,True,normal_rebalance
2022-02-25,2022-02-28,RB2205.SHF,RB,3,3,4618.0,4617.0,1.0,0.0,0.0,2.0781,True,normal_rebalance
2022-02-25,2022-02-28,RU2205.SHF,RU,-16,-16,13945.0,13955.0,2.0,0.0,0.0,72.0,True,normal_rebalance
2022-03-04,2022-03-07,LH2205.DCE,LH,-4,-4,13785.0,13795.0,2.0,0.0,0.0,12.0,True,normal_rebalance
2022-03-04,2022-03-07,P2205.DCE,P,-40,-40,11816.0,11820.0,2.0,0.0,0.0,150.0,True,normal_rebalance
2022-03-04,2022-03-07,RB2205.SHF,RB,43,43,4903.0,4902.0,1.0,0.0,0.0,31.624350000000003,True,normal_rebalance
2022-03-04,2022-03-07,RU2205.SHF,RU,-8,-8,13715.0,13725.0,2.0,0.0,0.0,36.0,True,normal_rebalance
2022-03-04,2022-03-07,SC2204.INE,SC,-3,-3,705.8,706.0,2.0,0.0,0.0,90.0,True,normal_rebalance
2022-03-04,2022-03-07,T2206.CFX,T,1,1,99.685,99.68,1.0,0.0,0.0,4.5,True,normal_rebalance
2022-03-11,2022-03-14,AL2204.SHF,AL,-76,-76,21875.0,21880.0,1.0,0.0,0.0,342.0,True,normal_rebalance
2022-03-11,2022-03-14,P2205.DCE,P,-11,-11,12232.0,12236.0,2.0,0.0,0.0,41.25,True,normal_rebalance
2022-03-11,2022-03-14,RB2205.SHF,RB,-5,-5,4871.0,4872.0,1.0,0.0,0.0,3.6532500000000003,True,normal_rebalance
2022-03-11,2022-03-14,RU2205.SHF,RU,8,8,13790.0,13780.0,2.0,0.0,0.0,36.0,True,normal_rebalance
2022-03-11,2022-03-14,SC2204.INE,SC,-5,-5,678.8,679.0,2.0,0.0,0.0,150.0,True,normal_rebalance
2022-03-11,2022-03-14,T2206.CFX,T,-16,-16,100.495,100.5,1.0,0.0,0.0,72.0,True,normal_rebalance
2022-03-14,2022-03-15,SC2204.INE,SC,-2,-2,674.1,674.4,2.0,1.0,0.0,60.0,True,roll
2022-03-14,2022-03-15,SC2205.INE,SC,4,4,664.3,664.0,2.0,1.0,0.0,120.0,True,roll
2022-03-18,2022-03-21,AL2204.SHF,AL,-147,-147,22570.0,22580.0,1.0,1.0,0.0,661.5,True,roll
2022-03-18,2022-03-21,AL2205.SHF,AL,135,135,22730.0,22720.0,1.0,1.0,0.0,607.5,True,roll
2022-03-18,2022-03-21,P2205.DCE,P,-11,-11,10726.0,10730.0,2.0,0.0,0.0,41.25,True,normal_rebalance
2022-03-18,2022-03-21,RB2205.SHF,RB,-49,-49,4922.0,4923.0,1.0,0.0,0.0,36.176700000000004,True,normal_rebalance
2022-03-18,2022-03-21,RU2205.SHF,RU,2,2,13455.0,13445.0,2.0,0.0,0.0,9.0,True,normal_rebalance
2022-03-18,2022-03-21,SC2205.INE,SC,-4,-4,660.3,660.5,2.0,0.0,0.0,120.0,True,signal_exit
2022-03-18,2022-03-21,T2206.CFX,T,-19,-19,100.395,100.4,1.0,0.0,0.0,85.5,True,normal_rebalance
2022-03-18,2022-03-21,UR2205.ZCE,UR,122,122,2847.0,2845.0,2.0,0.0,0.0,1830.0,True,normal_rebalance
2022-03-25,2022-03-28,AL2205.SHF,AL,15,15,23155.0,23150.0,1.0,0.0,0.0,67.5,True,normal_rebalance
2022-03-25,2022-03-28,P2205.DCE,P,1,1,11604.0,11600.0,2.0,0.0,0.0,3.75,True,normal_rebalance
2022-03-25,2022-03-28,RU2205.SHF,RU,-3,-3,13460.0,13470.0,2.0,0.0,0.0,13.5,True,normal_rebalance
2022-03-25,2022-03-28,SC2205.INE,SC,2,2,706.7,706.5,2.0,0.0,0.0,60.0,True,normal_rebalance
2022-03-25,2022-03-28,UR2205.ZCE,UR,-122,-122,2758.0,2760.0,2.0,0.0,0.0,1830.0,True,signal_exit
2022-03-29,2022-03-30,RB2205.SHF,RB,-343,-343,4980.0,4982.0,1.0,1.0,0.0,256.221,True,roll
2022-03-29,2022-03-30,RB2210.SHF,RB,397,397,4978.0,4976.0,1.0,1.0,0.0,296.43989999999997,True,roll
2022-04-01,2022-04-06,AL2205.SHF,AL,10,10,22740.0,22735.0,1.0,0.0,0.0,45.0,True,normal_rebalance
2022-04-01,2022-04-06,CF2205.ZCE,CF,165,165,21775.0,21765.0,2.0,0.0,0.0,1064.25,True,normal_rebalance
2022-04-01,2022-04-06,P2205.DCE,P,-40,-40,11156.0,11160.0,2.0,0.0,0.0,150.0,True,signal_exit
2022-04-01,2022-04-06,RU2205.SHF,RU,82,82,13685.0,13670.0,2.0,1.0,0.0,369.0,True,roll
2022-04-01,2022-04-06,RU2209.SHF,RU,-89,-89,13825.0,13840.0,2.0,1.0,0.0,400.5,True,roll
2022-04-01,2022-04-06,SC2205.INE,SC,1,1,663.4,663.2,2.0,0.0,0.0,30.0,True,normal_rebalance
2022-04-08,2022-04-11,AL2205.SHF,AL,1,1,21815.0,21810.0,1.0,0.0,0.0,4.5,True,normal_rebalance
2022-04-08,2022-04-11,CF2205.ZCE,CF,-165,-165,21620.0,21630.0,2.0,0.0,0.0,1064.25,True,signal_exit
2022-04-08,2022-04-11,P2209.DCE,P,40,40,10390.0,10386.0,2.0,0.0,0.0,150.0,True,normal_rebalance
2022-04-08,2022-04-11,T2206.CFX,T,3,3,100.81,100.805,1.0,0.0,0.0,13.5,True,normal_rebalance
2022-04-11,2022-04-12,SC2205.INE,SC,-3,-3,609.7,610.0,2.0,1.0,0.0,90.0,True,roll
2022-04-11,2022-04-12,SC2206.INE,SC,4,4,613.3,613.0,2.0,1.0,0.0,120.0,True,roll
2022-04-15,2022-04-18,AL2205.SHF,AL,3,3,21825.0,21820.0,1.0,0.0,0.0,13.5,True,normal_rebalance
2022-04-15,2022-04-18,P2209.DCE,P,5,5,11244.0,11240.0,2.0,0.0,0.0,18.75,True,normal_rebalance
2022-04-15,2022-04-18,RU2209.SHF,RU,-7,-7,13310.0,13320.0,2.0,0.0,0.0,31.5,True,normal_rebalance
2022-04-15,2022-04-18,T2206.CFX,T,25,25,100.485,100.48,1.0,0.0,0.0,112.5,True,normal_rebalance
2022-04-19,2022-04-20,LH2205.DCE,LH,51,51,13865.0,13850.0,2.0,1.0,0.0,76.5,True,roll
2022-04-19,2022-04-20,LH2209.DCE,LH,-43,-43,18085.0,18100.0,2.0,1.0,0.0,129.0,True,roll
2022-04-21,2022-04-22,AL2205.SHF,AL,-164,-164,21885.0,21895.0,1.0,1.0,0.0,738.0,True,roll
2022-04-21,2022-04-22,AL2206.SHF,AL,194,194,21960.0,21950.0,1.0,1.0,0.0,873.0,True,roll
2022-04-22,2022-04-25,P2209.DCE,P,3,3,11504.0,11500.0,2.0,0.0,0.0,11.25,True,normal_rebalance
2022-04-29,2022-05-05,LH2209.DCE,LH,-2,-2,18380.0,18390.0,2.0,0.0,0.0,6.0,True,normal_rebalance
2022-04-29,2022-05-05,P2209.DCE,P,10,10,12004.0,12000.0,2.0,0.0,0.0,37.5,True,normal_rebalance
2022-04-29,2022-05-05,RB2210.SHF,RB,-786,-786,4929.0,4930.0,1.0,0.0,0.0,581.1291000000001,True,normal_rebalance
2022-04-29,2022-05-05,RU2209.SHF,RU,-1,-1,12890.0,12900.0,2.0,0.0,0.0,4.5,True,normal_rebalance
2022-04-29,2022-05-05,SC2206.INE,SC,-4,-4,689.8,690.0,2.0,0.0,0.0,120.0,True,signal_exit
2022-04-29,2022-05-05,T2206.CFX,T,19,19,100.265,100.26,1.0,0.0,0.0,85.5,True,normal_rebalance
2022-04-29,2022-05-05,UR2209.ZCE,UR,148,148,2949.0,2947.0,2.0,0.0,0.0,1110.0,True,normal_rebalance
2022-05-06,2022-05-09,LH2209.DCE,LH,-3,-3,18705.0,18715.0,2.0,0.0,0.0,9.0,True,normal_rebalance
2022-05-06,2022-05-09,RU2209.SHF,RU,-5,-5,12740.0,12750.0,2.0,0.0,0.0,22.5,True,normal_rebalance
2022-05-06,2022-05-09,SC2206.INE,SC,4,4,701.7,701.5,2.0,0.0,0.0,120.0,True,normal_rebalance
2022-05-06,2022-05-09,T2206.CFX,T,9,9,100.505,100.5,1.0,0.0,0.0,40.5,True,normal_rebalance
2022-05-06,2022-05-09,UR2209.ZCE,UR,-148,-148,2961.0,2963.0,2.0,0.0,0.0,1110.0,True,signal_exit
2022-05-12,2022-05-13,SC2206.INE,SC,-4,-4,677.7,678.0,2.0,1.0,0.0,120.0,True,roll
2022-05-12,2022-05-13,SC2207.INE,SC,5,5,678.6,678.3,2.0,1.0,0.0,150.0,True,roll
2022-05-13,2022-05-16,P2209.DCE,P,5,5,11676.0,11672.0,2.0,0.0,0.0,18.75,True,normal_rebalance
2022-05-13,2022-05-16,RB2210.SHF,RB,-14,-14,4665.0,4666.0,1.0,0.0,0.0,9.796500000000002,True,normal_rebalance
2022-05-13,2022-05-16,T2206.CFX,T,22,22,100.495,100.49,1.0,0.0,0.0,99.0,True,normal_rebalance
2022-05-19,2022-05-20,T2206.CFX,T,-214,-214,100.69,100.7,1.0,1.0,0.0,963.0,True,roll
2022-05-19,2022-05-20,T2209.CFX,T,268,268,100.27,100.26,1.0,1.0,0.0,1206.0,True,roll
2022-05-20,2022-05-23,AL2206.SHF,AL,20,20,20825.0,20820.0,1.0,0.0,0.0,90.0,True,normal_rebalance
2022-05-20,2022-05-23,LH2209.DCE,LH,9,9,19110.0,19100.0,2.0,0.0,0.0,27.0,True,normal_rebalance
2022-05-20,2022-05-23,P2209.DCE,P,8,8,11620.0,11616.0,2.0,0.0,0.0,30.0,True,normal_rebalance
2022-05-20,2022-05-23,RB2210.SHF,RB,-35,-35,4628.0,4629.0,1.0,0.0,0.0,24.297,True,normal_rebalance
2022-05-20,2022-05-23,RU2209.SHF,RU,-6,-6,13080.0,13090.0,2.0,0.0,0.0,27.0,True,normal_rebalance
2022-05-20,2022-05-23,SC2207.INE,SC,2,2,700.6,700.4,2.0,0.0,0.0,60.0,True,normal_rebalance
2022-05-26,2022-05-27,AL2206.SHF,AL,-214,-214,20505.0,20515.0,1.0,1.0,0.0,963.0,True,roll
2022-05-26,2022-05-27,AL2207.SHF,AL,264,264,20645.0,20635.0,1.0,1.0,0.0,1188.0,True,roll
2022-05-27,2022-05-30,FG2209.ZCE,FG,-241,-241,1753.0,1755.0,2.0,0.0,0.0,2169.0,True,normal_rebalance
2022-05-27,2022-05-30,P2209.DCE,P,8,8,11932.0,11928.0,2.0,0.0,0.0,30.0,True,normal_rebalance
2022-05-27,2022-05-30,RB2210.SHF,RB,-9,-9,4587.0,4588.0,1.0,0.0,0.0,6.192450000000001,True,normal_rebalance
2022-05-27,2022-05-30,RU2209.SHF,RU,108,108,13230.0,13220.0,2.0,0.0,0.0,486.0,True,signal_exit
2022-06-02,2022-06-06,AL2207.SHF,AL,-29,-29,20690.0,20695.0,1.0,0.0,0.0,130.5,True,normal_rebalance
2022-06-02,2022-06-06,T2209.CFX,T,-35,-35,100.4,100.405,1.0,0.0,0.0,157.5,True,normal_rebalance
2022-06-10,2022-06-13,P2209.DCE,P,-6,-6,11354.0,11358.0,2.0,0.0,0.0,22.5,True,normal_rebalance
2022-06-10,2022-06-13,RB2210.SHF,RB,890,890,4794.0,4793.0,1.0,0.0,0.0,639.9990000000001,True,normal_rebalance
2022-06-13,2022-06-14,SC2207.INE,SC,-7,-7,756.7,757.0,2.0,1.0,0.0,210.0,True,roll
2022-06-13,2022-06-14,SC2208.INE,SC,6,6,750.4,750.1,2.0,1.0,0.0,180.0,True,roll
2022-06-17,2022-06-20,AL2207.SHF,AL,-20,-20,19755.0,19760.0,1.0,0.0,0.0,90.0,True,normal_rebalance
2022-06-17,2022-06-20,FG2209.ZCE,FG,5,5,1707.0,1705.0,2.0,0.0,0.0,45.0,True,normal_rebalance
2022-06-17,2022-06-20,LH2209.DCE,LH,4,4,19645.0,19635.0,2.0,0.0,0.0,12.0,True,normal_rebalance
2022-06-17,2022-06-20,P2209.DCE,P,-10,-10,10704.0,10708.0,2.0,0.0,0.0,37.5,True,normal_rebalance
2022-06-17,2022-06-20,RB2210.SHF,RB,-788,-788,4345.0,4346.0,1.0,0.0,0.0,513.5790000000001,True,normal_rebalance
2022-06-17,2022-06-20,T2209.CFX,T,-21,-21,100.32,100.325,1.0,0.0,0.0,94.5,True,normal_rebalance
2022-06-24,2022-06-27,AL2207.SHF,AL,-12,-12,19035.0,19040.0,1.0,0.0,0.0,54.0,True,normal_rebalance
2022-06-24,2022-06-27,AP2210.ZCE,AP,88,88,8689.0,8687.0,2.0,0.0,0.0,1320.0,True,normal_rebalance
2022-06-24,2022-06-27,FG2209.ZCE,FG,9,9,1651.0,1649.0,2.0,0.0,0.0,81.0,True,normal_rebalance
2022-06-24,2022-06-27,LH2209.DCE,LH,2,2,19995.0,19985.0,2.0,0.0,0.0,6.0,True,normal_rebalance
2022-06-24,2022-06-27,P2209.DCE,P,-63,-63,9218.0,9222.0,2.0,0.0,0.0,236.25,True,signal_exit
2022-06-24,2022-06-27,SC2208.INE,SC,-1,-1,690.3,690.5,2.0,0.0,0.0,30.0,True,normal_rebalance
2022-06-24,2022-06-27,T2209.CFX,T,-7,-7,99.995,100.0,1.0,0.0,0.0,31.5,True,normal_rebalance
2022-06-27,2022-06-28,AL2207.SHF,AL,-203,-203,19275.0,19285.0,1.0,1.0,0.0,913.5,True,roll
2022-06-27,2022-06-28,AL2208.SHF,AL,170,170,19180.0,19170.0,1.0,1.0,0.0,765.0,True,roll
2022-07-01,2022-07-04,AL2208.SHF,AL,6,6,18910.0,18905.0,1.0,0.0,0.0,27.0,True,normal_rebalance
2022-07-01,2022-07-04,JD2209.DCE,JD,-683,-683,4461.0,4463.0,2.0,0.0,0.0,1536.75,True,normal_rebalance
2022-07-01,2022-07-04,LH2209.DCE,LH,33,33,21880.0,21870.0,2.0,0.0,0.0,99.0,True,signal_exit
2022-07-01,2022-07-04,T2209.CFX,T,-4,-4,99.89,99.895,1.0,0.0,0.0,18.0,True,normal_rebalance
2022-07-08,2022-07-11,AL2208.SHF,AL,-313,-313,18430.0,18435.0,1.0,0.0,0.0,1408.5,True,normal_rebalance
2022-07-08,2022-07-11,AP2210.ZCE,AP,-18,-18,8808.0,8810.0,2.0,0.0,0.0,270.0,True,normal_rebalance
2022-07-08,2022-07-11,FG2209.ZCE,FG,17,17,1544.0,1542.0,2.0,0.0,0.0,153.0,True,normal_rebalance
2022-07-08,2022-07-11,JD2209.DCE,JD,67,67,4426.0,4424.0,2.0,0.0,0.0,150.75,True,normal_rebalance
2022-07-08,2022-07-11,RB2210.SHF,RB,56,56,4197.0,4196.0,1.0,0.0,0.0,35.2548,True,normal_rebalance
2022-07-08,2022-07-11,SC2208.INE,SC,-1,-1,680.8,681.0,2.0,0.0,0.0,30.0,True,normal_rebalance
2022-07-08,2022-07-11,T2209.CFX,T,-49,-49,100.005,100.01,1.0,0.0,0.0,220.5,True,normal_rebalance
2022-07-11,2022-07-12,SC2208.INE,SC,-4,-4,669.3,669.6,2.0,1.0,0.0,120.0,True,roll
2022-07-11,2022-07-12,SC2209.INE,SC,3,3,666.1,665.8,2.0,1.0,0.0,90.0,True,roll
2022-07-15,2022-07-18,AL2208.SHF,AL,-8,-8,17325.0,17330.0,1.0,0.0,0.0,36.0,True,normal_rebalance
2022-07-15,2022-07-18,RB2210.SHF,RB,33,33,3612.0,3611.0,1.0,0.0,0.0,17.8794,True,normal_rebalance
2022-07-22,2022-07-25,AL2208.SHF,AL,-4,-4,18045.0,18050.0,1.0,0.0,0.0,18.0,True,normal_rebalance
2022-07-27,2022-07-28,AL2208.SHF,AL,149,149,17985.0,17975.0,1.0,1.0,0.0,670.5,True,roll
2022-07-27,2022-07-28,AL2209.SHF,AL,-174,-174,18015.0,18025.0,1.0,1.0,0.0,783.0,True,roll
2022-07-29,2022-08-01,AP2210.ZCE,AP,1,1,8864.0,8862.0,2.0,0.0,0.0,15.0,True,normal_rebalance
2022-07-29,2022-08-01,JD2209.DCE,JD,-9,-9,4278.0,4280.0,2.0,0.0,0.0,20.25,True,normal_rebalance
2022-08-05,2022-08-08,AP2210.ZCE,AP,4,4,8600.0,8598.0,2.0,0.0,0.0,60.0,True,normal_rebalance
2022-08-05,2022-08-08,FG2209.ZCE,FG,-2,-2,1543.0,1545.0,2.0,0.0,0.0,18.0,True,normal_rebalance
2022-08-05,2022-08-08,RB2210.SHF,RB,-4,-4,4039.0,4040.0,1.0,0.0,0.0,2.4234,True,normal_rebalance
2022-08-05,2022-08-08,SC2209.INE,SC,2,2,646.2,646.0,2.0,0.0,0.0,60.0,True,normal_rebalance
2022-08-05,2022-08-08,T2209.CFX,T,6,6,101.225,101.22,1.0,0.0,0.0,27.0,True,normal_rebalance
2022-08-11,2022-08-12,FG2209.ZCE,FG,212,212,1621.0,1618.0,2.0,1.0,0.0,636.0,True,roll
2022-08-11,2022-08-12,FG2301.ZCE,FG,-245,-245,1596.0,1599.0,2.0,1.0,0.0,2205.0,True,roll
2022-08-12,2022-08-15,AP2210.ZCE,AP,7,7,8630.0,8628.0,2.0,0.0,0.0,105.0,True,normal_rebalance
2022-08-12,2022-08-15,JD2209.DCE,JD,63,63,4132.0,4130.0,2.0,0.0,0.0,141.75,True,normal_rebalance
2022-08-12,2022-08-15,RB2210.SHF,RB,-20,-20,4119.0,4120.0,1.0,0.0,0.0,12.357000000000003,True,normal_rebalance
2022-08-12,2022-08-15,SC2209.INE,SC,-5,-5,696.3,696.6,2.0,1.0,0.0,150.0,True,roll
2022-08-12,2022-08-15,SC2210.INE,SC,5,5,671.7,671.4,2.0,1.0,0.0,150.0,True,roll
2022-08-12,2022-08-15,T2209.CFX,T,2,2,101.605,101.6,1.0,0.0,0.0,9.0,True,normal_rebalance
2022-08-15,2022-08-16,JD2209.DCE,JD,562,562,4093.0,4090.0,2.0,1.0,0.0,1264.5,True,roll
2022-08-15,2022-08-16,JD2301.DCE,JD,-474,-474,4097.0,4100.0,2.0,1.0,0.0,1066.5,True,roll
2022-08-19,2022-08-22,JD2301.DCE,JD,-25,-25,4140.0,4142.0,2.0,0.0,0.0,56.25,True,normal_rebalance
2022-08-19,2022-08-22,RB2210.SHF,RB,-2,-2,3947.0,3948.0,1.0,0.0,0.0,1.1841000000000002,True,normal_rebalance
2022-08-19,2022-08-22,T2209.CFX,T,-160,-160,102.16,102.17,1.0,1.0,0.0,720.0,True,roll
2022-08-19,2022-08-22,T2212.CFX,T,145,145,101.675,101.665,1.0,1.0,0.0,652.5,True,roll
2022-08-26,2022-08-29,AP2210.ZCE,AP,6,6,9202.0,9200.0,2.0,0.0,0.0,90.0,True,normal_rebalance
2022-08-26,2022-08-29,JD2301.DCE,JD,-39,-39,4129.0,4131.0,2.0,0.0,0.0,87.75,True,normal_rebalance
2022-08-26,2022-08-29,RB2210.SHF,RB,-26,-26,4104.0,4105.0,1.0,0.0,0.0,16.0056,True,normal_rebalance
2022-08-26,2022-08-29,SC2210.INE,SC,1,1,732.7,732.5,2.0,0.0,0.0,30.0,True,normal_rebalance
2022-08-29,2022-08-30,AL2209.SHF,AL,174,174,18795.0,18785.0,1.0,1.0,0.0,783.0,True,roll
2022-08-29,2022-08-30,AL2210.SHF,AL,-187,-187,18665.0,18675.0,1.0,1.0,0.0,841.5,True,roll
2022-08-31,2022-09-01,RB2210.SHF,RB,308,308,3922.0,3920.0,1.0,1.0,0.0,181.1964,True,roll
2022-08-31,2022-09-01,RB2301.SHF,RB,-344,-344,3692.0,3694.0,1.0,1.0,0.0,190.5072,True,roll
2022-09-02,2022-09-05,AP2210.ZCE,AP,14,14,9077.0,9075.0,2.0,0.0,0.0,210.0,True,normal_rebalance
2022-09-02,2022-09-05,FG2301.ZCE,FG,-8,-8,1430.0,1432.0,2.0,0.0,0.0,72.0,True,normal_rebalance
2022-09-02,2022-09-05,JD2301.DCE,JD,-65,-65,4218.0,4220.0,2.0,0.0,0.0,146.25,True,normal_rebalance
2022-09-02,2022-09-05,T2212.CFX,T,10,10,101.655,101.65,1.0,0.0,0.0,45.0,True,normal_rebalance
2022-09-05,2022-09-06,SC2210.INE,SC,-6,-6,709.4,709.7,2.0,1.0,0.0,180.0,True,roll
2022-09-05,2022-09-06,SC2211.INE,SC,7,7,673.3,673.0,2.0,1.0,0.0,210.0,True,roll
2022-09-08,2022-09-09,AP2210.ZCE,AP,-102,-102,8635.0,8638.0,2.0,1.0,0.0,765.0,True,roll
2022-09-08,2022-09-09,AP2301.ZCE,AP,80,80,8703.0,8700.0,2.0,1.0,0.0,600.0,True,roll
2022-09-09,2022-09-13,AL2210.SHF,AL,4,4,18905.0,18900.0,1.0,0.0,0.0,18.0,True,normal_rebalance
2022-09-16,2022-09-19,RB2301.SHF,RB,-2,-2,3688.0,3689.0,1.0,0.0,0.0,1.1064,True,normal_rebalance
2022-09-16,2022-09-19,SC2211.INE,SC,-7,-7,661.1,661.3,2.0,0.0,0.0,210.0,True,signal_exit
2022-09-16,2022-09-19,SP2301.SHF,SP,132,132,6964.0,6960.0,2.0,0.0,0.0,68.9436,True,normal_rebalance
2022-09-23,2022-09-26,JD2301.DCE,JD,603,603,4325.0,4323.0,2.0,0.0,0.0,1356.75,True,signal_exit
2022-09-23,2022-09-26,SC2211.INE,SC,4,4,640.6,640.4,2.0,0.0,0.0,120.0,True,normal_rebalance
2022-09-23,2022-09-26,SP2301.SHF,SP,-132,-132,6666.0,6670.0,2.0,0.0,0.0,65.99340000000001,True,signal_exit
2022-09-23,2022-09-26,SR2301.ZCE,SR,-286,-286,5605.0,5607.0,2.0,0.0,0.0,1287.0,True,normal_rebalance
2022-09-28,2022-09-29,AL2210.SHF,AL,183,183,18100.0,18090.0,1.0,1.0,0.0,823.5,True,roll
2022-09-28,2022-09-29,AL2211.SHF,AL,-176,-176,17895.0,17905.0,1.0,1.0,0.0,792.0,True,roll
2022-09-30,2022-10-10,AP2301.ZCE,AP,2,2,8401.0,8399.0,2.0,0.0,0.0,15.0,True,normal_rebalance
2022-09-30,2022-10-10,JD2301.DCE,JD,-557,-557,4386.0,4388.0,2.0,0.0,0.0,1253.25,True,normal_rebalance
2022-09-30,2022-10-10,RB2301.SHF,RB,-38,-38,3824.0,3825.0,1.0,0.0,0.0,21.7968,True,normal_rebalance
2022-09-30,2022-10-10,SC2211.INE,SC,-4,-4,704.8,705.0,2.0,0.0,0.0,120.0,True,signal_exit
2022-09-30,2022-10-10,SP2301.SHF,SP,113,113,6954.0,6950.0,2.0,0.0,0.0,58.93515000000001,True,normal_rebalance
2022-09-30,2022-10-10,SR2301.ZCE,SR,286,286,5541.0,5539.0,2.0,0.0,0.0,1287.0,True,signal_exit
2022-10-14,2022-10-17,AP2301.ZCE,AP,-82,-82,8253.0,8255.0,2.0,0.0,0.0,615.0,True,signal_exit
2022-10-14,2022-10-17,JD2301.DCE,JD,88,88,4532.0,4530.0,2.0,0.0,0.0,198.0,True,normal_rebalance
2022-10-14,2022-10-17,M2301.DCE,M,210,210,4152.0,4150.0,2.0,0.0,0.0,472.5,True,normal_rebalance
2022-10-14,2022-10-17,RB2301.SHF,RB,-3,-3,3757.0,3758.0,1.0,0.0,0.0,1.69065,True,normal_rebalance
2022-10-14,2022-10-17,SC2212.INE,SC,3,3,677.7,677.5,2.0,0.0,0.0,90.0,True,normal_rebalance
2022-10-14,2022-10-17,SP2301.SHF,SP,-113,-113,6674.0,6678.0,2.0,0.0,0.0,56.56215000000002,True,signal_exit
2022-10-14,2022-10-17,T2212.CFX,T,-1,-1,101.345,101.35,1.0,0.0,0.0,4.5,True,normal_rebalance
2022-10-21,2022-10-24,CF2301.ZCE,CF,-90,-90,13175.0,13185.0,2.0,0.0,0.0,580.5,True,normal_rebalance
2022-10-21,2022-10-24,JD2301.DCE,JD,469,469,4513.0,4511.0,2.0,0.0,0.0,1055.25,True,signal_exit
2022-10-21,2022-10-24,RB2301.SHF,RB,-6,-6,3628.0,3629.0,1.0,0.0,0.0,3.2652,True,normal_rebalance
2022-10-21,2022-10-24,SC2212.INE,SC,-3,-3,663.8,664.0,2.0,0.0,0.0,90.0,True,signal_exit
2022-10-21,2022-10-24,SP2301.SHF,SP,126,126,6756.0,6752.0,2.0,0.0,0.0,63.8442,True,normal_rebalance
2022-10-27,2022-10-28,AL2211.SHF,AL,176,176,18655.0,18645.0,1.0,1.0,0.0,792.0,True,roll
2022-10-27,2022-10-28,AL2212.SHF,AL,-207,-207,18555.0,18565.0,1.0,1.0,0.0,931.5,True,roll
2022-10-28,2022-10-31,CF2301.ZCE,CF,-15,-15,12780.0,12790.0,2.0,0.0,0.0,96.75,True,normal_rebalance
2022-10-28,2022-10-31,M2301.DCE,M,5,5,4051.0,4049.0,2.0,0.0,0.0,11.25,True,normal_rebalance
2022-10-28,2022-10-31,RB2301.SHF,RB,-40,-40,3489.0,3490.0,1.0,0.0,0.0,20.934,True,normal_rebalance
2022-10-28,2022-10-31,SP2301.SHF,SP,7,7,6654.0,6650.0,2.0,0.0,0.0,3.4933500000000004,True,normal_rebalance
2022-11-04,2022-11-07,CF2301.ZCE,CF,-3,-3,13270.0,13280.0,2.0,0.0,0.0,19.349999999999998,True,normal_rebalance
2022-11-04,2022-11-07,FG2301.ZCE,FG,253,253,1407.0,1405.0,2.0,0.0,0.0,2277.0,True,signal_exit
2022-11-04,2022-11-07,M2301.DCE,M,13,13,4200.0,4198.0,2.0,0.0,0.0,29.25,True,normal_rebalance
2022-11-04,2022-11-07,RB2301.SHF,RB,-15,-15,3584.0,3585.0,1.0,0.0,0.0,8.064000000000002,True,normal_rebalance
2022-11-04,2022-11-07,RU2301.SHF,RU,-75,-75,12320.0,12330.0,2.0,0.0,0.0,337.5,True,normal_rebalance
2022-11-04,2022-11-07,SP2301.SHF,SP,13,13,6738.0,6734.0,2.0,0.0,0.0,6.569550000000001,True,normal_rebalance
2022-11-04,2022-11-07,T2212.CFX,T,9,9,101.48,101.475,1.0,0.0,0.0,40.5,True,normal_rebalance
2022-11-11,2022-11-14,CF2301.ZCE,CF,-3,-3,13290.0,13300.0,2.0,0.0,0.0,19.349999999999998,True,normal_rebalance
2022-11-17,2022-11-18,T2212.CFX,T,-163,-163,100.57,100.58,1.0,1.0,0.0,733.5,True,roll
2022-11-17,2022-11-18,T2303.CFX,T,83,83,99.74,99.73,1.0,1.0,0.0,373.5,True,roll
2022-11-18,2022-11-21,AL2212.SHF,AL,454,454,19165.0,19160.0,1.0,0.0,0.0,2043.0,True,normal_rebalance
2022-11-18,2022-11-21,CF2301.ZCE,CF,-31,-31,13545.0,13555.0,2.0,0.0,0.0,199.95,True,normal_rebalance
2022-11-18,2022-11-21,M2301.DCE,M,47,47,4121.0,4119.0,2.0,0.0,0.0,105.75,True,normal_rebalance
2022-11-18,2022-11-21,RB2301.SHF,RB,-81,-81,3711.0,3712.0,1.0,0.0,0.0,45.08865000000001,True,normal_rebalance
2022-11-18,2022-11-21,RU2301.SHF,RU,-18,-18,12710.0,12720.0,2.0,0.0,0.0,81.0,True,normal_rebalance
2022-11-18,2022-11-21,SP2301.SHF,SP,27,27,6924.0,6920.0,2.0,0.0,0.0,14.0211,True,normal_rebalance
2022-11-18,2022-11-21,T2303.CFX,T,21,21,99.755,99.75,1.0,0.0,0.0,94.5,True,normal_rebalance
2022-11-25,2022-11-28,AL2212.SHF,AL,-436,-436,18875.0,18880.0,1.0,0.0,0.0,1962.0,True,normal_rebalance
2022-11-25,2022-11-28,CF2301.ZCE,CF,10,10,13505.0,13495.0,2.0,0.0,0.0,64.5,True,normal_rebalance
2022-11-25,2022-11-28,M2301.DCE,M,-17,-17,4308.0,4310.0,2.0,0.0,0.0,38.25,True,normal_rebalance
2022-11-25,2022-11-28,RB2301.SHF,RB,23,23,3737.0,3736.0,1.0,0.0,0.0,12.89265,True,normal_rebalance
2022-11-25,2022-11-28,RU2301.SHF,RU,29,29,12805.0,12795.0,2.0,0.0,0.0,130.5,True,normal_rebalance
2022-11-25,2022-11-28,SP2301.SHF,SP,-14,-14,7096.0,7100.0,2.0,0.0,0.0,7.4508,True,normal_rebalance
2022-11-25,2022-11-28,T2303.CFX,T,-11,-11,99.89,99.895,1.0,0.0,0.0,49.5,True,normal_rebalance
2022-11-28,2022-11-29,AL2212.SHF,AL,189,189,18780.0,18770.0,1.0,1.0,0.0,850.5,True,roll
2022-11-28,2022-11-29,AL2301.SHF,AL,-203,-203,18730.0,18740.0,1.0,1.0,0.0,913.5,True,roll
2022-12-02,2022-12-05,AL2301.SHF,AL,439,439,19195.0,19190.0,1.0,0.0,0.0,1975.5,True,normal_rebalance
2022-12-02,2022-12-05,CF2301.ZCE,CF,132,132,13500.0,13485.0,2.0,1.0,0.0,851.4,True,roll
2022-12-02,2022-12-05,CF2305.ZCE,CF,-155,-155,13445.0,13460.0,2.0,1.0,0.0,999.75,True,roll
2022-12-02,2022-12-05,M2301.DCE,M,23,23,4282.0,4280.0,2.0,0.0,0.0,51.75,True,normal_rebalance
2022-12-02,2022-12-05,RB2301.SHF,RB,506,506,3796.0,3794.0,1.0,1.0,0.0,288.11640000000006,True,roll
2022-12-02,2022-12-05,RB2305.SHF,RB,-646,-646,3803.0,3805.0,1.0,1.0,0.0,368.51070000000004,True,roll
2022-12-02,2022-12-05,RU2301.SHF,RU,-15,-15,12940.0,12950.0,2.0,0.0,0.0,67.5,True,normal_rebalance
2022-12-02,2022-12-05,T2303.CFX,T,13,13,99.505,99.5,1.0,0.0,0.0,58.5,True,normal_rebalance
2022-12-06,2022-12-07,RU2301.SHF,RU,79,79,12925.0,12910.0,2.0,1.0,0.0,355.5,True,roll
2022-12-06,2022-12-07,RU2305.SHF,RU,-92,-92,12915.0,12930.0,2.0,1.0,0.0,414.0,True,roll
2022-12-09,2022-12-12,CF2305.ZCE,CF,12,12,13860.0,13850.0,2.0,0.0,0.0,77.39999999999999,True,normal_rebalance
2022-12-09,2022-12-12,M2301.DCE,M,-45,-45,4448.0,4450.0,2.0,0.0,0.0,101.25,True,normal_rebalance
2022-12-09,2022-12-12,RB2305.SHF,RB,1068,1068,3946.0,3945.0,1.0,0.0,0.0,632.1492,True,normal_rebalance
2022-12-09,2022-12-12,RU2305.SHF,RU,12,12,13195.0,13185.0,2.0,0.0,0.0,54.0,True,normal_rebalance
2022-12-09,2022-12-12,T2303.CFX,T,-3,-3,99.785,99.79,1.0,0.0,0.0,13.5,True,normal_rebalance
2022-12-16,2022-12-19,AL2301.SHF,AL,29,29,18760.0,18755.0,1.0,0.0,0.0,130.5,True,normal_rebalance
2022-12-16,2022-12-19,CF2305.ZCE,CF,-31,-31,14090.0,14100.0,2.0,0.0,0.0,199.95,True,normal_rebalance
2022-12-16,2022-12-19,M2301.DCE,M,22,22,4299.0,4297.0,2.0,0.0,0.0,49.5,True,normal_rebalance
2022-12-16,2022-12-19,RB2305.SHF,RB,-981,-981,4040.0,4041.0,1.0,0.0,0.0,594.486,True,normal_rebalance
2022-12-16,2022-12-19,RU2305.SHF,RU,-8,-8,13055.0,13065.0,2.0,0.0,0.0,36.0,True,normal_rebalance
2022-12-16,2022-12-19,T2303.CFX,T,12,12,100.205,100.2,1.0,0.0,0.0,54.0,True,normal_rebalance
2022-12-19,2022-12-20,M2301.DCE,M,-258,-258,4255.0,4258.0,2.0,1.0,0.0,580.5,True,roll
2022-12-19,2022-12-20,M2305.DCE,M,305,305,3718.0,3715.0,2.0,1.0,0.0,686.25,True,roll
2022-12-19,2022-12-20,SP2301.SHF,SP,-159,-159,6974.0,6980.0,2.0,1.0,0.0,33.26598,True,roll
2022-12-19,2022-12-20,SP2305.SHF,SP,162,162,6496.0,6490.0,2.0,1.0,0.0,78.9264,True,roll
2022-12-23,2022-12-26,AL2301.SHF,AL,37,37,18620.0,18615.0,1.0,0.0,0.0,166.5,True,normal_rebalance
2022-12-23,2022-12-26,CF2305.ZCE,CF,-4,-4,13930.0,13940.0,2.0,0.0,0.0,25.799999999999997,True,normal_rebalance
2022-12-23,2022-12-26,M2305.DCE,M,13,13,3800.0,3798.0,2.0,0.0,0.0,29.25,True,normal_rebalance
2022-12-23,2022-12-26,RU2305.SHF,RU,-10,-10,12555.0,12565.0,2.0,0.0,0.0,45.0,True,normal_rebalance
2022-12-23,2022-12-26,SP2305.SHF,SP,5,5,6500.0,6496.0,2.0,0.0,0.0,2.4375,True,normal_rebalance
2022-12-23,2022-12-26,T2303.CFX,T,20,20,100.41,100.405,1.0,0.0,0.0,90.0,True,normal_rebalance
2022-12-27,2022-12-28,AL2301.SHF,AL,-302,-302,19010.0,19020.0,1.0,1.0,0.0,1359.0,True,roll
2022-12-27,2022-12-28,AL2302.SHF,AL,339,339,19070.0,19060.0,1.0,1.0,0.0,1525.5,True,roll
2022-12-30,2023-01-03,AL2302.SHF,AL,-560,-560,18655.0,18660.0,1.0,0.0,0.0,2520.0,True,normal_rebalance
2022-12-30,2023-01-03,CF2305.ZCE,CF,6,6,14300.0,14290.0,2.0,0.0,0.0,38.699999999999996,True,normal_rebalance
2022-12-30,2023-01-03,M2305.DCE,M,-40,-40,3933.0,3935.0,2.0,0.0,0.0,90.0,True,normal_rebalance
2022-12-30,2023-01-03,RB2305.SHF,RB,48,48,4101.0,4100.0,1.0,0.0,0.0,29.527200000000004,True,normal_rebalance
2022-12-30,2023-01-03,RU2305.SHF,RU,4,4,12710.0,12700.0,2.0,0.0,0.0,18.0,True,normal_rebalance
2022-12-30,2023-01-03,SP2305.SHF,SP,-38,-38,6702.0,6706.0,2.0,0.0,0.0,19.1007,True,normal_rebalance
2022-12-30,2023-01-03,T2303.CFX,T,-6,-6,100.275,100.28,1.0,0.0,0.0,27.0,True,normal_rebalance
2023-01-06,2023-01-09,RU2305.SHF,RU,5,5,12910.0,12900.0,2.0,0.0,0.0,22.5,True,normal_rebalance
2023-01-13,2023-01-16,AL2302.SHF,AL,-73,-73,18490.0,18495.0,1.0,0.0,0.0,328.5,True,normal_rebalance
2023-01-13,2023-01-16,CF2305.ZCE,CF,-25,-25,14365.0,14375.0,2.0,0.0,0.0,161.25,True,normal_rebalance
2023-01-13,2023-01-16,M2305.DCE,M,47,47,3903.0,3901.0,2.0,0.0,0.0,105.75,True,normal_rebalance
2023-01-13,2023-01-16,RB2305.SHF,RB,1107,1107,4151.0,4150.0,1.0,0.0,0.0,689.2735500000001,True,normal_rebalance
2023-01-13,2023-01-16,RU2305.SHF,RU,-17,-17,12950.0,12960.0,2.0,0.0,0.0,76.5,True,normal_rebalance
2023-01-13,2023-01-16,SP2305.SHF,SP,15,15,6492.0,6488.0,2.0,0.0,0.0,7.3035,True,normal_rebalance
2023-01-13,2023-01-16,T2303.CFX,T,8,8,99.99,99.985,1.0,0.0,0.0,36.0,True,normal_rebalance
2023-01-18,2023-01-19,AL2302.SHF,AL,294,294,19060.0,19050.0,1.0,1.0,0.0,1323.0,True,roll
2023-01-18,2023-01-19,AL2303.SHF,AL,-309,-309,19050.0,19060.0,1.0,1.0,0.0,1390.5,True,roll
2023-01-20,2023-01-30,AL2303.SHF,AL,91,91,19490.0,19485.0,1.0,0.0,0.0,409.5,True,normal_rebalance
2023-01-20,2023-01-30,CF2305.ZCE,CF,38,38,15060.0,15050.0,2.0,0.0,0.0,245.10000000000002,True,normal_rebalance
2023-01-20,2023-01-30,M2305.DCE,M,-75,-75,3877.0,3879.0,2.0,0.0,0.0,168.75,True,normal_rebalance
2023-01-20,2023-01-30,RB2305.SHF,RB,-989,-989,4229.0,4230.0,1.0,0.0,0.0,627.3721500000001,True,normal_rebalance
2023-01-20,2023-01-30,RU2305.SHF,RU,26,26,13620.0,13610.0,2.0,0.0,0.0,117.0,True,normal_rebalance
2023-01-20,2023-01-30,SP2305.SHF,SP,-32,-32,6798.0,6802.0,2.0,0.0,0.0,16.3152,True,normal_rebalance
2023-02-03,2023-02-06,AL2303.SHF,AL,5,5,19085.0,19080.0,1.0,0.0,0.0,22.5,True,normal_rebalance
2023-02-03,2023-02-06,RB2305.SHF,RB,-5,-5,4053.0,4054.0,1.0,0.0,0.0,3.0397500000000006,True,normal_rebalance
2023-02-03,2023-02-06,RU2305.SHF,RU,9,9,12710.0,12700.0,2.0,0.0,0.0,40.5,True,normal_rebalance
2023-02-03,2023-02-06,T2303.CFX,T,-7,-7,100.365,100.37,1.0,0.0,0.0,31.5,True,normal_rebalance
2023-02-10,2023-02-13,FG2305.ZCE,FG,-170,-170,1540.0,1542.0,2.0,0.0,0.0,1530.0,True,normal_rebalance
2023-02-10,2023-02-13,RB2305.SHF,RB,-17,-17,4073.0,4074.0,1.0,0.0,0.0,10.38615,True,normal_rebalance
2023-02-10,2023-02-13,RU2305.SHF,RU,71,71,12570.0,12560.0,2.0,0.0,0.0,319.5,True,signal_exit
2023-02-17,2023-02-20,FG2305.ZCE,FG,-16,-16,1518.0,1520.0,2.0,0.0,0.0,144.0,True,normal_rebalance
2023-02-20,2023-02-21,T2303.CFX,T,-130,-130,100.32,100.33,1.0,1.0,0.0,585.0,True,roll
2023-02-20,2023-02-21,T2306.CFX,T,128,128,99.45,99.44,1.0,1.0,0.0,576.0,True,roll
2023-02-22,2023-02-23,AL2303.SHF,AL,213,213,18755.0,18745.0,1.0,1.0,0.0,958.5,True,roll
2023-02-22,2023-02-23,AL2304.SHF,AL,-203,-203,18775.0,18785.0,1.0,1.0,0.0,913.5,True,roll
2023-02-24,2023-02-27,FG2305.ZCE,FG,-12,-12,1516.0,1518.0,2.0,0.0,0.0,108.0,True,normal_rebalance
2023-02-24,2023-02-27,M2305.DCE,M,9,9,3858.0,3856.0,2.0,0.0,0.0,20.25,True,normal_rebalance
2023-02-24,2023-02-27,SP2305.SHF,SP,1,1,6484.0,6480.0,2.0,0.0,0.0,0.48630000000000007,True,normal_rebalance
2023-03-03,2023-03-06,FG2305.ZCE,FG,-17,-17,1546.0,1548.0,2.0,0.0,0.0,153.0,True,normal_rebalance
2023-03-10,2023-03-13,FG2305.ZCE,FG,215,215,1594.0,1592.0,2.0,0.0,0.0,1935.0,True,signal_exit
2023-03-10,2023-03-13,M2305.DCE,M,47,47,3791.0,3789.0,2.0,0.0,0.0,105.75,True,normal_rebalance
2023-03-10,2023-03-13,RB2305.SHF,RB,-18,-18,4326.0,4327.0,1.0,0.0,0.0,11.680200000000001,True,normal_rebalance
2023-03-10,2023-03-13,RU2305.SHF,RU,-72,-72,11980.0,11990.0,2.0,0.0,0.0,324.0,True,normal_rebalance
2023-03-10,2023-03-13,SP2305.SHF,SP,-113,-113,6106.0,6110.0,2.0,0.0,0.0,51.74835,True,signal_exit
2023-03-10,2023-03-13,T2306.CFX,T,12,12,100.295,100.29,1.0,0.0,0.0,54.0,True,normal_rebalance
2023-03-10,2023-03-13,UR2305.ZCE,UR,137,137,2457.0,2455.0,2.0,0.0,0.0,1027.5,True,normal_rebalance
2023-03-17,2023-03-20,AL2304.SHF,AL,-2,-2,18195.0,18200.0,1.0,0.0,0.0,9.0,True,normal_rebalance
2023-03-17,2023-03-20,CF2305.ZCE,CF,2,2,13860.0,13850.0,2.0,0.0,0.0,12.899999999999999,True,normal_rebalance
2023-03-17,2023-03-20,M2305.DCE,M,12,12,3702.0,3700.0,2.0,0.0,0.0,27.0,True,normal_rebalance
2023-03-17,2023-03-20,RU2305.SHF,RU,-4,-4,11690.0,11700.0,2.0,0.0,0.0,18.0,True,normal_rebalance
2023-03-17,2023-03-20,T2306.CFX,T,4,4,100.485,100.48,1.0,0.0,0.0,18.0,True,normal_rebalance
2023-03-22,2023-03-23,AL2304.SHF,AL,205,205,18300.0,18290.0,1.0,1.0,0.0,922.5,True,roll
2023-03-22,2023-03-23,AL2305.SHF,AL,-235,-235,18200.0,18210.0,1.0,1.0,0.0,1057.5,True,roll
2023-03-24,2023-03-27,AL2305.SHF,AL,13,13,18410.0,18405.0,1.0,0.0,0.0,58.5,True,normal_rebalance
2023-03-24,2023-03-27,AP2305.ZCE,AP,71,71,8789.0,8787.0,2.0,0.0,0.0,532.5,True,normal_rebalance
2023-03-24,2023-03-27,CF2305.ZCE,CF,3,3,13820.0,13810.0,2.0,0.0,0.0,19.349999999999998,True,normal_rebalance
2023-03-24,2023-03-27,M2305.DCE,M,-318,-318,3487.0,3489.0,2.0,0.0,0.0,715.5,True,signal_exit
2023-03-24,2023-03-27,RB2305.SHF,RB,25,25,4081.0,4080.0,1.0,0.0,0.0,15.30375,True,normal_rebalance
2023-03-24,2023-03-27,RU2305.SHF,RU,-59,-59,11660.0,11670.0,2.0,0.0,0.0,265.5,True,normal_rebalance
2023-03-24,2023-03-27,UR2305.ZCE,UR,-137,-137,2493.0,2495.0,2.0,0.0,0.0,1027.5,True,signal_exit
2023-03-31,2023-04-03,AL2305.SHF,AL,2,2,18735.0,18730.0,1.0,0.0,0.0,9.0,True,normal_rebalance
2023-03-31,2023-04-03,AP2305.ZCE,AP,-71,-71,8219.0,8221.0,2.0,0.0,0.0,532.5,True,signal_exit
2023-03-31,2023-04-03,CF2305.ZCE,CF,11,11,14320.0,14310.0,2.0,0.0,0.0,70.94999999999999,True,normal_rebalance
2023-03-31,2023-04-03,SR2307.ZCE,SR,176,176,6450.0,6448.0,2.0,0.0,0.0,792.0,True,normal_rebalance
2023-04-04,2023-04-06,RU2305.SHF,RU,135,135,11675.0,11660.0,2.0,1.0,0.0,607.5,True,roll
2023-04-04,2023-04-06,RU2309.SHF,RU,-157,-157,11705.0,11720.0,2.0,1.0,0.0,706.5,True,roll
2023-04-06,2023-04-07,RB2305.SHF,RB,408,408,3992.0,3990.0,1.0,1.0,0.0,244.31040000000002,True,roll
2023-04-06,2023-04-07,RB2310.SHF,RB,-387,-387,3950.0,3952.0,1.0,1.0,0.0,229.2975,True,roll
2023-04-07,2023-04-10,SR2307.ZCE,SR,-8,-8,6725.0,6727.0,2.0,0.0,0.0,36.0,True,normal_rebalance
2023-04-10,2023-04-11,CF2305.ZCE,CF,143,143,14615.0,14600.0,2.0,1.0,0.0,922.3499999999999,True,roll
2023-04-10,2023-04-11,CF2309.ZCE,CF,-145,-145,14780.0,14795.0,2.0,1.0,0.0,935.25,True,roll
2023-04-19,2023-04-20,AL2305.SHF,AL,220,220,19035.0,19025.0,1.0,1.0,0.0,990.0,True,roll
2023-04-19,2023-04-20,AL2306.SHF,AL,-216,-216,18990.0,19000.0,1.0,1.0,0.0,972.0,True,roll
2023-04-21,2023-04-24,AL2306.SHF,AL,-22,-22,18955.0,18960.0,1.0,0.0,0.0,99.0,True,normal_rebalance
2023-04-21,2023-04-24,RB2310.SHF,RB,-26,-26,3809.0,3810.0,1.0,0.0,0.0,14.855100000000002,True,normal_rebalance
2023-04-21,2023-04-24,RU2309.SHF,RU,49,49,11910.0,11900.0,2.0,0.0,0.0,220.5,True,normal_rebalance
2023-04-21,2023-04-24,SC2306.INE,SC,7,7,558.6,558.4,2.0,0.0,0.0,210.0,True,normal_rebalance
2023-04-21,2023-04-24,T2306.CFX,T,10,10,100.92,100.915,1.0,0.0,0.0,45.0,True,normal_rebalance
2023-04-28,2023-05-04,CF2309.ZCE,CF,11,11,15370.0,15360.0,2.0,0.0,0.0,70.94999999999999,True,normal_rebalance
2023-04-28,2023-05-04,RU2309.SHF,RU,-22,-22,11650.0,11660.0,2.0,0.0,0.0,99.0,True,normal_rebalance
2023-04-28,2023-05-04,SC2306.INE,SC,-7,-7,487.8,488.0,2.0,0.0,0.0,210.0,True,signal_exit
2023-04-28,2023-05-04,SR2307.ZCE,SR,-24,-24,6898.0,6900.0,2.0,0.0,0.0,108.0,True,normal_rebalance
2023-05-05,2023-05-08,CF2309.ZCE,CF,8,8,16060.0,16050.0,2.0,0.0,0.0,51.599999999999994,True,normal_rebalance
2023-05-05,2023-05-08,RU2309.SHF,RU,-5,-5,11745.0,11755.0,2.0,0.0,0.0,22.5,True,normal_rebalance
2023-05-05,2023-05-08,SR2307.ZCE,SR,-10,-10,6940.0,6942.0,2.0,0.0,0.0,45.0,True,normal_rebalance
2023-05-12,2023-05-15,CF2309.ZCE,CF,126,126,15510.0,15500.0,2.0,0.0,0.0,812.6999999999999,True,signal_exit
2023-05-12,2023-05-15,P2309.DCE,P,-73,-73,6866.0,6870.0,2.0,0.0,0.0,273.75,True,normal_rebalance
2023-05-12,2023-05-15,RB2310.SHF,RB,4,4,3588.0,3587.0,1.0,0.0,0.0,2.1528,True,normal_rebalance
2023-05-12,2023-05-15,RU2309.SHF,RU,135,135,12060.0,12050.0,2.0,0.0,0.0,607.5,True,signal_exit
2023-05-12,2023-05-15,SR2307.ZCE,SR,-9,-9,6808.0,6810.0,2.0,0.0,0.0,40.5,True,normal_rebalance
2023-05-12,2023-05-15,UR2309.ZCE,UR,-252,-252,1863.0,1865.0,2.0,0.0,0.0,1890.0,True,normal_rebalance
2023-05-19,2023-05-22,P2309.DCE,P,-1,-1,6798.0,6802.0,2.0,0.0,0.0,3.75,True,normal_rebalance
2023-05-19,2023-05-22,RB2310.SHF,RB,16,16,3652.0,3651.0,1.0,0.0,0.0,8.764800000000001,True,normal_rebalance
2023-05-19,2023-05-22,T2306.CFX,T,-154,-154,101.675,101.685,1.0,1.0,0.0,693.0,True,roll
2023-05-19,2023-05-22,T2309.CFX,T,156,156,101.3,101.29,1.0,1.0,0.0,702.0,True,roll
2023-05-19,2023-05-22,UR2309.ZCE,UR,-3,-3,1769.0,1771.0,2.0,0.0,0.0,22.5,True,normal_rebalance
2023-05-22,2023-05-23,AL2306.SHF,AL,238,238,18230.0,18220.0,1.0,1.0,0.0,1071.0,True,roll
2023-05-22,2023-05-23,AL2307.SHF,AL,-231,-231,18040.0,18050.0,1.0,1.0,0.0,1039.5,True,roll
2023-05-26,2023-05-29,AL2307.SHF,AL,24,24,18115.0,18110.0,1.0,0.0,0.0,108.0,True,normal_rebalance
2023-05-26,2023-05-29,P2309.DCE,P,-8,-8,6832.0,6836.0,2.0,0.0,0.0,30.0,True,normal_rebalance
2023-05-26,2023-05-29,SR2307.ZCE,SR,-125,-125,6968.0,6971.0,2.0,1.0,0.0,375.0,True,roll
2023-05-26,2023-05-29,SR2309.ZCE,SR,125,125,6892.0,6889.0,2.0,1.0,0.0,562.5,True,roll
2023-05-26,2023-05-29,UR2309.ZCE,UR,-24,-24,1680.0,1682.0,2.0,0.0,0.0,180.0,True,normal_rebalance
2023-06-02,2023-06-05,AL2307.SHF,AL,8,8,18485.0,18480.0,1.0,0.0,0.0,36.0,True,normal_rebalance
2023-06-02,2023-06-05,MA2309.ZCE,MA,-480,-480,2088.0,2090.0,2.0,0.0,0.0,1440.0,True,normal_rebalance
2023-06-02,2023-06-05,RB2310.SHF,RB,28,28,3603.0,3602.0,1.0,0.0,0.0,15.1326,True,normal_rebalance
2023-06-02,2023-06-05,T2309.CFX,T,-11,-11,101.345,101.35,1.0,0.0,0.0,49.5,True,normal_rebalance
2023-06-02,2023-06-05,UR2309.ZCE,UR,279,279,1805.0,1803.0,2.0,0.0,0.0,2092.5,True,signal_exit
2023-06-09,2023-06-12,MA2309.ZCE,MA,-51,-51,2035.0,2037.0,2.0,0.0,0.0,153.0,True,normal_rebalance
2023-06-16,2023-06-19,P2309.DCE,P,7,7,7192.0,7188.0,2.0,0.0,0.0,26.25,True,normal_rebalance
2023-06-16,2023-06-19,T2309.CFX,T,-30,-30,101.58,101.585,1.0,0.0,0.0,135.0,True,normal_rebalance
2023-06-21,2023-06-26,SR2309.ZCE,SR,3,3,6847.0,6845.0,2.0,0.0,0.0,13.5,True,normal_rebalance
2023-06-28,2023-06-29,AL2307.SHF,AL,199,199,18295.0,18285.0,1.0,1.0,0.0,895.5,True,roll
2023-06-28,2023-06-29,AL2308.SHF,AL,-195,-195,18055.0,18065.0,1.0,1.0,0.0,877.5,True,roll
2023-06-30,2023-07-03,LH2309.DCE,LH,-23,-23,15800.0,15810.0,2.0,0.0,0.0,34.5,True,normal_rebalance
2023-06-30,2023-07-03,P2309.DCE,P,75,75,7370.0,7366.0,2.0,0.0,0.0,281.25,True,signal_exit
2023-06-30,2023-07-03,RB2310.SHF,RB,-2,-2,3717.0,3718.0,1.0,0.0,0.0,1.1151,True,normal_rebalance
2023-07-07,2023-07-10,AL2308.SHF,AL,-21,-21,17875.0,17880.0,1.0,0.0,0.0,94.5,True,normal_rebalance
2023-07-07,2023-07-10,LH2309.DCE,LH,-3,-3,15450.0,15460.0,2.0,0.0,0.0,4.5,True,normal_rebalance
2023-07-07,2023-07-10,M2309.DCE,M,161,161,3961.0,3959.0,2.0,0.0,0.0,362.25,True,normal_rebalance
2023-07-07,2023-07-10,MA2309.ZCE,MA,-44,-44,2155.0,2157.0,2.0,0.0,0.0,132.0,True,normal_rebalance
2023-07-07,2023-07-10,RB2310.SHF,RB,-11,-11,3667.0,3668.0,1.0,0.0,0.0,6.050550000000001,True,normal_rebalance
2023-07-07,2023-07-10,SR2309.ZCE,SR,-128,-128,6757.0,6759.0,2.0,0.0,0.0,576.0,True,signal_exit
2023-07-07,2023-07-10,T2309.CFX,T,3,3,101.905,101.9,1.0,0.0,0.0,13.5,True,normal_rebalance
2023-07-14,2023-07-17,AL2308.SHF,AL,596,596,18375.0,18370.0,1.0,0.0,0.0,2682.0,True,normal_rebalance
2023-07-14,2023-07-17,FG2309.ZCE,FG,222,222,1692.0,1690.0,2.0,0.0,0.0,1998.0,True,normal_rebalance
2023-07-14,2023-07-17,LH2309.DCE,LH,-21,-21,15045.0,15055.0,2.0,0.0,0.0,31.5,True,normal_rebalance
2023-07-14,2023-07-17,M2309.DCE,M,-161,-161,4048.0,4050.0,2.0,0.0,0.0,362.25,True,signal_exit
2023-07-14,2023-07-17,MA2309.ZCE,MA,575,575,2314.0,2312.0,2.0,0.0,0.0,1725.0,True,signal_exit
2023-07-14,2023-07-17,RB2310.SHF,RB,-297,-297,3777.0,3778.0,1.0,0.0,0.0,168.26535,True,normal_rebalance
2023-07-14,2023-07-17,RU2309.SHF,RU,-128,-128,12520.0,12530.0,2.0,0.0,0.0,576.0,True,normal_rebalance
2023-07-14,2023-07-17,SR2309.ZCE,SR,232,232,6935.0,6933.0,2.0,0.0,0.0,1044.0,True,normal_rebalance
2023-07-21,2023-07-24,AL2308.SHF,AL,27,27,18310.0,18305.0,1.0,0.0,0.0,121.5,True,normal_rebalance
2023-07-21,2023-07-24,FG2309.ZCE,FG,-222,-222,1701.0,1703.0,2.0,0.0,0.0,1998.0,True,signal_exit
2023-07-21,2023-07-24,LH2309.DCE,LH,-2,-2,15490.0,15500.0,2.0,0.0,0.0,3.0,True,normal_rebalance
2023-07-21,2023-07-24,M2309.DCE,M,320,320,4142.0,4140.0,2.0,0.0,0.0,720.0,True,normal_rebalance
2023-07-21,2023-07-24,SR2309.ZCE,SR,-232,-232,6782.0,6784.0,2.0,0.0,0.0,1044.0,True,signal_exit
2023-07-21,2023-07-24,UR2309.ZCE,UR,152,152,2112.0,2110.0,2.0,0.0,0.0,1140.0,True,normal_rebalance
2023-07-25,2023-07-26,AL2308.SHF,AL,-407,-407,18385.0,18395.0,1.0,1.0,0.0,1831.5,True,roll
2023-07-25,2023-07-26,AL2309.SHF,AL,457,457,18405.0,18395.0,1.0,1.0,0.0,2056.5,True,roll
2023-07-28,2023-07-31,AL2309.SHF,AL,-8,-8,18385.0,18390.0,1.0,0.0,0.0,36.0,True,normal_rebalance
2023-07-28,2023-07-31,LH2309.DCE,LH,9,9,16805.0,16795.0,2.0,0.0,0.0,13.5,True,normal_rebalance
2023-07-28,2023-07-31,RB2310.SHF,RB,1297,1297,3852.0,3851.0,1.0,0.0,0.0,749.4066,True,normal_rebalance
2023-07-28,2023-07-31,T2309.CFX,T,32,32,101.905,101.9,1.0,0.0,0.0,144.0,True,normal_rebalance
2023-07-28,2023-07-31,UR2309.ZCE,UR,-7,-7,2347.0,2349.0,2.0,0.0,0.0,52.5,True,normal_rebalance
2023-07-31,2023-08-01,T2309.CFX,T,-18,-18,102.025,102.03,1.0,0.0,0.0,81.0,True,margin_forced
2023-08-04,2023-08-07,AL2309.SHF,AL,-50,-50,18455.0,18460.0,1.0,0.0,0.0,225.0,True,normal_rebalance
2023-08-04,2023-08-07,FG2309.ZCE,FG,156,156,1869.0,1867.0,2.0,0.0,0.0,1404.0,True,normal_rebalance
2023-08-04,2023-08-07,LH2309.DCE,LH,40,40,16950.0,16935.0,2.0,1.0,0.0,60.0,True,roll
2023-08-04,2023-08-07,LH2311.DCE,LH,-30,-30,17425.0,17440.0,2.0,1.0,0.0,45.0,True,roll
2023-08-04,2023-08-07,RU2309.SHF,RU,128,128,12010.0,12000.0,2.0,0.0,0.0,576.0,True,signal_exit
2023-08-04,2023-08-07,SP2309.SHF,SP,-168,-168,5328.0,5332.0,2.0,0.0,0.0,67.1328,True,normal_rebalance
2023-08-04,2023-08-07,T2309.CFX,T,15,15,102.255,102.25,1.0,0.0,0.0,67.5,True,normal_rebalance
2023-08-04,2023-08-07,UR2309.ZCE,UR,-145,-145,2230.0,2232.0,2.0,0.0,0.0,435.0,True,signal_exit
2023-08-11,2023-08-14,AL2309.SHF,AL,17,17,18405.0,18400.0,1.0,0.0,0.0,76.5,True,normal_rebalance
2023-08-11,2023-08-14,FG2309.ZCE,FG,-156,-156,1825.0,1827.0,2.0,0.0,0.0,468.0,True,signal_exit
2023-08-11,2023-08-14,LH2311.DCE,LH,-4,-4,17200.0,17210.0,2.0,0.0,0.0,6.0,True,normal_rebalance
2023-08-11,2023-08-14,M2309.DCE,M,51,51,4476.0,4474.0,2.0,0.0,0.0,114.75,True,normal_rebalance
2023-08-11,2023-08-14,RB2310.SHF,RB,-1306,-1306,3684.0,3685.0,1.0,0.0,0.0,721.6956,True,normal_rebalance
2023-08-11,2023-08-14,SP2309.SHF,SP,-54,-54,5296.0,5300.0,2.0,0.0,0.0,21.448800000000006,True,normal_rebalance
2023-08-11,2023-08-14,T2309.CFX,T,-3,-3,102.485,102.49,1.0,0.0,0.0,13.5,True,normal_rebalance
2023-08-11,2023-08-14,UR2401.ZCE,UR,128,128,2104.0,2102.0,2.0,0.0,0.0,192.0,True,normal_rebalance
2023-08-14,2023-08-15,M2309.DCE,M,-371,-371,4509.0,4512.0,2.0,1.0,0.0,834.75,True,roll
2023-08-14,2023-08-15,M2401.DCE,M,426,426,3893.0,3890.0,2.0,1.0,0.0,958.5,True,roll
2023-08-15,2023-08-16,SP2309.SHF,SP,222,222,5312.0,5306.0,2.0,1.0,0.0,35.37792,True,roll
2023-08-15,2023-08-16,SP2401.SHF,SP,-247,-247,5476.0,5482.0,2.0,1.0,0.0,101.44290000000001,True,roll
2023-08-18,2023-08-21,AL2309.SHF,AL,27,27,18405.0,18400.0,1.0,0.0,0.0,121.5,True,normal_rebalance
2023-08-18,2023-08-21,LH2311.DCE,LH,-5,-5,16780.0,16790.0,2.0,0.0,0.0,7.5,True,normal_rebalance
2023-08-18,2023-08-21,RB2310.SHF,RB,-37,-37,3699.0,3700.0,1.0,0.0,0.0,20.52945,True,normal_rebalance
2023-08-18,2023-08-21,T2309.CFX,T,-10,-10,102.845,102.85,1.0,0.0,0.0,45.0,True,normal_rebalance
2023-08-18,2023-08-21,UR2401.ZCE,UR,7,7,2067.0,2065.0,2.0,0.0,0.0,10.5,True,normal_rebalance
2023-08-21,2023-08-22,T2309.CFX,T,-134,-134,102.97,102.98,1.0,1.0,0.0,603.0,True,roll
2023-08-21,2023-08-22,T2312.CFX,T,160,160,102.66,102.65,1.0,1.0,0.0,720.0,True,roll
2023-08-25,2023-08-28,AL2309.SHF,AL,-443,-443,18690.0,18700.0,1.0,1.0,0.0,1993.5,True,roll
2023-08-25,2023-08-28,AL2310.SHF,AL,505,505,18565.0,18555.0,1.0,1.0,0.0,2272.5,True,roll
2023-08-25,2023-08-28,M2401.DCE,M,-38,-38,4084.0,4086.0,2.0,0.0,0.0,85.5,True,normal_rebalance
2023-08-25,2023-08-28,RB2310.SHF,RB,-3,-3,3716.0,3717.0,1.0,0.0,0.0,1.6722000000000004,True,normal_rebalance
2023-08-25,2023-08-28,T2312.CFX,T,-13,-13,102.175,102.18,1.0,0.0,0.0,58.5,True,normal_rebalance
2023-09-01,2023-09-04,AL2310.SHF,AL,-6,-6,19325.0,19330.0,1.0,0.0,0.0,27.0,True,normal_rebalance
2023-09-01,2023-09-04,M2401.DCE,M,-13,-13,4103.0,4105.0,2.0,0.0,0.0,29.25,True,normal_rebalance
2023-09-01,2023-09-04,RB2310.SHF,RB,1381,1381,3773.0,3772.0,1.0,0.0,0.0,781.5769500000001,True,normal_rebalance
2023-09-01,2023-09-04,SP2401.SHF,SP,27,27,5828.0,5824.0,2.0,0.0,0.0,11.801700000000002,True,normal_rebalance
2023-09-01,2023-09-04,T2312.CFX,T,33,33,101.965,101.96,1.0,0.0,0.0,148.5,True,normal_rebalance
2023-09-01,2023-09-04,UR2401.ZCE,UR,-9,-9,2238.0,2240.0,2.0,0.0,0.0,27.0,True,normal_rebalance
2023-09-04,2023-09-05,T2312.CFX,T,-6,-6,101.98,101.985,1.0,0.0,0.0,27.0,True,margin_forced
2023-09-05,2023-09-06,RB2310.SHF,RB,-657,-657,3733.0,3735.0,1.0,1.0,0.0,367.88715,True,roll
2023-09-05,2023-09-06,RB2401.SHF,RB,672,672,3800.0,3798.0,1.0,1.0,0.0,1149.12,True,roll
2023-09-05,2023-09-06,T2312.CFX,T,-17,-17,101.93,101.935,1.0,0.0,0.0,76.5,True,margin_forced
2023-09-06,2023-09-07,T2312.CFX,T,-3,-3,101.665,101.67,1.0,0.0,0.0,13.5,True,margin_forced
2023-09-08,2023-09-11,AL2310.SHF,AL,-28,-28,19040.0,19045.0,1.0,0.0,0.0,126.0,True,normal_rebalance
2023-09-08,2023-09-11,FG2401.ZCE,FG,162,162,1697.0,1695.0,2.0,0.0,0.0,1458.0,True,normal_rebalance
2023-09-08,2023-09-11,LH2311.DCE,LH,-3,-3,16510.0,16520.0,2.0,0.0,0.0,4.5,True,normal_rebalance
2023-09-08,2023-09-11,M2401.DCE,M,-375,-375,4078.0,4080.0,2.0,0.0,0.0,843.75,True,signal_exit
2023-09-08,2023-09-11,RB2401.SHF,RB,-1411,-1411,3717.0,3718.0,1.0,0.0,0.0,786.7030500000001,True,normal_rebalance
2023-09-08,2023-09-11,SR2401.ZCE,SR,291,291,7081.0,7079.0,2.0,0.0,0.0,1309.5,True,normal_rebalance
2023-09-08,2023-09-11,T2312.CFX,T,-32,-32,101.615,101.62,1.0,0.0,0.0,144.0,True,normal_rebalance
2023-09-08,2023-09-11,UR2401.ZCE,UR,-126,-126,2120.0,2122.0,2.0,0.0,0.0,378.0,True,signal_exit
2023-09-11,2023-09-12,T2312.CFX,T,-5,-5,101.845,101.85,1.0,0.0,0.0,22.5,True,margin_forced
2023-09-12,2023-09-13,AL2310.SHF,AL,-1,-1,19295.0,19300.0,1.0,0.0,0.0,4.5,True,margin_forced
2023-09-12,2023-09-13,FG2401.ZCE,FG,-1,-1,1772.0,1774.0,2.0,0.0,0.0,9.0,True,margin_forced
2023-09-12,2023-09-13,LH2311.DCE,LH,1,1,17040.0,17030.0,2.0,0.0,0.0,1.5,True,margin_forced
2023-09-12,2023-09-13,RB2401.SHF,RB,2,2,3794.0,3793.0,1.0,0.0,0.0,1.1382,True,margin_forced
2023-09-12,2023-09-13,SP2401.SHF,SP,1,1,5790.0,5786.0,2.0,0.0,0.0,0.43425,True,margin_forced
2023-09-12,2023-09-13,SR2401.ZCE,SR,-1,-1,6963.0,6965.0,2.0,0.0,0.0,4.5,True,margin_forced
2023-09-12,2023-09-13,T2312.CFX,T,-8,-8,101.83,101.835,1.0,0.0,0.0,36.0,True,margin_forced
2023-09-15,2023-09-18,AL2310.SHF,AL,-54,-54,19275.0,19280.0,1.0,0.0,0.0,243.0,True,normal_rebalance
2023-09-15,2023-09-18,M2401.DCE,M,250,250,4042.0,4040.0,2.0,0.0,0.0,562.5,True,normal_rebalance
2023-09-15,2023-09-18,RB2401.SHF,RB,1372,1372,3821.0,3820.0,1.0,0.0,0.0,786.3618000000001,True,normal_rebalance
2023-09-15,2023-09-18,SP2401.SHF,SP,8,8,5862.0,5858.0,2.0,0.0,0.0,3.5172000000000003,True,normal_rebalance
2023-09-15,2023-09-18,SR2401.ZCE,SR,-290,-290,6948.0,6950.0,2.0,0.0,0.0,1305.0,True,signal_exit
2023-09-15,2023-09-18,T2312.CFX,T,57,57,101.715,101.71,1.0,0.0,0.0,256.5,True,normal_rebalance
2023-09-20,2023-09-21,T2312.CFX,T,-3,-3,101.69,101.695,1.0,0.0,0.0,13.5,True,margin_forced
2023-09-22,2023-09-25,M2401.DCE,M,-250,-250,3959.0,3961.0,2.0,0.0,0.0,562.5,True,signal_exit
2023-09-22,2023-09-25,MA2401.ZCE,MA,-375,-375,2550.0,2552.0,2.0,0.0,0.0,562.5,True,normal_rebalance
2023-09-22,2023-09-25,RB2401.SHF,RB,48,48,3787.0,3786.0,1.0,0.0,0.0,27.266400000000004,True,normal_rebalance
2023-09-22,2023-09-25,SP2401.SHF,SP,211,211,6088.0,6084.0,2.0,0.0,0.0,96.3426,True,signal_exit
2023-09-22,2023-09-25,SR2401.ZCE,SR,235,235,6910.0,6908.0,2.0,0.0,0.0,1057.5,True,normal_rebalance
2023-09-22,2023-09-25,T2312.CFX,T,-37,-37,101.625,101.63,1.0,0.0,0.0,166.5,True,normal_rebalance
2023-09-25,2023-09-26,AL2310.SHF,AL,-416,-416,19565.0,19575.0,1.0,1.0,0.0,1872.0,True,roll
2023-09-25,2023-09-26,AL2311.SHF,AL,416,416,19335.0,19325.0,1.0,1.0,0.0,1872.0,True,roll
2023-09-28,2023-10-09,SR2401.ZCE,SR,18,18,6963.0,6961.0,2.0,0.0,0.0,81.0,True,normal_rebalance
2023-09-28,2023-10-09,T2312.CFX,T,-9,-9,101.785,101.79,1.0,0.0,0.0,40.5,True,normal_rebalance
2023-10-12,2023-10-13,LH2311.DCE,LH,41,41,15770.0,15755.0,2.0,1.0,0.0,61.5,True,roll
2023-10-12,2023-10-13,LH2401.DCE,LH,-36,-36,16640.0,16655.0,2.0,1.0,0.0,54.0,True,roll
2023-10-13,2023-10-16,MA2401.ZCE,MA,-4,-4,2458.0,2460.0,2.0,0.0,0.0,6.0,True,normal_rebalance
2023-10-13,2023-10-16,RB2401.SHF,RB,-1377,-1377,3623.0,3624.0,1.0,0.0,0.0,748.3306500000001,True,normal_rebalance
2023-10-13,2023-10-16,SR2401.ZCE,SR,8,8,6818.0,6816.0,2.0,0.0,0.0,36.0,True,normal_rebalance
2023-10-13,2023-10-16,T2312.CFX,T,-7,-7,101.745,101.75,1.0,0.0,0.0,31.5,True,normal_rebalance
2023-10-25,2023-10-26,AL2311.SHF,AL,-416,-416,19150.0,19160.0,1.0,1.0,0.0,1872.0,True,roll
2023-10-25,2023-10-26,AL2312.SHF,AL,423,423,19065.0,19055.0,1.0,1.0,0.0,1903.5,True,roll
2023-10-27,2023-10-30,FG2401.ZCE,FG,-161,-161,1627.0,1629.0,2.0,0.0,0.0,1449.0,True,signal_exit
2023-10-27,2023-10-30,MA2401.ZCE,MA,-12,-12,2439.0,2441.0,2.0,0.0,0.0,18.0,True,normal_rebalance
2023-10-27,2023-10-30,UR2401.ZCE,UR,121,121,2298.0,2296.0,2.0,0.0,0.0,363.0,True,normal_rebalance
2023-11-03,2023-11-06,LH2401.DCE,LH,-3,-3,16190.0,16200.0,2.0,0.0,0.0,4.5,True,normal_rebalance
2023-11-03,2023-11-06,M2401.DCE,M,283,283,4053.0,4051.0,2.0,0.0,0.0,636.75,True,normal_rebalance
2023-11-03,2023-11-06,MA2401.ZCE,MA,-2,-2,2445.0,2447.0,2.0,0.0,0.0,3.0,True,normal_rebalance
2023-11-03,2023-11-06,RB2401.SHF,RB,1408,1408,3806.0,3805.0,1.0,0.0,0.0,803.8272000000002,True,normal_rebalance
2023-11-03,2023-11-06,SR2401.ZCE,SR,-261,-261,6898.0,6900.0,2.0,0.0,0.0,1174.5,True,signal_exit
2023-11-03,2023-11-06,UR2401.ZCE,UR,15,15,2374.0,2372.0,2.0,0.0,0.0,45.0,True,normal_rebalance
2023-11-10,2023-11-13,FG2401.ZCE,FG,195,195,1757.0,1755.0,2.0,0.0,0.0,1755.0,True,normal_rebalance
2023-11-10,2023-11-13,M2401.DCE,M,-283,-283,4026.0,4028.0,2.0,0.0,0.0,636.75,True,signal_exit
2023-11-10,2023-11-13,MA2401.ZCE,MA,393,393,2497.0,2495.0,2.0,0.0,0.0,589.5,True,signal_exit
2023-11-10,2023-11-13,SP2401.SHF,SP,-131,-131,5936.0,5940.0,2.0,0.0,0.0,58.321200000000005,True,normal_rebalance
2023-11-10,2023-11-13,SR2401.ZCE,SR,247,247,6999.0,6997.0,2.0,0.0,0.0,1111.5,True,normal_rebalance
2023-11-10,2023-11-13,UR2401.ZCE,UR,-136,-136,2343.0,2345.0,2.0,0.0,0.0,408.0,True,signal_exit
2023-11-17,2023-11-20,SC2401.INE,SC,-5,-5,570.4,570.6,2.0,0.0,0.0,150.0,True,normal_rebalance
2023-11-17,2023-11-20,SP2401.SHF,SP,131,131,6054.0,6050.0,2.0,0.0,0.0,59.48055,True,signal_exit
2023-11-17,2023-11-20,T2312.CFX,T,7,7,102.185,102.18,1.0,0.0,0.0,31.5,True,normal_rebalance
2023-11-20,2023-11-21,T2312.CFX,T,-117,-117,102.16,102.17,1.0,1.0,0.0,526.5,True,roll
2023-11-20,2023-11-21,T2403.CFX,T,126,126,102.06,102.05,1.0,1.0,0.0,567.0,True,roll
2023-11-21,2023-11-22,AL2312.SHF,AL,-423,-423,18935.0,18945.0,1.0,1.0,0.0,1903.5,True,roll
2023-11-21,2023-11-22,AL2401.SHF,AL,422,422,18890.0,18880.0,1.0,1.0,0.0,1899.0,True,roll
2023-11-24,2023-11-27,SC2401.INE,SC,5,5,583.6,583.4,2.0,0.0,0.0,150.0,True,signal_exit
2023-11-24,2023-11-27,SP2401.SHF,SP,-130,-130,5832.0,5836.0,2.0,0.0,0.0,56.862,True,normal_rebalance
2023-11-24,2023-11-27,T2403.CFX,T,-12,-12,101.665,101.67,1.0,0.0,0.0,54.0,True,margin_forced
2023-12-01,2023-12-04,FG2401.ZCE,FG,-14,-14,1922.0,1924.0,2.0,0.0,0.0,126.0,True,normal_rebalance
2023-12-01,2023-12-04,LH2401.DCE,LH,3,3,14310.0,14300.0,2.0,0.0,0.0,4.5,True,normal_rebalance
2023-12-01,2023-12-04,M2401.DCE,M,282,282,3858.0,3856.0,2.0,0.0,0.0,634.5,True,normal_rebalance
2023-12-01,2023-12-04,SR2401.ZCE,SR,-247,-247,6617.0,6619.0,2.0,0.0,0.0,1111.5,True,signal_exit
2023-12-01,2023-12-04,T2403.CFX,T,25,25,101.965,101.96,1.0,0.0,0.0,112.5,True,normal_rebalance
2023-12-07,2023-12-08,RB2401.SHF,RB,-714,-714,3964.0,3966.0,1.0,1.0,0.0,424.5444,True,roll
2023-12-07,2023-12-08,RB2405.SHF,RB,721,721,4004.0,4002.0,1.0,1.0,0.0,1299.0977999999998,True,roll
2023-12-08,2023-12-11,AL2401.SHF,AL,1,1,18475.0,18470.0,1.0,0.0,0.0,4.5,True,normal_rebalance
2023-12-08,2023-12-11,FG2401.ZCE,FG,-181,-181,1850.0,1853.0,2.0,1.0,0.0,543.0,True,roll
2023-12-08,2023-12-11,FG2405.ZCE,FG,173,173,1961.0,1958.0,2.0,1.0,0.0,1557.0,True,roll
2023-12-08,2023-12-11,LH2401.DCE,LH,36,36,14075.0,14060.0,2.0,1.0,0.0,54.0,True,roll
2023-12-08,2023-12-11,LH2403.DCE,LH,-25,-25,14385.0,14400.0,2.0,1.0,0.0,37.5,True,roll
2023-12-08,2023-12-11,M2401.DCE,M,33,33,3987.0,3985.0,2.0,0.0,0.0,74.25,True,normal_rebalance
2023-12-08,2023-12-11,T2403.CFX,T,8,8,102.205,102.2,1.0,0.0,0.0,36.0,True,normal_rebalance
2023-12-11,2023-12-12,M2401.DCE,M,-315,-315,3980.0,3983.0,2.0,1.0,0.0,708.75,True,roll
2023-12-11,2023-12-12,M2405.DCE,M,357,357,3426.0,3423.0,2.0,1.0,0.0,803.25,True,roll
2023-12-15,2023-12-18,AL2401.SHF,AL,24,24,18865.0,18860.0,1.0,0.0,0.0,108.0,True,normal_rebalance
2023-12-15,2023-12-18,FG2405.ZCE,FG,16,16,1810.0,1808.0,2.0,0.0,0.0,144.0,True,normal_rebalance
2023-12-15,2023-12-18,LH2403.DCE,LH,-5,-5,14465.0,14475.0,2.0,0.0,0.0,7.5,True,normal_rebalance
2023-12-15,2023-12-18,M2405.DCE,M,15,15,3416.0,3414.0,2.0,0.0,0.0,33.75,True,normal_rebalance
2023-12-15,2023-12-18,SP2401.SHF,SP,130,130,5634.0,5628.0,2.0,1.0,0.0,21.9726,True,roll
2023-12-15,2023-12-18,SP2405.SHF,SP,-172,-172,5670.0,5676.0,2.0,1.0,0.0,73.14300000000001,True,roll
2023-12-15,2023-12-18,T2403.CFX,T,-14,-14,102.575,102.58,1.0,0.0,0.0,63.0,True,normal_rebalance
2023-12-20,2023-12-21,AL2401.SHF,AL,-447,-447,18990.0,19000.0,1.0,1.0,0.0,2011.5,True,roll
2023-12-20,2023-12-21,AL2402.SHF,AL,491,491,18950.0,18940.0,1.0,1.0,0.0,2209.5,True,roll
2023-12-22,2023-12-25,LH2403.DCE,LH,-3,-3,13990.0,14000.0,2.0,0.0,0.0,4.5,True,normal_rebalance
2023-12-22,2023-12-25,M2405.DCE,M,-372,-372,3326.0,3328.0,2.0,0.0,0.0,837.0,True,signal_exit
2023-12-22,2023-12-25,SR2405.ZCE,SR,245,245,6254.0,6252.0,2.0,0.0,0.0,1102.5,True,normal_rebalance
2023-12-29,2024-01-02,FG2405.ZCE,FG,9,9,1882.0,1880.0,2.0,0.0,0.0,81.0,True,normal_rebalance
2023-12-29,2024-01-02,LH2403.DCE,LH,-3,-3,13575.0,13585.0,2.0,0.0,0.0,4.5,True,normal_rebalance
2023-12-29,2024-01-02,M2405.DCE,M,424,424,3292.0,3290.0,2.0,0.0,0.0,954.0,True,normal_rebalance
2023-12-29,2024-01-02,RB2405.SHF,RB,-1532,-1532,4004.0,4005.0,1.0,0.0,0.0,920.1192,True,normal_rebalance
2023-12-29,2024-01-02,SR2405.ZCE,SR,-245,-245,6261.0,6263.0,2.0,0.0,0.0,1102.5,True,signal_exit
2023-12-29,2024-01-02,T2403.CFX,T,-7,-7,102.93,102.935,1.0,0.0,0.0,31.5,True,normal_rebalance
2024-01-05,2024-01-08,AL2402.SHF,AL,-31,-31,19115.0,19120.0,1.0,0.0,0.0,139.5,True,normal_rebalance
2024-01-05,2024-01-08,LH2403.DCE,LH,-6,-6,13580.0,13590.0,2.0,0.0,0.0,9.0,True,normal_rebalance
2024-01-05,2024-01-08,M2405.DCE,M,-424,-424,3198.0,3200.0,2.0,0.0,0.0,954.0,True,signal_exit
2024-01-05,2024-01-08,SR2405.ZCE,SR,319,319,6292.0,6290.0,2.0,0.0,0.0,1435.5,True,normal_rebalance
2024-01-05,2024-01-08,T2403.CFX,T,-4,-4,102.96,102.965,1.0,0.0,0.0,18.0,True,normal_rebalance
2024-01-11,2024-01-12,AL2402.SHF,AL,-460,-460,19040.0,19050.0,1.0,1.0,0.0,2070.0,True,roll
2024-01-11,2024-01-12,AL2403.SHF,AL,450,450,19090.0,19080.0,1.0,1.0,0.0,2025.0,True,roll
2024-01-12,2024-01-15,LH2403.DCE,LH,-4,-4,13590.0,13600.0,2.0,0.0,0.0,6.0,True,normal_rebalance
2024-01-12,2024-01-15,T2403.CFX,T,-3,-3,102.675,102.68,1.0,0.0,0.0,13.5,True,normal_rebalance
2024-01-16,2024-01-17,T2403.CFX,T,-4,-4,102.805,102.81,1.0,0.0,0.0,18.0,True,margin_forced
2024-01-19,2024-01-22,SP2405.SHF,SP,-7,-7,5706.0,5710.0,2.0,0.0,0.0,2.9956500000000004,True,normal_rebalance
2024-01-26,2024-01-29,AL2403.SHF,AL,-9,-9,19110.0,19115.0,1.0,0.0,0.0,40.5,True,normal_rebalance
2024-01-26,2024-01-29,SP2405.SHF,SP,-16,-16,5716.0,5720.0,2.0,0.0,0.0,6.8591999999999995,True,normal_rebalance
2024-02-02,2024-02-05,RB2405.SHF,RB,-9,-9,3824.0,3825.0,1.0,0.0,0.0,5.1624,True,normal_rebalance
2024-02-02,2024-02-05,SP2405.SHF,SP,-11,-11,5596.0,5600.0,2.0,0.0,0.0,4.616700000000002,True,normal_rebalance
2024-02-02,2024-02-05,SR2405.ZCE,SR,15,15,6482.0,6480.0,2.0,0.0,0.0,67.5,True,normal_rebalance
2024-02-08,2024-02-19,SP2405.SHF,SP,-4,-4,5592.0,5596.0,2.0,0.0,0.0,1.6776,True,normal_rebalance
2024-02-19,2024-02-20,T2403.CFX,T,-115,-115,103.44,103.45,1.0,1.0,0.0,517.5,True,roll
2024-02-19,2024-02-20,T2406.CFX,T,115,115,103.57,103.56,1.0,1.0,0.0,517.5,True,roll
2024-02-20,2024-02-21,AL2403.SHF,AL,-441,-441,18690.0,18700.0,1.0,1.0,0.0,1984.5,True,roll
2024-02-20,2024-02-21,AL2404.SHF,AL,491,491,18685.0,18675.0,1.0,1.0,0.0,2209.5,True,roll
2024-02-20,2024-02-21,LH2403.DCE,LH,46,46,13405.0,13390.0,2.0,1.0,0.0,69.0,True,roll
2024-02-20,2024-02-21,LH2405.DCE,LH,-51,-51,14450.0,14465.0,2.0,1.0,0.0,76.5,True,roll
2024-02-20,2024-02-21,T2406.CFX,T,-1,-1,103.625,103.63,1.0,0.0,0.0,4.5,True,margin_forced
2024-02-23,2024-02-26,SP2405.SHF,SP,-2,-2,5796.0,5800.0,2.0,0.0,0.0,0.8694,True,normal_rebalance
2024-02-23,2024-02-26,SR2405.ZCE,SR,-19,-19,6282.0,6284.0,2.0,0.0,0.0,85.5,True,normal_rebalance
2024-02-27,2024-02-28,T2406.CFX,T,-2,-2,103.895,103.9,1.0,0.0,0.0,9.0,True,margin_forced
2024-02-28,2024-02-29,AL2404.SHF,AL,-4,-4,18760.0,18765.0,1.0,0.0,0.0,18.0,True,margin_forced
2024-02-28,2024-02-29,FG2405.ZCE,FG,-2,-2,1637.0,1639.0,2.0,0.0,0.0,18.0,True,margin_forced
2024-02-28,2024-02-29,LH2405.DCE,LH,1,1,14715.0,14705.0,2.0,0.0,0.0,1.5,True,margin_forced
2024-02-28,2024-02-29,RB2405.SHF,RB,6,6,3801.0,3800.0,1.0,0.0,0.0,3.4209000000000005,True,margin_forced
2024-02-28,2024-02-29,SP2405.SHF,SP,2,2,5872.0,5868.0,2.0,0.0,0.0,0.8808,True,margin_forced
2024-02-28,2024-02-29,SR2405.ZCE,SR,-3,-3,6277.0,6279.0,2.0,0.0,0.0,13.5,True,margin_forced
2024-02-28,2024-02-29,T2406.CFX,T,-1,-1,104.09,104.095,1.0,0.0,0.0,4.5,True,margin_forced
2024-03-01,2024-03-04,CF2405.ZCE,CF,227,227,16125.0,16115.0,2.0,0.0,0.0,1464.1499999999999,True,normal_rebalance
2024-03-01,2024-03-04,SR2405.ZCE,SR,-312,-312,6227.0,6229.0,2.0,0.0,0.0,1404.0,True,signal_exit
2024-03-08,2024-03-11,CF2405.ZCE,CF,-227,-227,16170.0,16180.0,2.0,0.0,0.0,1464.1499999999999,True,signal_exit
2024-03-08,2024-03-11,FG2405.ZCE,FG,-196,-196,1617.0,1619.0,2.0,0.0,0.0,1764.0,True,signal_exit
2024-03-08,2024-03-11,M2405.DCE,M,370,370,3220.0,3218.0,2.0,0.0,0.0,832.5,True,normal_rebalance
2024-03-08,2024-03-11,SC2404.INE,SC,12,12,610.8,610.6,2.0,0.0,0.0,360.0,True,normal_rebalance
2024-03-08,2024-03-11,SP2405.SHF,SP,-3,-3,5966.0,5970.0,2.0,0.0,0.0,1.3423500000000002,True,normal_rebalance
2024-03-11,2024-03-12,SC2404.INE,SC,-12,-12,609.0,609.3,2.0,1.0,0.0,360.0,True,roll
2024-03-11,2024-03-12,SC2405.INE,SC,13,13,601.3,601.0,2.0,1.0,0.0,390.0,True,roll
2024-03-15,2024-03-18,M2405.DCE,M,45,45,3272.0,3270.0,2.0,0.0,0.0,101.25,True,normal_rebalance
2024-03-15,2024-03-18,SC2405.INE,SC,2,2,628.6,628.4,2.0,0.0,0.0,60.0,True,normal_rebalance
2024-03-15,2024-03-18,SP2405.SHF,SP,-17,-17,6028.0,6032.0,2.0,0.0,0.0,7.685700000000001,True,normal_rebalance
2024-03-19,2024-03-20,AL2404.SHF,AL,-487,-487,19150.0,19160.0,1.0,1.0,0.0,2191.5,True,roll
2024-03-19,2024-03-20,AL2405.SHF,AL,538,538,19175.0,19165.0,1.0,1.0,0.0,2421.0,True,roll
2024-03-29,2024-04-01,LH2405.DCE,LH,-5,-5,15140.0,15150.0,2.0,0.0,0.0,7.5,True,normal_rebalance
2024-03-29,2024-04-01,SP2405.SHF,SP,-17,-17,6134.0,6138.0,2.0,0.0,0.0,7.820850000000001,True,normal_rebalance
2024-03-29,2024-04-01,T2406.CFX,T,5,5,103.945,103.94,1.0,0.0,0.0,22.5,True,normal_rebalance
2024-04-02,2024-04-03,M2405.DCE,M,-415,-415,3232.0,3235.0,2.0,1.0,0.0,933.75,True,roll
2024-04-02,2024-04-03,M2409.DCE,M,417,417,3325.0,3322.0,2.0,1.0,0.0,938.25,True,roll
2024-04-03,2024-04-08,RB2405.SHF,RB,814,814,3402.0,3400.0,1.0,1.0,0.0,415.38419999999996,True,roll
2024-04-03,2024-04-08,RB2410.SHF,RB,-793,-793,3458.0,3460.0,1.0,1.0,0.0,411.3291000000001,True,roll
2024-04-03,2024-04-08,SC2405.INE,SC,19,19,660.2,660.0,2.0,0.0,0.0,570.0,True,normal_rebalance
2024-04-03,2024-04-08,SP2405.SHF,SP,247,247,6078.0,6074.0,2.0,0.0,0.0,112.59495,True,signal_exit
2024-04-08,2024-04-09,LH2405.DCE,LH,55,55,15145.0,15130.0,2.0,1.0,0.0,82.5,True,roll
2024-04-08,2024-04-09,LH2409.DCE,LH,-63,-63,18285.0,18300.0,2.0,1.0,0.0,94.5,True,roll
2024-04-10,2024-04-11,AL2405.SHF,AL,-538,-538,20465.0,20475.0,1.0,1.0,0.0,2421.0,True,roll
2024-04-10,2024-04-11,AL2406.SHF,AL,546,546,20510.0,20500.0,1.0,1.0,0.0,2457.0,True,roll
2024-04-11,2024-04-12,AL2406.SHF,AL,-8,-8,20420.0,20425.0,1.0,0.0,0.0,36.0,True,margin_forced
2024-04-11,2024-04-12,LH2409.DCE,LH,1,1,18160.0,18150.0,2.0,0.0,0.0,1.5,True,margin_forced
2024-04-11,2024-04-12,M2409.DCE,M,-6,-6,3280.0,3282.0,2.0,0.0,0.0,13.5,True,margin_forced
2024-04-11,2024-04-12,RB2410.SHF,RB,11,11,3616.0,3615.0,1.0,0.0,0.0,5.9664,True,margin_forced
2024-04-11,2024-04-12,SC2405.INE,SC,-34,-34,663.7,664.0,2.0,1.0,0.0,1020.0,True,roll
2024-04-11,2024-04-12,SC2406.INE,SC,39,39,662.3,662.0,2.0,1.0,0.0,1170.0,True,roll
2024-04-12,2024-04-15,M2409.DCE,M,23,23,3337.0,3335.0,2.0,0.0,0.0,51.75,True,normal_rebalance
2024-04-12,2024-04-15,T2406.CFX,T,7,7,104.46,104.455,1.0,0.0,0.0,31.5,True,normal_rebalance
2024-04-18,2024-04-19,AL2406.SHF,AL,-5,-5,20470.0,20475.0,1.0,0.0,0.0,22.5,True,margin_forced
2024-04-18,2024-04-19,LH2409.DCE,LH,1,1,17990.0,17980.0,2.0,0.0,0.0,1.5,True,margin_forced
2024-04-18,2024-04-19,M2409.DCE,M,-4,-4,3306.0,3308.0,2.0,0.0,0.0,9.0,True,margin_forced
2024-04-18,2024-04-19,RB2410.SHF,RB,6,6,3681.0,3680.0,1.0,0.0,0.0,3.3129,True,margin_forced
2024-04-18,2024-04-19,SC2406.INE,SC,-1,-1,643.3,643.5,2.0,0.0,0.0,30.0,True,margin_forced
2024-04-19,2024-04-22,AL2406.SHF,AL,-62,-62,20375.0,20380.0,1.0,0.0,0.0,279.0,True,normal_rebalance
2024-04-19,2024-04-22,RB2410.SHF,RB,-45,-45,3663.0,3664.0,1.0,0.0,0.0,24.72525,True,normal_rebalance
2024-04-19,2024-04-22,SC2406.INE,SC,1,1,641.8,641.6,2.0,0.0,0.0,30.0,True,normal_rebalance
2024-04-26,2024-04-29,AL2406.SHF,AL,-6,-6,20620.0,20625.0,1.0,0.0,0.0,27.0,True,normal_rebalance
2024-04-26,2024-04-29,M2409.DCE,M,43,43,3382.0,3380.0,2.0,0.0,0.0,96.75,True,normal_rebalance
2024-04-26,2024-04-29,RB2410.SHF,RB,-97,-97,3679.0,3680.0,1.0,0.0,0.0,53.529450000000004,True,normal_rebalance
2024-04-30,2024-05-06,M2409.DCE,M,39,39,3476.0,3474.0,2.0,0.0,0.0,87.75,True,normal_rebalance
2024-04-30,2024-05-06,RB2410.SHF,RB,-81,-81,3671.0,3672.0,1.0,0.0,0.0,44.602650000000004,True,normal_rebalance
2024-04-30,2024-05-06,SC2406.INE,SC,-39,-39,615.7,615.9,2.0,0.0,0.0,1170.0,True,signal_exit
2024-04-30,2024-05-06,UR2409.ZCE,UR,551,551,2070.0,2068.0,2.0,0.0,0.0,826.5,True,normal_rebalance
2024-05-10,2024-05-13,M2409.DCE,M,-3,-3,3522.0,3524.0,2.0,0.0,0.0,6.75,True,normal_rebalance
2024-05-17,2024-05-20,AL2406.SHF,AL,-465,-465,20930.0,20940.0,1.0,1.0,0.0,2092.5,True,roll
2024-05-17,2024-05-20,AL2407.SHF,AL,430,430,20975.0,20965.0,1.0,1.0,0.0,1935.0,True,roll
2024-05-17,2024-05-20,LH2409.DCE,LH,1,1,18260.0,18250.0,2.0,0.0,0.0,1.5,True,margin_forced
2024-05-17,2024-05-20,M2409.DCE,M,-21,-21,3588.0,3590.0,2.0,0.0,0.0,47.25,True,margin_forced
2024-05-17,2024-05-20,RB2410.SHF,RB,5,5,3711.0,3710.0,1.0,0.0,0.0,2.7832500000000002,True,margin_forced
2024-05-17,2024-05-20,SP2409.SHF,SP,551,551,6400.0,6396.0,2.0,0.0,0.0,264.48,True,normal_rebalance
2024-05-17,2024-05-20,UR2409.ZCE,UR,-551,-551,2136.0,2138.0,2.0,0.0,0.0,826.5,True,signal_exit
2024-05-20,2024-05-21,T2406.CFX,T,-123,-123,104.245,104.255,1.0,1.0,0.0,553.5,True,roll
2024-05-20,2024-05-21,T2409.CFX,T,133,133,104.175,104.165,1.0,1.0,0.0,598.5,True,roll
2024-05-23,2024-05-24,AL2407.SHF,AL,-4,-4,20765.0,20770.0,1.0,0.0,0.0,18.0,True,margin_forced
2024-05-23,2024-05-24,LH2409.DCE,LH,1,1,18165.0,18155.0,2.0,0.0,0.0,1.5,True,margin_forced
2024-05-23,2024-05-24,M2409.DCE,M,-4,-4,3639.0,3641.0,2.0,0.0,0.0,9.0,True,margin_forced
2024-05-23,2024-05-24,RB2410.SHF,RB,8,8,3781.0,3780.0,1.0,0.0,0.0,4.5372,True,margin_forced
2024-05-23,2024-05-24,SP2409.SHF,SP,-5,-5,6298.0,6302.0,2.0,0.0,0.0,2.36175,True,margin_forced
2024-05-23,2024-05-24,T2409.CFX,T,-1,-1,104.36,104.365,1.0,0.0,0.0,4.5,True,margin_forced
2024-05-24,2024-05-27,AL2407.SHF,AL,-6,-6,20970.0,20975.0,1.0,0.0,0.0,27.0,True,normal_rebalance
2024-05-24,2024-05-27,LH2409.DCE,LH,-1,-1,18295.0,18305.0,2.0,0.0,0.0,1.5,True,normal_rebalance
2024-05-24,2024-05-27,M2409.DCE,M,7,7,3601.0,3599.0,2.0,0.0,0.0,15.75,True,normal_rebalance
2024-05-24,2024-05-27,RB2410.SHF,RB,-12,-12,3785.0,3786.0,1.0,0.0,0.0,6.813000000000001,True,normal_rebalance
2024-05-24,2024-05-27,SP2409.SHF,SP,-546,-546,6274.0,6278.0,2.0,0.0,0.0,256.9203,True,signal_exit
2024-05-24,2024-05-27,UR2409.ZCE,UR,487,487,2203.0,2201.0,2.0,0.0,0.0,730.5,True,normal_rebalance
2024-05-31,2024-06-03,LH2409.DCE,LH,-3,-3,18270.0,18280.0,2.0,0.0,0.0,4.5,True,normal_rebalance
2024-05-31,2024-06-03,M2409.DCE,M,2,2,3510.0,3508.0,2.0,0.0,0.0,4.5,True,normal_rebalance
2024-05-31,2024-06-03,RB2410.SHF,RB,-47,-47,3705.0,3706.0,1.0,0.0,0.0,26.120250000000006,True,normal_rebalance
2024-05-31,2024-06-03,UR2409.ZCE,UR,44,44,2153.0,2151.0,2.0,0.0,0.0,66.0,True,normal_rebalance
2024-06-07,2024-06-11,AL2407.SHF,AL,-52,-52,21015.0,21020.0,1.0,0.0,0.0,234.0,True,normal_rebalance
2024-06-07,2024-06-11,RB2410.SHF,RB,2033,2033,3641.0,3640.0,1.0,0.0,0.0,1110.3229500000002,True,normal_rebalance
2024-06-07,2024-06-11,T2409.CFX,T,53,53,104.705,104.7,1.0,0.0,0.0,238.5,True,normal_rebalance
2024-06-11,2024-06-12,T2409.CFX,T,-2,-2,104.765,104.77,1.0,0.0,0.0,9.0,True,margin_forced
2024-06-12,2024-06-13,T2409.CFX,T,-16,-16,104.73,104.735,1.0,0.0,0.0,72.0,True,margin_forced
2024-06-14,2024-06-17,AL2407.SHF,AL,-51,-51,20505.0,20510.0,1.0,0.0,0.0,229.5,True,normal_rebalance
2024-06-14,2024-06-17,LH2409.DCE,LH,17,17,17890.0,17880.0,2.0,0.0,0.0,25.5,True,normal_rebalance
2024-06-14,2024-06-17,M2409.DCE,M,-26,-26,3453.0,3455.0,2.0,0.0,0.0,58.5,True,normal_rebalance
2024-06-14,2024-06-17,T2409.CFX,T,62,62,104.715,104.71,1.0,0.0,0.0,279.0,True,normal_rebalance
2024-06-14,2024-06-17,UR2409.ZCE,UR,-64,-64,2092.0,2094.0,2.0,0.0,0.0,96.0,True,normal_rebalance
2024-06-17,2024-06-18,AL2407.SHF,AL,-317,-317,20230.0,20240.0,1.0,1.0,0.0,1426.5,True,roll
2024-06-17,2024-06-18,AL2408.SHF,AL,275,275,20260.0,20250.0,1.0,1.0,0.0,1237.5,True,roll
2024-06-21,2024-06-24,AL2408.SHF,AL,44,44,20435.0,20430.0,1.0,0.0,0.0,198.0,True,normal_rebalance
2024-06-21,2024-06-24,LH2409.DCE,LH,-3,-3,17290.0,17300.0,2.0,0.0,0.0,4.5,True,normal_rebalance
2024-06-21,2024-06-24,RB2410.SHF,RB,-1988,-1988,3559.0,3560.0,1.0,0.0,0.0,1061.2938,True,normal_rebalance
2024-06-21,2024-06-24,T2409.CFX,T,-39,-39,104.895,104.9,1.0,0.0,0.0,175.5,True,normal_rebalance
2024-06-21,2024-06-24,UR2409.ZCE,UR,39,39,2096.0,2094.0,2.0,0.0,0.0,58.5,True,normal_rebalance
2024-06-28,2024-07-01,AL2408.SHF,AL,53,53,20430.0,20425.0,1.0,0.0,0.0,238.5,True,normal_rebalance
2024-06-28,2024-07-01,LH2409.DCE,LH,-5,-5,17550.0,17560.0,2.0,0.0,0.0,7.5,True,normal_rebalance
2024-06-28,2024-07-01,M2409.DCE,M,70,70,3377.0,3375.0,2.0,0.0,0.0,157.5,True,normal_rebalance
2024-06-28,2024-07-01,RB2410.SHF,RB,-59,-59,3546.0,3547.0,1.0,0.0,0.0,31.3821,True,normal_rebalance
2024-06-28,2024-07-01,T2409.CFX,T,-50,-50,105.35,105.355,1.0,0.0,0.0,225.0,True,normal_rebalance
2024-06-28,2024-07-01,UR2409.ZCE,UR,23,23,2125.0,2123.0,2.0,0.0,0.0,34.5,True,normal_rebalance
2024-07-05,2024-07-08,AL2408.SHF,AL,12,12,20405.0,20400.0,1.0,0.0,0.0,54.0,True,normal_rebalance
2024-07-05,2024-07-08,LH2409.DCE,LH,-3,-3,17970.0,17980.0,2.0,0.0,0.0,4.5,True,normal_rebalance
2024-07-05,2024-07-08,T2409.CFX,T,-3,-3,104.995,105.0,1.0,0.0,0.0,13.5,True,normal_rebalance
2024-07-12,2024-07-15,AP2410.ZCE,AP,-198,-198,6963.0,6965.0,2.0,0.0,0.0,1485.0,True,normal_rebalance
2024-07-12,2024-07-15,LH2409.DCE,LH,57,57,18025.0,18015.0,2.0,0.0,0.0,85.5,True,signal_exit
2024-07-12,2024-07-15,MA2409.ZCE,MA,1226,1226,2575.0,2573.0,2.0,0.0,0.0,1839.0,True,normal_rebalance
2024-07-12,2024-07-15,T2409.CFX,T,-11,-11,105.26,105.265,1.0,0.0,0.0,49.5,True,margin_forced
2024-07-12,2024-07-15,UR2409.ZCE,UR,-529,-529,2063.0,2065.0,2.0,0.0,0.0,793.5,True,signal_exit
2024-07-15,2024-07-16,AL2408.SHF,AL,-4,-4,19990.0,19995.0,1.0,0.0,0.0,18.0,True,margin_forced
2024-07-15,2024-07-16,AP2410.ZCE,AP,2,2,6927.0,6925.0,2.0,0.0,0.0,15.0,True,margin_forced
2024-07-15,2024-07-16,M2409.DCE,M,-5,-5,3088.0,3090.0,2.0,0.0,0.0,11.25,True,margin_forced
2024-07-15,2024-07-16,MA2409.ZCE,MA,-11,-11,2569.0,2571.0,2.0,0.0,0.0,16.5,True,margin_forced
2024-07-15,2024-07-16,RB2410.SHF,RB,10,10,3549.0,3548.0,1.0,0.0,0.0,5.323500000000001,True,margin_forced
2024-07-15,2024-07-16,T2409.CFX,T,-9,-9,105.37,105.375,1.0,0.0,0.0,40.5,True,margin_forced
2024-07-16,2024-07-17,AL2408.SHF,AL,-380,-380,19755.0,19765.0,1.0,1.0,0.0,1710.0,True,roll
2024-07-16,2024-07-17,AL2409.SHF,AL,366,366,19810.0,19800.0,1.0,1.0,0.0,1647.0,True,roll
2024-07-16,2024-07-17,AP2410.ZCE,AP,1,1,7005.0,7003.0,2.0,0.0,0.0,7.5,True,margin_forced
2024-07-16,2024-07-17,M2409.DCE,M,-2,-2,3086.0,3088.0,2.0,0.0,0.0,4.5,True,margin_forced
2024-07-16,2024-07-17,MA2409.ZCE,MA,-4,-4,2560.0,2562.0,2.0,0.0,0.0,6.0,True,margin_forced
2024-07-16,2024-07-17,RB2410.SHF,RB,4,4,3539.0,3538.0,1.0,0.0,0.0,2.1234,True,margin_forced
2024-07-16,2024-07-17,T2409.CFX,T,-2,-2,105.43,105.435,1.0,0.0,0.0,9.0,True,margin_forced
2024-07-19,2024-07-22,AP2410.ZCE,AP,195,195,7003.0,7001.0,2.0,0.0,0.0,1462.5,True,signal_exit
2024-07-19,2024-07-22,C2409.DCE,C,-1180,-1180,2396.0,2398.0,2.0,0.0,0.0,2124.0,True,normal_rebalance
2024-07-19,2024-07-22,M2409.DCE,M,-27,-27,3155.0,3157.0,2.0,0.0,0.0,60.75,True,normal_rebalance
2024-07-19,2024-07-22,MA2409.ZCE,MA,-1211,-1211,2493.0,2495.0,2.0,0.0,0.0,1816.5,True,signal_exit
2024-07-19,2024-07-22,UR2409.ZCE,UR,450,450,2025.0,2023.0,2.0,0.0,0.0,675.0,True,normal_rebalance
2024-07-26,2024-07-29,AL2409.SHF,AL,62,62,19295.0,19290.0,1.0,0.0,0.0,279.0,True,normal_rebalance
2024-07-26,2024-07-29,C2409.DCE,C,1180,1180,2359.0,2357.0,2.0,0.0,0.0,2124.0,True,signal_exit
2024-07-26,2024-07-29,CF2409.ZCE,CF,-219,-219,14130.0,14140.0,2.0,0.0,0.0,1412.55,True,normal_rebalance
2024-07-26,2024-07-29,FG2409.ZCE,FG,-339,-339,1386.0,1388.0,2.0,0.0,0.0,3051.0,True,normal_rebalance
2024-07-26,2024-07-29,M2409.DCE,M,-503,-503,3138.0,3140.0,2.0,0.0,0.0,1131.75,True,signal_exit
2024-07-26,2024-07-29,MA2409.ZCE,MA,678,678,2512.0,2510.0,2.0,0.0,0.0,1017.0,True,normal_rebalance
2024-07-26,2024-07-29,P2409.DCE,P,154,154,7844.0,7840.0,2.0,0.0,0.0,577.5,True,normal_rebalance
2024-07-26,2024-07-29,UR2409.ZCE,UR,-450,-450,1990.0,1992.0,2.0,0.0,0.0,675.0,True,signal_exit
2024-08-02,2024-08-05,C2409.DCE,C,-1278,-1278,2322.0,2324.0,2.0,0.0,0.0,2300.3999999999996,True,normal_rebalance
2024-08-02,2024-08-05,CF2409.ZCE,CF,219,219,14175.0,14165.0,2.0,0.0,0.0,1412.55,True,signal_exit
2024-08-02,2024-08-05,MA2409.ZCE,MA,-678,-678,2493.0,2495.0,2.0,0.0,0.0,1017.0,True,signal_exit
2024-08-02,2024-08-05,UR2409.ZCE,UR,252,252,2047.0,2045.0,2.0,0.0,0.0,378.0,True,normal_rebalance
2024-08-09,2024-08-12,AL2409.SHF,AL,12,12,19175.0,19170.0,1.0,0.0,0.0,54.0,True,normal_rebalance
2024-08-09,2024-08-12,C2409.DCE,C,1278,1278,2321.0,2319.0,2.0,0.0,0.0,2300.3999999999996,True,signal_exit
2024-08-09,2024-08-12,CF2409.ZCE,CF,-207,-207,13640.0,13650.0,2.0,0.0,0.0,1335.1499999999999,True,normal_rebalance
2024-08-09,2024-08-12,FG2409.ZCE,FG,-39,-39,1309.0,1311.0,2.0,0.0,0.0,351.0,True,normal_rebalance
2024-08-09,2024-08-12,RU2501.SHF,RU,108,108,15900.0,15890.0,2.0,0.0,0.0,486.0,True,normal_rebalance
2024-08-09,2024-08-12,UR2409.ZCE,UR,-252,-252,2035.0,2037.0,2.0,0.0,0.0,378.0,True,signal_exit
2024-08-14,2024-08-15,P2409.DCE,P,-154,-154,7596.0,7602.0,2.0,1.0,0.0,577.5,True,roll
2024-08-14,2024-08-15,P2501.DCE,P,188,188,7460.0,7454.0,2.0,1.0,0.0,705.0,True,roll
2024-08-15,2024-08-16,CF2409.ZCE,CF,207,207,13340.0,13325.0,2.0,1.0,0.0,1335.1499999999999,True,roll
2024-08-15,2024-08-16,CF2501.ZCE,CF,-268,-268,13405.0,13420.0,2.0,1.0,0.0,1728.6,True,roll
2024-08-16,2024-08-19,AL2409.SHF,AL,35,35,19300.0,19295.0,1.0,0.0,0.0,157.5,True,normal_rebalance
2024-08-16,2024-08-19,FG2409.ZCE,FG,-55,-55,1237.0,1239.0,2.0,0.0,0.0,495.0,True,normal_rebalance
2024-08-16,2024-08-19,RU2501.SHF,RU,11,11,16015.0,16005.0,2.0,0.0,0.0,49.5,True,normal_rebalance
2024-08-16,2024-08-19,T2409.CFX,T,2,2,105.685,105.68,1.0,0.0,0.0,9.0,True,normal_rebalance
2024-08-20,2024-08-21,AL2409.SHF,AL,-475,-475,19790.0,19800.0,1.0,1.0,0.0,2137.5,True,roll
2024-08-20,2024-08-21,AL2410.SHF,AL,532,532,19850.0,19840.0,1.0,1.0,0.0,2394.0,True,roll
2024-08-20,2024-08-21,FG2409.ZCE,FG,433,433,1251.0,1248.0,2.0,1.0,0.0,1299.0,True,roll
2024-08-20,2024-08-21,FG2501.ZCE,FG,-490,-490,1302.0,1305.0,2.0,1.0,0.0,4410.0,True,roll
2024-08-20,2024-08-21,T2409.CFX,T,-117,-117,105.775,105.785,1.0,1.0,0.0,526.5,True,roll
2024-08-20,2024-08-21,T2412.CFX,T,130,130,105.78,105.77,1.0,1.0,0.0,585.0,True,roll
2024-08-23,2024-08-26,C2411.DCE,C,-1044,-1044,2310.0,2312.0,2.0,0.0,0.0,1879.1999999999998,True,normal_rebalance
2024-08-23,2024-08-26,CF2501.ZCE,CF,268,268,13610.0,13600.0,2.0,0.0,0.0,1728.6,True,signal_exit
2024-08-23,2024-08-26,FG2501.ZCE,FG,37,37,1253.0,1251.0,2.0,0.0,0.0,333.0,True,normal_rebalance
2024-08-23,2024-08-26,RB2410.SHF,RB,18,18,3162.0,3161.0,1.0,0.0,0.0,8.537400000000002,True,normal_rebalance
2024-08-23,2024-08-26,RU2501.SHF,RU,10,10,16410.0,16400.0,2.0,0.0,0.0,45.0,True,normal_rebalance
2024-08-27,2024-08-28,AL2410.SHF,AL,-4,-4,19945.0,19950.0,1.0,0.0,0.0,18.0,True,margin_forced
2024-08-27,2024-08-28,C2411.DCE,C,7,7,2347.0,2345.0,2.0,0.0,0.0,12.600000000000001,True,margin_forced
2024-08-27,2024-08-28,FG2501.ZCE,FG,3,3,1262.0,1260.0,2.0,0.0,0.0,27.0,True,margin_forced
2024-08-27,2024-08-28,P2501.DCE,P,-2,-2,8044.0,8048.0,2.0,0.0,0.0,7.5,True,margin_forced
2024-08-27,2024-08-28,RB2410.SHF,RB,7,7,3251.0,3250.0,1.0,0.0,0.0,3.41355,True,margin_forced
2024-08-27,2024-08-28,RU2501.SHF,RU,-1,-1,16520.0,16530.0,2.0,0.0,0.0,4.5,True,margin_forced
2024-08-29,2024-08-30,AL2410.SHF,AL,-1,-1,19655.0,19660.0,1.0,0.0,0.0,4.5,True,margin_forced
2024-08-29,2024-08-30,C2411.DCE,C,1,1,2347.0,2345.0,2.0,0.0,0.0,1.7999999999999998,True,margin_forced
2024-08-29,2024-08-30,FG2501.ZCE,FG,1,1,1263.0,1261.0,2.0,0.0,0.0,9.0,True,margin_forced
2024-08-29,2024-08-30,P2501.DCE,P,-1,-1,7998.0,8002.0,2.0,0.0,0.0,3.75,True,margin_forced
2024-08-29,2024-08-30,RB2410.SHF,RB,1,1,3253.0,3252.0,1.0,0.0,0.0,0.48795000000000005,True,margin_forced
2024-08-29,2024-08-30,RU2501.SHF,RU,-1,-1,16590.0,16600.0,2.0,0.0,0.0,4.5,True,margin_forced
2024-08-30,2024-09-02,C2411.DCE,C,1036,1036,2343.0,2341.0,2.0,0.0,0.0,1864.8000000000002,True,signal_exit
2024-08-30,2024-09-02,CF2501.ZCE,CF,-279,-279,13765.0,13775.0,2.0,0.0,0.0,1799.5500000000002,True,normal_rebalance
2024-08-30,2024-09-02,RB2410.SHF,RB,54,54,3230.0,3229.0,1.0,0.0,0.0,26.163,True,normal_rebalance
2024-08-30,2024-09-02,RU2501.SHF,RU,5,5,16630.0,16620.0,2.0,0.0,0.0,22.5,True,normal_rebalance
2024-09-03,2024-09-04,RB2410.SHF,RB,965,965,3101.0,3099.0,1.0,1.0,0.0,448.86975000000007,True,roll
2024-09-03,2024-09-04,RB2501.SHF,RB,-969,-969,3138.0,3140.0,1.0,1.0,0.0,456.1083,True,roll
2024-09-06,2024-09-09,AL2410.SHF,AL,18,18,19335.0,19330.0,1.0,0.0,0.0,81.0,True,normal_rebalance
2024-09-06,2024-09-09,C2411.DCE,C,-1115,-1115,2268.0,2270.0,2.0,0.0,0.0,2007.0,True,normal_rebalance
2024-09-06,2024-09-09,CF2501.ZCE,CF,279,279,13490.0,13480.0,2.0,0.0,0.0,1799.5500000000002,True,signal_exit
2024-09-06,2024-09-09,P2501.DCE,P,17,17,7894.0,7890.0,2.0,0.0,0.0,63.75,True,normal_rebalance
2024-09-13,2024-09-18,AL2410.SHF,AL,21,21,19905.0,19900.0,1.0,0.0,0.0,94.5,True,normal_rebalance
2024-09-13,2024-09-18,C2411.DCE,C,-56,-56,2188.0,2190.0,2.0,0.0,0.0,100.80000000000001,True,normal_rebalance
2024-09-13,2024-09-18,P2501.DCE,P,32,32,7792.0,7788.0,2.0,0.0,0.0,120.0,True,normal_rebalance
2024-09-13,2024-09-18,RB2501.SHF,RB,-25,-25,3184.0,3185.0,1.0,0.0,0.0,11.940000000000001,True,normal_rebalance
2024-09-13,2024-09-18,T2412.CFX,T,4,4,106.95,106.945,1.0,0.0,0.0,18.0,True,normal_rebalance
2024-09-19,2024-09-20,AL2410.SHF,AL,-566,-566,20025.0,20035.0,1.0,1.0,0.0,2547.0,True,roll
2024-09-19,2024-09-20,AL2411.SHF,AL,693,693,20115.0,20105.0,1.0,1.0,0.0,3118.5,True,roll
2024-09-20,2024-09-23,C2411.DCE,C,-175,-175,2156.0,2158.0,2.0,0.0,0.0,315.0,True,normal_rebalance
2024-09-20,2024-09-23,FG2501.ZCE,FG,-1,-1,1032.0,1034.0,2.0,0.0,0.0,9.0,True,normal_rebalance
2024-09-20,2024-09-23,RB2501.SHF,RB,-83,-83,3162.0,3163.0,1.0,0.0,0.0,39.3669,True,normal_rebalance
2024-09-20,2024-09-23,RU2501.SHF,RU,-7,-7,17840.0,17850.0,2.0,0.0,0.0,31.5,True,normal_rebalance
2024-09-20,2024-09-23,T2412.CFX,T,9,9,107.035,107.03,1.0,0.0,0.0,40.5,True,normal_rebalance
2024-09-27,2024-09-30,AL2411.SHF,AL,-13,-13,20350.0,20355.0,1.0,0.0,0.0,58.5,True,margin_forced
2024-09-27,2024-09-30,C2411.DCE,C,5,5,2181.0,2179.0,2.0,0.0,0.0,9.0,True,margin_forced
2024-09-27,2024-09-30,FG2501.ZCE,FG,2,2,1207.0,1205.0,2.0,0.0,0.0,18.0,True,margin_forced
2024-09-27,2024-09-30,P2501.DCE,P,10,10,8514.0,8510.0,2.0,0.0,0.0,37.5,True,normal_rebalance
2024-09-27,2024-09-30,RB2501.SHF,RB,4,4,3342.0,3341.0,1.0,0.0,0.0,2.0052000000000003,True,margin_forced
2024-09-27,2024-09-30,RU2501.SHF,RU,-19,-19,18540.0,18550.0,2.0,0.0,0.0,85.5,True,margin_forced
2024-09-27,2024-09-30,T2412.CFX,T,11,11,105.125,105.12,1.0,0.0,0.0,49.5,True,normal_rebalance
2024-09-30,2024-10-08,AL2411.SHF,AL,-69,-69,20595.0,20600.0,1.0,0.0,0.0,310.5,True,normal_rebalance
2024-09-30,2024-10-08,C2411.DCE,C,158,158,2222.0,2220.0,2.0,0.0,0.0,284.4,True,normal_rebalance
2024-09-30,2024-10-08,FG2501.ZCE,FG,101,101,1340.0,1338.0,2.0,0.0,0.0,909.0,True,normal_rebalance
2024-09-30,2024-10-08,RB2501.SHF,RB,351,351,3681.0,3680.0,1.0,0.0,0.0,193.80465,True,normal_rebalance
2024-09-30,2024-10-08,RU2501.SHF,RU,-35,-35,19805.0,19815.0,2.0,0.0,0.0,157.5,True,normal_rebalance
2024-10-10,2024-10-11,C2411.DCE,C,1183,1183,2184.0,2181.0,2.0,1.0,0.0,2129.4,True,roll
2024-10-10,2024-10-11,C2501.DCE,C,-1129,-1129,2207.0,2210.0,2.0,1.0,0.0,2032.1999999999998,True,roll
2024-10-11,2024-10-14,RU2501.SHF,RU,-10,-10,18210.0,18220.0,2.0,0.0,0.0,45.0,True,normal_rebalance
2024-10-11,2024-10-14,T2412.CFX,T,8,8,106.04,106.035,1.0,0.0,0.0,36.0,True,normal_rebalance
2024-10-18,2024-10-21,AL2411.SHF,AL,-611,-611,20690.0,20700.0,1.0,1.0,0.0,2749.5,True,roll
2024-10-18,2024-10-21,AL2412.SHF,AL,611,611,20745.0,20735.0,1.0,1.0,0.0,2749.5,True,roll
2024-10-18,2024-10-21,C2501.DCE,C,-87,-87,2193.0,2195.0,2.0,0.0,0.0,156.6,True,normal_rebalance
2024-10-18,2024-10-21,FG2501.ZCE,FG,60,60,1232.0,1230.0,2.0,0.0,0.0,540.0,True,normal_rebalance
2024-10-18,2024-10-21,T2412.CFX,T,17,17,106.185,106.18,1.0,0.0,0.0,76.5,True,normal_rebalance
2024-10-25,2024-10-28,FG2501.ZCE,FG,287,287,1343.0,1341.0,2.0,0.0,0.0,4305.0,True,signal_exit
2024-10-25,2024-10-28,RB2501.SHF,RB,-73,-73,3379.0,3380.0,1.0,0.0,0.0,37.00005,True,normal_rebalance
2024-10-25,2024-10-28,SP2501.SHF,SP,-353,-353,5814.0,5818.0,2.0,0.0,0.0,153.92565000000002,True,normal_rebalance
2024-10-25,2024-10-28,T2412.CFX,T,2,2,105.86,105.855,1.0,0.0,0.0,9.0,True,normal_rebalance
2024-11-01,2024-11-04,C2501.DCE,C,-94,-94,2238.0,2240.0,2.0,0.0,0.0,169.2,True,normal_rebalance
2024-11-01,2024-11-04,P2501.DCE,P,10,10,9704.0,9700.0,2.0,0.0,0.0,37.5,True,normal_rebalance
2024-11-01,2024-11-04,RB2501.SHF,RB,-79,-79,3402.0,3403.0,1.0,0.0,0.0,40.313700000000004,True,normal_rebalance
2024-11-01,2024-11-04,RU2501.SHF,RU,11,11,17765.0,17755.0,2.0,0.0,0.0,49.5,True,normal_rebalance
2024-11-01,2024-11-04,SC2412.INE,SC,-21,-21,534.7,534.9,2.0,0.0,0.0,630.0,True,normal_rebalance
2024-11-01,2024-11-04,SP2501.SHF,SP,353,353,5796.0,5792.0,2.0,0.0,0.0,153.44910000000002,True,signal_exit
2024-11-01,2024-11-04,T2412.CFX,T,-7,-7,106.19,106.195,1.0,0.0,0.0,31.5,True,normal_rebalance
2024-11-08,2024-11-11,C2501.DCE,C,-100,-100,2193.0,2195.0,2.0,0.0,0.0,180.0,True,normal_rebalance
2024-11-08,2024-11-11,FG2501.ZCE,FG,-308,-308,1338.0,1340.0,2.0,0.0,0.0,4620.0,True,normal_rebalance
2024-11-08,2024-11-11,RB2501.SHF,RB,-75,-75,3347.0,3348.0,1.0,0.0,0.0,37.65375,True,normal_rebalance
2024-11-08,2024-11-11,RU2501.SHF,RU,10,10,18270.0,18260.0,2.0,0.0,0.0,45.0,True,normal_rebalance
2024-11-08,2024-11-11,SC2412.INE,SC,21,21,534.1,533.9,2.0,0.0,0.0,630.0,True,signal_exit
2024-11-08,2024-11-11,T2412.CFX,T,57,57,106.555,106.55,1.0,0.0,0.0,256.5,True,normal_rebalance
2024-11-15,2024-11-18,AL2412.SHF,AL,-120,-120,20945.0,20950.0,1.0,0.0,0.0,540.0,True,normal_rebalance
2024-11-15,2024-11-18,P2501.DCE,P,-51,-51,10174.0,10178.0,2.0,0.0,0.0,191.25,True,normal_rebalance
2024-11-15,2024-11-18,T2412.CFX,T,26,26,106.66,106.655,1.0,0.0,0.0,117.0,True,normal_rebalance
2024-11-18,2024-11-19,AL2412.SHF,AL,-491,-491,20355.0,20365.0,1.0,1.0,0.0,2209.5,True,roll
2024-11-18,2024-11-19,AL2501.SHF,AL,431,431,20360.0,20350.0,1.0,1.0,0.0,1939.5,True,roll
2024-11-22,2024-11-25,P2501.DCE,P,-37,-37,9526.0,9530.0,2.0,0.0,0.0,138.75,True,normal_rebalance
2024-11-22,2024-11-25,T2412.CFX,T,-257,-257,106.735,106.745,1.0,1.0,0.0,1156.5,True,roll
2024-11-22,2024-11-25,T2503.CFX,T,291,291,106.93,106.92,1.0,1.0,0.0,1309.5,True,roll
2024-11-28,2024-11-29,RU2501.SHF,RU,-82,-82,17805.0,17820.0,2.0,1.0,0.0,369.0,True,roll
2024-11-28,2024-11-29,RU2505.SHF,RU,93,93,18075.0,18060.0,2.0,1.0,0.0,418.5,True,roll
2024-11-29,2024-12-02,C2501.DCE,C,-101,-101,2158.0,2160.0,2.0,0.0,0.0,181.79999999999998,True,normal_rebalance
2024-11-29,2024-12-02,FG2501.ZCE,FG,-43,-43,1261.0,1263.0,2.0,0.0,0.0,645.0,True,normal_rebalance
2024-11-29,2024-12-02,RB2501.SHF,RB,-100,-100,3317.0,3318.0,1.0,0.0,0.0,49.755,True,normal_rebalance
2024-12-06,2024-12-09,AL2501.SHF,AL,40,40,20295.0,20290.0,1.0,0.0,0.0,180.0,True,normal_rebalance
2024-12-06,2024-12-09,FG2501.ZCE,FG,-27,-27,1196.0,1198.0,2.0,0.0,0.0,405.0,True,normal_rebalance
2024-12-06,2024-12-09,RB2501.SHF,RB,1049,1049,3262.0,3260.0,1.0,1.0,0.0,513.2757,True,roll
2024-12-06,2024-12-09,RB2505.SHF,RB,-1308,-1308,3303.0,3305.0,1.0,1.0,0.0,648.0486000000001,True,roll
2024-12-12,2024-12-13,AL2501.SHF,AL,-471,-471,20450.0,20460.0,1.0,1.0,0.0,2119.5,True,roll
2024-12-12,2024-12-13,AL2502.SHF,AL,602,602,20495.0,20485.0,1.0,1.0,0.0,2709.0,True,roll
2024-12-13,2024-12-16,C2501.DCE,C,-96,-96,2102.0,2104.0,2.0,0.0,0.0,172.79999999999998,True,normal_rebalance
2024-12-13,2024-12-16,FG2501.ZCE,FG,378,378,1232.0,1229.0,2.0,1.0,0.0,1134.0,True,roll
2024-12-13,2024-12-16,FG2505.ZCE,FG,-494,-494,1370.0,1373.0,2.0,1.0,0.0,4446.0,True,roll
2024-12-13,2024-12-16,P2501.DCE,P,-166,-166,10008.0,10014.0,2.0,1.0,0.0,622.5,True,roll
2024-12-13,2024-12-16,P2505.DCE,P,203,203,9320.0,9314.0,2.0,1.0,0.0,761.25,True,roll
2024-12-13,2024-12-16,RU2505.SHF,RU,6,6,18520.0,18510.0,2.0,0.0,0.0,27.0,True,normal_rebalance
2024-12-17,2024-12-18,C2501.DCE,C,1607,1607,2091.0,2088.0,2.0,1.0,0.0,2892.6,True,roll
2024-12-17,2024-12-18,C2505.DCE,C,-1655,-1655,2180.0,2183.0,2.0,1.0,0.0,2979.0,True,roll
2024-12-18,2024-12-19,T2503.CFX,T,-9,-9,108.445,108.45,1.0,0.0,0.0,40.5,True,margin_forced
2024-12-19,2024-12-20,T2503.CFX,T,-2,-2,108.655,108.66,1.0,0.0,0.0,9.0,True,margin_forced
2024-12-20,2024-12-23,P2505.DCE,P,-19,-19,8706.0,8710.0,2.0,0.0,0.0,71.25,True,normal_rebalance
2024-12-20,2024-12-23,T2503.CFX,T,-16,-16,109.07,109.075,1.0,0.0,0.0,72.0,True,normal_rebalance
2024-12-27,2024-12-30,T2503.CFX,T,-13,-13,108.785,108.79,1.0,0.0,0.0,58.5,True,normal_rebalance
2025-01-03,2025-01-06,MA2505.ZCE,MA,902,902,2656.0,2654.0,2.0,0.0,0.0,1353.0,True,normal_rebalance
2025-01-03,2025-01-06,RU2505.SHF,RU,-99,-99,16915.0,16925.0,2.0,0.0,0.0,445.5,True,signal_exit
2025-01-03,2025-01-06,T2503.CFX,T,-22,-22,109.45,109.455,1.0,0.0,0.0,99.0,True,normal_rebalance
2025-01-10,2025-01-13,AP2505.ZCE,AP,-180,-180,6657.0,6659.0,2.0,0.0,0.0,1350.0,True,normal_rebalance
2025-01-10,2025-01-13,C2505.DCE,C,1655,1655,2252.0,2250.0,2.0,0.0,0.0,2979.0,True,signal_exit
2025-01-10,2025-01-13,MA2505.ZCE,MA,-902,-902,2618.0,2620.0,2.0,0.0,0.0,1353.0,True,signal_exit
2025-01-10,2025-01-13,RB2505.SHF,RB,-60,-60,3212.0,3213.0,1.0,0.0,0.0,28.908,True,normal_rebalance
2025-01-10,2025-01-13,SC2503.INE,SC,28,28,591.2,591.0,2.0,0.0,0.0,840.0,True,normal_rebalance
2025-01-14,2025-01-15,AL2502.SHF,AL,-602,-602,20220.0,20230.0,1.0,1.0,0.0,2709.0,True,roll
2025-01-14,2025-01-15,AL2503.SHF,AL,670,670,20295.0,20285.0,1.0,1.0,0.0,3015.0,True,roll
2025-01-17,2025-01-20,AP2505.ZCE,AP,-18,-18,6757.0,6759.0,2.0,0.0,0.0,135.0,True,normal_rebalance
2025-01-17,2025-01-20,RB2505.SHF,RB,-47,-47,3370.0,3371.0,1.0,0.0,0.0,23.7585,True,normal_rebalance
2025-01-17,2025-01-20,SC2503.INE,SC,-2,-2,628.3,628.5,2.0,0.0,0.0,60.0,True,normal_rebalance
2025-01-24,2025-01-27,AP2505.ZCE,AP,198,198,6913.0,6911.0,2.0,0.0,0.0,1485.0,True,signal_exit
2025-01-24,2025-01-27,CF2505.ZCE,CF,-550,-550,13585.0,13595.0,2.0,0.0,0.0,3547.5,True,normal_rebalance
2025-01-24,2025-01-27,RB2505.SHF,RB,-26,-26,3370.0,3371.0,1.0,0.0,0.0,13.143,True,normal_rebalance
2025-01-24,2025-01-27,RU2505.SHF,RU,103,103,17440.0,17430.0,2.0,0.0,0.0,463.5,True,normal_rebalance
2025-01-24,2025-01-27,SC2503.INE,SC,-26,-26,608.3,608.5,2.0,0.0,0.0,780.0,True,signal_exit
2025-01-24,2025-01-27,T2503.CFX,T,-44,-44,109.19,109.195,1.0,0.0,0.0,198.0,True,normal_rebalance
2025-01-27,2025-02-05,RU2505.SHF,RU,-103,-103,17340.0,17350.0,2.0,0.0,0.0,463.5,True,signal_exit
2025-01-27,2025-02-05,SC2503.INE,SC,21,21,598.1,597.9,2.0,0.0,0.0,630.0,True,normal_rebalance
2025-02-07,2025-02-10,SC2503.INE,SC,2,2,603.7,603.5,2.0,0.0,0.0,60.0,True,normal_rebalance
2025-02-07,2025-02-10,T2503.CFX,T,24,24,109.315,109.31,1.0,0.0,0.0,108.0,True,normal_rebalance
2025-02-10,2025-02-11,SC2503.INE,SC,-23,-23,609.4,609.7,2.0,1.0,0.0,690.0,True,roll
2025-02-10,2025-02-11,SC2504.INE,SC,27,27,589.4,589.1,2.0,1.0,0.0,810.0,True,roll
2025-02-14,2025-02-17,CF2505.ZCE,CF,-43,-43,13715.0,13725.0,2.0,0.0,0.0,277.35,True,normal_rebalance
2025-02-14,2025-02-17,RB2505.SHF,RB,-80,-80,3258.0,3259.0,1.0,0.0,0.0,39.096000000000004,True,normal_rebalance
2025-02-14,2025-02-17,RU2505.SHF,RU,98,98,17965.0,17955.0,2.0,0.0,0.0,441.0,True,normal_rebalance
2025-02-14,2025-02-17,SC2504.INE,SC,-27,-27,569.9,570.1,2.0,0.0,0.0,810.0,True,signal_exit
2025-02-14,2025-02-17,T2503.CFX,T,-13,-13,108.66,108.665,1.0,0.0,0.0,58.5,True,normal_rebalance
2025-02-17,2025-02-18,AL2503.SHF,AL,-670,-670,20560.0,20570.0,1.0,1.0,0.0,3015.0,True,roll
2025-02-17,2025-02-18,AL2504.SHF,AL,709,709,20655.0,20645.0,1.0,1.0,0.0,3190.5,True,roll
2025-02-19,2025-02-20,T2503.CFX,T,-1,-1,108.68,108.685,1.0,0.0,0.0,4.5,True,margin_forced
2025-02-20,2025-02-21,T2503.CFX,T,-195,-195,108.41,108.42,1.0,1.0,0.0,877.5,True,roll
2025-02-20,2025-02-21,T2506.CFX,T,175,175,108.445,108.435,1.0,1.0,0.0,787.5,True,roll
2025-02-24,2025-02-25,AL2504.SHF,AL,-1,-1,20665.0,20670.0,1.0,0.0,0.0,4.5,True,margin_forced
2025-02-24,2025-02-25,CF2505.ZCE,CF,1,1,13865.0,13855.0,2.0,0.0,0.0,6.449999999999999,True,margin_forced
2025-02-24,2025-02-25,FG2505.ZCE,FG,1,1,1271.0,1269.0,2.0,0.0,0.0,9.0,True,margin_forced
2025-02-24,2025-02-25,P2505.DCE,P,-1,-1,9188.0,9192.0,2.0,0.0,0.0,3.75,True,margin_forced
2025-02-24,2025-02-25,RB2505.SHF,RB,2,2,3339.0,3338.0,1.0,0.0,0.0,1.0017,True,margin_forced
2025-02-24,2025-02-25,RU2505.SHF,RU,-1,-1,17935.0,17945.0,2.0,0.0,0.0,4.5,True,margin_forced
2025-02-24,2025-02-25,T2506.CFX,T,-2,-2,108.055,108.06,1.0,0.0,0.0,9.0,True,margin_forced
2025-02-28,2025-03-03,RU2505.SHF,RU,10,10,17795.0,17785.0,2.0,0.0,0.0,45.0,True,normal_rebalance
2025-03-07,2025-03-10,RU2505.SHF,RU,1,1,17330.0,17320.0,2.0,0.0,0.0,4.5,True,normal_rebalance
2025-03-13,2025-03-14,AL2504.SHF,AL,-708,-708,20865.0,20875.0,1.0,1.0,0.0,3186.0,True,roll
2025-03-13,2025-03-14,AL2505.SHF,AL,793,793,20955.0,20945.0,1.0,1.0,0.0,3568.5,True,roll
2025-03-17,2025-03-18,AL2505.SHF,AL,-12,-12,20895.0,20900.0,1.0,0.0,0.0,54.0,True,margin_forced
2025-03-17,2025-03-18,CF2505.ZCE,CF,9,9,13650.0,13640.0,2.0,0.0,0.0,58.05,True,margin_forced
2025-03-17,2025-03-18,FG2505.ZCE,FG,7,7,1179.0,1177.0,2.0,0.0,0.0,63.0,True,margin_forced
2025-03-17,2025-03-18,P2505.DCE,P,-3,-3,8976.0,8980.0,2.0,0.0,0.0,11.25,True,margin_forced
2025-03-17,2025-03-18,RB2505.SHF,RB,22,22,3216.0,3215.0,1.0,0.0,0.0,10.612800000000002,True,margin_forced
2025-03-17,2025-03-18,RU2505.SHF,RU,-2,-2,16890.0,16900.0,2.0,0.0,0.0,9.0,True,margin_forced
2025-03-21,2025-03-24,FG2505.ZCE,FG,-3,-3,1173.0,1175.0,2.0,0.0,0.0,27.0,True,normal_rebalance
2025-03-21,2025-03-24,RU2505.SHF,RU,11,11,16935.0,16925.0,2.0,0.0,0.0,49.5,True,normal_rebalance
2025-03-25,2025-03-26,AL2505.SHF,AL,-7,-7,20700.0,20705.0,1.0,0.0,0.0,31.5,True,margin_forced
2025-03-25,2025-03-26,CF2505.ZCE,CF,5,5,13590.0,13580.0,2.0,0.0,0.0,32.25,True,margin_forced
2025-03-25,2025-03-26,FG2505.ZCE,FG,4,4,1263.0,1261.0,2.0,0.0,0.0,36.0,True,margin_forced
2025-03-25,2025-03-26,P2505.DCE,P,-2,-2,8808.0,8812.0,2.0,0.0,0.0,7.5,True,margin_forced
2025-03-25,2025-03-26,RB2505.SHF,RB,13,13,3221.0,3220.0,1.0,0.0,0.0,6.280950000000001,True,margin_forced
2025-03-25,2025-03-26,RU2505.SHF,RU,-1,-1,17095.0,17105.0,2.0,0.0,0.0,4.5,True,margin_forced
2025-03-28,2025-03-31,CF2505.ZCE,CF,-7,-7,13585.0,13595.0,2.0,0.0,0.0,45.15,True,normal_rebalance
2025-04-03,2025-04-07,CF2505.ZCE,CF,-17,-17,13245.0,13255.0,2.0,0.0,0.0,109.64999999999999,True,normal_rebalance
2025-04-03,2025-04-07,FG2505.ZCE,FG,10,10,1165.0,1163.0,2.0,0.0,0.0,90.0,True,normal_rebalance
2025-04-03,2025-04-07,RU2505.SHF,RU,-116,-116,15440.0,15455.0,2.0,1.0,0.0,522.0,True,roll
2025-04-03,2025-04-07,UR2505.ZCE,UR,436,436,1850.0,1848.0,2.0,0.0,0.0,654.0,True,normal_rebalance
2025-04-08,2025-04-09,AL2505.SHF,AL,-22,-22,19685.0,19690.0,1.0,0.0,0.0,99.0,True,margin_forced
2025-04-08,2025-04-09,CF2505.ZCE,CF,17,17,12820.0,12810.0,2.0,0.0,0.0,109.64999999999999,True,margin_forced
2025-04-08,2025-04-09,FG2505.ZCE,FG,13,13,1202.0,1200.0,2.0,0.0,0.0,117.0,True,margin_forced
2025-04-08,2025-04-09,P2505.DCE,P,-5,-5,8708.0,8712.0,2.0,0.0,0.0,18.75,True,margin_forced
2025-04-08,2025-04-09,RB2505.SHF,RB,1484,1484,3043.0,3041.0,1.0,1.0,0.0,677.3718,True,roll
2025-04-08,2025-04-09,RB2510.SHF,RB,-1963,-1963,3100.0,3102.0,1.0,1.0,0.0,912.795,True,roll
2025-04-08,2025-04-09,UR2505.ZCE,UR,-12,-12,1783.0,1785.0,2.0,0.0,0.0,18.0,True,margin_forced
2025-04-11,2025-04-14,AL2505.SHF,AL,-1164,-1164,19750.0,19755.0,1.0,0.0,0.0,5238.0,True,normal_rebalance
2025-04-11,2025-04-14,CF2505.ZCE,CF,178,178,12810.0,12800.0,2.0,0.0,0.0,1148.1,True,normal_rebalance
2025-04-11,2025-04-14,FG2505.ZCE,FG,-22,-22,1144.0,1146.0,2.0,0.0,0.0,198.0,True,normal_rebalance
2025-04-11,2025-04-14,RB2510.SHF,RB,191,191,3131.0,3130.0,1.0,0.0,0.0,89.70315000000002,True,normal_rebalance
2025-04-11,2025-04-14,T2506.CFX,T,3,3,108.86,108.855,1.0,0.0,0.0,13.5,True,normal_rebalance
2025-04-11,2025-04-14,UR2505.ZCE,UR,5,5,1865.0,1863.0,2.0,0.0,0.0,7.5,True,normal_rebalance
2025-04-14,2025-04-15,AL2505.SHF,AL,412,412,19795.0,19785.0,1.0,1.0,0.0,1854.0,True,roll
2025-04-14,2025-04-15,AL2506.SHF,AL,-457,-457,19680.0,19690.0,1.0,1.0,0.0,2056.5,True,roll
2025-04-15,2025-04-16,CF2505.ZCE,CF,407,407,12670.0,12655.0,2.0,1.0,0.0,2625.15,True,roll
2025-04-15,2025-04-16,CF2509.ZCE,CF,-376,-376,12855.0,12870.0,2.0,1.0,0.0,2425.2,True,roll
2025-04-16,2025-04-17,FG2505.ZCE,FG,484,484,1159.0,1156.0,2.0,1.0,0.0,1452.0,True,roll
2025-04-16,2025-04-17,FG2509.ZCE,FG,-562,-562,1183.0,1186.0,2.0,1.0,0.0,5058.0,True,roll
2025-04-16,2025-04-17,P2505.DCE,P,-173,-173,8660.0,8666.0,2.0,1.0,0.0,648.75,True,roll
2025-04-16,2025-04-17,P2509.DCE,P,174,174,8108.0,8102.0,2.0,1.0,0.0,652.5,True,roll
2025-04-17,2025-04-18,UR2505.ZCE,UR,-429,-429,1770.0,1773.0,2.0,1.0,0.0,643.5,True,roll
2025-04-17,2025-04-18,UR2509.ZCE,UR,451,451,1763.0,1760.0,2.0,1.0,0.0,676.5,True,roll
2025-04-18,2025-04-21,T2506.CFX,T,15,15,109.035,109.03,1.0,0.0,0.0,67.5,True,normal_rebalance
2025-04-25,2025-04-28,CF2509.ZCE,CF,22,22,12975.0,12965.0,2.0,0.0,0.0,141.89999999999998,True,normal_rebalance
2025-04-25,2025-04-28,FG2509.ZCE,FG,-231,-231,1116.0,1118.0,2.0,0.0,0.0,2079.0,True,normal_rebalance
2025-04-25,2025-04-28,P2509.DCE,P,-8,-8,8344.0,8348.0,2.0,0.0,0.0,30.0,True,normal_rebalance
2025-04-25,2025-04-28,RB2510.SHF,RB,421,421,3107.0,3106.0,1.0,0.0,0.0,196.20705000000004,True,normal_rebalance
2025-04-25,2025-04-28,UR2509.ZCE,UR,-451,-451,1748.0,1750.0,2.0,0.0,0.0,676.5,True,signal_exit
2025-04-30,2025-05-06,AL2506.SHF,AL,-12,-12,19915.0,19920.0,1.0,0.0,0.0,54.0,True,normal_rebalance
2025-04-30,2025-05-06,CF2509.ZCE,CF,-1,-1,12860.0,12870.0,2.0,0.0,0.0,6.449999999999999,True,normal_rebalance
2025-04-30,2025-05-06,FG2509.ZCE,FG,793,793,1080.0,1078.0,2.0,0.0,0.0,7137.0,True,signal_exit
2025-04-30,2025-05-06,SP2507.SHF,SP,-540,-540,5122.0,5126.0,2.0,0.0,0.0,207.44099999999997,True,normal_rebalance
2025-05-09,2025-05-12,FG2509.ZCE,FG,-814,-814,1032.0,1034.0,2.0,0.0,0.0,7326.0,True,normal_rebalance
2025-05-09,2025-05-12,SP2507.SHF,SP,540,540,5154.0,5150.0,2.0,0.0,0.0,208.73700000000002,True,signal_exit
2025-05-15,2025-05-16,AL2506.SHF,AL,469,469,20180.0,20170.0,1.0,1.0,0.0,2110.5,True,roll
2025-05-15,2025-05-16,AL2507.SHF,AL,-385,-385,20140.0,20150.0,1.0,1.0,0.0,1732.5,True,roll
2025-05-16,2025-05-19,CF2509.ZCE,CF,29,29,13400.0,13390.0,2.0,0.0,0.0,187.04999999999998,True,normal_rebalance
2025-05-16,2025-05-19,P2509.DCE,P,-14,-14,7938.0,7942.0,2.0,0.0,0.0,52.5,True,normal_rebalance
2025-05-16,2025-05-19,RB2510.SHF,RB,168,168,3079.0,3078.0,1.0,0.0,0.0,77.5908,True,normal_rebalance
2025-05-16,2025-05-19,T2506.CFX,T,-15,-15,108.505,108.51,1.0,0.0,0.0,67.5,True,normal_rebalance
2025-05-20,2025-05-21,T2506.CFX,T,-176,-176,108.535,108.545,1.0,1.0,0.0,792.0,True,roll
2025-05-20,2025-05-21,T2509.CFX,T,168,168,108.905,108.895,1.0,1.0,0.0,756.0,True,roll
2025-05-23,2025-05-26,AL2507.SHF,AL,-30,-30,20120.0,20125.0,1.0,0.0,0.0,135.0,True,normal_rebalance
2025-05-23,2025-05-26,CF2509.ZCE,CF,326,326,13395.0,13385.0,2.0,0.0,0.0,2102.7,True,signal_exit
2025-05-23,2025-05-26,M2509.DCE,M,-556,-556,2943.0,2945.0,2.0,0.0,0.0,1251.0,True,normal_rebalance
2025-05-23,2025-05-26,T2509.CFX,T,1,1,108.895,108.89,1.0,0.0,0.0,4.5,True,normal_rebalance
2025-05-30,2025-06-03,AL2507.SHF,AL,-37,-37,20110.0,20115.0,1.0,0.0,0.0,166.5,True,normal_rebalance
2025-05-30,2025-06-03,C2507.DCE,C,-1458,-1458,2338.0,2340.0,2.0,0.0,0.0,2624.3999999999996,True,normal_rebalance
2025-05-30,2025-06-03,M2509.DCE,M,556,556,2952.0,2950.0,2.0,0.0,0.0,1251.0,True,signal_exit
2025-05-30,2025-06-03,T2509.CFX,T,3,3,108.705,108.7,1.0,0.0,0.0,13.5,True,normal_rebalance
2025-06-06,2025-06-09,AL2507.SHF,AL,-1,-1,19975.0,19980.0,1.0,0.0,0.0,4.5,True,normal_rebalance
2025-06-06,2025-06-09,C2507.DCE,C,-36,-36,2339.0,2341.0,2.0,0.0,0.0,64.8,True,normal_rebalance
2025-06-06,2025-06-09,P2509.DCE,P,7,7,8126.0,8122.0,2.0,0.0,0.0,26.25,True,normal_rebalance
2025-06-06,2025-06-09,T2509.CFX,T,15,15,108.975,108.97,1.0,0.0,0.0,67.5,True,normal_rebalance
2025-06-13,2025-06-16,C2507.DCE,C,1494,1494,2382.0,2380.0,2.0,0.0,0.0,2689.2,True,signal_exit
2025-06-13,2025-06-16,CF2509.ZCE,CF,-378,-378,13470.0,13480.0,2.0,0.0,0.0,2438.1,True,normal_rebalance
2025-06-13,2025-06-16,T2509.CFX,T,9,9,109.045,109.04,1.0,0.0,0.0,40.5,True,normal_rebalance
2025-06-20,2025-06-23,AL2507.SHF,AL,-27,-27,20485.0,20490.0,1.0,0.0,0.0,121.5,True,normal_rebalance
2025-06-20,2025-06-23,CF2509.ZCE,CF,-99,-99,13490.0,13500.0,2.0,0.0,0.0,638.55,True,normal_rebalance
2025-06-20,2025-06-23,FG2509.ZCE,FG,301,301,1009.0,1007.0,2.0,0.0,0.0,2709.0,True,normal_rebalance
2025-06-20,2025-06-23,RB2510.SHF,RB,-5,-5,2990.0,2991.0,1.0,0.0,0.0,2.2425,True,normal_rebalance
2025-06-20,2025-06-23,SC2508.INE,SC,12,12,563.0,562.8,2.0,0.0,0.0,360.0,True,normal_rebalance
2025-06-20,2025-06-23,T2509.CFX,T,49,49,109.165,109.16,1.0,0.0,0.0,220.5,True,normal_rebalance
2025-06-23,2025-06-24,AL2507.SHF,AL,480,480,20500.0,20490.0,1.0,1.0,0.0,2160.0,True,roll
2025-06-23,2025-06-24,AL2508.SHF,AL,-541,-541,20405.0,20415.0,1.0,1.0,0.0,2434.5,True,roll
2025-06-27,2025-06-30,AL2508.SHF,AL,7,7,20580.0,20575.0,1.0,0.0,0.0,31.5,True,normal_rebalance
2025-06-27,2025-06-30,C2509.DCE,C,-1275,-1275,2377.0,2379.0,2.0,0.0,0.0,2295.0,True,normal_rebalance
2025-06-27,2025-06-30,CF2509.ZCE,CF,477,477,13765.0,13755.0,2.0,0.0,0.0,3076.6499999999996,True,signal_exit
2025-06-27,2025-06-30,FG2509.ZCE,FG,-193,-193,1015.0,1017.0,2.0,0.0,0.0,1737.0,True,normal_rebalance
2025-06-27,2025-06-30,P2509.DCE,P,-1,-1,8362.0,8366.0,2.0,0.0,0.0,3.75,True,normal_rebalance
2025-06-27,2025-06-30,SC2508.INE,SC,-12,-12,498.4,498.6,2.0,0.0,0.0,360.0,True,signal_exit
2025-07-11,2025-07-14,AL2508.SHF,AL,1081,1081,20645.0,20640.0,1.0,0.0,0.0,4864.5,True,normal_rebalance
2025-07-11,2025-07-14,C2509.DCE,C,-226,-226,2301.0,2303.0,2.0,0.0,0.0,406.79999999999995,True,normal_rebalance
2025-07-11,2025-07-14,FG2509.ZCE,FG,-14,-14,1085.0,1087.0,2.0,0.0,0.0,126.0,True,normal_rebalance
2025-07-11,2025-07-14,P2509.DCE,P,20,20,8686.0,8682.0,2.0,0.0,0.0,75.0,True,normal_rebalance
2025-07-11,2025-07-14,RB2510.SHF,RB,-25,-25,3132.0,3133.0,1.0,0.0,0.0,11.745000000000001,True,normal_rebalance
2025-07-17,2025-07-18,AL2508.SHF,AL,-547,-547,20435.0,20445.0,1.0,1.0,0.0,2461.5,True,roll
2025-07-17,2025-07-18,AL2509.SHF,AL,569,569,20410.0,20400.0,1.0,1.0,0.0,2560.5,True,roll
2025-07-18,2025-07-21,RB2510.SHF,RB,-22,-22,3158.0,3159.0,1.0,0.0,0.0,10.4214,True,normal_rebalance
2025-07-22,2025-07-23,T2509.CFX,T,-12,-12,108.495,108.5,1.0,0.0,0.0,54.0,True,margin_forced
2025-07-23,2025-07-24,T2509.CFX,T,-12,-12,108.44,108.445,1.0,0.0,0.0,54.0,True,margin_forced
2025-07-24,2025-07-25,T2509.CFX,T,-29,-29,108.225,108.23,1.0,0.0,0.0,130.5,True,margin_forced
2025-07-25,2025-07-28,AL2509.SHF,AL,-25,-25,20760.0,20765.0,1.0,0.0,0.0,112.5,True,normal_rebalance
2025-07-25,2025-07-28,FG2509.ZCE,FG,268,268,1357.0,1355.0,2.0,0.0,0.0,2412.0,True,normal_rebalance
2025-07-25,2025-07-28,RB2510.SHF,RB,170,170,3353.0,3352.0,1.0,0.0,0.0,85.50150000000001,True,normal_rebalance
2025-07-25,2025-07-28,T2509.CFX,T,26,26,108.385,108.38,1.0,0.0,0.0,117.0,True,normal_rebalance
2025-08-01,2025-08-04,FG2509.ZCE,FG,70,70,1104.0,1102.0,2.0,0.0,0.0,630.0,True,normal_rebalance
2025-08-01,2025-08-04,P2509.DCE,P,10,10,8922.0,8918.0,2.0,0.0,0.0,37.5,True,normal_rebalance
2025-08-01,2025-08-04,RB2510.SHF,RB,313,313,3207.0,3206.0,1.0,0.0,0.0,150.56865000000002,True,normal_rebalance
2025-08-01,2025-08-04,T2509.CFX,T,2,2,108.6,108.595,1.0,0.0,0.0,9.0,True,normal_rebalance
2025-08-08,2025-08-11,AL2509.SHF,AL,37,37,20690.0,20685.0,1.0,0.0,0.0,166.5,True,normal_rebalance
2025-08-08,2025-08-11,T2509.CFX,T,30,30,108.595,108.59,1.0,0.0,0.0,135.0,True,normal_rebalance
2025-08-13,2025-08-14,FG2509.ZCE,FG,382,382,1055.0,1052.0,2.0,1.0,0.0,1146.0,True,roll
2025-08-13,2025-08-14,FG2601.ZCE,FG,-435,-435,1202.0,1205.0,2.0,1.0,0.0,3915.0,True,roll
2025-08-14,2025-08-15,P2509.DCE,P,-188,-188,9284.0,9290.0,2.0,1.0,0.0,705.0,True,roll
2025-08-14,2025-08-15,P2601.DCE,P,168,168,9388.0,9382.0,2.0,1.0,0.0,630.0,True,roll
2025-08-15,2025-08-18,AL2509.SHF,AL,16,16,20700.0,20695.0,1.0,0.0,0.0,72.0,True,normal_rebalance
2025-08-15,2025-08-18,C2509.DCE,C,1501,1501,2269.0,2266.0,2.0,1.0,0.0,2701.8,True,roll
2025-08-15,2025-08-18,C2511.DCE,C,-1403,-1403,2187.0,2190.0,2.0,1.0,0.0,2525.3999999999996,True,roll
2025-08-15,2025-08-18,RB2510.SHF,RB,-11,-11,3189.0,3190.0,1.0,0.0,0.0,5.261850000000001,True,normal_rebalance
2025-08-15,2025-08-18,T2509.CFX,T,20,20,108.125,108.12,1.0,0.0,0.0,90.0,True,normal_rebalance
2025-08-19,2025-08-20,AL2509.SHF,AL,-597,-597,20545.0,20555.0,1.0,1.0,0.0,2686.5,True,roll
2025-08-19,2025-08-20,AL2510.SHF,AL,679,679,20550.0,20540.0,1.0,1.0,0.0,3055.5,True,roll
2025-08-22,2025-08-25,AL2510.SHF,AL,32,32,20630.0,20625.0,1.0,0.0,0.0,144.0,True,normal_rebalance
2025-08-22,2025-08-25,C2511.DCE,C,1403,1403,2177.0,2175.0,2.0,0.0,0.0,2525.3999999999996,True,signal_exit
2025-08-22,2025-08-25,FG2601.ZCE,FG,110,110,1178.0,1176.0,2.0,0.0,0.0,990.0,True,normal_rebalance
2025-08-22,2025-08-25,JD2510.DCE,JD,-914,-914,3033.0,3035.0,2.0,0.0,0.0,2056.5,True,normal_rebalance
2025-08-22,2025-08-25,P2601.DCE,P,19,19,9616.0,9612.0,2.0,0.0,0.0,71.25,True,normal_rebalance
2025-08-22,2025-08-25,RB2510.SHF,RB,-230,-230,3120.0,3121.0,1.0,0.0,0.0,107.64000000000001,True,normal_rebalance
2025-08-22,2025-08-25,SC2510.INE,SC,22,22,494.2,494.0,2.0,0.0,0.0,660.0,True,normal_rebalance
2025-08-22,2025-08-25,T2509.CFX,T,-270,-270,107.755,107.765,1.0,1.0,0.0,1215.0,True,roll
2025-08-22,2025-08-25,T2512.CFX,T,227,227,107.59,107.58,1.0,1.0,0.0,1021.5,True,roll
2025-08-29,2025-09-01,AL2510.SHF,AL,35,35,20750.0,20745.0,1.0,0.0,0.0,157.5,True,normal_rebalance
2025-08-29,2025-09-01,JD2510.DCE,JD,-123,-123,2956.0,2958.0,2.0,0.0,0.0,276.75,True,normal_rebalance
2025-08-29,2025-09-01,P2601.DCE,P,11,11,9304.0,9300.0,2.0,0.0,0.0,41.25,True,normal_rebalance
2025-08-29,2025-09-01,RB2510.SHF,RB,-110,-110,3094.0,3095.0,1.0,0.0,0.0,51.051,True,normal_rebalance
2025-08-29,2025-09-01,SC2510.INE,SC,1,1,487.2,487.0,2.0,0.0,0.0,30.0,True,normal_rebalance
2025-08-29,2025-09-01,T2512.CFX,T,-35,-35,107.78,107.785,1.0,0.0,0.0,157.5,True,normal_rebalance
2025-09-01,2025-09-02,RB2510.SHF,RB,1103,1103,3050.0,3048.0,1.0,1.0,0.0,504.62250000000006,True,roll
2025-09-01,2025-09-02,RB2601.SHF,RB,-1239,-1239,3113.0,3115.0,1.0,1.0,0.0,578.55105,True,roll
2025-09-05,2025-09-08,FG2601.ZCE,FG,325,325,1194.0,1192.0,2.0,0.0,0.0,2925.0,True,signal_exit
2025-09-05,2025-09-08,SP2511.SHF,SP,-409,-409,5060.0,5064.0,2.0,0.0,0.0,155.21550000000002,True,normal_rebalance
2025-09-05,2025-09-08,T2512.CFX,T,-18,-18,107.855,107.86,1.0,0.0,0.0,81.0,True,normal_rebalance
2025-09-11,2025-09-12,JD2510.DCE,JD,1037,1037,3055.0,3052.0,2.0,1.0,0.0,2333.25,True,roll
2025-09-11,2025-09-12,JD2511.DCE,JD,-954,-954,3041.0,3044.0,2.0,1.0,0.0,2146.5,True,roll
2025-09-11,2025-09-12,SC2510.INE,SC,-23,-23,482.7,483.0,2.0,1.0,0.0,690.0,True,roll
2025-09-11,2025-09-12,SC2511.INE,SC,23,23,485.3,485.0,2.0,1.0,0.0,690.0,True,roll
2025-09-12,2025-09-15,AL2510.SHF,AL,-3,-3,21135.0,21140.0,1.0,0.0,0.0,13.5,True,margin_forced
2025-09-12,2025-09-15,JD2511.DCE,JD,954,954,3093.0,3091.0,2.0,0.0,0.0,2146.5,True,signal_exit
2025-09-12,2025-09-15,LH2511.DCE,LH,-102,-102,13140.0,13150.0,2.0,0.0,0.0,153.0,True,normal_rebalance
2025-09-12,2025-09-15,P2601.DCE,P,-6,-6,9332.0,9336.0,2.0,0.0,0.0,22.5,True,margin_forced
2025-09-12,2025-09-15,RB2601.SHF,RB,5,5,3128.0,3127.0,1.0,0.0,0.0,2.346,True,margin_forced
2025-09-12,2025-09-15,SC2511.INE,SC,-4,-4,488.3,488.5,2.0,0.0,0.0,120.0,True,margin_forced
2025-09-12,2025-09-15,SP2511.SHF,SP,2,2,4998.0,4994.0,2.0,0.0,0.0,0.7497,True,margin_forced
2025-09-12,2025-09-15,T2512.CFX,T,-11,-11,107.685,107.69,1.0,0.0,0.0,49.5,True,margin_forced
2025-09-15,2025-09-16,AL2510.SHF,AL,-1,-1,20990.0,20995.0,1.0,0.0,0.0,4.5,True,margin_forced
2025-09-15,2025-09-16,LH2511.DCE,LH,1,1,13335.0,13325.0,2.0,0.0,0.0,1.5,True,margin_forced
2025-09-15,2025-09-16,P2601.DCE,P,-1,-1,9438.0,9442.0,2.0,0.0,0.0,3.75,True,margin_forced
2025-09-15,2025-09-16,RB2601.SHF,RB,2,2,3151.0,3150.0,1.0,0.0,0.0,0.9453000000000001,True,margin_forced
2025-09-15,2025-09-16,SC2511.INE,SC,-1,-1,488.9,489.1,2.0,0.0,0.0,30.0,True,margin_forced
2025-09-15,2025-09-16,SP2511.SHF,SP,1,1,5060.0,5056.0,2.0,0.0,0.0,0.3795,True,margin_forced
2025-09-16,2025-09-17,AL2510.SHF,AL,-4,-4,21040.0,21045.0,1.0,0.0,0.0,18.0,True,margin_forced
2025-09-16,2025-09-17,LH2511.DCE,LH,1,1,13120.0,13110.0,2.0,0.0,0.0,1.5,True,margin_forced
2025-09-16,2025-09-17,P2601.DCE,P,-2,-2,9530.0,9534.0,2.0,0.0,0.0,7.5,True,margin_forced
2025-09-16,2025-09-17,RB2601.SHF,RB,7,7,3169.0,3168.0,1.0,0.0,0.0,3.3274500000000002,True,margin_forced
2025-09-16,2025-09-17,SC2511.INE,SC,-1,-1,499.3,499.5,2.0,0.0,0.0,30.0,True,margin_forced
2025-09-16,2025-09-17,SP2511.SHF,SP,3,3,5076.0,5072.0,2.0,0.0,0.0,1.1421000000000001,True,margin_forced
2025-09-16,2025-09-17,T2512.CFX,T,-2,-2,107.98,107.985,1.0,0.0,0.0,9.0,True,margin_forced
2025-09-18,2025-09-19,AL2510.SHF,AL,-738,-738,20795.0,20805.0,1.0,1.0,0.0,3321.0,True,roll
2025-09-18,2025-09-19,AL2511.SHF,AL,713,713,20870.0,20860.0,1.0,1.0,0.0,3208.5,True,roll
2025-09-19,2025-09-22,SC2511.INE,SC,1,1,485.4,485.2,2.0,0.0,0.0,30.0,True,normal_rebalance
2025-09-22,2025-09-23,T2512.CFX,T,-4,-4,107.9,107.905,1.0,0.0,0.0,18.0,True,margin_forced
2025-09-23,2025-09-24,AL2511.SHF,AL,-3,-3,20680.0,20685.0,1.0,0.0,0.0,13.5,True,margin_forced
2025-09-23,2025-09-24,LH2511.DCE,LH,1,1,12675.0,12665.0,2.0,0.0,0.0,1.5,True,margin_forced
2025-09-23,2025-09-24,P2601.DCE,P,-1,-1,9084.0,9088.0,2.0,0.0,0.0,3.75,True,margin_forced
2025-09-23,2025-09-24,RB2601.SHF,RB,4,4,3157.0,3156.0,1.0,0.0,0.0,1.8942,True,margin_forced
2025-09-23,2025-09-24,SC2511.INE,SC,-1,-1,479.0,479.2,2.0,0.0,0.0,30.0,True,margin_forced
2025-09-23,2025-09-24,SP2511.SHF,SP,2,2,5024.0,5020.0,2.0,0.0,0.0,0.7536,True,margin_forced
2025-09-23,2025-09-24,T2512.CFX,T,-1,-1,107.775,107.78,1.0,0.0,0.0,4.5,True,margin_forced
2025-09-26,2025-09-29,JD2511.DCE,JD,-879,-879,3027.0,3029.0,2.0,0.0,0.0,1977.75,True,normal_rebalance
2025-09-26,2025-09-29,LH2511.DCE,LH,99,99,12560.0,12550.0,2.0,0.0,0.0,148.5,True,signal_exit
2025-09-26,2025-09-29,P2601.DCE,P,-6,-6,9232.0,9236.0,2.0,0.0,0.0,22.5,True,normal_rebalance
2025-09-26,2025-09-29,SC2511.INE,SC,3,3,492.3,492.1,2.0,0.0,0.0,90.0,True,normal_rebalance
2025-09-26,2025-09-29,SP2511.SHF,SP,-15,-15,5010.0,5014.0,2.0,0.0,0.0,5.6362499999999995,True,normal_rebalance
2025-09-30,2025-10-09,AL2511.SHF,AL,25,25,20905.0,20900.0,1.0,0.0,0.0,112.5,True,normal_rebalance
2025-09-30,2025-10-09,JD2511.DCE,JD,-73,-73,2888.0,2890.0,2.0,0.0,0.0,164.25,True,normal_rebalance
2025-09-30,2025-10-09,RB2601.SHF,RB,-77,-77,3087.0,3088.0,1.0,0.0,0.0,35.65485,True,normal_rebalance
2025-09-30,2025-10-09,RU2601.SHF,RU,-106,-106,15170.0,15180.0,2.0,0.0,0.0,477.0,True,normal_rebalance
2025-09-30,2025-10-09,SP2511.SHF,SP,416,416,4838.0,4834.0,2.0,0.0,0.0,150.9456,True,signal_exit
2025-10-10,2025-10-13,RB2601.SHF,RB,-273,-273,3106.0,3107.0,1.0,0.0,0.0,127.19070000000002,True,normal_rebalance
2025-10-10,2025-10-13,RU2601.SHF,RU,106,106,15310.0,15300.0,2.0,0.0,0.0,477.0,True,signal_exit
2025-10-10,2025-10-13,SC2511.INE,SC,6,6,455.7,455.5,2.0,0.0,0.0,180.0,True,normal_rebalance
2025-10-10,2025-10-13,SP2511.SHF,SP,-475,-475,4776.0,4780.0,2.0,0.0,0.0,170.145,True,normal_rebalance
2025-10-13,2025-10-14,SC2511.INE,SC,-26,-26,450.8,451.1,2.0,1.0,0.0,780.0,True,roll
2025-10-13,2025-10-14,SC2512.INE,SC,26,26,452.0,451.7,2.0,1.0,0.0,780.0,True,roll
2025-10-17,2025-10-20,AL2511.SHF,AL,-735,-735,20880.0,20890.0,1.0,1.0,0.0,3307.5,True,roll
2025-10-17,2025-10-20,AL2512.SHF,AL,726,726,20945.0,20935.0,1.0,1.0,0.0,3267.0,True,roll
2025-10-17,2025-10-20,RU2601.SHF,RU,-204,-204,14690.0,14700.0,2.0,0.0,0.0,918.0,True,normal_rebalance
2025-10-17,2025-10-20,SC2512.INE,SC,-26,-26,438.4,438.6,2.0,0.0,0.0,780.0,True,signal_exit
2025-10-17,2025-10-20,SP2511.SHF,SP,475,475,4842.0,4836.0,2.0,1.0,0.0,68.99849999999999,True,roll
2025-10-17,2025-10-20,T2512.CFX,T,33,33,108.19,108.185,1.0,0.0,0.0,148.5,True,normal_rebalance
2025-10-21,2025-10-22,JD2511.DCE,JD,952,952,2823.0,2820.0,2.0,1.0,0.0,2142.0,True,roll
2025-10-21,2025-10-22,JD2512.DCE,JD,-904,-904,2959.0,2962.0,2.0,1.0,0.0,2034.0,True,roll
2025-10-23,2025-10-24,T2512.CFX,T,-6,-6,107.995,108.0,1.0,0.0,0.0,27.0,True,margin_forced
2025-10-24,2025-10-27,AP2601.ZCE,AP,172,172,8802.0,8800.0,2.0,0.0,0.0,1290.0,True,normal_rebalance
2025-10-24,2025-10-27,JD2512.DCE,JD,904,904,3102.0,3100.0,2.0,0.0,0.0,2034.0,True,signal_exit
2025-10-24,2025-10-27,LH2601.DCE,LH,-46,-46,12375.0,12385.0,2.0,0.0,0.0,69.0,True,normal_rebalance
2025-10-24,2025-10-27,P2601.DCE,P,-182,-182,9106.0,9110.0,2.0,0.0,0.0,682.5,True,signal_exit
2025-10-24,2025-10-27,RU2601.SHF,RU,204,204,15340.0,15330.0,2.0,0.0,0.0,918.0,True,signal_exit
2025-10-24,2025-10-27,SP2601.SHF,SP,-802,-802,5236.0,5240.0,2.0,0.0,0.0,314.9454,True,normal_rebalance
2025-10-24,2025-10-27,T2512.CFX,T,-16,-16,107.945,107.95,1.0,0.0,0.0,72.0,True,margin_forced
2025-10-27,2025-10-28,T2512.CFX,T,-6,-6,108.29,108.295,1.0,0.0,0.0,27.0,True,margin_forced
2025-10-31,2025-11-03,AP2601.ZCE,AP,7,7,9202.0,9200.0,2.0,0.0,0.0,52.5,True,normal_rebalance
2025-10-31,2025-11-03,LH2601.DCE,LH,-10,-10,11690.0,11700.0,2.0,0.0,0.0,15.0,True,normal_rebalance
2025-10-31,2025-11-03,RU2601.SHF,RU,-193,-193,15100.0,15110.0,2.0,0.0,0.0,868.5,True,normal_rebalance
2025-10-31,2025-11-03,SP2601.SHF,SP,802,802,5222.0,5218.0,2.0,0.0,0.0,314.1033,True,signal_exit
2025-11-07,2025-11-10,AL2512.SHF,AL,-726,-726,21595.0,21605.0,1.0,1.0,0.0,3267.0,True,roll
2025-11-07,2025-11-10,AL2601.SHF,AL,679,679,21670.0,21660.0,1.0,1.0,0.0,3055.5,True,roll
2025-11-07,2025-11-10,FG2601.ZCE,FG,-963,-963,1087.0,1089.0,2.0,0.0,0.0,8667.0,True,normal_rebalance
2025-11-07,2025-11-10,LH2601.DCE,LH,-9,-9,11920.0,11930.0,2.0,0.0,0.0,13.5,True,normal_rebalance
2025-11-07,2025-11-10,RB2601.SHF,RB,-58,-58,3036.0,3037.0,1.0,0.0,0.0,26.413200000000003,True,normal_rebalance
2025-11-07,2025-11-10,RU2601.SHF,RU,193,193,14990.0,14980.0,2.0,0.0,0.0,868.5,True,signal_exit
2025-11-07,2025-11-10,T2512.CFX,T,50,50,108.405,108.4,1.0,0.0,0.0,225.0,True,normal_rebalance
2025-11-14,2025-11-17,FG2601.ZCE,FG,-66,-66,1027.0,1029.0,2.0,0.0,0.0,594.0,True,normal_rebalance
2025-11-14,2025-11-17,LH2601.DCE,LH,-6,-6,11665.0,11675.0,2.0,0.0,0.0,9.0,True,normal_rebalance
2025-11-14,2025-11-17,RB2601.SHF,RB,-73,-73,3046.0,3047.0,1.0,0.0,0.0,33.3537,True,normal_rebalance
2025-11-14,2025-11-17,T2512.CFX,T,43,43,108.415,108.41,1.0,0.0,0.0,193.5,True,normal_rebalance
2025-11-21,2025-11-24,AL2601.SHF,AL,-1126,-1126,21300.0,21305.0,1.0,0.0,0.0,5067.0,True,normal_rebalance
2025-11-21,2025-11-24,AP2601.ZCE,AP,-8,-8,9428.0,9430.0,2.0,0.0,0.0,60.0,True,normal_rebalance
2025-11-21,2025-11-24,JD2601.DCE,JD,-742,-742,3183.0,3185.0,2.0,0.0,0.0,1669.5,True,normal_rebalance
2025-11-21,2025-11-24,LH2601.DCE,LH,71,71,11400.0,11390.0,2.0,0.0,0.0,106.5,True,signal_exit
2025-11-21,2025-11-24,T2512.CFX,T,43,43,108.405,108.4,1.0,0.0,0.0,193.5,True,normal_rebalance
2025-11-24,2025-11-25,T2512.CFX,T,-297,-297,108.395,108.405,1.0,1.0,0.0,1336.5,True,roll
2025-11-24,2025-11-25,T2603.CFX,T,311,311,108.305,108.295,1.0,1.0,0.0,1399.5,True,roll
2025-11-28,2025-12-01,AL2601.SHF,AL,981,981,21620.0,21615.0,1.0,0.0,0.0,4414.5,True,normal_rebalance
2025-11-28,2025-12-01,JD2601.DCE,JD,742,742,3296.0,3294.0,2.0,0.0,0.0,1669.5,True,signal_exit
2025-11-28,2025-12-01,LH2601.DCE,LH,-75,-75,11510.0,11520.0,2.0,0.0,0.0,112.5,True,normal_rebalance
2025-11-28,2025-12-01,T2603.CFX,T,-53,-53,107.915,107.92,1.0,0.0,0.0,238.5,True,normal_rebalance
2025-12-03,2025-12-04,AP2601.ZCE,AP,-171,-171,9447.0,9450.0,2.0,1.0,0.0,1282.5,True,roll
2025-12-03,2025-12-04,AP2605.ZCE,AP,198,198,9673.0,9670.0,2.0,1.0,0.0,1485.0,True,roll
2025-12-03,2025-12-04,RB2601.SHF,RB,1702,1702,3135.0,3133.0,1.0,1.0,0.0,800.3655,True,roll
2025-12-03,2025-12-04,RB2605.SHF,RB,-1752,-1752,3169.0,3171.0,1.0,1.0,0.0,832.8132,True,roll
2025-12-05,2025-12-08,AL2601.SHF,AL,15,15,22220.0,22215.0,1.0,0.0,0.0,67.5,True,normal_rebalance
2025-12-05,2025-12-08,FG2601.ZCE,FG,-1,-1,994.0,996.0,2.0,0.0,0.0,9.0,True,normal_rebalance
2025-12-05,2025-12-08,LH2601.DCE,LH,-19,-19,11425.0,11435.0,2.0,0.0,0.0,28.5,True,normal_rebalance
2025-12-05,2025-12-08,T2603.CFX,T,-55,-55,107.865,107.87,1.0,0.0,0.0,247.5,True,normal_rebalance
2025-12-08,2025-12-09,LH2601.DCE,LH,94,94,11620.0,11605.0,2.0,1.0,0.0,141.0,True,roll
2025-12-08,2025-12-09,LH2603.DCE,LH,-91,-91,11370.0,11385.0,2.0,1.0,0.0,136.5,True,roll
2025-12-11,2025-12-12,AL2601.SHF,AL,-549,-549,22000.0,22010.0,1.0,1.0,0.0,2470.5,True,roll
2025-12-11,2025-12-12,AL2602.SHF,AL,499,499,22065.0,22055.0,1.0,1.0,0.0,2245.5,True,roll
2025-12-12,2025-12-15,AP2605.ZCE,AP,20,20,9487.0,9485.0,2.0,0.0,0.0,150.0,True,normal_rebalance
2025-12-12,2025-12-15,FG2601.ZCE,FG,-76,-76,936.0,938.0,2.0,0.0,0.0,684.0,True,normal_rebalance
2025-12-12,2025-12-15,JD2601.DCE,JD,-960,-960,3078.0,3080.0,2.0,0.0,0.0,2160.0,True,normal_rebalance
2025-12-12,2025-12-15,LH2603.DCE,LH,91,91,11310.0,11300.0,2.0,0.0,0.0,136.5,True,signal_exit
2025-12-12,2025-12-15,T2603.CFX,T,74,74,107.99,107.985,1.0,0.0,0.0,333.0,True,normal_rebalance
2025-12-16,2025-12-17,FG2601.ZCE,FG,1106,1106,944.0,941.0,2.0,1.0,0.0,3318.0,True,roll
2025-12-16,2025-12-17,FG2605.ZCE,FG,-1063,-1063,1030.0,1033.0,2.0,1.0,0.0,9567.0,True,roll
2025-12-18,2025-12-19,JD2601.DCE,JD,960,960,3070.0,3067.0,2.0,1.0,0.0,2160.0,True,roll
2025-12-18,2025-12-19,JD2602.DCE,JD,-956,-956,2905.0,2908.0,2.0,1.0,0.0,2151.0,True,roll
2025-12-19,2025-12-22,AL2602.SHF,AL,-23,-23,22290.0,22295.0,1.0,0.0,0.0,103.5,True,normal_rebalance
2025-12-19,2025-12-22,AP2605.ZCE,AP,-28,-28,9181.0,9183.0,2.0,0.0,0.0,210.0,True,normal_rebalance
2025-12-19,2025-12-22,RB2605.SHF,RB,39,39,3120.0,3119.0,1.0,0.0,0.0,18.252,True,normal_rebalance
2025-12-26,2025-12-29,AL2602.SHF,AL,42,42,22355.0,22350.0,1.0,0.0,0.0,189.0,True,normal_rebalance
2025-12-26,2025-12-29,AP2605.ZCE,AP,17,17,9252.0,9250.0,2.0,0.0,0.0,127.5,True,normal_rebalance
2025-12-26,2025-12-29,FG2605.ZCE,FG,-105,-105,1050.0,1052.0,2.0,0.0,0.0,945.0,True,normal_rebalance
2025-12-26,2025-12-29,JD2602.DCE,JD,-105,-105,2948.0,2950.0,2.0,0.0,0.0,236.25,True,normal_rebalance
2025-12-26,2025-12-29,RB2605.SHF,RB,-69,-69,3117.0,3118.0,1.0,0.0,0.0,32.26095,True,normal_rebalance
2025-12-26,2025-12-29,T2603.CFX,T,-480,-480,108.23,108.235,1.0,0.0,0.0,2160.0,True,normal_rebalance
2025-12-31,2026-01-05,AP2605.ZCE,AP,4,4,9102.0,9100.0,2.0,0.0,0.0,30.0,True,normal_rebalance
2025-12-31,2026-01-05,FG2605.ZCE,FG,463,463,1096.0,1094.0,2.0,0.0,0.0,4167.0,True,normal_rebalance
2025-12-31,2026-01-05,JD2602.DCE,JD,-60,-60,2975.0,2977.0,2.0,0.0,0.0,135.0,True,normal_rebalance
2025-12-31,2026-01-05,T2603.CFX,T,13,13,107.925,107.92,1.0,0.0,0.0,58.5,True,normal_rebalance
2025-12-31,2026-01-05,UR2605.ZCE,UR,734,734,1760.0,1758.0,2.0,0.0,0.0,1101.0,True,normal_rebalance
2026-01-05,2026-01-06,JD2602.DCE,JD,1121,1121,2969.0,2966.0,2.0,1.0,0.0,2522.25,True,roll
2026-01-05,2026-01-06,JD2603.DCE,JD,-1425,-1425,2985.0,2988.0,2.0,1.0,0.0,3206.25,True,roll
2026-01-09,2026-01-12,AL2602.SHF,AL,-245,-245,24495.0,24500.0,1.0,0.0,0.0,1102.5,True,normal_rebalance
2026-01-09,2026-01-12,AP2605.ZCE,AP,-43,-43,9657.0,9659.0,2.0,0.0,0.0,322.5,True,normal_rebalance
2026-01-09,2026-01-12,FG2605.ZCE,FG,-191,-191,1143.0,1145.0,2.0,0.0,0.0,1719.0,True,normal_rebalance
2026-01-09,2026-01-12,JD2603.DCE,JD,93,93,3056.0,3054.0,2.0,0.0,0.0,209.25,True,normal_rebalance
2026-01-09,2026-01-12,RB2605.SHF,RB,91,91,3146.0,3145.0,1.0,0.0,0.0,42.94290000000001,True,normal_rebalance
2026-01-09,2026-01-12,T2603.CFX,T,-73,-73,107.755,107.76,1.0,0.0,0.0,328.5,True,normal_rebalance
2026-01-09,2026-01-12,UR2605.ZCE,UR,-734,-734,1780.0,1782.0,2.0,0.0,0.0,1101.0,True,signal_exit
2026-01-12,2026-01-13,AL2602.SHF,AL,-273,-273,24625.0,24635.0,1.0,1.0,0.0,1228.5,True,roll
2026-01-12,2026-01-13,AL2603.SHF,AL,254,254,24760.0,24750.0,1.0,1.0,0.0,1143.0,True,roll
2026-01-16,2026-01-19,FG2605.ZCE,FG,317,317,1105.0,1103.0,2.0,0.0,0.0,2853.0,True,normal_rebalance
2026-01-16,2026-01-19,RB2605.SHF,RB,-36,-36,3162.0,3163.0,1.0,0.0,0.0,17.074800000000003,True,normal_rebalance
2026-01-16,2026-01-19,T2603.CFX,T,-58,-58,108.145,108.15,1.0,0.0,0.0,261.0,True,normal_rebalance
2026-01-16,2026-01-19,UR2605.ZCE,UR,685,685,1790.0,1788.0,2.0,0.0,0.0,1027.5,True,normal_rebalance
2026-01-23,2026-01-26,AL2603.SHF,AL,25,25,24465.0,24460.0,1.0,0.0,0.0,112.5,True,normal_rebalance
2026-01-23,2026-01-26,RB2605.SHF,RB,-128,-128,3147.0,3148.0,1.0,0.0,0.0,60.42240000000001,True,normal_rebalance
2026-01-23,2026-01-26,UR2605.ZCE,UR,71,71,1793.0,1791.0,2.0,0.0,0.0,106.5,True,normal_rebalance
2026-01-30,2026-02-02,AL2603.SHF,AL,-50,-50,24360.0,24365.0,1.0,0.0,0.0,225.0,True,normal_rebalance
2026-01-30,2026-02-02,AP2605.ZCE,AP,12,12,9496.0,9494.0,2.0,0.0,0.0,90.0,True,normal_rebalance
2026-01-30,2026-02-02,JD2603.DCE,JD,-36,-36,2949.0,2951.0,2.0,0.0,0.0,81.0,True,normal_rebalance
2026-01-30,2026-02-02,RB2605.SHF,RB,-153,-153,3127.0,3128.0,1.0,0.0,0.0,71.76465000000002,True,normal_rebalance
2026-01-30,2026-02-02,UR2605.ZCE,UR,21,21,1789.0,1787.0,2.0,0.0,0.0,31.5,True,normal_rebalance
2026-02-06,2026-02-09,AL2603.SHF,AL,-61,-61,23495.0,23500.0,1.0,0.0,0.0,274.5,True,normal_rebalance
2026-02-06,2026-02-09,FG2605.ZCE,FG,-348,-348,1068.0,1070.0,2.0,0.0,0.0,3132.0,True,normal_rebalance
2026-02-06,2026-02-09,T2603.CFX,T,-36,-36,108.375,108.38,1.0,0.0,0.0,162.0,True,normal_rebalance
2026-02-06,2026-02-09,UR2605.ZCE,UR,-777,-777,1782.0,1784.0,2.0,0.0,0.0,1165.5,True,signal_exit
2026-02-12,2026-02-13,JD2603.DCE,JD,1368,1368,2958.0,2955.0,2.0,1.0,0.0,3078.0,True,roll
2026-02-12,2026-02-13,JD2604.DCE,JD,-1474,-1474,3183.0,3186.0,2.0,1.0,0.0,3316.5,True,roll
2026-02-13,2026-02-24,AL2603.SHF,AL,25,25,23445.0,23440.0,1.0,0.0,0.0,112.5,True,normal_rebalance
2026-02-13,2026-02-24,AP2605.ZCE,AP,42,42,9732.0,9730.0,2.0,0.0,0.0,315.0,True,normal_rebalance
2026-02-13,2026-02-24,FG2605.ZCE,FG,160,160,1052.0,1050.0,2.0,0.0,0.0,1440.0,True,normal_rebalance
2026-02-13,2026-02-24,JD2604.DCE,JD,-49,-49,3250.0,3252.0,2.0,0.0,0.0,110.25,True,normal_rebalance
2026-02-13,2026-02-24,RB2605.SHF,RB,-273,-273,3054.0,3055.0,1.0,0.0,0.0,125.0613,True,normal_rebalance
2026-02-13,2026-02-24,T2603.CFX,T,73,73,108.445,108.44,1.0,0.0,0.0,328.5,True,normal_rebalance
2026-02-13,2026-02-24,UR2605.ZCE,UR,747,747,1858.0,1856.0,2.0,0.0,0.0,1120.5,True,normal_rebalance
2026-02-24,2026-02-25,T2603.CFX,T,284,284,108.5,108.49,1.0,1.0,0.0,1278.0,True,roll
2026-02-24,2026-02-25,T2606.CFX,T,-249,-249,108.64,108.65,1.0,1.0,0.0,1120.5,True,roll
2026-02-25,2026-02-26,AL2603.SHF,AL,-193,-193,23770.0,23780.0,1.0,1.0,0.0,868.5,True,roll
2026-02-25,2026-02-26,AL2604.SHF,AL,225,225,23855.0,23845.0,1.0,1.0,0.0,1012.5,True,roll
2026-02-27,2026-03-02,AP2605.ZCE,AP,10,10,9752.0,9750.0,2.0,0.0,0.0,75.0,True,normal_rebalance
2026-02-27,2026-03-02,FG2605.ZCE,FG,767,767,1069.0,1067.0,2.0,0.0,0.0,6903.0,True,signal_exit
2026-02-27,2026-03-02,JD2604.DCE,JD,-74,-74,3248.0,3250.0,2.0,0.0,0.0,166.5,True,normal_rebalance
2026-02-27,2026-03-02,SP2605.SHF,SP,-515,-515,5246.0,5250.0,2.0,0.0,0.0,202.62675000000002,True,normal_rebalance
2026-02-27,2026-03-02,T2606.CFX,T,44,44,108.445,108.44,1.0,0.0,0.0,198.0,True,normal_rebalance
2026-02-27,2026-03-02,UR2605.ZCE,UR,10,10,1862.0,1860.0,2.0,0.0,0.0,15.0,True,normal_rebalance
2026-03-05,2026-03-06,JD2604.DCE,JD,1597,1597,3235.0,3231.0,2.0,1.0,1.0,3593.25,True,roll
2026-03-05,2026-03-06,JD2605.DCE,JD,-1849,-1849,3383.0,3387.0,2.0,1.0,1.0,4160.25,True,roll
2026-03-06,2026-03-09,AL2604.SHF,AL,-7,-7,24885.0,24890.0,1.0,0.0,0.0,31.5,True,normal_rebalance
2026-03-06,2026-03-09,AP2605.ZCE,AP,-87,-87,10390.0,10392.0,2.0,0.0,0.0,652.5,True,normal_rebalance
2026-03-06,2026-03-09,FG2605.ZCE,FG,-577,-577,1096.0,1098.0,2.0,0.0,0.0,5193.0,True,normal_rebalance
2026-03-06,2026-03-09,JD2605.DCE,JD,77,77,3425.0,3423.0,2.0,0.0,0.0,173.25,True,normal_rebalance
2026-03-06,2026-03-09,SC2604.INE,SC,7,7,730.1,729.9,2.0,0.0,0.0,210.0,True,normal_rebalance
2026-03-06,2026-03-09,SP2605.SHF,SP,515,515,5344.0,5340.0,2.0,0.0,0.0,206.41200000000003,True,signal_exit
2026-03-06,2026-03-09,T2606.CFX,T,624,624,108.47,108.465,1.0,0.0,0.0,2808.0,True,normal_rebalance
2026-03-06,2026-03-09,UR2605.ZCE,UR,-757,-757,1943.0,1945.0,2.0,0.0,0.0,1135.5,True,signal_exit
2026-03-12,2026-03-13,SC2604.INE,SC,-7,-7,726.8,727.1,2.0,1.0,0.0,210.0,True,roll
2026-03-12,2026-03-13,SC2605.INE,SC,3,3,728.3,728.0,2.0,1.0,0.0,180.0,True,roll
2026-03-13,2026-03-16,FG2605.ZCE,FG,577,577,1132.0,1130.0,2.0,0.0,0.0,5193.0,True,signal_exit
2026-03-13,2026-03-16,SP2605.SHF,SP,-527,-527,5252.0,5256.0,2.0,0.0,0.0,207.5853,True,normal_rebalance
2026-03-13,2026-03-16,T2606.CFX,T,-39,-39,108.175,108.18,1.0,0.0,0.0,175.5,True,margin_forced
2026-03-16,2026-03-17,AL2604.SHF,AL,-218,-218,24890.0,24900.0,1.0,1.0,0.0,981.0,True,roll
2026-03-16,2026-03-17,AL2605.SHF,AL,230,230,24985.0,24975.0,1.0,1.0,0.0,1035.0,True,roll
2026-03-16,2026-03-17,T2606.CFX,T,-12,-12,108.13,108.135,1.0,0.0,0.0,54.0,True,margin_forced
2026-03-20,2026-03-23,AP2605.ZCE,AP,-7,-7,10642.0,10644.0,2.0,0.0,0.0,52.5,True,normal_rebalance
2026-03-20,2026-03-23,JD2605.DCE,JD,1772,1772,3412.0,3409.0,2.0,0.0,1.0,3987.0,True,signal_exit
2026-03-20,2026-03-23,LH2605.DCE,LH,-109,-109,10095.0,10105.0,2.0,0.0,0.0,163.5,True,normal_rebalance
2026-03-20,2026-03-23,SP2605.SHF,SP,51,51,5188.0,5184.0,2.0,0.0,0.0,19.844100000000005,True,normal_rebalance
2026-03-20,2026-03-23,T2606.CFX,T,40,40,108.245,108.24,1.0,0.0,0.0,180.0,True,normal_rebalance
2026-03-27,2026-03-30,AP2605.ZCE,AP,-20,-20,9913.0,9915.0,2.0,0.0,0.0,150.0,True,normal_rebalance
2026-03-27,2026-03-30,MA2605.ZCE,MA,171,171,3351.0,3349.0,2.0,0.0,0.0,256.5,True,normal_rebalance
2026-03-27,2026-03-30,SC2605.INE,SC,-3,-3,755.8,756.0,2.0,0.0,0.0,180.0,True,signal_exit
2026-04-03,2026-04-07,AL2605.SHF,AL,7,7,24695.0,24690.0,1.0,0.0,0.0,31.5,True,normal_rebalance
2026-04-03,2026-04-07,AP2605.ZCE,AP,4,4,9783.0,9781.0,2.0,0.0,0.0,30.0,True,normal_rebalance
2026-04-03,2026-04-07,LH2605.DCE,LH,-1,-1,9340.0,9350.0,2.0,0.0,0.0,1.5,True,normal_rebalance
2026-04-08,2026-04-09,RB2605.SHF,RB,2281,2281,3094.0,3092.0,1.0,1.0,0.0,1058.6121,True,roll
2026-04-08,2026-04-09,RB2610.SHF,RB,-2573,-2573,3117.0,3119.0,1.0,1.0,0.0,1203.0061500000002,True,roll
2026-04-10,2026-04-13,AL2605.SHF,AL,16,16,24725.0,24720.0,1.0,0.0,0.0,72.0,True,normal_rebalance
2026-04-10,2026-04-13,FG2605.ZCE,FG,-639,-639,963.0,965.0,2.0,0.0,0.0,5751.0,True,normal_rebalance
2026-04-10,2026-04-13,LH2605.DCE,LH,-4,-4,9035.0,9045.0,2.0,0.0,0.0,6.0,True,normal_rebalance
2026-04-10,2026-04-13,MA2605.ZCE,MA,-11,-11,3087.0,3089.0,2.0,0.0,0.0,16.5,True,normal_rebalance
2026-04-10,2026-04-13,SP2605.SHF,SP,476,476,5004.0,5000.0,2.0,0.0,0.0,178.64280000000002,True,signal_exit
2026-04-10,2026-04-13,T2606.CFX,T,23,23,108.305,108.3,1.0,0.0,0.0,103.5,True,normal_rebalance
2026-04-13,2026-04-14,AP2605.ZCE,AP,-122,-122,9737.0,9740.0,2.0,1.0,0.0,915.0,True,roll
2026-04-13,2026-04-14,AP2610.ZCE,AP,131,131,8063.0,8060.0,2.0,1.0,0.0,982.5,True,roll
2026-04-16,2026-04-17,AL2605.SHF,AL,-253,-253,25440.0,25450.0,1.0,1.0,0.0,1138.5,True,roll
2026-04-16,2026-04-17,AL2606.SHF,AL,295,295,25525.0,25515.0,1.0,1.0,0.0,1327.5,True,roll
2026-04-16,2026-04-17,LH2605.DCE,LH,114,114,9615.0,9600.0,2.0,1.0,0.0,171.0,True,roll
2026-04-16,2026-04-17,LH2607.DCE,LH,-106,-106,11125.0,11140.0,2.0,1.0,0.0,159.0,True,roll
2026-04-17,2026-04-20,AP2610.ZCE,AP,-131,-131,8091.0,8093.0,2.0,0.0,0.0,982.5,True,signal_exit
2026-04-17,2026-04-20,CF2609.ZCE,CF,332,332,15960.0,15950.0,2.0,0.0,0.0,2141.3999999999996,True,normal_rebalance
2026-04-17,2026-04-20,FG2605.ZCE,FG,639,639,978.0,975.0,2.0,1.0,0.0,1917.0,True,roll
2026-04-17,2026-04-20,FG2609.ZCE,FG,-818,-818,1075.0,1078.0,2.0,1.0,0.0,7362.0,True,roll
2026-04-17,2026-04-20,MA2605.ZCE,MA,-160,-160,3072.0,3075.0,2.0,1.0,0.0,240.0,True,roll
2026-04-17,2026-04-20,MA2609.ZCE,MA,187,187,2803.0,2800.0,2.0,1.0,0.0,280.5,True,roll
2026-04-17,2026-04-20,RB2610.SHF,RB,-21,-21,3132.0,3133.0,1.0,0.0,0.0,9.8658,True,normal_rebalance
2026-04-17,2026-04-20,T2606.CFX,T,-42,-42,108.73,108.735,1.0,0.0,0.0,189.0,True,normal_rebalance
2026-04-20,2026-04-21,T2606.CFX,T,-14,-14,108.735,108.74,1.0,0.0,0.0,63.0,True,margin_forced
2026-04-21,2026-04-22,T2606.CFX,T,-8,-8,108.825,108.83,1.0,0.0,0.0,36.0,True,margin_forced
2026-04-23,2026-04-24,T2606.CFX,T,-11,-11,108.78,108.785,1.0,0.0,0.0,49.5,True,margin_forced
2026-04-24,2026-04-27,AL2606.SHF,AL,32,32,24895.0,24890.0,1.0,0.0,0.0,144.0,True,normal_rebalance
2026-04-24,2026-04-27,CF2609.ZCE,CF,37,37,16190.0,16180.0,2.0,0.0,0.0,238.64999999999998,True,normal_rebalance
2026-04-24,2026-04-27,MA2609.ZCE,MA,19,19,2893.0,2891.0,2.0,0.0,0.0,28.5,True,normal_rebalance
2026-04-24,2026-04-27,RB2610.SHF,RB,-353,-353,3190.0,3191.0,1.0,0.0,0.0,168.9105,True,normal_rebalance
2026-04-24,2026-04-27,T2606.CFX,T,-528,-528,108.65,108.655,1.0,0.0,0.0,2376.0,True,normal_rebalance
2026-04-30,2026-05-06,AL2606.SHF,AL,14,14,24710.0,24705.0,1.0,0.0,0.0,63.0,True,normal_rebalance
2026-04-30,2026-05-06,MA2609.ZCE,MA,13,13,2988.0,2986.0,2.0,0.0,0.0,19.5,True,normal_rebalance
2026-04-30,2026-05-06,T2606.CFX,T,-1,-1,108.52,108.525,1.0,0.0,0.0,4.5,True,normal_rebalance
2026-05-08,2026-05-11,RB2610.SHF,RB,5674,5674,3263.0,3262.0,1.0,0.0,0.0,2777.1393000000007,True,normal_rebalance
2026-05-15,2026-05-18,CF2609.ZCE,CF,-44,-44,16045.0,16055.0,2.0,0.0,0.0,283.79999999999995,True,normal_rebalance
2026-05-15,2026-05-18,MA2609.ZCE,MA,4,4,2922.0,2920.0,2.0,0.0,0.0,6.0,True,normal_rebalance
2026-05-15,2026-05-18,RB2610.SHF,RB,-5076,-5076,3231.0,3232.0,1.0,0.0,0.0,2460.0834000000004,True,normal_rebalance
2026-05-15,2026-05-18,T2606.CFX,T,444,444,108.83,108.825,1.0,0.0,0.0,1998.0,True,normal_rebalance
2026-05-22,2026-05-25,AL2606.SHF,AL,-341,-341,24440.0,24450.0,1.0,1.0,0.0,1534.5,True,roll
2026-05-22,2026-05-25,AL2607.SHF,AL,436,436,24515.0,24505.0,1.0,1.0,0.0,1962.0,True,roll
2026-05-22,2026-05-25,CF2609.ZCE,CF,2,2,15900.0,15890.0,2.0,0.0,0.0,12.899999999999999,True,normal_rebalance
2026-05-22,2026-05-25,MA2609.ZCE,MA,53,53,2912.0,2910.0,2.0,0.0,0.0,79.5,True,normal_rebalance
2026-05-22,2026-05-25,RB2610.SHF,RB,-346,-346,3167.0,3168.0,1.0,0.0,0.0,164.3673,True,normal_rebalance
2026-05-22,2026-05-25,T2606.CFX,T,-438,-438,108.92,108.925,1.0,0.0,0.0,1971.0,True,normal_rebalance
2026-05-25,2026-05-26,T2606.CFX,T,167,167,108.96,108.95,1.0,1.0,0.0,751.5,True,roll
2026-05-25,2026-05-26,T2609.CFX,T,-181,-181,108.815,108.825,1.0,1.0,0.0,814.5,True,roll
2026-05-29,2026-06-01,CF2609.ZCE,CF,7,7,16095.0,16085.0,2.0,0.0,0.0,45.15,True,normal_rebalance
2026-05-29,2026-06-01,FG2609.ZCE,FG,818,818,1061.0,1059.0,2.0,0.0,0.0,7362.0,True,signal_exit
2026-05-29,2026-06-01,MA2609.ZCE,MA,14,14,2794.0,2792.0,2.0,0.0,0.0,21.0,True,normal_rebalance
2026-05-29,2026-06-01,RB2610.SHF,RB,435,435,3157.0,3156.0,1.0,0.0,0.0,205.99425000000002,True,normal_rebalance
2026-05-29,2026-06-01,SP2609.SHF,SP,-581,-581,4918.0,4922.0,2.0,0.0,0.0,214.30185,True,normal_rebalance
2026-05-29,2026-06-01,T2609.CFX,T,395,395,109.235,109.23,1.0,0.0,0.0,1777.5,True,normal_rebalance
2026-06-03,2026-06-04,LH2607.DCE,LH,106,106,10540.0,10525.0,2.0,1.0,0.0,159.0,True,roll
2026-06-03,2026-06-04,LH2609.DCE,LH,-106,-106,12115.0,12130.0,2.0,1.0,0.0,159.0,True,roll
2026-06-05,2026-06-08,MA2609.ZCE,MA,34,34,2900.0,2898.0,2.0,0.0,0.0,51.0,True,normal_rebalance
2026-06-05,2026-06-08,SP2609.SHF,SP,-25,-25,4856.0,4860.0,2.0,0.0,0.0,9.105,True,normal_rebalance
2026-06-10,2026-06-11,T2609.CFX,T,-8,-8,108.8,108.805,1.0,0.0,0.0,36.0,True,margin_forced
2026-06-12,2026-06-15,LH2609.DCE,LH,9,9,12090.0,12080.0,2.0,0.0,0.0,13.5,True,normal_rebalance
2026-06-12,2026-06-15,MA2609.ZCE,MA,-324,-324,2998.0,3000.0,2.0,0.0,0.0,486.0,True,signal_exit
2026-06-12,2026-06-15,RB2610.SHF,RB,4233,4233,3181.0,3180.0,1.0,0.0,0.0,2019.7759500000004,True,normal_rebalance
2026-06-12,2026-06-15,RU2609.SHF,RU,101,101,17625.0,17615.0,2.0,0.0,0.0,454.5,True,normal_rebalance
2026-06-12,2026-06-15,T2609.CFX,T,-8,-8,108.775,108.78,1.0,0.0,0.0,36.0,True,normal_rebalance
2026-06-18,2026-06-22,RB2610.SHF,RB,26,26,3132.0,3131.0,1.0,0.0,0.0,12.2148,True,normal_rebalance
2026-06-18,2026-06-22,T2609.CFX,T,-2,-2,108.995,109.0,1.0,0.0,0.0,9.0,True,normal_rebalance
2026-06-24,2026-06-25,AL2607.SHF,AL,-436,-436,23100.0,23110.0,1.0,1.0,0.0,1962.0,True,roll
2026-06-24,2026-06-25,AL2608.SHF,AL,384,384,23275.0,23265.0,1.0,1.0,0.0,1728.0,True,roll
2026-06-26,2026-06-29,AL2608.SHF,AL,-2,-2,22995.0,23000.0,1.0,0.0,0.0,9.0,True,normal_rebalance
2026-06-26,2026-06-29,RB2610.SHF,RB,-4244,-4244,3092.0,3093.0,1.0,0.0,0.0,1968.3672000000001,True,normal_rebalance
2026-06-26,2026-06-29,RU2609.SHF,RU,-15,-15,16605.0,16615.0,2.0,0.0,0.0,67.5,True,normal_rebalance
2026-06-26,2026-06-29,T2609.CFX,T,-21,-21,109.225,109.23,1.0,0.0,0.0,94.5,True,margin_forced
2026-06-30,2026-07-01,AL2608.SHF,AL,-4,-4,22560.0,22565.0,1.0,0.0,0.0,18.0,True,margin_forced
2026-06-30,2026-07-01,CF2609.ZCE,CF,-3,-3,16050.0,16060.0,2.0,0.0,0.0,19.349999999999998,True,margin_forced
2026-06-30,2026-07-01,LH2609.DCE,LH,1,1,12305.0,12295.0,2.0,0.0,0.0,1.5,True,margin_forced
2026-06-30,2026-07-01,RB2610.SHF,RB,18,18,3089.0,3088.0,1.0,0.0,0.0,8.3403,True,margin_forced
2026-06-30,2026-07-01,RU2609.SHF,RU,-1,-1,16780.0,16790.0,2.0,0.0,0.0,4.5,True,margin_forced
2026-06-30,2026-07-01,SP2609.SHF,SP,5,5,4694.0,4690.0,2.0,0.0,0.0,1.7602500000000003,True,margin_forced
2026-06-30,2026-07-01,T2609.CFX,T,-10,-10,109.185,109.19,1.0,0.0,0.0,45.0,True,margin_forced
2026-07-01,2026-07-02,AL2608.SHF,AL,-1,-1,22445.0,22450.0,1.0,0.0,0.0,4.5,True,margin_forced
2026-07-01,2026-07-02,CF2609.ZCE,CF,-1,-1,16190.0,16200.0,2.0,0.0,0.0,6.449999999999999,True,margin_forced
2026-07-01,2026-07-02,LH2609.DCE,LH,1,1,12265.0,12255.0,2.0,0.0,0.0,1.5,True,margin_forced
2026-07-01,2026-07-02,RB2610.SHF,RB,4,4,3075.0,3074.0,1.0,0.0,0.0,1.8450000000000002,True,margin_forced
2026-07-01,2026-07-02,RU2609.SHF,RU,-1,-1,16640.0,16650.0,2.0,0.0,0.0,4.5,True,margin_forced
2026-07-01,2026-07-02,SP2609.SHF,SP,1,1,4744.0,4740.0,2.0,0.0,0.0,0.3558,True,margin_forced
2026-07-03,2026-07-06,AL2608.SHF,AL,-23,-23,22680.0,22685.0,1.0,0.0,0.0,103.5,True,margin_forced
2026-07-03,2026-07-06,CF2609.ZCE,CF,-1,-1,16250.0,16260.0,2.0,0.0,0.0,6.449999999999999,True,margin_forced
2026-07-03,2026-07-06,LH2609.DCE,LH,6,6,12690.0,12680.0,2.0,0.0,0.0,9.0,True,margin_forced
2026-07-03,2026-07-06,RB2610.SHF,RB,-198,-198,3065.0,3066.0,1.0,0.0,0.0,91.03050000000002,True,normal_rebalance
2026-07-03,2026-07-06,RU2609.SHF,RU,-1,-1,16775.0,16785.0,2.0,0.0,0.0,4.5,True,margin_forced
2026-07-03,2026-07-06,SP2609.SHF,SP,1,1,4752.0,4748.0,2.0,0.0,0.0,0.3564,True,margin_forced
2026-07-10,2026-07-13,CF2609.ZCE,CF,-19,-19,16115.0,16125.0,2.0,0.0,0.0,122.55000000000001,True,normal_rebalance
2026-07-10,2026-07-13,FG2609.ZCE,FG,-654,-654,963.0,965.0,2.0,0.0,0.0,1962.0,True,normal_rebalance
2026-07-10,2026-07-13,SP2609.SHF,SP,599,599,4852.0,4848.0,2.0,0.0,0.0,87.19044,True,signal_exit
2026-07-10,2026-07-13,T2609.CFX,T,27,27,109.22,109.215,1.0,0.0,0.0,121.5,True,normal_rebalance
2026-07-17,2026-07-20,FG2609.ZCE,FG,-39,-39,900.0,902.0,2.0,0.0,0.0,117.0,True,normal_rebalance
2026-07-17,2026-07-20,LH2609.DCE,LH,3,3,11715.0,11705.0,2.0,0.0,0.0,4.5,True,normal_rebalance
2026-07-17,2026-07-20,RU2609.SHF,RU,9,9,16865.0,16855.0,2.0,0.0,0.0,40.5,True,normal_rebalance
2026-07-20,2026-07-21,AL2608.SHF,AL,-354,-354,22970.0,22980.0,1.0,1.0,0.0,1593.0,True,roll
2026-07-20,2026-07-21,AL2609.SHF,AL,376,376,23035.0,23025.0,1.0,1.0,0.0,1692.0,True,roll
2026-07-24,2026-07-27,FG2609.ZCE,FG,-45,-45,904.0,906.0,2.0,0.0,0.0,135.0,True,normal_rebalance
2026-07-24,2026-07-27,MA2609.ZCE,MA,288,288,2732.0,2730.0,2.0,0.0,0.0,432.0,True,normal_rebalance
2026-07-24,2026-07-27,RU2609.SHF,RU,-92,-92,16755.0,16765.0,2.0,0.0,0.0,414.0,True,signal_exit
2026-07-24,2026-07-27,T2609.CFX,T,29,29,109.265,109.26,1.0,0.0,0.0,130.5,True,normal_rebalance
2026-07-31,2026-08-03,AL2609.SHF,AL,22,22,23605.0,23600.0,1.0,0.0,0.0,99.0,True,normal_rebalance
2026-07-31,2026-08-03,CF2609.ZCE,CF,3,3,15775.0,15765.0,2.0,0.0,0.0,19.349999999999998,True,normal_rebalance
2026-07-31,2026-08-03,FG2609.ZCE,FG,-45,-45,872.0,874.0,2.0,0.0,0.0,135.0,True,normal_rebalance
2026-07-31,2026-08-03,T2609.CFX,T,57,57,109.41,109.405,1.0,0.0,0.0,256.5,True,normal_rebalance
2026-08-06,2026-08-07,LH2609.DCE,LH,86,86,11300.0,11285.0,2.0,1.0,0.0,129.0,True,roll
2026-08-06,2026-08-07,LH2611.DCE,LH,-87,-87,12125.0,12140.0,2.0,1.0,0.0,130.5,True,roll
2026-08-07,2026-08-10,AL2609.SHF,AL,63,63,24010.0,24005.0,1.0,0.0,0.0,283.5,True,normal_rebalance
2026-08-07,2026-08-10,CF2609.ZCE,CF,16,16,16225.0,16215.0,2.0,0.0,0.0,103.19999999999999,True,normal_rebalance
2026-08-07,2026-08-10,FG2609.ZCE,FG,-54,-54,885.0,887.0,2.0,0.0,0.0,162.0,True,normal_rebalance
2026-08-07,2026-08-10,MA2609.ZCE,MA,-288,-288,2490.0,2492.0,2.0,0.0,0.0,432.0,True,signal_exit
2026-08-07,2026-08-10,RU2609.SHF,RU,105,105,16890.0,16880.0,2.0,0.0,0.0,472.5,True,normal_rebalance
2026-08-07,2026-08-10,T2609.CFX,T,-76,-76,109.43,109.435,1.0,0.0,0.0,342.0,True,normal_rebalance
2026-08-13,2026-08-14,RU2609.SHF,RU,-105,-105,16890.0,16905.0,2.0,1.0,0.0,472.5,True,roll
2026-08-13,2026-08-14,RU2701.SHF,RU,124,124,17820.0,17805.0,2.0,1.0,0.0,558.0,True,roll
2026-08-14,2026-08-17,CF2609.ZCE,CF,-329,-329,16175.0,16190.0,2.0,1.0,0.0,2122.05,True,roll
2026-08-14,2026-08-17,CF2701.ZCE,CF,372,372,16770.0,16755.0,2.0,1.0,0.0,2399.3999999999996,True,roll
2026-08-14,2026-08-17,T2609.CFX,T,-2,-2,109.53,109.535,1.0,0.0,0.0,9.0,True,normal_rebalance
2026-08-19,2026-08-20,AL2609.SHF,AL,-461,-461,23640.0,23650.0,1.0,1.0,0.0,2074.5,True,roll
2026-08-19,2026-08-20,AL2610.SHF,AL,466,466,23665.0,23655.0,1.0,1.0,0.0,2097.0,True,roll
2026-08-19,2026-08-20,FG2609.ZCE,FG,837,837,878.0,875.0,2.0,1.0,0.0,2511.0,True,roll
2026-08-19,2026-08-20,FG2701.ZCE,FG,-872,-872,900.0,903.0,2.0,1.0,0.0,2616.0,True,roll
2026-08-19,2026-08-20,T2609.CFX,T,-6,-6,109.535,109.54,1.0,0.0,0.0,27.0,True,margin_forced
2026-08-21,2026-08-24,T2609.CFX,T,-3,-3,109.43,109.435,1.0,0.0,0.0,13.5,True,margin_forced
2026-08-24,2026-08-25,T2609.CFX,T,-191,-191,109.55,109.56,1.0,1.0,0.0,859.5,True,roll
2026-08-24,2026-08-25,T2612.CFX,T,182,182,109.57,109.56,1.0,1.0,0.0,819.0,True,roll
2026-08-28,2026-08-31,AL2610.SHF,AL,-3,-3,23930.0,23935.0,1.0,0.0,0.0,13.5,True,margin_forced
2026-08-28,2026-08-31,CF2701.ZCE,CF,-2,-2,17190.0,17200.0,2.0,0.0,0.0,12.899999999999999,True,margin_forced
2026-08-28,2026-08-31,FG2701.ZCE,FG,28,28,937.0,935.0,2.0,0.0,0.0,84.0,True,margin_forced
2026-08-28,2026-08-31,LH2611.DCE,LH,2,2,12155.0,12145.0,2.0,0.0,0.0,3.0,True,margin_forced
2026-08-28,2026-08-31,RB2610.SHF,RB,13,13,3116.0,3115.0,1.0,0.0,0.0,6.076200000000001,True,margin_forced
2026-08-28,2026-08-31,RU2701.SHF,RU,-1,-1,18890.0,18900.0,2.0,0.0,0.0,4.5,True,margin_forced
2026-08-28,2026-08-31,T2612.CFX,T,-1,-1,109.28,109.285,1.0,0.0,0.0,4.5,True,margin_forced
