date,equity,gross_pnl,fees,net_pnl
2015-01-05,10000000.0,0.0,0.0,0.0
2015-01-06,10000000.0,0.0,0.0,0.0
2015-01-07,10000000.0,0.0,0.0,0.0
2015-01-08,10000000.0,0.0,0.0,0.0
2015-01-09,10000000.0,0.0,0.0,0.0
2015-01-12,10000000.0,0.0,0.0,0.0
2015-01-13,10000000.0,0.0,0.0,0.0
2015-01-14,10000000.0,0.0,0.0,0.0
2015-01-15,10000000.0,0.0,0.0,0.0
2015-01-16,10000000.0,0.0,0.0,0.0
2015-01-19,9952961.1196,-44625.0,2413.8804,-47038.8804
2015-01-20,10029456.1196,76495.0,0.0,76495.0
2015-01-21,10014796.1196,-14660.0,0.0,-14660.0
2015-01-22,9975636.1196,-39160.0,0.0,-39160.0
2015-01-23,9990531.1196,14895.0,0.0,14895.0
2015-01-26,10164341.5367,174555.0,744.5828999999999,173810.4171
2015-01-27,10134426.5367,-29915.0,0.0,-29915.0
2015-01-28,9957703.8367,-173300.0,3422.7,-176722.7
2015-01-29,9859543.8367,-98160.0,0.0,-98160.0
2015-01-30,9961953.8367,102410.0,0.0,102410.0
2015-02-02,9858885.1867,-102380.0,688.65,-103068.65
2015-02-03,9648805.1867,-210080.0,0.0,-210080.0
2015-02-04,9515375.1867,-133430.0,0.0,-133430.0
2015-02-05,9566855.86455,51495.0,14.322149999999999,51480.67785
2015-02-06,9293215.86455,-273640.0,0.0,-273640.0
2015-02-09,9381081.99765,88690.0,823.8669,87866.1331
2015-02-10,9457716.99765,76635.0,0.0,76635.0
2015-02-11,9568871.99765,111155.0,0.0,111155.0
2015-02-12,9620401.99765,51530.0,0.0,51530.0
2015-02-13,9395771.99765,-224630.0,0.0,-224630.0
2015-02-16,9204677.5934,-191025.0,69.40425,-191094.40425
2015-02-17,9264527.5934,59850.0,0.0,59850.0
2015-02-25,9390228.9934,125705.0,3.5999999999999996,125701.4
2015-02-26,9258683.9934,-131545.0,0.0,-131545.0
2015-02-27,9274758.9934,16075.0,0.0,16075.0
2015-03-02,9225525.5934,-47845.0,1388.3999999999999,-49233.4
2015-03-03,9116195.5934,-109330.0,0.0,-109330.0
2015-03-04,9389680.5934,273485.0,0.0,273485.0
2015-03-05,9420445.5934,30765.0,0.0,30765.0
2015-03-06,9356660.5934,-63785.0,0.0,-63785.0
2015-03-09,9512221.0318,156215.0,654.5616,155560.4384
2015-03-10,9588699.1286,76690.0,211.9032,76478.0968
2015-03-11,9752679.1286,163980.0,0.0,163980.0
2015-03-12,9550109.1286,-202570.0,0.0,-202570.0
2015-03-13,9372939.1286,-177170.0,0.0,-177170.0
2015-03-16,9364163.700199999,-6930.0,1845.4284,-8775.4284
2015-03-17,9297863.700199999,-66300.0,0.0,-66300.0
2015-03-18,9355523.700199999,57660.0,0.0,57660.0
2015-03-19,9166583.700199999,-188940.0,0.0,-188940.0
2015-03-20,9033963.700199999,-132620.0,0.0,-132620.0
2015-03-23,8960006.650199998,-72300.0,1657.05,-73957.05
2015-03-24,8733252.150199998,-225355.0,1399.5,-226754.5
2015-03-25,8771557.150199998,38305.0,0.0,38305.0
2015-03-26,8786537.150199998,14980.0,0.0,14980.0
2015-03-27,8937132.150199998,150595.0,0.0,150595.0
2015-03-30,8932571.408849997,-4040.0,520.74135,-4560.74135
2015-03-31,8953601.408849997,21030.0,0.0,21030.0
2015-04-01,9052916.408849997,99315.0,0.0,99315.0
2015-04-02,9129766.408849997,76850.0,0.0,76850.0
2015-04-03,9142151.408849997,12385.0,0.0,12385.0
2015-04-07,9117696.358849997,-22810.0,1645.05,-24455.05
2015-04-08,9203121.358849997,85425.0,0.0,85425.0
2015-04-09,9166991.358849997,-36130.0,0.0,-36130.0
2015-04-10,9311061.358849997,144070.0,0.0,144070.0
2015-04-13,9304339.008849997,-5050.0,1672.35,-6722.35
2015-04-14,9267179.008849997,-37160.0,0.0,-37160.0
2015-04-15,9164429.008849997,-102750.0,0.0,-102750.0
2015-04-16,9028539.008849997,-135890.0,0.0,-135890.0
2015-04-17,9002109.008849997,-26430.0,0.0,-26430.0
2015-04-20,9100510.858849997,98480.0,78.15,98401.85
2015-04-21,8997020.858849997,-103490.0,0.0,-103490.0
2015-04-22,8818690.858849997,-178330.0,0.0,-178330.0
2015-04-23,8702860.858849997,-115830.0,0.0,-115830.0
2015-04-24,8535859.216549996,-165270.0,1731.6423,-167001.6423
2015-04-27,8213237.627799996,-322570.0,51.58875,-322621.58875
2015-04-28,7941902.188099996,-271250.0,85.4397,-271335.4397
2015-04-29,8047567.399449997,105740.0,74.78865,105665.21135
2015-04-30,8044097.399449997,-3470.0,0.0,-3470.0
2015-05-04,7750220.149449997,-292765.0,1112.25,-293877.25
2015-05-05,7589917.274949997,-160275.0,27.874499999999998,-160302.8745
2015-05-06,7415049.487049997,-174805.0,62.7879,-174867.7879
2015-05-07,7542995.896449997,128020.0,73.59060000000001,127946.4094
2015-05-08,7585165.896449997,42170.0,0.0,42170.0
2015-05-11,7514140.196449997,-69790.0,1235.7,-71025.7
2015-05-12,7590080.196449997,75940.0,0.0,75940.0
2015-05-13,7647260.196449997,57180.0,0.0,57180.0
2015-05-14,7789470.196449997,142210.0,0.0,142210.0
2015-05-15,7769210.196449997,-20260.0,0.0,-20260.0
2015-05-18,7804325.7964499965,37065.0,1949.4,35115.6
2015-05-19,7942370.7964499965,138045.0,0.0,138045.0
2015-05-20,8134345.7964499965,191975.0,0.0,191975.0
2015-05-21,8054965.7964499965,-79380.0,0.0,-79380.0
2015-05-22,8015655.7964499965,-39310.0,0.0,-39310.0
2015-05-25,8063295.596449996,47695.0,55.199999999999996,47639.8
2015-05-26,7880930.596449996,-182365.0,0.0,-182365.0
2015-05-27,7926320.596449996,45390.0,0.0,45390.0
2015-05-28,7900905.096449996,-23980.0,1435.5,-25415.5
2015-05-29,7832330.096449996,-68575.0,0.0,-68575.0
2015-06-01,7748265.528199997,-81660.0,2404.5682500000003,-84064.56825
2015-06-02,7762035.528199997,13770.0,0.0,13770.0
2015-06-03,7736895.528199997,-25140.0,0.0,-25140.0
2015-06-04,7717425.528199997,-19470.0,0.0,-19470.0
2015-06-05,7689485.528199997,-27940.0,0.0,-27940.0
2015-06-08,7753024.218299997,63755.0,216.3099,63538.6901
2015-06-09,7743909.218299997,-9115.0,0.0,-9115.0
2015-06-10,7728189.218299997,-15720.0,0.0,-15720.0
2015-06-11,7788664.218299997,60475.0,0.0,60475.0
2015-06-12,8019989.218299997,231325.0,0.0,231325.0
2015-06-15,8115745.290099997,96270.0,513.9282000000001,95756.0718
2015-06-16,8229885.290099997,114140.0,0.0,114140.0
2015-06-17,8259635.290099997,29750.0,0.0,29750.0
2015-06-18,8293145.290099997,33510.0,0.0,33510.0
2015-06-19,8216455.290099997,-76690.0,0.0,-76690.0
2015-06-23,8136488.639149997,-79850.0,116.65095,-79966.65095
2015-06-24,8083308.639149997,-53180.0,0.0,-53180.0
2015-06-25,8163828.039149998,81270.0,750.6,80519.4
2015-06-26,8105488.039149998,-56540.0,1800.0,-58340.0
2015-06-29,8154917.307649998,49450.0,20.7315,49429.2685
2015-06-30,8490587.307649998,335670.0,0.0,335670.0
2015-07-01,8505437.307649998,14850.0,0.0,14850.0
2015-07-02,8326187.307649998,-179250.0,0.0,-179250.0
2015-07-03,8284087.307649998,-42100.0,0.0,-42100.0
2015-07-06,8617126.421149999,333220.0,180.88649999999998,333039.1135
2015-07-07,8803976.421149999,186850.0,0.0,186850.0
2015-07-08,9225416.421149999,421440.0,0.0,421440.0
2015-07-09,9082346.421149999,-143070.0,0.0,-143070.0
2015-07-10,8760106.421149999,-322240.0,0.0,-322240.0
2015-07-13,8806925.629299998,47810.0,990.79185,46819.20815
2015-07-14,8699775.629299998,-107150.0,0.0,-107150.0
2015-07-15,8776190.629299998,76415.0,0.0,76415.0
2015-07-16,8831850.629299998,55660.0,0.0,55660.0
2015-07-17,8764413.629299998,-67320.0,117.0,-67437.0
2015-07-20,8705448.279299999,-58400.0,565.3499999999999,-58965.35
2015-07-21,8609289.0124,-96020.0,139.26690000000002,-96159.2669
2015-07-22,8735485.5124,127470.0,1273.5,126196.5
2015-07-23,8842525.5124,107040.0,0.0,107040.0
2015-07-24,8801135.5124,-41390.0,0.0,-41390.0
2015-07-27,8693105.4124,-106705.0,1325.1,-108030.1
2015-07-28,8735945.4124,42840.0,0.0,42840.0
2015-07-29,8604445.4124,-131500.0,0.0,-131500.0
2015-07-30,8745325.4124,140880.0,0.0,140880.0
2015-07-31,8821925.4124,76600.0,0.0,76600.0
2015-08-03,8924320.8227,103090.0,694.5897,102395.4103
2015-08-04,9084890.8227,160570.0,0.0,160570.0
2015-08-05,9069625.8227,-15265.0,0.0,-15265.0
2015-08-06,9149485.8227,79860.0,0.0,79860.0
2015-08-07,9251895.8227,102410.0,0.0,102410.0
2015-08-10,9283086.3227,31720.0,529.5,31190.5
2015-08-11,9083682.8227,-198040.0,1363.5,-199403.5
2015-08-12,9089662.8227,5980.0,0.0,5980.0
2015-08-13,8921437.8227,-168225.0,0.0,-168225.0
2015-08-14,9010597.8227,89160.0,0.0,89160.0
2015-08-17,9118921.3579,108785.0,461.46479999999997,108323.5352
2015-08-18,9208041.3579,89120.0,0.0,89120.0
2015-08-19,9401751.3579,193710.0,0.0,193710.0
2015-08-20,9432071.3579,30320.0,0.0,30320.0
2015-08-21,9412591.3579,-19480.0,0.0,-19480.0
2015-08-24,9773326.070899999,360820.0,85.287,360734.713
2015-08-25,9996216.070899999,222890.0,0.0,222890.0
2015-08-26,9951796.070899999,-44420.0,0.0,-44420.0
2015-08-27,9990066.070899999,38270.0,0.0,38270.0
2015-08-28,9836796.070899999,-153270.0,0.0,-153270.0
2015-08-31,9777097.570899999,-57720.0,1978.5,-59698.5
2015-09-01,9823137.570899999,46040.0,0.0,46040.0
2015-09-02,9846657.570899999,23520.0,0.0,23520.0
2015-09-07,9928018.151899999,82910.0,1549.419,81360.581
2015-09-08,9878838.151899999,-49180.0,0.0,-49180.0
2015-09-09,9559011.151899999,-319170.0,657.0,-319827.0
2015-09-10,9694711.151899999,135700.0,0.0,135700.0
2015-09-11,9587691.151899999,-107020.0,0.0,-107020.0
2015-09-14,9738553.651899999,151440.0,577.5,150862.5
2015-09-15,9886738.651899999,148185.0,0.0,148185.0
2015-09-16,9864453.651899999,-22285.0,0.0,-22285.0
2015-09-17,9805233.651899999,-59220.0,0.0,-59220.0
2015-09-18,9853093.651899999,47860.0,0.0,47860.0
2015-09-21,9954604.74445,102585.0,1073.90745,101511.09255
2015-09-22,10127273.74445,174910.0,2241.0,172669.0
2015-09-23,10208763.74445,81490.0,0.0,81490.0
2015-09-24,10180663.74445,-28100.0,0.0,-28100.0
2015-09-25,10139443.74445,-41220.0,0.0,-41220.0
2015-09-28,10326358.24445,188020.0,1105.5,186914.5
2015-09-29,10690348.24445,363990.0,0.0,363990.0
2015-09-30,10773268.24445,82920.0,0.0,82920.0
2015-10-08,10805689.344449999,32440.0,18.9,32421.1
2015-10-09,10712599.344449999,-93090.0,0.0,-93090.0
2015-10-12,10481358.426049998,-229840.0,1400.9184,-231240.9184
2015-10-13,10738788.426049998,257430.0,0.0,257430.0
2015-10-14,10779428.426049998,40640.0,0.0,40640.0
2015-10-15,10883558.426049998,104130.0,0.0,104130.0
2015-10-16,11043558.426049998,160000.0,0.0,160000.0
2015-10-19,11141200.071049998,97770.0,128.35500000000002,97641.645
2015-10-20,11512050.071049998,370850.0,0.0,370850.0
2015-10-21,11762320.071049998,250270.0,0.0,250270.0
2015-10-22,11970390.071049998,208070.0,0.0,208070.0
2015-10-23,12357794.071049998,389690.0,2286.0,387404.0
2015-10-26,12462456.021049997,105755.0,1093.05,104661.95
2015-10-27,12401661.021049997,-60795.0,0.0,-60795.0
2015-10-28,12584191.021049997,182530.0,0.0,182530.0
2015-10-29,12677901.021049997,93710.0,0.0,93710.0
2015-10-30,12738011.021049997,60110.0,0.0,60110.0
2015-11-02,12722382.863549996,-15265.0,363.1575,-15628.1575
2015-11-03,12620142.863549996,-102240.0,0.0,-102240.0
2015-11-04,12556917.863549996,-63225.0,0.0,-63225.0
2015-11-05,12238986.012599995,-317625.0,306.85095,-317931.85095
2015-11-06,12107991.012599995,-130995.0,0.0,-130995.0
2015-11-09,11972435.912599996,-134905.0,650.0999999999999,-135555.1
2015-11-10,12187580.912599996,215145.0,0.0,215145.0
2015-11-11,12561615.912599996,374035.0,0.0,374035.0
2015-11-12,12634230.912599996,72615.0,0.0,72615.0
2015-11-13,12688755.912599996,54525.0,0.0,54525.0
2015-11-16,12690911.412599996,3465.0,1309.5,2155.5
2015-11-17,12772451.412599996,81540.0,0.0,81540.0
2015-11-18,12817620.912599996,46140.0,970.5,45169.5
2015-11-19,13119930.912599996,302310.0,0.0,302310.0
2015-11-20,13348700.912599996,228770.0,0.0,228770.0
2015-11-23,13653996.814199995,305500.0,204.0984,305295.9016
2015-11-24,13966327.314199995,314360.0,2029.5,312330.5
2015-11-25,13856030.314199995,-110000.0,297.0,-110297.0
2015-11-26,13345665.314199995,-510365.0,0.0,-510365.0
2015-11-27,13021995.314199995,-323670.0,0.0,-323670.0
2015-11-30,13204023.314199995,184035.0,2007.0,182028.0
2015-12-01,13184699.514199995,-18755.0,568.8,-19323.8
2015-12-02,12917249.514199995,-267450.0,0.0,-267450.0
2015-12-03,12968399.514199995,53085.0,1935.0,51150.0
2015-12-04,12998894.514199995,30495.0,0.0,30495.0
2015-12-07,12765425.014199995,-233465.0,4.5,-233469.5
2015-12-08,12928380.014199995,162955.0,0.0,162955.0
2015-12-09,12801085.014199995,-127295.0,0.0,-127295.0
2015-12-10,12777845.014199995,-23240.0,0.0,-23240.0
2015-12-11,12749415.014199995,-28430.0,0.0,-28430.0
2015-12-14,12731288.464199994,-18100.0,26.549999999999997,-18126.55
2015-12-15,12634083.464199994,-97205.0,0.0,-97205.0
2015-12-16,12740663.464199994,106580.0,0.0,106580.0
2015-12-17,12580298.464199994,-160365.0,0.0,-160365.0
2015-12-18,12414336.964199994,-164490.0,1471.5,-165961.5
2015-12-21,12045453.714199994,-368695.0,188.25,-368883.25
2015-12-22,11945198.714199994,-100255.0,0.0,-100255.0
2015-12-23,12020478.714199994,75280.0,0.0,75280.0
2015-12-24,11855953.714199994,-164525.0,0.0,-164525.0
2015-12-25,11865633.714199994,9680.0,0.0,9680.0
2015-12-28,12065641.914199993,200025.0,16.799999999999997,200008.2
2015-12-29,11902036.914199993,-163605.0,0.0,-163605.0
2015-12-30,11639516.914199993,-262520.0,0.0,-262520.0
2015-12-31,11606531.914199993,-32985.0,0.0,-32985.0
2016-01-04,11694058.514199993,88120.0,593.4,87526.6
2016-01-05,11760038.514199993,65980.0,0.0,65980.0
2016-01-06,11684048.514199993,-75990.0,0.0,-75990.0
2016-01-07,11679548.514199993,-4500.0,0.0,-4500.0
2016-01-08,11837238.514199993,157690.0,0.0,157690.0
2016-01-11,11762363.764199993,-74805.0,69.75,-74874.75
2016-01-12,11920443.764199993,158080.0,0.0,158080.0
2016-01-13,12112643.764199993,192200.0,0.0,192200.0
2016-01-14,12024883.764199993,-87760.0,0.0,-87760.0
2016-01-15,11842663.764199993,-182220.0,0.0,-182220.0
2016-01-18,11627421.564199993,-213690.0,1552.1999999999998,-215242.2
2016-01-19,11492191.564199993,-135230.0,0.0,-135230.0
2016-01-20,11422711.564199993,-69480.0,0.0,-69480.0
2016-01-21,11499721.564199993,77010.0,0.0,77010.0
2016-01-22,11386691.564199993,-113030.0,0.0,-113030.0
2016-01-25,11193978.114199994,-192680.0,33.45,-192713.45
2016-01-26,11226803.114199994,32825.0,0.0,32825.0
2016-01-27,11059938.114199994,-166865.0,0.0,-166865.0
2016-01-28,11156268.114199994,96330.0,0.0,96330.0
2016-01-29,11313101.114199994,158435.0,1602.0,156833.0
2016-02-01,11252135.847499995,-60920.0,45.2667,-60965.2667
2016-02-02,11332080.847499995,79945.0,0.0,79945.0
2016-02-03,11309980.847499995,-22100.0,0.0,-22100.0
2016-02-04,11066792.597499995,-241350.0,1838.25,-243188.25
2016-02-05,11130872.597499995,64080.0,0.0,64080.0
2016-02-15,11201768.097499995,70900.0,4.5,70895.5
2016-02-16,10851978.097499995,-349790.0,0.0,-349790.0
2016-02-17,10782616.656849995,-69260.0,101.44064999999999,-69361.44065
2016-02-18,10883101.867599996,100515.0,29.78925,100485.21075
2016-02-19,10796166.867599996,-86935.0,0.0,-86935.0
2016-02-22,10387269.167599997,-408850.0,47.699999999999996,-408897.7
2016-02-23,10327487.000299996,-59580.0,202.1673,-59782.1673
2016-02-24,10629781.973399995,302320.0,25.026899999999998,302294.9731
2016-02-25,10649861.973399995,20080.0,0.0,20080.0
2016-02-26,10862976.973399995,213115.0,0.0,213115.0
2016-02-29,10705850.493149996,-156965.0,161.48025,-157126.48025
2016-03-01,10639342.611149997,-64665.0,1842.882,-66507.882
2016-03-02,10512605.464449996,-125735.0,1002.1467,-126737.1467
2016-03-03,10426600.473899996,-85945.0,59.99055,-86004.99055
2016-03-04,10248756.340099996,-177805.0,39.1338,-177844.1338
2016-03-07,9710974.087299995,-536830.0,952.2528,-537782.2528
2016-03-08,9413654.087299995,-297320.0,0.0,-297320.0
2016-03-09,9847044.087299995,433390.0,0.0,433390.0
2016-03-10,9698934.087299995,-148110.0,0.0,-148110.0
2016-03-11,9999154.087299995,300220.0,0.0,300220.0
2016-03-14,10015419.154899996,17235.0,969.9324,16265.0676
2016-03-15,10095734.571799995,80425.0,109.5831,80315.4169
2016-03-16,10135334.571799995,39600.0,0.0,39600.0
2016-03-17,9927034.571799995,-208300.0,0.0,-208300.0
2016-03-18,9520429.571799995,-406605.0,0.0,-406605.0
2016-03-21,9366871.221799996,-152645.0,913.3499999999999,-153558.35
2016-03-22,9215591.221799996,-151280.0,0.0,-151280.0
2016-03-23,9223071.221799996,7480.0,0.0,7480.0
2016-03-24,9299581.221799996,76510.0,0.0,76510.0
2016-03-25,9245681.221799996,-53900.0,0.0,-53900.0
2016-03-28,9093720.201699996,-151235.0,726.0201,-151961.0201
2016-03-29,9194240.201699996,100520.0,0.0,100520.0
2016-03-30,9356285.201699996,162045.0,0.0,162045.0
2016-03-31,9335645.201699996,-20640.0,0.0,-20640.0
2016-04-01,9209042.701699996,-124735.0,1867.5,-126602.5
2016-04-05,9086317.764899993,-121610.00000000266,1114.9368,-122724.93680000266
2016-04-06,9050117.764899993,-36200.00000000089,0.0,-36200.00000000089
2016-04-07,9067207.764899993,17090.00000000015,0.0,17090.00000000015
2016-04-08,9169550.264899995,103640.00000000148,1297.5,102342.50000000148
2016-04-11,8986379.514899995,-182599.99999999988,570.75,-183170.74999999988
2016-04-12,8900444.514899997,-85934.99999999885,0.0,-85934.99999999885
2016-04-13,8605444.514899995,-295000.000000002,0.0,-295000.000000002
2016-04-14,8457969.514899995,-147475.00000000035,0.0,-147475.00000000035
2016-04-15,8673094.514899999,215125.00000000297,0.0,215125.00000000297
2016-04-18,8766231.534099998,93259.9999999984,122.98080000000002,93137.0191999984
2016-04-19,8980676.534099998,214444.99999999965,0.0,214444.99999999965
2016-04-20,9047136.534099998,66459.99999999967,0.0,66459.99999999967
2016-04-21,8968996.534099998,-78140.00000000068,0.0,-78140.00000000068
2016-04-22,8683626.5341,-285369.9999999985,0.0,-285369.9999999985
2016-04-25,8263933.366800001,-419394.99999999924,298.1673,-419693.1672999992
2016-04-26,8253793.366799998,-10140.000000002867,0.0,-10140.000000002867
2016-04-27,8050563.366799998,-203230.0000000002,0.0,-203230.0000000002
2016-04-28,8202913.366800002,152350.0000000035,0.0,152350.0000000035
2016-04-29,8250458.866800002,48585.00000000041,1039.5,47545.50000000041
2016-05-03,8042079.934800002,-207809.9999999998,568.9319999999999,-208378.9319999998
2016-05-04,8108394.934800001,66314.99999999923,0.0,66314.99999999923
2016-05-05,8079609.934800001,-28785.0,0.0,-28785.0
2016-05-06,8163197.934800003,83885.00000000189,297.0,83588.00000000189
2016-05-09,8515860.549500002,352919.9999999988,257.38530000000003,352662.61469999875
2016-05-10,8752770.549500005,236910.00000000323,0.0,236910.00000000323
2016-05-11,8603200.549500002,-149570.00000000375,0.0,-149570.00000000375
2016-05-12,8678520.549500003,75320.0000000017,0.0,75320.0000000017
2016-05-13,8808070.549500005,129550.00000000239,0.0,129550.00000000239
2016-05-16,8672848.095950006,-134620.00000000017,602.45355,-135222.45355000018
2016-05-17,8573068.095950002,-99780.00000000307,0.0,-99780.00000000307
2016-05-18,8508088.095950004,-64979.99999999847,0.0,-64979.99999999847
2016-05-19,8558468.095950006,50380.0000000017,0.0,50380.0000000017
2016-05-20,8661168.095950004,102699.99999999761,0.0,102699.99999999761
2016-05-23,8746799.238350006,85660.00000000239,28.8576,85631.14240000238
2016-05-24,8834629.238350002,87829.9999999966,0.0,87829.9999999966
2016-05-25,8887829.238350004,53200.000000001535,0.0,53200.000000001535
2016-05-26,8948699.238350004,60870.00000000017,0.0,60870.00000000017
2016-05-27,8828649.238350004,-120049.99999999965,0.0,-120049.99999999965
2016-05-30,8760246.738350002,-68380.0000000012,22.5,-68402.5000000012
2016-05-31,8825926.738350004,65680.00000000154,0.0,65680.00000000154
2016-06-01,8941336.73835,115409.9999999971,0.0,115409.9999999971
2016-06-02,8880696.738350002,-60639.99999999744,0.0,-60639.99999999744
2016-06-03,8932312.23835,52429.99999999881,814.5,51615.49999999881
2016-06-06,8961805.720350001,29525.000000001397,31.518,29493.482000001397
2016-06-07,9010775.72035,48969.99999999729,0.0,48969.99999999729
2016-06-08,9013085.720350001,2310.0000000011605,0.0,2310.0000000011605
2016-06-13,9012356.283850003,-674.9999999987222,54.436499999999995,-729.4364999987222
2016-06-14,9073166.283850003,60810.0,0.0,60810.0
2016-06-15,9235361.283850003,162194.99999999919,0.0,162194.99999999919
2016-06-16,9336076.283850003,100715.00000000061,0.0,100715.00000000061
2016-06-17,9260626.283850003,-75450.0000000002,0.0,-75450.0000000002
2016-06-20,9182894.169950001,-77140.00000000176,592.1139,-77732.11390000176
2016-06-21,9161054.169950005,-21839.999999995678,0.0,-21839.999999995678
2016-06-22,9103774.169950001,-57280.000000003456,0.0,-57280.000000003456
2016-06-23,9018104.169950001,-85669.99999999936,0.0,-85669.99999999936
2016-06-24,9161674.169950001,143570.00000000064,0.0,143570.00000000064
2016-06-27,9214105.23515,52959.99999999875,528.9348,52431.065199998746
2016-06-28,9054135.235150002,-159969.99999999802,0.0,-159969.99999999802
2016-06-29,9017825.235149998,-36310.00000000355,0.0,-36310.00000000355
2016-06-30,9071005.23515,53180.00000000221,0.0,53180.00000000221
2016-07-01,9128035.235149998,57029.999999998225,0.0,57029.999999998225
2016-07-04,8962810.30015,-163779.99999999852,1444.935,-165224.9349999985
2016-07-05,8647436.800150001,-314054.9999999989,1318.5,-315373.4999999989
2016-07-06,8824326.800150003,176890.00000000137,0.0,176890.00000000137
2016-07-07,9012776.80015,188449.9999999962,0.0,188449.9999999962
2016-07-08,8952826.800150001,-59949.99999999863,0.0,-59949.99999999863
2016-07-11,8921643.850150002,-31069.999999999447,112.95,-31182.949999999448
2016-07-12,9028113.85015,106469.99999999754,0.0,106469.99999999754
2016-07-13,9170513.85015,142400.00000000055,0.0,142400.00000000055
2016-07-14,9200923.850150002,30410.000000001368,0.0,30410.000000001368
2016-07-15,9270983.850150002,70059.99999999945,0.0,70059.99999999945
2016-07-18,9004092.200150006,-266169.99999999674,721.65,-266891.64999999676
2016-07-19,8688397.20015,-315695.0000000049,0.0,-315695.0000000049
2016-07-20,8771132.200150006,82735.00000000518,0.0,82735.00000000518
2016-07-21,8857012.20015,85879.99999999454,0.0,85879.99999999454
2016-07-22,8871902.200150004,14890.000000003001,0.0,14890.000000003001
2016-07-25,8650417.177150002,-221460.00000000137,25.022999999999996,-221485.02300000135
2016-07-26,8801562.177150005,151145.0000000038,0.0,151145.0000000038
2016-07-27,8874107.177150002,72544.99999999619,0.0,72544.99999999619
2016-07-28,9138132.177150005,264025.0000000041,0.0,264025.0000000041
2016-07-29,9053402.17715,-84730.00000000573,0.0,-84730.00000000573
2016-08-01,9049827.97715,-3479.9999999994543,94.2,-3574.199999999454
2016-08-02,9209622.977150002,159795.00000000218,0.0,159795.00000000218
2016-08-03,9166655.977150006,-41724.999999996726,1242.0,-42966.999999996726
2016-08-04,9088060.977150002,-78595.00000000355,0.0,-78595.00000000355
2016-08-05,9349745.977150002,261685.0,0.0,261685.0
2016-08-08,9619014.07715,270054.99999999756,786.9,269268.09999999753
2016-08-09,9796439.077150006,177425.00000000518,0.0,177425.00000000518
2016-08-10,9786611.47715,-8855.000000005195,972.5999999999999,-9827.600000005195
2016-08-11,9784531.477150002,-2079.99999999789,0.0,-2079.99999999789
2016-08-12,9852226.477150004,67695.00000000242,0.0,67695.00000000242
2016-08-15,9757611.112650007,-93174.99999999789,1440.3645,-94615.36449999789
2016-08-16,9886846.112650007,129234.9999999997,0.0,129234.9999999997
2016-08-17,9851661.112650003,-35185.00000000452,0.0,-35185.00000000452
2016-08-18,9967596.112650005,115935.0000000027,0.0,115935.0000000027
2016-08-19,9862206.559500007,-105254.9999999982,134.55315000000002,-105389.5531499982
2016-08-22,9929754.9595,68604.99999999367,1056.6,67548.39999999366
2016-08-23,9780749.959500005,-149004.99999999488,0.0,-149004.99999999488
2016-08-24,9793324.959500004,12574.999999998494,0.0,12574.999999998494
2016-08-25,9613529.959500004,-179795.0,0.0,-179795.0
2016-08-26,9772129.959500004,158600.0,0.0,158600.0
2016-08-29,9469113.4595,-302535.0000000036,481.5,-303016.5000000036
2016-08-30,9179378.459500002,-289734.99999999884,0.0,-289734.99999999884
2016-08-31,9112743.459500002,-66635.0000000009,0.0,-66635.0000000009
2016-09-01,8969118.459500005,-143624.99999999668,0.0,-143624.99999999668
2016-09-02,9122008.459500002,152889.99999999668,0.0,152889.99999999668
2016-09-05,9130499.549000006,10655.000000004547,2163.9105,8491.089500004548
2016-09-06,9067574.549000004,-62925.00000000187,0.0,-62925.00000000187
2016-09-07,8918929.549000006,-148644.99999999892,0.0,-148644.99999999892
2016-09-08,8862404.549000008,-56524.99999999866,0.0,-56524.99999999866
2016-09-09,8924064.549000008,61660.0000000008,0.0,61660.0000000008
2016-09-12,8697252.571700003,-226360.00000000437,451.9773,-226811.97730000436
2016-09-13,8612342.571700007,-84909.99999999594,0.0,-84909.99999999594
2016-09-14,8453602.571700005,-158740.00000000096,0.0,-158740.00000000096
2016-09-19,8404218.571700005,-48579.99999999929,804.0,-49383.99999999929
2016-09-20,8515758.571700005,111540.00000000071,0.0,111540.00000000071
2016-09-21,8632633.571700003,116874.99999999761,0.0,116874.99999999761
2016-09-22,8777523.571700005,144890.00000000192,0.0,144890.00000000192
2016-09-23,8917458.571700005,139934.99999999953,0.0,139934.99999999953
2016-09-26,9045120.321700001,128509.99999999604,848.25,127661.74999999604
2016-09-27,9018465.321700001,-26655.0000000007,0.0,-26655.0000000007
2016-09-28,8974275.321700001,-44190.0,0.0,-44190.0
2016-09-29,9114355.321700005,140080.0000000035,0.0,140080.0000000035
2016-09-30,8882754.821700005,-230569.99999999953,1030.5,-231600.49999999953
2016-10-10,8890170.571700007,7760.000000001119,344.25,7415.750000001119
2016-10-11,9034590.571700003,144419.9999999968,0.0,144419.9999999968
2016-10-12,8988330.571700005,-46259.99999999863,0.0,-46259.99999999863
2016-10-13,9088200.571700005,99870.0,0.0,99870.0
2016-10-14,9183100.571700005,94899.9999999991,0.0,94899.9999999991
2016-10-17,9246771.995300006,63740.00000000045,68.5764,63671.42360000045
2016-10-18,9230411.995300008,-16359.999999998636,0.0,-16359.999999998636
2016-10-19,9371631.99530001,141220.00000000114,0.0,141220.00000000114
2016-10-20,9358051.995300008,-13580.000000002503,0.0,-13580.000000002503
2016-10-21,9441071.995300008,83020.0000000009,0.0,83020.0000000009
2016-10-24,9408537.734550007,-31825.00000000045,709.26075,-32534.260750000452
2016-10-25,9712327.734550009,303790.0000000014,0.0,303790.0000000014
2016-10-26,9955502.734550009,243174.99999999977,0.0,243174.99999999977
2016-10-27,9937367.734550009,-18134.99999999955,0.0,-18134.99999999955
2016-10-28,10127802.734550005,190434.9999999966,0.0,190434.9999999966
2016-10-31,10243967.734550007,116390.00000000159,225.0,116165.00000000159
2016-11-01,10426847.734550005,182879.99999999726,0.0,182879.99999999726
2016-11-02,10449822.734550005,22975.000000000226,0.0,22975.000000000226
2016-11-03,10482857.734550009,33035.00000000432,0.0,33035.00000000432
2016-11-04,10698052.234550007,215954.9999999984,760.5,215194.4999999984
2016-11-07,10888525.149700006,190610.00000000012,137.08485000000002,190472.9151500001
2016-11-08,11141280.149700005,252754.99999999872,0.0,252754.99999999872
2016-11-09,11346810.149700003,205529.99999999796,0.0,205529.99999999796
2016-11-10,11548853.149699999,202519.99999999712,477.0,202042.99999999712
2016-11-11,11770628.149700003,221775.00000000346,0.0,221775.00000000346
2016-11-14,11585126.071200004,-185134.99999999825,367.0785,-185502.07849999826
2016-11-15,11029666.071200006,-555459.9999999983,0.0,-555459.9999999983
2016-11-16,10563706.071200006,-465959.9999999993,0.0,-465959.9999999993
2016-11-17,10530976.0712,-32730.000000005894,0.0,-32730.000000005894
2016-11-18,10484866.071200004,-46109.99999999549,0.0,-46109.99999999549
2016-11-21,10619180.0332,134869.9999999956,556.038,134313.9619999956
2016-11-22,11041760.033200005,422580.0000000048,0.0,422580.0000000048
2016-11-23,11313036.633200001,272079.9999999952,803.4,271276.5999999952
2016-11-24,11294942.133200005,-17414.9999999965,679.5,-18094.4999999965
2016-11-25,11179927.133200005,-115015.0,0.0,-115015.0
2016-11-28,11441517.982900005,262335.00000000093,744.1503,261590.84970000092
2016-11-29,10862365.9259,-579050.0000000057,102.057,-579152.0570000057
2016-11-30,10206390.925900001,-655974.9999999984,0.0,-655974.9999999984
2016-12-01,10042384.731299998,-163480.00000000227,526.1946,-164006.19460000226
2016-12-02,10048391.75205,6030.00000000042,22.97925,6007.02075000042
2016-12-05,10037380.75205,-10419.999999999076,591.0,-11010.999999999076
2016-12-06,10078050.752050001,40670.00000000137,0.0,40670.00000000137
2016-12-07,10287710.75205,209659.99999999756,0.0,209659.99999999756
2016-12-08,10315870.75205,28160.000000000615,0.0,28160.000000000615
2016-12-09,10259960.752050001,-55909.99999999801,0.0,-55909.99999999801
2016-12-12,10298741.99135,38840.000000000146,58.7607,38781.23930000015
2016-12-13,10153613.99135,-145109.99999999985,18.0,-145127.99999999985
2016-12-14,10067238.991349999,-86375.00000000196,0.0,-86375.00000000196
2016-12-15,9691893.991349999,-375345.0000000004,0.0,-375345.0000000004
2016-12-16,9948443.491349999,256590.00000000047,40.5,256549.50000000047
2016-12-19,9575251.99135,-373159.99999999895,31.5,-373191.49999999895
2016-12-20,9246445.01735,-328775.00000000076,31.974,-328806.97400000074
2016-12-21,9407200.2923,160785.00000000114,29.72505,160755.27495000113
2016-12-22,9442786.7923,35599.99999999935,13.5,35586.49999999935
2016-12-23,9180306.340650002,-262479.9999999995,0.45165000000000005,-262480.4516499995
2016-12-26,9052346.340650002,-127960.00000000032,0.0,-127960.00000000032
2016-12-27,9160685.901,108339.99999999977,0.43965000000000004,108339.56034999977
2016-12-28,9429504.401,268819.99999999994,1.5,268818.49999999994
2016-12-29,9380704.401,-48799.99999999993,0.0,-48799.99999999993
2016-12-30,9275914.401,-104789.99999999996,0.0,-104789.99999999996
2017-01-03,9222124.401,-53789.99999999956,0.0,-53789.99999999956
2017-01-04,9072496.901,-149050.00000000052,577.5,-149627.50000000052
2017-01-05,9103222.401,30730.000000000597,4.5,30725.500000000597
2017-01-06,9048322.401,-54900.00000000084,0.0,-54900.00000000084
2017-01-09,9075092.401,27355.000000000397,585.0,26770.000000000397
2017-01-10,9263742.401,188649.99999999997,0.0,188649.99999999997
2017-01-11,9469477.401,205734.99999999988,0.0,205734.99999999988
2017-01-12,9568847.401,99370.00000000032,0.0,99370.00000000032
2017-01-13,9704282.401,135434.9999999996,0.0,135434.9999999996
2017-01-16,9819386.55045,115640.00000000006,535.85055,115104.14945000006
2017-01-17,9811966.55045,-7420.000000000342,0.0,-7420.000000000342
2017-01-18,9777781.550450003,-34184.99999999875,0.0,-34184.99999999875
2017-01-19,9778236.550450003,544.9999999995998,90.0,454.9999999995998
2017-01-20,9714701.550450003,-63535.00000000039,0.0,-63535.00000000039
2017-01-23,9623957.300450005,-90159.99999999904,584.25,-90744.24999999904
2017-01-24,9756997.300450003,133039.99999999875,0.0,133039.99999999875
2017-01-25,9816797.300450005,59800.00000000108,0.0,59800.00000000108
2017-01-26,9723007.300450005,-93790.0000000009,0.0,-93790.0000000009
2017-02-03,9547431.290450005,-174949.99999999942,626.01,-175576.00999999943
2017-02-06,9452052.040450003,-94075.00000000095,1304.25,-95379.25000000095
2017-02-07,9406212.040450005,-45839.99999999867,0.0,-45839.99999999867
2017-02-08,9395532.040450005,-10680.000000000742,0.0,-10680.000000000742
2017-02-09,9406193.040450005,11435.000000000597,774.0,10661.000000000597
2017-02-10,9416418.040450005,10225.000000000517,0.0,10225.000000000517
2017-02-13,9631369.290450005,215524.99999999924,573.75,214951.24999999924
2017-02-14,9787504.290450005,156134.9999999997,0.0,156134.9999999997
2017-02-15,9942469.290450005,154964.9999999997,0.0,154964.9999999997
2017-02-16,9886784.290450005,-55684.9999999994,0.0,-55684.9999999994
2017-02-17,9732729.290450005,-154055.0,0.0,-154055.0
2017-02-20,9597611.112050004,-134519.9999999999,598.1784,-135118.17839999992
2017-02-21,9780141.112050004,182529.9999999993,0.0,182529.9999999993
2017-02-22,9477691.112050004,-302449.99999999977,0.0,-302449.99999999977
2017-02-23,9316941.112050004,-160749.99999999977,0.0,-160749.99999999977
2017-02-24,9128286.112050004,-188655.00000000055,0.0,-188655.00000000055
2017-02-27,9321117.665650006,194215.00000000114,1383.4464,192831.55360000115
2017-02-28,9282607.665650006,-38510.00000000056,0.0,-38510.00000000056
2017-03-01,9351097.665650006,68490.00000000019,0.0,68490.00000000019
2017-03-02,9476917.665650006,125819.9999999995,0.0,125819.9999999995
2017-03-03,9309182.665650006,-167735.00000000032,0.0,-167735.00000000032
2017-03-06,9418440.560050007,109345.00000000025,87.1056,109257.89440000025
2017-03-07,9369935.560050007,-47964.99999999962,540.0,-48504.99999999962
2017-03-08,9198165.560050007,-171770.00000000038,0.0,-171770.00000000038
2017-03-09,8939440.560050009,-258724.9999999988,0.0,-258724.9999999988
2017-03-10,8888370.560050007,-51070.00000000144,0.0,-51070.00000000144
2017-03-13,8795722.060050007,-91914.99999999937,733.5,-92648.49999999937
2017-03-14,8805032.060050007,9309.999999999938,0.0,9309.999999999938
2017-03-15,8791912.060050007,-13119.999999999374,0.0,-13119.999999999374
2017-03-16,8762332.060050007,-29580.000000000684,0.0,-29580.000000000684
2017-03-17,8691397.060050007,-70934.99999999932,0.0,-70934.99999999932
2017-03-20,8619455.523050006,-71065.00000000141,876.537,-71941.53700000141
2017-03-21,8396095.523050006,-223360.00000000026,0.0,-223360.00000000026
2017-03-22,8249310.523050006,-146785.00000000052,0.0,-146785.00000000052
2017-03-23,8255625.523050006,6315.000000000084,0.0,6315.000000000084
2017-03-24,8384806.697050005,129264.99999999958,83.82600000000001,129181.17399999958
2017-03-27,8220286.462100005,-163175.00000000006,1345.23495,-164520.23495000007
2017-03-28,8248531.462100004,28244.999999999483,0.0,28244.999999999483
2017-03-29,8415981.462100005,167450.00000000125,0.0,167450.00000000125
2017-03-30,8393926.462100005,-22055.000000000815,0.0,-22055.000000000815
2017-03-31,8475266.462100005,81339.99999999971,0.0,81339.99999999971
2017-04-05,8579520.451800006,105300.00000000003,1046.0103,104253.98970000003
2017-04-06,8583995.451800007,4475.000000001259,0.0,4475.000000001259
2017-04-07,8519825.451800007,-64170.0000000002,0.0,-64170.0000000002
2017-04-10,8559633.451800007,39879.99999999942,72.0,39807.99999999942
2017-04-11,8503703.45180001,-55929.99999999874,0.0,-55929.99999999874
2017-04-12,8326613.951800008,-176020.00000000076,1069.5,-177089.50000000076
2017-04-13,8395312.70180001,70150.00000000087,1451.25,68698.75000000087
2017-04-14,8456982.701800007,61669.99999999778,0.0,61669.99999999778
2017-04-17,8459106.936000008,2135.0000000016444,10.7658,2124.2342000016442
2017-04-18,8391751.936000006,-67355.00000000116,0.0,-67355.00000000116
2017-04-19,8378101.936000006,-13649.999999999807,0.0,-13649.999999999807
2017-04-20,8493156.936000006,115054.99999999952,0.0,115054.99999999952
2017-04-21,8650981.936000006,157824.99999999988,0.0,157824.99999999988
2017-04-24,8485033.554400008,-165884.99999999825,63.3816,-165948.38159999825
2017-04-25,8642288.554400006,157254.99999999837,0.0,157254.99999999837
2017-04-26,8680063.554400006,37775.000000000306,0.0,37775.000000000306
2017-04-27,8716883.554400006,36820.00000000061,0.0,36820.00000000061
2017-04-28,8670328.554400006,-46554.999999999076,0.0,-46554.999999999076
2017-05-02,8546527.061800005,-123480.0000000011,321.4926,-123801.4926000011
2017-05-03,8534442.061800003,-12085.000000001175,0.0,-12085.000000001175
2017-05-04,8327927.061800004,-206514.99999999936,0.0,-206514.99999999936
2017-05-05,8187282.061800004,-140645.00000000026,0.0,-140645.00000000026
2017-05-08,8310834.6197500015,124524.9999999976,972.44205,123552.5579499976
2017-05-09,8377414.619750001,66579.99999999913,0.0,66579.99999999913
2017-05-10,8568464.619750002,192175.00000000163,1125.0,191050.00000000163
2017-05-11,8382944.619750003,-185519.99999999945,0.0,-185519.99999999945
2017-05-12,8433974.619750002,51029.99999999959,0.0,51029.99999999959
2017-05-15,8468997.119750004,35720.000000001935,697.5,35022.500000001935
2017-05-16,8594687.119750002,125689.99999999779,0.0,125689.99999999779
2017-05-17,8639982.119750004,45295.00000000223,0.0,45295.00000000223
2017-05-18,8590117.119750002,-49865.00000000236,0.0,-49865.00000000236
2017-05-19,8729532.119750004,139415.00000000247,0.0,139415.00000000247
2017-05-22,9052384.119750004,322914.99999999936,63.0,322851.99999999936
2017-05-23,8982499.119750004,-69884.9999999996,0.0,-69884.9999999996
2017-05-24,8888869.119750004,-93630.0000000004,0.0,-93630.0000000004
2017-05-25,8925449.119750004,36580.0,0.0,36580.0
2017-05-26,8999234.119750004,73785.00000000026,0.0,73785.00000000026
2017-05-31,8780684.619750002,-218545.0000000013,4.5,-218549.5000000013
2017-06-01,8480754.619750002,-299929.99999999936,0.0,-299929.99999999936
2017-06-02,8410954.619750002,-69800.0000000004,0.0,-69800.0000000004
2017-06-05,8239407.606250004,-170709.99999999843,837.0135,-171547.01349999843
2017-06-06,8166747.606250003,-72660.00000000105,0.0,-72660.00000000105
2017-06-07,8201382.606250003,34634.99999999961,0.0,34634.99999999961
2017-06-08,8229092.606250002,27709.999999999345,0.0,27709.999999999345
2017-06-09,8226356.606250002,-1755.000000000393,981.0,-2736.000000000393
2017-06-12,8168811.606250002,-57545.0,0.0,-57545.0
2017-06-13,8044196.606250004,-124614.99999999804,0.0,-124614.99999999804
2017-06-14,7989996.606250004,-54200.00000000013,0.0,-54200.00000000013
2017-06-15,8021351.606250004,31355.00000000013,0.0,31355.00000000013
2017-06-16,8008606.606250004,-12744.999999999738,0.0,-12744.999999999738
2017-06-19,7897132.246850002,-111450.00000000262,24.3594,-111474.35940000262
2017-06-20,7971417.2468500035,74285.00000000183,0.0,74285.00000000183
2017-06-21,7975852.246850003,4434.999999999345,0.0,4434.999999999345
2017-06-22,7906337.246850004,-69514.99999999856,0.0,-69514.99999999856
2017-06-23,7891307.246850004,-15030.000000000131,0.0,-15030.000000000131
2017-06-26,7928989.746850004,38425.00000000026,742.5,37682.50000000026
2017-06-27,7871084.7468500035,-57905.000000000524,0.0,-57905.000000000524
2017-06-28,8017109.746850003,146024.99999999907,0.0,146024.99999999907
2017-06-29,8105769.746850002,88659.99999999921,0.0,88659.99999999921
2017-06-30,8221674.7468500035,115905.0000000021,0.0,115905.0000000021
2017-07-03,8342073.489050003,121654.99999999917,1256.2578,120398.74219999916
2017-07-04,8318173.489050002,-23900.000000001182,0.0,-23900.000000001182
2017-07-05,8411013.489050003,92840.00000000178,0.0,92840.00000000178
2017-07-06,8330575.989050002,-79980.00000000058,457.5,-80437.50000000058
2017-07-07,8312685.489050001,-16815.000000001033,1075.5,-17890.500000001033
2017-07-10,8401458.473650003,89300.00000000103,527.0154,88772.98460000103
2017-07-11,8442063.473650001,40604.99999999882,0.0,40604.99999999882
2017-07-12,8547793.473650001,105729.9999999994,0.0,105729.9999999994
2017-07-13,8558053.473650005,10260.000000002954,0.0,10260.000000002954
2017-07-14,8577448.473650003,19394.99999999778,0.0,19394.99999999778
2017-07-17,8647828.723650005,70405.00000000205,24.75,70380.25000000205
2017-07-18,8654788.723650005,6960.00000000032,0.0,6960.00000000032
2017-07-19,8735403.723650003,80614.99999999857,0.0,80614.99999999857
2017-07-20,8649268.723650003,-86134.99999999936,0.0,-86134.99999999936
2017-07-21,8601993.723650001,-47275.000000001746,0.0,-47275.000000001746
2017-07-24,8570542.247400003,-31234.99999999809,216.47625,-31451.47624999809
2017-07-25,8694567.2474,124024.99999999793,0.0,124024.99999999793
2017-07-26,8830177.2474,135609.99999999953,0.0,135609.99999999953
2017-07-27,8740022.247400003,-90154.99999999825,0.0,-90154.99999999825
2017-07-28,8755532.247400003,15509.999999999203,0.0,15509.999999999203
2017-07-31,8903051.968200006,147740.00000000256,220.2792,147519.72080000257
2017-08-01,9069951.968200006,166899.99999999919,0.0,166899.99999999919
2017-08-02,9151321.968200004,81369.99999999885,0.0,81369.99999999885
2017-08-03,9171815.718200006,21045.00000000181,551.25,20493.75000000181
2017-08-04,9090100.718200004,-80590.00000000148,1125.0,-81715.00000000148
2017-08-07,9432905.053900005,342855.000000001,50.6643,342804.335700001
2017-08-08,9660440.053900003,227534.99999999756,0.0,227534.99999999756
2017-08-09,10052372.917300005,392400.0000000013,467.13660000000004,391932.86340000125
2017-08-10,10112742.917300006,60370.000000002095,0.0,60370.000000002095
2017-08-11,9916518.917300005,-195495.0000000014,729.0,-196224.0000000014
2017-08-14,9706816.367300004,-208245.00000000163,1457.55,-209702.55000000162
2017-08-15,9464606.367300007,-242209.9999999972,0.0,-242209.9999999972
2017-08-16,9564971.367300006,100364.99999999884,0.0,100364.99999999884
2017-08-17,9867206.367300006,302234.99999999977,0.0,302234.99999999977
2017-08-18,9836691.367300006,-30515.0,0.0,-30515.0
2017-08-21,10026600.366050007,190360.0000000005,451.00125,189908.9987500005
2017-08-22,10095860.366050007,69259.99999999916,0.0,69259.99999999916
2017-08-23,9908820.366050009,-187039.99999999875,0.0,-187039.99999999875
2017-08-24,10043520.366050007,134699.9999999979,0.0,134699.9999999979
2017-08-25,10138820.36605001,95300.000000004,0.0,95300.000000004
2017-08-28,10041045.06605001,-96125.00000000073,1650.3,-97775.30000000073
2017-08-29,10025375.066050006,-15670.000000003667,0.0,-15670.000000003667
2017-08-30,9976595.066050006,-48779.99999999951,0.0,-48779.99999999951
2017-08-31,9948695.066050006,-27899.999999999513,0.0,-27899.999999999513
2017-09-01,10198625.066050008,249930.00000000146,0.0,249930.00000000146
2017-09-04,10363857.93860001,165310.00000000224,77.12745,165232.87255000224
2017-09-05,10320727.938600004,-43130.000000005006,0.0,-43130.000000005006
2017-09-06,10199277.93860001,-121449.9999999945,0.0,-121449.9999999945
2017-09-07,9957887.938600007,-241390.00000000125,0.0,-241390.00000000125
2017-09-08,9711637.938600004,-246250.00000000425,0.0,-246250.00000000425
2017-09-11,9639503.578650005,-71189.9999999979,944.35995,-72134.3599499979
2017-09-12,9864463.578650005,224960.0000000004,0.0,224960.0000000004
2017-09-13,9986393.578650007,121930.00000000224,0.0,121930.00000000224
2017-09-14,9729993.578650003,-256400.00000000285,0.0,-256400.00000000285
2017-09-15,9526883.578650003,-203110.0000000002,0.0,-203110.0000000002
2017-09-18,9543832.293250004,17680.0,731.2854,16948.7146
2017-09-19,9629222.293250002,85389.99999999898,0.0,85389.99999999898
2017-09-20,9719172.293250004,89950.00000000266,0.0,89950.00000000266
2017-09-21,9767652.293250006,48480.000000002045,0.0,48480.000000002045
2017-09-22,9468062.293250004,-299590.00000000204,0.0,-299590.00000000204
2017-09-25,9378029.893250003,-89940.0000000002,92.4,-90032.4000000002
2017-09-26,9486629.893250002,108599.99999999898,0.0,108599.99999999898
2017-09-27,9490189.893250002,3559.9999999991815,0.0,3559.9999999991815
2017-09-28,9381816.393250002,-107910.0,463.5,-108373.5
2017-09-29,9388566.393250005,6750.000000004093,0.0,6750.000000004093
2017-10-09,9645712.893250003,257744.99999999726,598.5,257146.49999999726
2017-10-10,9487057.893250007,-158654.99999999706,0.0,-158654.99999999706
2017-10-11,9320547.893250002,-166510.00000000483,0.0,-166510.00000000483
2017-10-12,9349162.893250005,28615.000000003783,0.0,28615.000000003783
2017-10-13,9499467.893250005,150304.9999999998,0.0,150304.9999999998
2017-10-16,9700361.248150004,201474.99999999916,581.6451,200893.35489999916
2017-10-17,9775511.248150002,75149.99999999769,0.0,75149.99999999769
2017-10-18,9678441.248150004,-97069.99999999747,0.0,-97069.99999999747
2017-10-19,9470011.248150002,-208430.00000000105,0.0,-208430.00000000105
2017-10-20,9599411.24815,129399.99999999831,0.0,129399.99999999831
2017-10-23,9594049.88175,-5305.0,56.3664,-5361.3664
2017-10-24,9611594.881750003,17545.000000002314,0.0,17545.000000002314
2017-10-25,9735229.881750004,123635.00000000125,0.0,123635.00000000125
2017-10-26,9636664.881750004,-98565.00000000063,0.0,-98565.00000000063
2017-10-27,9646419.881750003,9754.999999997264,0.0,9754.999999997264
2017-10-30,9929217.683350006,283145.0000000034,347.1984,282797.8016000034
2017-10-31,9835856.683350006,-92649.99999999937,711.0,-93360.99999999937
2017-11-01,9790461.683350002,-45395.000000004206,0.0,-45395.000000004206
2017-11-02,9795116.683350006,4655.0000000042055,0.0,4655.0000000042055
2017-11-03,9817646.683350002,22529.999999996005,0.0,22529.999999996005
2017-11-06,9748811.279200006,-68764.99999999671,70.40415,-68835.40414999671
2017-11-07,9864161.279200006,115349.99999999923,0.0,115349.99999999923
2017-11-08,9738816.279200004,-125345.00000000096,0.0,-125345.00000000096
2017-11-09,9663856.279200003,-74960.00000000175,0.0,-74960.00000000175
2017-11-10,9765687.999250004,102250.00000000093,418.27995,101831.72005000093
2017-11-13,9945116.799250003,179489.9999999991,61.2,179428.7999999991
2017-11-14,9966916.799250005,21800.000000002365,0.0,21800.000000002365
2017-11-15,9906846.799250005,-60069.999999999636,0.0,-60069.999999999636
2017-11-16,9858206.799250001,-48640.000000003085,0.0,-48640.000000003085
2017-11-17,9849536.799250003,-8669.999999998181,0.0,-8669.999999998181
2017-11-20,9943877.15505,94474.99999999726,134.64419999999998,94340.35579999727
2017-11-21,9945787.155050004,1910.0000000032742,0.0,1910.0000000032742
2017-11-22,10096047.155050002,150259.99999999744,0.0,150259.99999999744
2017-11-23,10159187.155050004,63140.000000001455,0.0,63140.000000001455
2017-11-24,9954587.155050006,-204599.999999998,0.0,-204599.999999998
2017-11-27,9986917.703450006,33529.99999999909,1199.4516,32330.54839999909
2017-11-28,9884157.703450004,-102760.00000000182,0.0,-102760.00000000182
2017-11-29,9634171.703450004,-249859.99999999945,126.0,-249985.99999999945
2017-11-30,9722828.703450002,89559.99999999872,903.0,88656.99999999872
2017-12-01,9621368.703450002,-101460.0,0.0,-101460.0
2017-12-04,9717570.792550005,98620.00000000291,2417.9109000000003,96202.08910000291
2017-12-05,9781530.792550001,63959.999999996726,0.0,63959.999999996726
2017-12-06,9764418.192550002,-15210.000000000182,1902.6,-17112.60000000018
2017-12-07,9753588.192550004,-10829.999999998181,0.0,-10829.999999998181
2017-12-08,9742388.192550004,-11200.00000000091,0.0,-11200.00000000091
2017-12-11,9849611.192550005,107970.00000000218,747.0,107223.00000000218
2017-12-12,9914206.692550004,64989.999999998065,394.5,64595.499999998065
2017-12-13,10036216.692550005,122010.00000000212,0.0,122010.00000000212
2017-12-14,10051676.692550004,15459.999999997293,0.0,15459.999999997293
2017-12-15,9844844.192550004,-206090.00000000017,742.5,-206832.50000000017
2017-12-18,10008763.692550007,165790.00000000387,1870.5,163919.50000000387
2017-12-19,10037103.692550007,28339.999999999807,0.0,28339.999999999807
2017-12-20,10067493.692550005,30389.99999999826,0.0,30389.99999999826
2017-12-21,10266393.692550005,198900.0000000002,0.0,198900.0000000002
2017-12-22,10268508.692550004,2114.9999999990396,0.0,2114.9999999990396
2017-12-25,10216645.392550003,-51650.000000000684,213.3,-51863.30000000069
2017-12-26,10015995.392550007,-200649.99999999691,0.0,-200649.99999999691
2017-12-27,10147225.392550005,131229.99999999837,0.0,131229.99999999837
2017-12-28,10150395.392550007,3170.0000000014334,0.0,3170.0000000014334
2017-12-29,10303875.392550007,153479.9999999994,0.0,153479.9999999994
2018-01-02,10258766.892550007,-44600.0,508.5,-45108.5
2018-01-03,10183757.89255001,-73829.99999999706,1179.0,-75008.99999999706
2018-01-04,10111557.892550008,-72200.0000000022,0.0,-72200.0000000022
2018-01-05,10190787.89255001,79230.0000000022,0.0,79230.0000000022
2018-01-08,10002987.892550008,-187350.00000000215,450.0,-187800.00000000215
2018-01-09,10033687.892550007,30699.999999998057,0.0,30699.999999998057
2018-01-10,10160947.89255001,127260.00000000389,0.0,127260.00000000389
2018-01-11,10327367.89255001,166420.00000000044,0.0,166420.00000000044
2018-01-12,10129607.892550008,-197760.0000000024,0.0,-197760.0000000024
2018-01-15,10301044.13985001,171500.0,63.752700000000004,171436.2473
2018-01-16,10133514.13985001,-167530.00000000087,0.0,-167530.00000000087
2018-01-17,10046864.13985001,-86649.99999999914,0.0,-86649.99999999914
2018-01-18,10185264.139850011,138400.00000000175,0.0,138400.00000000175
2018-01-19,10379734.139850007,194469.99999999697,0.0,194469.99999999697
2018-01-22,10251299.642150009,-128409.99999999849,24.497700000000002,-128434.4976999985
2018-01-23,10182259.642150007,-69040.00000000151,0.0,-69040.00000000151
2018-01-24,10150539.642150009,-31719.999999998272,0.0,-31719.999999998272
2018-01-25,10302009.642150009,151470.00000000087,0.0,151470.00000000087
2018-01-26,10239469.642150005,-62540.00000000303,0.0,-62540.00000000303
2018-01-29,10306474.319100007,67010.00000000151,5.32305,67004.6769500015
2018-01-30,10244994.319100011,-61479.99999999676,0.0,-61479.99999999676
2018-01-31,10156834.319100006,-88160.00000000498,0.0,-88160.00000000498
2018-02-01,10115764.319100007,-41069.999999997846,0.0,-41069.999999997846
2018-02-02,10229564.31910001,113800.00000000195,0.0,113800.00000000195
2018-02-05,10396488.312700005,168089.99999999674,1166.0064,166923.99359999673
2018-02-06,10352393.312700009,-44094.99999999677,0.0,-44094.99999999677
2018-02-07,10458271.312700007,107029.99999999741,1152.0,105877.99999999741
2018-02-08,10497200.312700007,39280.00000000021,351.0,38929.00000000021
2018-02-09,10416945.312700005,-80255.00000000227,0.0,-80255.00000000227
2018-02-12,10295654.476200007,-121284.9999999975,5.836500000000001,-121290.8364999975
2018-02-13,10162514.476200005,-133140.0000000018,0.0,-133140.0000000018
2018-02-14,10359569.476200005,197054.99999999953,0.0,197054.99999999953
2018-02-22,10515671.78150001,156110.00000000387,7.694700000000001,156102.30530000388
2018-02-23,10357361.781500004,-158310.000000005,0.0,-158310.000000005
2018-02-26,10419247.281500006,61890.000000001804,4.5,61885.500000001804
2018-02-27,10339572.281500006,-79675.00000000023,0.0,-79675.00000000023
2018-02-28,10370422.281500008,30850.000000001593,0.0,30850.000000001593
2018-03-01,10349572.281500008,-20849.999999999774,0.0,-20849.999999999774
2018-03-02,10325172.781500006,-23180.00000000129,1219.5,-24399.50000000129
2018-03-05,10444182.781500008,119010.00000000244,0.0,119010.00000000244
2018-03-06,10369247.781500004,-74935.0000000031,0.0,-74935.0000000031
2018-03-07,10359572.781500006,-9674.999999998448,0.0,-9674.999999998448
2018-03-08,10152182.781500006,-207389.99999999933,0.0,-207389.99999999933
2018-03-09,9901303.281500006,-250875.00000000047,4.5,-250879.50000000047
2018-03-12,9806489.167100005,-93480.00000000064,1334.1144,-94814.11440000065
2018-03-13,10019904.167100003,213414.99999999872,0.0,213414.99999999872
2018-03-14,9988039.167100007,-31864.99999999633,0.0,-31864.99999999633
2018-03-15,9900709.167100003,-87330.00000000367,0.0,-87330.00000000367
2018-03-16,9963078.917100007,63065.000000003674,695.25,62369.750000003674
2018-03-19,9815498.917100003,-147535.0000000043,45.0,-147580.0000000043
2018-03-20,9619588.917100003,-195910.00000000044,0.0,-195910.00000000044
2018-03-21,9731658.917100005,112070.00000000108,0.0,112070.00000000108
2018-03-22,9537778.917100007,-193879.99999999892,0.0,-193879.99999999892
2018-03-23,9098458.917100005,-439320.00000000105,0.0,-439320.00000000105
2018-03-26,9211358.474900005,113140.0,240.4422,112899.5578
2018-03-27,9198378.47490001,-12979.999999997191,0.0,-12979.999999997191
2018-03-28,9199328.474900007,949.999999997839,0.0,949.999999997839
2018-03-29,9307118.36710001,107930.00000000259,140.10780000000003,107789.89220000259
2018-03-30,9571217.367100006,264269.99999999633,171.0,264098.99999999633
2018-04-02,9593418.117100006,23459.999999999083,1259.25,22200.749999999083
2018-04-03,9477638.117100012,-115779.99999999534,0.0,-115779.99999999534
2018-04-04,9536363.11710001,58724.99999999845,0.0,58724.99999999845
2018-04-09,9509210.11710001,-27135.000000000204,18.0,-27153.000000000204
2018-04-10,9483611.117100008,-24195.000000002678,1404.0,-25599.000000002678
2018-04-11,9345052.617100012,-137614.99999999683,943.5,-138558.49999999683
2018-04-12,9377452.617100012,32400.000000000487,0.0,32400.000000000487
2018-04-13,9295592.617100012,-81860.0000000005,0.0,-81860.0000000005
2018-04-16,9079399.528850012,-215175.00000000017,1018.08825,-216193.08825000018
2018-04-17,8918939.528850013,-160459.9999999989,0.0,-160459.9999999989
2018-04-18,8658646.028850013,-260280.00000000026,13.5,-260293.50000000026
2018-04-19,8388888.98605001,-269705.00000000326,52.0428,-269757.04280000326
2018-04-20,8457494.582450012,68710.00000000263,104.4036,68605.59640000263
2018-04-23,8660117.47205001,202829.99999999773,207.1104,202622.88959999772
2018-04-24,9094302.472050011,434185.0000000012,0.0,434185.0000000012
2018-04-25,9113447.472050011,19145.0000000007,0.0,19145.0000000007
2018-04-26,9111932.47205001,-1515.000000002292,0.0,-1515.000000002292
2018-04-27,9136417.47205001,24485.00000000053,0.0,24485.00000000053
2018-05-02,9485956.287450012,349640.00000000175,101.1846,349538.81540000177
2018-05-03,9391409.28745001,-93755.00000000247,792.0,-94547.00000000247
2018-05-04,9314759.287450014,-76649.99999999648,0.0,-76649.99999999648
2018-05-07,9347209.787450012,32454.99999999859,4.5,32450.49999999859
2018-05-08,9345479.78745001,-1730.0000000015862,0.0,-1730.0000000015862
2018-05-09,9349824.787450014,4345.000000002998,0.0,4345.000000002998
2018-05-10,9329754.787450012,-20070.000000001586,0.0,-20070.000000001586
2018-05-11,9334784.787450014,5030.000000001057,0.0,5030.000000001057
2018-05-14,9293456.787450012,-41235.000000001586,93.0,-41328.000000001586
2018-05-15,9339526.78745001,46069.99999999824,0.0,46069.99999999824
2018-05-16,9282746.787450012,-56779.99999999789,0.0,-56779.99999999789
2018-05-17,9217486.787450014,-65259.99999999859,0.0,-65259.99999999859
2018-05-18,9109724.287450008,-107470.0000000051,292.5,-107762.5000000051
2018-05-21,8847212.387450011,-261349.9999999967,1161.9,-262511.8999999967
2018-05-22,8673293.81195001,-173880.0000000019,38.575500000000005,-173918.5755000019
2018-05-23,8621907.139750008,-51340.000000001135,46.672200000000004,-51386.672200001136
2018-05-24,8680162.13975001,58255.000000001455,0.0,58255.000000001455
2018-05-25,8559187.13975001,-120974.99999999964,0.0,-120974.99999999964
2018-05-28,8546829.139750006,-12070.000000003463,288.0,-12358.000000003463
2018-05-29,8666239.139750004,119409.9999999984,0.0,119409.9999999984
2018-05-30,8795324.139750006,129085.0000000016,0.0,129085.0000000016
2018-05-31,8771669.139750006,-23655.0000000008,0.0,-23655.0000000008
2018-06-01,8816189.139750004,44519.99999999857,0.0,44519.99999999857
2018-06-04,8710246.814750005,-104649.99999999865,1292.325,-105942.32499999864
2018-06-05,8618796.814750003,-91450.00000000099,0.0,-91450.00000000099
2018-06-06,8689636.814750005,70840.00000000263,0.0,70840.00000000263
2018-06-07,8741456.814750005,51819.999999999345,0.0,51819.999999999345
2018-06-08,8922011.314750003,181629.99999999834,1075.5,180554.49999999834
2018-06-11,8968673.25825,47164.99999999812,503.0565,46661.943499998124
2018-06-12,9163488.258249998,194814.99999999907,0.0,194814.99999999907
2018-06-13,9442633.25825,279145.00000000227,0.0,279145.00000000227
2018-06-14,9430203.258250002,-12429.999999998123,0.0,-12429.999999998123
2018-06-15,9495073.25825,64869.99999999831,0.0,64869.99999999831
2018-06-19,9771741.477350002,276990.000000002,321.7809,276668.21910000197
2018-06-20,9691986.477349998,-79755.000000003,0.0,-79755.000000003
2018-06-21,9782026.47735,90040.00000000194,0.0,90040.00000000194
2018-06-22,9614461.47735,-167564.99999999948,0.0,-167564.99999999948
2018-06-25,9491209.977349998,-123220.00000000266,31.5,-123251.50000000266
2018-06-26,9464274.977349998,-26935.000000000182,0.0,-26935.000000000182
2018-06-27,9597524.977350002,133250.00000000309,0.0,133250.00000000309
2018-06-28,9809784.977349998,212259.9999999971,0.0,212259.9999999971
2018-06-29,10083594.977350002,273810.0000000029,0.0,273810.0000000029
2018-07-02,10214944.977349998,131709.9999999954,360.0,131349.9999999954
2018-07-03,10268916.227349998,54500.0000000004,528.75,53971.2500000004
2018-07-04,10374699.727349998,107075.0,1291.5,105783.5
2018-07-05,10457424.727349998,82725.0000000008,0.0,82725.0000000008
2018-07-06,10568634.727350002,111210.00000000298,0.0,111210.00000000298
2018-07-09,10562964.22735,-5555.000000002364,115.5,-5670.500000002364
2018-07-10,10693429.227350002,130465.00000000231,0.0,130465.00000000231
2018-07-11,10913734.22735,220304.99999999854,0.0,220304.99999999854
2018-07-12,10975899.227350002,62165.000000002314,0.0,62165.000000002314
2018-07-13,10898939.227349998,-76960.000000004,0.0,-76960.000000004
2018-07-16,10699255.977350002,-199224.9999999962,458.25,-199683.2499999962
2018-07-17,10518175.977349998,-181080.0000000039,0.0,-181080.0000000039
2018-07-18,10557380.977350002,39205.000000003914,0.0,39205.000000003914
2018-07-19,10799745.97735,242364.99999999828,0.0,242364.99999999828
2018-07-20,10645850.977349998,-153895.00000000172,0.0,-153895.00000000172
2018-07-23,10568027.98395,-76304.99999999767,1517.9933999999998,-77822.99339999768
2018-07-24,10411310.480500001,-156694.99999999913,22.50345,-156717.50344999912
2018-07-25,10294988.2895,-116270.00000000215,52.190999999999995,-116322.19100000216
2018-07-26,10300392.285000004,5440.000000003456,36.00449999999999,5403.995500003456
2018-07-27,10391652.285000004,91259.99999999956,0.0,91259.99999999956
2018-07-30,10469483.19535,79329.99999999719,1499.08965,77830.9103499972
2018-07-31,10617620.19535,148965.00000000023,828.0,148137.00000000023
2018-08-01,10750810.195350004,133190.00000000303,0.0,133190.00000000303
2018-08-02,10795660.19535,44849.999999996544,0.0,44849.999999996544
2018-08-03,11054660.19535,259000.00000000023,0.0,259000.00000000023
2018-08-06,11162619.33585,108110.00000000022,150.8595,107959.14050000021
2018-08-07,11268584.335850002,105965.00000000215,0.0,105965.00000000215
2018-08-08,11151509.335850002,-117074.9999999998,0.0,-117074.9999999998
2018-08-09,10715223.835849999,-434355.0000000041,1930.5,-436285.5000000041
2018-08-10,10763145.06805,48530.00000000173,608.7678,47921.23220000173
2018-08-13,10674089.654900003,-88969.99999999849,85.41315,-89055.41314999848
2018-08-14,11128679.654900001,454589.99999999825,0.0,454589.99999999825
2018-08-15,11257804.154900001,129480.00000000081,355.5,129124.50000000081
2018-08-16,11459844.154900001,202040.00000000047,0.0,202040.00000000047
2018-08-17,11338004.154900005,-121839.99999999674,0.0,-121839.99999999674
2018-08-20,11720532.60965,382819.9999999963,291.54525,382528.45474999625
2018-08-21,11544242.609650005,-176289.99999999674,0.0,-176289.99999999674
2018-08-22,11436012.60965,-108230.00000000466,0.0,-108230.00000000466
2018-08-23,11317682.609650005,-118329.99999999627,0.0,-118329.99999999627
2018-08-24,10966332.609650003,-351350.00000000116,0.0,-351350.00000000116
2018-08-27,10690638.359649999,-275200.00000000367,494.25,-275694.25000000367
2018-08-28,10599858.359650003,-90779.99999999681,0.0,-90779.99999999681
2018-08-29,10502638.359650003,-97220.00000000023,0.0,-97220.00000000023
2018-08-30,10237288.359649999,-265350.0000000034,0.0,-265350.0000000034
2018-08-31,10246618.359649999,9330.000000000684,0.0,9330.000000000684
2018-09-03,10243720.60935,-2375.0000000002037,522.7503,-2897.750300000204
2018-09-04,10323320.60935,79600.0,0.0,79600.0
2018-09-05,10384282.609349998,62329.99999999741,1368.0,60961.99999999741
2018-09-06,10416692.609350001,32410.000000004322,0.0,32410.000000004322
2018-09-07,10642447.609349998,225754.9999999961,0.0,225754.9999999961
2018-09-10,10879967.159350004,238915.00000000658,1395.4499999999998,237519.55000000657
2018-09-11,10843147.159350002,-36820.00000000131,0.0,-36820.00000000131
2018-09-12,10537447.15935,-305700.00000000105,0.0,-305700.00000000105
2018-09-13,10334337.159350004,-203109.99999999686,0.0,-203109.99999999686
2018-09-14,10252252.159350006,-82084.99999999895,0.0,-82084.99999999895
2018-09-17,10311944.103100002,60684.99999999634,993.05625,59691.94374999634
2018-09-18,10591529.103100006,279585.0000000029,0.0,279585.0000000029
2018-09-19,10756464.103100004,164934.9999999979,0.0,164934.9999999979
2018-09-20,10767344.103100002,10879.999999997905,0.0,10879.999999997905
2018-09-21,10570194.103100006,-197149.99999999607,0.0,-197149.99999999607
2018-09-25,10633168.353100002,63874.9999999966,900.75,62974.2499999966
2018-09-26,10446018.353100002,-187149.99999999948,0.0,-187149.99999999948
2018-09-27,10425258.3531,-20760.000000001834,0.0,-20760.000000001834
2018-09-28,10392278.353100002,-32979.99999999817,0.0,-32979.99999999817
2018-10-08,10503373.103100002,111160.0,65.25,111094.75
2018-10-09,10517083.1031,13709.999999998952,0.0,13709.999999998952
2018-10-10,10627223.1031,110139.99999999948,0.0,110139.99999999948
2018-10-11,10712383.103100002,85160.0000000021,0.0,85160.0000000021
2018-10-12,10821242.6031,110384.99999999869,1525.5,108859.49999999869
2018-10-15,10894621.246250004,73445.00000000354,66.35685000000001,73378.64315000354
2018-10-16,10793991.246250004,-100630.00000000029,0.0,-100630.00000000029
2018-10-17,10709651.246250004,-84339.9999999994,0.0,-84339.9999999994
2018-10-18,10762076.24625,52424.99999999616,0.0,52424.99999999616
2018-10-19,10834436.246250002,72360.00000000178,0.0,72360.00000000178
2018-10-22,10773096.746250002,-60840.000000000044,499.5,-61339.500000000044
2018-10-23,10826611.746249998,53514.999999996595,0.0,53514.999999996595
2018-10-24,10951281.74625,124670.00000000256,0.0,124670.00000000256
2018-10-25,11111911.746250002,160630.00000000114,0.0,160630.00000000114
2018-10-26,11119146.746249998,7234.999999996304,0.0,7234.999999996304
2018-10-29,11187701.572999997,68599.99999999968,45.17325,68554.82674999967
2018-10-30,11057946.572999995,-129755.00000000146,0.0,-129755.00000000146
2018-10-31,11117621.573,59675.00000000638,0.0,59675.00000000638
2018-11-01,11114681.572999999,-2940.0000000020227,0.0,-2940.0000000020227
2018-11-02,10677421.572999999,-437259.9999999991,0.0,-437259.9999999991
2018-11-05,10660482.372999996,-14070.000000002896,2869.2,-16939.200000002897
2018-11-06,10715242.372999996,54759.99999999913,0.0,54759.99999999913
2018-11-07,10676262.372999996,-38979.99999999942,0.0,-38979.99999999942
2018-11-08,10680612.372999996,4350.000000000291,0.0,4350.000000000291
2018-11-09,10896722.372999996,216109.9999999997,0.0,216109.9999999997
2018-11-12,10878783.722999996,-17849.999999999654,88.65,-17938.649999999656
2018-11-13,10916363.722999996,37579.99999999925,0.0,37579.99999999925
2018-11-14,11150003.722999996,233639.99999999924,0.0,233639.99999999924
2018-11-15,11076159.722999997,-71629.99999999737,2214.0,-73843.99999999737
2018-11-16,11222229.723,146070.0000000016,0.0,146070.0000000016
2018-11-19,11171374.981049998,-50820.00000000091,34.74195,-50854.74195000091
2018-11-20,11043804.981049996,-127570.0000000016,0.0,-127570.0000000016
2018-11-21,10901544.981049996,-142259.9999999993,0.0,-142259.9999999993
2018-11-22,10718854.981049998,-182689.99999999796,0.0,-182689.99999999796
2018-11-23,10572314.981049998,-146540.00000000023,0.0,-146540.00000000023
2018-11-26,10231870.381049996,-339880.0000000013,564.6,-340444.60000000126
2018-11-27,10437740.381049993,205869.99999999691,0.0,205869.99999999691
2018-11-28,10568640.381049998,130900.000000005,0.0,130900.000000005
2018-11-29,10664553.528099995,96079.9999999969,166.85295000000002,95913.1470499969
2018-11-30,10522623.528099997,-141929.9999999983,0.0,-141929.9999999983
2018-12-03,10237444.478099996,-284560.00000000093,619.05,-285179.0500000009
2018-12-04,10336911.978099992,100224.9999999969,757.5,99467.4999999969
2018-12-05,10433361.978099996,96450.00000000381,0.0,96450.00000000381
2018-12-06,10512811.978099994,79449.99999999738,0.0,79449.99999999738
2018-12-07,10477986.978099994,-34825.00000000048,0.0,-34825.00000000048
2018-12-10,10335508.7281,-139124.99999999523,3353.25,-142478.24999999523
2018-12-11,10382998.7281,47490.0,0.0,47490.0
2018-12-12,10470223.728099994,87224.99999999475,0.0,87224.99999999475
2018-12-13,10249053.728099996,-221169.9999999988,0.0,-221169.9999999988
2018-12-14,10169363.728099994,-79690.00000000096,0.0,-79690.00000000096
2018-12-17,10071749.478099998,-96714.99999999687,899.25,-97614.24999999687
2018-12-18,9901454.4781,-170294.999999998,0.0,-170294.999999998
2018-12-19,10037824.4781,136369.99999999933,0.0,136369.99999999933
2018-12-20,10131034.4781,93209.99999999933,0.0,93209.99999999933
2018-12-21,10195844.478099998,64809.999999998225,0.0,64809.999999998225
2018-12-24,10119993.228099998,-74295.00000000022,1556.25,-75851.25000000022
2018-12-25,10243363.2281,123370.0000000011,0.0,123370.0000000011
2018-12-26,10272463.2281,29100.00000000067,0.0,29100.00000000067
2018-12-27,10388043.228099998,115579.99999999779,0.0,115579.99999999779
2018-12-28,10647593.228099996,259549.99999999866,0.0,259549.99999999866
2019-01-02,10929682.409149997,282859.99999999977,770.81895,282089.1810499998
2019-01-03,11039322.409149999,109640.00000000244,0.0,109640.00000000244
2019-01-04,10873117.40915,-166204.99999999756,0.0,-166204.99999999756
2019-01-07,10791575.267250001,-79819.99999999978,1722.1419,-81542.14189999978
2019-01-08,11035530.267249998,243954.99999999625,0.0,243954.99999999625
2019-01-09,10947070.267249998,-88460.00000000022,0.0,-88460.00000000022
2019-01-10,10889650.267249998,-57420.0,0.0,-57420.0
2019-01-11,10908550.26725,18900.00000000155,0.0,18900.00000000155
2019-01-14,10981742.105250001,74290.00000000114,1098.162,73191.83800000114
2019-01-15,10980307.105249997,-1435.0000000030232,0.0,-1435.0000000030232
2019-01-16,10943372.10525,-36934.99999999805,0.0,-36934.99999999805
2019-01-17,10932852.105250001,-10519.999999998487,0.0,-10519.999999998487
2019-01-18,10884687.10525,-48165.000000002154,0.0,-48165.000000002154
2019-01-21,10580148.718600001,-303494.9999999987,1043.38665,-304538.3866499987
2019-01-22,10836568.718600003,256420.00000000175,0.0,256420.00000000175
2019-01-23,10723418.7186,-113150.00000000454,0.0,-113150.00000000454
2019-01-24,10644958.718600001,-78459.9999999987,0.0,-78459.9999999987
2019-01-25,10753753.718600005,108795.00000000346,0.0,108795.00000000346
2019-01-28,10771415.6269,18364.99999999525,703.0917,17661.908299995248
2019-01-29,10919750.6269,148335.00000000064,0.0,148335.00000000064
2019-01-30,11016340.6269,96590.00000000087,0.0,96590.00000000087
2019-01-31,11061570.626900004,45230.00000000324,0.0,45230.00000000324
2019-02-01,11073020.626900002,11449.99999999892,0.0,11449.99999999892
2019-02-11,11508705.0398,436839.999999998,1155.5871,435684.412899998
2019-02-12,11261740.0398,-246964.99999999936,0.0,-246964.99999999936
2019-02-13,11081375.039800001,-180364.99999999805,0.0,-180364.99999999805
2019-02-14,10814465.039799998,-266910.0000000035,0.0,-266910.0000000035
2019-02-15,10773920.039799996,-40545.00000000108,0.0,-40545.00000000108
2019-02-18,10555983.071499996,-216900.00000000023,1036.9683,-217936.96830000024
2019-02-19,10469108.571499998,-86554.99999999722,319.5,-86874.49999999722
2019-02-20,10212871.5715,-254364.99999999814,1872.0,-256236.99999999814
2019-02-21,10273291.5715,60419.99999999981,0.0,60419.99999999981
2019-02-22,10175271.571499998,-98020.00000000262,0.0,-98020.00000000262
2019-02-25,9860226.571499998,-314355.00000000076,690.0,-315045.00000000076
2019-02-26,9874111.571499998,13885.00000000019,0.0,13885.00000000019
2019-02-27,9978171.571500001,104060.00000000357,0.0,104060.00000000357
2019-02-28,9901341.5715,-76830.00000000224,0.0,-76830.00000000224
2019-03-01,9894291.571499998,-7050.000000001877,0.0,-7050.000000001877
2019-03-04,9897929.283100002,3670.0000000044965,32.2884,3637.7116000044966
2019-03-05,10115999.283099998,218069.99999999607,0.0,218069.99999999607
2019-03-06,10187689.2831,71690.00000000262,0.0,71690.00000000262
2019-03-07,10556354.2831,368665.00000000076,0.0,368665.00000000076
2019-03-08,10690609.283099996,134254.99999999607,0.0,134254.99999999607
2019-03-11,10523296.501349999,-167309.99999999662,2.78175,-167312.78174999662
2019-03-12,10618726.501349999,95430.00000000076,0.0,95430.00000000076
2019-03-13,10663841.501349999,45115.00000000019,0.0,45115.00000000019
2019-03-14,10601981.501349997,-61860.00000000188,0.0,-61860.00000000188
2019-03-15,10654731.501349995,52749.99999999756,0.0,52749.99999999756
2019-03-18,10730334.001349999,75700.00000000431,97.5,75602.50000000431
2019-03-19,10646999.001349997,-83335.00000000093,0.0,-83335.00000000093
2019-03-20,10515039.001349995,-131960.00000000224,0.0,-131960.00000000224
2019-03-21,10540634.001349999,25595.000000002998,0.0,25595.000000002998
2019-03-22,10616344.001349995,75709.99999999681,0.0,75709.99999999681
2019-03-25,10844469.501349997,228655.0000000026,529.5,228125.5000000026
2019-03-26,10895349.501349995,50879.99999999881,0.0,50879.99999999881
2019-03-27,10950544.501349995,55194.9999999996,0.0,55194.9999999996
2019-03-28,11030294.501349995,79750.0000000008,0.0,79750.0000000008
2019-03-29,11162774.501349993,132479.9999999982,0.0,132479.9999999982
2019-04-01,10926692.751349995,-235999.99999999898,81.75,-236081.74999999898
2019-04-02,10953023.965399994,26534.999999999112,203.78595,26331.21404999911
2019-04-03,10729638.965399994,-223385.00000000087,0.0,-223385.00000000087
2019-04-04,10635858.9654,-93779.99999999513,0.0,-93779.99999999513
2019-04-08,10799116.965399995,164214.9999999965,957.0,163257.9999999965
2019-04-09,10984011.965399995,184894.99999999956,0.0,184894.99999999956
2019-04-10,10927971.965399997,-56039.999999998705,0.0,-56039.999999998705
2019-04-11,11118296.965399995,191104.99999999785,780.0,190324.99999999785
2019-04-12,11085551.965399995,-32745.0,0.0,-32745.0
2019-04-15,10867109.715399997,-216849.9999999981,1592.25,-218442.2499999981
2019-04-16,10819739.7154,-47369.999999997846,0.0,-47369.999999997846
2019-04-17,10786834.7154,-32905.00000000023,0.0,-32905.00000000023
2019-04-18,10711052.715399995,-73775.00000000377,2007.0,-75782.00000000377
2019-04-19,10728057.715400001,17005.00000000475,0.0,17005.00000000475
2019-04-22,10749372.465400001,22159.999999999513,845.25,21314.749999999513
2019-04-23,10733022.4654,-16350.00000000275,0.0,-16350.00000000275
2019-04-24,10651942.465400001,-81079.99999999779,0.0,-81079.99999999779
2019-04-25,10661812.4654,9869.999999997468,0.0,9869.999999997468
2019-04-26,10819242.4654,157429.99999999936,0.0,157429.99999999936
2019-04-29,10824166.653800001,4960.000000003005,35.8116,4924.188400003005
2019-04-30,10965606.6538,141439.99999999822,0.0,141439.99999999822
2019-05-06,11170604.768900001,205600.00000000163,601.8849,204998.11510000163
2019-05-07,11233199.768900003,62595.000000001135,0.0,62595.000000001135
2019-05-08,11109639.768900003,-123560.00000000055,0.0,-123560.00000000055
2019-05-09,11235499.768900003,125860.00000000001,0.0,125860.00000000001
2019-05-10,11198894.768900003,-36605.000000000764,0.0,-36605.000000000764
2019-05-13,11266715.3981,69239.99999999725,1419.3708,67820.62919999725
2019-05-14,11168065.3981,-98409.99999999997,240.0,-98649.99999999997
2019-05-15,11060670.398100004,-107394.99999999568,0.0,-107394.99999999568
2019-05-16,11079060.3981,18389.999999996475,0.0,18389.999999996475
2019-05-17,11112319.898100002,35370.00000000154,2110.5,33259.50000000154
2019-05-20,11077941.398100004,-32099.999999997955,2278.5,-34378.499999997955
2019-05-21,11154190.3981,76599.9999999955,351.0,76248.9999999955
2019-05-22,11465100.398100004,310910.00000000297,0.0,310910.00000000297
2019-05-23,11692670.398100005,227570.00000000137,0.0,227570.00000000137
2019-05-24,11675090.398100005,-17579.999999999774,0.0,-17579.999999999774
2019-05-27,11380824.148100005,-294210.0000000007,56.25,-294266.2500000007
2019-05-28,11245304.148100002,-135520.0000000032,0.0,-135520.0000000032
2019-05-29,11212284.148100004,-33019.999999998865,0.0,-33019.999999998865
2019-05-30,11306264.148100002,93979.99999999818,0.0,93979.99999999818
2019-05-31,11236094.148100005,-70169.99999999613,0.0,-70169.99999999613
2019-06-03,11469381.898100005,234024.99999999933,737.25,233287.74999999933
2019-06-04,11588721.898100004,119339.99999999818,0.0,119339.99999999818
2019-06-05,11653756.898100004,65034.999999999774,0.0,65034.999999999774
2019-06-06,11734446.898100004,80690.00000000068,0.0,80690.00000000068
2019-06-10,11751642.010350002,17964.999999998865,769.88775,17195.112249998863
2019-06-11,11911662.010350002,160019.9999999991,0.0,160019.9999999991
2019-06-12,12011362.010350002,99700.00000000068,0.0,99700.00000000068
2019-06-13,11946345.510350002,-62735.000000000684,2281.5,-65016.500000000684
2019-06-14,12134020.510350004,187675.00000000114,0.0,187675.00000000114
2019-06-17,12122472.610350003,-11370.000000000451,177.9,-11547.90000000045
2019-06-18,12029212.610350002,-93260.00000000137,0.0,-93260.00000000137
2019-06-19,11961027.610350002,-68184.9999999991,0.0,-68184.9999999991
2019-06-20,12088627.610350003,127600.00000000274,0.0,127600.00000000274
2019-06-21,12176152.610350003,87524.9999999991,0.0,87524.9999999991
2019-06-24,12295921.968350004,120595.0000000009,825.642,119769.3580000009
2019-06-25,12331746.968350004,35824.99999999955,0.0,35824.99999999955
2019-06-26,12410986.968350003,79239.99999999796,0.0,79239.99999999796
2019-06-27,12486731.968350004,75745.00000000137,0.0,75745.00000000137
2019-06-28,12788111.968350006,301380.00000000204,0.0,301380.00000000204
2019-07-01,13059672.225750003,272384.9999999976,824.7425999999999,271560.2573999976
2019-07-02,13388517.225750003,328845.0000000007,0.0,328845.0000000007
2019-07-03,13452772.225750001,64254.999999997846,0.0,64254.999999997846
2019-07-04,13266567.225750003,-186204.9999999988,0.0,-186204.9999999988
2019-07-05,13109462.225750005,-157104.99999999808,0.0,-157104.99999999808
2019-07-08,13132167.175750004,23585.0,880.05,22704.95
2019-07-09,13545042.175750002,412874.99999999907,0.0,412874.99999999907
2019-07-10,13497887.175750002,-47155.00000000048,0.0,-47155.00000000048
2019-07-11,13352157.175750004,-145729.99999999738,0.0,-145729.99999999738
2019-07-12,13538267.175749999,186109.99999999476,0.0,186109.99999999476
2019-07-15,13263822.89465,-274374.99999999907,69.28110000000001,-274444.2810999991
2019-07-16,13500017.894650003,236195.00000000425,0.0,236195.00000000425
2019-07-17,13534499.894650001,37064.99999999875,2583.0,34481.99999999875
2019-07-18,13678294.894649997,143794.99999999674,0.0,143794.99999999674
2019-07-19,13586239.894650001,-92054.99999999625,0.0,-92054.99999999625
2019-07-22,13502595.39465,-83565.00000000201,79.5,-83644.50000000201
2019-07-23,13622045.394650001,119450.00000000175,0.0,119450.00000000175
2019-07-24,13436960.394650003,-185084.99999999875,0.0,-185084.99999999875
2019-07-25,13426740.394649997,-10220.000000005752,0.0,-10220.000000005752
2019-07-26,13308430.394650003,-118309.99999999526,0.0,-118309.99999999526
2019-07-29,12949175.8171,-358140.00000000274,1114.57755,-359254.5775500027
2019-07-30,12848100.817100003,-101074.999999997,0.0,-101074.999999997
2019-07-31,12967270.8171,119169.99999999575,0.0,119169.99999999575
2019-08-01,12972620.817100001,5350.000000001,0.0,5350.000000001
2019-08-02,13055000.817100001,82380.00000000076,0.0,82380.00000000076
2019-08-05,13215418.4536,160424.99999999875,7.3635,160417.63649999874
2019-08-06,13195824.453599999,-18775.00000000125,819.0,-19594.00000000125
2019-08-07,13098379.453600004,-97444.99999999526,0.0,-97444.99999999526
2019-08-08,13058574.453600004,-39804.99999999975,0.0,-39804.99999999975
2019-08-09,12675313.053600006,-379694.99999999924,3566.3999999999996,-383261.39999999927
2019-08-12,12433600.0536,-240375.00000000576,1338.0,-241713.00000000576
2019-08-13,12434691.647400001,1155.0000000002474,63.406200000000005,1091.5938000002475
2019-08-14,12486614.0928,51959.99999999975,37.5546,51922.44539999975
2019-08-15,12511608.092800003,25390.000000001994,396.0,24994.000000001994
2019-08-16,12581648.0928,70039.9999999975,0.0,70039.9999999975
2019-08-19,12506842.492800007,-74219.9999999945,585.6,-74805.5999999945
2019-08-20,12313294.666600002,-193520.0000000045,27.8262,-193547.82620000452
2019-08-21,12275170.746600002,-38064.99999999948,58.92,-38123.91999999948
2019-08-22,12353065.7466,77894.99999999878,0.0,77894.99999999878
2019-08-23,12530815.991900004,178055.00000000512,304.75470000000007,177750.24530000513
2019-08-26,12682502.991900003,151794.99999999828,108.0,151686.99999999828
2019-08-27,12458952.991900004,-223549.99999999878,0.0,-223549.99999999878
2019-08-28,12233967.991900003,-224985.00000000146,0.0,-224985.00000000146
2019-08-29,12447455.297700003,213514.99999999977,27.6942,213487.30579999977
2019-08-30,12381000.297700005,-66454.99999999901,0.0,-66454.99999999901
2019-09-02,12199813.577700004,-180925.00000000073,261.72,-181186.72000000073
2019-09-03,12091423.577700004,-108390.00000000073,0.0,-108390.00000000073
2019-09-04,12092958.577700006,1535.0000000024447,0.0,1535.0000000024447
2019-09-05,12166833.577700002,73874.99999999584,0.0,73874.99999999584
2019-09-06,12103498.5777,-63335.00000000122,0.0,-63335.00000000122
2019-09-09,11894171.327700006,-209324.99999999412,2.25,-209327.24999999412
2019-09-10,11744997.327400006,-149135.00000000006,39.0003,-149174.00030000007
2019-09-11,11708242.811400002,-34120.000000003616,2634.5159999999996,-36754.51600000361
2019-09-12,11628244.58835,-79980.00000000116,18.22305,-79998.22305000116
2019-09-16,11577134.43165,-50880.00000000093,230.1567,-51110.15670000093
2019-09-17,11583759.431650005,6625.000000004893,0.0,6625.000000004893
2019-09-18,11571224.431650005,-12534.999999999302,0.0,-12534.999999999302
2019-09-19,11663889.431650003,92664.99999999767,0.0,92664.99999999767
2019-09-20,11512849.431650002,-151040.00000000233,0.0,-151040.00000000233
2019-09-23,11443720.548150003,-69049.99999999837,78.8835,-69128.88349999837
2019-09-24,11462400.548150005,18680.00000000256,0.0,18680.00000000256
2019-09-25,11502590.548150003,40189.999999997206,0.0,40189.999999997206
2019-09-26,11523055.548150003,20465.000000000466,0.0,20465.000000000466
2019-09-27,11795860.548150005,272805.00000000116,0.0,272805.00000000116
2019-09-30,11930916.048150005,135120.0,64.5,135055.5
2019-10-08,11909772.091600003,-21125.000000002095,18.95655,-21143.956550002094
2019-10-09,11812587.591600005,-94434.99999999814,2749.5,-97184.49999999814
2019-10-10,11876844.377850002,64274.999999997905,18.21375,64256.7862499979
2019-10-11,11974689.377850002,97845.00000000023,0.0,97845.00000000023
2019-10-14,12095785.288250005,121100.00000000326,4.089600000000001,121095.91040000325
2019-10-15,11983225.288250005,-112560.0,0.0,-112560.0
2019-10-16,11938635.288250001,-44590.000000004424,0.0,-44590.000000004424
2019-10-17,11947475.288250001,8840.000000000698,0.0,8840.000000000698
2019-10-18,11840970.288250001,-106504.99999999953,0.0,-106504.99999999953
2019-10-21,12094076.315750003,253240.00000000256,133.9725,253106.02750000256
2019-10-22,12262026.31575,167949.99999999604,0.0,167949.99999999604
2019-10-23,12338596.315750003,76570.00000000373,0.0,76570.00000000373
2019-10-24,12255426.31575,-83170.00000000396,0.0,-83170.00000000396
2019-10-25,12287446.315750003,32020.0000000042,0.0,32020.0000000042
2019-10-28,12318101.708549999,30709.99999999581,54.6072,30655.39279999581
2019-10-29,12283386.708550002,-34714.99999999674,0.0,-34714.99999999674
2019-10-30,12041886.708550004,-241499.9999999979,0.0,-241499.9999999979
2019-10-31,12126566.708550002,84679.99999999767,0.0,84679.99999999767
2019-11-01,12216776.708550004,90210.0000000021,0.0,90210.0000000021
2019-11-04,12083496.44575,-133235.00000000373,45.2628,-133280.26280000372
2019-11-05,12142406.44575,58909.999999999534,0.0,58909.999999999534
2019-11-06,12289451.44575,147044.99999999953,0.0,147044.99999999953
2019-11-07,12337516.445750006,48065.00000000466,0.0,48065.00000000466
2019-11-08,12112441.445750002,-225075.00000000396,0.0,-225075.00000000396
2019-11-11,12205249.445750004,92820.0000000021,12.0,92808.0000000021
2019-11-12,12446024.44575,240774.99999999697,0.0,240774.99999999697
2019-11-13,12581169.445750004,135145.0000000035,0.0,135145.0000000035
2019-11-14,12696698.945750002,118494.99999999884,2965.5,115529.49999999884
2019-11-15,12905033.94575,208334.9999999979,0.0,208334.9999999979
2019-11-18,12899696.881050004,-4684.999999995826,652.0647,-5337.064699995826
2019-11-19,13024880.881050002,125579.99999999756,396.0,125183.99999999756
2019-11-20,13256605.88105,231724.99999999764,0.0,231724.99999999764
2019-11-21,13040355.881050004,-216249.99999999555,0.0,-216249.99999999555
2019-11-22,12892410.881050004,-147945.0,0.0,-147945.0
2019-11-25,12872780.88105,-19600.00000000419,30.0,-19630.00000000419
2019-11-26,12873545.881050002,765.0000000018335,0.0,765.0000000018335
2019-11-27,12851564.181050004,-21039.999999997384,941.6999999999999,-21981.699999997385
2019-11-28,12829914.181050003,-21650.000000002354,0.0,-21650.000000002354
2019-11-29,12841134.181050004,11220.000000002616,0.0,11220.000000002616
2019-12-02,12633743.181050003,-204550.00000000157,2841.0,-207391.00000000157
2019-12-03,12744063.181050003,110320.00000000079,0.0,110320.00000000079
2019-12-04,12778350.181049997,34904.99999999503,618.0,34286.99999999503
2019-12-05,12709860.18105,-68489.99999999686,0.0,-68489.99999999686
2019-12-06,12435132.21035,-274480.0000000013,247.97070000000002,-274727.9707000013
2019-12-09,12607054.210350003,171925.00000000367,3.0,171922.00000000367
2019-12-10,12881744.210350001,274689.9999999977,0.0,274689.9999999977
2019-12-11,13035183.21035,154569.9999999979,1131.0,153438.9999999979
2019-12-12,12918912.210350001,-113534.99999999895,2736.0,-116270.99999999895
2019-12-13,12777907.210350003,-141004.9999999987,0.0,-141004.9999999987
2019-12-16,12734653.806550002,-42830.000000000786,423.40380000000005,-43253.403800000786
2019-12-17,12564089.306550004,-170559.99999999776,4.5,-170564.49999999776
2019-12-18,12782898.013229998,218849.99999999514,41.29332,218808.70667999514
2019-12-19,12998073.013230002,215175.00000000309,0.0,215175.00000000309
2019-12-20,13215823.013230003,217750.00000000102,0.0,217750.00000000102
2019-12-23,13286595.673650002,71644.99999999796,872.3395800000001,70772.66041999796
2019-12-24,13342730.673650004,56135.00000000102,0.0,56135.00000000102
2019-12-25,13381685.67365,38954.999999996675,0.0,38954.999999996675
2019-12-26,13281815.673650002,-99869.99999999872,0.0,-99869.99999999872
2019-12-27,13254420.673650006,-27394.999999997184,0.0,-27394.999999997184
2019-12-30,13180609.566750005,-73710.00000000026,101.1069,-73811.10690000026
2019-12-31,13193324.566750005,12714.999999999489,0.0,12714.999999999489
2020-01-02,13131514.566750001,-61810.00000000281,0.0,-61810.00000000281
2020-01-03,13044869.566750001,-86644.99999999974,0.0,-86644.99999999974
2020-01-06,13228105.616750002,183250.0000000015,13.95,183236.0500000015
2020-01-07,13031135.616750006,-196969.99999999691,0.0,-196969.99999999691
2020-01-08,13122385.616750002,91249.99999999693,0.0,91249.99999999693
2020-01-09,13162425.616750004,40040.00000000102,0.0,40040.00000000102
2020-01-10,13389160.616750006,229435.0000000018,2700.0,226735.0000000018
2020-01-13,13140407.116750004,-248065.00000000256,688.5,-248753.50000000256
2020-01-14,13017022.116750004,-123385.00000000051,0.0,-123385.00000000051
2020-01-15,13204668.631400008,187670.00000000358,23.48535,187646.51465000358
2020-01-16,13461428.631400006,256759.99999999872,0.0,256759.99999999872
2020-01-17,13887088.631400004,425659.9999999982,0.0,425659.9999999982
2020-01-20,13859128.596800007,-27024.99999999744,935.0346,-27960.034599997438
2020-01-21,13840728.596800003,-18400.00000000409,0.0,-18400.00000000409
2020-01-22,13960048.596800005,119320.0000000023,0.0,119320.0000000023
2020-01-23,14134423.596800005,174374.99999999924,0.0,174374.99999999924
2020-02-03,13705657.263340006,-428649.9999999992,116.33346,-428766.3334599992
2020-02-04,13637187.263340008,-68469.99999999898,0.0,-68469.99999999898
2020-02-05,13564077.263340006,-73110.00000000179,0.0,-73110.00000000179
2020-02-06,13704492.263340004,140414.9999999982,0.0,140414.9999999982
2020-02-07,13962492.263340006,258000.0000000023,0.0,258000.0000000023
2020-02-10,13988058.763340008,25895.00000000128,328.5,25566.50000000128
2020-02-11,14169728.76334001,181670.00000000128,0.0,181670.00000000128
2020-02-12,14216458.763340006,46729.99999999565,0.0,46729.99999999565
2020-02-13,14108238.763340008,-108219.99999999898,0.0,-108219.99999999898
2020-02-14,13780770.763340011,-325019.999999997,2448.0,-327467.999999997
2020-02-17,13626476.92386001,-154220.00000000128,73.83948,-154293.83948000128
2020-02-18,13804397.062600005,178389.9999999951,469.86126,177920.1387399951
2020-02-19,13786217.062600004,-18180.000000001335,0.0,-18180.000000001335
2020-02-20,13727237.062600005,-58979.99999999866,0.0,-58979.99999999866
2020-02-21,13920197.062600005,192960.0,0.0,192960.0
2020-02-24,14093521.262600008,173350.00000000268,25.799999999999997,173324.2000000027
2020-02-25,14036581.262600007,-56940.00000000107,0.0,-56940.00000000107
2020-02-26,14033261.262600003,-3320.0000000029395,0.0,-3320.0000000029395
2020-02-27,14023851.262600008,-9409.999999994936,0.0,-9409.999999994936
2020-02-28,13755381.262600008,-268470.0000000005,0.0,-268470.0000000005
2020-03-02,13905559.39068001,151760.00000000093,1581.8719199999998,150178.12808000093
2020-03-03,13826789.390680006,-78770.00000000428,0.0,-78770.00000000428
2020-03-04,14068629.390680011,241840.00000000562,0.0,241840.00000000562
2020-03-05,14073739.390680006,5109.9999999940665,0.0,5109.9999999940665
2020-03-06,14039379.39068001,-34359.99999999636,0.0,-34359.99999999636
2020-03-09,14334185.98538001,296040.0000000007,1233.4053,294806.5947000007
2020-03-10,14074435.985380007,-259750.00000000384,0.0,-259750.00000000384
2020-03-11,14301625.98538001,227190.00000000326,0.0,227190.00000000326
2020-03-12,14465545.98538001,163920.00000000055,0.0,163920.00000000055
2020-03-13,14338305.985380007,-127240.00000000326,0.0,-127240.00000000326
2020-03-16,14393927.485380005,55649.99999999891,28.5,55621.49999999891
2020-03-17,14449467.985380005,56474.99999999972,934.5,55540.49999999972
2020-03-18,14938067.985380005,488600.0000000008,0.0,488600.0000000008
2020-03-19,15075187.985380005,137119.99999999974,0.0,137119.99999999974
2020-03-20,15423532.985380009,348345.00000000326,0.0,348345.00000000326
2020-03-23,16071016.154530006,649184.9999999973,1701.8308500000003,647483.1691499973
2020-03-24,16342566.154530006,271550.0000000003,0.0,271550.0000000003
2020-03-25,16463111.154530007,120545.00000000242,0.0,120545.00000000242
2020-03-26,16208586.154530004,-254525.00000000303,0.0,-254525.00000000303
2020-03-27,16102571.154530002,-106015.00000000151,0.0,-106015.00000000151
2020-03-30,16157127.654530007,56010.00000000578,1453.5,54556.50000000578
2020-03-31,16066632.654530006,-90495.00000000244,0.0,-90495.00000000244
2020-04-01,15756503.654530006,-307675.0,2454.0,-310129.0
2020-04-02,15442700.604530009,-311044.99999999756,2758.05,-313803.04999999754
2020-04-03,14950425.604530009,-492275.0000000006,0.0,-492275.0000000006
2020-04-07,14991744.133080006,42914.999999997846,1596.47145,41318.52854999785
2020-04-08,15123574.133080004,131829.99999999814,0.0,131829.99999999814
2020-04-09,15108359.133080008,-15214.999999996318,0.0,-15214.999999996318
2020-04-10,14973919.133080006,-134440.00000000122,0.0,-134440.00000000122
2020-04-13,15081597.633080008,107755.00000000246,76.5,107678.50000000246
2020-04-14,15078379.633080008,-2270.0000000003074,948.0,-3218.0000000003074
2020-04-15,15284119.633080006,205739.99999999724,0.0,205739.99999999724
2020-04-16,15219744.633080004,-64375.000000002765,0.0,-64375.000000002765
2020-04-17,15089349.633080004,-130394.99999999908,0.0,-130394.99999999908
2020-04-20,14785242.643080005,-303814.9999999985,291.99,-304106.9899999985
2020-04-21,14635287.643080004,-149955.00000000093,0.0,-149955.00000000093
2020-04-22,14976397.643080007,341110.0000000037,0.0,341110.0000000037
2020-04-23,14993502.643080007,17105.00000000064,0.0,17105.00000000064
2020-04-24,14916962.643080002,-76540.00000000584,0.0,-76540.00000000584
2020-04-27,14806087.103180004,-109469.99999999785,1405.5399,-110875.53989999785
2020-04-28,14641597.103180008,-164489.99999999633,0.0,-164489.99999999633
2020-04-29,14474412.103180006,-167185.00000000215,0.0,-167185.00000000215
2020-04-30,14365767.103180008,-108644.99999999785,0.0,-108644.99999999785
2020-05-06,14271432.366860004,-91835.00000000418,2499.73632,-94334.73632000417
2020-05-07,14229342.366860008,-42089.99999999674,0.0,-42089.99999999674
2020-05-08,14389892.36686001,160550.00000000178,0.0,160550.00000000178
2020-05-11,14129892.36686001,-260000.0,0.0,-260000.0
2020-05-12,14282643.36686001,152759.99999999983,9.0,152750.99999999983
2020-05-13,14493793.366860004,211149.99999999517,0.0,211149.99999999517
2020-05-14,14406443.366860006,-87349.9999999983,0.0,-87349.9999999983
2020-05-15,14319773.366860004,-86670.00000000256,0.0,-86670.00000000256
2020-05-18,14226613.366860013,-92709.99999999152,450.0,-93159.99999999152
2020-05-19,14324953.366860012,98339.99999999833,0.0,98339.99999999833
2020-05-20,14330133.366860012,5179.9999999997235,0.0,5179.9999999997235
2020-05-21,14431973.366860008,101839.99999999694,0.0,101839.99999999694
2020-05-22,14816463.366860013,384490.000000005,0.0,384490.000000005
2020-05-25,14743760.80356001,-71795.00000000474,907.5633,-72702.56330000474
2020-05-26,14504690.803560011,-239069.99999999805,0.0,-239069.99999999805
2020-05-27,14387840.803560011,-116849.99999999945,0.0,-116849.99999999945
2020-05-28,14455410.803560013,67570.00000000224,0.0,67570.00000000224
2020-05-29,14458440.80356001,3029.999999996653,0.0,3029.999999996653
2020-06-01,14526447.95356001,68099.99999999945,92.85,68007.14999999944
2020-06-02,14512902.953560013,-13544.9999999961,0.0,-13544.9999999961
2020-06-03,14494782.953560015,-18119.999999998603,0.0,-18119.999999998603
2020-06-04,14361532.953560013,-133250.0000000014,0.0,-133250.0000000014
2020-06-05,14047257.953560011,-314275.0000000022,0.0,-314275.0000000022
2020-06-08,14078597.10356001,33684.999999998894,2345.85,31339.149999998896
2020-06-09,13720937.103560008,-357660.0000000014,0.0,-357660.0000000014
2020-06-10,13648947.103560012,-71989.99999999638,0.0,-71989.99999999638
2020-06-11,13846717.103560008,197769.9999999958,0.0,197769.9999999958
2020-06-12,14188322.10356001,341605.0000000017,0.0,341605.0000000017
2020-06-15,14359800.603560012,171585.0000000022,106.5,171478.5000000022
2020-06-16,13746510.60356001,-613290.0000000016,0.0,-613290.0000000016
2020-06-17,13620663.353560012,-124629.99999999901,1217.25,-125847.24999999901
2020-06-18,13709138.950760014,88525.0000000024,49.4028,88475.5972000024
2020-06-19,13695023.95076001,-14115.00000000294,0.0,-14115.00000000294
2020-06-22,13536819.200760014,-155254.9999999968,2949.75,-158204.7499999968
2020-06-23,13315269.200760009,-221550.00000000576,0.0,-221550.00000000576
2020-06-24,13475849.20076001,162560.00000000157,1980.0,160580.00000000157
2020-06-29,13381136.700760014,-94704.99999999633,7.5,-94712.49999999633
2020-06-30,13485876.700760014,104740.00000000052,0.0,104740.00000000052
2020-07-01,13513896.70076001,28019.999999997122,0.0,28019.999999997122
2020-07-02,13613451.700760009,99554.99999999869,0.0,99554.99999999869
2020-07-03,13655321.700760009,41869.999999999214,0.0,41869.999999999214
2020-07-06,13406852.200760009,-248420.00000000076,49.5,-248469.50000000076
2020-07-07,13548877.200760012,142025.00000000288,0.0,142025.00000000288
2020-07-08,13472662.200760012,-76214.99999999948,0.0,-76214.99999999948
2020-07-09,13936417.200760012,463754.9999999992,0.0,463754.9999999992
2020-07-10,14094717.200760012,158300.00000000026,0.0,158300.00000000026
2020-07-13,14577004.450760014,483080.0000000028,792.75,482287.2500000028
2020-07-14,14603849.45076001,26844.99999999719,0.0,26844.99999999719
2020-07-15,14579389.45076001,-24460.000000000524,0.0,-24460.000000000524
2020-07-16,14276049.450760014,-303339.999999997,0.0,-303339.999999997
2020-07-17,14225869.450760012,-50180.0000000023,0.0,-50180.0000000023
2020-07-20,14431038.617760016,206290.00000000309,1120.833,205169.16700000307
2020-07-21,14624003.617760014,192964.9999999985,0.0,192964.9999999985
2020-07-22,15404803.61776001,780799.9999999972,0.0,780799.9999999972
2020-07-23,15222263.617760014,-182539.99999999718,0.0,-182539.99999999718
2020-07-24,15290788.617760014,68524.99999999974,0.0,68524.99999999974
2020-07-27,15433595.967760012,143939.99999999796,1132.65,142807.34999999797
2020-07-28,15403440.96776001,-30155.00000000102,0.0,-30155.00000000102
2020-07-29,15392307.467760012,-9364.999999998472,1768.5,-11133.499999998472
2020-07-30,15600882.467760013,208575.00000000128,0.0,208575.00000000128
2020-07-31,15661097.467760013,60215.00000000076,0.0,60215.00000000076
2020-08-03,16140648.675360013,480804.9999999996,1253.7924,479551.2075999996
2020-08-04,16747258.67536001,606609.9999999966,0.0,606609.9999999966
2020-08-05,16656073.675360015,-91184.99999999514,0.0,-91184.99999999514
2020-08-06,16693638.675360015,37565.0,0.0,37565.0
2020-08-07,16764913.675360013,71274.9999999983,0.0,71274.9999999983
2020-08-10,16770687.225360008,6979.999999995474,1206.45,5773.5499999954745
2020-08-11,16911922.225360014,141235.0000000067,0.0,141235.0000000067
2020-08-12,16544662.22536001,-367260.00000000285,0.0,-367260.00000000285
2020-08-13,16832098.725360014,289235.00000000244,1798.5,287436.50000000244
2020-08-14,16984403.725360006,152304.9999999939,0.0,152304.9999999939
2020-08-17,16998227.56896001,14780.000000006125,956.1564000000001,13823.843600006125
2020-08-18,17170257.56896001,172029.99999999953,0.0,172029.99999999953
2020-08-19,17088147.568960007,-82110.00000000371,0.0,-82110.00000000371
2020-08-20,16841262.56896001,-246884.9999999969,0.0,-246884.9999999969
2020-08-21,17124313.818960015,284795.0000000044,1743.75,283051.2500000044
2020-08-24,16751541.55736001,-372550.00000000413,222.2616,-372772.26160000416
2020-08-25,16422131.557360018,-329409.99999999214,0.0,-329409.99999999214
2020-08-26,16224926.557360016,-197205.00000000274,0.0,-197205.00000000274
2020-08-27,16214723.59296001,-9640.000000005544,562.9644000000001,-10202.964400005545
2020-08-28,16090235.092960007,-122225.00000000132,2263.5,-124488.50000000132
2020-08-31,16778889.09296001,688735.0000000028,81.0,688654.0000000028
2020-09-01,16771149.09296001,-7740.00000000211,0.0,-7740.00000000211
2020-09-02,16553964.092960015,-217184.99999999357,0.0,-217184.99999999357
2020-09-03,16820804.092960015,266839.9999999996,0.0,266839.9999999996
2020-09-04,16408804.092960015,-411999.99999999907,0.0,-411999.99999999907
2020-09-07,16628851.592960013,220819.99999999895,772.5,220047.49999999895
2020-09-08,16918301.59296001,289449.9999999966,0.0,289449.9999999966
2020-09-09,17019581.59296001,101280.0000000009,0.0,101280.0000000009
2020-09-10,17013156.59296001,-5674.999999999476,750.0,-6424.999999999476
2020-09-11,16773086.592960013,-240069.99999999817,0.0,-240069.99999999817
2020-09-14,16772826.592960013,-260.00000000034925,0.0,-260.00000000034925
2020-09-15,16959106.592960015,186280.00000000026,0.0,186280.00000000026
2020-09-16,16570346.592960011,-388760.0000000036,0.0,-388760.0000000036
2020-09-17,16463946.592960017,-106399.99999999363,0.0,-106399.99999999363
2020-09-18,16688966.592960013,225019.9999999954,0.0,225019.9999999954
2020-09-21,16908774.34296001,219959.99999999983,152.25,219807.74999999983
2020-09-22,16980634.842960015,73215.0000000046,1354.5,71860.5000000046
2020-09-23,16623384.842960015,-357250.0000000004,0.0,-357250.0000000004
2020-09-24,16100089.842960007,-523295.00000000733,0.0,-523295.00000000733
2020-09-25,15663239.842960011,-436849.9999999959,0.0,-436849.9999999959
2020-09-28,16157613.242960012,494664.99999999994,291.6,494373.39999999997
2020-09-29,16188382.742960015,32565.000000004133,1795.5,30769.500000004133
2020-09-30,16267432.74296001,79049.99999999389,0.0,79049.99999999389
2020-10-09,16708453.742960008,441029.999999999,9.0,441020.999999999
2020-10-12,17162938.84296001,454540.00000000314,54.9,454485.1000000031
2020-10-13,17343668.842960007,181359.99999999788,630.0,180729.99999999788
2020-10-14,17294733.84296001,-48934.99999999613,0.0,-48934.99999999613
2020-10-15,17132508.842960007,-162225.00000000195,0.0,-162225.00000000195
2020-10-16,17282773.84296001,150265.00000000236,0.0,150265.00000000236
2020-10-19,17709566.342960007,426919.99999999546,127.5,426792.49999999546
2020-10-20,17573751.34296001,-135814.9999999956,0.0,-135814.9999999956
2020-10-21,17581501.342960007,7749.999999996111,0.0,7749.999999996111
2020-10-22,17987611.342960004,406109.9999999978,0.0,406109.9999999978
2020-10-23,17865471.342960004,-122139.99999999911,0.0,-122139.99999999911
2020-10-26,17811821.59296001,-51989.9999999936,1659.75,-53649.7499999936
2020-10-27,18184576.592960004,372754.9999999928,0.0,372754.9999999928
2020-10-28,18231331.59296001,46755.000000006214,0.0,46755.000000006214
2020-10-29,18068925.092960007,-160170.00000000198,2236.5,-162406.50000000198
2020-10-30,18531220.092960004,462294.99999999674,0.0,462294.99999999674
2020-11-02,19085967.358960006,554890.0000000036,142.734,554747.2660000036
2020-11-03,19201922.358960006,115955.00000000106,0.0,115955.00000000106
2020-11-04,19342547.35896001,140625.00000000285,0.0,140625.00000000285
2020-11-05,19365502.358960006,22954.99999999741,0.0,22954.99999999741
2020-11-06,19450577.358960003,85074.99999999761,0.0,85074.99999999761
2020-11-09,19740697.69896,290414.9999999971,294.66,290120.3399999971
2020-11-10,19903327.698960006,162630.0000000065,0.0,162630.0000000065
2020-11-11,20059132.698960003,155804.99999999805,0.0,155804.99999999805
2020-11-12,20407352.69896,348939.9999999952,720.0,348219.9999999952
2020-11-13,20612602.698960006,205250.00000000684,0.0,205250.00000000684
2020-11-16,20943836.699810006,331490.0000000007,255.99915000000001,331234.0008500007
2020-11-17,21036156.699810002,92319.9999999966,0.0,92319.9999999966
2020-11-18,21166381.699810006,130225.00000000326,0.0,130225.00000000326
2020-11-19,21809836.699810002,643454.9999999946,0.0,643454.9999999946
2020-11-20,22034576.699810002,224740.00000000114,0.0,224740.00000000114
2020-11-23,22315489.31731,281944.9999999984,1032.3825,280912.6174999984
2020-11-24,21713979.317309998,-601510.0000000036,0.0,-601510.0000000036
2020-11-25,21551159.317310005,-162819.99999999124,0.0,-162819.99999999124
2020-11-26,21509449.317310005,-41710.00000000137,0.0,-41710.00000000137
2020-11-27,22027156.817309998,520249.99999999406,2542.5,517707.49999999406
2020-11-30,22787939.01731,760910.0000000012,127.8,760782.2000000011
2020-12-01,22815899.017309997,27959.999999997264,0.0,27959.999999997264
2020-12-02,23118240.81731,304185.0000000049,1843.1999999999998,302341.8000000049
2020-12-03,22438225.817310005,-680014.999999997,0.0,-680014.999999997
2020-12-04,21852680.817309998,-585545.0000000077,0.0,-585545.0000000077
2020-12-07,22328988.817310005,476845.0000000071,537.0,476308.0000000071
2020-12-08,22740958.817309998,412959.9999999914,990.0,411969.9999999914
2020-12-09,22911701.602459997,171515.00000000012,772.2148500000001,170742.78515000013
2020-12-10,23763636.602460004,851935.0000000058,0.0,851935.0000000058
2020-12-11,23750327.85246,-11520.000000005355,1788.75,-13308.750000005355
2020-12-14,22709893.35246,-1040340.0000000002,94.5,-1040434.5000000002
2020-12-15,22655912.852460008,-52274.999999993626,1705.5,-53980.499999993626
2020-12-16,23462857.85246,806944.9999999919,0.0,806944.9999999919
2020-12-17,23836922.852460008,374065.00000000617,0.0,374065.00000000617
2020-12-18,24615887.852460008,778965.0000000003,0.0,778965.0000000003
2020-12-21,25282601.945360005,666919.9999999967,205.9071,666714.0928999968
2020-12-22,25973496.94536001,690895.0000000051,0.0,690895.0000000051
2020-12-23,25226801.94536,-746695.0000000071,0.0,-746695.0000000071
2020-12-24,25174426.945360012,-52374.99999999012,0.0,-52374.99999999012
2020-12-25,25019729.445360012,-152965.00000000114,1732.5,-154697.50000000114
2020-12-28,25078235.62311001,60119.99999999823,1613.82225,58506.177749998235
2020-12-29,24742025.62311002,-336209.9999999936,0.0,-336209.9999999936
2020-12-30,25117805.623110015,375779.9999999951,0.0,375779.9999999951
2020-12-31,25230595.623110015,112790.00000000148,0.0,112790.00000000148
2021-01-04,25198939.94066001,-31590.000000005064,65.68245,-31655.682450005064
2021-01-05,25978009.94066001,779070.0,0.0,779070.0
2021-01-06,25774659.940660015,-203349.99999999543,0.0,-203349.99999999543
2021-01-07,25793329.94066001,18669.999999997322,0.0,18669.999999997322
2021-01-08,25873689.94066001,80359.99999999983,0.0,80359.99999999983
2021-01-11,25486852.485660005,-385450.0000000045,1387.4550000000002,-386837.4550000045
2021-01-12,24898622.48566001,-587419.9999999967,810.0,-588229.9999999967
2021-01-13,25449377.48566002,550755.0000000095,0.0,550755.0000000095
2021-01-14,25196522.485660005,-252855.00000001595,0.0,-252855.00000001595
2021-01-15,25605362.48566001,408840.0000000047,0.0,408840.0000000047
2021-01-18,25869324.791460015,263990.0000000075,27.694200000000002,263962.3058000075
2021-01-19,25317780.79146001,-549420.0000000024,2124.0,-551544.0000000024
2021-01-20,24820440.79146001,-497339.9999999987,0.0,-497339.9999999987
2021-01-21,25432290.791460015,611850.0000000023,0.0,611850.0000000023
2021-01-22,25857110.79146002,424820.0000000027,0.0,424820.0000000027
2021-01-25,25700756.26731001,-156320.00000000844,34.52415,-156354.52415000845
2021-01-26,25275186.26731,-425570.0000000076,0.0,-425570.0000000076
2021-01-27,25433776.26731,158590.00000000084,0.0,158590.00000000084
2021-01-28,24774536.26731,-659240.0000000009,0.0,-659240.0000000009
2021-01-29,24575116.267310005,-199419.99999999555,0.0,-199419.99999999555
2021-02-01,25170407.93691001,595390.0000000066,98.3304,595291.6696000067
2021-02-02,24666557.936910007,-503850.0000000044,0.0,-503850.0000000044
2021-02-03,23919337.936910015,-747219.9999999921,0.0,-747219.9999999921
2021-02-04,24061087.93691001,141749.99999999625,0.0,141749.99999999625
2021-02-05,24710367.936910007,649279.9999999945,0.0,649279.9999999945
2021-02-08,25328896.35523,620189.9999999938,1661.5816800000002,618528.4183199939
2021-02-09,25466890.29747,138739.99999999965,746.0577599999999,137993.94223999965
2021-02-10,25807810.297470007,340920.00000000815,0.0,340920.00000000815
2021-02-18,26817926.497470006,1010189.9999999976,73.8,1010116.1999999975
2021-02-19,26926126.497470006,108199.99999999988,0.0,108199.99999999988
2021-02-22,27174252.835070018,249090.00000001007,963.6623999999999,248126.33760001007
2021-02-23,26892893.835070018,-279639.9999999997,1719.0,-281358.9999999997
2021-02-24,26952513.835070007,59619.99999998779,0.0,59619.99999998779
2021-02-25,28133913.835070007,1181399.9999999995,0.0,1181399.9999999995
2021-02-26,28514833.835070018,380920.00000001094,0.0,380920.00000001094
2021-03-01,28175094.94627001,-339635.0000000063,103.8888,-339738.8888000063
2021-03-02,27964204.946270008,-210890.00000000425,0.0,-210890.00000000425
2021-03-03,29232194.946270015,1267990.0000000086,0.0,1267990.0000000086
2021-03-04,29359349.946270015,127154.99999999857,0.0,127154.99999999857
2021-03-05,28224489.946270008,-1134860.0000000072,0.0,-1134860.0000000072
2021-03-08,28350359.44627001,126000.0000000039,130.5,125869.5000000039
2021-03-09,28219639.44627001,-130720.0,0.0,-130720.0
2021-03-10,27576039.446270015,-643599.9999999953,0.0,-643599.9999999953
2021-03-11,27757239.446270015,181199.9999999997,0.0,181199.9999999997
2021-03-12,28406859.446270015,649620.0000000014,0.0,649620.0000000014
2021-03-15,28724777.284670018,319350.0000000028,1432.1616,317917.8384000028
2021-03-16,28757637.284670006,32859.99999998967,0.0,32859.99999998967
2021-03-17,28481699.78467001,-274699.999999998,1237.5,-275937.499999998
2021-03-18,28962189.784670003,480489.9999999937,0.0,480489.9999999937
2021-03-19,28385109.784670006,-577079.9999999953,0.0,-577079.9999999953
2021-03-22,28867262.234670006,483054.99999999785,902.55,482152.44999999786
2021-03-23,28233577.234670006,-633684.9999999986,0.0,-633684.9999999986
2021-03-24,27862437.23467001,-371139.99999999633,0.0,-371139.99999999633
2021-03-25,28011657.234670002,149219.99999999316,0.0,149219.99999999316
2021-03-26,28158642.234670006,146985.0000000035,0.0,146985.0000000035
2021-03-29,28379795.889870003,223324.99999999593,2171.3448,221153.65519999593
2021-03-30,28255620.889870007,-124174.99999999464,0.0,-124174.99999999464
2021-03-31,28104800.889870014,-150819.99999999194,0.0,-150819.99999999194
2021-04-01,28324165.889870003,219364.99999998847,0.0,219364.99999998847
2021-04-02,28548930.88987001,224765.0000000084,0.0,224765.0000000084
2021-04-06,29342323.59827001,795174.9999999988,1782.2916,793392.7083999988
2021-04-07,29346883.598270006,4559.99999999447,0.0,4559.99999999447
2021-04-08,29072087.772270013,-274369.99999999267,425.826,-274795.82599999267
2021-04-09,28691242.27227001,-378720.00000000186,2125.5,-380845.50000000186
2021-04-12,27916672.772270013,-774459.9999999951,109.5,-774569.4999999951
2021-04-13,28076782.77227001,160109.99999999808,0.0,160109.99999999808
2021-04-14,28540810.27227001,464469.9999999987,442.5,464027.4999999987
2021-04-15,29030660.27227,489849.9999999929,0.0,489849.9999999929
2021-04-16,29350470.272270005,319810.00000000256,0.0,319810.00000000256
2021-04-19,29326871.272270013,-23589.999999992713,9.0,-23598.999999992713
2021-04-20,29539001.272270005,212129.99999999412,0.0,212129.99999999412
2021-04-21,29547651.272270005,8650.00000000131,0.0,8650.00000000131
2021-04-22,30008771.27227001,461120.0000000026,0.0,461120.0000000026
2021-04-23,30114524.77227001,107224.99999999935,1471.5,105753.49999999935
2021-04-26,30931142.15357001,817565.0000000005,947.6187,816617.3813000005
2021-04-27,31371812.15357001,440669.9999999985,0.0,440669.9999999985
2021-04-28,31165242.15357001,-206570.0000000016,0.0,-206570.0000000016
2021-04-29,31799672.153570015,634430.0000000055,0.0,634430.0000000055
2021-04-30,31583922.15357,-215750.00000001473,0.0,-215750.00000001473
2021-05-06,33290648.15357001,1707590.000000013,864.0,1706726.000000013
2021-05-07,34319448.15357001,1028799.9999999992,0.0,1028799.9999999992
2021-05-10,35614014.09757,1294629.9999999937,64.056,1294565.9439999936
2021-05-11,36661574.09757,1047560.0000000016,0.0,1047560.0000000016
2021-05-12,37438274.09757,776700.0000000016,0.0,776700.0000000016
2021-05-13,37307084.09757001,-131189.99999999203,0.0,-131189.99999999203
2021-05-14,35527394.097569995,-1779690.0000000144,0.0,-1779690.0000000144
2021-05-17,35387316.83851999,-138130.0000000008,1947.2590500000001,-140077.25905000078
2021-05-18,35419986.83851999,32670.000000001593,0.0,32670.000000001593
2021-05-19,34290116.838520005,-1129869.9999999856,0.0,-1129869.9999999856
2021-05-20,32416472.103470005,-1872650.0000000007,994.73505,-1873644.7350500007
2021-05-21,31560636.10127,-854130.000000004,1706.0022,-855836.002200004
2021-05-24,30830622.85127,-728880.0,1133.25,-730013.25
2021-05-25,31179616.605019994,349274.99999999104,281.24625,348993.753749991
2021-05-26,30811251.60502,-368364.99999999336,0.0,-368364.99999999336
2021-05-27,30806138.120519996,-5005.000000006607,108.4845,-5113.484500006606
2021-05-28,31487550.620520003,681450.0000000066,37.5,681412.5000000066
2021-05-31,31740830.620520007,253280.00000000527,0.0,253280.00000000527
2021-06-01,31648240.62052,-92590.00000000725,0.0,-92590.00000000725
2021-06-02,32054640.620520003,406400.00000000326,0.0,406400.00000000326
2021-06-03,32090050.620520007,35410.000000003296,0.0,35410.000000003296
2021-06-04,32174160.620519996,84109.99999998813,0.0,84109.99999998813
2021-06-07,32453099.80372,279790.00000000396,850.8168000000001,278939.183200004
2021-06-08,31944614.80372,-508485.00000000064,0.0,-508485.00000000064
2021-06-09,32136304.80372,191689.99999999866,0.0,191689.99999999866
2021-06-10,32040799.80372001,-95504.99999999077,0.0,-95504.99999999077
2021-06-11,32829774.803720012,788975.000000004,0.0,788975.000000004
2021-06-15,32304254.032369997,-524940.0000000155,580.77135,-525520.7713500155
2021-06-16,31907034.03237,-397219.999999995,0.0,-397219.999999995
2021-06-17,31881564.032370012,-25469.999999989974,0.0,-25469.999999989974
2021-06-18,31427449.032370012,-454115.00000000146,0.0,-454115.00000000146
2021-06-21,30801706.03237,-624945.0000000128,798.0,-625743.0000000128
2021-06-22,30853021.03237001,51315.00000000645,0.0,51315.00000000645
2021-06-23,31145571.032370016,292550.0000000086,0.0,292550.0000000086
2021-06-24,31526956.03237001,381384.99999999354,0.0,381384.99999999354
2021-06-25,31707984.53237001,182275.00000000143,1246.5,181028.50000000143
2021-06-28,31967940.927070003,260749.99999999284,793.6052999999999,259956.39469999284
2021-06-29,31933250.927070003,-34689.999999998574,0.0,-34689.999999998574
2021-06-30,31842310.927069996,-90940.00000000643,0.0,-90940.00000000643
2021-07-01,32090740.927070014,248430.0000000172,0.0,248430.0000000172
2021-07-02,31921410.927070003,-169330.00000001,0.0,-169330.00000001
2021-07-05,32259935.044269998,338849.9999999945,325.8828,338524.1171999945
2021-07-06,32810765.04427001,550830.0000000105,0.0,550830.0000000105
2021-07-07,32344905.044270013,-465859.9999999955,0.0,-465859.9999999955
2021-07-08,31954915.044270005,-389990.00000000605,0.0,-389990.00000000605
2021-07-09,32053905.044270005,98990.0,0.0,98990.0
2021-07-12,33026961.72427001,976130.0000000037,3073.3199999999997,973056.6800000038
2021-07-13,33379761.72427002,352800.00000001,0.0,352800.00000001
2021-07-14,34285571.724270016,905809.999999993,0.0,905809.999999993
2021-07-15,33911271.724270016,-374300.0000000015,0.0,-374300.0000000015
2021-07-16,34335121.72427003,423850.0000000123,0.0,423850.0000000123
2021-07-19,34646324.37122003,311369.99999999924,167.35305,311202.64694999927
2021-07-20,33877634.371220015,-768690.0000000115,0.0,-768690.0000000115
2021-07-21,34482564.371220015,604930.0000000015,0.0,604930.0000000015
2021-07-22,34237754.371220015,-244809.99999999924,0.0,-244809.99999999924
2021-07-23,35253716.371220015,1017870.0000000007,1908.0,1015962.0000000007
2021-07-26,35635064.483120024,381360.0000000069,11.888100000000001,381348.11190000694
2021-07-27,35346651.48312001,-285350.00000001304,3063.0,-288413.00000001304
2021-07-28,34771221.48312001,-575429.9999999985,0.0,-575429.9999999985
2021-07-29,35320651.483120024,549430.0000000146,0.0,549430.0000000146
2021-07-30,36389911.483120024,1069260.0,0.0,1069260.0
2021-08-02,35708697.49472002,-681110.000000003,103.9884,-681213.988400003
2021-08-03,34274597.49472002,-1434099.9999999993,0.0,-1434099.9999999993
2021-08-04,34229107.49472002,-45489.99999999693,0.0,-45489.99999999693
2021-08-05,34650627.494720004,421519.99999998696,0.0,421519.99999998696
2021-08-06,34434357.494720004,-216269.99999999691,0.0,-216269.99999999691
2021-08-09,34192130.83977,-242000.00000000617,226.65494999999999,-242226.65495000617
2021-08-10,34606370.83977,414240.0,0.0,414240.0
2021-08-11,35298460.83977001,692090.0000000115,0.0,692090.0000000115
2021-08-12,35292384.27187001,-5680.000000003056,396.56790000000007,-6076.567900003056
2021-08-13,34381774.27187002,-910609.9999999923,0.0,-910609.9999999923
2021-08-16,34496617.27187001,115229.99999998976,387.0,114842.99999998976
2021-08-17,34495042.271870025,-1574.9999999887077,0.0,-1574.9999999887077
2021-08-18,34513327.27187001,18284.999999986612,0.0,18284.999999986612
2021-08-19,33562499.77187001,-950205.0000000014,622.5,-950827.5000000014
2021-08-20,33246715.771870017,-314694.99999999395,1089.0,-315783.99999999395
2021-08-23,33998800.77187002,752099.9999999986,15.0,752084.9999999986
2021-08-24,34645778.77187001,649164.9999999932,2187.0,646977.9999999932
2021-08-25,35057118.77187001,411339.9999999973,0.0,411339.9999999973
2021-08-26,34447813.77187002,-609304.9999999932,0.0,-609304.9999999932
2021-08-27,34299333.77187001,-148480.0000000067,0.0,-148480.0000000067
2021-08-30,35659482.69897001,1361415.0000000042,1266.0729000000001,1360148.9271000042
2021-08-31,35783077.69897002,123595.0000000084,0.0,123595.0000000084
2021-09-01,36018122.69897001,235044.9999999958,0.0,235044.9999999958
2021-09-02,36163675.198970005,148289.9999999958,2737.5,145552.4999999958
2021-09-03,36761460.198970005,597784.9999999979,0.0,597784.9999999979
2021-09-06,37455904.93097,694599.9999999948,155.268,694444.7319999947
2021-09-07,37545909.930970006,90005.00000000384,0.0,90005.00000000384
2021-09-08,37646979.93097001,101070.0000000069,0.0,101070.0000000069
2021-09-09,38435119.93097002,788140.0000000047,0.0,788140.0000000047
2021-09-10,38881959.93097001,446839.99999999616,0.0,446839.99999999616
2021-09-13,39101424.20032,222179.9999999851,2715.73065,219464.2693499851
2021-09-14,37774134.20032001,-1327289.9999999881,0.0,-1327289.9999999881
2021-09-15,36608884.20032002,-1165249.9999999907,0.0,-1165249.9999999907
2021-09-16,38142584.20032,1533699.9999999807,0.0,1533699.9999999807
2021-09-17,37883124.20032,-259459.99999999814,0.0,-259459.99999999814
2021-09-22,38645719.20031999,762954.9999999963,360.0,762594.9999999963
2021-09-23,39747244.20032,1101525.0000000084,0.0,1101525.0000000084
2021-09-24,38597959.70032001,-1147749.9999999872,1534.5,-1149284.4999999872
2021-09-27,38014517.20032001,-582670.0,772.5,-583442.5
2021-09-28,37463997.20031999,-550520.0000000203,0.0,-550520.0000000203
2021-09-29,38056927.20032001,592930.0000000193,0.0,592930.0000000193
2021-09-30,37867087.20032,-189840.0000000166,0.0,-189840.0000000166
2021-10-08,38185192.20032001,320115.0000000156,2010.0,318105.0000000156
2021-10-11,38146860.75032001,-38325.00000000093,6.449999999999999,-38331.45000000093
2021-10-12,37687660.750319995,-459200.0000000129,0.0,-459200.0000000129
2021-10-13,36546185.75031999,-1141475.0000000047,0.0,-1141475.0000000047
2021-10-14,35682710.750319995,-863474.9999999944,0.0,-863474.9999999944
2021-10-15,36554385.750319995,871675.0,0.0,871675.0
2021-10-18,36413537.55032001,-140354.99999998522,493.2,-140848.19999998523
2021-10-19,36918432.55032,504894.9999999899,0.0,504894.9999999899
2021-10-20,35007122.55031999,-1911310.0000000075,0.0,-1911310.0000000075
2021-10-21,34892532.55032001,-114589.9999999862,0.0,-114589.9999999862
2021-10-22,31835015.05031999,-3056235.0000000186,1282.5,-3057517.5000000186
2021-10-25,30800736.14446999,-1032084.9999999958,2193.90585,-1034278.9058499958
2021-10-26,30743469.65747,-56924.9999999922,341.48699999999997,-57266.4869999922
2021-10-27,30162379.65747,-581090.0,0.0,-581090.0
2021-10-28,29517393.457569994,-644855.000000005,131.1999,-644986.199900005
2021-10-29,29833950.95757,316610.00000000687,52.5,316557.50000000687
2021-11-01,29811366.457569998,-21380.00000000326,1204.5,-22584.50000000326
2021-11-02,29858226.45757,46860.0000000039,0.0,46860.0000000039
2021-11-03,29644195.18287,-214030.00000000125,1.2747000000000002,-214031.27470000126
2021-11-04,29665580.566019997,21389.999999998166,4.61685,21385.383149998168
2021-11-05,29632189.56601999,-33340.0000000071,51.0,-33391.0000000071
2021-11-08,29628119.56602,-4069.9999999895444,0.0,-4069.9999999895444
2021-11-09,29728529.566019997,100439.99999999534,30.0,100409.99999999534
2021-11-10,29313879.566020004,-414649.99999999104,0.0,-414649.99999999104
2021-11-11,29571309.566019997,257429.99999999188,0.0,257429.99999999188
2021-11-12,29471849.566019997,-98920.00000000124,540.0,-99460.00000000124
2021-11-15,29358870.42782001,-111789.99999999015,1189.1382,-112979.13819999015
2021-11-16,29042305.427819997,-316565.0000000107,0.0,-316565.0000000107
2021-11-17,28855359.427819993,-186100.00000000393,846.0,-186946.00000000393
2021-11-18,28999609.427819993,144250.00000000076,0.0,144250.00000000076
2021-11-19,28714454.42782,-285154.99999999104,0.0,-285154.99999999104
2021-11-22,29103294.174819995,388994.99999999255,155.253,388839.7469999925
2021-11-23,28817218.674820002,-284954.9999999934,1120.5,-286075.4999999934
2021-11-24,29250653.674820002,433434.99999999854,0.0,433434.99999999854
2021-11-25,29688563.674820013,437910.00000001024,0.0,437910.00000001024
2021-11-26,29965680.674820013,277540.00000000093,423.0,277117.00000000093
2021-11-29,29269061.910720002,-696225.0000000111,393.76410000000004,-696618.7641000111
2021-11-30,29096081.91072001,-172979.99999999133,0.0,-172979.99999999133
2021-12-01,29000501.91072001,-95580.00000000061,0.0,-95580.00000000061
2021-12-02,28997801.91072,-2700.000000011816,0.0,-2700.000000011816
2021-12-03,28711401.910720006,-286399.9999999908,0.0,-286399.9999999908
2021-12-06,29708100.506419998,997074.9999999925,376.40430000000003,996698.5956999925
2021-12-07,29360469.006419998,-345710.0000000015,1921.5,-347631.5000000015
2021-12-08,29555239.006420005,194770.00000000885,0.0,194770.00000000885
2021-12-09,29294354.00642001,-260884.99999999558,0.0,-260884.99999999558
2021-12-10,28945534.006420013,-348819.99999999703,0.0,-348819.99999999703
2021-12-13,28416493.568270013,-528980.0000000007,60.43815,-529040.4381500006
2021-12-14,29066606.068270013,650600.0,487.5,650112.5
2021-12-15,28842946.068270013,-223660.00000000073,0.0,-223660.00000000073
2021-12-16,28600796.06827001,-242150.0000000037,0.0,-242150.0000000037
2021-12-17,29093251.005830012,492520.00000000297,65.06244,492454.93756000296
2021-12-20,28993073.78203001,-98740.00000000355,1437.2238,-100177.22380000356
2021-12-21,28756233.782030005,-236840.0000000053,0.0,-236840.0000000053
2021-12-22,29400333.782030016,644100.0000000115,0.0,644100.0000000115
2021-12-23,30034603.78203,634269.999999985,0.0,634269.999999985
2021-12-24,30123094.78203,89670.00000000055,1179.0,88491.00000000055
2021-12-27,30057806.115780003,-64049.99999999968,1238.66625,-65288.66624999968
2021-12-28,29780771.11578002,-277034.99999998626,0.0,-277034.99999998626
2021-12-29,29882956.115780015,102184.99999999696,0.0,102184.99999999696
2021-12-30,30431351.115780015,548394.9999999994,0.0,548394.9999999994
2021-12-31,30417571.11578002,-13779.999999997279,0.0,-13779.999999997279
2022-01-04,30567187.653030004,150024.99999998472,408.46274999999997,149616.5372499847
2022-01-05,30633112.65303002,65925.0000000133,0.0,65925.0000000133
2022-01-06,30820522.653030016,187409.9999999963,0.0,187409.9999999963
2022-01-07,31148002.653030008,327479.99999999406,0.0,327479.99999999406
2022-01-10,31515567.01898002,368915.00000000955,1350.63405,367564.36595000955
2022-01-11,31909757.01898002,394189.9999999992,0.0,394189.9999999992
2022-01-12,32273802.018980023,364045.0000000043,0.0,364045.0000000043
2022-01-13,32490047.018980023,216245.00000000175,0.0,216245.00000000175
2022-01-14,32354812.018980023,-135234.99999999953,0.0,-135234.99999999953
2022-01-17,32377329.752080012,23649.999999988653,1132.2669,22517.733099988654
2022-01-18,33071764.752080023,694435.0000000094,0.0,694435.0000000094
2022-01-19,34185014.752080016,1113249.999999993,0.0,1113249.999999993
2022-01-20,34189604.75208,4589.999999988009,0.0,4589.999999988009
2022-01-21,34539628.75208,351545.00000000105,1521.0,350024.00000000105
2022-01-24,34812072.62763,273925.0000000026,1481.12445,272443.8755500026
2022-01-25,34406312.62763002,-405759.999999988,0.0,-405759.999999988
2022-01-26,34486612.62763,80299.9999999865,0.0,80299.9999999865
2022-01-27,34854672.62763002,368060.00000001665,0.0,368060.00000001665
2022-01-28,35652592.62763001,797919.9999999951,0.0,797919.9999999951
2022-02-07,36557696.536830015,905210.0000000017,106.0908,905103.9092000017
2022-02-08,36511086.53683001,-46610.00000000712,0.0,-46610.00000000712
2022-02-09,36392723.03683001,-118199.99999999913,163.5,-118363.49999999913
2022-02-10,37130883.03683001,738789.9999999998,630.0,738159.9999999998
2022-02-11,36331183.03683001,-799699.9999999973,0.0,-799699.9999999973
2022-02-14,35720890.539280005,-610280.0000000043,12.497550000000002,-610292.4975500043
2022-02-15,35839860.53928,118969.9999999947,0.0,118969.9999999947
2022-02-16,35757740.53928,-82119.99999999955,0.0,-82119.99999999955
2022-02-17,36213330.539280005,455590.0000000099,0.0,455590.0000000099
2022-02-18,36225412.53927999,13539.999999982887,1458.0,12081.999999982887
2022-02-21,35971164.289280005,-254194.99999998813,53.25,-254248.24999998813
2022-02-22,36863319.28927999,892154.999999986,0.0,892154.999999986
2022-02-23,37263174.28928,399855.0000000109,0.0,399855.0000000109
2022-02-24,37595746.28927999,334434.9999999957,1863.0,332571.9999999957
2022-02-25,37664801.28928,69055.00000000652,0.0,69055.00000000652
2022-02-28,37275419.21118,-389289.9999999952,92.0781,-389382.0780999952
2022-03-01,38197094.21117999,921674.9999999827,0.0,921674.9999999827
2022-03-02,39476139.21118,1279045.0000000114,0.0,1279045.0000000114
2022-03-03,40422424.21118,946284.9999999984,0.0,946284.9999999984
2022-03-04,40735729.21118001,313305.0000000092,0.0,313305.0000000092
2022-03-07,41831500.08683,1096094.9999999919,324.12435,1095770.875649992
2022-03-08,41529870.08682998,-301630.0000000115,0.0,-301630.0000000115
2022-03-09,39782320.08683,-1747549.9999999832,0.0,-1747549.9999999832
2022-03-10,38469195.08683,-1313125.0000000028,0.0,-1313125.0000000028
2022-03-11,39871445.08682999,1402249.9999999925,0.0,1402249.9999999925
2022-03-14,40437790.18358,566990.0000000128,644.9032500000001,566345.0967500128
2022-03-15,39271900.183579996,-1165710.0000000102,180.0,-1165890.0000000102
2022-03-16,39892565.18358,620665.0000000079,0.0,620665.0000000079
2022-03-17,40602260.18358,709694.9999999998,0.0,709694.9999999998
2022-03-18,41228990.18357999,626729.9999999878,0.0,626729.9999999878
2022-03-21,41012149.25687999,-213449.99999999552,3390.9267,-216840.92669999553
2022-03-22,40547684.256879985,-464465.0000000085,0.0,-464465.0000000085
2022-03-23,40778914.25687999,231230.00000000466,0.0,231230.00000000466
2022-03-24,41411684.25688,632770.000000007,0.0,632770.000000007
2022-03-25,41299099.25688,-112585.00000000154,0.0,-112585.00000000154
2022-03-28,41590174.50687999,293049.9999999946,1974.75,291075.2499999946
2022-03-29,41398124.50688,-192049.9999999932,0.0,-192049.9999999932
2022-03-30,41028221.84598,-369349.9999999946,552.6609,-369902.6608999946
2022-03-31,40943681.84598,-84539.99999999916,0.0,-84539.99999999916
2022-04-01,41175111.84597999,231429.99999998292,0.0,231429.99999998292
2022-04-06,41303928.09598,130875.00000001628,2058.75,128816.25000001628
2022-04-07,41103003.09597999,-200925.00000001705,0.0,-200925.00000001705
2022-04-08,40528838.095979996,-574164.9999999952,0.0,-574164.9999999952
2022-04-11,39730240.84598,-797364.9999999889,1232.25,-798597.2499999889
2022-04-12,39219110.84597999,-510920.0000000131,210.0,-511130.0000000131
2022-04-13,39959280.845979996,740170.0000000079,0.0,740170.0000000079
2022-04-14,40420760.84598,461480.00000000454,0.0,461480.00000000454
2022-04-15,41041235.84598,620474.9999999971,0.0,620474.9999999971
2022-04-18,40222879.595979996,-818180.0000000107,176.25,-818356.2500000107
2022-04-19,40083149.59598001,-139729.9999999887,0.0,-139729.9999999887
2022-04-20,39624764.09598001,-458180.0000000001,205.5,-458385.5000000001
2022-04-21,39940854.09598001,316089.9999999973,0.0,316089.9999999973
2022-04-22,39625083.09598001,-314160.00000000297,1611.0,-315771.00000000297
2022-04-25,38676581.84598001,-948490.0000000028,11.25,-948501.2500000028
2022-04-26,37839311.84598001,-837270.0000000012,0.0,-837270.0000000012
2022-04-27,38111701.84598001,272390.0000000029,0.0,272390.0000000029
2022-04-28,38146131.84598002,34430.000000008644,0.0,34430.000000008644
2022-04-29,38539011.84598001,392879.99999998946,0.0,392879.99999998946
2022-05-05,38959127.21688002,422060.00000000955,1944.6291,420115.3709000095
2022-05-06,38892097.216880016,-67030.00000000624,0.0,-67030.00000000624
2022-05-09,38939595.21688002,48800.00000000649,1302.0,47498.00000000649
2022-05-10,39297135.21688002,357540.0000000001,0.0,357540.0000000001
2022-05-11,38581715.21688002,-715420.000000003,0.0,-715420.000000003
2022-05-12,39182855.21688002,601140.0000000031,0.0,601140.0000000031
2022-05-13,38949915.21688001,-232670.0000000129,270.0,-232940.0000000129
2022-05-16,38969487.670380026,19700.000000014577,127.54650000000001,19572.453500014577
2022-05-17,39203407.67038001,233919.9999999855,0.0,233919.9999999855
2022-05-18,39796877.670380026,593470.0000000157,0.0,593470.0000000157
2022-05-19,40044407.670380004,247529.99999998088,0.0,247529.99999998088
2022-05-20,39694808.67038003,-347429.99999997136,2169.0,-349598.99999997136
2022-05-23,40496430.37338002,801879.9999999831,258.297,801621.7029999831
2022-05-24,40725020.37338002,228590.00000000303,0.0,228590.00000000303
2022-05-25,41209810.37338002,484790.00000000186,0.0,484790.00000000186
2022-05-26,42238490.373380035,1028680.0000000179,0.0,1028680.0000000179
2022-05-27,42420969.37338001,184629.999999977,2151.0,182478.999999977
2022-05-30,41490578.18093,-927700.0000000086,2691.19245,-930391.1924500086
2022-05-31,40548708.18093,-941870.0000000002,0.0,-941870.0000000002
2022-06-01,39588968.18093001,-959739.9999999896,0.0,-959739.9999999896
2022-06-02,39450578.18093002,-138389.9999999936,0.0,-138389.9999999936
2022-06-06,39584195.18093003,133905.00000001353,288.0,133617.00000001353
2022-06-07,39819135.18093001,234939.9999999757,0.0,234939.9999999757
2022-06-08,39891110.18093003,71975.00000002167,0.0,71975.00000002167
2022-06-09,40071860.180930026,180749.99999998923,0.0,180749.99999998923
2022-06-10,39641895.180930026,-429964.9999999975,0.0,-429964.9999999975
2022-06-13,38120012.681930035,-1521219.9999999932,662.4990000000001,-1521882.4989999933
2022-06-14,37682772.68193002,-436850.0000000144,390.0,-437240.0000000144
2022-06-15,37084722.68193002,-598049.9999999983,0.0,-598049.9999999983
2022-06-16,36938672.68193003,-146049.99999999325,0.0,-146049.99999999325
2022-06-17,35844332.681930035,-1094339.9999999912,0.0,-1094339.9999999912
2022-06-20,35055570.10293003,-787970.000000007,792.5790000000001,-788762.579000007
2022-06-21,34989300.10293004,-66269.99999999277,0.0,-66269.99999999277
2022-06-22,35384400.10293002,395099.99999997695,0.0,395099.99999997695
2022-06-23,34715170.102930024,-669229.9999999905,0.0,-669229.9999999905
2022-06-24,33834305.102930024,-880865.0000000026,0.0,-880865.0000000026
2022-06-27,32479196.352930028,-1353349.999999997,1758.75,-1355108.749999997
2022-06-28,32378472.85293004,-99044.99999998753,1678.5,-100723.49999998753
2022-06-29,32513192.85293002,134719.99999998018,0.0,134719.99999998018
2022-06-30,32640532.852930017,127339.99999999569,0.0,127339.99999999569
2022-07-01,32643062.852930017,2529.999999999767,0.0,2529.999999999767
2022-07-04,32354587.102930024,-286794.9999999942,1680.75,-288475.7499999942
2022-07-05,32652472.102930035,297885.0000000094,0.0,297885.0000000094
2022-07-06,32483517.10293002,-168955.00000001624,0.0,-168955.00000001624
2022-07-07,32032227.10293002,-451289.9999999999,0.0,-451289.9999999999
2022-07-08,32270172.102930047,237945.00000002503,0.0,237945.00000002503
2022-07-11,33121979.098130036,854074.9999999885,2268.0047999999997,851806.9951999885
2022-07-12,33659654.098130025,537884.9999999902,210.0,537674.9999999902
2022-07-13,34303049.09813003,643395.0000000112,0.0,643395.0000000112
2022-07-14,34644459.09813002,341409.9999999863,0.0,341409.9999999863
2022-07-15,35280044.09813002,635584.9999999984,0.0,635584.9999999984
2022-07-18,35246020.218730025,-33969.999999994085,53.879400000000004,-34023.87939999408
2022-07-19,34874025.21873004,-371994.999999987,0.0,-371994.999999987
2022-07-20,35540425.218730025,666399.9999999863,0.0,666399.9999999863
2022-07-21,35837970.21873003,297545.00000000844,0.0,297545.00000000844
2022-07-22,35916170.21873003,78199.99999999674,0.0,78199.99999999674
2022-07-25,35803732.21873004,-112419.99999999136,18.0,-112437.99999999136
2022-07-26,36125502.21873004,321769.99999999994,0.0,321769.99999999994
2022-07-27,35884392.21873003,-241110.0000000105,0.0,-241110.0000000105
2022-07-28,35008088.71873004,-874849.9999999955,1453.5,-876303.4999999955
2022-07-29,35045928.71873003,37839.99999999313,0.0,37839.99999999313
2022-08-01,35590733.46873005,544840.000000012,35.25,544804.750000012
2022-08-02,35942278.46873005,351545.00000000186,0.0,351545.00000000186
2022-08-03,35884483.46873003,-57795.00000001138,0.0,-57795.00000001138
2022-08-04,36039533.46873003,155049.9999999982,0.0,155049.9999999982
2022-08-05,35610333.46873003,-429199.99999999895,0.0,-429199.99999999895
2022-08-08,35465376.04533005,-144789.99999998833,167.42340000000002,-144957.42339998833
2022-08-09,35474836.04533005,9459.999999999327,0.0,9459.999999999327
2022-08-10,35484391.04533003,9554.999999981927,0.0,9554.999999981927
2022-08-11,35354166.04533005,-130224.99999998228,0.0,-130224.99999998228
2022-08-12,35057300.04533005,-294025.00000000244,2841.0,-296866.00000000244
2022-08-15,36752476.93833005,1695745.0000000023,568.107,1695176.8930000023
2022-08-16,37409445.93833005,659300.0,2331.0,656969.0
2022-08-17,37204805.93833003,-204640.0000000174,0.0,-204640.0000000174
2022-08-18,37550045.93833005,345240.0000000136,0.0,345240.0000000136
2022-08-19,38026285.93833005,476240.0000000013,0.0,476240.0000000013
2022-08-22,37861361.00423003,-163495.00000001394,1429.9341,-164924.93410001395
2022-08-23,37569531.00423003,-291829.99999999837,0.0,-291829.99999999837
2022-08-24,37317916.00423004,-251614.9999999893,0.0,-251614.9999999893
2022-08-25,37149266.00423002,-168650.0000000114,0.0,-168650.0000000114
2022-08-26,37494566.00423003,345300.000000004,0.0,345300.000000004
2022-08-29,37455797.248630024,-38545.0000000023,223.75560000000002,-38768.755600002296
2022-08-30,38106552.748630024,652380.0000000016,1624.5,650755.5000000016
2022-08-31,38103732.748630024,-2820.0000000011023,0.0,-2820.0000000011023
2022-09-01,38536336.04503002,432974.9999999988,371.70360000000005,432603.29639999877
2022-09-02,39015161.04503002,478824.9999999985,0.0,478824.9999999985
2022-09-05,38186067.79503003,-828619.9999999905,473.25,-829093.2499999905
2022-09-06,37612792.79503003,-572884.9999999997,390.0,-573274.9999999997
2022-09-07,37434767.79503003,-178024.99999999703,0.0,-178024.99999999703
2022-09-08,36992627.79503003,-442140.0000000035,0.0,-442140.0000000035
2022-09-09,36123672.79503003,-867590.000000003,1365.0,-868955.000000003
2022-09-13,36086634.795030035,-37019.99999999175,18.0,-37037.99999999175
2022-09-14,36282574.79503002,195939.9999999873,0.0,195939.9999999873
2022-09-15,36260784.79503003,-21789.999999994154,0.0,-21789.999999994154
2022-09-16,36159094.795030035,-101689.99999999527,0.0,-101689.99999999527
2022-09-19,35904154.74503003,-254660.0000000043,280.05,-254940.0500000043
2022-09-20,36344259.74503002,440104.99999999383,0.0,440104.99999999383
2022-09-21,36528024.74503002,183765.00000000265,0.0,183765.00000000265
2022-09-22,36199914.74503003,-328109.99999999383,0.0,-328109.99999999383
2022-09-23,35225114.74503003,-974799.9999999983,0.0,-974799.9999999983
2022-09-26,35056140.00163003,-166145.00000000186,2829.7434000000003,-168974.74340000187
2022-09-27,34895500.00163003,-160639.9999999992,0.0,-160639.9999999992
2022-09-28,34825405.00163003,-70094.99999999895,0.0,-70094.99999999895
2022-09-29,34652769.50163002,-171020.0000000052,1615.5,-172635.5000000052
2022-09-30,34500859.501630016,-151910.0000000106,0.0,-151910.0000000106
2022-10-10,34040733.519680016,-457370.00000000035,2755.9819500000003,-460125.98195000034
2022-10-11,33873348.519680016,-167385.0,0.0,-167385.0
2022-10-12,34780408.51968004,907060.0000000193,0.0,907060.0000000193
2022-10-13,34824273.51968003,43864.99999998942,0.0,43864.99999998942
2022-10-14,34895168.51968003,70894.99999999825,0.0,70894.99999999825
2022-10-17,35138320.266880035,244590.0000000067,1438.2528,243151.7472000067
2022-10-18,35598690.266880035,460370.0000000018,0.0,460370.0000000018
2022-10-19,35656160.26688003,57469.999999993874,0.0,57469.999999993874
2022-10-20,35450120.266880035,-206039.9999999902,0.0,-206039.9999999902
2022-10-21,35257870.26688003,-192250.00000000963,0.0,-192250.00000000963
2022-10-24,35430987.40748002,174909.9999999883,1792.8594,173117.1405999883
2022-10-25,35819277.40748004,388290.000000021,0.0,388290.000000021
2022-10-26,36013717.407480024,194439.9999999816,0.0,194439.9999999816
2022-10-27,36235167.40748003,221450.00000001048,0.0,221450.00000001048
2022-10-28,37083308.907480024,849864.999999993,1723.5,848141.499999993
2022-10-31,38299191.48013003,1216015.000000006,132.42735,1215882.572650006
2022-11-01,38590511.480130024,291319.99999999563,0.0,291319.99999999563
2022-11-02,38168181.48013003,-422329.9999999895,0.0,-422329.9999999895
2022-11-03,37803611.48013003,-364569.9999999974,0.0,-364569.9999999974
2022-11-04,36838801.480130024,-964810.0000000044,0.0,-964810.0000000044
2022-11-07,36600973.246580005,-235110.00000001758,2718.23355,-237828.23355001758
2022-11-08,36575053.24658002,-25919.99999998795,0.0,-25919.99999998795
2022-11-09,36303548.246580005,-271505.00000001205,0.0,-271505.00000001205
2022-11-10,36428058.24658003,124510.00000002039,0.0,124510.00000002039
2022-11-11,35329553.24658002,-1098505.0000000112,0.0,-1098505.0000000112
2022-11-14,33842228.89658002,-1487305.0000000047,19.349999999999998,-1487324.3500000047
2022-11-15,33829463.896580026,-12764.999999990738,0.0,-12764.999999990738
2022-11-16,32972203.896580014,-857260.0000000102,0.0,-857260.0000000102
2022-11-17,33591053.896580026,618850.0000000129,0.0,618850.0000000129
2022-11-18,33065261.89658001,-524685.0000000153,1107.0,-525792.0000000153
2022-11-21,33641143.58683002,578465.0000000073,2583.30975,575881.6902500073
2022-11-22,33332863.58683001,-308280.00000001065,0.0,-308280.00000001065
2022-11-23,33843323.58683002,510460.00000001123,0.0,510460.00000001123
2022-11-24,34167003.586830005,323679.99999998877,0.0,323679.99999998877
2022-11-25,33903618.58683001,-263384.99999999057,0.0,-263384.99999999057
2022-11-28,33313728.493380003,-587625.0000000086,2265.09345,-589890.0934500087
2022-11-29,32407274.49338001,-904689.9999999921,1764.0,-906453.9999999921
2022-11-30,32887259.493380006,479984.9999999952,0.0,479984.9999999952
2022-12-01,32662029.49338001,-225229.99999999526,0.0,-225229.99999999526
2022-12-02,32890504.493380003,228474.99999999418,0.0,228474.99999999418
2022-12-05,32582783.466280013,-303059.9999999891,4661.0271,-307721.0270999891
2022-12-06,32409958.466280006,-172825.00000000783,0.0,-172825.00000000783
2022-12-07,32436143.966280002,26954.999999996973,769.5,26185.499999996973
2022-12-08,32921578.96628001,485435.00000000605,0.0,485435.00000000605
2022-12-09,32136998.966280002,-784580.0000000084,0.0,-784580.0000000084
2022-12-12,31747340.667080007,-388779.9999999952,878.2991999999999,-389658.29919999524
2022-12-13,31282565.667080004,-464775.0000000041,0.0,-464775.0000000041
2022-12-14,31513230.667080004,230664.99999999942,0.0,230664.99999999942
2022-12-15,31512600.667080015,-629.9999999900465,0.0,-629.9999999900465
2022-12-16,31330915.667080015,-181684.99999999825,0.0,-181684.99999999825
2022-12-19,31896571.231080014,566719.9999999976,1064.436,565655.5639999976
2022-12-20,32034652.288700007,139459.99999999214,1378.94238,138081.05761999215
2022-12-21,32094582.288700014,59930.00000000588,0.0,59930.00000000588
2022-12-22,32155527.288700018,60945.000000001965,0.0,60945.000000001965
2022-12-23,32488342.288700018,332815.00000000064,0.0,332815.00000000064
2022-12-26,32619963.301200014,131979.999999995,358.9875,131621.012499995
2022-12-27,32331593.30120001,-288370.0000000046,0.0,-288370.0000000046
2022-12-28,31987918.801200014,-340789.99999999616,2884.5,-343674.49999999616
2022-12-29,32030103.80120001,42184.9999999954,0.0,42184.9999999954
2022-12-30,31948793.80120001,-81309.99999999846,0.0,-81309.99999999846
2023-01-03,32401736.47330002,455685.00000001024,2742.3278999999998,452942.67210001027
2023-01-04,32604091.473300025,202355.00000000367,0.0,202355.00000000367
2023-01-05,32913446.47330002,309354.99999999633,0.0,309354.99999999633
2023-01-06,32256651.47330002,-656795.0000000007,0.0,-656795.0000000007
2023-01-09,31949118.973300014,-307510.0000000059,22.5,-307532.5000000059
2023-01-10,31082458.973300025,-866659.9999999905,0.0,-866659.9999999905
2023-01-11,30697248.97330003,-385209.9999999971,0.0,-385209.9999999971
2023-01-12,31115683.973300014,418434.9999999839,0.0,418434.9999999839
2023-01-13,30802483.973300014,-313200.00000000146,0.0,-313200.00000000146
2023-01-16,30227329.396250024,-573749.9999999885,1404.57705,-575154.5770499884
2023-01-17,29686169.396250013,-541160.000000011,0.0,-541160.000000011
2023-01-18,29631829.396250024,-54339.99999998832,0.0,-54339.99999998832
2023-01-19,29137250.89625003,-491864.9999999945,2713.5,-494578.4999999945
2023-01-20,28985315.896250013,-151935.00000001557,0.0,-151935.00000001557
2023-01-30,29327041.858900014,343310.0000000016,1584.03735,341725.9626500016
2023-01-31,30189436.85890002,862395.0000000086,0.0,862395.0000000086
2023-02-01,30071566.858900025,-117869.9999999961,0.0,-117869.9999999961
2023-02-02,30674796.85890003,603230.0000000023,0.0,603230.0000000023
2023-02-03,31163956.858900018,489159.9999999883,0.0,489159.9999999883
2023-02-06,31521349.319150023,357490.00000000495,97.53975,357392.46025000495
2023-02-07,31498404.319150012,-22945.000000011816,0.0,-22945.000000011816
2023-02-08,31368154.31915003,-130249.999999983,0.0,-130249.999999983
2023-02-09,31425574.319150023,57419.99999999261,0.0,57419.99999999261
2023-02-10,31700014.319150012,274439.9999999904,0.0,274439.9999999904
2023-02-13,32401609.43300002,703455.0000000081,1859.88615,701595.1138500081
2023-02-14,32658169.433000017,256559.99999999703,0.0,256559.99999999703
2023-02-15,32323989.43300002,-334179.9999999948,0.0,-334179.9999999948
2023-02-16,32279174.433000017,-44815.00000000518,0.0,-44815.00000000518
2023-02-17,31952289.433000013,-326885.0000000022,0.0,-326885.0000000022
2023-02-20,31513310.433000013,-438834.99999999924,144.0,-438978.99999999924
2023-02-21,30861039.433000002,-651110.0000000095,1161.0,-652271.0000000095
2023-02-22,31065049.433000006,204010.0000000051,0.0,204010.0000000051
2023-02-23,30973547.43300001,-89629.99999999636,1872.0,-91501.99999999636
2023-02-24,31412152.432999995,438604.99999998545,0.0,438604.99999998545
2023-02-27,31719728.6967,307705.0000000065,128.7363,307576.26370000653
2023-02-28,31820713.696700003,100985.00000000364,0.0,100985.00000000364
2023-03-01,31519363.6967,-301350.0000000029,0.0,-301350.0000000029
2023-03-02,30883483.69669999,-635880.0000000065,0.0,-635880.0000000065
2023-03-03,30619188.696699996,-264294.9999999978,0.0,-264294.9999999978
2023-03-06,31100265.696700007,481230.00000001094,153.0,481077.00000001094
2023-03-07,31182455.6967,82189.99999999418,0.0,82189.99999999418
2023-03-08,31171965.696700003,-10489.999999994907,0.0,-10489.999999994907
2023-03-09,31328750.696699996,156784.99999999272,0.0,156784.99999999272
2023-03-10,31143665.69669999,-185085.00000000364,0.0,-185085.00000000364
2023-03-13,31070076.018149994,-70079.99999999677,3509.6785499999996,-73589.67854999677
2023-03-14,31131986.01815,61910.000000006374,0.0,61910.000000006374
2023-03-15,30945076.018149998,-186910.00000000396,0.0,-186910.00000000396
2023-03-16,32185126.01815,1240050.0000000033,0.0,1240050.0000000033
2023-03-17,32634056.018150005,448930.0000000024,0.0,448930.0000000024
2023-03-20,32247931.118149992,-386040.0000000129,84.9,-386124.90000001295
2023-03-21,32143841.11815,-104089.99999999345,0.0,-104089.99999999345
2023-03-22,32136001.118149996,-7840.000000004919,0.0,-7840.000000004919
2023-03-23,31928851.118149992,-205170.00000000244,1980.0,-207150.00000000244
2023-03-24,31622731.118149992,-306120.0000000008,0.0,-306120.0000000008
2023-03-27,31399816.964400012,-220279.9999999812,2634.15375,-222914.1537499812
2023-03-28,30690396.964399993,-709420.0000000197,0.0,-709420.0000000197
2023-03-29,30300386.964400012,-390009.9999999803,0.0,-390009.9999999803
2023-03-30,30186586.96440001,-113800.00000000327,0.0,-113800.00000000327
2023-03-31,30087056.964399993,-99530.00000001637,0.0,-99530.00000001637
2023-04-03,30295917.514400013,210265.00000001965,1404.45,208860.55000001963
2023-04-04,30800462.514400005,504544.9999999943,0.0,504544.9999999943
2023-04-06,31095668.514399998,296519.9999999943,1314.0,295205.9999999943
2023-04-07,31588924.906500008,493730.00000001065,473.60790000000003,493256.39210001065
2023-04-10,31781573.906499997,192684.99999998853,36.0,192648.99999998853
2023-04-11,32416581.3065,636865.0000000024,1857.6,635007.4000000025
2023-04-12,32503366.3065,86784.99999999837,0.0,86784.99999999837
2023-04-13,32423131.306500003,-80234.99999999754,0.0,-80234.99999999754
2023-04-14,31891816.306500006,-531314.9999999959,0.0,-531314.9999999959
2023-04-17,31470926.306500006,-420890.0000000008,0.0,-420890.0000000008
2023-04-18,31262261.30649999,-208665.0000000139,0.0,-208665.0000000139
2023-04-19,31073521.306500003,-188739.99999999016,0.0,-188739.99999999016
2023-04-20,31068604.30650001,-2954.99999999427,1962.0,-4916.99999999427
2023-04-21,31822674.306500006,754069.9999999951,0.0,754069.9999999951
2023-04-24,32767999.9514,945914.9999999959,589.3551,945325.6448999959
2023-04-25,32443564.951400008,-324434.999999993,0.0,-324434.999999993
2023-04-26,32888169.951400016,444605.00000000617,0.0,444605.00000000617
2023-04-27,33286229.951400016,398059.9999999989,0.0,398059.9999999989
2023-04-28,33630244.951400004,344014.99999999005,0.0,344014.99999999005
2023-05-04,33398267.001399998,-231490.00000000518,487.95,-231977.9500000052
2023-05-05,34121587.00140001,723320.0000000079,0.0,723320.0000000079
2023-05-08,33185487.901400015,-935979.9999999956,119.1,-936099.0999999956
2023-05-09,33057297.901400004,-128190.00000000963,0.0,-128190.00000000963
2023-05-10,33334617.90140001,277320.00000000873,0.0,277320.00000000873
2023-05-11,33848007.90139999,513389.9999999843,0.0,513389.9999999843
2023-05-12,34537007.90140001,689000.0000000166,0.0,689000.0000000166
2023-05-15,33951641.298599996,-581740.0000000105,3626.6027999999997,-585366.6028000105
2023-05-16,33811641.298599996,-139999.99999999825,0.0,-139999.99999999825
2023-05-17,33574311.29859999,-237330.00000000437,0.0,-237330.00000000437
2023-05-18,33343891.298599996,-230419.9999999939,0.0,-230419.9999999939
2023-05-19,34060101.2986,716210.0000000052,0.0,716210.0000000052
2023-05-22,34873501.2838,814829.9999999957,1430.0148,813399.9851999957
2023-05-23,35739015.78379999,867624.9999999902,2110.5,865514.4999999902
2023-05-24,36576530.78379999,837515.0000000009,0.0,837515.0000000009
2023-05-25,36677030.7838,100500.00000000797,0.0,100500.00000000797
2023-05-26,36033180.78379999,-643850.0000000079,0.0,-643850.0000000079
2023-05-29,35739835.28379999,-292090.0,1255.5,-293345.5
2023-05-30,35820090.283800006,80255.0000000142,0.0,80255.0000000142
2023-05-31,36204080.28379999,383989.9999999867,0.0,383989.9999999867
2023-06-01,35834895.2838,-369184.999999992,0.0,-369184.999999992
2023-06-02,34512930.283800006,-1321964.9999999956,0.0,-1321964.9999999956
2023-06-05,34221167.15120001,-288129.99999999464,3633.1326,-291763.13259999466
2023-06-06,34585282.151200004,364114.99999999587,0.0,364114.99999999587
2023-06-07,35094307.151200004,509025.0000000033,0.0,509025.0000000033
2023-06-08,34880072.1512,-214235.00000000908,0.0,-214235.00000000908
2023-06-09,35032532.15119999,152459.99999999424,0.0,152459.99999999424
2023-06-12,35181424.15119999,149044.99999999834,153.0,148891.99999999834
2023-06-13,35741924.151200004,560500.0000000156,0.0,560500.0000000156
2023-06-14,35085539.1512,-656385.0000000058,0.0,-656385.0000000058
2023-06-15,34603224.15119999,-482315.0000000107,0.0,-482315.0000000107
2023-06-16,33486709.1512,-1116514.9999999902,0.0,-1116514.9999999902
2023-06-19,33314762.90119999,-171785.00000000934,161.25,-171946.25000000934
2023-06-20,33505247.9012,190485.00000001045,0.0,190485.00000001045
2023-06-21,33780412.9012,275164.99999999936,0.0,275164.99999999936
2023-06-26,34374214.40119999,593814.9999999915,13.5,593801.4999999915
2023-06-27,33740894.4012,-633319.9999999942,0.0,-633319.9999999942
2023-06-28,33508714.40119999,-232180.00000000588,0.0,-232180.00000000588
2023-06-29,33248216.401200004,-258724.99999998626,1773.0,-260497.99999998626
2023-06-30,33301101.4012,52884.99999999607,0.0,52884.99999999607
2023-07-03,33294889.536100004,-5894.999999997381,316.8651,-6211.865099997381
2023-07-04,32983514.536099993,-311375.00000001246,0.0,-311375.00000001246
2023-07-05,33466319.5361,482805.0000000065,0.0,482805.0000000065
2023-07-06,33569939.53610001,103620.00000000457,0.0,103620.00000000457
2023-07-07,33592524.53610001,22584.999999998035,0.0,22584.999999998035
2023-07-10,33791450.735549994,200114.99999998932,1188.80055,198926.1994499893
2023-07-11,33564930.73555,-226519.99999998993,0.0,-226519.99999998993
2023-07-12,33325530.735550005,-239399.9999999953,0.0,-239399.9999999953
2023-07-13,33118700.73555,-206830.00000000536,0.0,-206830.00000000536
2023-07-14,32627220.73554999,-491480.0000000094,0.0,-491480.0000000094
2023-07-17,32881333.7202,262700.00000000803,8587.01535,254112.98465000803
2023-07-18,32951933.7202,70599.99999999866,0.0,70599.99999999866
2023-07-19,32985583.72019999,33649.99999999262,0.0,33649.99999999262
2023-07-20,32729613.720200006,-255969.99999998658,0.0,-255969.99999998658
2023-07-21,32768343.720199995,38729.99999998859,0.0,38729.99999998859
2023-07-24,32256302.220200006,-507014.99999998795,5026.5,-512041.49999998795
2023-07-25,31592332.220199995,-663970.0000000121,0.0,-663970.0000000121
2023-07-26,32032294.220200006,443850.00000001275,3888.0,439962.00000001275
2023-07-27,32718794.220200002,686499.9999999973,0.0,686499.9999999973
2023-07-28,32223904.220199995,-494890.0000000067,0.0,-494890.0000000067
2023-07-31,31206803.813599996,-1016105.0000000002,995.4066,-1017100.4066000002
2023-08-01,32051627.813600007,844905.0000000118,81.0,844824.0000000118
2023-08-02,32092842.813600004,41214.999999996246,0.0,41214.999999996246
2023-08-03,31518092.813599996,-574750.0000000068,0.0,-574750.0000000068
2023-08-04,31892407.813600004,374315.00000000827,0.0,374315.00000000827
2023-08-07,31443993.180800006,-445534.9999999961,2879.6328,-448414.6327999961
2023-08-08,31345233.180800002,-98760.00000000418,0.0,-98760.00000000418
2023-08-09,31378458.180799987,33224.9999999858,0.0,33224.9999999858
2023-08-10,31560378.18079999,181920.0000000042,0.0,181920.0000000042
2023-08-11,31771198.180800002,210820.00000001086,0.0,210820.00000001086
2023-08-14,31737084.286399987,-32500.000000014876,1613.8944000000001,-34113.89440001488
2023-08-15,32496231.0364,760940.0000000147,1793.25,759146.7500000147
2023-08-16,32595454.215580005,99360.00000000327,136.82082000000003,99223.17918000328
2023-08-17,32882574.21558,287119.9999999951,0.0,287119.9999999951
2023-08-18,32960514.21558,77939.99999999837,0.0,77939.99999999837
2023-08-21,34096999.186129995,1136689.9999999944,205.02945,1136484.9705499944
2023-08-22,33890256.186129995,-205419.9999999994,1323.0,-206742.9999999994
2023-08-23,33528331.186129995,-361925.00000000093,0.0,-361925.00000000093
2023-08-24,33418506.186130002,-109824.99999999092,0.0,-109824.99999999092
2023-08-25,33360616.186130002,-57890.0,0.0,-57890.0
2023-08-28,34012684.51393,656480.0000000003,4411.6722,652068.3278000003
2023-08-29,34162844.51392999,150159.9999999925,0.0,150159.9999999925
2023-08-30,34488074.51393001,325230.0000000142,0.0,325230.0000000142
2023-08-31,34831479.51393,343404.9999999933,0.0,343404.9999999933
2023-09-01,34678834.51393,-152645.0000000017,0.0,-152645.0000000017
2023-09-04,33652664.385280006,-1025144.9999999927,1025.12865,-1026170.1286499926
2023-09-05,32919402.38527999,-733235.0000000139,27.0,-733262.0000000139
2023-09-06,32821978.878129985,-95830.00000000373,1593.50715,-97423.50715000373
2023-09-07,32854995.378129985,33030.00000000128,13.5,33016.50000000128
2023-09-08,32432105.37813,-422889.9999999842,0.0,-422889.9999999842
2023-09-11,32010694.925079986,-416360.0000000149,5050.45305,-421410.4530500149
2023-09-12,31680847.42508,-329824.9999999865,22.5,-329847.4999999865
2023-09-13,31693920.35263,13129.999999999987,57.07245,13072.927549999988
2023-09-14,31692330.35263,-1590.0,0.0,-1590.0
2023-09-15,31110460.35262999,-581870.0000000093,0.0,-581870.0000000093
2023-09-18,30661033.473629985,-446270.00000000483,3156.879,-449426.87900000485
2023-09-19,30956493.473629996,295460.00000000943,0.0,295460.00000000943
2023-09-20,30542443.47362998,-414050.0000000132,0.0,-414050.0000000132
2023-09-21,30685319.97362999,142890.00000000748,13.5,142876.50000000748
2023-09-22,30535439.973629996,-149879.99999999074,0.0,-149879.99999999074
2023-09-25,30281657.36462998,-251310.00000001476,2472.609,-253782.60900001475
2023-09-26,30341783.36462999,63870.00000001074,3744.0,60126.00000001074
2023-09-27,30440253.36462998,98469.99999998853,0.0,98469.99999998853
2023-09-28,30883603.364629988,443350.0000000086,0.0,443350.0000000086
2023-10-09,30596681.864629984,-286800.0000000038,121.5,-286921.5000000038
2023-10-10,29939821.864629988,-656859.9999999946,0.0,-656859.9999999946
2023-10-11,29644291.86462998,-295530.000000008,0.0,-295530.000000008
2023-10-12,29540881.864629984,-103409.999999998,0.0,-103409.999999998
2023-10-13,29315836.364629984,-224930.0,115.5,-225045.5
2023-10-16,29306154.533979982,-8860.000000002648,821.8306500000001,-9681.830650002648
2023-10-17,28739994.533979986,-566159.9999999956,0.0,-566159.9999999956
2023-10-18,29261144.533979982,521149.99999999814,0.0,521149.99999999814
2023-10-19,29399394.533979982,138249.99999999878,0.0,138249.99999999878
2023-10-20,29522104.533979982,122710.00000000186,0.0,122710.00000000186
2023-10-23,29645394.53397999,123290.00000000687,0.0,123290.00000000687
2023-10-24,29398604.53397998,-246790.00000001187,0.0,-246790.00000001187
2023-10-25,29836054.533979993,437450.000000015,0.0,437450.000000015
2023-10-26,29749929.03397999,-82350.000000005,3775.5,-86125.500000005
2023-10-27,29290634.03397999,-459294.99999999936,0.0,-459294.99999999936
2023-10-30,29623799.033979986,334994.9999999963,1830.0,333164.9999999963
2023-10-31,29889909.033979982,266109.9999999963,0.0,266109.9999999963
2023-11-01,29852219.03397999,-37689.99999999437,0.0,-37689.99999999437
2023-11-02,30207314.033979997,355095.0000000063,0.0,355095.0000000063
2023-11-03,30026614.033979982,-180700.00000001502,0.0,-180700.00000001502
2023-11-06,29995201.456779983,-28745.0,2667.5772,-31412.5772
2023-11-07,30359951.45677999,364750.00000000873,0.0,364750.00000000873
2023-11-08,30435716.456779994,75765.000000005,0.0,75765.000000005
2023-11-09,30712706.456779983,276989.99999998935,0.0,276989.99999998935
2023-11-10,30480066.456779994,-232639.99999998874,0.0,-232639.99999998874
2023-11-13,29574747.38557998,-900760.0000000137,4559.0712,-905319.0712000137
2023-11-14,29001672.38557999,-573074.9999999913,0.0,-573074.9999999913
2023-11-15,29558592.38557998,556919.9999999944,0.0,556919.9999999944
2023-11-16,29643232.385579992,84640.00000001126,0.0,84640.00000001126
2023-11-17,29766947.385579977,123714.99999998562,0.0,123714.99999998562
2023-11-20,29626166.40502999,-140539.99999998594,240.98055,-140780.98054998595
2023-11-21,30303742.905029986,678669.9999999945,1093.5,677576.4999999945
2023-11-22,29611965.405029986,-687975.0000000012,3802.5,-691777.5000000012
2023-11-23,28976725.405029975,-635240.0000000119,0.0,-635240.0000000119
2023-11-24,28954265.405029975,-22459.99999999845,0.0,-22459.99999999845
2023-11-27,29503164.543029983,549160.0000000085,260.86199999999997,548899.1380000085
2023-11-28,29643394.543029986,140230.0000000026,0.0,140230.0000000026
2023-11-29,29399554.543029986,-243840.00000000064,0.0,-243840.00000000064
2023-11-30,29253184.543029983,-146370.00000000518,0.0,-146370.00000000518
2023-12-01,29876524.543029983,623340.0000000013,0.0,623340.0000000013
2023-12-04,30135015.54302998,260479.9999999959,1989.0,258490.9999999959
2023-12-05,29964675.543029983,-170339.99999999526,0.0,-170339.99999999526
2023-12-06,29875225.543029983,-89450.00000000079,0.0,-89450.00000000079
2023-12-07,30704275.543029986,829050.0000000048,0.0,829050.0000000048
2023-12-08,30686591.900829986,-15959.99999999921,1723.6421999999998,-17683.64219999921
2023-12-11,30402575.650829975,-281710.0000000101,2306.25,-284016.2500000101
2023-12-12,30462653.650829982,61590.00000000669,1512.0,60078.00000000669
2023-12-13,30331838.650829967,-130815.0000000142,0.0,-130815.0000000142
2023-12-14,30274733.650829986,-57104.99999998162,0.0,-57104.99999998162
2023-12-15,30594438.650829975,319704.9999999892,0.0,319704.9999999892
2023-12-18,30387792.285229977,-206194.99999999875,451.36560000000003,-206646.36559999874
2023-12-19,30804442.285229973,416649.9999999947,0.0,416649.9999999947
2023-12-20,31047302.285229985,242860.00000001135,0.0,242860.00000001135
2023-12-21,31127601.285229977,84519.99999999319,4221.0,80298.99999999319
2023-12-22,32121896.28522998,994295.0000000037,0.0,994295.0000000037
2023-12-25,32451787.28522998,331835.0000000015,1944.0,329891.0000000015
2023-12-26,32556902.28522998,105114.99999999924,0.0,105114.99999999924
2023-12-27,32943217.28522998,386315.0000000015,0.0,386315.0000000015
2023-12-28,33645302.28522998,702084.9999999985,0.0,702084.9999999985
2023-12-29,33804122.285229966,158819.99999998865,0.0,158819.99999998865
2024-01-02,33112413.666029975,-688614.9999999913,3093.6192,-691708.6191999912
2024-01-03,32727833.666029975,-384580.0,0.0,-384580.0
2024-01-04,32320083.66602997,-407750.0000000036,0.0,-407750.0000000036
2024-01-05,32553733.666029975,233650.00000000285,0.0,233650.00000000285
2024-01-08,32563777.666029982,12600.000000008076,2556.0,10044.000000008076
2024-01-09,32706717.666029982,142940.0,0.0,142940.0
2024-01-10,32853757.66602998,147039.99999999654,0.0,147039.99999999654
2024-01-11,32594867.666029975,-258890.00000000556,0.0,-258890.00000000556
2024-01-12,32154812.666029967,-435960.0000000076,4095.0,-440055.0000000076
2024-01-15,31921253.16602997,-233539.99999999514,19.5,-233559.49999999514
2024-01-16,31597093.16602997,-324160.00000000134,0.0,-324160.00000000134
2024-01-17,32104045.16602998,506970.0000000063,18.0,506952.0000000063
2024-01-18,31979625.16602997,-124420.00000000784,0.0,-124420.00000000784
2024-01-19,31804905.166029975,-174719.99999999476,0.0,-174719.99999999476
2024-01-22,32326742.170379978,521840.000000002,2.9956500000000004,521837.004350002
2024-01-23,32138862.17037998,-187879.99999999476,0.0,-187879.99999999476
2024-01-24,32524272.17037998,385410.00000000064,0.0,385410.00000000064
2024-01-25,32406892.17037997,-117380.00000001045,0.0,-117380.00000001045
2024-01-26,32611242.170379966,204349.99999999738,0.0,204349.99999999738
2024-01-29,32903154.811179966,291959.9999999987,47.3592,291912.6407999987
2024-01-30,33367799.811179973,464645.0000000065,0.0,464645.0000000065
2024-01-31,33806604.81117997,438804.999999998,0.0,438804.999999998
2024-02-01,33778304.81117997,-28300.00000000131,0.0,-28300.00000000131
2024-02-02,34065454.81117998,287150.0000000046,0.0,287150.0000000046
2024-02-05,34262597.53207999,197220.00000000326,77.2791,197142.72090000325
2024-02-06,34071672.53207998,-190925.00000001112,0.0,-190925.00000001112
2024-02-07,34664427.53207999,592755.0000000045,0.0,592755.0000000045
2024-02-08,34388307.53207999,-276120.0000000013,0.0,-276120.0000000013
2024-02-19,33920125.85447999,-468179.9999999935,1.6776,-468181.6775999935
2024-02-20,33440580.85447999,-478509.9999999993,1035.0,-479544.9999999993
2024-02-21,33761371.85447999,325135.000000002,4344.0,320791.000000002
2024-02-22,33497561.85447999,-263810.00000000064,0.0,-263810.00000000064
2024-02-23,33254641.85448,-242919.99999999092,0.0,-242919.99999999092
2024-02-26,33211145.485079985,-43410.000000013606,86.3694,-43496.36940001361
2024-02-27,33169695.485079996,-41449.99999998963,0.0,-41449.99999998963
2024-02-28,32912546.485079996,-257140.0000000008,9.0,-257149.0000000008
2024-02-29,33126866.683379985,214379.99999998926,59.801700000000004,214320.19829998925
2024-03-01,32907806.683379997,-219059.999999988,0.0,-219059.999999988
2024-03-04,33374738.53337999,469799.9999999943,2868.1499999999996,466931.8499999943
2024-03-05,33761833.533379994,387095.0000000038,0.0,387095.0000000038
2024-03-06,34082113.53337999,320279.9999999943,0.0,320279.9999999943
2024-03-07,34007623.53337999,-74489.99999999684,0.0,-74489.99999999684
2024-03-08,34104193.53337999,96570.00000000189,0.0,96570.00000000189
2024-03-11,34244631.54102999,144859.99999999956,4421.9923499999995,140438.00764999958
2024-03-12,34240361.54102999,-3519.999999997177,750.0,-4269.999999997177
2024-03-13,34349816.54102998,109454.99999999368,0.0,109454.99999999368
2024-03-14,35078521.54102998,728705.0,0.0,728705.0
2024-03-15,35857761.541029975,779239.9999999959,0.0,779239.9999999959
2024-03-18,36170722.605329975,313129.99999999936,168.9357,312961.0642999994
2024-03-19,35507457.60532999,-663264.9999999852,0.0,-663264.9999999852
2024-03-20,34994810.10532998,-508035.00000000885,4612.5,-512647.50000000885
2024-03-21,35390790.10532998,395979.9999999994,0.0,395979.9999999994
2024-03-22,35047640.10532998,-343149.9999999972,0.0,-343149.9999999972
2024-03-25,34934250.10532998,-113390.00000000064,0.0,-113390.00000000064
2024-03-26,35691160.10532999,756910.0000000063,0.0,756910.0000000063
2024-03-27,35886190.10532998,195029.99999999462,0.0,195029.99999999462
2024-03-28,36367550.105329975,481359.9999999946,0.0,481359.9999999946
2024-03-29,37421500.10532998,1053950.000000007,0.0,1053950.000000007
2024-04-01,37829562.284479976,408099.99999999284,37.82085,408062.1791499928
2024-04-02,37524492.284479976,-305070.0000000013,0.0,-305070.0000000013
2024-04-03,38131920.28447998,609300.000000004,1872.0,607428.000000004
2024-04-08,39021810.97622999,891400.0000000064,1509.30825,889890.6917500064
2024-04-09,39097683.97622999,76050.00000000079,177.0,75873.00000000079
2024-04-10,39054473.97622999,-43209.999999996595,0.0,-43209.999999996595
2024-04-11,39229175.97622997,179579.99999998813,4878.0,174701.99999998813
2024-04-12,40082599.009829976,855670.0000000054,2246.9664000000002,853423.0336000053
2024-04-15,41353895.759829976,1271379.9999999981,83.25,1271296.7499999981
2024-04-16,40049185.75982997,-1304710.0000000068,0.0,-1304710.0000000068
2024-04-17,39506645.759829976,-542539.999999989,0.0,-542539.999999989
2024-04-18,38851685.75982998,-654959.9999999959,0.0,-654959.9999999959
2024-04-19,38849669.44692998,-1950.0000000079235,66.3129,-2016.3129000079234
2024-04-22,39041060.72167998,191725.00000000244,333.72525,191391.27475000246
2024-04-23,39015700.72167998,-25360.00000000102,0.0,-25360.00000000102
2024-04-24,38349545.72167998,-666154.9999999976,0.0,-666154.9999999976
2024-04-25,39081530.72167998,731985.0000000007,0.0,731985.0000000007
2024-04-26,39210880.72167997,129349.99999998987,0.0,129349.99999998987
2024-04-29,39458923.44222997,248219.9999999993,177.27945,248042.7205499993
2024-04-30,39458223.44222998,-699.9999999917927,0.0,-699.9999999917927
2024-05-06,38838069.58957998,-618025.0000000042,2128.85265,-620153.8526500042
2024-05-07,39776844.589579985,938775.0000000056,0.0,938775.0000000056
2024-05-08,39293099.58957999,-483744.9999999909,0.0,-483744.9999999909
2024-05-09,39669949.58957998,376849.9999999874,0.0,376849.9999999874
2024-05-10,39560694.58957998,-109255.0000000014,0.0,-109255.0000000014
2024-05-13,39257642.83957998,-303045.0000000028,6.75,-303051.7500000028
2024-05-14,39868647.83957998,611005.0,0.0,611005.0
2024-05-15,39690187.83957999,-178459.99999998463,0.0,-178459.99999998463
2024-05-16,39588112.839579985,-102075.00000000629,0.0,-102075.00000000629
2024-05-17,39379682.839579985,-208429.9999999972,0.0,-208429.9999999972
2024-05-20,39661912.826329984,287400.0000000014,5170.01325,282229.9867500014
2024-05-21,40204310.826329984,543550.0000000007,1152.0,542398.0000000007
2024-05-22,40082420.82633,-121889.99999998865,0.0,-121889.99999998865
2024-05-23,39299050.82633,-783370.0000000007,0.0,-783370.0000000007
2024-05-24,38657770.92737999,-641240.0000000091,39.89895,-641279.898950009
2024-05-27,38654792.44408,-1939.9999999887368,1038.4832999999999,-2978.4832999887367
2024-05-28,39412572.444079995,757779.9999999955,0.0,757779.9999999955
2024-05-29,39634992.44407999,222419.99999998952,0.0,222419.99999998952
2024-05-30,40330942.44407999,695950.0000000007,0.0,695950.0000000007
2024-05-31,39788092.44407999,-542850.0000000015,0.0,-542850.0000000015
2024-06-03,39047161.32382999,-740829.9999999925,101.12025,-740931.1202499926
2024-06-04,39699371.323829986,652209.9999999948,0.0,652209.9999999948
2024-06-05,40455511.32383,756140.0000000128,0.0,756140.0000000128
2024-06-06,40098511.32382999,-357000.00000000675,0.0,-357000.00000000675
2024-06-07,40127171.32382999,28660.0000000015,0.0,28660.0000000015
2024-06-11,38632898.50087999,-1492690.000000002,1582.8229500000002,-1494272.822950002
2024-06-12,37731259.50087997,-901630.0000000125,9.0,-901639.0000000125
2024-06-13,37830597.50087999,99410.00000001123,72.0,99338.00000001123
2024-06-14,38269707.50087998,439109.99999999336,0.0,439109.99999999336
2024-06-17,37735724.00087997,-533295.000000004,688.5,-533983.500000004
2024-06-18,37907205.000879996,174145.00000002084,2664.0,171481.00000002084
2024-06-19,38072515.00087998,165309.99999998437,0.0,165309.99999998437
2024-06-20,38122185.00087999,49670.00000000652,0.0,49670.00000000652
2024-06-21,37873405.00088,-248779.9999999883,0.0,-248779.9999999883
2024-06-24,37697487.207079984,-174420.00000002107,1497.7938,-175917.79380002109
2024-06-25,38268402.20708,570915.0000000151,0.0,570915.0000000151
2024-06-26,38198132.207079984,-70270.00000001618,0.0,-70270.00000001618
2024-06-27,38452012.20708,253880.00000001187,0.0,253880.00000001187
2024-06-28,38686402.20707999,234389.9999999946,0.0,234389.9999999946
2024-07-01,37480857.82497998,-1204850.0000000098,694.3821,-1205544.3821000098
2024-07-02,37739317.82497998,258459.99999999919,0.0,258459.99999999919
2024-07-03,38415937.82498,676620.0000000135,0.0,676620.0000000135
2024-07-04,37820077.82498,-595860.0000000031,0.0,-595860.0000000031
2024-07-05,37564877.82497999,-255200.00000000795,0.0,-255200.00000000795
2024-07-08,37251745.82498,-313059.99999999354,72.0,-313131.99999999354
2024-07-09,37520695.82498,268949.99999999686,0.0,268949.99999999686
2024-07-10,37070055.82497999,-450640.0000000039,0.0,-450640.0000000039
2024-07-11,36925205.82498,-144849.9999999922,0.0,-144849.9999999922
2024-07-12,36403165.82498,-522040.0,0.0,-522040.0
2024-07-15,35595033.324980006,-803879.9999999958,4252.5,-808132.4999999958
2024-07-16,35032276.751480006,-562649.9999999993,106.5735,-562756.5734999994
2024-07-17,35073470.628079996,44579.99999999156,3386.1234,41193.87659999156
2024-07-18,34973720.62808,-99749.99999999281,0.0,-99749.99999999281
2024-07-19,34653220.62808001,-320499.99999999546,0.0,-320499.99999999546
2024-07-22,34809451.87808,162369.99999999086,6138.75,156231.24999999086
2024-07-23,34971711.87808001,162260.00000000588,0.0,162260.00000000588
2024-07-24,35420641.87808,448929.9999999902,0.0,448929.9999999902
2024-07-25,35846901.87808,426259.999999998,0.0,426259.999999998
2024-07-26,35820231.87808,-26669.99999999738,0.0,-26669.99999999738
2024-07-29,35765559.07808001,-44404.99999999281,10267.8,-54672.799999992814
2024-07-30,35412489.078080006,-353070.0000000105,0.0,-353070.0000000105
2024-07-31,35809139.078080006,396650.000000002,0.0,396650.000000002
2024-08-01,36236679.07808002,427540.00000001374,0.0,427540.00000001374
2024-08-02,36292619.07808001,55939.99999999281,0.0,55939.99999999281
2024-08-05,36142631.12808001,-144880.00000000195,5107.95,-149987.95000000196
2024-08-06,35966621.12808001,-176010.00000000262,0.0,-176010.00000000262
2024-08-07,36719631.12808001,753009.9999999974,0.0,753009.9999999974
2024-08-08,36438491.12808001,-281139.9999999974,0.0,-281139.9999999974
2024-08-09,36327691.12808001,-110799.99999999869,0.0,-110799.99999999869
2024-08-12,36281786.578080006,-41000.00000000524,4904.549999999999,-45904.55000000524
2024-08-13,36959106.57808001,677320.0000000085,0.0,677320.0000000085
2024-08-14,38067266.578080006,1108159.999999992,0.0,1108159.999999992
2024-08-15,38528394.07808001,462410.00000000454,1282.5,461127.50000000454
2024-08-16,39131490.32808002,606160.000000004,3063.75,603096.250000004
2024-08-19,39732959.32808002,602180.0,711.0,601469.0
2024-08-20,39654319.32808002,-78639.99999999668,0.0,-78639.99999999668
2024-08-21,39167207.32808003,-475759.9999999914,11352.0,-487111.9999999914
2024-08-22,39802177.32808002,634969.9999999912,0.0,634969.9999999912
2024-08-23,40799847.32808002,997669.9999999985,0.0,997669.9999999985
2024-08-26,41024642.99068002,228789.99999999558,3994.3374,224795.6625999956
2024-08-27,40175882.990680024,-848759.9999999941,0.0,-848759.9999999941
2024-08-28,40654359.977130026,478550.0000000007,73.01355,478476.9864500007
2024-08-29,40084409.97713002,-569950.0000000051,0.0,-569950.0000000051
2024-08-30,40168460.939180024,84075.0000000037,24.037950000000002,84050.9620500037
2024-09-02,40841677.92618003,676930.000000003,3713.0130000000004,673216.987000003
2024-09-03,41401667.92618002,559989.9999999963,0.0,559989.9999999963
2024-09-04,41539562.94813002,138800.00000000148,904.97805,137895.02195000148
2024-09-05,41569337.94813003,29775.00000000518,0.0,29775.00000000518
2024-09-06,42587307.94813003,1017970.0000000037,0.0,1017970.0000000037
2024-09-09,43484446.648130015,901089.9999999859,3951.3,897138.6999999859
2024-09-10,44340226.648130015,855780.0000000022,0.0,855780.0000000022
2024-09-11,44806211.64813002,465985.00000000664,0.0,465985.00000000664
2024-09-12,44910841.64813002,104630.00000000295,0.0,104630.00000000295
2024-09-13,45671256.64813002,760415.0,0.0,760415.0
2024-09-18,47766986.40813003,2096075.0000000026,345.24,2095729.7600000026
2024-09-19,48047706.40813003,280720.0,0.0,280720.0
2024-09-20,48726595.90813001,684554.9999999886,5665.5,678889.4999999886
2024-09-23,48648565.54123002,-77594.99999998689,435.3669,-78030.36689998688
2024-09-24,48256395.541230015,-392170.00000000896,0.0,-392170.00000000896
2024-09-25,48967250.54123002,710855.0000000081,0.0,710855.0000000081
2024-09-26,48764775.54123001,-202475.0000000138,0.0,-202475.0000000138
2024-09-27,46884415.54123001,-1880360.0000000023,0.0,-1880360.0000000023
2024-09-30,45018550.536030024,-1865604.9999999849,260.0052,-1865865.0051999849
2024-10-08,44854245.33138001,-162450.000000014,1855.2046500000001,-164305.204650014
2024-10-09,45496695.33138002,642450.0000000079,0.0,642450.0000000079
2024-10-10,45808750.33138001,312054.99999999127,0.0,312054.99999999127
2024-10-11,46613043.73138002,808455.0000000132,4161.6,804293.4000000132
2024-10-14,46639647.731380016,26684.99999999613,81.0,26603.99999999613
2024-10-15,45874487.73138001,-765160.0000000101,0.0,-765160.0000000101
2024-10-16,45734362.731380016,-140124.99999999264,0.0,-140124.99999999264
2024-10-17,47060047.73138,1325684.9999999888,0.0,1325684.9999999888
2024-10-18,47617402.73138001,557355.0000000047,0.0,557355.0000000047
2024-10-21,47761420.63138001,150289.99999999587,6272.1,144017.89999999586
2024-10-22,47914905.63138002,153485.00000001426,0.0,153485.00000001426
2024-10-23,48044165.631380014,129259.99999999494,0.0,129259.99999999494
2024-10-24,47983165.631380014,-61000.00000000204,0.0,-61000.00000000204
2024-10-25,47226160.63138002,-757004.9999999899,0.0,-757004.9999999899
2024-10-28,46672210.705680005,-549445.0000000184,4504.9257,-553949.9257000184
2024-10-29,46425705.70568002,-246504.99999998457,0.0,-246504.99999998457
2024-10-30,46366260.70568003,-59444.9999999928,0.0,-59444.9999999928
2024-10-31,46251280.705680005,-114980.00000002366,0.0,-114980.00000002366
2024-11-01,47573480.70568003,1322200.0000000237,0.0,1322200.0000000237
2024-11-04,48020879.24288001,448509.99999998306,1111.4628,447398.5371999831
2024-11-05,48559569.24288,538689.9999999936,0.0,538689.9999999936
2024-11-06,49282299.24288,722730.0000000019,0.0,722730.0000000019
2024-11-07,50522334.24288001,1240035.000000006,0.0,1240035.000000006
2024-11-08,52771654.24288002,2249320.0000000065,0.0,2249320.0000000065
2024-11-11,53311655.08913002,545770.0000000033,5769.15375,540000.8462500032
2024-11-12,53140685.08913,-170970.00000001967,0.0,-170970.00000001967
2024-11-13,50870295.08913,-2270390.0000000037,0.0,-2270390.0000000037
2024-11-14,50302805.08913002,-567489.999999979,0.0,-567489.999999979
2024-11-15,51813965.089130014,1511159.9999999935,0.0,1511159.9999999935
2024-11-18,50964376.839130014,-848740.000000002,848.25,-849588.250000002
2024-11-19,50427502.83913004,-532724.9999999795,4149.0,-536873.9999999795
2024-11-20,51029362.83913004,601860.0,0.0,601860.0
2024-11-21,50819707.83913,-209655.00000003504,0.0,-209655.00000003504
2024-11-22,50210872.83913002,-608834.9999999795,0.0,-608834.9999999795
2024-11-25,50511333.08912999,303064.9999999724,2604.75,300460.2499999724
2024-11-26,51007478.08912998,496144.9999999851,0.0,496144.9999999851
2024-11-27,51084373.089130014,76895.00000003804,0.0,76895.00000003804
2024-11-28,51524913.08913,440539.9999999851,0.0,440539.9999999851
2024-11-29,51592685.58913001,68560.0000000066,787.5,67772.5000000066
2024-12-02,53118549.03412999,1526739.999999985,876.555,1525863.4449999852
2024-12-03,53091864.03413,-26684.999999991735,0.0,-26684.999999991735
2024-12-04,55057279.034130014,1965415.0000000133,0.0,1965415.0000000133
2024-12-05,56207529.03412998,1150249.999999962,0.0,1150249.999999962
2024-12-06,55892779.03413,-314749.99999997846,0.0,-314749.99999997846
2024-12-09,55537447.70983001,-353584.9999999884,1746.3243000000002,-355331.3242999884
2024-12-10,55673382.70982999,135934.99999998324,0.0,135934.99999998324
2024-12-11,55155502.709830016,-517879.99999998015,0.0,-517879.99999998015
2024-12-12,55331542.70983001,176039.99999999502,0.0,176039.99999999502
2024-12-13,56472139.209830016,1145425.0000000065,4828.5,1140596.5000000065
2024-12-16,57450855.65983001,985879.9999999934,7163.55,978716.4499999933
2024-12-17,55686345.65982998,-1764510.0000000314,0.0,-1764510.0000000314
2024-12-18,54617254.05983002,-1063219.9999999618,5871.6,-1069091.599999962
2024-12-19,54248943.55983001,-368270.0000000092,40.5,-368310.5000000092
2024-12-20,55588814.559829995,1339879.9999999888,9.0,1339870.9999999888
2024-12-23,55134521.30983,-454149.999999995,143.25,-454293.249999995
2024-12-24,54561991.30983002,-572529.999999988,0.0,-572529.999999988
2024-12-25,54115291.30982998,-446700.0000000345,0.0,-446700.0000000345
2024-12-26,53437591.309829995,-677699.9999999865,0.0,-677699.9999999865
2024-12-27,54600081.30983001,1162490.0000000135,0.0,1162490.0000000135
2024-12-30,53783422.80982999,-816600.0000000251,58.5,-816658.5000000251
2024-12-31,54509162.809829995,725740.0000000071,0.0,725740.0000000071
2025-01-02,55252692.80982999,743529.9999999914,0.0,743529.9999999914
2025-01-03,55411592.809829995,158900.00000000716,0.0,158900.00000000716
2025-01-06,54648405.309830025,-761289.9999999738,1897.5,-763187.4999999738
2025-01-07,54353765.30983,-294640.00000001956,0.0,-294640.00000001956
2025-01-08,55616945.309830025,1263180.0000000196,0.0,1263180.0000000196
2025-01-09,55116535.30983002,-500410.0000000091,0.0,-500410.0000000091
2025-01-10,55272945.309829995,156409.99999998047,0.0,156409.99999998047
2025-01-13,55438724.40183001,172330.00000001173,6550.908,165779.09200001173
2025-01-14,55302324.401829995,-136400.000000013,0.0,-136400.000000013
2025-01-15,54919990.401830025,-376609.99999997066,5724.0,-382333.99999997066
2025-01-16,55000750.401830025,80759.99999999936,0.0,80759.99999999936
2025-01-17,53762860.40183001,-1237890.000000017,0.0,-1237890.000000017
2025-01-20,53912771.64333002,150130.00000000917,218.7585,149911.24150000917
2025-01-21,53916891.64333001,4119.999999986147,0.0,4119.999999986147
2025-01-22,54135551.643330015,218660.00000000995,0.0,218660.00000000995
2025-01-23,52985201.64333002,-1150349.9999999937,0.0,-1150349.9999999937
2025-01-24,52864301.643330015,-120900.00000000652,0.0,-120900.00000000652
2025-01-27,52935674.50033,77859.99999998345,6487.143,71372.85699998346
2025-02-05,54493131.00033002,1558550.0000000207,1093.5,1557456.5000000207
2025-02-06,54857901.000330016,364769.99999999243,0.0,364769.99999999243
2025-02-07,55298621.000330016,440719.99999999953,0.0,440719.99999999953
2025-02-10,55617863.00033,319409.9999999848,168.0,319241.9999999848
2025-02-11,56855603.000330016,1239240.0000000137,1500.0,1237740.0000000137
2025-02-12,57117643.00033002,262040.00000000471,0.0,262040.00000000471
2025-02-13,56544053.00033001,-573590.0000000136,0.0,-573590.0000000136
2025-02-14,56290403.00033,-253650.00000000547,0.0,-253650.00000000547
2025-02-17,56226327.05433001,-62449.99999998515,1625.946,-64075.94599998515
2025-02-18,54565206.55433,-1654915.0000000135,6205.5,-1661120.5000000135
2025-02-19,54618306.55433002,53100.00000002228,0.0,53100.00000002228
2025-02-20,54655122.05433001,36819.99999999115,4.5,36815.49999999115
2025-02-21,54456207.054330006,-197250.0000000049,1665.0,-198915.0000000049
2025-02-24,53424647.05433001,-1031559.999999989,0.0,-1031559.999999989
2025-02-25,53816743.852630004,392134.9999999873,38.2017,392096.79829998733
2025-02-26,54175023.85263001,358280.00000000687,0.0,358280.00000000687
2025-02-27,53605973.85263003,-569049.9999999863,0.0,-569049.9999999863
2025-02-28,54528023.85263001,922049.9999999863,0.0,922049.9999999863
2025-03-03,55095218.852630004,567239.9999999921,45.0,567194.9999999921
2025-03-04,55350458.85263002,255240.0000000167,0.0,255240.0000000167
2025-03-05,55214338.85263002,-136120.0,0.0,-136120.0
2025-03-06,55787528.85263002,573189.999999998,0.0,573189.999999998
2025-03-07,55552978.852630004,-234550.00000001374,0.0,-234550.00000001374
2025-03-10,55976704.35263002,423730.00000001374,4.5,423725.50000001374
2025-03-11,54950664.35263002,-1026040.000000002,0.0,-1026040.000000002
2025-03-12,56136364.35263003,1185700.000000004,0.0,1185700.000000004
2025-03-13,55914534.35263001,-221830.00000001182,0.0,-221830.00000001182
2025-03-14,55489114.85263003,-418664.9999999823,6754.5,-425419.4999999823
2025-03-17,54353964.852630004,-1135150.0000000186,0.0,-1135150.0000000186
2025-03-18,54781223.93983001,427465.00000000984,205.9128,427259.08720000985
2025-03-19,54523353.93983001,-257869.99999999802,0.0,-257869.99999999802
2025-03-20,55724283.93983002,1200930.000000006,0.0,1200930.000000006
2025-03-21,55513783.93983001,-210500.00000000492,0.0,-210500.00000000492
2025-03-24,54670587.43983,-843120.0000000118,76.5,-843196.5000000118
2025-03-25,54179082.43983,-491504.99999999703,0.0,-491504.99999999703
2025-03-26,54232194.40888001,53230.000000012806,118.03095,53111.969050012805
2025-03-27,54906504.40888,674309.999999996,0.0,674309.999999996
2025-03-28,54657574.40888,-248929.99999999706,0.0,-248929.99999999706
2025-03-31,54818679.25887999,161149.99999998917,45.15,161104.84999998918
2025-04-01,54236644.258880004,-582034.9999999882,0.0,-582034.9999999882
2025-04-02,54416514.25887999,179869.9999999833,0.0,179869.9999999833
2025-04-03,55609034.258880004,1192520.0000000116,0.0,1192520.0000000116
2025-04-07,54015233.60888,-1592425.000000008,1375.65,-1593800.6500000078
2025-04-08,54205783.60887999,190549.99999999115,0.0,190549.99999999115
2025-04-09,55564296.042080015,1360465.0000000226,1952.5668,1358512.4332000227
2025-04-10,55171631.04208001,-392665.00000000396,0.0,-392665.00000000396
2025-04-11,55556131.04208,384499.99999999214,0.0,384499.99999999214
2025-04-14,55404796.23893,-144640.0,6694.803150000001,-151334.80315
2025-04-15,55473240.738929994,72354.999999991,3910.5,68444.499999991
2025-04-16,56127105.388930015,658915.00000002,5050.35,653864.65000002
2025-04-17,55643564.13893,-475730.00000001804,7811.25,-483541.25000001804
2025-04-18,56176464.13893001,534220.000000008,1320.0,532900.000000008
2025-04-21,55333611.63893002,-842784.9999999877,67.5,-842852.4999999877
2025-04-22,55890391.638930015,556779.9999999935,0.0,556779.9999999935
2025-04-23,54939881.63893002,-950509.9999999946,0.0,-950509.9999999946
2025-04-24,54417781.63893,-522100.0000000228,0.0,-522100.0000000228
2025-04-25,54948041.63893002,530260.0000000249,0.0,530260.0000000249
2025-04-28,54565268.03188,-379650.0000000228,3123.60705,-382773.6070500228
2025-04-29,55513773.03188,948504.9999999967,0.0,948504.9999999967
2025-04-30,55990228.031880006,476455.0000000076,0.0,476455.0000000076
2025-05-06,56493983.140880026,511160.00000001845,7404.891,503755.10900001845
2025-05-07,55999418.14088001,-494565.00000001304,0.0,-494565.00000001304
2025-05-08,57020583.140879996,1021164.999999987,0.0,1021164.999999987
2025-05-09,56975928.14088,-44654.99999999348,0.0,-44654.99999999348
2025-05-12,55397673.40388002,-1570719.9999999804,7534.737,-1578254.7369999804
2025-05-13,54151163.403880015,-1246510.0000000098,0.0,-1246510.0000000098
2025-05-14,53244798.403880015,-906365.0000000012,0.0,-906365.0000000012
2025-05-15,52744238.403880015,-500560.0,0.0,-500560.0
2025-05-16,53238625.40388,498229.9999999859,3843.0,494386.9999999859
2025-05-19,53763660.76308001,525420.0000000081,384.6408,525035.3592000081
2025-05-20,54044195.763080016,280535.000000007,0.0,280535.000000007
2025-05-21,53526627.763080016,-516020.00000000047,1548.0,-517568.00000000047
2025-05-22,53575832.76308001,49204.99999999236,0.0,49204.99999999236
2025-05-23,53992592.76308001,416760.00000000285,0.0,416760.00000000285
2025-05-26,54204499.563080005,215400.0000000001,3493.2,211906.80000000008
2025-05-27,54400554.563080005,196055.0,0.0,196055.0
2025-05-28,54756304.56307999,355749.99999998556,0.0,355749.99999998556
2025-05-29,54849654.56308,93350.00000000768,0.0,93350.00000000768
2025-05-30,55392449.563080005,542795.0000000058,0.0,542795.0000000058
2025-06-03,56844069.16308,1455674.9999999972,4055.3999999999996,1451619.5999999973
2025-06-04,56196739.16308001,-647329.999999996,0.0,-647329.999999996
2025-06-05,55995669.16308,-201070.00000000783,0.0,-201070.00000000783
2025-06-06,55534989.16308001,-460679.99999998923,0.0,-460679.99999998923
2025-06-09,55557626.11308,22799.99999999851,163.05,22636.94999999851
2025-06-10,55421581.11308,-136045.0,0.0,-136045.0
2025-06-11,54636271.11308001,-785309.9999999958,0.0,-785309.9999999958
2025-06-12,54516521.113079995,-119750.0000000117,0.0,-119750.0000000117
2025-06-13,54873596.113079995,357075.0,0.0,357075.0
2025-06-16,54932833.313080005,64405.00000000988,5167.799999999999,59237.20000000988
2025-06-17,55286448.313080005,353615.0000000011,0.0,353615.0000000011
2025-06-18,54655888.313080005,-630560.0000000012,0.0,-630560.0000000012
2025-06-19,54605458.31307998,-50430.00000001894,0.0,-50430.00000001894
2025-06-20,54550518.313080005,-54939.99999997883,0.0,-54939.99999997883
2025-06-23,54589356.52057999,42889.9999999858,4051.7925,38838.207499985794
2025-06-24,54007112.020579986,-577650.0000000092,4594.5,-582244.5000000092
2025-06-25,53356287.02057998,-650825.000000006,0.0,-650825.000000006
2025-06-26,52923722.02058,-432564.9999999792,0.0,-432564.9999999792
2025-06-27,52212872.02057998,-710850.0000000235,0.0,-710850.0000000235
2025-06-30,51450568.12058001,-754799.9999999695,7503.9,-762303.8999999695
2025-07-01,52231988.12057998,781419.9999999722,0.0,781419.9999999722
2025-07-02,51504548.120579995,-727439.9999999874,0.0,-727439.9999999874
2025-07-03,50917738.12057998,-586810.0000000154,0.0,-586810.0000000154
2025-07-04,51187868.120579995,270130.0000000153,0.0,270130.0000000153
2025-07-07,52007408.12058,819540.0000000112,0.0,819540.0000000112
2025-07-08,52224048.12058,216640.0000000014,0.0,216640.0000000014
2025-07-09,52249438.12057998,25389.99999997911,0.0,25389.99999997911
2025-07-10,50554098.12058,-1695339.9999999804,0.0,-1695339.9999999804
2025-07-11,49718928.12057999,-835170.0000000154,0.0,-835170.0000000154
2025-07-14,49386614.07557998,-326830.0000000111,5484.045,-332314.0450000111
2025-07-15,49894819.07558001,508205.0000000292,0.0,508205.0000000292
2025-07-16,50346809.07557999,451989.9999999861,0.0,451989.9999999861
2025-07-17,50240254.07557999,-106554.9999999986,0.0,-106554.9999999986
2025-07-18,49680367.07558,-554864.9999999944,5022.0,-559886.9999999944
2025-07-21,48717966.654180005,-962389.9999999958,10.4214,-962400.4213999958
2025-07-22,47129781.654180005,-1588184.9999999972,0.0,-1588184.9999999972
2025-07-23,46612772.65418,-516955.0000000094,54.0,-517009.0000000094
2025-07-24,45144688.654180005,-1468029.9999999916,54.0,-1468083.9999999916
2025-07-25,43404883.154179975,-1739675.000000026,130.5,-1739805.500000026
2025-07-28,44230956.15268,828800.0000000241,2727.0015,826072.9985000241
2025-07-29,44402596.152679995,171639.99999998882,0.0,171639.99999998882
2025-07-30,43985536.15268001,-417059.9999999864,0.0,-417059.9999999864
2025-07-31,45898836.15267998,1913299.9999999716,0.0,1913299.9999999716
2025-08-01,46405856.15268,507020.00000001985,0.0,507020.00000001985
2025-08-04,46743569.084029995,338539.99999999267,827.06865,337712.9313499927
2025-08-05,47604939.08402999,861369.999999995,0.0,861369.999999995
2025-08-06,47851259.08402999,246320.00000000125,0.0,246320.00000000125
2025-08-07,48211509.08402999,360250.0000000037,0.0,360250.0000000037
2025-08-08,48428759.08402999,217250.0,0.0,217250.0
2025-08-11,48023982.584029995,-404474.9999999899,301.5,-404776.4999999899
2025-08-12,48068627.58402998,44644.999999982945,0.0,44644.999999982945
2025-08-13,48521102.58402997,452474.9999999929,0.0,452474.9999999929
2025-08-14,48195331.58402999,-320709.9999999872,5061.0,-325770.9999999872
2025-08-15,48331081.584029995,137085.00000000995,1335.0,135750.00000000995
2025-08-18,47710167.12217998,-615520.0000000178,5394.46185,-620914.4618500178
2025-08-19,48167767.12217998,457600.0000000031,0.0,457600.0000000031
2025-08-20,48009400.12217999,-152624.9999999862,5742.0,-158366.9999999862
2025-08-21,48547130.122179985,537729.9999999938,0.0,537729.9999999938
2025-08-22,48767290.122179985,220160.00000000306,0.0,220160.00000000306
2025-08-25,48710258.832179956,-48240.00000002922,8791.29,-57031.29000002922
2025-08-26,49000548.83217997,290290.0000000114,0.0,290290.0000000114
2025-08-27,49524328.832179956,523779.9999999843,0.0,523779.9999999843
2025-08-28,48645488.832179986,-878839.9999999732,0.0,-878839.9999999732
2025-08-29,48648368.832179956,2879.9999999680294,0.0,2879.9999999680294
2025-09-01,49292794.78117997,645140.0000000158,714.051,644425.9490000159
2025-09-02,49926521.607629985,634810.000000014,1083.17355,633726.826450014
2025-09-03,50202966.60762998,276444.99999999563,0.0,276444.99999999563
2025-09-04,49715311.60762996,-487655.0000000161,0.0,-487655.0000000161
2025-09-05,49008876.60762997,-706434.9999999893,0.0,-706434.9999999893
2025-09-08,48814870.392129965,-190845.00000000506,3161.2155000000002,-194006.21550000506
2025-09-09,48921920.39212996,107049.99999999578,0.0,107049.99999999578
2025-09-10,48937270.39212996,15349.999999999069,0.0,15349.999999999069
2025-09-11,49148490.39212996,211220.0000000002,0.0,211220.0000000002
2025-09-12,49579465.64212997,436835.00000001857,5859.75,430975.25000001857
2025-09-15,49424827.54642997,-152130.000000006,2508.0957,-154638.095700006
2025-09-16,49103741.47162997,-321044.9999999972,41.0748,-321086.0747999972
2025-09-17,49810311.00207997,706640.0000000002,70.46955,706569.5304500002
2025-09-18,49184391.002079956,-625920.0000000119,0.0,-625920.0000000119
2025-09-19,48401441.50207995,-776420.0000000041,6529.5,-782949.5000000041
2025-09-22,48051571.50207995,-349840.00000000367,30.0,-349870.00000000367
2025-09-23,47328628.502079956,-722924.9999999955,18.0,-722942.9999999955
2025-09-24,47331237.60427997,2665.0000000143013,55.8978,2609.102200014301
2025-09-25,47665697.60427997,334460.0000000021,0.0,334460.0000000021
2025-09-26,48440117.604279965,774419.9999999936,0.0,774419.9999999936
2025-09-29,49163498.21802995,725624.9999999915,2244.38625,723380.6137499915
2025-09-30,49857998.21802997,694500.0000000133,0.0,694500.0000000133
2025-10-09,51963977.86757996,2106919.9999999874,940.35045,2105979.6495499876
2025-10-10,51912172.86757995,-51805.000000005326,0.0,-51805.000000005326
2025-10-13,51111328.531879954,-799889.9999999943,954.3357,-800844.3356999943
2025-10-14,51566298.531879954,456530.00000000116,1560.0,454970.00000000116
2025-10-15,51115273.53187995,-451025.00000000594,0.0,-451025.00000000594
2025-10-16,51585218.531879954,469945.0000000047,0.0,469945.0000000047
2025-10-17,51705628.53187996,120410.0000000062,0.0,120410.0000000062
2025-10-20,50802728.533379965,-894409.9999999949,8489.9985,-902899.9984999949
2025-10-21,50508108.533379965,-294619.99999999785,0.0,-294619.99999999785
2025-10-22,50315292.53337995,-188640.00000001505,4176.0,-192816.00000001505
2025-10-23,49725742.53337994,-589550.0000000064,0.0,-589550.0000000064
2025-10-24,49746885.53337996,21170.00000001421,27.0,21143.00000001421
2025-10-27,49592015.08797995,-149490.0000000088,5380.4454,-154870.4454000088
2025-10-28,49924588.08797995,332600.00000000244,27.0,332573.00000000244
2025-10-29,50337588.08797995,413000.00000000186,0.0,413000.00000000186
2025-10-30,50543628.08797996,206040.000000011,0.0,206040.000000011
2025-10-31,50943128.08797996,399500.00000000186,0.0,399500.00000000186
2025-11-03,51993897.98467995,1052019.9999999919,1250.1033,1050769.8966999918
2025-11-04,52318087.98467996,324190.0000000064,0.0,324190.0000000064
2025-11-05,52530597.984679945,212509.99999998443,0.0,212509.99999998443
2025-11-06,52658557.98467995,127960.00000001007,0.0,127960.00000001007
2025-11-07,52714027.98467994,55469.9999999881,0.0,55469.9999999881
2025-11-10,53165415.07147995,467510.0000000074,16122.9132,451387.0868000074
2025-11-11,53804485.071479954,639070.0000000108,0.0,639070.0000000108
2025-11-12,54294280.07147994,489794.999999982,0.0,489794.999999982
2025-11-13,55151975.07147996,857695.0000000217,0.0,857695.0000000217
2025-11-14,55385220.07147995,233244.999999988,0.0,233244.999999988
2025-11-17,54530885.21777995,-853504.9999999951,829.8537,-854334.8536999951
2025-11-18,53826230.21777995,-704654.9999999971,0.0,-704654.9999999971
2025-11-19,53928885.21777994,102654.99999999278,0.0,102654.99999999278
2025-11-20,55278680.21777992,1349794.9999999811,0.0,1349794.9999999811
2025-11-21,55028690.21777993,-249989.99999999133,0.0,-249989.99999999133
2025-11-24,53305648.71777993,-1715944.9999999981,7096.5,-1723041.4999999981
2025-11-25,52218962.71777988,-1083950.0000000456,2736.0,-1086686.0000000456
2025-11-26,51451587.71777989,-767374.9999999894,0.0,-767374.9999999894
2025-11-27,50650952.7177799,-800634.9999999912,0.0,-800634.9999999912
2025-11-28,50302582.71777991,-348369.9999999841,0.0,-348369.9999999841
2025-12-01,50601267.71777991,305120.00000000146,6435.0,298685.00000000146
2025-12-02,50460317.71777988,-140950.00000003228,0.0,-140950.00000003228
2025-12-03,51091287.717779905,630970.0000000191,0.0,630970.0000000191
2025-12-04,50904177.03907988,-182710.000000022,4400.6787,-187110.678700022
2025-12-05,51921447.039079905,1017270.0000000191,0.0,1017270.0000000191
2025-12-08,52050529.53907991,129435.0000000038,352.5,129082.5000000038
2025-12-09,52494347.039079905,444094.99999998964,277.5,443817.49999998964
2025-12-10,52173412.039079905,-320934.9999999977,0.0,-320934.9999999977
2025-12-11,53420127.0390799,1246714.9999999907,0.0,1246714.9999999907
2025-12-12,54160416.03907991,745005.0000000184,4716.0,740289.0000000184
2025-12-15,52479482.53907992,-1677469.9999999944,3463.5,-1680933.4999999944
2025-12-16,51613527.53907993,-865954.9999999952,0.0,-865954.9999999952
2025-12-17,52319727.5390799,719084.9999999716,12885.0,706199.9999999716
2025-12-18,51317707.53907993,-1002019.9999999701,0.0,-1002019.9999999701
2025-12-19,52184626.539079905,871229.999999978,4311.0,866918.999999978
2025-12-22,52655604.7870799,471309.9999999984,331.752,470978.24799999845
2025-12-23,53117514.7870799,461910.00000000163,0.0,461910.00000000163
2025-12-24,53011414.787079915,-106099.99999998583,0.0,-106099.99999998583
2025-12-25,52418224.787079886,-593190.0000000283,0.0,-593190.0000000283
2025-12-26,53758824.78707991,1340600.0000000221,0.0,1340600.0000000221
2025-12-29,53880229.77612992,125095.00000000908,3690.01095,121404.98905000908
2025-12-30,53071104.77612993,-809124.9999999885,0.0,-809124.9999999885
2025-12-31,53949379.776129924,878274.9999999896,0.0,878274.9999999896
2026-01-05,56511918.27612994,2568030.000000018,5491.5,2562538.500000018
2026-01-06,59005789.77612994,2499600.000000001,5728.5,2493871.500000001
2026-01-07,58380834.77612993,-624955.0000000043,0.0,-624955.0000000043
2026-01-08,55959614.77612993,-2421220.0000000023,0.0,-2421220.0000000023
2026-01-09,56849874.77612992,890259.9999999828,0.0,890259.9999999828
2026-01-12,58141234.08322991,1296184.999999991,4825.6929,1291359.307099991
2026-01-13,58349547.58322993,210685.00000001944,2371.5,208313.50000001944
2026-01-14,59156877.58322992,807329.9999999925,0.0,807329.9999999925
2026-01-15,58050087.58322994,-1106789.9999999881,0.0,-1106789.9999999881
2026-01-16,56750677.58322994,-1299410.0000000014,0.0,-1299410.0000000014
2026-01-19,56963769.00842991,217249.99999997165,4158.5748,213091.42519997165
2026-01-20,57058999.00842991,95230.0,0.0,95230.0
2026-01-21,57263979.00842993,204980.00000002555,0.0,204980.00000002555
2026-01-22,57394049.00842994,130070.00000000547,0.0,130070.00000000547
2026-01-23,57289579.008429915,-104470.00000002008,0.0,-104470.00000002008
2026-01-26,57019659.5860299,-269640.00000001275,279.42240000000004,-269919.4224000127
2026-01-27,57353889.58602993,334230.00000003283,0.0,334230.00000003283
2026-01-28,58899179.58602993,1545289.9999999963,0.0,1545289.9999999963
2026-01-29,59303024.586029924,403844.99999999267,0.0,403844.99999999267
2026-01-30,58843729.58602993,-459294.99999998906,0.0,-459294.99999998906
2026-02-02,57816505.32137992,-1026725.0000000091,499.26465,-1027224.2646500091
2026-02-03,57298145.32137994,-518359.99999998725,0.0,-518359.99999998725
2026-02-04,57760945.32137991,462799.99999997264,0.0,462799.99999997264
2026-02-05,57683120.32137992,-77824.99999998178,0.0,-77824.99999998178
2026-02-06,57489450.321379915,-193670.00000001094,0.0,-193670.00000001094
2026-02-09,57816976.32137992,332260.00000000955,4734.0,327526.00000000955
2026-02-10,57882416.32137992,65440.0,0.0,65440.0
2026-02-11,57852976.32137991,-29440.000000012165,0.0,-29440.000000012165
2026-02-12,57968326.32137994,115350.00000002637,0.0,115350.00000002637
2026-02-13,58073921.82137994,111990.00000000204,6394.5,105595.50000000204
2026-02-24,58449900.010079935,379529.99999999604,3551.8113,375978.18869999604
2026-02-25,57943826.51007994,-503674.99999999575,2398.5,-506073.49999999575
2026-02-26,58414470.51007993,472524.9999999886,1881.0,470643.9999999886
2026-02-27,58307755.51007992,-106715.00000000425,0.0,-106715.00000000425
2026-03-02,57997175.38332992,-303019.99999999674,7560.12675,-310580.12674999674
2026-03-03,59314075.38332993,1316900.0000000105,0.0,1316900.0000000105
2026-03-04,59642860.38332991,328784.99999998487,0.0,328784.99999998487
2026-03-05,60636575.38332991,993715.0000000035,0.0,993715.0000000035
2026-03-06,59480086.88332991,-1148735.0000000012,7753.5,-1156488.5000000012
2026-03-09,59278986.721329935,-190689.99999997998,10410.162,-201100.16199998
2026-03-10,59612276.72132991,333289.99999997823,0.0,333289.99999997823
2026-03-11,59018376.72132993,-593899.9999999852,0.0,-593899.9999999852
2026-03-12,58477286.72132991,-541090.000000015,0.0,-541090.000000015
2026-03-13,57764356.72132992,-712539.9999999903,390.0,-712929.9999999903
2026-03-16,57275680.63602994,-483099.99999998586,5576.0853,-488676.08529998583
2026-03-17,58205870.636029944,932260.0000000055,2070.0,930190.0000000055
2026-03-18,58711410.63602991,505539.99999996455,0.0,505539.99999996455
2026-03-19,59987600.6360299,1276189.9999999956,0.0,1276189.9999999956
2026-03-20,58618410.6360299,-1369189.999999998,0.0,-1369189.999999998
2026-03-23,56709467.791929916,-1904539.9999999804,4402.8441,-1908942.8440999805
2026-03-24,56152287.791929916,-557179.9999999978,0.0,-557179.9999999978
2026-03-25,56539407.7919299,387119.99999998166,0.0,387119.99999998166
2026-03-26,57109087.791929916,569680.0000000137,0.0,569680.0000000137
2026-03-27,57557117.79192989,448029.99999997683,0.0,448029.99999997683
2026-03-30,58239531.29192993,683000.0000000393,586.5,682413.5000000393
2026-03-31,58817411.29192989,577879.9999999652,0.0,577879.9999999652
2026-04-01,58793681.29192992,-23729.99999996752,0.0,-23729.99999996752
2026-04-02,59399621.29192992,605940.0,0.0,605940.0
2026-04-03,59997421.291929886,597799.9999999629,0.0,597799.9999999629
2026-04-07,60845743.291929916,848385.0000000278,63.0,848322.0000000278
2026-04-08,60961668.291929916,115925.00000000233,0.0,115925.00000000233
2026-04-09,60451946.673679896,-507460.00000002317,2261.6182500000004,-509721.61825002317
2026-04-10,61068606.673679896,616660.0,0.0,616660.0
2026-04-13,61822389.03087991,759910.0000000098,6127.6428,753782.3572000097
2026-04-14,62565301.53087989,744809.9999999853,1897.5,742912.4999999853
2026-04-15,62275606.530879885,-289695.0000000098,0.0,-289695.0000000098
2026-04-16,62258306.53087993,-17299.999999958352,0.0,-17299.999999958352
2026-04-17,62425800.530879885,170289.99999995832,2796.0,167493.99999995832
2026-04-20,60611793.26507991,-1800884.9999999756,13122.2658,-1814007.2657999755
2026-04-21,60171110.26507989,-440620.00000001263,63.0,-440683.00000001263
2026-04-22,60645144.26507992,474070.00000002986,36.0,474034.00000002986
2026-04-23,59950504.265079916,-694640.0000000084,0.0,-694640.0000000084
2026-04-24,59801979.76507991,-148475.00000000402,49.5,-148524.50000000402
2026-04-27,60122183.70457995,323160.0000000389,2956.0605,320203.93950003886
2026-04-28,60747058.704579934,624874.9999999863,0.0,624874.9999999863
2026-04-29,60576938.70457994,-170119.9999999951,0.0,-170119.9999999951
2026-04-30,59824233.70457996,-752704.9999999873,0.0,-752704.9999999873
2026-05-06,59453216.70457995,-370930.0000000059,87.0,-371017.0000000059
2026-05-07,57857916.704579934,-1595300.0000000168,0.0,-1595300.0000000168
2026-05-08,57124621.70457995,-733294.9999999872,0.0,-733294.9999999872
2026-05-11,58178134.56527994,1056289.9999999881,2777.1393000000007,1053512.8606999882
2026-05-12,58380519.56527995,202385.00000001182,0.0,202385.00000001182
2026-05-13,58220194.56527996,-160324.99999998917,0.0,-160324.99999998917
2026-05-14,58637939.56527995,417744.9999999951,0.0,417744.9999999951
2026-05-15,57640094.565279946,-997845.0000000059,0.0,-997845.0000000059
2026-05-18,57266401.68187993,-368945.0000000119,4747.883400000001,-373692.88340001187
2026-05-19,58724046.68187993,1457645.000000003,0.0,1457645.000000003
2026-05-20,59200441.681879945,476395.0000000154,0.0,476395.0000000154
2026-05-21,58481591.681879945,-718850.000000003,0.0,-718850.000000003
2026-05-22,58132096.68187997,-349494.99999997846,0.0,-349494.99999997846
2026-05-25,56470287.414579965,-1656085.0000000005,5724.2672999999995,-1661809.2673000004
2026-05-26,58091231.41457995,1622509.9999999877,1566.0,1620943.9999999877
2026-05-27,59078011.41457995,986780.000000001,0.0,986780.000000001
2026-05-28,57880796.41457995,-1197214.999999998,0.0,-1197214.999999998
2026-05-29,57492076.41457994,-388720.0000000072,0.0,-388720.0000000072
2026-06-01,57211265.468479946,-271184.99999999756,9625.9461,-280810.94609999756
2026-06-02,58581255.468479946,1369990.0000000037,0.0,1369990.0000000037
2026-06-03,58755755.46847994,174499.99999999514,0.0,174499.99999999514
2026-06-04,58615097.46847996,-140339.99999997445,318.0,-140657.99999997445
2026-06-05,58366347.46847994,-248750.00000002433,0.0,-248750.00000002433
2026-06-08,57663417.36347995,-702869.999999989,60.105000000000004,-702930.104999989
2026-06-09,57360857.36347994,-302560.00000000733,0.0,-302560.00000000733
2026-06-10,55928357.36347995,-1432499.9999999916,0.0,-1432499.9999999916
2026-06-11,56251421.36347995,323100.00000000093,36.0,323064.00000000093
2026-06-12,56301271.36347996,49850.000000010536,0.0,49850.000000010536
2026-06-15,56024491.58752994,-273770.0000000158,3009.77595,-276779.77595001576
2026-06-16,55488711.58752996,-535779.9999999888,0.0,-535779.9999999888
2026-06-17,56113751.58752995,625039.9999999944,0.0,625039.9999999944
2026-06-18,55955171.58752995,-158579.99999999776,0.0,-158579.99999999776
2026-06-22,56362350.372729935,407199.99999998335,21.2148,407178.78519998334
2026-06-23,55777440.37272994,-584909.99999999,0.0,-584909.99999999
2026-06-24,55108790.37272995,-668649.9999999956,0.0,-668649.9999999956
2026-06-25,53231530.37272995,-1873570.0000000033,3690.0,-1877260.0000000033
2026-06-26,52453510.372729965,-778019.9999999844,0.0,-778019.9999999844
2026-06-29,52783331.00552994,331959.9999999735,2139.3672,329820.63279997354
2026-06-30,51760941.005529955,-1022389.9999999821,0.0,-1022389.9999999821
2026-07-01,51540852.55497996,-219989.99999999825,98.45054999999999,-220088.45054999826
2026-07-02,51563078.404179946,22244.999999989697,19.1508,22225.849199989698
2026-07-03,52064498.40417995,501420.00000000565,0.0,501420.00000000565
2026-07-06,52473768.56727996,409485.0000000075,214.8369,409270.1631000075
2026-07-07,53207683.56727995,733914.9999999916,0.0,733914.9999999916
2026-07-08,53343948.56727996,136265.00000000562,0.0,136265.00000000562
2026-07-09,52801733.56727996,-542215.0000000009,0.0,-542215.0000000009
2026-07-10,52019148.56727995,-782585.0000000084,0.0,-782585.0000000084
2026-07-13,52559515.32683995,542660.0000000065,2293.24044,540366.7595600066
2026-07-14,53033725.326839946,474209.99999999127,0.0,474209.99999999127
2026-07-15,52405155.326839946,-628570.0,0.0,-628570.0
2026-07-16,52257805.32683996,-147349.9999999858,0.0,-147349.9999999858
2026-07-17,52076435.32683994,-181370.00000002293,0.0,-181370.00000002293
2026-07-20,53200373.326839946,1124100.0000000044,162.0,1123938.0000000044
2026-07-21,53407328.326839946,210240.00000000326,3285.0,206955.00000000326
2026-07-22,54094938.326839946,687610.0,0.0,687610.0
2026-07-23,54117418.32683996,22480.00000001199,0.0,22480.00000001199
2026-07-24,54665818.32683996,548400.0000000033,0.0,548400.0000000033
2026-07-27,53903836.82683994,-760870.0000000226,1111.5,-761981.5000000226
2026-07-28,54453016.826839946,549180.0000000063,0.0,549180.0000000063
2026-07-29,54989096.826839946,536080.0000000026,0.0,536080.0000000026
2026-07-30,56668066.82683995,1678970.0000000063,0.0,1678970.0000000063
2026-07-31,57339506.82683996,671440.0000000088,0.0,671440.0000000088
2026-08-03,57631091.97683996,292094.99999999854,509.85,291585.14999999857
2026-08-04,58133291.97683997,502200.0000000095,0.0,502200.0000000095
2026-08-05,57966436.97683994,-166855.00000002843,0.0,-166855.00000002843
2026-08-06,57386171.97683994,-580265.0000000016,0.0,-580265.0000000016
2026-08-07,57820477.476839945,434565.0000000063,259.5,434305.5000000063
2026-08-10,57987522.27683996,168840.0000000092,1795.2,167044.80000000919
2026-08-11,58174797.27683996,187274.99999999657,0.0,187274.99999999657
2026-08-12,58695282.276839964,520485.0000000092,0.0,520485.0000000092
2026-08-13,58621422.27683995,-73860.00000001493,0.0,-73860.00000001493
2026-08-14,57227276.77683997,-1393114.9999999758,1030.5,-1394145.4999999758
2026-08-17,57529271.32683997,306524.9999999987,4530.45,301994.5499999987
2026-08-18,57655556.32683997,126284.9999999966,0.0,126284.9999999966
2026-08-19,57246371.32683995,-409185.00000001135,0.0,-409185.00000001135
2026-08-20,57252725.82683996,15680.000000010936,9325.5,6354.500000010936
2026-08-21,57215955.82683995,-36770.00000001103,0.0,-36770.00000001103
2026-08-24,57269762.32683995,53819.99999999808,13.5,53806.49999999808
2026-08-25,57338483.82683997,70400.00000001448,1678.5,68721.50000001448
2026-08-26,57335403.82683995,-3080.0000000144937,0.0,-3080.0000000144937
2026-08-27,57093033.826839976,-242369.99999997517,0.0,-242369.99999997517
2026-08-28,56770693.826839976,-322340.0,0.0,-322340.0
2026-08-31,55639975.350639954,-1130590.000000025,128.4762,-1130718.4762000248
