date,equity_fw,equity_my,diff
2015-01-05,10000000.0,10000000.0,0.0
2015-01-06,10000000.0,10000000.0,0.0
2015-01-07,10000000.0,10000000.0,0.0
2015-01-08,10000000.0,10000000.0,0.0
2015-01-09,10000000.0,10000000.0,0.0
2015-01-12,10000000.0,10000000.0,0.0
2015-01-13,10000000.0,10000000.0,0.0
2015-01-14,10000000.0,10000000.0,0.0
2015-01-15,10000000.0,10000000.0,0.0
2015-01-16,10000000.0,10000000.0,0.0
2015-01-19,9952961.1196,9952961.1196,0.0
2015-01-20,10029456.1196,10029456.1196,0.0
2015-01-21,10014796.1196,10014796.1196,0.0
2015-01-22,9975636.1196,9975636.1196,0.0
2015-01-23,9990531.1196,9990531.1196,0.0
2015-01-26,10164341.5367,10164341.5367,0.0
2015-01-27,10134426.5367,10134426.5367,0.0
2015-01-28,9957703.8367,9957703.8367,0.0
2015-01-29,9859543.8367,9859543.8367,0.0
2015-01-30,9961953.8367,9961953.8367,0.0
2015-02-02,9858885.1867,9858885.1867,0.0
2015-02-03,9648805.1867,9648805.1867,0.0
2015-02-04,9515375.1867,9515375.1867,0.0
2015-02-05,9566855.86455,9566855.86455,0.0
2015-02-06,9293215.86455,9293215.86455,0.0
2015-02-09,9381081.99765,9381081.99765,0.0
2015-02-10,9457716.99765,9457716.99765,0.0
2015-02-11,9568871.99765,9568871.99765,0.0
2015-02-12,9620401.99765,9620401.99765,0.0
2015-02-13,9395771.99765,9395771.99765,0.0
2015-02-16,9204677.5934,9204677.5934,0.0
2015-02-17,9264527.5934,9264527.5934,0.0
2015-02-25,9390228.9934,9390228.9934,0.0
2015-02-26,9258683.9934,9258683.9934,0.0
2015-02-27,9274758.9934,9274758.9934,0.0
2015-03-02,9225525.5934,9225525.5934,0.0
2015-03-03,9116195.5934,9116195.5934,0.0
2015-03-04,9389680.5934,9389680.5934,0.0
2015-03-05,9420445.5934,9420445.5934,0.0
2015-03-06,9356660.5934,9356660.5934,0.0
2015-03-09,9512221.0318,9512221.0318,0.0
2015-03-10,9588699.1286,9588699.1286,0.0
2015-03-11,9752679.1286,9752679.1286,0.0
2015-03-12,9550109.1286,9550109.1286,0.0
2015-03-13,9372939.1286,9372939.1286,0.0
2015-03-16,9364163.700199999,9364163.700199999,0.0
2015-03-17,9297863.700199999,9297863.700199999,0.0
2015-03-18,9355523.700199999,9355523.700199999,0.0
2015-03-19,9166583.700199999,9166583.700199999,0.0
2015-03-20,9033963.700199999,9033963.700199999,0.0
2015-03-23,8960006.650199998,8960006.650199998,0.0
2015-03-24,8733252.150199998,8733252.150199998,0.0
2015-03-25,8771557.150199998,8771557.150199998,0.0
2015-03-26,8786537.150199998,8786537.150199998,0.0
2015-03-27,8937132.150199998,8937132.150199998,0.0
2015-03-30,8932571.408849997,8932571.408849997,0.0
2015-03-31,8953601.408849997,8953601.408849997,0.0
2015-04-01,9052916.408849997,9052916.408849997,0.0
2015-04-02,9129766.408849997,9129766.408849997,0.0
2015-04-03,9142151.408849997,9142151.408849997,0.0
2015-04-07,9117696.358849997,9117696.358849997,0.0
2015-04-08,9203121.358849997,9203121.358849997,0.0
2015-04-09,9166991.358849997,9166991.358849997,0.0
2015-04-10,9311061.358849997,9311061.358849997,0.0
2015-04-13,9304339.008849997,9304339.008849997,0.0
2015-04-14,9267179.008849997,9267179.008849997,0.0
2015-04-15,9164429.008849997,9164429.008849997,0.0
2015-04-16,9028539.008849997,9028539.008849997,0.0
2015-04-17,9002109.008849997,9002109.008849997,0.0
2015-04-20,9100510.858849997,9100510.858849997,0.0
2015-04-21,8997020.858849997,8997020.858849997,0.0
2015-04-22,8818690.858849997,8818690.858849997,0.0
2015-04-23,8702860.858849997,8702860.858849997,0.0
2015-04-24,8535859.216549996,8535859.216549996,0.0
2015-04-27,8213237.627799996,8213237.627799996,0.0
2015-04-28,7941902.188099996,7941902.188099996,0.0
2015-04-29,8047567.399449997,8047567.399449997,0.0
2015-04-30,8044097.399449997,8044097.399449997,0.0
2015-05-04,7750220.149449997,7750220.149449997,0.0
2015-05-05,7589917.274949997,7589917.274949997,0.0
2015-05-06,7415049.487049997,7415049.487049997,0.0
2015-05-07,7542995.896449997,7542995.896449997,0.0
2015-05-08,7585165.896449997,7585165.896449997,0.0
2015-05-11,7514140.196449997,7514140.196449997,0.0
2015-05-12,7590080.196449997,7590080.196449997,0.0
2015-05-13,7647260.196449997,7647260.196449997,0.0
2015-05-14,7789470.196449997,7789470.196449997,0.0
2015-05-15,7769210.196449997,7769210.196449997,0.0
2015-05-18,7804325.7964499965,7804325.7964499965,0.0
2015-05-19,7942370.7964499965,7942370.7964499965,0.0
2015-05-20,8134345.7964499965,8134345.7964499965,0.0
2015-05-21,8054965.7964499965,8054965.7964499965,0.0
2015-05-22,8015655.7964499965,8015655.7964499965,0.0
2015-05-25,8063295.596449996,8063295.596449996,0.0
2015-05-26,7880930.596449996,7880930.596449996,0.0
2015-05-27,7926320.596449996,7926320.596449996,0.0
2015-05-28,7900905.096449996,7900905.096449996,0.0
2015-05-29,7832330.096449996,7832330.096449996,0.0
2015-06-01,7748265.528199997,7748265.528199997,0.0
2015-06-02,7762035.528199997,7762035.528199997,0.0
2015-06-03,7736895.528199997,7736895.528199997,0.0
2015-06-04,7717425.528199997,7717425.528199997,0.0
2015-06-05,7689485.528199997,7689485.528199997,0.0
2015-06-08,7753024.218299997,7753024.218299997,0.0
2015-06-09,7743909.218299997,7743909.218299997,0.0
2015-06-10,7728189.218299997,7728189.218299997,0.0
2015-06-11,7788664.218299997,7788664.218299997,0.0
2015-06-12,8019989.218299997,8019989.218299997,0.0
2015-06-15,8115745.290099997,8115745.290099997,0.0
2015-06-16,8229885.290099997,8229885.290099997,0.0
2015-06-17,8259635.290099997,8259635.290099997,0.0
2015-06-18,8293145.290099997,8293145.290099997,0.0
2015-06-19,8216455.290099997,8216455.290099997,0.0
2015-06-23,8136488.639149997,8136488.639149997,0.0
2015-06-24,8083308.639149997,8083308.639149997,0.0
2015-06-25,8163828.039149998,8163828.039149998,0.0
2015-06-26,8105488.039149998,8105488.039149998,0.0
2015-06-29,8154917.307649998,8154917.307649998,0.0
2015-06-30,8490587.307649998,8490587.307649998,0.0
2015-07-01,8505437.307649998,8505437.307649998,0.0
2015-07-02,8326187.307649998,8326187.307649998,0.0
2015-07-03,8284087.307649998,8284087.307649998,0.0
2015-07-06,8617126.421149999,8617126.421149999,0.0
2015-07-07,8803976.421149999,8803976.421149999,0.0
2015-07-08,9225416.421149999,9225416.421149999,0.0
2015-07-09,9082346.421149999,9082346.421149999,0.0
2015-07-10,8760106.421149999,8760106.421149999,0.0
2015-07-13,8806925.629299998,8806925.629299998,0.0
2015-07-14,8699775.629299998,8699775.629299998,0.0
2015-07-15,8776190.629299998,8776190.629299998,0.0
2015-07-16,8831850.629299998,8831850.629299998,0.0
2015-07-17,8764413.629299998,8764413.629299998,0.0
2015-07-20,8705448.279299999,8705448.279299999,0.0
2015-07-21,8609289.0124,8609289.0124,0.0
2015-07-22,8735485.5124,8735485.5124,0.0
2015-07-23,8842525.5124,8842525.5124,0.0
2015-07-24,8801135.5124,8801135.5124,0.0
2015-07-27,8693105.4124,8693105.4124,0.0
2015-07-28,8735945.4124,8735945.4124,0.0
2015-07-29,8604445.4124,8604445.4124,0.0
2015-07-30,8745325.4124,8745325.4124,0.0
2015-07-31,8821925.4124,8821925.4124,0.0
2015-08-03,8924320.8227,8924320.8227,0.0
2015-08-04,9084890.8227,9084890.8227,0.0
2015-08-05,9069625.8227,9069625.8227,0.0
2015-08-06,9149485.8227,9149485.8227,0.0
2015-08-07,9251895.8227,9251895.8227,0.0
2015-08-10,9283086.3227,9283086.3227,0.0
2015-08-11,9083682.8227,9083682.8227,0.0
2015-08-12,9089662.8227,9089662.8227,0.0
2015-08-13,8921437.8227,8921437.8227,0.0
2015-08-14,9010597.8227,9010597.8227,0.0
2015-08-17,9118921.3579,9118921.3579,0.0
2015-08-18,9208041.3579,9208041.3579,0.0
2015-08-19,9401751.3579,9401751.3579,0.0
2015-08-20,9432071.3579,9432071.3579,0.0
2015-08-21,9412591.3579,9412591.3579,0.0
2015-08-24,9773326.070899999,9773326.070899999,0.0
2015-08-25,9996216.070899999,9996216.070899999,0.0
2015-08-26,9951796.070899999,9951796.070899999,0.0
2015-08-27,9990066.070899999,9990066.070899999,0.0
2015-08-28,9836796.070899999,9836796.070899999,0.0
2015-08-31,9777097.570899999,9777097.570899999,0.0
2015-09-01,9823137.570899999,9823137.570899999,0.0
2015-09-02,9846657.570899999,9846657.570899999,0.0
2015-09-07,9928018.151899999,9928018.151899999,0.0
2015-09-08,9878838.151899999,9878838.151899999,0.0
2015-09-09,9559011.151899999,9559011.151899999,0.0
2015-09-10,9694711.151899999,9694711.151899999,0.0
2015-09-11,9587691.151899999,9587691.151899999,0.0
2015-09-14,9738553.651899999,9738553.651899999,0.0
2015-09-15,9886738.651899999,9886738.651899999,0.0
2015-09-16,9864453.651899999,9864453.651899999,0.0
2015-09-17,9805233.651899999,9805233.651899999,0.0
2015-09-18,9853093.651899999,9853093.651899999,0.0
2015-09-21,9954604.74445,9954604.74445,0.0
2015-09-22,10127273.74445,10127273.74445,0.0
2015-09-23,10208763.74445,10208763.74445,0.0
2015-09-24,10180663.74445,10180663.74445,0.0
2015-09-25,10139443.74445,10139443.74445,0.0
2015-09-28,10326358.24445,10326358.24445,0.0
2015-09-29,10690348.24445,10690348.24445,0.0
2015-09-30,10773268.24445,10773268.24445,0.0
2015-10-08,10805689.344449999,10805689.344449999,0.0
2015-10-09,10712599.344449999,10712599.344449999,0.0
2015-10-12,10481358.426049998,10481358.426049998,0.0
2015-10-13,10738788.426049998,10738788.426049998,0.0
2015-10-14,10779428.426049998,10779428.426049998,0.0
2015-10-15,10883558.426049998,10883558.426049998,0.0
2015-10-16,11043558.426049998,11043558.426049998,0.0
2015-10-19,11141200.071049998,11141200.071049998,0.0
2015-10-20,11512050.071049998,11512050.071049998,0.0
2015-10-21,11762320.071049998,11762320.071049998,0.0
2015-10-22,11970390.071049998,11970390.071049998,0.0
2015-10-23,12357794.071049998,12357794.071049998,0.0
2015-10-26,12462456.021049997,12462456.021049997,0.0
2015-10-27,12401661.021049997,12401661.021049997,0.0
2015-10-28,12584191.021049997,12584191.021049997,0.0
2015-10-29,12677901.021049997,12677901.021049997,0.0
2015-10-30,12738011.021049997,12738011.021049997,0.0
2015-11-02,12722382.863549996,12722382.863549996,0.0
2015-11-03,12620142.863549996,12620142.863549996,0.0
2015-11-04,12556917.863549996,12556917.863549996,0.0
2015-11-05,12238986.012599995,12238986.012599995,0.0
2015-11-06,12107991.012599995,12107991.012599995,0.0
2015-11-09,11972435.912599996,11972435.912599996,0.0
2015-11-10,12187580.912599996,12187580.912599996,0.0
2015-11-11,12561615.912599996,12561615.912599996,0.0
2015-11-12,12634230.912599996,12634230.912599996,0.0
2015-11-13,12688755.912599996,12688755.912599996,0.0
2015-11-16,12690911.412599996,12690911.412599996,0.0
2015-11-17,12772451.412599996,12772451.412599996,0.0
2015-11-18,12817620.912599996,12817620.912599996,0.0
2015-11-19,13119930.912599996,13119930.912599996,0.0
2015-11-20,13348700.912599996,13348700.912599996,0.0
2015-11-23,13653996.814199995,13653996.814199995,0.0
2015-11-24,13966327.314199995,13966327.314199995,0.0
2015-11-25,13856030.314199995,13856030.314199995,0.0
2015-11-26,13345665.314199995,13345665.314199995,0.0
2015-11-27,13021995.314199995,13021995.314199995,0.0
2015-11-30,13204023.314199995,13204023.314199995,0.0
2015-12-01,13184699.514199995,13184699.514199995,0.0
2015-12-02,12917249.514199995,12917249.514199995,0.0
2015-12-03,12968399.514199995,12968399.514199995,0.0
2015-12-04,12998894.514199995,12998894.514199995,0.0
2015-12-07,12765425.014199995,12765425.014199995,0.0
2015-12-08,12928380.014199995,12928380.014199995,0.0
2015-12-09,12801085.014199995,12801085.014199995,0.0
2015-12-10,12777845.014199995,12777845.014199995,0.0
2015-12-11,12749415.014199995,12749415.014199995,0.0
2015-12-14,12731288.464199994,12731288.464199994,0.0
2015-12-15,12634083.464199994,12634083.464199994,0.0
2015-12-16,12740663.464199994,12740663.464199994,0.0
2015-12-17,12580298.464199994,12580298.464199994,0.0
2015-12-18,12414336.964199994,12414336.964199994,0.0
2015-12-21,12045453.714199994,12045453.714199994,0.0
2015-12-22,11945198.714199994,11945198.714199994,0.0
2015-12-23,12020478.714199994,12020478.714199994,0.0
2015-12-24,11855953.714199994,11855953.714199994,0.0
2015-12-25,11865633.714199994,11865633.714199994,0.0
2015-12-28,12065641.914199993,12065641.914199993,0.0
2015-12-29,11902036.914199993,11902036.914199993,0.0
2015-12-30,11639516.914199993,11639516.914199993,0.0
2015-12-31,11606531.914199993,11606531.914199993,0.0
2016-01-04,11694058.514199993,11694058.514199993,0.0
2016-01-05,11760038.514199993,11760038.514199993,0.0
2016-01-06,11684048.514199993,11684048.514199993,0.0
2016-01-07,11679548.514199993,11679548.514199993,0.0
2016-01-08,11837238.514199993,11837238.514199993,0.0
2016-01-11,11762363.764199993,11762363.764199993,0.0
2016-01-12,11920443.764199993,11920443.764199993,0.0
2016-01-13,12112643.764199993,12112643.764199993,0.0
2016-01-14,12024883.764199993,12024883.764199993,0.0
2016-01-15,11842663.764199993,11842663.764199993,0.0
2016-01-18,11627421.564199993,11627421.564199993,0.0
2016-01-19,11492191.564199993,11492191.564199993,0.0
2016-01-20,11422711.564199993,11422711.564199993,0.0
2016-01-21,11499721.564199993,11499721.564199993,0.0
2016-01-22,11386691.564199993,11386691.564199993,0.0
2016-01-25,11193978.114199994,11193978.114199994,0.0
2016-01-26,11226803.114199994,11226803.114199994,0.0
2016-01-27,11059938.114199994,11059938.114199994,0.0
2016-01-28,11156268.114199994,11156268.114199994,0.0
2016-01-29,11313101.114199994,11313101.114199994,0.0
2016-02-01,11252135.847499995,11252135.847499995,0.0
2016-02-02,11332080.847499995,11332080.847499995,0.0
2016-02-03,11309980.847499995,11309980.847499995,0.0
2016-02-04,11066792.597499995,11066792.597499995,0.0
2016-02-05,11130872.597499995,11130872.597499995,0.0
2016-02-15,11201768.097499995,11201768.097499995,0.0
2016-02-16,10851978.097499995,10851978.097499995,0.0
2016-02-17,10782616.656849995,10782616.656849995,0.0
2016-02-18,10883101.867599996,10883101.867599996,0.0
2016-02-19,10796166.867599996,10796166.867599996,0.0
2016-02-22,10387269.167599997,10387269.167599997,0.0
2016-02-23,10327487.000299996,10327487.000299996,0.0
2016-02-24,10629781.973399995,10629781.973399995,0.0
2016-02-25,10649861.973399995,10649861.973399995,0.0
2016-02-26,10862976.973399995,10862976.973399995,0.0
2016-02-29,10705850.493149996,10705850.493149996,0.0
2016-03-01,10639342.611149997,10639342.611149997,0.0
2016-03-02,10512605.464449996,10512605.464449996,0.0
2016-03-03,10426600.473899996,10426600.473899996,0.0
2016-03-04,10248756.340099996,10248756.340099996,0.0
2016-03-07,9710974.087299995,9710974.087299995,0.0
2016-03-08,9413654.087299995,9413654.087299995,0.0
2016-03-09,9847044.087299995,9847044.087299995,0.0
2016-03-10,9698934.087299995,9698934.087299995,0.0
2016-03-11,9999154.087299995,9999154.087299995,0.0
2016-03-14,10015419.154899996,10015419.154899996,0.0
2016-03-15,10095734.571799995,10095734.571799995,0.0
2016-03-16,10135334.571799995,10135334.571799995,0.0
2016-03-17,9927034.571799995,9927034.571799995,0.0
2016-03-18,9520429.571799995,9520429.571799995,0.0
2016-03-21,9366871.221799996,9366871.221799996,0.0
2016-03-22,9215591.221799996,9215591.221799996,0.0
2016-03-23,9223071.221799996,9223071.221799996,0.0
2016-03-24,9299581.221799996,9299581.221799996,0.0
2016-03-25,9245681.221799996,9245681.221799996,0.0
2016-03-28,9093720.201699996,9093720.201699996,0.0
2016-03-29,9194240.201699996,9194240.201699996,0.0
2016-03-30,9356285.201699996,9356285.201699996,0.0
2016-03-31,9335645.201699996,9335645.201699996,0.0
2016-04-01,9209042.701699996,9209042.701699996,0.0
2016-04-05,9086317.764899993,9086317.764899993,0.0
2016-04-06,9050117.764899993,9050117.764899993,0.0
2016-04-07,9067207.764899993,9067207.764899993,0.0
2016-04-08,9169550.264899995,9169550.264899995,0.0
2016-04-11,8986379.514899995,8986379.514899995,0.0
2016-04-12,8900444.514899997,8900444.514899997,0.0
2016-04-13,8605444.514899995,8605444.514899995,0.0
2016-04-14,8457969.514899995,8457969.514899995,0.0
2016-04-15,8673094.514899999,8673094.514899999,0.0
2016-04-18,8766231.534099998,8766231.534099998,0.0
2016-04-19,8980676.534099998,8980676.534099998,0.0
2016-04-20,9047136.534099998,9047136.534099998,0.0
2016-04-21,8968996.534099998,8968996.534099998,0.0
2016-04-22,8683626.5341,8683626.5341,0.0
2016-04-25,8263933.366800001,8263933.366800001,0.0
2016-04-26,8253793.366799998,8253793.366799998,0.0
2016-04-27,8050563.366799998,8050563.366799998,0.0
2016-04-28,8202913.366800002,8202913.366800002,0.0
2016-04-29,8250458.866800002,8250458.866800002,0.0
2016-05-03,8042079.934800002,8042079.934800002,0.0
2016-05-04,8108394.934800001,8108394.934800001,0.0
2016-05-05,8079609.934800001,8079609.934800001,0.0
2016-05-06,8163197.934800003,8163197.934800003,0.0
2016-05-09,8515860.549500002,8515860.549500002,0.0
2016-05-10,8752770.549500005,8752770.549500005,0.0
2016-05-11,8603200.549500002,8603200.549500002,0.0
2016-05-12,8678520.549500003,8678520.549500003,0.0
2016-05-13,8808070.549500005,8808070.549500005,0.0
2016-05-16,8672848.095950006,8672848.095950006,0.0
2016-05-17,8573068.095950002,8573068.095950002,0.0
2016-05-18,8508088.095950004,8508088.095950004,0.0
2016-05-19,8558468.095950006,8558468.095950006,0.0
2016-05-20,8661168.095950004,8661168.095950004,0.0
2016-05-23,8746799.238350006,8746799.238350006,0.0
2016-05-24,8834629.238350002,8834629.238350002,0.0
2016-05-25,8887829.238350004,8887829.238350004,0.0
2016-05-26,8948699.238350004,8948699.238350004,0.0
2016-05-27,8828649.238350004,8828649.238350004,0.0
2016-05-30,8760246.738350002,8760246.738350002,0.0
2016-05-31,8825926.738350004,8825926.738350004,0.0
2016-06-01,8941336.73835,8941336.73835,0.0
2016-06-02,8880696.738350002,8880696.738350002,0.0
2016-06-03,8932312.23835,8932312.23835,0.0
2016-06-06,8961805.720350001,8961805.720350001,0.0
2016-06-07,9010775.72035,9010775.72035,0.0
2016-06-08,9013085.720350001,9013085.720350001,0.0
2016-06-13,9012356.283850003,9012356.283850003,0.0
2016-06-14,9073166.283850003,9073166.283850003,0.0
2016-06-15,9235361.283850003,9235361.283850003,0.0
2016-06-16,9336076.283850003,9336076.283850003,0.0
2016-06-17,9260626.283850003,9260626.283850003,0.0
2016-06-20,9182894.169950001,9182894.169950001,0.0
2016-06-21,9161054.169950005,9161054.169950005,0.0
2016-06-22,9103774.169950001,9103774.169950001,0.0
2016-06-23,9018104.169950001,9018104.169950001,0.0
2016-06-24,9161674.169950001,9161674.169950001,0.0
2016-06-27,9214105.23515,9214105.23515,0.0
2016-06-28,9054135.235150002,9054135.235150002,0.0
2016-06-29,9017825.235149998,9017825.235149998,0.0
2016-06-30,9071005.23515,9071005.23515,0.0
2016-07-01,9128035.235149998,9128035.235149998,0.0
2016-07-04,8962810.30015,8962810.30015,0.0
2016-07-05,8647436.800150001,8647436.800150001,0.0
2016-07-06,8824326.800150003,8824326.800150003,0.0
2016-07-07,9012776.80015,9012776.80015,0.0
2016-07-08,8952826.800150001,8952826.800150001,0.0
2016-07-11,8921643.850150002,8921643.850150002,0.0
2016-07-12,9028113.85015,9028113.85015,0.0
2016-07-13,9170513.85015,9170513.85015,0.0
2016-07-14,9200923.850150002,9200923.850150002,0.0
2016-07-15,9270983.850150002,9270983.850150002,0.0
2016-07-18,9004092.200150006,9004092.200150006,0.0
2016-07-19,8688397.20015,8688397.20015,0.0
2016-07-20,8771132.200150006,8771132.200150006,0.0
2016-07-21,8857012.20015,8857012.20015,0.0
2016-07-22,8871902.200150004,8871902.200150004,0.0
2016-07-25,8650417.177150002,8650417.177150002,0.0
2016-07-26,8801562.177150005,8801562.177150005,0.0
2016-07-27,8874107.177150002,8874107.177150002,0.0
2016-07-28,9138132.177150005,9138132.177150005,0.0
2016-07-29,9053402.17715,9053402.17715,0.0
2016-08-01,9049827.97715,9049827.97715,0.0
2016-08-02,9209622.977150002,9209622.977150002,0.0
2016-08-03,9166655.977150006,9166655.977150006,0.0
2016-08-04,9088060.977150002,9088060.977150002,0.0
2016-08-05,9349745.977150002,9349745.977150002,0.0
2016-08-08,9619014.07715,9619014.07715,0.0
2016-08-09,9796439.077150006,9796439.077150006,0.0
2016-08-10,9786611.47715,9786611.47715,0.0
2016-08-11,9784531.477150002,9784531.477150002,0.0
2016-08-12,9852226.477150004,9852226.477150004,0.0
2016-08-15,9757611.112650007,9757611.112650007,0.0
2016-08-16,9886846.112650007,9886846.112650007,0.0
2016-08-17,9851661.112650003,9851661.112650003,0.0
2016-08-18,9967596.112650005,9967596.112650005,0.0
2016-08-19,9862206.559500007,9862206.559500007,0.0
2016-08-22,9929754.9595,9929754.9595,0.0
2016-08-23,9780749.959500005,9780749.959500005,0.0
2016-08-24,9793324.959500004,9793324.959500004,0.0
2016-08-25,9613529.959500004,9613529.959500004,0.0
2016-08-26,9772129.959500004,9772129.959500004,0.0
2016-08-29,9469113.4595,9469113.4595,0.0
2016-08-30,9179378.459500002,9179378.459500002,0.0
2016-08-31,9112743.459500002,9112743.459500002,0.0
2016-09-01,8969118.459500005,8969118.459500005,0.0
2016-09-02,9122008.459500002,9122008.459500002,0.0
2016-09-05,9130499.549000006,9130499.549000006,0.0
2016-09-06,9067574.549000004,9067574.549000004,0.0
2016-09-07,8918929.549000006,8918929.549000006,0.0
2016-09-08,8862404.549000008,8862404.549000008,0.0
2016-09-09,8924064.549000008,8924064.549000008,0.0
2016-09-12,8697252.571700003,8697252.571700003,0.0
2016-09-13,8612342.571700007,8612342.571700007,0.0
2016-09-14,8453602.571700005,8453602.571700005,0.0
2016-09-19,8404218.571700005,8404218.571700005,0.0
2016-09-20,8515758.571700005,8515758.571700005,0.0
2016-09-21,8632633.571700003,8632633.571700003,0.0
2016-09-22,8777523.571700005,8777523.571700005,0.0
2016-09-23,8917458.571700005,8917458.571700005,0.0
2016-09-26,9045120.321700001,9045120.321700001,0.0
2016-09-27,9018465.321700001,9018465.321700001,0.0
2016-09-28,8974275.321700001,8974275.321700001,0.0
2016-09-29,9114355.321700005,9114355.321700005,0.0
2016-09-30,8882754.821700005,8882754.821700005,0.0
2016-10-10,8890170.571700007,8890170.571700007,0.0
2016-10-11,9034590.571700003,9034590.571700003,0.0
2016-10-12,8988330.571700005,8988330.571700005,0.0
2016-10-13,9088200.571700005,9088200.571700005,0.0
2016-10-14,9183100.571700005,9183100.571700005,0.0
2016-10-17,9246771.995300006,9246771.995300006,0.0
2016-10-18,9230411.995300008,9230411.995300008,0.0
2016-10-19,9371631.99530001,9371631.99530001,0.0
2016-10-20,9358051.995300008,9358051.995300008,0.0
2016-10-21,9441071.995300008,9441071.995300008,0.0
2016-10-24,9408537.734550007,9408537.734550007,0.0
2016-10-25,9712327.734550009,9712327.734550009,0.0
2016-10-26,9955502.734550009,9955502.734550009,0.0
2016-10-27,9937367.734550009,9937367.734550009,0.0
2016-10-28,10127802.734550005,10127802.734550005,0.0
2016-10-31,10243967.734550007,10243967.734550007,0.0
2016-11-01,10426847.734550005,10426847.734550005,0.0
2016-11-02,10449822.734550005,10449822.734550005,0.0
2016-11-03,10482857.734550009,10482857.734550009,0.0
2016-11-04,10698052.234550007,10698052.234550007,0.0
2016-11-07,10888525.149700006,10888525.149700006,0.0
2016-11-08,11141280.149700005,11141280.149700005,0.0
2016-11-09,11346810.149700003,11346810.149700003,0.0
2016-11-10,11548853.149699999,11548853.149699999,0.0
2016-11-11,11770628.149700003,11770628.149700003,0.0
2016-11-14,11585126.071200004,11585126.071200004,0.0
2016-11-15,11029666.071200006,11029666.071200006,0.0
2016-11-16,10563706.071200006,10563706.071200006,0.0
2016-11-17,10530976.0712,10530976.0712,0.0
2016-11-18,10484866.071200004,10484866.071200004,0.0
2016-11-21,10619180.0332,10619180.0332,0.0
2016-11-22,11041760.033200005,11041760.033200005,0.0
2016-11-23,11313036.633200001,11313036.633200001,0.0
2016-11-24,11294942.133200005,11294942.133200005,0.0
2016-11-25,11179927.133200005,11179927.133200005,0.0
2016-11-28,11441517.982900005,11441517.982900005,0.0
2016-11-29,10862365.9259,10862365.9259,0.0
2016-11-30,10206390.925900001,10206390.925900001,0.0
2016-12-01,10042384.731299998,10042384.731299998,0.0
2016-12-02,10048391.75205,10048391.75205,0.0
2016-12-05,10037380.75205,10037380.75205,0.0
2016-12-06,10078050.752050001,10078050.752050001,0.0
2016-12-07,10287710.75205,10287710.75205,0.0
2016-12-08,10315870.75205,10315870.75205,0.0
2016-12-09,10259960.752050001,10259960.752050001,0.0
2016-12-12,10298741.99135,10298741.99135,0.0
2016-12-13,10153613.99135,10153613.99135,0.0
2016-12-14,10067238.991349999,10067238.991349999,0.0
2016-12-15,9691893.991349999,9691893.991349999,0.0
2016-12-16,9948443.491349999,9948443.491349999,0.0
2016-12-19,9575251.99135,9575251.99135,0.0
2016-12-20,9246445.01735,9246445.01735,0.0
2016-12-21,9407200.2923,9407200.2923,0.0
2016-12-22,9442786.7923,9442786.7923,0.0
2016-12-23,9180306.340650002,9180306.340650002,0.0
2016-12-26,9052346.340650002,9052346.340650002,0.0
2016-12-27,9160685.901,9160685.901,0.0
2016-12-28,9429504.401,9429504.401,0.0
2016-12-29,9380704.401,9380704.401,0.0
2016-12-30,9275914.401,9275914.401,0.0
2017-01-03,9222124.401,9222124.401,0.0
2017-01-04,9072496.901,9072496.901,0.0
2017-01-05,9103222.401,9103222.401,0.0
2017-01-06,9048322.401,9048322.401,0.0
2017-01-09,9075092.401,9075092.401,0.0
2017-01-10,9263742.401,9263742.401,0.0
2017-01-11,9469477.401,9469477.401,0.0
2017-01-12,9568847.401,9568847.401,0.0
2017-01-13,9704282.401,9704282.401,0.0
2017-01-16,9819386.55045,9819386.55045,0.0
2017-01-17,9811966.55045,9811966.55045,0.0
2017-01-18,9777781.550450003,9777781.550450003,0.0
2017-01-19,9778236.550450003,9778236.550450003,0.0
2017-01-20,9714701.550450003,9714701.550450003,0.0
2017-01-23,9623957.300450005,9623957.300450005,0.0
2017-01-24,9756997.300450003,9756997.300450003,0.0
2017-01-25,9816797.300450005,9816797.300450005,0.0
2017-01-26,9723007.300450005,9723007.300450005,0.0
2017-02-03,9547431.290450005,9547431.290450005,0.0
2017-02-06,9452052.040450003,9452052.040450003,0.0
2017-02-07,9406212.040450005,9406212.040450005,0.0
2017-02-08,9395532.040450005,9395532.040450005,0.0
2017-02-09,9406193.040450005,9406193.040450005,0.0
2017-02-10,9416418.040450005,9416418.040450005,0.0
2017-02-13,9631369.290450005,9631369.290450005,0.0
2017-02-14,9787504.290450005,9787504.290450005,0.0
2017-02-15,9942469.290450005,9942469.290450005,0.0
2017-02-16,9886784.290450005,9886784.290450005,0.0
2017-02-17,9732729.290450005,9732729.290450005,0.0
2017-02-20,9597611.112050004,9597611.112050004,0.0
2017-02-21,9780141.112050004,9780141.112050004,0.0
2017-02-22,9477691.112050004,9477691.112050004,0.0
2017-02-23,9316941.112050004,9316941.112050004,0.0
2017-02-24,9128286.112050004,9128286.112050004,0.0
2017-02-27,9321117.665650005,9321117.665650006,-1.862645149230957e-09
2017-02-28,9282607.665650005,9282607.665650006,-1.862645149230957e-09
2017-03-01,9351097.665650005,9351097.665650006,-1.862645149230957e-09
2017-03-02,9476917.665650005,9476917.665650006,-1.862645149230957e-09
2017-03-03,9309182.665650005,9309182.665650006,-1.862645149230957e-09
2017-03-06,9418440.560050005,9418440.560050007,-1.862645149230957e-09
2017-03-07,9369935.560050005,9369935.560050007,-1.862645149230957e-09
2017-03-08,9198165.560050005,9198165.560050007,-1.862645149230957e-09
2017-03-09,8939440.560050007,8939440.560050009,-1.862645149230957e-09
2017-03-10,8888370.560050005,8888370.560050007,-1.862645149230957e-09
2017-03-13,8795722.060050005,8795722.060050007,-1.862645149230957e-09
2017-03-14,8805032.060050005,8805032.060050007,-1.862645149230957e-09
2017-03-15,8791912.060050005,8791912.060050007,-1.862645149230957e-09
2017-03-16,8762332.060050005,8762332.060050007,-1.862645149230957e-09
2017-03-17,8691397.060050005,8691397.060050007,-1.862645149230957e-09
2017-03-20,8619455.523050003,8619455.523050006,-3.725290298461914e-09
2017-03-21,8396095.523050003,8396095.523050006,-3.725290298461914e-09
2017-03-22,8249310.523050002,8249310.523050006,-3.725290298461914e-09
2017-03-23,8255625.523050002,8255625.523050006,-3.725290298461914e-09
2017-03-24,8384806.6970500015,8384806.697050005,-3.725290298461914e-09
2017-03-27,8220286.462100001,8220286.462100005,-3.725290298461914e-09
2017-03-28,8248531.4621,8248531.462100004,-3.725290298461914e-09
2017-03-29,8415981.462100001,8415981.462100005,-3.725290298461914e-09
2017-03-30,8393926.462100001,8393926.462100005,-3.725290298461914e-09
2017-03-31,8475266.462100001,8475266.462100005,-3.725290298461914e-09
2017-04-05,8579520.451800002,8579520.451800006,-3.725290298461914e-09
2017-04-06,8583995.451800004,8583995.451800007,-3.725290298461914e-09
2017-04-07,8519825.451800004,8519825.451800007,-3.725290298461914e-09
2017-04-10,8559633.451800004,8559633.451800007,-3.725290298461914e-09
2017-04-11,8503703.451800006,8503703.45180001,-3.725290298461914e-09
2017-04-12,8326613.951800005,8326613.951800008,-3.725290298461914e-09
2017-04-13,8395312.701800006,8395312.70180001,-3.725290298461914e-09
2017-04-14,8456982.701800004,8456982.701800007,-3.725290298461914e-09
2017-04-17,8459106.936000004,8459106.936000008,-3.725290298461914e-09
2017-04-18,8391751.936000003,8391751.936000006,-3.725290298461914e-09
2017-04-19,8378101.936000003,8378101.936000006,-3.725290298461914e-09
2017-04-20,8493156.936000003,8493156.936000006,-3.725290298461914e-09
2017-04-21,8650981.936000003,8650981.936000006,-3.725290298461914e-09
2017-04-24,8485033.554400004,8485033.554400008,-3.725290298461914e-09
2017-04-25,8642288.554400003,8642288.554400006,-3.725290298461914e-09
2017-04-26,8680063.554400003,8680063.554400006,-3.725290298461914e-09
2017-04-27,8716883.554400003,8716883.554400006,-3.725290298461914e-09
2017-04-28,8670328.554400004,8670328.554400006,-1.862645149230957e-09
2017-05-02,8546527.061800003,8546527.061800005,-1.862645149230957e-09
2017-05-03,8534442.061800001,8534442.061800003,-1.862645149230957e-09
2017-05-04,8327927.061800002,8327927.061800004,-1.862645149230957e-09
2017-05-05,8187282.061800002,8187282.061800004,-1.862645149230957e-09
2017-05-08,8310834.61975,8310834.6197500015,-1.862645149230957e-09
2017-05-09,8377414.619749999,8377414.619750001,-1.862645149230957e-09
2017-05-10,8568464.61975,8568464.619750002,-1.862645149230957e-09
2017-05-11,8382944.6197500015,8382944.619750003,-1.862645149230957e-09
2017-05-12,8433974.61975,8433974.619750002,-1.862645149230957e-09
2017-05-15,8468997.119750002,8468997.119750004,-1.862645149230957e-09
2017-05-16,8594687.11975,8594687.119750002,-1.862645149230957e-09
2017-05-17,8639982.119750002,8639982.119750004,-1.862645149230957e-09
2017-05-18,8590117.11975,8590117.119750002,-1.862645149230957e-09
2017-05-19,8729532.119750002,8729532.119750004,-1.862645149230957e-09
2017-05-22,9052384.119750002,9052384.119750004,-1.862645149230957e-09
2017-05-23,8982499.119750002,8982499.119750004,-1.862645149230957e-09
2017-05-24,8888869.119750002,8888869.119750004,-1.862645149230957e-09
2017-05-25,8925449.119750002,8925449.119750004,-1.862645149230957e-09
2017-05-26,8999234.119750002,8999234.119750004,-1.862645149230957e-09
2017-05-31,8780684.61975,8780684.619750002,-1.862645149230957e-09
2017-06-01,8480754.61975,8480754.619750002,-1.862645149230957e-09
2017-06-02,8410954.61975,8410954.619750002,-1.862645149230957e-09
2017-06-05,8239407.606250002,8239407.606250004,-1.862645149230957e-09
2017-06-06,8166747.606250001,8166747.606250003,-1.862645149230957e-09
2017-06-07,8201382.606250001,8201382.606250003,-1.862645149230957e-09
2017-06-08,8229092.60625,8229092.606250002,-1.862645149230957e-09
2017-06-09,8226356.60625,8226356.606250002,-1.862645149230957e-09
2017-06-12,8168811.60625,8168811.606250002,-1.862645149230957e-09
2017-06-13,8044196.606250002,8044196.606250004,-1.862645149230957e-09
2017-06-14,7989996.606250002,7989996.606250004,-1.862645149230957e-09
2017-06-15,8021351.606250002,8021351.606250004,-1.862645149230957e-09
2017-06-16,8008606.606250002,8008606.606250004,-1.862645149230957e-09
2017-06-19,7897132.24685,7897132.246850002,-1.862645149230957e-09
2017-06-20,7971417.246850002,7971417.2468500035,-1.862645149230957e-09
2017-06-21,7975852.246850001,7975852.246850003,-1.862645149230957e-09
2017-06-22,7906337.246850003,7906337.246850004,-1.862645149230957e-09
2017-06-23,7891307.246850003,7891307.246850004,-1.862645149230957e-09
2017-06-26,7928989.746850003,7928989.746850004,-1.862645149230957e-09
2017-06-27,7871084.746850002,7871084.7468500035,-1.862645149230957e-09
2017-06-28,8017109.746850001,8017109.746850003,-1.862645149230957e-09
2017-06-29,8105769.74685,8105769.746850002,-1.862645149230957e-09
2017-06-30,8221674.746850002,8221674.7468500035,-1.862645149230957e-09
2017-07-03,8342073.489050001,8342073.489050003,-1.862645149230957e-09
2017-07-04,8318173.48905,8318173.489050002,-1.862645149230957e-09
2017-07-05,8411013.48905,8411013.489050003,-1.862645149230957e-09
2017-07-06,8330575.98905,8330575.989050002,-1.862645149230957e-09
2017-07-07,8312685.489049999,8312685.489050001,-1.862645149230957e-09
2017-07-10,8401458.473650001,8401458.473650003,-1.862645149230957e-09
2017-07-11,8442063.47365,8442063.473650001,-1.862645149230957e-09
2017-07-12,8547793.47365,8547793.473650001,-1.862645149230957e-09
2017-07-13,8558053.473650003,8558053.473650005,-1.862645149230957e-09
2017-07-14,8577448.473650001,8577448.473650003,-1.862645149230957e-09
2017-07-17,8647828.723650003,8647828.723650005,-1.862645149230957e-09
2017-07-18,8654788.723650003,8654788.723650005,-1.862645149230957e-09
2017-07-19,8735403.723650001,8735403.723650003,-1.862645149230957e-09
2017-07-20,8649268.723650001,8649268.723650003,-1.862645149230957e-09
2017-07-21,8601993.72365,8601993.723650001,-1.862645149230957e-09
2017-07-24,8570542.2474,8570542.247400003,-1.862645149230957e-09
2017-07-25,8694567.247399999,8694567.2474,-1.862645149230957e-09
2017-07-26,8830177.247399999,8830177.2474,-1.862645149230957e-09
2017-07-27,8740022.2474,8740022.247400003,-1.862645149230957e-09
2017-07-28,8755532.2474,8755532.247400003,-1.862645149230957e-09
2017-07-31,8903051.968200004,8903051.968200006,-1.862645149230957e-09
2017-08-01,9069951.968200004,9069951.968200006,-1.862645149230957e-09
2017-08-02,9151321.968200002,9151321.968200004,-1.862645149230957e-09
2017-08-03,9171815.718200004,9171815.718200006,-1.862645149230957e-09
2017-08-04,9090100.718200002,9090100.718200004,-1.862645149230957e-09
2017-08-07,9432905.053900003,9432905.053900005,-1.862645149230957e-09
2017-08-08,9660440.053900002,9660440.053900003,-1.862645149230957e-09
2017-08-09,10052372.917300003,10052372.917300005,-1.862645149230957e-09
2017-08-10,10112742.917300005,10112742.917300006,-1.862645149230957e-09
2017-08-11,9916518.917300003,9916518.917300005,-1.862645149230957e-09
2017-08-14,9706816.367300002,9706816.367300004,-1.862645149230957e-09
2017-08-15,9464606.367300004,9464606.367300007,-3.725290298461914e-09
2017-08-16,9564971.367300002,9564971.367300006,-3.725290298461914e-09
2017-08-17,9867206.367300002,9867206.367300006,-3.725290298461914e-09
2017-08-18,9836691.367300002,9836691.367300006,-3.725290298461914e-09
2017-08-21,10026600.366050003,10026600.366050007,-3.725290298461914e-09
2017-08-22,10095860.366050003,10095860.366050007,-3.725290298461914e-09
2017-08-23,9908820.366050005,9908820.366050009,-3.725290298461914e-09
2017-08-24,10043520.366050003,10043520.366050007,-3.725290298461914e-09
2017-08-25,10138820.366050007,10138820.36605001,-3.725290298461914e-09
2017-08-28,10041045.066050006,10041045.06605001,-3.725290298461914e-09
2017-08-29,10025375.066050002,10025375.066050006,-3.725290298461914e-09
2017-08-30,9976595.066050002,9976595.066050006,-3.725290298461914e-09
2017-08-31,9948695.066050002,9948695.066050006,-3.725290298461914e-09
2017-09-01,10198625.066050004,10198625.066050008,-3.725290298461914e-09
2017-09-04,10363857.938600006,10363857.93860001,-3.725290298461914e-09
2017-09-05,10320727.9386,10320727.938600004,-3.725290298461914e-09
2017-09-06,10199277.938600006,10199277.93860001,-3.725290298461914e-09
2017-09-07,9957887.938600004,9957887.938600007,-3.725290298461914e-09
2017-09-08,9711637.9386,9711637.938600004,-3.725290298461914e-09
2017-09-11,9639503.578650001,9639503.578650005,-3.725290298461914e-09
2017-09-12,9864463.578650001,9864463.578650005,-3.725290298461914e-09
2017-09-13,9986393.578650003,9986393.578650007,-3.725290298461914e-09
2017-09-14,9729993.57865,9729993.578650003,-3.725290298461914e-09
2017-09-15,9526883.57865,9526883.578650003,-3.725290298461914e-09
2017-09-18,9543832.29325,9543832.293250004,-3.725290298461914e-09
2017-09-19,9629222.293249998,9629222.293250002,-3.725290298461914e-09
2017-09-20,9719172.29325,9719172.293250004,-3.725290298461914e-09
2017-09-21,9767652.293250002,9767652.293250006,-3.725290298461914e-09
2017-09-22,9468062.29325,9468062.293250004,-3.725290298461914e-09
2017-09-25,9378029.89325,9378029.893250003,-3.725290298461914e-09
2017-09-26,9486629.893249998,9486629.893250002,-3.725290298461914e-09
2017-09-27,9490189.893249998,9490189.893250002,-3.725290298461914e-09
2017-09-28,9381816.393249998,9381816.393250002,-3.725290298461914e-09
2017-09-29,9388566.393250002,9388566.393250005,-3.725290298461914e-09
2017-10-09,9645712.89325,9645712.893250003,-3.725290298461914e-09
2017-10-10,9487057.893250003,9487057.893250007,-3.725290298461914e-09
2017-10-11,9320547.893249998,9320547.893250002,-3.725290298461914e-09
2017-10-12,9349162.893250002,9349162.893250005,-3.725290298461914e-09
2017-10-13,9499467.893250002,9499467.893250005,-3.725290298461914e-09
2017-10-16,9700361.24815,9700361.248150004,-3.725290298461914e-09
2017-10-17,9775511.248149998,9775511.248150002,-3.725290298461914e-09
2017-10-18,9678441.24815,9678441.248150004,-3.725290298461914e-09
2017-10-19,9470011.248149998,9470011.248150002,-3.725290298461914e-09
2017-10-20,9599411.248149997,9599411.24815,-3.725290298461914e-09
2017-10-23,9594049.881749997,9594049.88175,-3.725290298461914e-09
2017-10-24,9611594.881749999,9611594.881750003,-3.725290298461914e-09
2017-10-25,9735229.88175,9735229.881750004,-3.725290298461914e-09
2017-10-26,9636664.88175,9636664.881750004,-3.725290298461914e-09
2017-10-27,9646419.881749999,9646419.881750003,-3.725290298461914e-09
2017-10-30,9929217.683350002,9929217.683350006,-3.725290298461914e-09
2017-10-31,9835856.683350002,9835856.683350006,-3.725290298461914e-09
2017-11-01,9790461.683349999,9790461.683350002,-3.725290298461914e-09
2017-11-02,9795116.683350002,9795116.683350006,-3.725290298461914e-09
2017-11-03,9817646.683349999,9817646.683350002,-3.725290298461914e-09
2017-11-06,9748811.279200003,9748811.279200006,-3.725290298461914e-09
2017-11-07,9864161.279200003,9864161.279200006,-3.725290298461914e-09
2017-11-08,9738816.2792,9738816.279200004,-3.725290298461914e-09
2017-11-09,9663856.279199999,9663856.279200003,-3.725290298461914e-09
2017-11-10,9765687.99925,9765687.999250004,-3.725290298461914e-09
2017-11-13,9945116.79925,9945116.799250003,-3.725290298461914e-09
2017-11-14,9966916.799250001,9966916.799250005,-3.725290298461914e-09
2017-11-15,9906846.799250001,9906846.799250005,-3.725290298461914e-09
2017-11-16,9858206.799249997,9858206.799250001,-3.725290298461914e-09
2017-11-17,9849536.79925,9849536.799250003,-3.725290298461914e-09
2017-11-20,9943877.155049996,9943877.15505,-3.725290298461914e-09
2017-11-21,9945787.15505,9945787.155050004,-3.725290298461914e-09
2017-11-22,10096047.155049998,10096047.155050002,-3.725290298461914e-09
2017-11-23,10159187.15505,10159187.155050004,-3.725290298461914e-09
2017-11-24,9954587.155050002,9954587.155050006,-3.725290298461914e-09
2017-11-27,9986917.703450002,9986917.703450006,-3.725290298461914e-09
2017-11-28,9884157.70345,9884157.703450004,-3.725290298461914e-09
2017-11-29,9634171.70345,9634171.703450004,-3.725290298461914e-09
2017-11-30,9722828.703449998,9722828.703450002,-3.725290298461914e-09
2017-12-01,9621368.703449998,9621368.703450002,-3.725290298461914e-09
2017-12-04,9717570.792550001,9717570.792550005,-3.725290298461914e-09
2017-12-05,9781530.792549998,9781530.792550001,-3.725290298461914e-09
2017-12-06,9764418.192549998,9764418.192550002,-3.725290298461914e-09
2017-12-07,9753588.19255,9753588.192550004,-3.725290298461914e-09
2017-12-08,9742388.19255,9742388.192550004,-3.725290298461914e-09
2017-12-11,9849611.192550002,9849611.192550005,-3.725290298461914e-09
2017-12-12,9914206.69255,9914206.692550004,-3.725290298461914e-09
2017-12-13,10036216.692550002,10036216.692550005,-3.725290298461914e-09
2017-12-14,10051676.69255,10051676.692550004,-3.725290298461914e-09
2017-12-15,9844844.19255,9844844.192550004,-3.725290298461914e-09
2017-12-18,10008763.692550004,10008763.692550007,-3.725290298461914e-09
2017-12-19,10037103.692550004,10037103.692550007,-3.725290298461914e-09
2017-12-20,10067493.692550002,10067493.692550005,-3.725290298461914e-09
2017-12-21,10266393.692550002,10266393.692550005,-3.725290298461914e-09
2017-12-22,10268508.69255,10268508.692550004,-3.725290298461914e-09
2017-12-25,10216645.392549999,10216645.392550003,-3.725290298461914e-09
2017-12-26,10015995.392550003,10015995.392550007,-3.725290298461914e-09
2017-12-27,10147225.39255,10147225.392550005,-3.725290298461914e-09
2017-12-28,10150395.392550003,10150395.392550007,-3.725290298461914e-09
2017-12-29,10303875.392550003,10303875.392550007,-3.725290298461914e-09
2018-01-02,10258766.892550003,10258766.892550007,-3.725290298461914e-09
2018-01-03,10183757.892550007,10183757.89255001,-3.725290298461914e-09
2018-01-04,10111557.892550005,10111557.892550008,-3.725290298461914e-09
2018-01-05,10190787.892550007,10190787.89255001,-3.725290298461914e-09
2018-01-08,10002987.892550005,10002987.892550008,-3.725290298461914e-09
2018-01-09,10033687.892550003,10033687.892550007,-3.725290298461914e-09
2018-01-10,10160947.892550007,10160947.89255001,-3.725290298461914e-09
2018-01-11,10327367.892550007,10327367.89255001,-3.725290298461914e-09
2018-01-12,10129607.892550005,10129607.892550008,-3.725290298461914e-09
2018-01-15,10301044.139850006,10301044.13985001,-3.725290298461914e-09
2018-01-16,10133514.139850006,10133514.13985001,-3.725290298461914e-09
2018-01-17,10046864.139850006,10046864.13985001,-3.725290298461914e-09
2018-01-18,10185264.139850007,10185264.139850011,-3.725290298461914e-09
2018-01-19,10379734.139850004,10379734.139850007,-3.725290298461914e-09
2018-01-22,10251299.642150005,10251299.642150009,-3.725290298461914e-09
2018-01-23,10182259.642150003,10182259.642150007,-3.725290298461914e-09
2018-01-24,10150539.642150005,10150539.642150009,-3.725290298461914e-09
2018-01-25,10302009.642150005,10302009.642150009,-3.725290298461914e-09
2018-01-26,10239469.642150002,10239469.642150005,-3.725290298461914e-09
2018-01-29,10306474.319100004,10306474.319100007,-3.725290298461914e-09
2018-01-30,10244994.319100007,10244994.319100011,-3.725290298461914e-09
2018-01-31,10156834.319100002,10156834.319100006,-3.725290298461914e-09
2018-02-01,10115764.319100004,10115764.319100007,-3.725290298461914e-09
2018-02-02,10229564.319100006,10229564.31910001,-3.725290298461914e-09
2018-02-05,10396488.312700002,10396488.312700005,-3.725290298461914e-09
2018-02-06,10352393.312700005,10352393.312700009,-3.725290298461914e-09
2018-02-07,10458271.312700003,10458271.312700007,-3.725290298461914e-09
2018-02-08,10497200.312700003,10497200.312700007,-3.725290298461914e-09
2018-02-09,10416945.312700002,10416945.312700005,-3.725290298461914e-09
2018-02-12,10295654.476200003,10295654.476200007,-3.725290298461914e-09
2018-02-13,10162514.476200001,10162514.476200005,-3.725290298461914e-09
2018-02-14,10359569.476200001,10359569.476200005,-3.725290298461914e-09
2018-02-22,10515671.781500006,10515671.78150001,-3.725290298461914e-09
2018-02-23,10357361.7815,10357361.781500004,-3.725290298461914e-09
2018-02-26,10419247.281500002,10419247.281500006,-3.725290298461914e-09
2018-02-27,10339572.281500002,10339572.281500006,-3.725290298461914e-09
2018-02-28,10370422.281500004,10370422.281500008,-3.725290298461914e-09
2018-03-01,10349572.281500004,10349572.281500008,-3.725290298461914e-09
2018-03-02,10325172.781500002,10325172.781500006,-3.725290298461914e-09
2018-03-05,10444182.781500004,10444182.781500008,-3.725290298461914e-09
2018-03-06,10369247.7815,10369247.781500004,-3.725290298461914e-09
2018-03-07,10359572.781500002,10359572.781500006,-3.725290298461914e-09
2018-03-08,10152182.781500002,10152182.781500006,-3.725290298461914e-09
2018-03-09,9901303.281500002,9901303.281500006,-3.725290298461914e-09
2018-03-12,9806489.167100001,9806489.167100005,-3.725290298461914e-09
2018-03-13,10019904.1671,10019904.167100003,-3.725290298461914e-09
2018-03-14,9988039.167100003,9988039.167100007,-3.725290298461914e-09
2018-03-15,9900709.1671,9900709.167100003,-3.725290298461914e-09
2018-03-16,9963078.917100003,9963078.917100007,-3.725290298461914e-09
2018-03-19,9815498.9171,9815498.917100003,-3.725290298461914e-09
2018-03-20,9619588.9171,9619588.917100003,-3.725290298461914e-09
2018-03-21,9731658.917100001,9731658.917100005,-3.725290298461914e-09
2018-03-22,9537778.917100003,9537778.917100007,-3.725290298461914e-09
2018-03-23,9098458.917100001,9098458.917100005,-3.725290298461914e-09
2018-03-26,9211358.474900002,9211358.474900005,-3.725290298461914e-09
2018-03-27,9198378.474900005,9198378.47490001,-3.725290298461914e-09
2018-03-28,9199328.474900004,9199328.474900007,-3.725290298461914e-09
2018-03-29,9307118.367100006,9307118.36710001,-3.725290298461914e-09
2018-03-30,9571217.367100002,9571217.367100006,-3.725290298461914e-09
2018-04-02,9593418.117100002,9593418.117100006,-3.725290298461914e-09
2018-04-03,9477638.117100008,9477638.117100012,-3.725290298461914e-09
2018-04-04,9536363.117100006,9536363.11710001,-3.725290298461914e-09
2018-04-09,9509210.117100006,9509210.11710001,-3.725290298461914e-09
2018-04-10,9483611.117100004,9483611.117100008,-3.725290298461914e-09
2018-04-11,9345052.617100008,9345052.617100012,-3.725290298461914e-09
2018-04-12,9377452.617100008,9377452.617100012,-3.725290298461914e-09
2018-04-13,9295592.617100008,9295592.617100012,-3.725290298461914e-09
2018-04-16,9079399.528850008,9079399.528850012,-3.725290298461914e-09
2018-04-17,8918939.52885001,8918939.528850013,-3.725290298461914e-09
2018-04-18,8658646.02885001,8658646.028850013,-3.725290298461914e-09
2018-04-19,8388888.986050006,8388888.98605001,-3.725290298461914e-09
2018-04-20,8457494.582450008,8457494.582450012,-3.725290298461914e-09
2018-04-23,8660117.472050006,8660117.47205001,-3.725290298461914e-09
2018-04-24,9094302.472050007,9094302.472050011,-3.725290298461914e-09
2018-04-25,9113447.472050007,9113447.472050011,-3.725290298461914e-09
2018-04-26,9111932.472050006,9111932.47205001,-3.725290298461914e-09
2018-04-27,9136417.472050006,9136417.47205001,-3.725290298461914e-09
2018-05-02,9485956.287450008,9485956.287450012,-3.725290298461914e-09
2018-05-03,9391409.287450006,9391409.28745001,-3.725290298461914e-09
2018-05-04,9314759.28745001,9314759.287450014,-3.725290298461914e-09
2018-05-07,9347209.787450008,9347209.787450012,-3.725290298461914e-09
2018-05-08,9345479.787450006,9345479.78745001,-3.725290298461914e-09
2018-05-09,9349824.78745001,9349824.787450014,-3.725290298461914e-09
2018-05-10,9329754.787450008,9329754.787450012,-3.725290298461914e-09
2018-05-11,9334784.78745001,9334784.787450014,-3.725290298461914e-09
2018-05-14,9293456.787450008,9293456.787450012,-3.725290298461914e-09
2018-05-15,9339526.787450006,9339526.78745001,-3.725290298461914e-09
2018-05-16,9282746.787450008,9282746.787450012,-3.725290298461914e-09
2018-05-17,9217486.78745001,9217486.787450014,-3.725290298461914e-09
2018-05-18,9109724.287450004,9109724.287450008,-3.725290298461914e-09
2018-05-21,8847212.387450008,8847212.387450011,-3.725290298461914e-09
2018-05-22,8673293.811950006,8673293.81195001,-3.725290298461914e-09
2018-05-23,8621907.139750004,8621907.139750008,-3.725290298461914e-09
2018-05-24,8680162.139750006,8680162.13975001,-3.725290298461914e-09
2018-05-25,8559187.139750006,8559187.13975001,-3.725290298461914e-09
2018-05-28,8546829.139750002,8546829.139750006,-3.725290298461914e-09
2018-05-29,8666239.13975,8666239.139750004,-3.725290298461914e-09
2018-05-30,8795324.139750002,8795324.139750006,-3.725290298461914e-09
2018-05-31,8771669.139750002,8771669.139750006,-3.725290298461914e-09
2018-06-01,8816189.13975,8816189.139750004,-3.725290298461914e-09
2018-06-04,8710246.81475,8710246.814750005,-3.725290298461914e-09
2018-06-05,8618796.814749999,8618796.814750003,-3.725290298461914e-09
2018-06-06,8689636.81475,8689636.814750005,-3.725290298461914e-09
2018-06-07,8741456.81475,8741456.814750005,-3.725290298461914e-09
2018-06-08,8922011.314749999,8922011.314750003,-3.725290298461914e-09
2018-06-11,8968673.258249996,8968673.25825,-3.725290298461914e-09
2018-06-12,9163488.258249994,9163488.258249998,-3.725290298461914e-09
2018-06-13,9442633.258249996,9442633.25825,-3.725290298461914e-09
2018-06-14,9430203.258249998,9430203.258250002,-3.725290298461914e-09
2018-06-15,9495073.258249996,9495073.25825,-3.725290298461914e-09
2018-06-19,9771741.477349998,9771741.477350002,-3.725290298461914e-09
2018-06-20,9691986.477349995,9691986.477349998,-3.725290298461914e-09
2018-06-21,9782026.477349997,9782026.47735,-3.725290298461914e-09
2018-06-22,9614461.477349997,9614461.47735,-3.725290298461914e-09
2018-06-25,9491209.977349995,9491209.977349998,-3.725290298461914e-09
2018-06-26,9464274.977349995,9464274.977349998,-3.725290298461914e-09
2018-06-27,9597524.977349998,9597524.977350002,-3.725290298461914e-09
2018-06-28,9809784.977349995,9809784.977349998,-3.725290298461914e-09
2018-06-29,10083594.977349998,10083594.977350002,-3.725290298461914e-09
2018-07-02,10214944.977349995,10214944.977349998,-3.725290298461914e-09
2018-07-03,10268916.227349995,10268916.227349998,-3.725290298461914e-09
2018-07-04,10374699.727349995,10374699.727349998,-3.725290298461914e-09
2018-07-05,10457424.727349995,10457424.727349998,-3.725290298461914e-09
2018-07-06,10568634.727349998,10568634.727350002,-3.725290298461914e-09
2018-07-09,10562964.227349997,10562964.22735,-3.725290298461914e-09
2018-07-10,10693429.227349998,10693429.227350002,-3.725290298461914e-09
2018-07-11,10913734.227349997,10913734.22735,-3.725290298461914e-09
2018-07-12,10975899.227349998,10975899.227350002,-3.725290298461914e-09
2018-07-13,10898939.227349995,10898939.227349998,-3.725290298461914e-09
2018-07-16,10699255.977349998,10699255.977350002,-3.725290298461914e-09
2018-07-17,10518175.977349995,10518175.977349998,-3.725290298461914e-09
2018-07-18,10557380.977349998,10557380.977350002,-3.725290298461914e-09
2018-07-19,10799745.977349997,10799745.97735,-3.725290298461914e-09
2018-07-20,10645850.977349995,10645850.977349998,-3.725290298461914e-09
2018-07-23,10568027.983949997,10568027.98395,-3.725290298461914e-09
2018-07-24,10411310.480499998,10411310.480500001,-3.725290298461914e-09
2018-07-25,10294988.289499996,10294988.2895,-3.725290298461914e-09
2018-07-26,10300392.285,10300392.285000004,-3.725290298461914e-09
2018-07-27,10391652.285,10391652.285000004,-3.725290298461914e-09
2018-07-30,10469483.195349997,10469483.19535,-3.725290298461914e-09
2018-07-31,10617620.195349997,10617620.19535,-3.725290298461914e-09
2018-08-01,10750810.19535,10750810.195350004,-3.725290298461914e-09
2018-08-02,10795660.195349997,10795660.19535,-3.725290298461914e-09
2018-08-03,11054660.195349997,11054660.19535,-3.725290298461914e-09
2018-08-06,11162619.335849997,11162619.33585,-3.725290298461914e-09
2018-08-07,11268584.335849999,11268584.335850002,-3.725290298461914e-09
2018-08-08,11151509.335849999,11151509.335850002,-3.725290298461914e-09
2018-08-09,10715223.835849995,10715223.835849999,-3.725290298461914e-09
2018-08-10,10763145.068049997,10763145.06805,-3.725290298461914e-09
2018-08-13,10674089.6549,10674089.654900003,-3.725290298461914e-09
2018-08-14,11128679.654899998,11128679.654900001,-3.725290298461914e-09
2018-08-15,11257804.154899998,11257804.154900001,-3.725290298461914e-09
2018-08-16,11459844.154899998,11459844.154900001,-3.725290298461914e-09
2018-08-17,11338004.154900001,11338004.154900005,-3.725290298461914e-09
2018-08-20,11720532.609649997,11720532.60965,-3.725290298461914e-09
2018-08-21,11544242.60965,11544242.609650005,-3.725290298461914e-09
2018-08-22,11436012.609649997,11436012.60965,-3.725290298461914e-09
2018-08-23,11317682.60965,11317682.609650005,-3.725290298461914e-09
2018-08-24,10966332.609649999,10966332.609650003,-3.725290298461914e-09
2018-08-27,10690638.359649995,10690638.359649999,-3.725290298461914e-09
2018-08-28,10599858.359649999,10599858.359650003,-3.725290298461914e-09
2018-08-29,10502638.359649999,10502638.359650003,-3.725290298461914e-09
2018-08-30,10237288.359649995,10237288.359649999,-3.725290298461914e-09
2018-08-31,10246618.359649995,10246618.359649999,-3.725290298461914e-09
2018-09-03,10243720.609349996,10243720.60935,-3.725290298461914e-09
2018-09-04,10323320.609349996,10323320.60935,-3.725290298461914e-09
2018-09-05,10384282.609349994,10384282.609349998,-3.725290298461914e-09
2018-09-06,10416692.609349998,10416692.609350001,-3.725290298461914e-09
2018-09-07,10642447.609349994,10642447.609349998,-3.725290298461914e-09
2018-09-10,10879967.15935,10879967.159350004,-3.725290298461914e-09
2018-09-11,10843147.159349998,10843147.159350002,-3.725290298461914e-09
2018-09-12,10537447.159349997,10537447.15935,-3.725290298461914e-09
2018-09-13,10334337.15935,10334337.159350004,-3.725290298461914e-09
2018-09-14,10252252.159350002,10252252.159350006,-3.725290298461914e-09
2018-09-17,10311944.103099998,10311944.103100002,-3.725290298461914e-09
2018-09-18,10591529.103100002,10591529.103100006,-3.725290298461914e-09
2018-09-19,10756464.1031,10756464.103100004,-3.725290298461914e-09
2018-09-20,10767344.103099998,10767344.103100002,-3.725290298461914e-09
2018-09-21,10570194.103100002,10570194.103100006,-3.725290298461914e-09
2018-09-25,10633168.353099998,10633168.353100002,-3.725290298461914e-09
2018-09-26,10446018.353099998,10446018.353100002,-3.725290298461914e-09
2018-09-27,10425258.353099996,10425258.3531,-3.725290298461914e-09
2018-09-28,10392278.353099998,10392278.353100002,-3.725290298461914e-09
2018-10-08,10503373.103099998,10503373.103100002,-3.725290298461914e-09
2018-10-09,10517083.103099996,10517083.1031,-3.725290298461914e-09
2018-10-10,10627223.103099996,10627223.1031,-3.725290298461914e-09
2018-10-11,10712383.103099998,10712383.103100002,-3.725290298461914e-09
2018-10-12,10821242.603099996,10821242.6031,-3.725290298461914e-09
2018-10-15,10894621.24625,10894621.246250004,-3.725290298461914e-09
2018-10-16,10793991.24625,10793991.246250004,-3.725290298461914e-09
2018-10-17,10709651.24625,10709651.246250004,-3.725290298461914e-09
2018-10-18,10762076.246249996,10762076.24625,-3.725290298461914e-09
2018-10-19,10834436.246249998,10834436.246250002,-3.725290298461914e-09
2018-10-22,10773096.746249998,10773096.746250002,-3.725290298461914e-09
2018-10-23,10826611.746249994,10826611.746249998,-3.725290298461914e-09
2018-10-24,10951281.746249996,10951281.74625,-3.725290298461914e-09
2018-10-25,11111911.746249998,11111911.746250002,-3.725290298461914e-09
2018-10-26,11119146.746249994,11119146.746249998,-3.725290298461914e-09
2018-10-29,11187701.572999993,11187701.572999997,-3.725290298461914e-09
2018-10-30,11057946.572999991,11057946.572999995,-3.725290298461914e-09
2018-10-31,11117621.572999997,11117621.573,-3.725290298461914e-09
2018-11-01,11114681.572999995,11114681.572999999,-3.725290298461914e-09
2018-11-02,10677421.572999995,10677421.572999999,-3.725290298461914e-09
2018-11-05,10660482.372999992,10660482.372999996,-3.725290298461914e-09
2018-11-06,10715242.372999992,10715242.372999996,-3.725290298461914e-09
2018-11-07,10676262.372999992,10676262.372999996,-3.725290298461914e-09
2018-11-08,10680612.372999992,10680612.372999996,-3.725290298461914e-09
2018-11-09,10896722.372999992,10896722.372999996,-3.725290298461914e-09
2018-11-12,10878783.722999992,10878783.722999996,-3.725290298461914e-09
2018-11-13,10916363.722999992,10916363.722999996,-3.725290298461914e-09
2018-11-14,11150003.722999992,11150003.722999996,-3.725290298461914e-09
2018-11-15,11076159.722999994,11076159.722999997,-3.725290298461914e-09
2018-11-16,11222229.722999996,11222229.723,-3.725290298461914e-09
2018-11-19,11171374.981049994,11171374.981049998,-3.725290298461914e-09
2018-11-20,11043804.981049992,11043804.981049996,-3.725290298461914e-09
2018-11-21,10901544.981049992,10901544.981049996,-3.725290298461914e-09
2018-11-22,10718854.981049994,10718854.981049998,-3.725290298461914e-09
2018-11-23,10572314.981049994,10572314.981049998,-3.725290298461914e-09
2018-11-26,10231870.381049993,10231870.381049996,-3.725290298461914e-09
2018-11-27,10437740.381049989,10437740.381049993,-3.725290298461914e-09
2018-11-28,10568640.381049994,10568640.381049998,-3.725290298461914e-09
2018-11-29,10664553.528099991,10664553.528099995,-3.725290298461914e-09
2018-11-30,10522623.528099993,10522623.528099997,-3.725290298461914e-09
2018-12-03,10237444.478099992,10237444.478099996,-3.725290298461914e-09
2018-12-04,10336911.978099989,10336911.978099992,-3.725290298461914e-09
2018-12-05,10433361.978099992,10433361.978099996,-3.725290298461914e-09
2018-12-06,10512811.97809999,10512811.978099994,-3.725290298461914e-09
2018-12-07,10477986.97809999,10477986.978099994,-3.725290298461914e-09
2018-12-10,10335508.728099996,10335508.7281,-3.725290298461914e-09
2018-12-11,10382998.728099996,10382998.7281,-3.725290298461914e-09
2018-12-12,10470223.72809999,10470223.728099994,-3.725290298461914e-09
2018-12-13,10249053.728099992,10249053.728099996,-3.725290298461914e-09
2018-12-14,10169363.72809999,10169363.728099994,-3.725290298461914e-09
2018-12-17,10071749.478099994,10071749.478099998,-3.725290298461914e-09
2018-12-18,9901454.478099996,9901454.4781,-3.725290298461914e-09
2018-12-19,10037824.478099996,10037824.4781,-3.725290298461914e-09
2018-12-20,10131034.478099996,10131034.4781,-3.725290298461914e-09
2018-12-21,10195844.478099994,10195844.478099998,-3.725290298461914e-09
2018-12-24,10119993.228099994,10119993.228099998,-3.725290298461914e-09
2018-12-25,10243363.228099996,10243363.2281,-3.725290298461914e-09
2018-12-26,10272463.228099996,10272463.2281,-3.725290298461914e-09
2018-12-27,10388043.228099994,10388043.228099998,-3.725290298461914e-09
2018-12-28,10647593.228099992,10647593.228099996,-3.725290298461914e-09
2019-01-02,10929682.409149993,10929682.409149997,-3.725290298461914e-09
2019-01-03,11039322.409149995,11039322.409149999,-3.725290298461914e-09
2019-01-04,10873117.409149997,10873117.40915,-3.725290298461914e-09
2019-01-07,10791575.267249998,10791575.267250001,-3.725290298461914e-09
2019-01-08,11035530.267249994,11035530.267249998,-3.725290298461914e-09
2019-01-09,10947070.267249994,10947070.267249998,-3.725290298461914e-09
2019-01-10,10889650.267249994,10889650.267249998,-3.725290298461914e-09
2019-01-11,10908550.267249996,10908550.26725,-3.725290298461914e-09
2019-01-14,10981742.105249997,10981742.105250001,-3.725290298461914e-09
2019-01-15,10980307.105249994,10980307.105249997,-3.725290298461914e-09
2019-01-16,10943372.105249995,10943372.10525,-3.725290298461914e-09
2019-01-17,10932852.105249997,10932852.105250001,-3.725290298461914e-09
2019-01-18,10884687.105249995,10884687.10525,-3.725290298461914e-09
2019-01-21,10580148.718599997,10580148.718600001,-3.725290298461914e-09
2019-01-22,10836568.7186,10836568.718600003,-3.725290298461914e-09
2019-01-23,10723418.718599996,10723418.7186,-3.725290298461914e-09
2019-01-24,10644958.718599997,10644958.718600001,-3.725290298461914e-09
2019-01-25,10753753.718600001,10753753.718600005,-3.725290298461914e-09
2019-01-28,10771415.626899997,10771415.6269,-3.725290298461914e-09
2019-01-29,10919750.626899997,10919750.6269,-3.725290298461914e-09
2019-01-30,11016340.626899997,11016340.6269,-3.725290298461914e-09
2019-01-31,11061570.6269,11061570.626900004,-3.725290298461914e-09
2019-02-01,11073020.626899999,11073020.626900002,-3.725290298461914e-09
2019-02-11,11508705.039799996,11508705.0398,-3.725290298461914e-09
2019-02-12,11261740.039799996,11261740.0398,-3.725290298461914e-09
2019-02-13,11081375.039799998,11081375.039800001,-3.725290298461914e-09
2019-02-14,10814465.039799994,10814465.039799998,-3.725290298461914e-09
2019-02-15,10773920.039799992,10773920.039799996,-3.725290298461914e-09
2019-02-18,10555983.071499992,10555983.071499996,-3.725290298461914e-09
2019-02-19,10469108.571499996,10469108.571499998,-1.862645149230957e-09
2019-02-20,10212871.571499998,10212871.5715,-1.862645149230957e-09
2019-02-21,10273291.571499998,10273291.5715,-1.862645149230957e-09
2019-02-22,10175271.571499996,10175271.571499998,-1.862645149230957e-09
2019-02-25,9860226.571499996,9860226.571499998,-1.862645149230957e-09
2019-02-26,9874111.571499996,9874111.571499998,-1.862645149230957e-09
2019-02-27,9978171.5715,9978171.571500001,-1.862645149230957e-09
2019-02-28,9901341.571499998,9901341.5715,-1.862645149230957e-09
2019-03-01,9894291.571499996,9894291.571499998,-1.862645149230957e-09
2019-03-04,9897929.2831,9897929.283100002,-1.862645149230957e-09
2019-03-05,10115999.283099996,10115999.283099998,-1.862645149230957e-09
2019-03-06,10187689.283099998,10187689.2831,-1.862645149230957e-09
2019-03-07,10556354.283099998,10556354.2831,-1.862645149230957e-09
2019-03-08,10690609.283099994,10690609.283099996,-1.862645149230957e-09
2019-03-11,10523296.501349997,10523296.501349999,-1.862645149230957e-09
2019-03-12,10618726.501349997,10618726.501349999,-1.862645149230957e-09
2019-03-13,10663841.501349997,10663841.501349999,-1.862645149230957e-09
2019-03-14,10601981.501349995,10601981.501349997,-1.862645149230957e-09
2019-03-15,10654731.501349993,10654731.501349995,-1.862645149230957e-09
2019-03-18,10730334.001349997,10730334.001349999,-1.862645149230957e-09
2019-03-19,10646999.001349997,10646999.001349997,0.0
2019-03-20,10515039.001349995,10515039.001349995,0.0
2019-03-21,10540634.001349999,10540634.001349999,0.0
2019-03-22,10616344.001349995,10616344.001349995,0.0
2019-03-25,10844469.501349997,10844469.501349997,0.0
2019-03-26,10895349.501349995,10895349.501349995,0.0
2019-03-27,10950544.501349995,10950544.501349995,0.0
2019-03-28,11030294.501349995,11030294.501349995,0.0
2019-03-29,11162774.501349993,11162774.501349993,0.0
2019-04-01,10926692.751349995,10926692.751349995,0.0
2019-04-02,10953023.965399994,10953023.965399994,0.0
2019-04-03,10729638.965399994,10729638.965399994,0.0
2019-04-04,10635858.9654,10635858.9654,0.0
2019-04-08,10799116.965399995,10799116.965399995,0.0
2019-04-09,10984011.965399995,10984011.965399995,0.0
2019-04-10,10927971.965399997,10927971.965399997,0.0
2019-04-11,11118296.965399995,11118296.965399995,0.0
2019-04-12,11085551.965399995,11085551.965399995,0.0
2019-04-15,10867109.715399997,10867109.715399997,0.0
2019-04-16,10819739.7154,10819739.7154,0.0
2019-04-17,10786834.7154,10786834.7154,0.0
2019-04-18,10711052.715399995,10711052.715399995,0.0
2019-04-19,10728057.715400001,10728057.715400001,0.0
2019-04-22,10749372.465400001,10749372.465400001,0.0
2019-04-23,10733022.4654,10733022.4654,0.0
2019-04-24,10651942.465400001,10651942.465400001,0.0
2019-04-25,10661812.4654,10661812.4654,0.0
2019-04-26,10819242.4654,10819242.4654,0.0
2019-04-29,10824166.653800001,10824166.653800001,0.0
2019-04-30,10965606.6538,10965606.6538,0.0
2019-05-06,11170604.768900001,11170604.768900001,0.0
2019-05-07,11233199.768900003,11233199.768900003,0.0
2019-05-08,11109639.768900003,11109639.768900003,0.0
2019-05-09,11235499.768900003,11235499.768900003,0.0
2019-05-10,11198894.768900003,11198894.768900003,0.0
2019-05-13,11266715.3981,11266715.3981,0.0
2019-05-14,11168065.3981,11168065.3981,0.0
2019-05-15,11060670.398100004,11060670.398100004,0.0
2019-05-16,11079060.3981,11079060.3981,0.0
2019-05-17,11112319.898100002,11112319.898100002,0.0
2019-05-20,11077941.398100004,11077941.398100004,0.0
2019-05-21,11154190.3981,11154190.3981,0.0
2019-05-22,11465100.398100004,11465100.398100004,0.0
2019-05-23,11692670.398100005,11692670.398100005,0.0
2019-05-24,11675090.398100005,11675090.398100005,0.0
2019-05-27,11380824.148100005,11380824.148100005,0.0
2019-05-28,11245304.148100002,11245304.148100002,0.0
2019-05-29,11212284.148100004,11212284.148100004,0.0
2019-05-30,11306264.148100002,11306264.148100002,0.0
2019-05-31,11236094.148100005,11236094.148100005,0.0
2019-06-03,11469381.898100005,11469381.898100005,0.0
2019-06-04,11588721.898100004,11588721.898100004,0.0
2019-06-05,11653756.898100004,11653756.898100004,0.0
2019-06-06,11734446.898100004,11734446.898100004,0.0
2019-06-10,11751642.010350002,11751642.010350002,0.0
2019-06-11,11911662.010350002,11911662.010350002,0.0
2019-06-12,12011362.010350002,12011362.010350002,0.0
2019-06-13,11946345.510350002,11946345.510350002,0.0
2019-06-14,12134020.510350004,12134020.510350004,0.0
2019-06-17,12122472.610350003,12122472.610350003,0.0
2019-06-18,12029212.610350002,12029212.610350002,0.0
2019-06-19,11961027.610350002,11961027.610350002,0.0
2019-06-20,12088627.610350003,12088627.610350003,0.0
2019-06-21,12176152.610350003,12176152.610350003,0.0
2019-06-24,12295921.968350004,12295921.968350004,0.0
2019-06-25,12331746.968350004,12331746.968350004,0.0
2019-06-26,12410986.968350003,12410986.968350003,0.0
2019-06-27,12486731.968350004,12486731.968350004,0.0
2019-06-28,12788111.968350006,12788111.968350006,0.0
2019-07-01,13059672.225750003,13059672.225750003,0.0
2019-07-02,13388517.225750003,13388517.225750003,0.0
2019-07-03,13452772.225750001,13452772.225750001,0.0
2019-07-04,13266567.225750003,13266567.225750003,0.0
2019-07-05,13109462.225750005,13109462.225750005,0.0
2019-07-08,13132167.175750004,13132167.175750004,0.0
2019-07-09,13545042.175750002,13545042.175750002,0.0
2019-07-10,13497887.175750002,13497887.175750002,0.0
2019-07-11,13352157.175750004,13352157.175750004,0.0
2019-07-12,13538267.175749999,13538267.175749999,0.0
2019-07-15,13263822.89465,13263822.89465,0.0
2019-07-16,13500017.894650003,13500017.894650003,0.0
2019-07-17,13534499.894650001,13534499.894650001,0.0
2019-07-18,13678294.894649997,13678294.894649997,0.0
2019-07-19,13586239.894650001,13586239.894650001,0.0
2019-07-22,13502595.39465,13502595.39465,0.0
2019-07-23,13622045.394650001,13622045.394650001,0.0
2019-07-24,13436960.394650003,13436960.394650003,0.0
2019-07-25,13426740.394649997,13426740.394649997,0.0
2019-07-26,13308430.394650003,13308430.394650003,0.0
2019-07-29,12949175.8171,12949175.8171,0.0
2019-07-30,12848100.817100003,12848100.817100003,0.0
2019-07-31,12967270.8171,12967270.8171,0.0
2019-08-01,12972620.817100001,12972620.817100001,0.0
2019-08-02,13055000.817100001,13055000.817100001,0.0
2019-08-05,13215418.4536,13215418.4536,0.0
2019-08-06,13195824.453599999,13195824.453599999,0.0
2019-08-07,13098379.453600004,13098379.453600004,0.0
2019-08-08,13058574.453600004,13058574.453600004,0.0
2019-08-09,12675313.053600006,12675313.053600006,0.0
2019-08-12,12433600.0536,12433600.0536,0.0
2019-08-13,12434691.647400001,12434691.647400001,0.0
2019-08-14,12486614.0928,12486614.0928,0.0
2019-08-15,12511608.092800003,12511608.092800003,0.0
2019-08-16,12581648.0928,12581648.0928,0.0
2019-08-19,12506842.492800007,12506842.492800007,0.0
2019-08-20,12313294.666600002,12313294.666600002,0.0
2019-08-21,12275170.746600002,12275170.746600002,0.0
2019-08-22,12353065.7466,12353065.7466,0.0
2019-08-23,12530815.991900004,12530815.991900004,0.0
2019-08-26,12682502.991900003,12682502.991900003,0.0
2019-08-27,12458952.991900004,12458952.991900004,0.0
2019-08-28,12233967.991900003,12233967.991900003,0.0
2019-08-29,12447455.297700003,12447455.297700003,0.0
2019-08-30,12381000.297700005,12381000.297700005,0.0
2019-09-02,12199813.577700004,12199813.577700004,0.0
2019-09-03,12091423.577700004,12091423.577700004,0.0
2019-09-04,12092958.577700006,12092958.577700006,0.0
2019-09-05,12166833.577700002,12166833.577700002,0.0
2019-09-06,12103498.5777,12103498.5777,0.0
2019-09-09,11894171.327700006,11894171.327700006,0.0
2019-09-10,11744997.327400006,11744997.327400006,0.0
2019-09-11,11708242.811400002,11708242.811400002,0.0
2019-09-12,11628244.58835,11628244.58835,0.0
2019-09-16,11577134.43165,11577134.43165,0.0
2019-09-17,11583759.431650005,11583759.431650005,0.0
2019-09-18,11571224.431650005,11571224.431650005,0.0
2019-09-19,11663889.431650003,11663889.431650003,0.0
2019-09-20,11512849.431650002,11512849.431650002,0.0
2019-09-23,11443720.548150003,11443720.548150003,0.0
2019-09-24,11462400.548150005,11462400.548150005,0.0
2019-09-25,11502590.548150003,11502590.548150003,0.0
2019-09-26,11523055.548150003,11523055.548150003,0.0
2019-09-27,11795860.548150005,11795860.548150005,0.0
2019-09-30,11930916.048150005,11930916.048150005,0.0
2019-10-08,11909772.091600003,11909772.091600003,0.0
2019-10-09,11812587.591600005,11812587.591600005,0.0
2019-10-10,11876844.377850002,11876844.377850002,0.0
2019-10-11,11974689.377850002,11974689.377850002,0.0
2019-10-14,12095785.288250005,12095785.288250005,0.0
2019-10-15,11983225.288250005,11983225.288250005,0.0
2019-10-16,11938635.288250001,11938635.288250001,0.0
2019-10-17,11947475.288250001,11947475.288250001,0.0
2019-10-18,11840970.288250001,11840970.288250001,0.0
2019-10-21,12094076.315750003,12094076.315750003,0.0
2019-10-22,12262026.31575,12262026.31575,0.0
2019-10-23,12338596.315750003,12338596.315750003,0.0
2019-10-24,12255426.31575,12255426.31575,0.0
2019-10-25,12287446.315750003,12287446.315750003,0.0
2019-10-28,12318101.708549999,12318101.708549999,0.0
2019-10-29,12283386.708550002,12283386.708550002,0.0
2019-10-30,12041886.708550004,12041886.708550004,0.0
2019-10-31,12126566.708550002,12126566.708550002,0.0
2019-11-01,12216776.708550004,12216776.708550004,0.0
2019-11-04,12083496.44575,12083496.44575,0.0
2019-11-05,12142406.44575,12142406.44575,0.0
2019-11-06,12289451.44575,12289451.44575,0.0
2019-11-07,12337516.445750006,12337516.445750006,0.0
2019-11-08,12112441.445750002,12112441.445750002,0.0
2019-11-11,12205249.445750004,12205249.445750004,0.0
2019-11-12,12446024.44575,12446024.44575,0.0
2019-11-13,12581169.445750004,12581169.445750004,0.0
2019-11-14,12696698.945750002,12696698.945750002,0.0
2019-11-15,12905033.94575,12905033.94575,0.0
2019-11-18,12899696.881050004,12899696.881050004,0.0
2019-11-19,13024880.881050002,13024880.881050002,0.0
2019-11-20,13256605.88105,13256605.88105,0.0
2019-11-21,13040355.881050004,13040355.881050004,0.0
2019-11-22,12892410.881050004,12892410.881050004,0.0
2019-11-25,12872780.88105,12872780.88105,0.0
2019-11-26,12873545.881050002,12873545.881050002,0.0
2019-11-27,12851564.181050004,12851564.181050004,0.0
2019-11-28,12829914.181050003,12829914.181050003,0.0
2019-11-29,12841134.181050004,12841134.181050004,0.0
2019-12-02,12633743.181050003,12633743.181050003,0.0
2019-12-03,12744063.181050003,12744063.181050003,0.0
2019-12-04,12778350.181049997,12778350.181049997,0.0
2019-12-05,12709860.18105,12709860.18105,0.0
2019-12-06,12435132.21035,12435132.21035,0.0
2019-12-09,12607054.210350003,12607054.210350003,0.0
2019-12-10,12881744.210350001,12881744.210350001,0.0
2019-12-11,13035183.21035,13035183.21035,0.0
2019-12-12,12918912.210350001,12918912.210350001,0.0
2019-12-13,12777907.210350003,12777907.210350003,0.0
2019-12-16,12734653.806550002,12734653.806550002,0.0
2019-12-17,12564089.306550004,12564089.306550004,0.0
2019-12-18,12782898.013229998,12782898.013229998,0.0
2019-12-19,12998073.013230002,12998073.013230002,0.0
2019-12-20,13215823.013230003,13215823.013230003,0.0
2019-12-23,13286595.673650002,13286595.673650002,0.0
2019-12-24,13342730.673650004,13342730.673650004,0.0
2019-12-25,13381685.67365,13381685.67365,0.0
2019-12-26,13281815.673650002,13281815.673650002,0.0
2019-12-27,13254420.673650006,13254420.673650006,0.0
2019-12-30,13180609.566750005,13180609.566750005,0.0
2019-12-31,13193324.566750005,13193324.566750005,0.0
2020-01-02,13131514.566750001,13131514.566750001,0.0
2020-01-03,13044869.566750001,13044869.566750001,0.0
2020-01-06,13228105.616750002,13228105.616750002,0.0
2020-01-07,13031135.616750006,13031135.616750006,0.0
2020-01-08,13122385.616750002,13122385.616750002,0.0
2020-01-09,13162425.616750004,13162425.616750004,0.0
2020-01-10,13389160.616750006,13389160.616750006,0.0
2020-01-13,13140407.116750004,13140407.116750004,0.0
2020-01-14,13017022.116750004,13017022.116750004,0.0
2020-01-15,13204668.631400008,13204668.631400008,0.0
2020-01-16,13461428.631400006,13461428.631400006,0.0
2020-01-17,13887088.631400004,13887088.631400004,0.0
2020-01-20,13859128.596800007,13859128.596800007,0.0
2020-01-21,13840728.596800003,13840728.596800003,0.0
2020-01-22,13960048.596800005,13960048.596800005,0.0
2020-01-23,14134423.596800005,14134423.596800005,0.0
2020-02-03,13705657.263340006,13705657.263340006,0.0
2020-02-04,13637187.263340008,13637187.263340008,0.0
2020-02-05,13564077.263340006,13564077.263340006,0.0
2020-02-06,13704492.263340004,13704492.263340004,0.0
2020-02-07,13962492.263340006,13962492.263340006,0.0
2020-02-10,13988058.763340008,13988058.763340008,0.0
2020-02-11,14169728.76334001,14169728.76334001,0.0
2020-02-12,14216458.763340006,14216458.763340006,0.0
2020-02-13,14108238.763340008,14108238.763340008,0.0
2020-02-14,13780770.763340011,13780770.763340011,0.0
2020-02-17,13626476.92386001,13626476.92386001,0.0
2020-02-18,13804397.062600005,13804397.062600005,0.0
2020-02-19,13786217.062600004,13786217.062600004,0.0
2020-02-20,13727237.062600005,13727237.062600005,0.0
2020-02-21,13920197.062600005,13920197.062600005,0.0
2020-02-24,14093521.262600008,14093521.262600008,0.0
2020-02-25,14036581.262600007,14036581.262600007,0.0
2020-02-26,14033261.262600003,14033261.262600003,0.0
2020-02-27,14023851.262600008,14023851.262600008,0.0
2020-02-28,13755381.262600008,13755381.262600008,0.0
2020-03-02,13905559.39068001,13905559.39068001,0.0
2020-03-03,13826789.390680006,13826789.390680006,0.0
2020-03-04,14068629.390680011,14068629.390680011,0.0
2020-03-05,14073739.390680006,14073739.390680006,0.0
2020-03-06,14039379.39068001,14039379.39068001,0.0
2020-03-09,14334185.98538001,14334185.98538001,0.0
2020-03-10,14074435.985380007,14074435.985380007,0.0
2020-03-11,14301625.98538001,14301625.98538001,0.0
2020-03-12,14465545.98538001,14465545.98538001,0.0
2020-03-13,14338305.985380007,14338305.985380007,0.0
2020-03-16,14393927.485380005,14393927.485380005,0.0
2020-03-17,14449467.985380005,14449467.985380005,0.0
2020-03-18,14938067.985380005,14938067.985380005,0.0
2020-03-19,15075187.985380005,15075187.985380005,0.0
2020-03-20,15423532.985380009,15423532.985380009,0.0
2020-03-23,16071016.154530006,16071016.154530006,0.0
2020-03-24,16342566.154530006,16342566.154530006,0.0
2020-03-25,16463111.154530007,16463111.154530007,0.0
2020-03-26,16208586.154530004,16208586.154530004,0.0
2020-03-27,16102571.154530002,16102571.154530002,0.0
2020-03-30,16157127.654530007,16157127.654530007,0.0
2020-03-31,16066632.654530006,16066632.654530006,0.0
2020-04-01,15756503.654530006,15756503.654530006,0.0
2020-04-02,15442700.604530009,15442700.604530009,0.0
2020-04-03,14950425.604530009,14950425.604530009,0.0
2020-04-07,14991744.133080006,14991744.133080006,0.0
2020-04-08,15123574.133080004,15123574.133080004,0.0
2020-04-09,15108359.133080008,15108359.133080008,0.0
2020-04-10,14973919.133080006,14973919.133080006,0.0
2020-04-13,15081597.633080008,15081597.633080008,0.0
2020-04-14,15078379.633080008,15078379.633080008,0.0
2020-04-15,15284119.633080006,15284119.633080006,0.0
2020-04-16,15219744.633080004,15219744.633080004,0.0
2020-04-17,15089349.633080004,15089349.633080004,0.0
2020-04-20,14785242.643080005,14785242.643080005,0.0
2020-04-21,14635287.643080004,14635287.643080004,0.0
2020-04-22,14976397.643080007,14976397.643080007,0.0
2020-04-23,14993502.643080007,14993502.643080007,0.0
2020-04-24,14916962.643080002,14916962.643080002,0.0
2020-04-27,14806087.103180004,14806087.103180004,0.0
2020-04-28,14641597.103180008,14641597.103180008,0.0
2020-04-29,14474412.103180006,14474412.103180006,0.0
2020-04-30,14365767.103180008,14365767.103180008,0.0
2020-05-06,14271432.366860004,14271432.366860004,0.0
2020-05-07,14229342.366860008,14229342.366860008,0.0
2020-05-08,14389892.36686001,14389892.36686001,0.0
2020-05-11,14129892.36686001,14129892.36686001,0.0
2020-05-12,14282643.36686001,14282643.36686001,0.0
2020-05-13,14493793.366860004,14493793.366860004,0.0
2020-05-14,14406443.366860006,14406443.366860006,0.0
2020-05-15,14319773.366860004,14319773.366860004,0.0
2020-05-18,14226613.366860013,14226613.366860013,0.0
2020-05-19,14324953.366860012,14324953.366860012,0.0
2020-05-20,14330133.366860012,14330133.366860012,0.0
2020-05-21,14431973.366860008,14431973.366860008,0.0
2020-05-22,14816463.366860013,14816463.366860013,0.0
2020-05-25,14743760.80356001,14743760.80356001,0.0
2020-05-26,14504690.803560011,14504690.803560011,0.0
2020-05-27,14387840.803560011,14387840.803560011,0.0
2020-05-28,14455410.803560013,14455410.803560013,0.0
2020-05-29,14458440.80356001,14458440.80356001,0.0
2020-06-01,14526447.95356001,14526447.95356001,0.0
2020-06-02,14512902.953560013,14512902.953560013,0.0
2020-06-03,14494782.953560015,14494782.953560015,0.0
2020-06-04,14361532.953560013,14361532.953560013,0.0
2020-06-05,14047257.953560011,14047257.953560011,0.0
2020-06-08,14078597.10356001,14078597.10356001,0.0
2020-06-09,13720937.103560008,13720937.103560008,0.0
2020-06-10,13648947.103560012,13648947.103560012,0.0
2020-06-11,13846717.103560008,13846717.103560008,0.0
2020-06-12,14188322.10356001,14188322.10356001,0.0
2020-06-15,14359800.603560012,14359800.603560012,0.0
2020-06-16,13746510.60356001,13746510.60356001,0.0
2020-06-17,13620663.353560012,13620663.353560012,0.0
2020-06-18,13709138.950760014,13709138.950760014,0.0
2020-06-19,13695023.95076001,13695023.95076001,0.0
2020-06-22,13536819.200760014,13536819.200760014,0.0
2020-06-23,13315269.200760009,13315269.200760009,0.0
2020-06-24,13475849.20076001,13475849.20076001,0.0
2020-06-29,13381136.700760014,13381136.700760014,0.0
2020-06-30,13485876.700760014,13485876.700760014,0.0
2020-07-01,13513896.70076001,13513896.70076001,0.0
2020-07-02,13613451.700760009,13613451.700760009,0.0
2020-07-03,13655321.700760009,13655321.700760009,0.0
2020-07-06,13406852.200760009,13406852.200760009,0.0
2020-07-07,13548877.200760012,13548877.200760012,0.0
2020-07-08,13472662.200760012,13472662.200760012,0.0
2020-07-09,13936417.200760012,13936417.200760012,0.0
2020-07-10,14094717.200760012,14094717.200760012,0.0
2020-07-13,14577004.450760014,14577004.450760014,0.0
2020-07-14,14603849.45076001,14603849.45076001,0.0
2020-07-15,14579389.45076001,14579389.45076001,0.0
2020-07-16,14276049.450760014,14276049.450760014,0.0
2020-07-17,14225869.450760012,14225869.450760012,0.0
2020-07-20,14431038.617760016,14431038.617760016,0.0
2020-07-21,14624003.617760014,14624003.617760014,0.0
2020-07-22,15404803.61776001,15404803.61776001,0.0
2020-07-23,15222263.617760014,15222263.617760014,0.0
2020-07-24,15290788.617760014,15290788.617760014,0.0
2020-07-27,15433595.967760012,15433595.967760012,0.0
2020-07-28,15403440.96776001,15403440.96776001,0.0
2020-07-29,15392307.467760012,15392307.467760012,0.0
2020-07-30,15600882.467760013,15600882.467760013,0.0
2020-07-31,15661097.467760013,15661097.467760013,0.0
2020-08-03,16140648.675360013,16140648.675360013,0.0
2020-08-04,16747258.67536001,16747258.67536001,0.0
2020-08-05,16656073.675360015,16656073.675360015,0.0
2020-08-06,16693638.675360015,16693638.675360015,0.0
2020-08-07,16764913.675360013,16764913.675360013,0.0
2020-08-10,16770687.225360008,16770687.225360008,0.0
2020-08-11,16911922.225360014,16911922.225360014,0.0
2020-08-12,16544662.22536001,16544662.22536001,0.0
2020-08-13,16832098.725360014,16832098.725360014,0.0
2020-08-14,16984403.725360006,16984403.725360006,0.0
2020-08-17,16998227.56896001,16998227.56896001,0.0
2020-08-18,17170257.56896001,17170257.56896001,0.0
2020-08-19,17088147.568960007,17088147.568960007,0.0
2020-08-20,16841262.56896001,16841262.56896001,0.0
2020-08-21,17124313.818960015,17124313.818960015,0.0
2020-08-24,16751541.55736001,16751541.55736001,0.0
2020-08-25,16422131.557360018,16422131.557360018,0.0
2020-08-26,16224926.557360016,16224926.557360016,0.0
2020-08-27,16214723.59296001,16214723.59296001,0.0
2020-08-28,16090235.092960007,16090235.092960007,0.0
2020-08-31,16778889.09296001,16778889.09296001,0.0
2020-09-01,16771149.09296001,16771149.09296001,0.0
2020-09-02,16553964.092960015,16553964.092960015,0.0
2020-09-03,16820804.092960015,16820804.092960015,0.0
2020-09-04,16408804.092960015,16408804.092960015,0.0
2020-09-07,16628851.592960013,16628851.592960013,0.0
2020-09-08,16918301.59296001,16918301.59296001,0.0
2020-09-09,17019581.59296001,17019581.59296001,0.0
2020-09-10,17013156.59296001,17013156.59296001,0.0
2020-09-11,16773086.592960013,16773086.592960013,0.0
2020-09-14,16772826.592960013,16772826.592960013,0.0
2020-09-15,16959106.592960015,16959106.592960015,0.0
2020-09-16,16570346.592960011,16570346.592960011,0.0
2020-09-17,16463946.592960017,16463946.592960017,0.0
2020-09-18,16688966.592960013,16688966.592960013,0.0
2020-09-21,16908774.34296001,16908774.34296001,0.0
2020-09-22,16980634.842960015,16980634.842960015,0.0
2020-09-23,16623384.842960015,16623384.842960015,0.0
2020-09-24,16100089.842960007,16100089.842960007,0.0
2020-09-25,15663239.842960011,15663239.842960011,0.0
2020-09-28,16157613.242960012,16157613.242960012,0.0
2020-09-29,16188382.742960015,16188382.742960015,0.0
2020-09-30,16267432.74296001,16267432.74296001,0.0
2020-10-09,16708453.742960008,16708453.742960008,0.0
2020-10-12,17162938.84296001,17162938.84296001,0.0
2020-10-13,17343668.842960007,17343668.842960007,0.0
2020-10-14,17294733.84296001,17294733.84296001,0.0
2020-10-15,17132508.842960007,17132508.842960007,0.0
2020-10-16,17282773.84296001,17282773.84296001,0.0
2020-10-19,17709566.342960007,17709566.342960007,0.0
2020-10-20,17573751.34296001,17573751.34296001,0.0
2020-10-21,17581501.342960007,17581501.342960007,0.0
2020-10-22,17987611.342960004,17987611.342960004,0.0
2020-10-23,17865471.342960004,17865471.342960004,0.0
2020-10-26,17811821.59296001,17811821.59296001,0.0
2020-10-27,18184576.592960004,18184576.592960004,0.0
2020-10-28,18231331.59296001,18231331.59296001,0.0
2020-10-29,18068925.092960007,18068925.092960007,0.0
2020-10-30,18531220.092960004,18531220.092960004,0.0
2020-11-02,19085967.358960006,19085967.358960006,0.0
2020-11-03,19201922.358960006,19201922.358960006,0.0
2020-11-04,19342547.35896001,19342547.35896001,0.0
2020-11-05,19365502.358960006,19365502.358960006,0.0
2020-11-06,19450577.358960003,19450577.358960003,0.0
2020-11-09,19740697.69896,19740697.69896,0.0
2020-11-10,19903327.698960006,19903327.698960006,0.0
2020-11-11,20059132.698960003,20059132.698960003,0.0
2020-11-12,20407352.69896,20407352.69896,0.0
2020-11-13,20612602.698960006,20612602.698960006,0.0
2020-11-16,20943836.699810006,20943836.699810006,0.0
2020-11-17,21036156.699810002,21036156.699810002,0.0
2020-11-18,21166381.699810006,21166381.699810006,0.0
2020-11-19,21809836.699810002,21809836.699810002,0.0
2020-11-20,22034576.699810002,22034576.699810002,0.0
2020-11-23,22315489.31731,22315489.31731,0.0
2020-11-24,21713979.317309998,21713979.317309998,0.0
2020-11-25,21551159.317310005,21551159.317310005,0.0
2020-11-26,21509449.317310005,21509449.317310005,0.0
2020-11-27,22027156.817309998,22027156.817309998,0.0
2020-11-30,22787939.01731,22787939.01731,0.0
2020-12-01,22815899.017309997,22815899.017309997,0.0
2020-12-02,23118240.81731,23118240.81731,0.0
2020-12-03,22438225.817310005,22438225.817310005,0.0
2020-12-04,21852680.817309998,21852680.817309998,0.0
2020-12-07,22328988.817310005,22328988.817310005,0.0
2020-12-08,22740958.817309998,22740958.817309998,0.0
2020-12-09,22911701.602459997,22911701.602459997,0.0
2020-12-10,23763636.602460004,23763636.602460004,0.0
2020-12-11,23750327.85246,23750327.85246,0.0
2020-12-14,22709893.35246,22709893.35246,0.0
2020-12-15,22655912.852460008,22655912.852460008,0.0
2020-12-16,23462857.85246,23462857.85246,0.0
2020-12-17,23836922.852460008,23836922.852460008,0.0
2020-12-18,24615887.852460008,24615887.852460008,0.0
2020-12-21,25282601.945360005,25282601.945360005,0.0
2020-12-22,25973496.94536001,25973496.94536001,0.0
2020-12-23,25226801.94536,25226801.94536,0.0
2020-12-24,25174426.945360012,25174426.945360012,0.0
2020-12-25,25019729.445360012,25019729.445360012,0.0
2020-12-28,25078235.62311001,25078235.62311001,0.0
2020-12-29,24742025.62311002,24742025.62311002,0.0
2020-12-30,25117805.623110015,25117805.623110015,0.0
2020-12-31,25230595.623110015,25230595.623110015,0.0
2021-01-04,25198939.94066001,25198939.94066001,0.0
2021-01-05,25978009.94066001,25978009.94066001,0.0
2021-01-06,25774659.940660015,25774659.940660015,0.0
2021-01-07,25793329.94066001,25793329.94066001,0.0
2021-01-08,25873689.94066001,25873689.94066001,0.0
2021-01-11,25486852.485660005,25486852.485660005,0.0
2021-01-12,24898622.48566001,24898622.48566001,0.0
2021-01-13,25449377.48566002,25449377.48566002,0.0
2021-01-14,25196522.485660005,25196522.485660005,0.0
2021-01-15,25605362.48566001,25605362.48566001,0.0
2021-01-18,25869324.791460015,25869324.791460015,0.0
2021-01-19,25317780.79146001,25317780.79146001,0.0
2021-01-20,24820440.79146001,24820440.79146001,0.0
2021-01-21,25432290.791460015,25432290.791460015,0.0
2021-01-22,25857110.79146002,25857110.79146002,0.0
2021-01-25,25700756.26731001,25700756.26731001,0.0
2021-01-26,25275186.26731,25275186.26731,0.0
2021-01-27,25433776.26731,25433776.26731,0.0
2021-01-28,24774536.26731,24774536.26731,0.0
2021-01-29,24575116.267310005,24575116.267310005,0.0
2021-02-01,25170407.93691001,25170407.93691001,0.0
2021-02-02,24666557.936910007,24666557.936910007,0.0
2021-02-03,23919337.936910015,23919337.936910015,0.0
2021-02-04,24061087.93691001,24061087.93691001,0.0
2021-02-05,24710367.936910007,24710367.936910007,0.0
2021-02-08,25328896.35523,25328896.35523,0.0
2021-02-09,25466890.29747,25466890.29747,0.0
2021-02-10,25807810.297470007,25807810.297470007,0.0
2021-02-18,26817926.497470006,26817926.497470006,0.0
2021-02-19,26926126.497470006,26926126.497470006,0.0
2021-02-22,27174252.835070018,27174252.835070018,0.0
2021-02-23,26892893.835070018,26892893.835070018,0.0
2021-02-24,26952513.835070007,26952513.835070007,0.0
2021-02-25,28133913.835070007,28133913.835070007,0.0
2021-02-26,28514833.835070018,28514833.835070018,0.0
2021-03-01,28175094.94627001,28175094.94627001,0.0
2021-03-02,27964204.946270008,27964204.946270008,0.0
2021-03-03,29232194.946270015,29232194.946270015,0.0
2021-03-04,29359349.946270015,29359349.946270015,0.0
2021-03-05,28224489.946270008,28224489.946270008,0.0
2021-03-08,28350359.44627001,28350359.44627001,0.0
2021-03-09,28219639.44627001,28219639.44627001,0.0
2021-03-10,27576039.446270015,27576039.446270015,0.0
2021-03-11,27757239.446270015,27757239.446270015,0.0
2021-03-12,28406859.446270015,28406859.446270015,0.0
2021-03-15,28724777.284670018,28724777.284670018,0.0
2021-03-16,28757637.284670006,28757637.284670006,0.0
2021-03-17,28481699.78467001,28481699.78467001,0.0
2021-03-18,28962189.784670003,28962189.784670003,0.0
2021-03-19,28385109.784670006,28385109.784670006,0.0
2021-03-22,28867262.234670006,28867262.234670006,0.0
2021-03-23,28233577.234670006,28233577.234670006,0.0
2021-03-24,27862437.23467001,27862437.23467001,0.0
2021-03-25,28011657.234670002,28011657.234670002,0.0
2021-03-26,28158642.234670006,28158642.234670006,0.0
2021-03-29,28379795.889870003,28379795.889870003,0.0
2021-03-30,28255620.889870007,28255620.889870007,0.0
2021-03-31,28104800.889870014,28104800.889870014,0.0
2021-04-01,28324165.889870003,28324165.889870003,0.0
2021-04-02,28548930.88987001,28548930.88987001,0.0
2021-04-06,29342323.59827001,29342323.59827001,0.0
2021-04-07,29346883.598270006,29346883.598270006,0.0
2021-04-08,29072087.772270013,29072087.772270013,0.0
2021-04-09,28691242.27227001,28691242.27227001,0.0
2021-04-12,27916672.772270013,27916672.772270013,0.0
2021-04-13,28076782.77227001,28076782.77227001,0.0
2021-04-14,28540810.27227001,28540810.27227001,0.0
2021-04-15,29030660.27227,29030660.27227,0.0
2021-04-16,29350470.272270005,29350470.272270005,0.0
2021-04-19,29326871.272270013,29326871.272270013,0.0
2021-04-20,29539001.272270005,29539001.272270005,0.0
2021-04-21,29547651.272270005,29547651.272270005,0.0
2021-04-22,30008771.27227001,30008771.27227001,0.0
2021-04-23,30114524.77227001,30114524.77227001,0.0
2021-04-26,30931142.15357001,30931142.15357001,0.0
2021-04-27,31371812.15357001,31371812.15357001,0.0
2021-04-28,31165242.15357001,31165242.15357001,0.0
2021-04-29,31799672.153570015,31799672.153570015,0.0
2021-04-30,31583922.15357,31583922.15357,0.0
2021-05-06,33290648.153570015,33290648.15357001,3.725290298461914e-09
2021-05-07,34319448.15357001,34319448.15357001,0.0
2021-05-10,35614014.09757,35614014.09757,0.0
2021-05-11,36661574.09757,36661574.09757,0.0
2021-05-12,37438274.09757,37438274.09757,0.0
2021-05-13,37307084.09757001,37307084.09757001,0.0
2021-05-14,35527394.097569995,35527394.097569995,0.0
2021-05-17,35387316.83851999,35387316.83851999,0.0
2021-05-18,35419986.83851999,35419986.83851999,0.0
2021-05-19,34290116.838520005,34290116.838520005,0.0
2021-05-20,32416472.103470005,32416472.103470005,0.0
2021-05-21,31560636.10127,31560636.10127,0.0
2021-05-24,30830622.85127,30830622.85127,0.0
2021-05-25,31179616.605019994,31179616.605019994,0.0
2021-05-26,30811251.60502,30811251.60502,0.0
2021-05-27,30806138.120519996,30806138.120519996,0.0
2021-05-28,31487550.620520003,31487550.620520003,0.0
2021-05-31,31740830.620520007,31740830.620520007,0.0
2021-06-01,31648240.62052,31648240.62052,0.0
2021-06-02,32054640.620520003,32054640.620520003,0.0
2021-06-03,32090050.620520007,32090050.620520007,0.0
2021-06-04,32174160.620519996,32174160.620519996,0.0
2021-06-07,32453099.80372,32453099.80372,0.0
2021-06-08,31944614.80372,31944614.80372,0.0
2021-06-09,32136304.80372,32136304.80372,0.0
2021-06-10,32040799.80372001,32040799.80372001,0.0
2021-06-11,32829774.803720012,32829774.803720012,0.0
2021-06-15,32304254.032369997,32304254.032369997,0.0
2021-06-16,31907034.03237,31907034.03237,0.0
2021-06-17,31881564.032370012,31881564.032370012,0.0
2021-06-18,31427449.032370012,31427449.032370012,0.0
2021-06-21,30801706.03237,30801706.03237,0.0
2021-06-22,30853021.03237001,30853021.03237001,0.0
2021-06-23,31145571.032370016,31145571.032370016,0.0
2021-06-24,31526956.03237001,31526956.03237001,0.0
2021-06-25,31707984.53237001,31707984.53237001,0.0
2021-06-28,31967940.927070003,31967940.927070003,0.0
2021-06-29,31933250.927070003,31933250.927070003,0.0
2021-06-30,31842310.927069996,31842310.927069996,0.0
2021-07-01,32090740.927070014,32090740.927070014,0.0
2021-07-02,31921410.927070003,31921410.927070003,0.0
2021-07-05,32259935.044269998,32259935.044269998,0.0
2021-07-06,32810765.04427001,32810765.04427001,0.0
2021-07-07,32344905.044270013,32344905.044270013,0.0
2021-07-08,31954915.044270005,31954915.044270005,0.0
2021-07-09,32053905.044270005,32053905.044270005,0.0
2021-07-12,33026961.72427001,33026961.72427001,0.0
2021-07-13,33379761.72427002,33379761.72427002,0.0
2021-07-14,34285571.724270016,34285571.724270016,0.0
2021-07-15,33911271.724270016,33911271.724270016,0.0
2021-07-16,34335121.72427003,34335121.72427003,0.0
2021-07-19,34646324.37122003,34646324.37122003,0.0
2021-07-20,33877634.371220015,33877634.371220015,0.0
2021-07-21,34482564.371220015,34482564.371220015,0.0
2021-07-22,34237754.371220015,34237754.371220015,0.0
2021-07-23,35253716.371220015,35253716.371220015,0.0
2021-07-26,35635064.483120024,35635064.483120024,0.0
2021-07-27,35346651.48312001,35346651.48312001,0.0
2021-07-28,34771221.48312001,34771221.48312001,0.0
2021-07-29,35320651.483120024,35320651.483120024,0.0
2021-07-30,36389911.483120024,36389911.483120024,0.0
2021-08-02,35708697.49472002,35708697.49472002,0.0
2021-08-03,34274597.49472002,34274597.49472002,0.0
2021-08-04,34229107.49472002,34229107.49472002,0.0
2021-08-05,34650627.494720004,34650627.494720004,0.0
2021-08-06,34434357.494720004,34434357.494720004,0.0
2021-08-09,34192130.83977,34192130.83977,0.0
2021-08-10,34606370.83977,34606370.83977,0.0
2021-08-11,35298460.83977001,35298460.83977001,0.0
2021-08-12,35292384.27187001,35292384.27187001,0.0
2021-08-13,34381774.27187002,34381774.27187002,0.0
2021-08-16,34496617.27187001,34496617.27187001,0.0
2021-08-17,34495042.271870025,34495042.271870025,0.0
2021-08-18,34513327.27187001,34513327.27187001,0.0
2021-08-19,33562499.77187001,33562499.77187001,0.0
2021-08-20,33246715.771870017,33246715.771870017,0.0
2021-08-23,33998800.77187002,33998800.77187002,0.0
2021-08-24,34645778.77187001,34645778.77187001,0.0
2021-08-25,35057118.77187001,35057118.77187001,0.0
2021-08-26,34447813.77187002,34447813.77187002,0.0
2021-08-27,34299333.77187001,34299333.77187001,0.0
2021-08-30,35659482.69897001,35659482.69897001,0.0
2021-08-31,35783077.69897002,35783077.69897002,0.0
2021-09-01,36018122.69897001,36018122.69897001,0.0
2021-09-02,36163675.198970005,36163675.198970005,0.0
2021-09-03,36761460.198970005,36761460.198970005,0.0
2021-09-06,37455904.93097,37455904.93097,0.0
2021-09-07,37545909.930970006,37545909.930970006,0.0
2021-09-08,37646979.93097001,37646979.93097001,0.0
2021-09-09,38435119.93097002,38435119.93097002,0.0
2021-09-10,38881959.93097001,38881959.93097001,0.0
2021-09-13,39101424.20032,39101424.20032,0.0
2021-09-14,37774134.20032001,37774134.20032001,0.0
2021-09-15,36608884.20032002,36608884.20032002,0.0
2021-09-16,38142584.20032,38142584.20032,0.0
2021-09-17,37883124.20032,37883124.20032,0.0
2021-09-22,38645719.20031999,38645719.20031999,0.0
2021-09-23,39747244.20032,39747244.20032,0.0
2021-09-24,38597959.70032001,38597959.70032001,0.0
2021-09-27,38014517.20032001,38014517.20032001,0.0
2021-09-28,37463997.20031999,37463997.20031999,0.0
2021-09-29,38056927.20032001,38056927.20032001,0.0
2021-09-30,37867087.20032,37867087.20032,0.0
2021-10-08,38185192.20032001,38185192.20032001,0.0
2021-10-11,38146860.75032001,38146860.75032001,0.0
2021-10-12,37687660.750319995,37687660.750319995,0.0
2021-10-13,36546185.75031999,36546185.75031999,0.0
2021-10-14,35682710.750319995,35682710.750319995,0.0
2021-10-15,36554385.750319995,36554385.750319995,0.0
2021-10-18,36413537.55032001,36413537.55032001,0.0
2021-10-19,36918432.55032,36918432.55032,0.0
2021-10-20,35007122.55031999,35007122.55031999,0.0
2021-10-21,34892532.55032001,34892532.55032001,0.0
2021-10-22,31835015.05031999,31835015.05031999,0.0
2021-10-25,30800736.14446999,30800736.14446999,0.0
2021-10-26,30743469.65747,30743469.65747,0.0
2021-10-27,30162379.65747,30162379.65747,0.0
2021-10-28,29517393.457569994,29517393.457569994,0.0
2021-10-29,29833950.95757,29833950.95757,0.0
2021-11-01,29811366.457569998,29811366.457569998,0.0
2021-11-02,29858226.45757,29858226.45757,0.0
2021-11-03,29644195.18287,29644195.18287,0.0
2021-11-04,29665580.566019997,29665580.566019997,0.0
2021-11-05,29632189.56601999,29632189.56601999,0.0
2021-11-08,29628119.56602,29628119.56602,0.0
2021-11-09,29728529.566019997,29728529.566019997,0.0
2021-11-10,29313879.566020004,29313879.566020004,0.0
2021-11-11,29571309.566019997,29571309.566019997,0.0
2021-11-12,29471849.566019997,29471849.566019997,0.0
2021-11-15,29358870.42782001,29358870.42782001,0.0
2021-11-16,29042305.427819997,29042305.427819997,0.0
2021-11-17,28855359.427819993,28855359.427819993,0.0
2021-11-18,28999609.427819993,28999609.427819993,0.0
2021-11-19,28714454.42782,28714454.42782,0.0
2021-11-22,29103294.174819995,29103294.174819995,0.0
2021-11-23,28817218.674820002,28817218.674820002,0.0
2021-11-24,29250653.674820002,29250653.674820002,0.0
2021-11-25,29688563.674820013,29688563.674820013,0.0
2021-11-26,29965680.674820013,29965680.674820013,0.0
2021-11-29,29269061.910720002,29269061.910720002,0.0
2021-11-30,29096081.91072001,29096081.91072001,0.0
2021-12-01,29000501.91072001,29000501.91072001,0.0
2021-12-02,28997801.91072,28997801.91072,0.0
2021-12-03,28711401.910720006,28711401.910720006,0.0
2021-12-06,29708100.506419998,29708100.506419998,0.0
2021-12-07,29360469.006419998,29360469.006419998,0.0
2021-12-08,29555239.006420005,29555239.006420005,0.0
2021-12-09,29294354.00642001,29294354.00642001,0.0
2021-12-10,28945534.006420013,28945534.006420013,0.0
2021-12-13,28416493.568270013,28416493.568270013,0.0
2021-12-14,29066606.068270013,29066606.068270013,0.0
2021-12-15,28842946.068270013,28842946.068270013,0.0
2021-12-16,28600796.06827001,28600796.06827001,0.0
2021-12-17,29093251.005830012,29093251.005830012,0.0
2021-12-20,28993073.78203001,28993073.78203001,0.0
2021-12-21,28756233.782030005,28756233.782030005,0.0
2021-12-22,29400333.782030016,29400333.782030016,0.0
2021-12-23,30034603.78203,30034603.78203,0.0
2021-12-24,30123094.78203,30123094.78203,0.0
2021-12-27,30057806.115780003,30057806.115780003,0.0
2021-12-28,29780771.11578002,29780771.11578002,0.0
2021-12-29,29882956.115780015,29882956.115780015,0.0
2021-12-30,30431351.115780015,30431351.115780015,0.0
2021-12-31,30417571.11578002,30417571.11578002,0.0
2022-01-04,30567187.653030004,30567187.653030004,0.0
2022-01-05,30633112.65303002,30633112.65303002,0.0
2022-01-06,30820522.653030016,30820522.653030016,0.0
2022-01-07,31148002.653030008,31148002.653030008,0.0
2022-01-10,31515567.01898002,31515567.01898002,0.0
2022-01-11,31909757.01898002,31909757.01898002,0.0
2022-01-12,32273802.018980023,32273802.018980023,0.0
2022-01-13,32490047.018980023,32490047.018980023,0.0
2022-01-14,32354812.018980023,32354812.018980023,0.0
2022-01-17,32377329.752080012,32377329.752080012,0.0
2022-01-18,33071764.752080023,33071764.752080023,0.0
2022-01-19,34185014.752080016,34185014.752080016,0.0
2022-01-20,34189604.75208,34189604.75208,0.0
2022-01-21,34539628.75208,34539628.75208,0.0
2022-01-24,34812072.62763,34812072.62763,0.0
2022-01-25,34406312.62763002,34406312.62763002,0.0
2022-01-26,34486612.62763,34486612.62763,0.0
2022-01-27,34854672.62763002,34854672.62763002,0.0
2022-01-28,35652592.62763001,35652592.62763001,0.0
2022-02-07,36557696.536830015,36557696.536830015,0.0
2022-02-08,36511086.53683001,36511086.53683001,0.0
2022-02-09,36392723.03683001,36392723.03683001,0.0
2022-02-10,37130883.03683001,37130883.03683001,0.0
2022-02-11,36331183.03683001,36331183.03683001,0.0
2022-02-14,35720890.539280005,35720890.539280005,0.0
2022-02-15,35839860.53928,35839860.53928,0.0
2022-02-16,35757740.53928,35757740.53928,0.0
2022-02-17,36213330.539280005,36213330.539280005,0.0
2022-02-18,36225412.53927999,36225412.53927999,0.0
2022-02-21,35971164.289280005,35971164.289280005,0.0
2022-02-22,36863319.28927999,36863319.28927999,0.0
2022-02-23,37263174.28928,37263174.28928,0.0
2022-02-24,37595746.28927999,37595746.28927999,0.0
2022-02-25,37664801.28928,37664801.28928,0.0
2022-02-28,37275419.21118,37275419.21118,0.0
2022-03-01,38197094.21117999,38197094.21117999,0.0
2022-03-02,39476139.21118,39476139.21118,0.0
2022-03-03,40422424.21118,40422424.21118,0.0
2022-03-04,40735729.21118001,40735729.21118001,0.0
2022-03-07,41831500.08683,41831500.08683,0.0
2022-03-08,41529870.08682998,41529870.08682998,0.0
2022-03-09,39782320.08683,39782320.08683,0.0
2022-03-10,38469195.08683,38469195.08683,0.0
2022-03-11,39871445.08682999,39871445.08682999,0.0
2022-03-14,40437790.18358,40437790.18358,0.0
2022-03-15,39271900.183579996,39271900.183579996,0.0
2022-03-16,39892565.18358,39892565.18358,0.0
2022-03-17,40602260.18358,40602260.18358,0.0
2022-03-18,41228990.18357999,41228990.18357999,0.0
2022-03-21,41012149.25687999,41012149.25687999,0.0
2022-03-22,40547684.256879985,40547684.256879985,0.0
2022-03-23,40778914.25687999,40778914.25687999,0.0
2022-03-24,41411684.25688,41411684.25688,0.0
2022-03-25,41299099.25688,41299099.25688,0.0
2022-03-28,41590174.50687999,41590174.50687999,0.0
2022-03-29,41398124.50688,41398124.50688,0.0
2022-03-30,41028221.84598,41028221.84598,0.0
2022-03-31,40943681.84598,40943681.84598,0.0
2022-04-01,41175111.84597999,41175111.84597999,0.0
2022-04-06,41303928.09598,41303928.09598,0.0
2022-04-07,41103003.09597999,41103003.09597999,0.0
2022-04-08,40528838.095979996,40528838.095979996,0.0
2022-04-11,39730240.84598,39730240.84598,0.0
2022-04-12,39219110.84597999,39219110.84597999,0.0
2022-04-13,39959280.845979996,39959280.845979996,0.0
2022-04-14,40420760.84598,40420760.84598,0.0
2022-04-15,41041235.84598,41041235.84598,0.0
2022-04-18,40222879.595979996,40222879.595979996,0.0
2022-04-19,40083149.59598001,40083149.59598001,0.0
2022-04-20,39624764.09598001,39624764.09598001,0.0
2022-04-21,39940854.09598001,39940854.09598001,0.0
2022-04-22,39625083.09598001,39625083.09598001,0.0
2022-04-25,38676581.84598001,38676581.84598001,0.0
2022-04-26,37839311.84598001,37839311.84598001,0.0
2022-04-27,38111701.84598001,38111701.84598001,0.0
2022-04-28,38146131.84598002,38146131.84598002,0.0
2022-04-29,38539011.84598001,38539011.84598001,0.0
2022-05-05,38959127.21688002,38959127.21688002,0.0
2022-05-06,38892097.216880016,38892097.216880016,0.0
2022-05-09,38939595.21688002,38939595.21688002,0.0
2022-05-10,39297135.21688002,39297135.21688002,0.0
2022-05-11,38581715.21688002,38581715.21688002,0.0
2022-05-12,39182855.21688002,39182855.21688002,0.0
2022-05-13,38949915.21688001,38949915.21688001,0.0
2022-05-16,38969487.670380026,38969487.670380026,0.0
2022-05-17,39203407.67038001,39203407.67038001,0.0
2022-05-18,39796877.670380026,39796877.670380026,0.0
2022-05-19,40044407.670380004,40044407.670380004,0.0
2022-05-20,39694808.67038003,39694808.67038003,0.0
2022-05-23,40496430.37338002,40496430.37338002,0.0
2022-05-24,40725020.37338002,40725020.37338002,0.0
2022-05-25,41209810.37338002,41209810.37338002,0.0
2022-05-26,42238490.373380035,42238490.373380035,0.0
2022-05-27,42420969.37338001,42420969.37338001,0.0
2022-05-30,41490578.18093,41490578.18093,0.0
2022-05-31,40548708.18093,40548708.18093,0.0
2022-06-01,39588968.18093001,39588968.18093001,0.0
2022-06-02,39450578.18093002,39450578.18093002,0.0
2022-06-06,39584195.18093003,39584195.18093003,0.0
2022-06-07,39819135.18093001,39819135.18093001,0.0
2022-06-08,39891110.18093003,39891110.18093003,0.0
2022-06-09,40071860.180930026,40071860.180930026,0.0
2022-06-10,39641895.180930026,39641895.180930026,0.0
2022-06-13,38120012.681930035,38120012.681930035,0.0
2022-06-14,37682772.68193002,37682772.68193002,0.0
2022-06-15,37084722.68193002,37084722.68193002,0.0
2022-06-16,36938672.68193003,36938672.68193003,0.0
2022-06-17,35844332.681930035,35844332.681930035,0.0
2022-06-20,35055570.10293003,35055570.10293003,0.0
2022-06-21,34989300.10293004,34989300.10293004,0.0
2022-06-22,35384400.10293002,35384400.10293002,0.0
2022-06-23,34715170.102930024,34715170.102930024,0.0
2022-06-24,33834305.102930024,33834305.102930024,0.0
2022-06-27,32479196.352930028,32479196.352930028,0.0
2022-06-28,32378472.85293004,32378472.85293004,0.0
2022-06-29,32513192.85293002,32513192.85293002,0.0
2022-06-30,32640532.852930017,32640532.852930017,0.0
2022-07-01,32643062.852930017,32643062.852930017,0.0
2022-07-04,32354587.102930024,32354587.102930024,0.0
2022-07-05,32652472.102930035,32652472.102930035,0.0
2022-07-06,32483517.10293002,32483517.10293002,0.0
2022-07-07,32032227.10293002,32032227.10293002,0.0
2022-07-08,32270172.102930047,32270172.102930047,0.0
2022-07-11,33121979.098130036,33121979.098130036,0.0
2022-07-12,33659654.098130025,33659654.098130025,0.0
2022-07-13,34303049.09813003,34303049.09813003,0.0
2022-07-14,34644459.09813002,34644459.09813002,0.0
2022-07-15,35280044.09813002,35280044.09813002,0.0
2022-07-18,35246020.218730025,35246020.218730025,0.0
2022-07-19,34874025.21873004,34874025.21873004,0.0
2022-07-20,35540425.218730025,35540425.218730025,0.0
2022-07-21,35837970.21873003,35837970.21873003,0.0
2022-07-22,35916170.21873003,35916170.21873003,0.0
2022-07-25,35803732.21873004,35803732.21873004,0.0
2022-07-26,36125502.21873004,36125502.21873004,0.0
2022-07-27,35884392.21873003,35884392.21873003,0.0
2022-07-28,35008088.71873004,35008088.71873004,0.0
2022-07-29,35045928.71873003,35045928.71873003,0.0
2022-08-01,35590733.46873005,35590733.46873005,0.0
2022-08-02,35942278.46873005,35942278.46873005,0.0
2022-08-03,35884483.46873003,35884483.46873003,0.0
2022-08-04,36039533.46873003,36039533.46873003,0.0
2022-08-05,35610333.46873003,35610333.46873003,0.0
2022-08-08,35465376.04533005,35465376.04533005,0.0
2022-08-09,35474836.04533005,35474836.04533005,0.0
2022-08-10,35484391.04533003,35484391.04533003,0.0
2022-08-11,35354166.04533005,35354166.04533005,0.0
2022-08-12,35057300.04533005,35057300.04533005,0.0
2022-08-15,36752476.93833005,36752476.93833005,0.0
2022-08-16,37409445.93833005,37409445.93833005,0.0
2022-08-17,37204805.93833003,37204805.93833003,0.0
2022-08-18,37550045.93833005,37550045.93833005,0.0
2022-08-19,38026285.93833005,38026285.93833005,0.0
2022-08-22,37861361.00423003,37861361.00423003,0.0
2022-08-23,37569531.00423003,37569531.00423003,0.0
2022-08-24,37317916.00423004,37317916.00423004,0.0
2022-08-25,37149266.00423002,37149266.00423002,0.0
2022-08-26,37494566.00423003,37494566.00423003,0.0
2022-08-29,37455797.248630024,37455797.248630024,0.0
2022-08-30,38106552.748630024,38106552.748630024,0.0
2022-08-31,38103732.748630024,38103732.748630024,0.0
2022-09-01,38536336.04503002,38536336.04503002,0.0
2022-09-02,39015161.04503002,39015161.04503002,0.0
2022-09-05,38186067.79503003,38186067.79503003,0.0
2022-09-06,37612792.79503003,37612792.79503003,0.0
2022-09-07,37434767.79503003,37434767.79503003,0.0
2022-09-08,36992627.79503003,36992627.79503003,0.0
2022-09-09,36123672.79503003,36123672.79503003,0.0
2022-09-13,36086634.795030035,36086634.795030035,0.0
2022-09-14,36282574.79503002,36282574.79503002,0.0
2022-09-15,36260784.79503003,36260784.79503003,0.0
2022-09-16,36159094.795030035,36159094.795030035,0.0
2022-09-19,35904154.74503003,35904154.74503003,0.0
2022-09-20,36344259.74503002,36344259.74503002,0.0
2022-09-21,36528024.74503002,36528024.74503002,0.0
2022-09-22,36199914.74503003,36199914.74503003,0.0
2022-09-23,35225114.74503003,35225114.74503003,0.0
2022-09-26,35056140.00163003,35056140.00163003,0.0
2022-09-27,34895500.00163003,34895500.00163003,0.0
2022-09-28,34825405.00163003,34825405.00163003,0.0
2022-09-29,34652769.50163002,34652769.50163002,0.0
2022-09-30,34500859.501630016,34500859.501630016,0.0
2022-10-10,34040733.519680016,34040733.519680016,0.0
2022-10-11,33873348.519680016,33873348.519680016,0.0
2022-10-12,34780408.51968004,34780408.51968004,0.0
2022-10-13,34824273.51968003,34824273.51968003,0.0
2022-10-14,34895168.51968003,34895168.51968003,0.0
2022-10-17,35138320.266880035,35138320.266880035,0.0
2022-10-18,35598690.266880035,35598690.266880035,0.0
2022-10-19,35656160.26688003,35656160.26688003,0.0
2022-10-20,35450120.266880035,35450120.266880035,0.0
2022-10-21,35257870.26688003,35257870.26688003,0.0
2022-10-24,35430987.40748002,35430987.40748002,0.0
2022-10-25,35819277.40748004,35819277.40748004,0.0
2022-10-26,36013717.407480024,36013717.407480024,0.0
2022-10-27,36235167.40748003,36235167.40748003,0.0
2022-10-28,37083308.907480024,37083308.907480024,0.0
2022-10-31,38299191.48013003,38299191.48013003,0.0
2022-11-01,38590511.480130024,38590511.480130024,0.0
2022-11-02,38168181.48013003,38168181.48013003,0.0
2022-11-03,37803611.48013003,37803611.48013003,0.0
2022-11-04,36838801.480130024,36838801.480130024,0.0
2022-11-07,36600973.246580005,36600973.246580005,0.0
2022-11-08,36575053.24658002,36575053.24658002,0.0
2022-11-09,36303548.246580005,36303548.246580005,0.0
2022-11-10,36428058.24658003,36428058.24658003,0.0
2022-11-11,35329553.24658002,35329553.24658002,0.0
2022-11-14,33842228.89658002,33842228.89658002,0.0
2022-11-15,33829463.896580026,33829463.896580026,0.0
2022-11-16,32972203.896580014,32972203.896580014,0.0
2022-11-17,33591053.896580026,33591053.896580026,0.0
2022-11-18,33065261.89658001,33065261.89658001,0.0
2022-11-21,33641143.58683002,33641143.58683002,0.0
2022-11-22,33332863.58683001,33332863.58683001,0.0
2022-11-23,33843323.58683002,33843323.58683002,0.0
2022-11-24,34167003.586830005,34167003.586830005,0.0
2022-11-25,33903618.58683001,33903618.58683001,0.0
2022-11-28,33313728.493380003,33313728.493380003,0.0
2022-11-29,32407274.49338001,32407274.49338001,0.0
2022-11-30,32887259.493380006,32887259.493380006,0.0
2022-12-01,32662029.49338001,32662029.49338001,0.0
2022-12-02,32890504.493380003,32890504.493380003,0.0
2022-12-05,32582783.466280013,32582783.466280013,0.0
2022-12-06,32409958.466280006,32409958.466280006,0.0
2022-12-07,32436143.966280002,32436143.966280002,0.0
2022-12-08,32921578.96628001,32921578.96628001,0.0
2022-12-09,32136998.966280002,32136998.966280002,0.0
2022-12-12,31747340.667080007,31747340.667080007,0.0
2022-12-13,31282565.667080004,31282565.667080004,0.0
2022-12-14,31513230.667080004,31513230.667080004,0.0
2022-12-15,31512600.667080015,31512600.667080015,0.0
2022-12-16,31330915.667080015,31330915.667080015,0.0
2022-12-19,31896571.23108001,31896571.231080014,-3.725290298461914e-09
2022-12-20,32034652.288700003,32034652.288700007,-3.725290298461914e-09
2022-12-21,32094582.28870001,32094582.288700014,-3.725290298461914e-09
2022-12-22,32155527.288700014,32155527.288700018,-3.725290298461914e-09
2022-12-23,32488342.288700014,32488342.288700018,-3.725290298461914e-09
2022-12-26,32619963.30120001,32619963.301200014,-3.725290298461914e-09
2022-12-27,32331593.301200006,32331593.30120001,-3.725290298461914e-09
2022-12-28,31987918.80120001,31987918.801200014,-3.725290298461914e-09
2022-12-29,32030103.801200006,32030103.80120001,-3.725290298461914e-09
2022-12-30,31948793.801200006,31948793.80120001,-3.725290298461914e-09
2023-01-03,32401736.473300017,32401736.47330002,-3.725290298461914e-09
2023-01-04,32604091.47330002,32604091.473300025,-3.725290298461914e-09
2023-01-05,32913446.473300017,32913446.47330002,-3.725290298461914e-09
2023-01-06,32256651.473300017,32256651.47330002,-3.725290298461914e-09
2023-01-09,31949118.97330001,31949118.973300014,-3.725290298461914e-09
2023-01-10,31082458.97330002,31082458.973300025,-3.725290298461914e-09
2023-01-11,30697248.973300025,30697248.97330003,-3.725290298461914e-09
2023-01-12,31115683.97330001,31115683.973300014,-3.725290298461914e-09
2023-01-13,30802483.97330001,30802483.973300014,-3.725290298461914e-09
2023-01-16,30227329.39625002,30227329.396250024,-3.725290298461914e-09
2023-01-17,29686169.39625001,29686169.396250013,-3.725290298461914e-09
2023-01-18,29631829.39625002,29631829.396250024,-3.725290298461914e-09
2023-01-19,29137250.896250024,29137250.89625003,-3.725290298461914e-09
2023-01-20,28985315.89625001,28985315.896250013,-3.725290298461914e-09
2023-01-30,29327041.85890001,29327041.858900014,-3.725290298461914e-09
2023-01-31,30189436.858900018,30189436.85890002,-3.725290298461914e-09
2023-02-01,30071566.85890002,30071566.858900025,-3.725290298461914e-09
2023-02-02,30674796.858900025,30674796.85890003,-3.725290298461914e-09
2023-02-03,31163956.858900014,31163956.858900018,-3.725290298461914e-09
2023-02-06,31521349.31915002,31521349.319150023,-3.725290298461914e-09
2023-02-07,31498404.31915001,31498404.319150012,-3.725290298461914e-09
2023-02-08,31368154.319150027,31368154.31915003,-3.725290298461914e-09
2023-02-09,31425574.31915002,31425574.319150023,-3.725290298461914e-09
2023-02-10,31700014.31915001,31700014.319150012,-3.725290298461914e-09
2023-02-13,32401609.433000017,32401609.43300002,-3.725290298461914e-09
2023-02-14,32658169.433000013,32658169.433000017,-3.725290298461914e-09
2023-02-15,32323989.433000017,32323989.43300002,-3.725290298461914e-09
2023-02-16,32279174.433000013,32279174.433000017,-3.725290298461914e-09
2023-02-17,31952289.43300001,31952289.433000013,-3.725290298461914e-09
2023-02-20,31513310.43300001,31513310.433000013,-3.725290298461914e-09
2023-02-21,30861039.433,30861039.433000002,-3.725290298461914e-09
2023-02-22,31065049.433000002,31065049.433000006,-3.725290298461914e-09
2023-02-23,30973547.433000006,30973547.43300001,-3.725290298461914e-09
2023-02-24,31412152.43299999,31412152.432999995,-3.725290298461914e-09
2023-02-27,31719728.6967,31719728.6967,0.0
2023-02-28,31820713.696700003,31820713.696700003,0.0
2023-03-01,31519363.6967,31519363.6967,0.0
2023-03-02,30883483.69669999,30883483.69669999,0.0
2023-03-03,30619188.696699996,30619188.696699996,0.0
2023-03-06,31100265.696700007,31100265.696700007,0.0
2023-03-07,31182455.6967,31182455.6967,0.0
2023-03-08,31171965.696700003,31171965.696700003,0.0
2023-03-09,31328750.696699996,31328750.696699996,0.0
2023-03-10,31143665.69669999,31143665.69669999,0.0
2023-03-13,31070076.018149994,31070076.018149994,0.0
2023-03-14,31131986.01815,31131986.01815,0.0
2023-03-15,30945076.018149998,30945076.018149998,0.0
2023-03-16,32185126.01815,32185126.01815,0.0
2023-03-17,32634056.018150005,32634056.018150005,0.0
2023-03-20,32247931.118149992,32247931.118149992,0.0
2023-03-21,32143841.11815,32143841.11815,0.0
2023-03-22,32136001.118149996,32136001.118149996,0.0
2023-03-23,31928851.118149992,31928851.118149992,0.0
2023-03-24,31622731.118149992,31622731.118149992,0.0
2023-03-27,31399816.964400012,31399816.964400012,0.0
2023-03-28,30690396.964399993,30690396.964399993,0.0
2023-03-29,30300386.964400012,30300386.964400012,0.0
2023-03-30,30186586.96440001,30186586.96440001,0.0
2023-03-31,30087056.964399993,30087056.964399993,0.0
2023-04-03,30295917.514400013,30295917.514400013,0.0
2023-04-04,30800462.514400005,30800462.514400005,0.0
2023-04-06,31095668.514399998,31095668.514399998,0.0
2023-04-07,31588924.906500008,31588924.906500008,0.0
2023-04-10,31781573.906499997,31781573.906499997,0.0
2023-04-11,32416581.3065,32416581.3065,0.0
2023-04-12,32503366.3065,32503366.3065,0.0
2023-04-13,32423131.306500003,32423131.306500003,0.0
2023-04-14,31891816.306500006,31891816.306500006,0.0
2023-04-17,31470926.306500006,31470926.306500006,0.0
2023-04-18,31262261.30649999,31262261.30649999,0.0
2023-04-19,31073521.306500003,31073521.306500003,0.0
2023-04-20,31068604.30650001,31068604.30650001,0.0
2023-04-21,31822674.306500006,31822674.306500006,0.0
2023-04-24,32767999.9514,32767999.9514,0.0
2023-04-25,32443564.951400008,32443564.951400008,0.0
2023-04-26,32888169.951400016,32888169.951400016,0.0
2023-04-27,33286229.951400016,33286229.951400016,0.0
2023-04-28,33630244.951400004,33630244.951400004,0.0
2023-05-04,33398267.001399998,33398267.001399998,0.0
2023-05-05,34121587.00140001,34121587.00140001,0.0
2023-05-08,33185487.901400015,33185487.901400015,0.0
2023-05-09,33057297.901400004,33057297.901400004,0.0
2023-05-10,33334617.90140001,33334617.90140001,0.0
2023-05-11,33848007.90139999,33848007.90139999,0.0
2023-05-12,34537007.90140001,34537007.90140001,0.0
2023-05-15,33951641.298599996,33951641.298599996,0.0
2023-05-16,33811641.298599996,33811641.298599996,0.0
2023-05-17,33574311.29859999,33574311.29859999,0.0
2023-05-18,33343891.298599996,33343891.298599996,0.0
2023-05-19,34060101.2986,34060101.2986,0.0
2023-05-22,34873501.2838,34873501.2838,0.0
2023-05-23,35739015.78379999,35739015.78379999,0.0
2023-05-24,36576530.78379999,36576530.78379999,0.0
2023-05-25,36677030.7838,36677030.7838,0.0
2023-05-26,36033180.78379999,36033180.78379999,0.0
2023-05-29,35739835.28379999,35739835.28379999,0.0
2023-05-30,35820090.283800006,35820090.283800006,0.0
2023-05-31,36204080.28379999,36204080.28379999,0.0
2023-06-01,35834895.2838,35834895.2838,0.0
2023-06-02,34512930.283800006,34512930.283800006,0.0
2023-06-05,34221167.15120001,34221167.15120001,0.0
2023-06-06,34585282.151200004,34585282.151200004,0.0
2023-06-07,35094307.151200004,35094307.151200004,0.0
2023-06-08,34880072.1512,34880072.1512,0.0
2023-06-09,35032532.15119999,35032532.15119999,0.0
2023-06-12,35181424.15119999,35181424.15119999,0.0
2023-06-13,35741924.151200004,35741924.151200004,0.0
2023-06-14,35085539.1512,35085539.1512,0.0
2023-06-15,34603224.15119999,34603224.15119999,0.0
2023-06-16,33486709.1512,33486709.1512,0.0
2023-06-19,33314762.90119999,33314762.90119999,0.0
2023-06-20,33505247.9012,33505247.9012,0.0
2023-06-21,33780412.9012,33780412.9012,0.0
2023-06-26,34374214.40119999,34374214.40119999,0.0
2023-06-27,33740894.4012,33740894.4012,0.0
2023-06-28,33508714.40119999,33508714.40119999,0.0
2023-06-29,33248216.401200004,33248216.401200004,0.0
2023-06-30,33301101.4012,33301101.4012,0.0
2023-07-03,33294889.536100004,33294889.536100004,0.0
2023-07-04,32983514.536099993,32983514.536099993,0.0
2023-07-05,33466319.5361,33466319.5361,0.0
2023-07-06,33569939.53610001,33569939.53610001,0.0
2023-07-07,33592524.53610001,33592524.53610001,0.0
2023-07-10,33791450.735549994,33791450.735549994,0.0
2023-07-11,33564930.73555,33564930.73555,0.0
2023-07-12,33325530.735550005,33325530.735550005,0.0
2023-07-13,33118700.73555,33118700.73555,0.0
2023-07-14,32627220.73554999,32627220.73554999,0.0
2023-07-17,32881333.7202,32881333.7202,0.0
2023-07-18,32951933.7202,32951933.7202,0.0
2023-07-19,32985583.72019999,32985583.72019999,0.0
2023-07-20,32729613.720200006,32729613.720200006,0.0
2023-07-21,32768343.720199995,32768343.720199995,0.0
2023-07-24,32256302.220200006,32256302.220200006,0.0
2023-07-25,31592332.220199995,31592332.220199995,0.0
2023-07-26,32032294.220200006,32032294.220200006,0.0
2023-07-27,32718794.220200002,32718794.220200002,0.0
2023-07-28,32223904.220199995,32223904.220199995,0.0
2023-07-31,31206803.813599996,31206803.813599996,0.0
2023-08-01,32051627.813600007,32051627.813600007,0.0
2023-08-02,32092842.813600004,32092842.813600004,0.0
2023-08-03,31518092.813599996,31518092.813599996,0.0
2023-08-04,31892407.813600004,31892407.813600004,0.0
2023-08-07,31443993.180800006,31443993.180800006,0.0
2023-08-08,31345233.180800002,31345233.180800002,0.0
2023-08-09,31378458.180799987,31378458.180799987,0.0
2023-08-10,31560378.18079999,31560378.18079999,0.0
2023-08-11,31771198.180800002,31771198.180800002,0.0
2023-08-14,31737084.286399987,31737084.286399987,0.0
2023-08-15,32496231.0364,32496231.0364,0.0
2023-08-16,32595454.215580005,32595454.215580005,0.0
2023-08-17,32882574.21558,32882574.21558,0.0
2023-08-18,32960514.21558,32960514.21558,0.0
2023-08-21,34096999.186129995,34096999.186129995,0.0
2023-08-22,33890256.186129995,33890256.186129995,0.0
2023-08-23,33528331.186129995,33528331.186129995,0.0
2023-08-24,33418506.186130002,33418506.186130002,0.0
2023-08-25,33360616.186130002,33360616.186130002,0.0
2023-08-28,34012684.51393,34012684.51393,0.0
2023-08-29,34162844.51392999,34162844.51392999,0.0
2023-08-30,34488074.51393001,34488074.51393001,0.0
2023-08-31,34831479.51393,34831479.51393,0.0
2023-09-01,34678834.51393,34678834.51393,0.0
2023-09-04,33652664.385280006,33652664.385280006,0.0
2023-09-05,32919402.38527999,32919402.38527999,0.0
2023-09-06,32821978.878129985,32821978.878129985,0.0
2023-09-07,32854995.378129985,32854995.378129985,0.0
2023-09-08,32432105.37813,32432105.37813,0.0
2023-09-11,32010694.925079986,32010694.925079986,0.0
2023-09-12,31680847.42508,31680847.42508,0.0
2023-09-13,31693920.35263,31693920.35263,0.0
2023-09-14,31692330.35263,31692330.35263,0.0
2023-09-15,31110460.35262999,31110460.35262999,0.0
2023-09-18,30661033.473629985,30661033.473629985,0.0
2023-09-19,30956493.473629996,30956493.473629996,0.0
2023-09-20,30542443.47362998,30542443.47362998,0.0
2023-09-21,30685319.97362999,30685319.97362999,0.0
2023-09-22,30535439.973629996,30535439.973629996,0.0
2023-09-25,30281657.36462998,30281657.36462998,0.0
2023-09-26,30341783.36462999,30341783.36462999,0.0
2023-09-27,30440253.36462998,30440253.36462998,0.0
2023-09-28,30883603.364629988,30883603.364629988,0.0
2023-10-09,30596681.864629984,30596681.864629984,0.0
2023-10-10,29939821.864629988,29939821.864629988,0.0
2023-10-11,29644291.86462998,29644291.86462998,0.0
2023-10-12,29540881.864629984,29540881.864629984,0.0
2023-10-13,29315836.364629984,29315836.364629984,0.0
2023-10-16,29306154.533979982,29306154.533979982,0.0
2023-10-17,28739994.533979986,28739994.533979986,0.0
2023-10-18,29261144.533979982,29261144.533979982,0.0
2023-10-19,29399394.533979982,29399394.533979982,0.0
2023-10-20,29522104.533979982,29522104.533979982,0.0
2023-10-23,29645394.53397999,29645394.53397999,0.0
2023-10-24,29398604.53397998,29398604.53397998,0.0
2023-10-25,29836054.533979993,29836054.533979993,0.0
2023-10-26,29749929.03397999,29749929.03397999,0.0
2023-10-27,29290634.03397999,29290634.03397999,0.0
2023-10-30,29623799.033979986,29623799.033979986,0.0
2023-10-31,29889909.033979982,29889909.033979982,0.0
2023-11-01,29852219.03397999,29852219.03397999,0.0
2023-11-02,30207314.033979997,30207314.033979997,0.0
2023-11-03,30026614.033979982,30026614.033979982,0.0
2023-11-06,29995201.456779983,29995201.456779983,0.0
2023-11-07,30359951.45677999,30359951.45677999,0.0
2023-11-08,30435716.456779994,30435716.456779994,0.0
2023-11-09,30712706.456779983,30712706.456779983,0.0
2023-11-10,30480066.456779994,30480066.456779994,0.0
2023-11-13,29574747.38557998,29574747.38557998,0.0
2023-11-14,29001672.38557999,29001672.38557999,0.0
2023-11-15,29558592.38557998,29558592.38557998,0.0
2023-11-16,29643232.385579992,29643232.385579992,0.0
2023-11-17,29766947.385579977,29766947.385579977,0.0
2023-11-20,29626166.40502999,29626166.40502999,0.0
2023-11-21,30303742.905029986,30303742.905029986,0.0
2023-11-22,29611965.405029986,29611965.405029986,0.0
2023-11-23,28976725.405029975,28976725.405029975,0.0
2023-11-24,28954265.405029975,28954265.405029975,0.0
2023-11-27,29503164.543029983,29503164.543029983,0.0
2023-11-28,29643394.543029986,29643394.543029986,0.0
2023-11-29,29399554.543029986,29399554.543029986,0.0
2023-11-30,29253184.543029983,29253184.543029983,0.0
2023-12-01,29876524.543029983,29876524.543029983,0.0
2023-12-04,30135015.54302998,30135015.54302998,0.0
2023-12-05,29964675.543029983,29964675.543029983,0.0
2023-12-06,29875225.543029983,29875225.543029983,0.0
2023-12-07,30704275.543029986,30704275.543029986,0.0
2023-12-08,30686591.900829986,30686591.900829986,0.0
2023-12-11,30402575.650829975,30402575.650829975,0.0
2023-12-12,30462653.650829982,30462653.650829982,0.0
2023-12-13,30331838.650829967,30331838.650829967,0.0
2023-12-14,30274733.650829986,30274733.650829986,0.0
2023-12-15,30594438.650829975,30594438.650829975,0.0
2023-12-18,30387792.285229977,30387792.285229977,0.0
2023-12-19,30804442.285229973,30804442.285229973,0.0
2023-12-20,31047302.285229985,31047302.285229985,0.0
2023-12-21,31127601.285229977,31127601.285229977,0.0
2023-12-22,32121896.28522998,32121896.28522998,0.0
2023-12-25,32451787.28522998,32451787.28522998,0.0
2023-12-26,32556902.28522998,32556902.28522998,0.0
2023-12-27,32943217.28522998,32943217.28522998,0.0
2023-12-28,33645302.28522998,33645302.28522998,0.0
2023-12-29,33804122.285229966,33804122.285229966,0.0
2024-01-02,33112413.666029975,33112413.666029975,0.0
2024-01-03,32727833.666029975,32727833.666029975,0.0
2024-01-04,32320083.66602997,32320083.66602997,0.0
2024-01-05,32553733.666029975,32553733.666029975,0.0
2024-01-08,32563777.666029982,32563777.666029982,0.0
2024-01-09,32706717.666029982,32706717.666029982,0.0
2024-01-10,32853757.66602998,32853757.66602998,0.0
2024-01-11,32594867.666029975,32594867.666029975,0.0
2024-01-12,32154812.666029967,32154812.666029967,0.0
2024-01-15,31921253.16602997,31921253.16602997,0.0
2024-01-16,31597093.16602997,31597093.16602997,0.0
2024-01-17,32104045.16602998,32104045.16602998,0.0
2024-01-18,31979625.16602997,31979625.16602997,0.0
2024-01-19,31804905.166029975,31804905.166029975,0.0
2024-01-22,32326742.170379978,32326742.170379978,0.0
2024-01-23,32138862.17037998,32138862.17037998,0.0
2024-01-24,32524272.17037998,32524272.17037998,0.0
2024-01-25,32406892.17037997,32406892.17037997,0.0
2024-01-26,32611242.170379966,32611242.170379966,0.0
2024-01-29,32903154.811179966,32903154.811179966,0.0
2024-01-30,33367799.811179973,33367799.811179973,0.0
2024-01-31,33806604.81117997,33806604.81117997,0.0
2024-02-01,33778304.81117997,33778304.81117997,0.0
2024-02-02,34065454.81117998,34065454.81117998,0.0
2024-02-05,34262597.53207999,34262597.53207999,0.0
2024-02-06,34071672.53207998,34071672.53207998,0.0
2024-02-07,34664427.53207999,34664427.53207999,0.0
2024-02-08,34388307.53207999,34388307.53207999,0.0
2024-02-19,33920125.85447999,33920125.85447999,0.0
2024-02-20,33440580.85447999,33440580.85447999,0.0
2024-02-21,33761371.85447999,33761371.85447999,0.0
2024-02-22,33497561.85447999,33497561.85447999,0.0
2024-02-23,33254641.85448,33254641.85448,0.0
2024-02-26,33211145.485079985,33211145.485079985,0.0
2024-02-27,33169695.485079996,33169695.485079996,0.0
2024-02-28,32912546.485079996,32912546.485079996,0.0
2024-02-29,33126866.683379985,33126866.683379985,0.0
2024-03-01,32907806.683379997,32907806.683379997,0.0
2024-03-04,33374738.53337999,33374738.53337999,0.0
2024-03-05,33761833.533379994,33761833.533379994,0.0
2024-03-06,34082113.53337999,34082113.53337999,0.0
2024-03-07,34007623.53337999,34007623.53337999,0.0
2024-03-08,34104193.53337999,34104193.53337999,0.0
2024-03-11,34244631.54102999,34244631.54102999,0.0
2024-03-12,34240361.54102999,34240361.54102999,0.0
2024-03-13,34349816.54102998,34349816.54102998,0.0
2024-03-14,35078521.54102998,35078521.54102998,0.0
2024-03-15,35857761.541029975,35857761.541029975,0.0
2024-03-18,36170722.605329975,36170722.605329975,0.0
2024-03-19,35507457.60532999,35507457.60532999,0.0
2024-03-20,34994810.10532998,34994810.10532998,0.0
2024-03-21,35390790.10532998,35390790.10532998,0.0
2024-03-22,35047640.10532998,35047640.10532998,0.0
2024-03-25,34934250.10532998,34934250.10532998,0.0
2024-03-26,35691160.10532999,35691160.10532999,0.0
2024-03-27,35886190.10532998,35886190.10532998,0.0
2024-03-28,36367550.105329975,36367550.105329975,0.0
2024-03-29,37421500.10532998,37421500.10532998,0.0
2024-04-01,37829562.284479976,37829562.284479976,0.0
2024-04-02,37524492.284479976,37524492.284479976,0.0
2024-04-03,38131920.28447998,38131920.28447998,0.0
2024-04-08,39021810.97622999,39021810.97622999,0.0
2024-04-09,39097683.97622999,39097683.97622999,0.0
2024-04-10,39054473.97622999,39054473.97622999,0.0
2024-04-11,39229175.97622997,39229175.97622997,0.0
2024-04-12,40082599.009829976,40082599.009829976,0.0
2024-04-15,41353895.759829976,41353895.759829976,0.0
2024-04-16,40049185.75982997,40049185.75982997,0.0
2024-04-17,39506645.759829976,39506645.759829976,0.0
2024-04-18,38851685.75982998,38851685.75982998,0.0
2024-04-19,38849669.44692998,38849669.44692998,0.0
2024-04-22,39041060.72167998,39041060.72167998,0.0
2024-04-23,39015700.72167998,39015700.72167998,0.0
2024-04-24,38349545.72167998,38349545.72167998,0.0
2024-04-25,39081530.72167998,39081530.72167998,0.0
2024-04-26,39210880.72167997,39210880.72167997,0.0
2024-04-29,39458923.44222997,39458923.44222997,0.0
2024-04-30,39458223.44222998,39458223.44222998,0.0
2024-05-06,38838069.58957998,38838069.58957998,0.0
2024-05-07,39776844.589579985,39776844.589579985,0.0
2024-05-08,39293099.58957999,39293099.58957999,0.0
2024-05-09,39669949.58957998,39669949.58957998,0.0
2024-05-10,39560694.58957998,39560694.58957998,0.0
2024-05-13,39257642.83957998,39257642.83957998,0.0
2024-05-14,39868647.83957998,39868647.83957998,0.0
2024-05-15,39690187.83957999,39690187.83957999,0.0
2024-05-16,39588112.839579985,39588112.839579985,0.0
2024-05-17,39379682.839579985,39379682.839579985,0.0
2024-05-20,39661912.826329984,39661912.826329984,0.0
2024-05-21,40204310.826329984,40204310.826329984,0.0
2024-05-22,40082420.82633,40082420.82633,0.0
2024-05-23,39299050.82633,39299050.82633,0.0
2024-05-24,38657770.92737999,38657770.92737999,0.0
2024-05-27,38654792.44408,38654792.44408,0.0
2024-05-28,39412572.444079995,39412572.444079995,0.0
2024-05-29,39634992.44407999,39634992.44407999,0.0
2024-05-30,40330942.44407999,40330942.44407999,0.0
2024-05-31,39788092.44407999,39788092.44407999,0.0
2024-06-03,39047161.32382999,39047161.32382999,0.0
2024-06-04,39699371.323829986,39699371.323829986,0.0
2024-06-05,40455511.32383,40455511.32383,0.0
2024-06-06,40098511.32382999,40098511.32382999,0.0
2024-06-07,40127171.32382999,40127171.32382999,0.0
2024-06-11,38632898.50087999,38632898.50087999,0.0
2024-06-12,37731259.50087997,37731259.50087997,0.0
2024-06-13,37830597.50087999,37830597.50087999,0.0
2024-06-14,38269707.50087998,38269707.50087998,0.0
2024-06-17,37735724.00087997,37735724.00087997,0.0
2024-06-18,37907205.000879996,37907205.000879996,0.0
2024-06-19,38072515.00087998,38072515.00087998,0.0
2024-06-20,38122185.00087999,38122185.00087999,0.0
2024-06-21,37873405.00088,37873405.00088,0.0
2024-06-24,37697487.207079984,37697487.207079984,0.0
2024-06-25,38268402.20708,38268402.20708,0.0
2024-06-26,38198132.207079984,38198132.207079984,0.0
2024-06-27,38452012.20708,38452012.20708,0.0
2024-06-28,38686402.20707999,38686402.20707999,0.0
2024-07-01,37480857.82497998,37480857.82497998,0.0
2024-07-02,37739317.82497998,37739317.82497998,0.0
2024-07-03,38415937.82498,38415937.82498,0.0
2024-07-04,37820077.82498,37820077.82498,0.0
2024-07-05,37564877.82497999,37564877.82497999,0.0
2024-07-08,37251745.82498,37251745.82498,0.0
2024-07-09,37520695.82498,37520695.82498,0.0
2024-07-10,37070055.82497999,37070055.82497999,0.0
2024-07-11,36925205.82498,36925205.82498,0.0
2024-07-12,36403165.82498,36403165.82498,0.0
2024-07-15,35595033.324980006,35595033.324980006,0.0
2024-07-16,35032276.751480006,35032276.751480006,0.0
2024-07-17,35073470.628079996,35073470.628079996,0.0
2024-07-18,34973720.62808,34973720.62808,0.0
2024-07-19,34653220.62808001,34653220.62808001,0.0
2024-07-22,34809451.87808,34809451.87808,0.0
2024-07-23,34971711.87808001,34971711.87808001,0.0
2024-07-24,35420641.87808,35420641.87808,0.0
2024-07-25,35846901.87808,35846901.87808,0.0
2024-07-26,35820231.87808,35820231.87808,0.0
2024-07-29,35765559.07808001,35765559.07808001,0.0
2024-07-30,35412489.078080006,35412489.078080006,0.0
2024-07-31,35809139.078080006,35809139.078080006,0.0
2024-08-01,36236679.07808002,36236679.07808002,0.0
2024-08-02,36292619.07808001,36292619.07808001,0.0
2024-08-05,36142631.12808001,36142631.12808001,0.0
2024-08-06,35966621.12808001,35966621.12808001,0.0
2024-08-07,36719631.12808001,36719631.12808001,0.0
2024-08-08,36438491.12808001,36438491.12808001,0.0
2024-08-09,36327691.12808001,36327691.12808001,0.0
2024-08-12,36281786.578080006,36281786.578080006,0.0
2024-08-13,36959106.57808001,36959106.57808001,0.0
2024-08-14,38067266.578080006,38067266.578080006,0.0
2024-08-15,38528394.07808001,38528394.07808001,0.0
2024-08-16,39131490.32808002,39131490.32808002,0.0
2024-08-19,39732959.32808002,39732959.32808002,0.0
2024-08-20,39654319.32808002,39654319.32808002,0.0
2024-08-21,39167207.32808003,39167207.32808003,0.0
2024-08-22,39802177.32808002,39802177.32808002,0.0
2024-08-23,40799847.32808002,40799847.32808002,0.0
2024-08-26,41024642.99068002,41024642.99068002,0.0
2024-08-27,40175882.990680024,40175882.990680024,0.0
2024-08-28,40654359.977130026,40654359.977130026,0.0
2024-08-29,40084409.97713002,40084409.97713002,0.0
2024-08-30,40168460.939180024,40168460.939180024,0.0
2024-09-02,40841677.92618003,40841677.92618003,0.0
2024-09-03,41401667.92618002,41401667.92618002,0.0
2024-09-04,41539562.94813002,41539562.94813002,0.0
2024-09-05,41569337.94813003,41569337.94813003,0.0
2024-09-06,42587307.94813003,42587307.94813003,0.0
2024-09-09,43484446.648130015,43484446.648130015,0.0
2024-09-10,44340226.648130015,44340226.648130015,0.0
2024-09-11,44806211.64813002,44806211.64813002,0.0
2024-09-12,44910841.64813002,44910841.64813002,0.0
2024-09-13,45671256.64813002,45671256.64813002,0.0
2024-09-18,47766986.40813003,47766986.40813003,0.0
2024-09-19,48047706.40813003,48047706.40813003,0.0
2024-09-20,48726595.90813001,48726595.90813001,0.0
2024-09-23,48648565.54123002,48648565.54123002,0.0
2024-09-24,48256395.541230015,48256395.541230015,0.0
2024-09-25,48967250.54123002,48967250.54123002,0.0
2024-09-26,48764775.54123001,48764775.54123001,0.0
2024-09-27,46884415.54123001,46884415.54123001,0.0
2024-09-30,45018550.536030024,45018550.536030024,0.0
2024-10-08,44854245.33138001,44854245.33138001,0.0
2024-10-09,45496695.33138002,45496695.33138002,0.0
2024-10-10,45808750.33138001,45808750.33138001,0.0
2024-10-11,46613043.73138002,46613043.73138002,0.0
2024-10-14,46639647.731380016,46639647.731380016,0.0
2024-10-15,45874487.73138001,45874487.73138001,0.0
2024-10-16,45734362.731380016,45734362.731380016,0.0
2024-10-17,47060047.73138,47060047.73138,0.0
2024-10-18,47617402.73138001,47617402.73138001,0.0
2024-10-21,47761420.63138001,47761420.63138001,0.0
2024-10-22,47914905.63138002,47914905.63138002,0.0
2024-10-23,48044165.631380014,48044165.631380014,0.0
2024-10-24,47983165.631380014,47983165.631380014,0.0
2024-10-25,47226160.63138002,47226160.63138002,0.0
2024-10-28,46672210.705680005,46672210.705680005,0.0
2024-10-29,46425705.70568002,46425705.70568002,0.0
2024-10-30,46366260.70568003,46366260.70568003,0.0
2024-10-31,46251280.705680005,46251280.705680005,0.0
2024-11-01,47573480.70568003,47573480.70568003,0.0
2024-11-04,48020879.24288001,48020879.24288001,0.0
2024-11-05,48559569.24288,48559569.24288,0.0
2024-11-06,49282299.24288,49282299.24288,0.0
2024-11-07,50522334.24288001,50522334.24288001,0.0
2024-11-08,52771654.24288002,52771654.24288002,0.0
2024-11-11,53311655.08913002,53311655.08913002,0.0
2024-11-12,53140685.08913,53140685.08913,0.0
2024-11-13,50870295.08913,50870295.08913,0.0
2024-11-14,50302805.08913002,50302805.08913002,0.0
2024-11-15,51813965.089130014,51813965.089130014,0.0
2024-11-18,50964376.839130014,50964376.839130014,0.0
2024-11-19,50427502.83913004,50427502.83913004,0.0
2024-11-20,51029362.83913004,51029362.83913004,0.0
2024-11-21,50819707.83913,50819707.83913,0.0
2024-11-22,50210872.83913002,50210872.83913002,0.0
2024-11-25,50511333.08912999,50511333.08912999,0.0
2024-11-26,51007478.08912998,51007478.08912998,0.0
2024-11-27,51084373.089130014,51084373.089130014,0.0
2024-11-28,51524913.08913,51524913.08913,0.0
2024-11-29,51592685.58913001,51592685.58913001,0.0
2024-12-02,53118549.03412999,53118549.03412999,0.0
2024-12-03,53091864.03413,53091864.03413,0.0
2024-12-04,55057279.034130014,55057279.034130014,0.0
2024-12-05,56207529.03412998,56207529.03412998,0.0
2024-12-06,55892779.03413,55892779.03413,0.0
2024-12-09,55537447.70983001,55537447.70983001,0.0
2024-12-10,55673382.70982999,55673382.70982999,0.0
2024-12-11,55155502.709830016,55155502.709830016,0.0
2024-12-12,55331542.70983001,55331542.70983001,0.0
2024-12-13,56472139.209830016,56472139.209830016,0.0
2024-12-16,57450855.65983001,57450855.65983001,0.0
2024-12-17,55686345.65982998,55686345.65982998,0.0
2024-12-18,54617254.05983002,54617254.05983002,0.0
2024-12-19,54248943.55983001,54248943.55983001,0.0
2024-12-20,55588814.559829995,55588814.559829995,0.0
2024-12-23,55134521.30983,55134521.30983,0.0
2024-12-24,54561991.30983002,54561991.30983002,0.0
2024-12-25,54115291.30982998,54115291.30982998,0.0
2024-12-26,53437591.309829995,53437591.309829995,0.0
2024-12-27,54600081.30983001,54600081.30983001,0.0
2024-12-30,53783422.80982999,53783422.80982999,0.0
2024-12-31,54509162.809829995,54509162.809829995,0.0
2025-01-02,55252692.80982999,55252692.80982999,0.0
2025-01-03,55411592.809829995,55411592.809829995,0.0
2025-01-06,54648405.309830025,54648405.309830025,0.0
2025-01-07,54353765.30983,54353765.30983,0.0
2025-01-08,55616945.309830025,55616945.309830025,0.0
2025-01-09,55116535.30983002,55116535.30983002,0.0
2025-01-10,55272945.309829995,55272945.309829995,0.0
2025-01-13,55438724.40183001,55438724.40183001,0.0
2025-01-14,55302324.401829995,55302324.401829995,0.0
2025-01-15,54919990.401830025,54919990.401830025,0.0
2025-01-16,55000750.401830025,55000750.401830025,0.0
2025-01-17,53762860.40183001,53762860.40183001,0.0
2025-01-20,53912771.64333002,53912771.64333002,0.0
2025-01-21,53916891.64333001,53916891.64333001,0.0
2025-01-22,54135551.643330015,54135551.643330015,0.0
2025-01-23,52985201.64333002,52985201.64333002,0.0
2025-01-24,52864301.643330015,52864301.643330015,0.0
2025-01-27,52935674.50033,52935674.50033,0.0
2025-02-05,54493131.00033002,54493131.00033002,0.0
2025-02-06,54857901.000330016,54857901.000330016,0.0
2025-02-07,55298621.000330016,55298621.000330016,0.0
2025-02-10,55617863.00033,55617863.00033,0.0
2025-02-11,56855603.000330016,56855603.000330016,0.0
2025-02-12,57117643.00033002,57117643.00033002,0.0
2025-02-13,56544053.00033001,56544053.00033001,0.0
2025-02-14,56290403.00033,56290403.00033,0.0
2025-02-17,56226327.05433001,56226327.05433001,0.0
2025-02-18,54565206.55433,54565206.55433,0.0
2025-02-19,54618306.55433002,54618306.55433002,0.0
2025-02-20,54655122.05433001,54655122.05433001,0.0
2025-02-21,54456207.054330006,54456207.054330006,0.0
2025-02-24,53424647.05433001,53424647.05433001,0.0
2025-02-25,53816743.852630004,53816743.852630004,0.0
2025-02-26,54175023.85263001,54175023.85263001,0.0
2025-02-27,53605973.85263003,53605973.85263003,0.0
2025-02-28,54528023.85263001,54528023.85263001,0.0
2025-03-03,55095218.852630004,55095218.852630004,0.0
2025-03-04,55350458.85263002,55350458.85263002,0.0
2025-03-05,55214338.85263002,55214338.85263002,0.0
2025-03-06,55787528.85263002,55787528.85263002,0.0
2025-03-07,55552978.852630004,55552978.852630004,0.0
2025-03-10,55976704.35263002,55976704.35263002,0.0
2025-03-11,54950664.35263002,54950664.35263002,0.0
2025-03-12,56136364.35263003,56136364.35263003,0.0
2025-03-13,55914534.35263001,55914534.35263001,0.0
2025-03-14,55489114.85263003,55489114.85263003,0.0
2025-03-17,54353964.852630004,54353964.852630004,0.0
2025-03-18,54781223.93983001,54781223.93983001,0.0
2025-03-19,54523353.93983001,54523353.93983001,0.0
2025-03-20,55724283.93983002,55724283.93983002,0.0
2025-03-21,55513783.93983001,55513783.93983001,0.0
2025-03-24,54670587.43983,54670587.43983,0.0
2025-03-25,54179082.43983,54179082.43983,0.0
2025-03-26,54232194.40888001,54232194.40888001,0.0
2025-03-27,54906504.40888,54906504.40888,0.0
2025-03-28,54657574.40888,54657574.40888,0.0
2025-03-31,54818679.25887999,54818679.25887999,0.0
2025-04-01,54236644.258880004,54236644.258880004,0.0
2025-04-02,54416514.25887999,54416514.25887999,0.0
2025-04-03,55609034.258880004,55609034.258880004,0.0
2025-04-07,54015233.60888,54015233.60888,0.0
2025-04-08,54205783.60887999,54205783.60887999,0.0
2025-04-09,55564296.042080015,55564296.042080015,0.0
2025-04-10,55171631.04208001,55171631.04208001,0.0
2025-04-11,55556131.04208,55556131.04208,0.0
2025-04-14,55404796.23893,55404796.23893,0.0
2025-04-15,55473240.738929994,55473240.738929994,0.0
2025-04-16,56127105.388930015,56127105.388930015,0.0
2025-04-17,55643564.13893,55643564.13893,0.0
2025-04-18,56176464.13893001,56176464.13893001,0.0
2025-04-21,55333611.63893002,55333611.63893002,0.0
2025-04-22,55890391.638930015,55890391.638930015,0.0
2025-04-23,54939881.63893002,54939881.63893002,0.0
2025-04-24,54417781.63893,54417781.63893,0.0
2025-04-25,54948041.63893002,54948041.63893002,0.0
2025-04-28,54565268.03188,54565268.03188,0.0
2025-04-29,55513773.03188,55513773.03188,0.0
2025-04-30,55990228.031880006,55990228.031880006,0.0
2025-05-06,56493983.140880026,56493983.140880026,0.0
2025-05-07,55999418.14088001,55999418.14088001,0.0
2025-05-08,57020583.140879996,57020583.140879996,0.0
2025-05-09,56975928.14088,56975928.14088,0.0
2025-05-12,55397673.40388002,55397673.40388002,0.0
2025-05-13,54151163.403880015,54151163.403880015,0.0
2025-05-14,53244798.403880015,53244798.403880015,0.0
2025-05-15,52744238.403880015,52744238.403880015,0.0
2025-05-16,53238625.40388,53238625.40388,0.0
2025-05-19,53763660.76308001,53763660.76308001,0.0
2025-05-20,54044195.763080016,54044195.763080016,0.0
2025-05-21,53526627.763080016,53526627.763080016,0.0
2025-05-22,53575832.76308001,53575832.76308001,0.0
2025-05-23,53992592.76308001,53992592.76308001,0.0
2025-05-26,54204499.563080005,54204499.563080005,0.0
2025-05-27,54400554.563080005,54400554.563080005,0.0
2025-05-28,54756304.56307999,54756304.56307999,0.0
2025-05-29,54849654.56308,54849654.56308,0.0
2025-05-30,55392449.563080005,55392449.563080005,0.0
2025-06-03,56844069.16308,56844069.16308,0.0
2025-06-04,56196739.16308001,56196739.16308001,0.0
2025-06-05,55995669.16308,55995669.16308,0.0
2025-06-06,55534989.16308001,55534989.16308001,0.0
2025-06-09,55557626.11308,55557626.11308,0.0
2025-06-10,55421581.11308,55421581.11308,0.0
2025-06-11,54636271.11308001,54636271.11308001,0.0
2025-06-12,54516521.113079995,54516521.113079995,0.0
2025-06-13,54873596.113079995,54873596.113079995,0.0
2025-06-16,54932833.313080005,54932833.313080005,0.0
2025-06-17,55286448.313080005,55286448.313080005,0.0
2025-06-18,54655888.313080005,54655888.313080005,0.0
2025-06-19,54605458.31307998,54605458.31307998,0.0
2025-06-20,54550518.313080005,54550518.313080005,0.0
2025-06-23,54589356.52057999,54589356.52057999,0.0
2025-06-24,54007112.020579986,54007112.020579986,0.0
2025-06-25,53356287.02057998,53356287.02057998,0.0
2025-06-26,52923722.02058,52923722.02058,0.0
2025-06-27,52212872.02057998,52212872.02057998,0.0
2025-06-30,51450568.12058001,51450568.12058001,0.0
2025-07-01,52231988.12057998,52231988.12057998,0.0
2025-07-02,51504548.120579995,51504548.120579995,0.0
2025-07-03,50917738.12057998,50917738.12057998,0.0
2025-07-04,51187868.120579995,51187868.120579995,0.0
2025-07-07,52007408.12058,52007408.12058,0.0
2025-07-08,52224048.12058,52224048.12058,0.0
2025-07-09,52249438.12057998,52249438.12057998,0.0
2025-07-10,50554098.12058,50554098.12058,0.0
2025-07-11,49718928.12057999,49718928.12057999,0.0
2025-07-14,49386614.07557998,49386614.07557998,0.0
2025-07-15,49894819.07558001,49894819.07558001,0.0
2025-07-16,50346809.07557999,50346809.07557999,0.0
2025-07-17,50240254.07557999,50240254.07557999,0.0
2025-07-18,49680367.07558,49680367.07558,0.0
2025-07-21,48717966.654180005,48717966.654180005,0.0
2025-07-22,47129781.654180005,47129781.654180005,0.0
2025-07-23,46612772.65418,46612772.65418,0.0
2025-07-24,45144688.654180005,45144688.654180005,0.0
2025-07-25,43404883.154179975,43404883.154179975,0.0
2025-07-28,44230956.15268,44230956.15268,0.0
2025-07-29,44402596.152679995,44402596.152679995,0.0
2025-07-30,43985536.15268001,43985536.15268001,0.0
2025-07-31,45898836.15267998,45898836.15267998,0.0
2025-08-01,46405856.15268,46405856.15268,0.0
2025-08-04,46743569.084029995,46743569.084029995,0.0
2025-08-05,47604939.08402999,47604939.08402999,0.0
2025-08-06,47851259.08402999,47851259.08402999,0.0
2025-08-07,48211509.08402999,48211509.08402999,0.0
2025-08-08,48428759.08402999,48428759.08402999,0.0
2025-08-11,48023982.584029995,48023982.584029995,0.0
2025-08-12,48068627.58402998,48068627.58402998,0.0
2025-08-13,48521102.58402997,48521102.58402997,0.0
2025-08-14,48195331.58402999,48195331.58402999,0.0
2025-08-15,48331081.584029995,48331081.584029995,0.0
2025-08-18,47710167.12217998,47710167.12217998,0.0
2025-08-19,48167767.12217998,48167767.12217998,0.0
2025-08-20,48009400.12217999,48009400.12217999,0.0
2025-08-21,48547130.122179985,48547130.122179985,0.0
2025-08-22,48767290.122179985,48767290.122179985,0.0
2025-08-25,48710258.832179956,48710258.832179956,0.0
2025-08-26,49000548.83217997,49000548.83217997,0.0
2025-08-27,49524328.832179956,49524328.832179956,0.0
2025-08-28,48645488.832179986,48645488.832179986,0.0
2025-08-29,48648368.832179956,48648368.832179956,0.0
2025-09-01,49292794.78117997,49292794.78117997,0.0
2025-09-02,49926521.607629985,49926521.607629985,0.0
2025-09-03,50202966.60762998,50202966.60762998,0.0
2025-09-04,49715311.60762996,49715311.60762996,0.0
2025-09-05,49008876.60762997,49008876.60762997,0.0
2025-09-08,48814870.392129965,48814870.392129965,0.0
2025-09-09,48921920.39212996,48921920.39212996,0.0
2025-09-10,48937270.39212996,48937270.39212996,0.0
2025-09-11,49148490.39212996,49148490.39212996,0.0
2025-09-12,49579465.64212997,49579465.64212997,0.0
2025-09-15,49424827.54642997,49424827.54642997,0.0
2025-09-16,49103741.47162997,49103741.47162997,0.0
2025-09-17,49810311.00207997,49810311.00207997,0.0
2025-09-18,49184391.002079956,49184391.002079956,0.0
2025-09-19,48401441.50207995,48401441.50207995,0.0
2025-09-22,48051571.50207995,48051571.50207995,0.0
2025-09-23,47328628.502079956,47328628.502079956,0.0
2025-09-24,47331237.60427997,47331237.60427997,0.0
2025-09-25,47665697.60427997,47665697.60427997,0.0
2025-09-26,48440117.604279965,48440117.604279965,0.0
2025-09-29,49163498.21802995,49163498.21802995,0.0
2025-09-30,49857998.21802997,49857998.21802997,0.0
2025-10-09,51963977.86757996,51963977.86757996,0.0
2025-10-10,51912172.86757995,51912172.86757995,0.0
2025-10-13,51111328.531879954,51111328.531879954,0.0
2025-10-14,51566298.531879954,51566298.531879954,0.0
2025-10-15,51115273.53187995,51115273.53187995,0.0
2025-10-16,51585218.531879954,51585218.531879954,0.0
2025-10-17,51705628.53187996,51705628.53187996,0.0
2025-10-20,50802728.533379965,50802728.533379965,0.0
2025-10-21,50508108.533379965,50508108.533379965,0.0
2025-10-22,50315292.53337995,50315292.53337995,0.0
2025-10-23,49725742.53337994,49725742.53337994,0.0
2025-10-24,49746885.53337996,49746885.53337996,0.0
2025-10-27,49592015.08797995,49592015.08797995,0.0
2025-10-28,49924588.08797995,49924588.08797995,0.0
2025-10-29,50337588.08797995,50337588.08797995,0.0
2025-10-30,50543628.08797996,50543628.08797996,0.0
2025-10-31,50943128.08797996,50943128.08797996,0.0
2025-11-03,51993897.98467995,51993897.98467995,0.0
2025-11-04,52318087.98467996,52318087.98467996,0.0
2025-11-05,52530597.984679945,52530597.984679945,0.0
2025-11-06,52658557.98467995,52658557.98467995,0.0
2025-11-07,52714027.98467994,52714027.98467994,0.0
2025-11-10,53165415.07147995,53165415.07147995,0.0
2025-11-11,53804485.071479954,53804485.071479954,0.0
2025-11-12,54294280.07147994,54294280.07147994,0.0
2025-11-13,55151975.07147996,55151975.07147996,0.0
2025-11-14,55385220.07147995,55385220.07147995,0.0
2025-11-17,54530885.21777995,54530885.21777995,0.0
2025-11-18,53826230.21777995,53826230.21777995,0.0
2025-11-19,53928885.21777994,53928885.21777994,0.0
2025-11-20,55278680.21777992,55278680.21777992,0.0
2025-11-21,55028690.21777993,55028690.21777993,0.0
2025-11-24,53305648.71777993,53305648.71777993,0.0
2025-11-25,52218962.71777988,52218962.71777988,0.0
2025-11-26,51451587.71777989,51451587.71777989,0.0
2025-11-27,50650952.7177799,50650952.7177799,0.0
2025-11-28,50302582.71777991,50302582.71777991,0.0
2025-12-01,50601267.71777991,50601267.71777991,0.0
2025-12-02,50460317.71777988,50460317.71777988,0.0
2025-12-03,51091287.717779905,51091287.717779905,0.0
2025-12-04,50904177.03907988,50904177.03907988,0.0
2025-12-05,51921447.039079905,51921447.039079905,0.0
2025-12-08,52050529.53907991,52050529.53907991,0.0
2025-12-09,52494347.039079905,52494347.039079905,0.0
2025-12-10,52173412.039079905,52173412.039079905,0.0
2025-12-11,53420127.0390799,53420127.0390799,0.0
2025-12-12,54160416.03907991,54160416.03907991,0.0
2025-12-15,52479482.53907992,52479482.53907992,0.0
2025-12-16,51613527.53907993,51613527.53907993,0.0
2025-12-17,52319727.5390799,52319727.5390799,0.0
2025-12-18,51317707.53907993,51317707.53907993,0.0
2025-12-19,52184626.539079905,52184626.539079905,0.0
2025-12-22,52655604.7870799,52655604.7870799,0.0
2025-12-23,53117514.7870799,53117514.7870799,0.0
2025-12-24,53011414.787079915,53011414.787079915,0.0
2025-12-25,52418224.787079886,52418224.787079886,0.0
2025-12-26,53758824.78707991,53758824.78707991,0.0
2025-12-29,53880229.77612992,53880229.77612992,0.0
2025-12-30,53071104.77612993,53071104.77612993,0.0
2025-12-31,53949379.776129924,53949379.776129924,0.0
2026-01-05,56511918.27612994,56511918.27612994,0.0
2026-01-06,59005789.77612994,59005789.77612994,0.0
2026-01-07,58380834.77612993,58380834.77612993,0.0
2026-01-08,55959614.77612993,55959614.77612993,0.0
2026-01-09,56849874.77612992,56849874.77612992,0.0
2026-01-12,58141234.08322991,58141234.08322991,0.0
2026-01-13,58349547.58322993,58349547.58322993,0.0
2026-01-14,59156877.58322992,59156877.58322992,0.0
2026-01-15,58050087.58322994,58050087.58322994,0.0
2026-01-16,56750677.58322994,56750677.58322994,0.0
2026-01-19,56963769.00842991,56963769.00842991,0.0
2026-01-20,57058999.00842991,57058999.00842991,0.0
2026-01-21,57263979.00842993,57263979.00842993,0.0
2026-01-22,57394049.00842994,57394049.00842994,0.0
2026-01-23,57289579.008429915,57289579.008429915,0.0
2026-01-26,57019659.5860299,57019659.5860299,0.0
2026-01-27,57353889.58602993,57353889.58602993,0.0
2026-01-28,58899179.58602993,58899179.58602993,0.0
2026-01-29,59303024.586029924,59303024.586029924,0.0
2026-01-30,58843729.58602993,58843729.58602993,0.0
2026-02-02,57816505.32137992,57816505.32137992,0.0
2026-02-03,57298145.32137994,57298145.32137994,0.0
2026-02-04,57760945.32137991,57760945.32137991,0.0
2026-02-05,57683120.32137992,57683120.32137992,0.0
2026-02-06,57489450.321379915,57489450.321379915,0.0
2026-02-09,57816976.32137992,57816976.32137992,0.0
2026-02-10,57882416.32137992,57882416.32137992,0.0
2026-02-11,57852976.32137991,57852976.32137991,0.0
2026-02-12,57968326.32137994,57968326.32137994,0.0
2026-02-13,58073921.82137994,58073921.82137994,0.0
2026-02-24,58449900.010079935,58449900.010079935,0.0
2026-02-25,57943826.51007994,57943826.51007994,0.0
2026-02-26,58414470.51007993,58414470.51007993,0.0
2026-02-27,58307755.51007992,58307755.51007992,0.0
2026-03-02,57997175.38332992,57997175.38332992,0.0
2026-03-03,59314075.38332993,59314075.38332993,0.0
2026-03-04,59642860.38332991,59642860.38332991,0.0
2026-03-05,60636575.38332991,60636575.38332991,0.0
2026-03-06,59480086.88332991,59480086.88332991,0.0
2026-03-09,59278986.721329935,59278986.721329935,0.0
2026-03-10,59612276.72132991,59612276.72132991,0.0
2026-03-11,59018376.72132993,59018376.72132993,0.0
2026-03-12,58477286.72132991,58477286.72132991,0.0
2026-03-13,57764356.72132992,57764356.72132992,0.0
2026-03-16,57275680.63602994,57275680.63602994,0.0
2026-03-17,58205870.636029944,58205870.636029944,0.0
2026-03-18,58711410.63602991,58711410.63602991,0.0
2026-03-19,59987600.6360299,59987600.6360299,0.0
2026-03-20,58618410.6360299,58618410.6360299,0.0
2026-03-23,56709467.791929916,56709467.791929916,0.0
2026-03-24,56152287.791929916,56152287.791929916,0.0
2026-03-25,56539407.7919299,56539407.7919299,0.0
2026-03-26,57109087.791929916,57109087.791929916,0.0
2026-03-27,57557117.79192989,57557117.79192989,0.0
2026-03-30,58239531.29192993,58239531.29192993,0.0
2026-03-31,58817411.29192989,58817411.29192989,0.0
2026-04-01,58793681.29192992,58793681.29192992,0.0
2026-04-02,59399621.29192992,59399621.29192992,0.0
2026-04-03,59997421.291929886,59997421.291929886,0.0
2026-04-07,60845743.291929916,60845743.291929916,0.0
2026-04-08,60961668.291929916,60961668.291929916,0.0
2026-04-09,60451946.673679896,60451946.673679896,0.0
2026-04-10,61068606.673679896,61068606.673679896,0.0
2026-04-13,61822389.03087991,61822389.03087991,0.0
2026-04-14,62565301.53087989,62565301.53087989,0.0
2026-04-15,62275606.530879885,62275606.530879885,0.0
2026-04-16,62258306.53087993,62258306.53087993,0.0
2026-04-17,62425800.530879885,62425800.530879885,0.0
2026-04-20,60611793.26507991,60611793.26507991,0.0
2026-04-21,60171110.26507989,60171110.26507989,0.0
2026-04-22,60645144.26507992,60645144.26507992,0.0
2026-04-23,59950504.265079916,59950504.265079916,0.0
2026-04-24,59801979.76507991,59801979.76507991,0.0
2026-04-27,60122183.70457995,60122183.70457995,0.0
2026-04-28,60747058.704579934,60747058.704579934,0.0
2026-04-29,60576938.70457994,60576938.70457994,0.0
2026-04-30,59824233.70457996,59824233.70457996,0.0
2026-05-06,59453216.70457995,59453216.70457995,0.0
2026-05-07,57857916.704579934,57857916.704579934,0.0
2026-05-08,57124621.70457995,57124621.70457995,0.0
2026-05-11,58178134.56527994,58178134.56527994,0.0
2026-05-12,58380519.56527995,58380519.56527995,0.0
2026-05-13,58220194.56527996,58220194.56527996,0.0
2026-05-14,58637939.56527995,58637939.56527995,0.0
2026-05-15,57640094.565279946,57640094.565279946,0.0
2026-05-18,57266401.68187993,57266401.68187993,0.0
2026-05-19,58724046.68187993,58724046.68187993,0.0
2026-05-20,59200441.681879945,59200441.681879945,0.0
2026-05-21,58481591.681879945,58481591.681879945,0.0
2026-05-22,58132096.68187997,58132096.68187997,0.0
2026-05-25,56470287.414579965,56470287.414579965,0.0
2026-05-26,58091231.41457995,58091231.41457995,0.0
2026-05-27,59078011.41457995,59078011.41457995,0.0
2026-05-28,57880796.41457995,57880796.41457995,0.0
2026-05-29,57492076.41457994,57492076.41457994,0.0
2026-06-01,57211265.468479946,57211265.468479946,0.0
2026-06-02,58581255.468479946,58581255.468479946,0.0
2026-06-03,58755755.46847994,58755755.46847994,0.0
2026-06-04,58615097.46847996,58615097.46847996,0.0
2026-06-05,58366347.46847994,58366347.46847994,0.0
2026-06-08,57663417.36347995,57663417.36347995,0.0
2026-06-09,57360857.36347994,57360857.36347994,0.0
2026-06-10,55928357.36347995,55928357.36347995,0.0
2026-06-11,56251421.36347995,56251421.36347995,0.0
2026-06-12,56301271.36347996,56301271.36347996,0.0
2026-06-15,56024491.58752994,56024491.58752994,0.0
2026-06-16,55488711.58752996,55488711.58752996,0.0
2026-06-17,56113751.58752995,56113751.58752995,0.0
2026-06-18,55955171.58752995,55955171.58752995,0.0
2026-06-22,56362350.372729935,56362350.372729935,0.0
2026-06-23,55777440.37272994,55777440.37272994,0.0
2026-06-24,55108790.37272995,55108790.37272995,0.0
2026-06-25,53231530.37272995,53231530.37272995,0.0
2026-06-26,52453510.372729965,52453510.372729965,0.0
2026-06-29,52783331.00552994,52783331.00552994,0.0
2026-06-30,51760941.005529955,51760941.005529955,0.0
2026-07-01,51540852.55497996,51540852.55497996,0.0
2026-07-02,51563078.404179946,51563078.404179946,0.0
2026-07-03,52064498.40417995,52064498.40417995,0.0
2026-07-06,52473768.56727996,52473768.56727996,0.0
2026-07-07,53207683.56727995,53207683.56727995,0.0
2026-07-08,53343948.56727996,53343948.56727996,0.0
2026-07-09,52801733.56727996,52801733.56727996,0.0
2026-07-10,52019148.56727995,52019148.56727995,0.0
2026-07-13,52559515.32683995,52559515.32683995,0.0
2026-07-14,53033725.326839946,53033725.326839946,0.0
2026-07-15,52405155.326839946,52405155.326839946,0.0
2026-07-16,52257805.32683996,52257805.32683996,0.0
2026-07-17,52076435.32683994,52076435.32683994,0.0
2026-07-20,53200373.326839946,53200373.326839946,0.0
2026-07-21,53407328.326839946,53407328.326839946,0.0
2026-07-22,54094938.326839946,54094938.326839946,0.0
2026-07-23,54117418.32683996,54117418.32683996,0.0
2026-07-24,54665818.32683996,54665818.32683996,0.0
2026-07-27,53903836.82683994,53903836.82683994,0.0
2026-07-28,54453016.826839946,54453016.826839946,0.0
2026-07-29,54989096.826839946,54989096.826839946,0.0
2026-07-30,56668066.82683995,56668066.82683995,0.0
2026-07-31,57339506.82683996,57339506.82683996,0.0
2026-08-03,57631091.97683996,57631091.97683996,0.0
2026-08-04,58133291.97683997,58133291.97683997,0.0
2026-08-05,57966436.97683994,57966436.97683994,0.0
2026-08-06,57386171.97683994,57386171.97683994,0.0
2026-08-07,57820477.476839945,57820477.476839945,0.0
2026-08-10,57987522.27683996,57987522.27683996,0.0
2026-08-11,58174797.27683996,58174797.27683996,0.0
2026-08-12,58695282.276839964,58695282.276839964,0.0
2026-08-13,58621422.27683995,58621422.27683995,0.0
2026-08-14,57227276.77683997,57227276.77683997,0.0
2026-08-17,57529271.32683997,57529271.32683997,0.0
2026-08-18,57655556.32683997,57655556.32683997,0.0
2026-08-19,57246371.32683995,57246371.32683995,0.0
2026-08-20,57252725.82683996,57252725.82683996,0.0
2026-08-21,57215955.82683995,57215955.82683995,0.0
2026-08-24,57269762.32683995,57269762.32683995,0.0
2026-08-25,57338483.82683997,57338483.82683997,0.0
2026-08-26,57335403.82683995,57335403.82683995,0.0
2026-08-27,57093033.826839976,57093033.826839976,0.0
2026-08-28,56770693.826839976,56770693.826839976,0.0
2026-08-31,55639975.350639954,55639975.350639954,0.0
